<gpx xmlns:ns3="http://www.garmin.com/xmlschemas/TrackPointExtension/v1" xmlns="http://www.topografix.com/GPX/1/1" xmlns:xsi="http://www.w3.org/2001/XMLSchema-instance" xmlns:ns2="http://www.garmin.com/xmlschemas/GpxExtensions/v3" creator="Garmin Connect" version="1.1" xsi:schemaLocation="http://www.topografix.com/GPX/1/1 http://www.topografix.com/GPX/11.xsd">
  <extensions>
<distance>5647.72</distance>
<average_hr>130.0</average_hr>
<average_speed>2.2190001010894775</average_speed>
<start_time>2026-07-29T22:57:00+00:00</start_time>
<end_time>2026-07-29T23:39:25.211000+00:00</end_time>
<moving_time>2532.764</moving_time>
<elapsed_time>2545.211</elapsed_time>
</extensions>
<metadata>
    <link href="connect.garmin.com">
      <text>Garmin Connect</text>
    </link>
    <time>2026-07-29T22:57:00.000Z</time>
  </metadata>
  <trk>
    <name>Guangzhou Running</name>
    <type>running</type>
    <trkseg>
      <trkpt lat="23.050297759473323822021484375" lon="113.3053421415388584136962890625">
        <ele>6</ele>
        <time>2026-07-29T23:05:55.000Z</time>
        <extensions>
          <ns3:TrackPointExtension>
            <ns3:hr>127</ns3:hr>
            <ns3:cad>82</ns3:cad>
          </ns3:TrackPointExtension>
        </extensions>
      </trkpt>
      <trkpt lat="23.05032282136380672454833984375" lon="113.30535965971648693084716796875">
        <ele>6</ele>
        <time>2026-07-29T23:05:56.000Z</time>
        <extensions>
          <ns3:TrackPointExtension>
            <ns3:hr>127</ns3:hr>
            <ns3:cad>81</ns3:cad>
          </ns3:TrackPointExtension>
        </extensions>
      </trkpt>
      <trkpt lat="23.05031485855579376220703125" lon="113.3053817041218280792236328125">
        <ele>6</ele>
        <time>2026-07-29T23:05:57.000Z</time>
        <extensions>
          <ns3:TrackPointExtension>
            <ns3:hr>127</ns3:hr>
            <ns3:cad>81</ns3:cad>
          </ns3:TrackPointExtension>
        </extensions>
      </trkpt>
      <trkpt lat="23.0503086559474468231201171875" lon="113.3053947798907756805419921875">
        <ele>6</ele>
        <time>2026-07-29T23:05:58.000Z</time>
        <extensions>
          <ns3:TrackPointExtension>
            <ns3:hr>127</ns3:hr>
            <ns3:cad>82</ns3:cad>
          </ns3:TrackPointExtension>
        </extensions>
      </trkpt>
      <trkpt lat="23.05030806921422481536865234375" lon="113.3054246194660663604736328125">
        <ele>6</ele>
        <time>2026-07-29T23:05:59.000Z</time>
        <extensions>
          <ns3:TrackPointExtension>
            <ns3:hr>127</ns3:hr>
            <ns3:cad>82</ns3:cad>
          </ns3:TrackPointExtension>
        </extensions>
      </trkpt>
      <trkpt lat="23.05029784329235553741455078125" lon="113.305447585880756378173828125">
        <ele>5.80000019073486328125</ele>
        <time>2026-07-29T23:06:00.000Z</time>
        <extensions>
          <ns3:TrackPointExtension>
            <ns3:hr>127</ns3:hr>
            <ns3:cad>82</ns3:cad>
          </ns3:TrackPointExtension>
        </extensions>
      </trkpt>
      <trkpt lat="23.05029868148267269134521484375" lon="113.3054692111909389495849609375">
        <ele>5.80000019073486328125</ele>
        <time>2026-07-29T23:06:01.000Z</time>
        <extensions>
          <ns3:TrackPointExtension>
            <ns3:hr>127</ns3:hr>
            <ns3:cad>82</ns3:cad>
          </ns3:TrackPointExtension>
        </extensions>
      </trkpt>
      <trkpt lat="23.05029583163559436798095703125" lon="113.30549217760562896728515625">
        <ele>5.80000019073486328125</ele>
        <time>2026-07-29T23:06:02.000Z</time>
        <extensions>
          <ns3:TrackPointExtension>
            <ns3:hr>127</ns3:hr>
            <ns3:cad>82</ns3:cad>
          </ns3:TrackPointExtension>
        </extensions>
      </trkpt>
      <trkpt lat="23.05029583163559436798095703125" lon="113.3055060915648937225341796875">
        <ele>5.80000019073486328125</ele>
        <time>2026-07-29T23:06:03.000Z</time>
        <extensions>
          <ns3:TrackPointExtension>
            <ns3:hr>128</ns3:hr>
            <ns3:cad>82</ns3:cad>
          </ns3:TrackPointExtension>
        </extensions>
      </trkpt>
      <trkpt lat="23.05029348470270633697509765625" lon="113.30553081817924976348876953125">
        <ele>5.80000019073486328125</ele>
        <time>2026-07-29T23:06:04.000Z</time>
        <extensions>
          <ns3:TrackPointExtension>
            <ns3:hr>128</ns3:hr>
            <ns3:cad>82</ns3:cad>
          </ns3:TrackPointExtension>
        </extensions>
      </trkpt>
      <trkpt lat="23.050291053950786590576171875" lon="113.305547498166561126708984375">
        <ele>5.80000019073486328125</ele>
        <time>2026-07-29T23:06:05.000Z</time>
        <extensions>
          <ns3:TrackPointExtension>
            <ns3:hr>128</ns3:hr>
            <ns3:cad>81</ns3:cad>
          </ns3:TrackPointExtension>
        </extensions>
      </trkpt>
      <trkpt lat="23.05029398761689662933349609375" lon="113.3055607415735721588134765625">
        <ele>6</ele>
        <time>2026-07-29T23:06:06.000Z</time>
        <extensions>
          <ns3:TrackPointExtension>
            <ns3:hr>128</ns3:hr>
            <ns3:cad>81</ns3:cad>
          </ns3:TrackPointExtension>
        </extensions>
      </trkpt>
      <trkpt lat="23.0502861924469470977783203125" lon="113.3055922575294971466064453125">
        <ele>6</ele>
        <time>2026-07-29T23:06:07.000Z</time>
        <extensions>
          <ns3:TrackPointExtension>
            <ns3:hr>127</ns3:hr>
            <ns3:cad>81</ns3:cad>
          </ns3:TrackPointExtension>
        </extensions>
      </trkpt>
      <trkpt lat="23.0502821691334247589111328125" lon="113.3056163974106311798095703125">
        <ele>6</ele>
        <time>2026-07-29T23:06:08.000Z</time>
        <extensions>
          <ns3:TrackPointExtension>
            <ns3:hr>128</ns3:hr>
            <ns3:cad>81</ns3:cad>
          </ns3:TrackPointExtension>
        </extensions>
      </trkpt>
      <trkpt lat="23.05028342641890048980712890625" lon="113.30563341267406940460205078125">
        <ele>6</ele>
        <time>2026-07-29T23:06:09.000Z</time>
        <extensions>
          <ns3:TrackPointExtension>
            <ns3:hr>128</ns3:hr>
            <ns3:cad>82</ns3:cad>
          </ns3:TrackPointExtension>
        </extensions>
      </trkpt>
      <trkpt lat="23.0502779781818389892578125" lon="113.305664174258708953857421875">
        <ele>6</ele>
        <time>2026-07-29T23:06:10.000Z</time>
        <extensions>
          <ns3:TrackPointExtension>
            <ns3:hr>128</ns3:hr>
            <ns3:cad>82</ns3:cad>
          </ns3:TrackPointExtension>
        </extensions>
      </trkpt>
      <trkpt lat="23.05027672089636325836181640625" lon="113.3056790940463542938232421875">
        <ele>6</ele>
        <time>2026-07-29T23:06:11.000Z</time>
        <extensions>
          <ns3:TrackPointExtension>
            <ns3:hr>128</ns3:hr>
            <ns3:cad>82</ns3:cad>
          </ns3:TrackPointExtension>
        </extensions>
      </trkpt>
      <trkpt lat="23.05027521215379238128662109375" lon="113.30570004880428314208984375">
        <ele>6</ele>
        <time>2026-07-29T23:06:12.000Z</time>
        <extensions>
          <ns3:TrackPointExtension>
            <ns3:hr>128</ns3:hr>
            <ns3:cad>82</ns3:cad>
          </ns3:TrackPointExtension>
        </extensions>
      </trkpt>
      <trkpt lat="23.050272278487682342529296875" lon="113.30572511069476604461669921875">
        <ele>6</ele>
        <time>2026-07-29T23:06:13.000Z</time>
        <extensions>
          <ns3:TrackPointExtension>
            <ns3:hr>129</ns3:hr>
            <ns3:cad>82</ns3:cad>
          </ns3:TrackPointExtension>
        </extensions>
      </trkpt>
      <trkpt lat="23.0502814985811710357666015625" lon="113.3057444728910923004150390625">
        <ele>6</ele>
        <time>2026-07-29T23:06:14.000Z</time>
        <extensions>
          <ns3:TrackPointExtension>
            <ns3:hr>129</ns3:hr>
            <ns3:cad>82</ns3:cad>
          </ns3:TrackPointExtension>
        </extensions>
      </trkpt>
      <trkpt lat="23.05027537979185581207275390625" lon="113.30577473156154155731201171875">
        <ele>6</ele>
        <time>2026-07-29T23:06:15.000Z</time>
        <extensions>
          <ns3:TrackPointExtension>
            <ns3:hr>129</ns3:hr>
            <ns3:cad>82</ns3:cad>
          </ns3:TrackPointExtension>
        </extensions>
      </trkpt>
      <trkpt lat="23.05027663707733154296875" lon="113.3057932555675506591796875">
        <ele>6</ele>
        <time>2026-07-29T23:06:16.000Z</time>
        <extensions>
          <ns3:TrackPointExtension>
            <ns3:hr>129</ns3:hr>
            <ns3:cad>82</ns3:cad>
          </ns3:TrackPointExtension>
        </extensions>
      </trkpt>
      <trkpt lat="23.050279654562473297119140625" lon="113.30581010319292545318603515625">
        <ele>6</ele>
        <time>2026-07-29T23:06:17.000Z</time>
        <extensions>
          <ns3:TrackPointExtension>
            <ns3:hr>129</ns3:hr>
            <ns3:cad>82</ns3:cad>
          </ns3:TrackPointExtension>
        </extensions>
      </trkpt>
      <trkpt lat="23.05027194321155548095703125" lon="113.30583860166370868682861328125">
        <ele>6</ele>
        <time>2026-07-29T23:06:18.000Z</time>
        <extensions>
          <ns3:TrackPointExtension>
            <ns3:hr>129</ns3:hr>
            <ns3:cad>82</ns3:cad>
          </ns3:TrackPointExtension>
        </extensions>
      </trkpt>
      <trkpt lat="23.0502637289464473724365234375" lon="113.3058564551174640655517578125">
        <ele>6</ele>
        <time>2026-07-29T23:06:19.000Z</time>
        <extensions>
          <ns3:TrackPointExtension>
            <ns3:hr>129</ns3:hr>
            <ns3:cad>82</ns3:cad>
          </ns3:TrackPointExtension>
        </extensions>
      </trkpt>
      <trkpt lat="23.0502647347748279571533203125" lon="113.30587481148540973663330078125">
        <ele>5.80000019073486328125</ele>
        <time>2026-07-29T23:06:20.000Z</time>
        <extensions>
          <ns3:TrackPointExtension>
            <ns3:hr>131</ns3:hr>
            <ns3:cad>82</ns3:cad>
          </ns3:TrackPointExtension>
        </extensions>
      </trkpt>
      <trkpt lat="23.05025643669068813323974609375" lon="113.30589777790009975433349609375">
        <ele>5.80000019073486328125</ele>
        <time>2026-07-29T23:06:21.000Z</time>
        <extensions>
          <ns3:TrackPointExtension>
            <ns3:hr>132</ns3:hr>
            <ns3:cad>82</ns3:cad>
          </ns3:TrackPointExtension>
        </extensions>
      </trkpt>
      <trkpt lat="23.05025517940521240234375" lon="113.30591261386871337890625">
        <ele>6</ele>
        <time>2026-07-29T23:06:22.000Z</time>
        <extensions>
          <ns3:TrackPointExtension>
            <ns3:hr>133</ns3:hr>
            <ns3:cad>82</ns3:cad>
          </ns3:TrackPointExtension>
        </extensions>
      </trkpt>
      <trkpt lat="23.0502538383007049560546875" lon="113.30593968741595745086669921875">
        <ele>6</ele>
        <time>2026-07-29T23:06:23.000Z</time>
        <extensions>
          <ns3:TrackPointExtension>
            <ns3:hr>133</ns3:hr>
            <ns3:cad>82</ns3:cad>
          </ns3:TrackPointExtension>
        </extensions>
      </trkpt>
      <trkpt lat="23.0502506531774997711181640625" lon="113.30595846287906169891357421875">
        <ele>6</ele>
        <time>2026-07-29T23:06:24.000Z</time>
        <extensions>
          <ns3:TrackPointExtension>
            <ns3:hr>133</ns3:hr>
            <ns3:cad>82</ns3:cad>
          </ns3:TrackPointExtension>
        </extensions>
      </trkpt>
      <trkpt lat="23.05025543086230754852294921875" lon="113.30597405321896076202392578125">
        <ele>6.19999980926513671875</ele>
        <time>2026-07-29T23:06:25.000Z</time>
        <extensions>
          <ns3:TrackPointExtension>
            <ns3:hr>134</ns3:hr>
            <ns3:cad>82</ns3:cad>
          </ns3:TrackPointExtension>
        </extensions>
      </trkpt>
      <trkpt lat="23.05025224573910236358642578125" lon="113.30599836073815822601318359375">
        <ele>6.19999980926513671875</ele>
        <time>2026-07-29T23:06:26.000Z</time>
        <extensions>
          <ns3:TrackPointExtension>
            <ns3:hr>134</ns3:hr>
            <ns3:cad>82</ns3:cad>
          </ns3:TrackPointExtension>
        </extensions>
      </trkpt>
      <trkpt lat="23.050244785845279693603515625" lon="113.30601529218256473541259765625">
        <ele>6.19999980926513671875</ele>
        <time>2026-07-29T23:06:27.000Z</time>
        <extensions>
          <ns3:TrackPointExtension>
            <ns3:hr>134</ns3:hr>
            <ns3:cad>82</ns3:cad>
          </ns3:TrackPointExtension>
        </extensions>
      </trkpt>
      <trkpt lat="23.05024671368300914764404296875" lon="113.30603666603565216064453125">
        <ele>6</ele>
        <time>2026-07-29T23:06:28.000Z</time>
        <extensions>
          <ns3:TrackPointExtension>
            <ns3:hr>134</ns3:hr>
            <ns3:cad>82</ns3:cad>
          </ns3:TrackPointExtension>
        </extensions>
      </trkpt>
      <trkpt lat="23.050241433084011077880859375" lon="113.306059129536151885986328125">
        <ele>6</ele>
        <time>2026-07-29T23:06:29.000Z</time>
        <extensions>
          <ns3:TrackPointExtension>
            <ns3:hr>134</ns3:hr>
            <ns3:cad>82</ns3:cad>
          </ns3:TrackPointExtension>
        </extensions>
      </trkpt>
      <trkpt lat="23.05024118162691593170166015625" lon="113.3060748875141143798828125">
        <ele>6</ele>
        <time>2026-07-29T23:06:30.000Z</time>
        <extensions>
          <ns3:TrackPointExtension>
            <ns3:hr>134</ns3:hr>
            <ns3:cad>82</ns3:cad>
          </ns3:TrackPointExtension>
        </extensions>
      </trkpt>
      <trkpt lat="23.05023933760821819305419921875" lon="113.306097686290740966796875">
        <ele>6</ele>
        <time>2026-07-29T23:06:31.000Z</time>
        <extensions>
          <ns3:TrackPointExtension>
            <ns3:hr>134</ns3:hr>
            <ns3:cad>82</ns3:cad>
          </ns3:TrackPointExtension>
        </extensions>
      </trkpt>
      <trkpt lat="23.05023682303726673126220703125" lon="113.3061162941157817840576171875">
        <ele>6</ele>
        <time>2026-07-29T23:06:32.000Z</time>
        <extensions>
          <ns3:TrackPointExtension>
            <ns3:hr>135</ns3:hr>
            <ns3:cad>82</ns3:cad>
          </ns3:TrackPointExtension>
        </extensions>
      </trkpt>
      <trkpt lat="23.05023648776113986968994140625" lon="113.3061367459595203399658203125">
        <ele>6.19999980926513671875</ele>
        <time>2026-07-29T23:06:33.000Z</time>
        <extensions>
          <ns3:TrackPointExtension>
            <ns3:hr>134</ns3:hr>
            <ns3:cad>82</ns3:cad>
          </ns3:TrackPointExtension>
        </extensions>
      </trkpt>
      <trkpt lat="23.05023380555212497711181640625" lon="113.3061607182025909423828125">
        <ele>6.400000095367431640625</ele>
        <time>2026-07-29T23:06:34.000Z</time>
        <extensions>
          <ns3:TrackPointExtension>
            <ns3:hr>134</ns3:hr>
            <ns3:cad>82</ns3:cad>
          </ns3:TrackPointExtension>
        </extensions>
      </trkpt>
      <trkpt lat="23.050236403942108154296875" lon="113.306177146732807159423828125">
        <ele>6.400000095367431640625</ele>
        <time>2026-07-29T23:06:35.000Z</time>
        <extensions>
          <ns3:TrackPointExtension>
            <ns3:hr>134</ns3:hr>
            <ns3:cad>82</ns3:cad>
          </ns3:TrackPointExtension>
        </extensions>
      </trkpt>
      <trkpt lat="23.05023866705596446990966796875" lon="113.30619449727237224578857421875">
        <ele>6.400000095367431640625</ele>
        <time>2026-07-29T23:06:36.000Z</time>
        <extensions>
          <ns3:TrackPointExtension>
            <ns3:hr>134</ns3:hr>
            <ns3:cad>82</ns3:cad>
          </ns3:TrackPointExtension>
        </extensions>
      </trkpt>
      <trkpt lat="23.050228692591190338134765625" lon="113.30621930770576000213623046875">
        <ele>6.400000095367431640625</ele>
        <time>2026-07-29T23:06:37.000Z</time>
        <extensions>
          <ns3:TrackPointExtension>
            <ns3:hr>134</ns3:hr>
            <ns3:cad>82</ns3:cad>
          </ns3:TrackPointExtension>
        </extensions>
      </trkpt>
      <trkpt lat="23.05022575892508029937744140625" lon="113.3062346465885639190673828125">
        <ele>6.400000095367431640625</ele>
        <time>2026-07-29T23:06:38.000Z</time>
        <extensions>
          <ns3:TrackPointExtension>
            <ns3:hr>134</ns3:hr>
            <ns3:cad>83</ns3:cad>
          </ns3:TrackPointExtension>
        </extensions>
      </trkpt>
      <trkpt lat="23.05022223852574825286865234375" lon="113.3062626421451568603515625">
        <ele>6.19999980926513671875</ele>
        <time>2026-07-29T23:06:39.000Z</time>
        <extensions>
          <ns3:TrackPointExtension>
            <ns3:hr>134</ns3:hr>
            <ns3:cad>83</ns3:cad>
          </ns3:TrackPointExtension>
        </extensions>
      </trkpt>
      <trkpt lat="23.05021762847900390625" lon="113.3062852732837200164794921875">
        <ele>6.19999980926513671875</ele>
        <time>2026-07-29T23:06:40.000Z</time>
        <extensions>
          <ns3:TrackPointExtension>
            <ns3:hr>134</ns3:hr>
            <ns3:cad>82</ns3:cad>
          </ns3:TrackPointExtension>
        </extensions>
      </trkpt>
      <trkpt lat="23.05021888576447963714599609375" lon="113.30630262382328510284423828125">
        <ele>6</ele>
        <time>2026-07-29T23:06:41.000Z</time>
        <extensions>
          <ns3:TrackPointExtension>
            <ns3:hr>134</ns3:hr>
            <ns3:cad>82</ns3:cad>
          </ns3:TrackPointExtension>
        </extensions>
      </trkpt>
      <trkpt lat="23.05021293461322784423828125" lon="113.3063362352550029754638671875">
        <ele>6.19999980926513671875</ele>
        <time>2026-07-29T23:06:42.000Z</time>
        <extensions>
          <ns3:TrackPointExtension>
            <ns3:hr>133</ns3:hr>
            <ns3:cad>82</ns3:cad>
          </ns3:TrackPointExtension>
        </extensions>
      </trkpt>
      <trkpt lat="23.050210587680339813232421875" lon="113.306354843080043792724609375">
        <ele>6.19999980926513671875</ele>
        <time>2026-07-29T23:06:43.000Z</time>
        <extensions>
          <ns3:TrackPointExtension>
            <ns3:hr>132</ns3:hr>
            <ns3:cad>82</ns3:cad>
          </ns3:TrackPointExtension>
        </extensions>
      </trkpt>
      <trkpt lat="23.0502107553184032440185546875" lon="113.30637856386601924896240234375">
        <ele>6</ele>
        <time>2026-07-29T23:06:44.000Z</time>
        <extensions>
          <ns3:TrackPointExtension>
            <ns3:hr>132</ns3:hr>
            <ns3:cad>81</ns3:cad>
          </ns3:TrackPointExtension>
        </extensions>
      </trkpt>
      <trkpt lat="23.05020480416715145111083984375" lon="113.30640840344130992889404296875">
        <ele>6</ele>
        <time>2026-07-29T23:06:45.000Z</time>
        <extensions>
          <ns3:TrackPointExtension>
            <ns3:hr>132</ns3:hr>
            <ns3:cad>81</ns3:cad>
          </ns3:TrackPointExtension>
        </extensions>
      </trkpt>
      <trkpt lat="23.05020513944327831268310546875" lon="113.30642483197152614593505859375">
        <ele>6</ele>
        <time>2026-07-29T23:06:46.000Z</time>
        <extensions>
          <ns3:TrackPointExtension>
            <ns3:hr>132</ns3:hr>
            <ns3:cad>81</ns3:cad>
          </ns3:TrackPointExtension>
        </extensions>
      </trkpt>
      <trkpt lat="23.05020078085362911224365234375" lon="113.30644981004297733306884765625">
        <ele>6</ele>
        <time>2026-07-29T23:06:47.000Z</time>
        <extensions>
          <ns3:TrackPointExtension>
            <ns3:hr>131</ns3:hr>
            <ns3:cad>82</ns3:cad>
          </ns3:TrackPointExtension>
        </extensions>
      </trkpt>
      <trkpt lat="23.0501980148255825042724609375" lon="113.30647545866668224334716796875">
        <ele>6</ele>
        <time>2026-07-29T23:06:48.000Z</time>
        <extensions>
          <ns3:TrackPointExtension>
            <ns3:hr>132</ns3:hr>
            <ns3:cad>82</ns3:cad>
          </ns3:TrackPointExtension>
        </extensions>
      </trkpt>
      <trkpt lat="23.050199188292026519775390625" lon="113.30649205483496189117431640625">
        <ele>6</ele>
        <time>2026-07-29T23:06:49.000Z</time>
        <extensions>
          <ns3:TrackPointExtension>
            <ns3:hr>132</ns3:hr>
            <ns3:cad>82</ns3:cad>
          </ns3:TrackPointExtension>
        </extensions>
      </trkpt>
      <trkpt lat="23.05018837563693523406982421875" lon="113.3065223135054111480712890625">
        <ele>6.19999980926513671875</ele>
        <time>2026-07-29T23:06:50.000Z</time>
        <extensions>
          <ns3:TrackPointExtension>
            <ns3:hr>131</ns3:hr>
            <ns3:cad>82</ns3:cad>
          </ns3:TrackPointExtension>
        </extensions>
      </trkpt>
      <trkpt lat="23.05018200539052486419677734375" lon="113.30654083751142024993896484375">
        <ele>6.19999980926513671875</ele>
        <time>2026-07-29T23:06:51.000Z</time>
        <extensions>
          <ns3:TrackPointExtension>
            <ns3:hr>131</ns3:hr>
            <ns3:cad>82</ns3:cad>
          </ns3:TrackPointExtension>
        </extensions>
      </trkpt>
      <trkpt lat="23.05017932318150997161865234375" lon="113.30656011588871479034423828125">
        <ele>6.19999980926513671875</ele>
        <time>2026-07-29T23:06:52.000Z</time>
        <extensions>
          <ns3:TrackPointExtension>
            <ns3:hr>131</ns3:hr>
            <ns3:cad>82</ns3:cad>
          </ns3:TrackPointExtension>
        </extensions>
      </trkpt>
      <trkpt lat="23.05016322992742061614990234375" lon="113.30658794380724430084228515625">
        <ele>6.19999980926513671875</ele>
        <time>2026-07-29T23:06:53.000Z</time>
        <extensions>
          <ns3:TrackPointExtension>
            <ns3:hr>131</ns3:hr>
            <ns3:cad>82</ns3:cad>
          </ns3:TrackPointExtension>
        </extensions>
      </trkpt>
      <trkpt lat="23.05016038008034229278564453125" lon="113.3066057972609996795654296875">
        <ele>6</ele>
        <time>2026-07-29T23:06:54.000Z</time>
        <extensions>
          <ns3:TrackPointExtension>
            <ns3:hr>131</ns3:hr>
            <ns3:cad>82</ns3:cad>
          </ns3:TrackPointExtension>
        </extensions>
      </trkpt>
      <trkpt lat="23.05015602149069309234619140625" lon="113.306632451713085174560546875">
        <ele>6</ele>
        <time>2026-07-29T23:06:55.000Z</time>
        <extensions>
          <ns3:TrackPointExtension>
            <ns3:hr>130</ns3:hr>
            <ns3:cad>82</ns3:cad>
          </ns3:TrackPointExtension>
        </extensions>
      </trkpt>
      <trkpt lat="23.05014579556882381439208984375" lon="113.306651897728443145751953125">
        <ele>5.80000019073486328125</ele>
        <time>2026-07-29T23:06:56.000Z</time>
        <extensions>
          <ns3:TrackPointExtension>
            <ns3:hr>130</ns3:hr>
            <ns3:cad>82</ns3:cad>
          </ns3:TrackPointExtension>
        </extensions>
      </trkpt>
      <trkpt lat="23.0501470528542995452880859375" lon="113.3066688291728496551513671875">
        <ele>5.80000019073486328125</ele>
        <time>2026-07-29T23:06:57.000Z</time>
        <extensions>
          <ns3:TrackPointExtension>
            <ns3:hr>130</ns3:hr>
            <ns3:cad>82</ns3:cad>
          </ns3:TrackPointExtension>
        </extensions>
      </trkpt>
      <trkpt lat="23.0501358211040496826171875" lon="113.30669824965298175811767578125">
        <ele>5.80000019073486328125</ele>
        <time>2026-07-29T23:06:58.000Z</time>
        <extensions>
          <ns3:TrackPointExtension>
            <ns3:hr>130</ns3:hr>
            <ns3:cad>83</ns3:cad>
          </ns3:TrackPointExtension>
        </extensions>
      </trkpt>
      <trkpt lat="23.050136156380176544189453125" lon="113.3067187853157520294189453125">
        <ele>5.80000019073486328125</ele>
        <time>2026-07-29T23:06:59.000Z</time>
        <extensions>
          <ns3:TrackPointExtension>
            <ns3:hr>130</ns3:hr>
            <ns3:cad>83</ns3:cad>
          </ns3:TrackPointExtension>
        </extensions>
      </trkpt>
      <trkpt lat="23.0501366592943668365478515625" lon="113.306741416454315185546875">
        <ele>5.80000019073486328125</ele>
        <time>2026-07-29T23:07:00.000Z</time>
        <extensions>
          <ns3:TrackPointExtension>
            <ns3:hr>130</ns3:hr>
            <ns3:cad>83</ns3:cad>
          </ns3:TrackPointExtension>
        </extensions>
      </trkpt>
      <trkpt lat="23.0501272715628147125244140625" lon="113.306769914925098419189453125">
        <ele>6</ele>
        <time>2026-07-29T23:07:01.000Z</time>
        <extensions>
          <ns3:TrackPointExtension>
            <ns3:hr>130</ns3:hr>
            <ns3:cad>83</ns3:cad>
          </ns3:TrackPointExtension>
        </extensions>
      </trkpt>
      <trkpt lat="23.050124756991863250732421875" lon="113.30678827129304409027099609375">
        <ele>6</ele>
        <time>2026-07-29T23:07:02.000Z</time>
        <extensions>
          <ns3:TrackPointExtension>
            <ns3:hr>130</ns3:hr>
            <ns3:cad>83</ns3:cad>
          </ns3:TrackPointExtension>
        </extensions>
      </trkpt>
      <trkpt lat="23.05012282915413379669189453125" lon="113.3068126626312732696533203125">
        <ele>6</ele>
        <time>2026-07-29T23:07:03.000Z</time>
        <extensions>
          <ns3:TrackPointExtension>
            <ns3:hr>130</ns3:hr>
            <ns3:cad>81</ns3:cad>
          </ns3:TrackPointExtension>
        </extensions>
      </trkpt>
      <trkpt lat="23.0501138605177402496337890625" lon="113.30683403648436069488525390625">
        <ele>6</ele>
        <time>2026-07-29T23:07:04.000Z</time>
        <extensions>
          <ns3:TrackPointExtension>
            <ns3:hr>129</ns3:hr>
            <ns3:cad>81</ns3:cad>
          </ns3:TrackPointExtension>
        </extensions>
      </trkpt>
      <trkpt lat="23.0501138605177402496337890625" lon="113.3068535663187503814697265625">
        <ele>6</ele>
        <time>2026-07-29T23:07:05.000Z</time>
        <extensions>
          <ns3:TrackPointExtension>
            <ns3:hr>129</ns3:hr>
            <ns3:cad>82</ns3:cad>
          </ns3:TrackPointExtension>
        </extensions>
      </trkpt>
      <trkpt lat="23.05010958574712276458740234375" lon="113.30688214860856533050537109375">
        <ele>6</ele>
        <time>2026-07-29T23:07:06.000Z</time>
        <extensions>
          <ns3:TrackPointExtension>
            <ns3:hr>129</ns3:hr>
            <ns3:cad>83</ns3:cad>
          </ns3:TrackPointExtension>
        </extensions>
      </trkpt>
      <trkpt lat="23.050107322633266448974609375" lon="113.3068988285958766937255859375">
        <ele>6</ele>
        <time>2026-07-29T23:07:07.000Z</time>
        <extensions>
          <ns3:TrackPointExtension>
            <ns3:hr>129</ns3:hr>
            <ns3:cad>82</ns3:cad>
          </ns3:TrackPointExtension>
        </extensions>
      </trkpt>
      <trkpt lat="23.05010790936648845672607421875" lon="113.3069212920963764190673828125">
        <ele>6</ele>
        <time>2026-07-29T23:07:08.000Z</time>
        <extensions>
          <ns3:TrackPointExtension>
            <ns3:hr>129</ns3:hr>
            <ns3:cad>82</ns3:cad>
          </ns3:TrackPointExtension>
        </extensions>
      </trkpt>
      <trkpt lat="23.05009919218719005584716796875" lon="113.30694601871073246002197265625">
        <ele>6</ele>
        <time>2026-07-29T23:07:09.000Z</time>
        <extensions>
          <ns3:TrackPointExtension>
            <ns3:hr>129</ns3:hr>
            <ns3:cad>82</ns3:cad>
          </ns3:TrackPointExtension>
        </extensions>
      </trkpt>
      <trkpt lat="23.0501031316816806793212890625" lon="113.3069591782987117767333984375">
        <ele>6</ele>
        <time>2026-07-29T23:07:10.000Z</time>
        <extensions>
          <ns3:TrackPointExtension>
            <ns3:hr>129</ns3:hr>
            <ns3:cad>82</ns3:cad>
          </ns3:TrackPointExtension>
        </extensions>
      </trkpt>
      <trkpt lat="23.050101958215236663818359375" lon="113.30698776058852672576904296875">
        <ele>6.19999980926513671875</ele>
        <time>2026-07-29T23:07:11.000Z</time>
        <extensions>
          <ns3:TrackPointExtension>
            <ns3:hr>128</ns3:hr>
            <ns3:cad>82</ns3:cad>
          </ns3:TrackPointExtension>
        </extensions>
      </trkpt>
      <trkpt lat="23.0501011200249195098876953125" lon="113.30700754188001155853271484375">
        <ele>6.19999980926513671875</ele>
        <time>2026-07-29T23:07:12.000Z</time>
        <extensions>
          <ns3:TrackPointExtension>
            <ns3:hr>128</ns3:hr>
            <ns3:cad>82</ns3:cad>
          </ns3:TrackPointExtension>
        </extensions>
      </trkpt>
      <trkpt lat="23.05010564625263214111328125" lon="113.307024054229259490966796875">
        <ele>6</ele>
        <time>2026-07-29T23:07:13.000Z</time>
        <extensions>
          <ns3:TrackPointExtension>
            <ns3:hr>128</ns3:hr>
            <ns3:cad>82</ns3:cad>
          </ns3:TrackPointExtension>
        </extensions>
      </trkpt>
      <trkpt lat="23.0501004494726657867431640625" lon="113.307055570185184478759765625">
        <ele>6</ele>
        <time>2026-07-29T23:07:14.000Z</time>
        <extensions>
          <ns3:TrackPointExtension>
            <ns3:hr>129</ns3:hr>
            <ns3:cad>82</ns3:cad>
          </ns3:TrackPointExtension>
        </extensions>
      </trkpt>
      <trkpt lat="23.05010187439620494842529296875" lon="113.307074345648288726806640625">
        <ele>6</ele>
        <time>2026-07-29T23:07:15.000Z</time>
        <extensions>
          <ns3:TrackPointExtension>
            <ns3:hr>129</ns3:hr>
            <ns3:cad>83</ns3:cad>
          </ns3:TrackPointExtension>
        </extensions>
      </trkpt>
      <trkpt lat="23.0501034669578075408935546875" lon="113.30709773115813732147216796875">
        <ele>6</ele>
        <time>2026-07-29T23:07:16.000Z</time>
        <extensions>
          <ns3:TrackPointExtension>
            <ns3:hr>128</ns3:hr>
            <ns3:cad>83</ns3:cad>
          </ns3:TrackPointExtension>
        </extensions>
      </trkpt>
      <trkpt lat="23.050092570483684539794921875" lon="113.3071274869143962860107421875">
        <ele>6</ele>
        <time>2026-07-29T23:07:17.000Z</time>
        <extensions>
          <ns3:TrackPointExtension>
            <ns3:hr>128</ns3:hr>
            <ns3:cad>83</ns3:cad>
          </ns3:TrackPointExtension>
        </extensions>
      </trkpt>
      <trkpt lat="23.0500910617411136627197265625" lon="113.3071482740342617034912109375">
        <ele>6</ele>
        <time>2026-07-29T23:07:18.000Z</time>
        <extensions>
          <ns3:TrackPointExtension>
            <ns3:hr>128</ns3:hr>
            <ns3:cad>82</ns3:cad>
          </ns3:TrackPointExtension>
        </extensions>
      </trkpt>
      <trkpt lat="23.05008863098919391632080078125" lon="113.3071740902960300445556640625">
        <ele>6</ele>
        <time>2026-07-29T23:07:19.000Z</time>
        <extensions>
          <ns3:TrackPointExtension>
            <ns3:hr>128</ns3:hr>
            <ns3:cad>81</ns3:cad>
          </ns3:TrackPointExtension>
        </extensions>
      </trkpt>
      <trkpt lat="23.05008142255246639251708984375" lon="113.30719529651105403900146484375">
        <ele>6</ele>
        <time>2026-07-29T23:07:20.000Z</time>
        <extensions>
          <ns3:TrackPointExtension>
            <ns3:hr>127</ns3:hr>
            <ns3:cad>81</ns3:cad>
          </ns3:TrackPointExtension>
        </extensions>
      </trkpt>
      <trkpt lat="23.0500856973230838775634765625" lon="113.30721558071672916412353515625">
        <ele>6</ele>
        <time>2026-07-29T23:07:21.000Z</time>
        <extensions>
          <ns3:TrackPointExtension>
            <ns3:hr>127</ns3:hr>
            <ns3:cad>82</ns3:cad>
          </ns3:TrackPointExtension>
        </extensions>
      </trkpt>
      <trkpt lat="23.05007354356348514556884765625" lon="113.30723804421722888946533203125">
        <ele>6</ele>
        <time>2026-07-29T23:07:22.000Z</time>
        <extensions>
          <ns3:TrackPointExtension>
            <ns3:hr>127</ns3:hr>
            <ns3:cad>82</ns3:cad>
          </ns3:TrackPointExtension>
        </extensions>
      </trkpt>
      <trkpt lat="23.05007253773510456085205078125" lon="113.3072577416896820068359375">
        <ele>6</ele>
        <time>2026-07-29T23:07:23.000Z</time>
        <extensions>
          <ns3:TrackPointExtension>
            <ns3:hr>127</ns3:hr>
            <ns3:cad>82</ns3:cad>
          </ns3:TrackPointExtension>
        </extensions>
      </trkpt>
      <trkpt lat="23.050071783363819122314453125" lon="113.3072776906192302703857421875">
        <ele>6</ele>
        <time>2026-07-29T23:07:24.000Z</time>
        <extensions>
          <ns3:TrackPointExtension>
            <ns3:hr>127</ns3:hr>
            <ns3:cad>81</ns3:cad>
          </ns3:TrackPointExtension>
        </extensions>
      </trkpt>
      <trkpt lat="23.05006784386932849884033203125" lon="113.3073058538138866424560546875">
        <ele>6</ele>
        <time>2026-07-29T23:07:25.000Z</time>
        <extensions>
          <ns3:TrackPointExtension>
            <ns3:hr>127</ns3:hr>
            <ns3:cad>81</ns3:cad>
          </ns3:TrackPointExtension>
        </extensions>
      </trkpt>
      <trkpt lat="23.0500642396509647369384765625" lon="113.30731876194477081298828125">
        <ele>6</ele>
        <time>2026-07-29T23:07:26.000Z</time>
        <extensions>
          <ns3:TrackPointExtension>
            <ns3:hr>127</ns3:hr>
            <ns3:cad>82</ns3:cad>
          </ns3:TrackPointExtension>
        </extensions>
      </trkpt>
      <trkpt lat="23.05006231181323528289794921875" lon="113.30734130926430225372314453125">
        <ele>6</ele>
        <time>2026-07-29T23:07:27.000Z</time>
        <extensions>
          <ns3:TrackPointExtension>
            <ns3:hr>127</ns3:hr>
            <ns3:cad>83</ns3:cad>
          </ns3:TrackPointExtension>
        </extensions>
      </trkpt>
      <trkpt lat="23.05005510337650775909423828125" lon="113.30736461095511913299560546875">
        <ele>6</ele>
        <time>2026-07-29T23:07:28.000Z</time>
        <extensions>
          <ns3:TrackPointExtension>
            <ns3:hr>127</ns3:hr>
            <ns3:cad>83</ns3:cad>
          </ns3:TrackPointExtension>
        </extensions>
      </trkpt>
      <trkpt lat="23.05005845613777637481689453125" lon="113.30738271586596965789794921875">
        <ele>6</ele>
        <time>2026-07-29T23:07:29.000Z</time>
        <extensions>
          <ns3:TrackPointExtension>
            <ns3:hr>127</ns3:hr>
            <ns3:cad>83</ns3:cad>
          </ns3:TrackPointExtension>
        </extensions>
      </trkpt>
      <trkpt lat="23.05005225352942943572998046875" lon="113.30741305835545063018798828125">
        <ele>6.19999980926513671875</ele>
        <time>2026-07-29T23:07:30.000Z</time>
        <extensions>
          <ns3:TrackPointExtension>
            <ns3:hr>127</ns3:hr>
            <ns3:cad>83</ns3:cad>
          </ns3:TrackPointExtension>
        </extensions>
      </trkpt>
      <trkpt lat="23.05005133152008056640625" lon="113.30743216909468173980712890625">
        <ele>6.19999980926513671875</ele>
        <time>2026-07-29T23:07:31.000Z</time>
        <extensions>
          <ns3:TrackPointExtension>
            <ns3:hr>127</ns3:hr>
            <ns3:cad>83</ns3:cad>
          </ns3:TrackPointExtension>
        </extensions>
      </trkpt>
      <trkpt lat="23.05005258880555629730224609375" lon="113.30745228566229343414306640625">
        <ele>6</ele>
        <time>2026-07-29T23:07:32.000Z</time>
        <extensions>
          <ns3:TrackPointExtension>
            <ns3:hr>127</ns3:hr>
            <ns3:cad>82</ns3:cad>
          </ns3:TrackPointExtension>
        </extensions>
      </trkpt>
      <trkpt lat="23.05004051886498928070068359375" lon="113.30748279578983783721923828125">
        <ele>6</ele>
        <time>2026-07-29T23:07:33.000Z</time>
        <extensions>
          <ns3:TrackPointExtension>
            <ns3:hr>128</ns3:hr>
            <ns3:cad>82</ns3:cad>
          </ns3:TrackPointExtension>
        </extensions>
      </trkpt>
      <trkpt lat="23.0500427819788455963134765625" lon="113.307496793568134307861328125">
        <ele>6</ele>
        <time>2026-07-29T23:07:34.000Z</time>
        <extensions>
          <ns3:TrackPointExtension>
            <ns3:hr>128</ns3:hr>
            <ns3:cad>82</ns3:cad>
          </ns3:TrackPointExtension>
        </extensions>
      </trkpt>
      <trkpt lat="23.05004135705530643463134765625" lon="113.307519257068634033203125">
        <ele>6</ele>
        <time>2026-07-29T23:07:35.000Z</time>
        <extensions>
          <ns3:TrackPointExtension>
            <ns3:hr>127</ns3:hr>
            <ns3:cad>82</ns3:cad>
          </ns3:TrackPointExtension>
        </extensions>
      </trkpt>
      <trkpt lat="23.0500352382659912109375" lon="113.30754381604492664337158203125">
        <ele>6</ele>
        <time>2026-07-29T23:07:36.000Z</time>
        <extensions>
          <ns3:TrackPointExtension>
            <ns3:hr>127</ns3:hr>
            <ns3:cad>82</ns3:cad>
          </ns3:TrackPointExtension>
        </extensions>
      </trkpt>
      <trkpt lat="23.05003431625664234161376953125" lon="113.30755504779517650604248046875">
        <ele>6</ele>
        <time>2026-07-29T23:07:37.000Z</time>
        <extensions>
          <ns3:TrackPointExtension>
            <ns3:hr>127</ns3:hr>
            <ns3:cad>82</ns3:cad>
          </ns3:TrackPointExtension>
        </extensions>
      </trkpt>
      <trkpt lat="23.05003532208502292633056640625" lon="113.30758354626595973968505859375">
        <ele>5.80000019073486328125</ele>
        <time>2026-07-29T23:07:38.000Z</time>
        <extensions>
          <ns3:TrackPointExtension>
            <ns3:hr>127</ns3:hr>
            <ns3:cad>82</ns3:cad>
          </ns3:TrackPointExtension>
        </extensions>
      </trkpt>
      <trkpt lat="23.05003213696181774139404296875" lon="113.30760248936712741851806640625">
        <ele>5.80000019073486328125</ele>
        <time>2026-07-29T23:07:39.000Z</time>
        <extensions>
          <ns3:TrackPointExtension>
            <ns3:hr>128</ns3:hr>
            <ns3:cad>82</ns3:cad>
          </ns3:TrackPointExtension>
        </extensions>
      </trkpt>
      <trkpt lat="23.05003331042826175689697265625" lon="113.30761740915477275848388671875">
        <ele>5.80000019073486328125</ele>
        <time>2026-07-29T23:07:40.000Z</time>
        <extensions>
          <ns3:TrackPointExtension>
            <ns3:hr>127</ns3:hr>
            <ns3:cad>82</ns3:cad>
          </ns3:TrackPointExtension>
        </extensions>
      </trkpt>
      <trkpt lat="23.0500189773738384246826171875" lon="113.30764758400619029998779296875">
        <ele>5.80000019073486328125</ele>
        <time>2026-07-29T23:07:41.000Z</time>
        <extensions>
          <ns3:TrackPointExtension>
            <ns3:hr>127</ns3:hr>
            <ns3:cad>82</ns3:cad>
          </ns3:TrackPointExtension>
        </extensions>
      </trkpt>
      <trkpt lat="23.05001000873744487762451171875" lon="113.30766141414642333984375">
        <ele>5.80000019073486328125</ele>
        <time>2026-07-29T23:07:42.000Z</time>
        <extensions>
          <ns3:TrackPointExtension>
            <ns3:hr>128</ns3:hr>
            <ns3:cad>82</ns3:cad>
          </ns3:TrackPointExtension>
        </extensions>
      </trkpt>
      <trkpt lat="23.05000833235681056976318359375" lon="113.3076763339340686798095703125">
        <ele>5.80000019073486328125</ele>
        <time>2026-07-29T23:07:43.000Z</time>
        <extensions>
          <ns3:TrackPointExtension>
            <ns3:hr>127</ns3:hr>
            <ns3:cad>81</ns3:cad>
          </ns3:TrackPointExtension>
        </extensions>
      </trkpt>
      <trkpt lat="23.0499945022165775299072265625" lon="113.30769963562488555908203125">
        <ele>5.80000019073486328125</ele>
        <time>2026-07-29T23:07:44.000Z</time>
        <extensions>
          <ns3:TrackPointExtension>
            <ns3:hr>127</ns3:hr>
            <ns3:cad>81</ns3:cad>
          </ns3:TrackPointExtension>
        </extensions>
      </trkpt>
      <trkpt lat="23.049989640712738037109375" lon="113.30771195702254772186279296875">
        <ele>5.80000019073486328125</ele>
        <time>2026-07-29T23:07:45.000Z</time>
        <extensions>
          <ns3:TrackPointExtension>
            <ns3:hr>127</ns3:hr>
            <ns3:cad>82</ns3:cad>
          </ns3:TrackPointExtension>
        </extensions>
      </trkpt>
      <trkpt lat="23.04998695850372314453125" lon="113.30773425288498401641845703125">
        <ele>6</ele>
        <time>2026-07-29T23:07:46.000Z</time>
        <extensions>
          <ns3:TrackPointExtension>
            <ns3:hr>126</ns3:hr>
            <ns3:cad>82</ns3:cad>
          </ns3:TrackPointExtension>
        </extensions>
      </trkpt>
      <trkpt lat="23.0499829351902008056640625" lon="113.30775872804224491119384765625">
        <ele>6</ele>
        <time>2026-07-29T23:07:47.000Z</time>
        <extensions>
          <ns3:TrackPointExtension>
            <ns3:hr>126</ns3:hr>
            <ns3:cad>82</ns3:cad>
          </ns3:TrackPointExtension>
        </extensions>
      </trkpt>
      <trkpt lat="23.0499834381043910980224609375" lon="113.3077735640108585357666015625">
        <ele>6</ele>
        <time>2026-07-29T23:07:48.000Z</time>
        <extensions>
          <ns3:TrackPointExtension>
            <ns3:hr>125</ns3:hr>
            <ns3:cad>82</ns3:cad>
          </ns3:TrackPointExtension>
        </extensions>
      </trkpt>
      <trkpt lat="23.04998251609504222869873046875" lon="113.307803571224212646484375">
        <ele>6</ele>
        <time>2026-07-29T23:07:49.000Z</time>
        <extensions>
          <ns3:TrackPointExtension>
            <ns3:hr>125</ns3:hr>
            <ns3:cad>81</ns3:cad>
          </ns3:TrackPointExtension>
        </extensions>
      </trkpt>
      <trkpt lat="23.04998335428535938262939453125" lon="113.30782276578247547149658203125">
        <ele>6</ele>
        <time>2026-07-29T23:07:50.000Z</time>
        <extensions>
          <ns3:TrackPointExtension>
            <ns3:hr>124</ns3:hr>
            <ns3:cad>81</ns3:cad>
          </ns3:TrackPointExtension>
        </extensions>
      </trkpt>
      <trkpt lat="23.0499851144850254058837890625" lon="113.307838775217533111572265625">
        <ele>6</ele>
        <time>2026-07-29T23:07:51.000Z</time>
        <extensions>
          <ns3:TrackPointExtension>
            <ns3:hr>124</ns3:hr>
            <ns3:cad>81</ns3:cad>
          </ns3:TrackPointExtension>
        </extensions>
      </trkpt>
      <trkpt lat="23.04997530765831470489501953125" lon="113.30786903388798236846923828125">
        <ele>5.80000019073486328125</ele>
        <time>2026-07-29T23:07:52.000Z</time>
        <extensions>
          <ns3:TrackPointExtension>
            <ns3:hr>124</ns3:hr>
            <ns3:cad>81</ns3:cad>
          </ns3:TrackPointExtension>
        </extensions>
      </trkpt>
      <trkpt lat="23.04996927268803119659423828125" lon="113.307887725532054901123046875">
        <ele>5.80000019073486328125</ele>
        <time>2026-07-29T23:07:53.000Z</time>
        <extensions>
          <ns3:TrackPointExtension>
            <ns3:hr>125</ns3:hr>
            <ns3:cad>81</ns3:cad>
          </ns3:TrackPointExtension>
        </extensions>
      </trkpt>
      <trkpt lat="23.0499680154025554656982421875" lon="113.3079133741557598114013671875">
        <ele>6</ele>
        <time>2026-07-29T23:07:54.000Z</time>
        <extensions>
          <ns3:TrackPointExtension>
            <ns3:hr>124</ns3:hr>
            <ns3:cad>82</ns3:cad>
          </ns3:TrackPointExtension>
        </extensions>
      </trkpt>
      <trkpt lat="23.0499616451561450958251953125" lon="113.30794111825525760650634765625">
        <ele>5.80000019073486328125</ele>
        <time>2026-07-29T23:07:55.000Z</time>
        <extensions>
          <ns3:TrackPointExtension>
            <ns3:hr>124</ns3:hr>
            <ns3:cad>82</ns3:cad>
          </ns3:TrackPointExtension>
        </extensions>
      </trkpt>
      <trkpt lat="23.049957118928432464599609375" lon="113.3079566247761249542236328125">
        <ele>5.80000019073486328125</ele>
        <time>2026-07-29T23:07:56.000Z</time>
        <extensions>
          <ns3:TrackPointExtension>
            <ns3:hr>124</ns3:hr>
            <ns3:cad>82</ns3:cad>
          </ns3:TrackPointExtension>
        </extensions>
      </trkpt>
      <trkpt lat="23.04995435290038585662841796875" lon="113.307982273399829864501953125">
        <ele>5.80000019073486328125</ele>
        <time>2026-07-29T23:07:57.000Z</time>
        <extensions>
          <ns3:TrackPointExtension>
            <ns3:hr>125</ns3:hr>
            <ns3:cad>82</ns3:cad>
          </ns3:TrackPointExtension>
        </extensions>
      </trkpt>
      <trkpt lat="23.04995502345263957977294921875" lon="113.30800498835742473602294921875">
        <ele>6</ele>
        <time>2026-07-29T23:07:58.000Z</time>
        <extensions>
          <ns3:TrackPointExtension>
            <ns3:hr>124</ns3:hr>
            <ns3:cad>82</ns3:cad>
          </ns3:TrackPointExtension>
        </extensions>
      </trkpt>
      <trkpt lat="23.04995854385197162628173828125" lon="113.3080186508595943450927734375">
        <ele>6</ele>
        <time>2026-07-29T23:07:59.000Z</time>
        <extensions>
          <ns3:TrackPointExtension>
            <ns3:hr>125</ns3:hr>
            <ns3:cad>82</ns3:cad>
          </ns3:TrackPointExtension>
        </extensions>
      </trkpt>
      <trkpt lat="23.049947060644626617431640625" lon="113.3080501668155193328857421875">
        <ele>6</ele>
        <time>2026-07-29T23:08:00.000Z</time>
        <extensions>
          <ns3:TrackPointExtension>
            <ns3:hr>125</ns3:hr>
            <ns3:cad>82</ns3:cad>
          </ns3:TrackPointExtension>
        </extensions>
      </trkpt>
      <trkpt lat="23.04994027130305767059326171875" lon="113.308066092431545257568359375">
        <ele>6</ele>
        <time>2026-07-29T23:08:01.000Z</time>
        <extensions>
          <ns3:TrackPointExtension>
            <ns3:hr>125</ns3:hr>
            <ns3:cad>81</ns3:cad>
          </ns3:TrackPointExtension>
        </extensions>
      </trkpt>
      <trkpt lat="23.049942366778850555419921875" lon="113.30808855593204498291015625">
        <ele>5.80000019073486328125</ele>
        <time>2026-07-29T23:08:02.000Z</time>
        <extensions>
          <ns3:TrackPointExtension>
            <ns3:hr>124</ns3:hr>
            <ns3:cad>81</ns3:cad>
          </ns3:TrackPointExtension>
        </extensions>
      </trkpt>
      <trkpt lat="23.049937002360820770263671875" lon="113.30811562947928905487060546875">
        <ele>5.80000019073486328125</ele>
        <time>2026-07-29T23:08:03.000Z</time>
        <extensions>
          <ns3:TrackPointExtension>
            <ns3:hr>124</ns3:hr>
            <ns3:cad>82</ns3:cad>
          </ns3:TrackPointExtension>
        </extensions>
      </trkpt>
      <trkpt lat="23.049939014017581939697265625" lon="113.3081313036382198333740234375">
        <ele>5.80000019073486328125</ele>
        <time>2026-07-29T23:08:04.000Z</time>
        <extensions>
          <ns3:TrackPointExtension>
            <ns3:hr>125</ns3:hr>
            <ns3:cad>82</ns3:cad>
          </ns3:TrackPointExtension>
        </extensions>
      </trkpt>
      <trkpt lat="23.04994144476950168609619140625" lon="113.30816206522285938262939453125">
        <ele>5.80000019073486328125</ele>
        <time>2026-07-29T23:08:05.000Z</time>
        <extensions>
          <ns3:TrackPointExtension>
            <ns3:hr>125</ns3:hr>
            <ns3:cad>82</ns3:cad>
          </ns3:TrackPointExtension>
        </extensions>
      </trkpt>
      <trkpt lat="23.04994161240756511688232421875" lon="113.30818352289497852325439453125">
        <ele>5.80000019073486328125</ele>
        <time>2026-07-29T23:08:06.000Z</time>
        <extensions>
          <ns3:TrackPointExtension>
            <ns3:hr>125</ns3:hr>
            <ns3:cad>82</ns3:cad>
          </ns3:TrackPointExtension>
        </extensions>
      </trkpt>
      <trkpt lat="23.04994228295981884002685546875" lon="113.30820011906325817108154296875">
        <ele>5.80000019073486328125</ele>
        <time>2026-07-29T23:08:07.000Z</time>
        <extensions>
          <ns3:TrackPointExtension>
            <ns3:hr>126</ns3:hr>
            <ns3:cad>82</ns3:cad>
          </ns3:TrackPointExtension>
        </extensions>
      </trkpt>
      <trkpt lat="23.0499267764389514923095703125" lon="113.30823364667594432830810546875">
        <ele>5.80000019073486328125</ele>
        <time>2026-07-29T23:08:08.000Z</time>
        <extensions>
          <ns3:TrackPointExtension>
            <ns3:hr>126</ns3:hr>
            <ns3:cad>83</ns3:cad>
          </ns3:TrackPointExtension>
        </extensions>
      </trkpt>
      <trkpt lat="23.04991931654512882232666015625" lon="113.30824588425457477569580078125">
        <ele>5.80000019073486328125</ele>
        <time>2026-07-29T23:08:09.000Z</time>
        <extensions>
          <ns3:TrackPointExtension>
            <ns3:hr>126</ns3:hr>
            <ns3:cad>83</ns3:cad>
          </ns3:TrackPointExtension>
        </extensions>
      </trkpt>
      <trkpt lat="23.04991663433611392974853515625" lon="113.3082707785069942474365234375">
        <ele>5.80000019073486328125</ele>
        <time>2026-07-29T23:08:10.000Z</time>
        <extensions>
          <ns3:TrackPointExtension>
            <ns3:hr>126</ns3:hr>
            <ns3:cad>83</ns3:cad>
          </ns3:TrackPointExtension>
        </extensions>
      </trkpt>
      <trkpt lat="23.04991311393678188323974609375" lon="113.3082919009029865264892578125">
        <ele>5.80000019073486328125</ele>
        <time>2026-07-29T23:08:11.000Z</time>
        <extensions>
          <ns3:TrackPointExtension>
            <ns3:hr>126</ns3:hr>
            <ns3:cad>82</ns3:cad>
          </ns3:TrackPointExtension>
        </extensions>
      </trkpt>
      <trkpt lat="23.04991462267935276031494140625" lon="113.30830941908061504364013671875">
        <ele>5.80000019073486328125</ele>
        <time>2026-07-29T23:08:12.000Z</time>
        <extensions>
          <ns3:TrackPointExtension>
            <ns3:hr>126</ns3:hr>
            <ns3:cad>82</ns3:cad>
          </ns3:TrackPointExtension>
        </extensions>
      </trkpt>
      <trkpt lat="23.04990925826132297515869140625" lon="113.30834336578845977783203125">
        <ele>5.80000019073486328125</ele>
        <time>2026-07-29T23:08:13.000Z</time>
        <extensions>
          <ns3:TrackPointExtension>
            <ns3:hr>126</ns3:hr>
            <ns3:cad>82</ns3:cad>
          </ns3:TrackPointExtension>
        </extensions>
      </trkpt>
      <trkpt lat="23.04991520941257476806640625" lon="113.30836239270865917205810546875">
        <ele>6</ele>
        <time>2026-07-29T23:08:14.000Z</time>
        <extensions>
          <ns3:TrackPointExtension>
            <ns3:hr>126</ns3:hr>
            <ns3:cad>83</ns3:cad>
          </ns3:TrackPointExtension>
        </extensions>
      </trkpt>
      <trkpt lat="23.04991831071674823760986328125" lon="113.3083851076662540435791015625">
        <ele>6</ele>
        <time>2026-07-29T23:08:15.000Z</time>
        <extensions>
          <ns3:TrackPointExtension>
            <ns3:hr>125</ns3:hr>
            <ns3:cad>83</ns3:cad>
          </ns3:TrackPointExtension>
        </extensions>
      </trkpt>
      <trkpt lat="23.04991160519421100616455078125" lon="113.30841712653636932373046875">
        <ele>6</ele>
        <time>2026-07-29T23:08:16.000Z</time>
        <extensions>
          <ns3:TrackPointExtension>
            <ns3:hr>126</ns3:hr>
            <ns3:cad>83</ns3:cad>
          </ns3:TrackPointExtension>
        </extensions>
      </trkpt>
      <trkpt lat="23.04991361685097217559814453125" lon="113.30843112431466579437255859375">
        <ele>6</ele>
        <time>2026-07-29T23:08:17.000Z</time>
        <extensions>
          <ns3:TrackPointExtension>
            <ns3:hr>126</ns3:hr>
            <ns3:cad>83</ns3:cad>
          </ns3:TrackPointExtension>
        </extensions>
      </trkpt>
      <trkpt lat="23.0499096773564815521240234375" lon="113.30846079625189304351806640625">
        <ele>6</ele>
        <time>2026-07-29T23:08:18.000Z</time>
        <extensions>
          <ns3:TrackPointExtension>
            <ns3:hr>126</ns3:hr>
            <ns3:cad>83</ns3:cad>
          </ns3:TrackPointExtension>
        </extensions>
      </trkpt>
      <trkpt lat="23.0499078333377838134765625" lon="113.30848552286624908447265625">
        <ele>5.80000019073486328125</ele>
        <time>2026-07-29T23:08:19.000Z</time>
        <extensions>
          <ns3:TrackPointExtension>
            <ns3:hr>126</ns3:hr>
            <ns3:cad>82</ns3:cad>
          </ns3:TrackPointExtension>
        </extensions>
      </trkpt>
      <trkpt lat="23.04991009645164012908935546875" lon="113.308506645262241363525390625">
        <ele>5.80000019073486328125</ele>
        <time>2026-07-29T23:08:20.000Z</time>
        <extensions>
          <ns3:TrackPointExtension>
            <ns3:hr>126</ns3:hr>
            <ns3:cad>82</ns3:cad>
          </ns3:TrackPointExtension>
        </extensions>
      </trkpt>
      <trkpt lat="23.0498996190726757049560546875" lon="113.30854645930230617523193359375">
        <ele>5.80000019073486328125</ele>
        <time>2026-07-29T23:08:21.000Z</time>
        <extensions>
          <ns3:TrackPointExtension>
            <ns3:hr>127</ns3:hr>
            <ns3:cad>82</ns3:cad>
          </ns3:TrackPointExtension>
        </extensions>
      </trkpt>
      <trkpt lat="23.049894087016582489013671875" lon="113.30856858752667903900146484375">
        <ele>5.80000019073486328125</ele>
        <time>2026-07-29T23:08:22.000Z</time>
        <extensions>
          <ns3:TrackPointExtension>
            <ns3:hr>127</ns3:hr>
            <ns3:cad>82</ns3:cad>
          </ns3:TrackPointExtension>
        </extensions>
      </trkpt>
      <trkpt lat="23.049898110330104827880859375" lon="113.30859172157943248748779296875">
        <ele>5.80000019073486328125</ele>
        <time>2026-07-29T23:08:23.000Z</time>
        <extensions>
          <ns3:TrackPointExtension>
            <ns3:hr>127</ns3:hr>
            <ns3:cad>82</ns3:cad>
          </ns3:TrackPointExtension>
        </extensions>
      </trkpt>
      <trkpt lat="23.04989685304462909698486328125" lon="113.30861384980380535125732421875">
        <ele>6</ele>
        <time>2026-07-29T23:08:24.000Z</time>
        <extensions>
          <ns3:TrackPointExtension>
            <ns3:hr>127</ns3:hr>
            <ns3:cad>82</ns3:cad>
          </ns3:TrackPointExtension>
        </extensions>
      </trkpt>
      <trkpt lat="23.049900121986865997314453125" lon="113.3086288534104824066162109375">
        <ele>6</ele>
        <time>2026-07-29T23:08:25.000Z</time>
        <extensions>
          <ns3:TrackPointExtension>
            <ns3:hr>127</ns3:hr>
            <ns3:cad>82</ns3:cad>
          </ns3:TrackPointExtension>
        </extensions>
      </trkpt>
      <trkpt lat="23.04989316500723361968994140625" lon="113.3086560107767581939697265625">
        <ele>6</ele>
        <time>2026-07-29T23:08:26.000Z</time>
        <extensions>
          <ns3:TrackPointExtension>
            <ns3:hr>126</ns3:hr>
            <ns3:cad>82</ns3:cad>
          </ns3:TrackPointExtension>
        </extensions>
      </trkpt>
      <trkpt lat="23.0498878844082355499267578125" lon="113.30867973156273365020751953125">
        <ele>6</ele>
        <time>2026-07-29T23:08:27.000Z</time>
        <extensions>
          <ns3:TrackPointExtension>
            <ns3:hr>127</ns3:hr>
            <ns3:cad>82</ns3:cad>
          </ns3:TrackPointExtension>
        </extensions>
      </trkpt>
      <trkpt lat="23.04989132098853588104248046875" lon="113.3086999319493770599365234375">
        <ele>5.80000019073486328125</ele>
        <time>2026-07-29T23:08:28.000Z</time>
        <extensions>
          <ns3:TrackPointExtension>
            <ns3:hr>127</ns3:hr>
            <ns3:cad>82</ns3:cad>
          </ns3:TrackPointExtension>
        </extensions>
      </trkpt>
      <trkpt lat="23.04987975396215915679931640625" lon="113.30872918479144573211669921875">
        <ele>5.80000019073486328125</ele>
        <time>2026-07-29T23:08:29.000Z</time>
        <extensions>
          <ns3:TrackPointExtension>
            <ns3:hr>128</ns3:hr>
            <ns3:cad>82</ns3:cad>
          </ns3:TrackPointExtension>
        </extensions>
      </trkpt>
      <trkpt lat="23.04988411255180835723876953125" lon="113.3087391592562198638916015625">
        <ele>6</ele>
        <time>2026-07-29T23:08:30.000Z</time>
        <extensions>
          <ns3:TrackPointExtension>
            <ns3:hr>128</ns3:hr>
            <ns3:cad>82</ns3:cad>
          </ns3:TrackPointExtension>
        </extensions>
      </trkpt>
      <trkpt lat="23.04988411255180835723876953125" lon="113.30876975320279598236083984375">
        <ele>6</ele>
        <time>2026-07-29T23:08:31.000Z</time>
        <extensions>
          <ns3:TrackPointExtension>
            <ns3:hr>128</ns3:hr>
            <ns3:cad>82</ns3:cad>
          </ns3:TrackPointExtension>
        </extensions>
      </trkpt>
      <trkpt lat="23.0498821847140789031982421875" lon="113.30879322253167629241943359375">
        <ele>5.80000019073486328125</ele>
        <time>2026-07-29T23:08:32.000Z</time>
        <extensions>
          <ns3:TrackPointExtension>
            <ns3:hr>128</ns3:hr>
            <ns3:cad>83</ns3:cad>
          </ns3:TrackPointExtension>
        </extensions>
      </trkpt>
      <trkpt lat="23.04988595657050609588623046875" lon="113.30881233327090740203857421875">
        <ele>5.80000019073486328125</ele>
        <time>2026-07-29T23:08:33.000Z</time>
        <extensions>
          <ns3:TrackPointExtension>
            <ns3:hr>128</ns3:hr>
            <ns3:cad>83</ns3:cad>
          </ns3:TrackPointExtension>
        </extensions>
      </trkpt>
      <trkpt lat="23.04988008923828601837158203125" lon="113.3088444359600543975830078125">
        <ele>5.80000019073486328125</ele>
        <time>2026-07-29T23:08:34.000Z</time>
        <extensions>
          <ns3:TrackPointExtension>
            <ns3:hr>127</ns3:hr>
            <ns3:cad>83</ns3:cad>
          </ns3:TrackPointExtension>
        </extensions>
      </trkpt>
      <trkpt lat="23.0498751439154148101806640625" lon="113.30886832438409328460693359375">
        <ele>5.80000019073486328125</ele>
        <time>2026-07-29T23:08:35.000Z</time>
        <extensions>
          <ns3:TrackPointExtension>
            <ns3:hr>127</ns3:hr>
            <ns3:cad>83</ns3:cad>
          </ns3:TrackPointExtension>
        </extensions>
      </trkpt>
      <trkpt lat="23.04987707175314426422119140625" lon="113.30888911150395870208740234375">
        <ele>6</ele>
        <time>2026-07-29T23:08:36.000Z</time>
        <extensions>
          <ns3:TrackPointExtension>
            <ns3:hr>126</ns3:hr>
            <ns3:cad>83</ns3:cad>
          </ns3:TrackPointExtension>
        </extensions>
      </trkpt>
      <trkpt lat="23.049871958792209625244140625" lon="113.3089135028421878814697265625">
        <ele>6</ele>
        <time>2026-07-29T23:08:37.000Z</time>
        <extensions>
          <ns3:TrackPointExtension>
            <ns3:hr>126</ns3:hr>
            <ns3:cad>82</ns3:cad>
          </ns3:TrackPointExtension>
        </extensions>
      </trkpt>
      <trkpt lat="23.049871288239955902099609375" lon="113.3089329488575458526611328125">
        <ele>6</ele>
        <time>2026-07-29T23:08:38.000Z</time>
        <extensions>
          <ns3:TrackPointExtension>
            <ns3:hr>126</ns3:hr>
            <ns3:cad>82</ns3:cad>
          </ns3:TrackPointExtension>
        </extensions>
      </trkpt>
      <trkpt lat="23.04987405426800251007080078125" lon="113.3089557476341724395751953125">
        <ele>6</ele>
        <time>2026-07-29T23:08:39.000Z</time>
        <extensions>
          <ns3:TrackPointExtension>
            <ns3:hr>125</ns3:hr>
            <ns3:cad>82</ns3:cad>
          </ns3:TrackPointExtension>
        </extensions>
      </trkpt>
      <trkpt lat="23.04986952804028987884521484375" lon="113.30898114480078220367431640625">
        <ele>6</ele>
        <time>2026-07-29T23:08:40.000Z</time>
        <extensions>
          <ns3:TrackPointExtension>
            <ns3:hr>126</ns3:hr>
            <ns3:cad>82</ns3:cad>
          </ns3:TrackPointExtension>
        </extensions>
      </trkpt>
      <trkpt lat="23.0498756468296051025390625" lon="113.30900142900645732879638671875">
        <ele>5.80000019073486328125</ele>
        <time>2026-07-29T23:08:41.000Z</time>
        <extensions>
          <ns3:TrackPointExtension>
            <ns3:hr>126</ns3:hr>
            <ns3:cad>82</ns3:cad>
          </ns3:TrackPointExtension>
        </extensions>
      </trkpt>
      <trkpt lat="23.04987137205898761749267578125" lon="113.30903328023850917816162109375">
        <ele>5.80000019073486328125</ele>
        <time>2026-07-29T23:08:42.000Z</time>
        <extensions>
          <ns3:TrackPointExtension>
            <ns3:hr>127</ns3:hr>
            <ns3:cad>82</ns3:cad>
          </ns3:TrackPointExtension>
        </extensions>
      </trkpt>
      <trkpt lat="23.0498702824115753173828125" lon="113.30905423499643802642822265625">
        <ele>5.80000019073486328125</ele>
        <time>2026-07-29T23:08:43.000Z</time>
        <extensions>
          <ns3:TrackPointExtension>
            <ns3:hr>127</ns3:hr>
            <ns3:cad>82</ns3:cad>
          </ns3:TrackPointExtension>
        </extensions>
      </trkpt>
      <trkpt lat="23.0498727969825267791748046875" lon="113.30907686613500118255615234375">
        <ele>5.80000019073486328125</ele>
        <time>2026-07-29T23:08:44.000Z</time>
        <extensions>
          <ns3:TrackPointExtension>
            <ns3:hr>127</ns3:hr>
            <ns3:cad>82</ns3:cad>
          </ns3:TrackPointExtension>
        </extensions>
      </trkpt>
      <trkpt lat="23.04986868984997272491455078125" lon="113.309107460081577301025390625">
        <ele>5.80000019073486328125</ele>
        <time>2026-07-29T23:08:45.000Z</time>
        <extensions>
          <ns3:TrackPointExtension>
            <ns3:hr>127</ns3:hr>
            <ns3:cad>83</ns3:cad>
          </ns3:TrackPointExtension>
        </extensions>
      </trkpt>
      <trkpt lat="23.04986868984997272491455078125" lon="113.3091247268021106719970703125">
        <ele>5.80000019073486328125</ele>
        <time>2026-07-29T23:08:46.000Z</time>
        <extensions>
          <ns3:TrackPointExtension>
            <ns3:hr>127</ns3:hr>
            <ns3:cad>83</ns3:cad>
          </ns3:TrackPointExtension>
        </extensions>
      </trkpt>
      <trkpt lat="23.0498657561838626861572265625" lon="113.30915280617773532867431640625">
        <ele>5.599999904632568359375</ele>
        <time>2026-07-29T23:08:47.000Z</time>
        <extensions>
          <ns3:TrackPointExtension>
            <ns3:hr>127</ns3:hr>
            <ns3:cad>83</ns3:cad>
          </ns3:TrackPointExtension>
        </extensions>
      </trkpt>
      <trkpt lat="23.04986265487968921661376953125" lon="113.3091777004301548004150390625">
        <ele>5.599999904632568359375</ele>
        <time>2026-07-29T23:08:48.000Z</time>
        <extensions>
          <ns3:TrackPointExtension>
            <ns3:hr>127</ns3:hr>
            <ns3:cad>82</ns3:cad>
          </ns3:TrackPointExtension>
        </extensions>
      </trkpt>
      <trkpt lat="23.04987036623060703277587890625" lon="113.30919630825519561767578125">
        <ele>5.599999904632568359375</ele>
        <time>2026-07-29T23:08:49.000Z</time>
        <extensions>
          <ns3:TrackPointExtension>
            <ns3:hr>128</ns3:hr>
            <ns3:cad>82</ns3:cad>
          </ns3:TrackPointExtension>
        </extensions>
      </trkpt>
      <trkpt lat="23.04986768402159214019775390625" lon="113.3092310093343257904052734375">
        <ele>5.599999904632568359375</ele>
        <time>2026-07-29T23:08:50.000Z</time>
        <extensions>
          <ns3:TrackPointExtension>
            <ns3:hr>128</ns3:hr>
            <ns3:cad>82</ns3:cad>
          </ns3:TrackPointExtension>
        </extensions>
      </trkpt>
      <trkpt lat="23.0498640798032283782958984375" lon="113.3092507906258106231689453125">
        <ele>5.599999904632568359375</ele>
        <time>2026-07-29T23:08:51.000Z</time>
        <extensions>
          <ns3:TrackPointExtension>
            <ns3:hr>128</ns3:hr>
            <ns3:cad>82</ns3:cad>
          </ns3:TrackPointExtension>
        </extensions>
      </trkpt>
      <trkpt lat="23.04986818693578243255615234375" lon="113.30927451141178607940673828125">
        <ele>5.599999904632568359375</ele>
        <time>2026-07-29T23:08:52.000Z</time>
        <extensions>
          <ns3:TrackPointExtension>
            <ns3:hr>128</ns3:hr>
            <ns3:cad>82</ns3:cad>
          </ns3:TrackPointExtension>
        </extensions>
      </trkpt>
      <trkpt lat="23.04986198432743549346923828125" lon="113.3093027584254741668701171875">
        <ele>5.599999904632568359375</ele>
        <time>2026-07-29T23:08:53.000Z</time>
        <extensions>
          <ns3:TrackPointExtension>
            <ns3:hr>128</ns3:hr>
            <ns3:cad>82</ns3:cad>
          </ns3:TrackPointExtension>
        </extensions>
      </trkpt>
      <trkpt lat="23.04986885748803615570068359375" lon="113.30931968986988067626953125">
        <ele>5.80000019073486328125</ele>
        <time>2026-07-29T23:08:54.000Z</time>
        <extensions>
          <ns3:TrackPointExtension>
            <ns3:hr>129</ns3:hr>
            <ns3:cad>82</ns3:cad>
          </ns3:TrackPointExtension>
        </extensions>
      </trkpt>
      <trkpt lat="23.0498729646205902099609375" lon="113.30934978090226650238037109375">
        <ele>5.80000019073486328125</ele>
        <time>2026-07-29T23:08:55.000Z</time>
        <extensions>
          <ns3:TrackPointExtension>
            <ns3:hr>129</ns3:hr>
            <ns3:cad>82</ns3:cad>
          </ns3:TrackPointExtension>
        </extensions>
      </trkpt>
      <trkpt lat="23.0498741380870342254638671875" lon="113.30937735736370086669921875">
        <ele>5.80000019073486328125</ele>
        <time>2026-07-29T23:08:56.000Z</time>
        <extensions>
          <ns3:TrackPointExtension>
            <ns3:hr>129</ns3:hr>
            <ns3:cad>82</ns3:cad>
          </ns3:TrackPointExtension>
        </extensions>
      </trkpt>
      <trkpt lat="23.04987874813377857208251953125" lon="113.30939521081745624542236328125">
        <ele>6</ele>
        <time>2026-07-29T23:08:57.000Z</time>
        <extensions>
          <ns3:TrackPointExtension>
            <ns3:hr>129</ns3:hr>
            <ns3:cad>82</ns3:cad>
          </ns3:TrackPointExtension>
        </extensions>
      </trkpt>
      <trkpt lat="23.04987430572509765625" lon="113.30943007953464984893798828125">
        <ele>6</ele>
        <time>2026-07-29T23:08:58.000Z</time>
        <extensions>
          <ns3:TrackPointExtension>
            <ns3:hr>130</ns3:hr>
            <ns3:cad>82</ns3:cad>
          </ns3:TrackPointExtension>
        </extensions>
      </trkpt>
      <trkpt lat="23.0498748086392879486083984375" lon="113.30944835208356380462646484375">
        <ele>6</ele>
        <time>2026-07-29T23:08:59.000Z</time>
        <extensions>
          <ns3:TrackPointExtension>
            <ns3:hr>130</ns3:hr>
            <ns3:cad>83</ns3:cad>
          </ns3:TrackPointExtension>
        </extensions>
      </trkpt>
      <trkpt lat="23.0498821847140789031982421875" lon="113.30947299487888813018798828125">
        <ele>6</ele>
        <time>2026-07-29T23:09:00.000Z</time>
        <extensions>
          <ns3:TrackPointExtension>
            <ns3:hr>130</ns3:hr>
            <ns3:cad>83</ns3:cad>
          </ns3:TrackPointExtension>
        </extensions>
      </trkpt>
      <trkpt lat="23.0498795025050640106201171875" lon="113.3095029182732105255126953125">
        <ele>5.80000019073486328125</ele>
        <time>2026-07-29T23:09:01.000Z</time>
        <extensions>
          <ns3:TrackPointExtension>
            <ns3:hr>130</ns3:hr>
            <ns3:cad>83</ns3:cad>
          </ns3:TrackPointExtension>
        </extensions>
      </trkpt>
      <trkpt lat="23.04987925104796886444091796875" lon="113.309523873031139373779296875">
        <ele>5.80000019073486328125</ele>
        <time>2026-07-29T23:09:02.000Z</time>
        <extensions>
          <ns3:TrackPointExtension>
            <ns3:hr>130</ns3:hr>
            <ns3:cad>82</ns3:cad>
          </ns3:TrackPointExtension>
        </extensions>
      </trkpt>
      <trkpt lat="23.04988025687634944915771484375" lon="113.3095485158264636993408203125">
        <ele>6</ele>
        <time>2026-07-29T23:09:03.000Z</time>
        <extensions>
          <ns3:TrackPointExtension>
            <ns3:hr>130</ns3:hr>
            <ns3:cad>82</ns3:cad>
          </ns3:TrackPointExtension>
        </extensions>
      </trkpt>
      <trkpt lat="23.04987489245831966400146484375" lon="113.30956938676536083221435546875">
        <ele>6</ele>
        <time>2026-07-29T23:09:04.000Z</time>
        <extensions>
          <ns3:TrackPointExtension>
            <ns3:hr>131</ns3:hr>
            <ns3:cad>83</ns3:cad>
          </ns3:TrackPointExtension>
        </extensions>
      </trkpt>
      <trkpt lat="23.04988168179988861083984375" lon="113.309584893286228179931640625">
        <ele>6</ele>
        <time>2026-07-29T23:09:05.000Z</time>
        <extensions>
          <ns3:TrackPointExtension>
            <ns3:hr>131</ns3:hr>
            <ns3:cad>83</ns3:cad>
          </ns3:TrackPointExtension>
        </extensions>
      </trkpt>
      <trkpt lat="23.049881346523761749267578125" lon="113.30961741507053375244140625">
        <ele>6</ele>
        <time>2026-07-29T23:09:06.000Z</time>
        <extensions>
          <ns3:TrackPointExtension>
            <ns3:hr>132</ns3:hr>
            <ns3:cad>83</ns3:cad>
          </ns3:TrackPointExtension>
        </extensions>
      </trkpt>
      <trkpt lat="23.049883358180522918701171875" lon="113.309638202190399169921875">
        <ele>6</ele>
        <time>2026-07-29T23:09:07.000Z</time>
        <extensions>
          <ns3:TrackPointExtension>
            <ns3:hr>132</ns3:hr>
            <ns3:cad>83</ns3:cad>
          </ns3:TrackPointExtension>
        </extensions>
      </trkpt>
      <trkpt lat="23.049888722598552703857421875" lon="113.3096615038812160491943359375">
        <ele>6</ele>
        <time>2026-07-29T23:09:08.000Z</time>
        <extensions>
          <ns3:TrackPointExtension>
            <ns3:hr>132</ns3:hr>
            <ns3:cad>83</ns3:cad>
          </ns3:TrackPointExtension>
        </extensions>
      </trkpt>
      <trkpt lat="23.0498895607888698577880859375" lon="113.30969109199941158294677734375">
        <ele>5.80000019073486328125</ele>
        <time>2026-07-29T23:09:09.000Z</time>
        <extensions>
          <ns3:TrackPointExtension>
            <ns3:hr>132</ns3:hr>
            <ns3:cad>82</ns3:cad>
          </ns3:TrackPointExtension>
        </extensions>
      </trkpt>
      <trkpt lat="23.0498969368636608123779296875" lon="113.30970768816769123077392578125">
        <ele>5.80000019073486328125</ele>
        <time>2026-07-29T23:09:10.000Z</time>
        <extensions>
          <ns3:TrackPointExtension>
            <ns3:hr>132</ns3:hr>
            <ns3:cad>83</ns3:cad>
          </ns3:TrackPointExtension>
        </extensions>
      </trkpt>
      <trkpt lat="23.0498986132442951202392578125" lon="113.3097355999052524566650390625">
        <ele>5.80000019073486328125</ele>
        <time>2026-07-29T23:09:11.000Z</time>
        <extensions>
          <ns3:TrackPointExtension>
            <ns3:hr>132</ns3:hr>
            <ns3:cad>83</ns3:cad>
          </ns3:TrackPointExtension>
        </extensions>
      </trkpt>
      <trkpt lat="23.0498969368636608123779296875" lon="113.30975797958672046661376953125">
        <ele>5.80000019073486328125</ele>
        <time>2026-07-29T23:09:12.000Z</time>
        <extensions>
          <ns3:TrackPointExtension>
            <ns3:hr>132</ns3:hr>
            <ns3:cad>83</ns3:cad>
          </ns3:TrackPointExtension>
        </extensions>
      </trkpt>
      <trkpt lat="23.0499051511287689208984375" lon="113.30977558158338069915771484375">
        <ele>5.80000019073486328125</ele>
        <time>2026-07-29T23:09:13.000Z</time>
        <extensions>
          <ns3:TrackPointExtension>
            <ns3:hr>132</ns3:hr>
            <ns3:cad>82</ns3:cad>
          </ns3:TrackPointExtension>
        </extensions>
      </trkpt>
      <trkpt lat="23.04990791715681552886962890625" lon="113.30980810336768627166748046875">
        <ele>6</ele>
        <time>2026-07-29T23:09:14.000Z</time>
        <extensions>
          <ns3:TrackPointExtension>
            <ns3:hr>132</ns3:hr>
            <ns3:cad>82</ns3:cad>
          </ns3:TrackPointExtension>
        </extensions>
      </trkpt>
      <trkpt lat="23.04991043172776699066162109375" lon="113.3098244480788707733154296875">
        <ele>6</ele>
        <time>2026-07-29T23:09:15.000Z</time>
        <extensions>
          <ns3:TrackPointExtension>
            <ns3:hr>132</ns3:hr>
            <ns3:cad>82</ns3:cad>
          </ns3:TrackPointExtension>
        </extensions>
      </trkpt>
      <trkpt lat="23.04991789162158966064453125" lon="113.30985076725482940673828125">
        <ele>6</ele>
        <time>2026-07-29T23:09:16.000Z</time>
        <extensions>
          <ns3:TrackPointExtension>
            <ns3:hr>132</ns3:hr>
            <ns3:cad>82</ns3:cad>
          </ns3:TrackPointExtension>
        </extensions>
      </trkpt>
      <trkpt lat="23.0499120242893695831298828125" lon="113.30987624824047088623046875">
        <ele>6</ele>
        <time>2026-07-29T23:09:17.000Z</time>
        <extensions>
          <ns3:TrackPointExtension>
            <ns3:hr>132</ns3:hr>
            <ns3:cad>82</ns3:cad>
          </ns3:TrackPointExtension>
        </extensions>
      </trkpt>
      <trkpt lat="23.0499194003641605377197265625" lon="113.3098918385803699493408203125">
        <ele>6</ele>
        <time>2026-07-29T23:09:18.000Z</time>
        <extensions>
          <ns3:TrackPointExtension>
            <ns3:hr>132</ns3:hr>
            <ns3:cad>82</ns3:cad>
          </ns3:TrackPointExtension>
        </extensions>
      </trkpt>
      <trkpt lat="23.04991797544062137603759765625" lon="113.30992494709789752960205078125">
        <ele>6</ele>
        <time>2026-07-29T23:09:19.000Z</time>
        <extensions>
          <ns3:TrackPointExtension>
            <ns3:hr>133</ns3:hr>
            <ns3:cad>82</ns3:cad>
          </ns3:TrackPointExtension>
        </extensions>
      </trkpt>
      <trkpt lat="23.04991629905998706817626953125" lon="113.3099424652755260467529296875">
        <ele>6</ele>
        <time>2026-07-29T23:09:20.000Z</time>
        <extensions>
          <ns3:TrackPointExtension>
            <ns3:hr>132</ns3:hr>
            <ns3:cad>82</ns3:cad>
          </ns3:TrackPointExtension>
        </extensions>
      </trkpt>
      <trkpt lat="23.04992568679153919219970703125" lon="113.30996342003345489501953125">
        <ele>6</ele>
        <time>2026-07-29T23:09:21.000Z</time>
        <extensions>
          <ns3:TrackPointExtension>
            <ns3:hr>133</ns3:hr>
            <ns3:cad>82</ns3:cad>
          </ns3:TrackPointExtension>
        </extensions>
      </trkpt>
      <trkpt lat="23.04992535151541233062744140625" lon="113.30999166704714298248291015625">
        <ele>6</ele>
        <time>2026-07-29T23:09:22.000Z</time>
        <extensions>
          <ns3:TrackPointExtension>
            <ns3:hr>133</ns3:hr>
            <ns3:cad>83</ns3:cad>
          </ns3:TrackPointExtension>
        </extensions>
      </trkpt>
      <trkpt lat="23.049918897449970245361328125" lon="113.31001044251024723052978515625">
        <ele>6</ele>
        <time>2026-07-29T23:09:23.000Z</time>
        <extensions>
          <ns3:TrackPointExtension>
            <ns3:hr>133</ns3:hr>
            <ns3:cad>83</ns3:cad>
          </ns3:TrackPointExtension>
        </extensions>
      </trkpt>
      <trkpt lat="23.049919903278350830078125" lon="113.31003424711525440216064453125">
        <ele>6</ele>
        <time>2026-07-29T23:09:24.000Z</time>
        <extensions>
          <ns3:TrackPointExtension>
            <ns3:hr>133</ns3:hr>
            <ns3:cad>83</ns3:cad>
          </ns3:TrackPointExtension>
        </extensions>
      </trkpt>
      <trkpt lat="23.04991244338452816009521484375" lon="113.310063667595386505126953125">
        <ele>5.80000019073486328125</ele>
        <time>2026-07-29T23:09:25.000Z</time>
        <extensions>
          <ns3:TrackPointExtension>
            <ns3:hr>133</ns3:hr>
            <ns3:cad>83</ns3:cad>
          </ns3:TrackPointExtension>
        </extensions>
      </trkpt>
      <trkpt lat="23.04991655051708221435546875" lon="113.31007917411625385284423828125">
        <ele>5.80000019073486328125</ele>
        <time>2026-07-29T23:09:26.000Z</time>
        <extensions>
          <ns3:TrackPointExtension>
            <ns3:hr>133</ns3:hr>
            <ns3:cad>82</ns3:cad>
          </ns3:TrackPointExtension>
        </extensions>
      </trkpt>
      <trkpt lat="23.04992384277284145355224609375" lon="113.31010901369154453277587890625">
        <ele>5.80000019073486328125</ele>
        <time>2026-07-29T23:09:27.000Z</time>
        <extensions>
          <ns3:TrackPointExtension>
            <ns3:hr>133</ns3:hr>
            <ns3:cad>82</ns3:cad>
          </ns3:TrackPointExtension>
        </extensions>
      </trkpt>
      <trkpt lat="23.04992417804896831512451171875" lon="113.31012628041207790374755859375">
        <ele>5.80000019073486328125</ele>
        <time>2026-07-29T23:09:28.000Z</time>
        <extensions>
          <ns3:TrackPointExtension>
            <ns3:hr>133</ns3:hr>
            <ns3:cad>81</ns3:cad>
          </ns3:TrackPointExtension>
        </extensions>
      </trkpt>
      <trkpt lat="23.0499338172376155853271484375" lon="113.31015243194997310638427734375">
        <ele>5.80000019073486328125</ele>
        <time>2026-07-29T23:09:29.000Z</time>
        <extensions>
          <ns3:TrackPointExtension>
            <ns3:hr>133</ns3:hr>
            <ns3:cad>81</ns3:cad>
          </ns3:TrackPointExtension>
        </extensions>
      </trkpt>
      <trkpt lat="23.0499375052750110626220703125" lon="113.31018202006816864013671875">
        <ele>5.80000019073486328125</ele>
        <time>2026-07-29T23:09:30.000Z</time>
        <extensions>
          <ns3:TrackPointExtension>
            <ns3:hr>134</ns3:hr>
            <ns3:cad>82</ns3:cad>
          </ns3:TrackPointExtension>
        </extensions>
      </trkpt>
      <trkpt lat="23.04993800818920135498046875" lon="113.31019953824579715728759765625">
        <ele>5.599999904632568359375</ele>
        <time>2026-07-29T23:09:31.000Z</time>
        <extensions>
          <ns3:TrackPointExtension>
            <ns3:hr>134</ns3:hr>
            <ns3:cad>82</ns3:cad>
          </ns3:TrackPointExtension>
        </extensions>
      </trkpt>
      <trkpt lat="23.049940355122089385986328125" lon="113.3102318085730075836181640625">
        <ele>5.599999904632568359375</ele>
        <time>2026-07-29T23:09:32.000Z</time>
        <extensions>
          <ns3:TrackPointExtension>
            <ns3:hr>134</ns3:hr>
            <ns3:cad>83</ns3:cad>
          </ns3:TrackPointExtension>
        </extensions>
      </trkpt>
      <trkpt lat="23.04993440397083759307861328125" lon="113.3102582953870296478271484375">
        <ele>5.599999904632568359375</ele>
        <time>2026-07-29T23:09:33.000Z</time>
        <extensions>
          <ns3:TrackPointExtension>
            <ns3:hr>134</ns3:hr>
            <ns3:cad>83</ns3:cad>
          </ns3:TrackPointExtension>
        </extensions>
      </trkpt>
      <trkpt lat="23.04993792437016963958740234375" lon="113.31027598120272159576416015625">
        <ele>5.80000019073486328125</ele>
        <time>2026-07-29T23:09:34.000Z</time>
        <extensions>
          <ns3:TrackPointExtension>
            <ns3:hr>134</ns3:hr>
            <ns3:cad>83</ns3:cad>
          </ns3:TrackPointExtension>
        </extensions>
      </trkpt>
      <trkpt lat="23.0499375052750110626220703125" lon="113.31030632369220256805419921875">
        <ele>5.80000019073486328125</ele>
        <time>2026-07-29T23:09:35.000Z</time>
        <extensions>
          <ns3:TrackPointExtension>
            <ns3:hr>135</ns3:hr>
            <ns3:cad>82</ns3:cad>
          </ns3:TrackPointExtension>
        </extensions>
      </trkpt>
      <trkpt lat="23.04993188939988613128662109375" lon="113.3103307150304317474365234375">
        <ele>5.80000019073486328125</ele>
        <time>2026-07-29T23:09:36.000Z</time>
        <extensions>
          <ns3:TrackPointExtension>
            <ns3:hr>135</ns3:hr>
            <ns3:cad>82</ns3:cad>
          </ns3:TrackPointExtension>
        </extensions>
      </trkpt>
      <trkpt lat="23.0499257706105709075927734375" lon="113.3103518374264240264892578125">
        <ele>6</ele>
        <time>2026-07-29T23:09:37.000Z</time>
        <extensions>
          <ns3:TrackPointExtension>
            <ns3:hr>135</ns3:hr>
            <ns3:cad>82</ns3:cad>
          </ns3:TrackPointExtension>
        </extensions>
      </trkpt>
      <trkpt lat="23.04991043172776699066162109375" lon="113.31037421710789203643798828125">
        <ele>6</ele>
        <time>2026-07-29T23:09:38.000Z</time>
        <extensions>
          <ns3:TrackPointExtension>
            <ns3:hr>135</ns3:hr>
            <ns3:cad>82</ns3:cad>
          </ns3:TrackPointExtension>
        </extensions>
      </trkpt>
      <trkpt lat="23.04990020580589771270751953125" lon="113.31038427539169788360595703125">
        <ele>6</ele>
        <time>2026-07-29T23:09:39.000Z</time>
        <extensions>
          <ns3:TrackPointExtension>
            <ns3:hr>135</ns3:hr>
            <ns3:cad>82</ns3:cad>
          </ns3:TrackPointExtension>
        </extensions>
      </trkpt>
      <trkpt lat="23.049884699285030364990234375" lon="113.31039701588451862335205078125">
        <ele>5.80000019073486328125</ele>
        <time>2026-07-29T23:09:40.000Z</time>
        <extensions>
          <ns3:TrackPointExtension>
            <ns3:hr>135</ns3:hr>
            <ns3:cad>82</ns3:cad>
          </ns3:TrackPointExtension>
        </extensions>
      </trkpt>
      <trkpt lat="23.0498674325644969940185546875" lon="113.310404308140277862548828125">
        <ele>5.80000019073486328125</ele>
        <time>2026-07-29T23:09:41.000Z</time>
        <extensions>
          <ns3:TrackPointExtension>
            <ns3:hr>135</ns3:hr>
            <ns3:cad>82</ns3:cad>
          </ns3:TrackPointExtension>
        </extensions>
      </trkpt>
      <trkpt lat="23.04984941147267818450927734375" lon="113.31041361205279827117919921875">
        <ele>5.599999904632568359375</ele>
        <time>2026-07-29T23:09:42.000Z</time>
        <extensions>
          <ns3:TrackPointExtension>
            <ns3:hr>135</ns3:hr>
            <ns3:cad>82</ns3:cad>
          </ns3:TrackPointExtension>
        </extensions>
      </trkpt>
      <trkpt lat="23.049834072589874267578125" lon="113.3104148693382740020751953125">
        <ele>5.400000095367431640625</ele>
        <time>2026-07-29T23:09:43.000Z</time>
        <extensions>
          <ns3:TrackPointExtension>
            <ns3:hr>135</ns3:hr>
            <ns3:cad>81</ns3:cad>
          </ns3:TrackPointExtension>
        </extensions>
      </trkpt>
      <trkpt lat="23.04981169290840625762939453125" lon="113.31041662953794002532958984375">
        <ele>5.400000095367431640625</ele>
        <time>2026-07-29T23:09:44.000Z</time>
        <extensions>
          <ns3:TrackPointExtension>
            <ns3:hr>134</ns3:hr>
            <ns3:cad>81</ns3:cad>
          </ns3:TrackPointExtension>
        </extensions>
      </trkpt>
      <trkpt lat="23.04979023523628711700439453125" lon="113.310419060289859771728515625">
        <ele>5.19999980926513671875</ele>
        <time>2026-07-29T23:09:45.000Z</time>
        <extensions>
          <ns3:TrackPointExtension>
            <ns3:hr>134</ns3:hr>
            <ns3:cad>81</ns3:cad>
          </ns3:TrackPointExtension>
        </extensions>
      </trkpt>
      <trkpt lat="23.04976500570774078369140625" lon="113.31041713245213031768798828125">
        <ele>5</ele>
        <time>2026-07-29T23:09:46.000Z</time>
        <extensions>
          <ns3:TrackPointExtension>
            <ns3:hr>135</ns3:hr>
            <ns3:cad>80</ns3:cad>
          </ns3:TrackPointExtension>
        </extensions>
      </trkpt>
      <trkpt lat="23.04973843507468700408935546875" lon="113.310417048633098602294921875">
        <ele>4.80000019073486328125</ele>
        <time>2026-07-29T23:09:47.000Z</time>
        <extensions>
          <ns3:TrackPointExtension>
            <ns3:hr>135</ns3:hr>
            <ns3:cad>80</ns3:cad>
          </ns3:TrackPointExtension>
        </extensions>
      </trkpt>
      <trkpt lat="23.04971597157418727874755859375" lon="113.31041269004344940185546875">
        <ele>4.80000019073486328125</ele>
        <time>2026-07-29T23:09:48.000Z</time>
        <extensions>
          <ns3:TrackPointExtension>
            <ns3:hr>135</ns3:hr>
            <ns3:cad>80</ns3:cad>
          </ns3:TrackPointExtension>
        </extensions>
      </trkpt>
      <trkpt lat="23.04968453943729400634765625" lon="113.31041403114795684814453125">
        <ele>4.599999904632568359375</ele>
        <time>2026-07-29T23:09:49.000Z</time>
        <extensions>
          <ns3:TrackPointExtension>
            <ns3:hr>135</ns3:hr>
            <ns3:cad>80</ns3:cad>
          </ns3:TrackPointExtension>
        </extensions>
      </trkpt>
      <trkpt lat="23.0496625788509845733642578125" lon="113.31041897647082805633544921875">
        <ele>4.599999904632568359375</ele>
        <time>2026-07-29T23:09:50.000Z</time>
        <extensions>
          <ns3:TrackPointExtension>
            <ns3:hr>134</ns3:hr>
            <ns3:cad>81</ns3:cad>
          </ns3:TrackPointExtension>
        </extensions>
      </trkpt>
      <trkpt lat="23.04964204318821430206298828125" lon="113.31041864119470119476318359375">
        <ele>4.400000095367431640625</ele>
        <time>2026-07-29T23:09:51.000Z</time>
        <extensions>
          <ns3:TrackPointExtension>
            <ns3:hr>133</ns3:hr>
            <ns3:cad>81</ns3:cad>
          </ns3:TrackPointExtension>
        </extensions>
      </trkpt>
      <trkpt lat="23.049615807831287384033203125" lon="113.310411684215068817138671875">
        <ele>4.400000095367431640625</ele>
        <time>2026-07-29T23:09:52.000Z</time>
        <extensions>
          <ns3:TrackPointExtension>
            <ns3:hr>133</ns3:hr>
            <ns3:cad>80</ns3:cad>
          </ns3:TrackPointExtension>
        </extensions>
      </trkpt>
      <trkpt lat="23.04959828965365886688232421875" lon="113.31040355376899242401123046875">
        <ele>4.400000095367431640625</ele>
        <time>2026-07-29T23:09:53.000Z</time>
        <extensions>
          <ns3:TrackPointExtension>
            <ns3:hr>132</ns3:hr>
            <ns3:cad>80</ns3:cad>
          </ns3:TrackPointExtension>
        </extensions>
      </trkpt>
      <trkpt lat="23.04958320222795009613037109375" lon="113.31040120683610439300537109375">
        <ele>4.400000095367431640625</ele>
        <time>2026-07-29T23:09:54.000Z</time>
        <extensions>
          <ns3:TrackPointExtension>
            <ns3:hr>131</ns3:hr>
            <ns3:cad>81</ns3:cad>
          </ns3:TrackPointExtension>
        </extensions>
      </trkpt>
      <trkpt lat="23.04955939762294292449951171875" lon="113.31040062010288238525390625">
        <ele>4.400000095367431640625</ele>
        <time>2026-07-29T23:09:55.000Z</time>
        <extensions>
          <ns3:TrackPointExtension>
            <ns3:hr>131</ns3:hr>
            <ns3:cad>81</ns3:cad>
          </ns3:TrackPointExtension>
        </extensions>
      </trkpt>
      <trkpt lat="23.04953861050307750701904296875" lon="113.3103954233229160308837890625">
        <ele>4.400000095367431640625</ele>
        <time>2026-07-29T23:09:56.000Z</time>
        <extensions>
          <ns3:TrackPointExtension>
            <ns3:hr>131</ns3:hr>
            <ns3:cad>81</ns3:cad>
          </ns3:TrackPointExtension>
        </extensions>
      </trkpt>
      <trkpt lat="23.0495190806686878204345703125" lon="113.31039500422775745391845703125">
        <ele>4.400000095367431640625</ele>
        <time>2026-07-29T23:09:57.000Z</time>
        <extensions>
          <ns3:TrackPointExtension>
            <ns3:hr>131</ns3:hr>
            <ns3:cad>81</ns3:cad>
          </ns3:TrackPointExtension>
        </extensions>
      </trkpt>
      <trkpt lat="23.04948915727436542510986328125" lon="113.3104038052260875701904296875">
        <ele>4.400000095367431640625</ele>
        <time>2026-07-29T23:09:58.000Z</time>
        <extensions>
          <ns3:TrackPointExtension>
            <ns3:hr>131</ns3:hr>
            <ns3:cad>81</ns3:cad>
          </ns3:TrackPointExtension>
        </extensions>
      </trkpt>
      <trkpt lat="23.049477003514766693115234375" lon="113.3104111813008785247802734375">
        <ele>4.19999980926513671875</ele>
        <time>2026-07-29T23:09:59.000Z</time>
        <extensions>
          <ns3:TrackPointExtension>
            <ns3:hr>132</ns3:hr>
            <ns3:cad>81</ns3:cad>
          </ns3:TrackPointExtension>
        </extensions>
      </trkpt>
      <trkpt lat="23.04946057498455047607421875" lon="113.310427777469158172607421875">
        <ele>4.19999980926513671875</ele>
        <time>2026-07-29T23:10:00.000Z</time>
        <extensions>
          <ns3:TrackPointExtension>
            <ns3:hr>131</ns3:hr>
            <ns3:cad>81</ns3:cad>
          </ns3:TrackPointExtension>
        </extensions>
      </trkpt>
      <trkpt lat="23.0494463257491588592529296875" lon="113.310450576245784759521484375">
        <ele>4.19999980926513671875</ele>
        <time>2026-07-29T23:10:01.000Z</time>
        <extensions>
          <ns3:TrackPointExtension>
            <ns3:hr>131</ns3:hr>
            <ns3:cad>81</ns3:cad>
          </ns3:TrackPointExtension>
        </extensions>
      </trkpt>
      <trkpt lat="23.0494456551969051361083984375" lon="113.31046759150922298431396484375">
        <ele>4.19999980926513671875</ele>
        <time>2026-07-29T23:10:02.000Z</time>
        <extensions>
          <ns3:TrackPointExtension>
            <ns3:hr>131</ns3:hr>
            <ns3:cad>81</ns3:cad>
          </ns3:TrackPointExtension>
        </extensions>
      </trkpt>
      <trkpt lat="23.049442470073699951171875" lon="113.31049315631389617919921875">
        <ele>4.19999980926513671875</ele>
        <time>2026-07-29T23:10:03.000Z</time>
        <extensions>
          <ns3:TrackPointExtension>
            <ns3:hr>131</ns3:hr>
            <ns3:cad>81</ns3:cad>
          </ns3:TrackPointExtension>
        </extensions>
      </trkpt>
      <trkpt lat="23.04943970404565334320068359375" lon="113.31051184795796871185302734375">
        <ele>4.400000095367431640625</ele>
        <time>2026-07-29T23:10:04.000Z</time>
        <extensions>
          <ns3:TrackPointExtension>
            <ns3:hr>131</ns3:hr>
            <ns3:cad>81</ns3:cad>
          </ns3:TrackPointExtension>
        </extensions>
      </trkpt>
      <trkpt lat="23.04944339208304882049560546875" lon="113.3105345629155635833740234375">
        <ele>4.400000095367431640625</ele>
        <time>2026-07-29T23:10:05.000Z</time>
        <extensions>
          <ns3:TrackPointExtension>
            <ns3:hr>130</ns3:hr>
            <ns3:cad>81</ns3:cad>
          </ns3:TrackPointExtension>
        </extensions>
      </trkpt>
      <trkpt lat="23.0494423024356365203857421875" lon="113.31056666560471057891845703125">
        <ele>4.400000095367431640625</ele>
        <time>2026-07-29T23:10:06.000Z</time>
        <extensions>
          <ns3:TrackPointExtension>
            <ns3:hr>130</ns3:hr>
            <ns3:cad>81</ns3:cad>
          </ns3:TrackPointExtension>
        </extensions>
      </trkpt>
      <trkpt lat="23.04944406263530254364013671875" lon="113.31058007664978504180908203125">
        <ele>4.400000095367431640625</ele>
        <time>2026-07-29T23:10:07.000Z</time>
        <extensions>
          <ns3:TrackPointExtension>
            <ns3:hr>130</ns3:hr>
            <ns3:cad>81</ns3:cad>
          </ns3:TrackPointExtension>
        </extensions>
      </trkpt>
      <trkpt lat="23.04944540373980998992919921875" lon="113.31060404889285564422607421875">
        <ele>4.400000095367431640625</ele>
        <time>2026-07-29T23:10:08.000Z</time>
        <extensions>
          <ns3:TrackPointExtension>
            <ns3:hr>130</ns3:hr>
            <ns3:cad>81</ns3:cad>
          </ns3:TrackPointExtension>
        </extensions>
      </trkpt>
      <trkpt lat="23.04944607429206371307373046875" lon="113.31062718294560909271240234375">
        <ele>4.19999980926513671875</ele>
        <time>2026-07-29T23:10:09.000Z</time>
        <extensions>
          <ns3:TrackPointExtension>
            <ns3:hr>131</ns3:hr>
            <ns3:cad>81</ns3:cad>
          </ns3:TrackPointExtension>
        </extensions>
      </trkpt>
      <trkpt lat="23.049446828663349151611328125" lon="113.3106441982090473175048828125">
        <ele>4.19999980926513671875</ele>
        <time>2026-07-29T23:10:10.000Z</time>
        <extensions>
          <ns3:TrackPointExtension>
            <ns3:hr>130</ns3:hr>
            <ns3:cad>81</ns3:cad>
          </ns3:TrackPointExtension>
        </extensions>
      </trkpt>
      <trkpt lat="23.04944054223597049713134765625" lon="113.310663811862468719482421875">
        <ele>4.19999980926513671875</ele>
        <time>2026-07-29T23:10:11.000Z</time>
        <extensions>
          <ns3:TrackPointExtension>
            <ns3:hr>130</ns3:hr>
            <ns3:cad>81</ns3:cad>
          </ns3:TrackPointExtension>
        </extensions>
      </trkpt>
      <trkpt lat="23.04943903349339962005615234375" lon="113.31068702973425388336181640625">
        <ele>4</ele>
        <time>2026-07-29T23:10:12.000Z</time>
        <extensions>
          <ns3:TrackPointExtension>
            <ns3:hr>131</ns3:hr>
            <ns3:cad>81</ns3:cad>
          </ns3:TrackPointExtension>
        </extensions>
      </trkpt>
      <trkpt lat="23.04943651892244815826416015625" lon="113.3107097446918487548828125">
        <ele>4</ele>
        <time>2026-07-29T23:10:13.000Z</time>
        <extensions>
          <ns3:TrackPointExtension>
            <ns3:hr>131</ns3:hr>
            <ns3:cad>81</ns3:cad>
          </ns3:TrackPointExtension>
        </extensions>
      </trkpt>
      <trkpt lat="23.0494362674653530120849609375" lon="113.310737572610378265380859375">
        <ele>4</ele>
        <time>2026-07-29T23:10:14.000Z</time>
        <extensions>
          <ns3:TrackPointExtension>
            <ns3:hr>132</ns3:hr>
            <ns3:cad>82</ns3:cad>
          </ns3:TrackPointExtension>
        </extensions>
      </trkpt>
      <trkpt lat="23.04943534545600414276123046875" lon="113.3107580244541168212890625">
        <ele>4</ele>
        <time>2026-07-29T23:10:15.000Z</time>
        <extensions>
          <ns3:TrackPointExtension>
            <ns3:hr>132</ns3:hr>
            <ns3:cad>82</ns3:cad>
          </ns3:TrackPointExtension>
        </extensions>
      </trkpt>
      <trkpt lat="23.04943635128438472747802734375" lon="113.31078174524009227752685546875">
        <ele>4.19999980926513671875</ele>
        <time>2026-07-29T23:10:16.000Z</time>
        <extensions>
          <ns3:TrackPointExtension>
            <ns3:hr>132</ns3:hr>
            <ns3:cad>82</ns3:cad>
          </ns3:TrackPointExtension>
        </extensions>
      </trkpt>
      <trkpt lat="23.04943266324698925018310546875" lon="113.31080554984509944915771484375">
        <ele>4.19999980926513671875</ele>
        <time>2026-07-29T23:10:17.000Z</time>
        <extensions>
          <ns3:TrackPointExtension>
            <ns3:hr>132</ns3:hr>
            <ns3:cad>82</ns3:cad>
          </ns3:TrackPointExtension>
        </extensions>
      </trkpt>
      <trkpt lat="23.0494304001331329345703125" lon="113.31083203665912151336669921875">
        <ele>4.400000095367431640625</ele>
        <time>2026-07-29T23:10:18.000Z</time>
        <extensions>
          <ns3:TrackPointExtension>
            <ns3:hr>132</ns3:hr>
            <ns3:cad>82</ns3:cad>
          </ns3:TrackPointExtension>
        </extensions>
      </trkpt>
      <trkpt lat="23.04943165741860866546630859375" lon="113.31085097976028919219970703125">
        <ele>4.400000095367431640625</ele>
        <time>2026-07-29T23:10:19.000Z</time>
        <extensions>
          <ns3:TrackPointExtension>
            <ns3:hr>131</ns3:hr>
            <ns3:cad>82</ns3:cad>
          </ns3:TrackPointExtension>
        </extensions>
      </trkpt>
      <trkpt lat="23.04942905902862548828125" lon="113.310875035822391510009765625">
        <ele>4.400000095367431640625</ele>
        <time>2026-07-29T23:10:20.000Z</time>
        <extensions>
          <ns3:TrackPointExtension>
            <ns3:hr>131</ns3:hr>
            <ns3:cad>81</ns3:cad>
          </ns3:TrackPointExtension>
        </extensions>
      </trkpt>
      <trkpt lat="23.0494252033531665802001953125" lon="113.31089439801871776580810546875">
        <ele>4.400000095367431640625</ele>
        <time>2026-07-29T23:10:21.000Z</time>
        <extensions>
          <ns3:TrackPointExtension>
            <ns3:hr>131</ns3:hr>
            <ns3:cad>81</ns3:cad>
          </ns3:TrackPointExtension>
        </extensions>
      </trkpt>
      <trkpt lat="23.0494250357151031494140625" lon="113.31091669388115406036376953125">
        <ele>4.400000095367431640625</ele>
        <time>2026-07-29T23:10:22.000Z</time>
        <extensions>
          <ns3:TrackPointExtension>
            <ns3:hr>131</ns3:hr>
            <ns3:cad>81</ns3:cad>
          </ns3:TrackPointExtension>
        </extensions>
      </trkpt>
      <trkpt lat="23.0494218505918979644775390625" lon="113.31093840301036834716796875">
        <ele>4.599999904632568359375</ele>
        <time>2026-07-29T23:10:23.000Z</time>
        <extensions>
          <ns3:TrackPointExtension>
            <ns3:hr>132</ns3:hr>
            <ns3:cad>81</ns3:cad>
          </ns3:TrackPointExtension>
        </extensions>
      </trkpt>
      <trkpt lat="23.04941589944064617156982421875" lon="113.31096530891954898834228515625">
        <ele>4.599999904632568359375</ele>
        <time>2026-07-29T23:10:24.000Z</time>
        <extensions>
          <ns3:TrackPointExtension>
            <ns3:hr>132</ns3:hr>
            <ns3:cad>81</ns3:cad>
          </ns3:TrackPointExtension>
        </extensions>
      </trkpt>
      <trkpt lat="23.04941589944064617156982421875" lon="113.310979641973972320556640625">
        <ele>4.599999904632568359375</ele>
        <time>2026-07-29T23:10:25.000Z</time>
        <extensions>
          <ns3:TrackPointExtension>
            <ns3:hr>132</ns3:hr>
            <ns3:cad>81</ns3:cad>
          </ns3:TrackPointExtension>
        </extensions>
      </trkpt>
      <trkpt lat="23.0494127981364727020263671875" lon="113.3110042847692966461181640625">
        <ele>4.599999904632568359375</ele>
        <time>2026-07-29T23:10:26.000Z</time>
        <extensions>
          <ns3:TrackPointExtension>
            <ns3:hr>132</ns3:hr>
            <ns3:cad>81</ns3:cad>
          </ns3:TrackPointExtension>
        </extensions>
      </trkpt>
      <trkpt lat="23.04941070266067981719970703125" lon="113.31102691590785980224609375">
        <ele>4.400000095367431640625</ele>
        <time>2026-07-29T23:10:27.000Z</time>
        <extensions>
          <ns3:TrackPointExtension>
            <ns3:hr>131</ns3:hr>
            <ns3:cad>81</ns3:cad>
          </ns3:TrackPointExtension>
        </extensions>
      </trkpt>
      <trkpt lat="23.04940885864198207855224609375" lon="113.3110492117702960968017578125">
        <ele>4.19999980926513671875</ele>
        <time>2026-07-29T23:10:28.000Z</time>
        <extensions>
          <ns3:TrackPointExtension>
            <ns3:hr>131</ns3:hr>
            <ns3:cad>82</ns3:cad>
          </ns3:TrackPointExtension>
        </extensions>
      </trkpt>
      <trkpt lat="23.0494104512035846710205078125" lon="113.3110686577856540679931640625">
        <ele>4.19999980926513671875</ele>
        <time>2026-07-29T23:10:29.000Z</time>
        <extensions>
          <ns3:TrackPointExtension>
            <ns3:hr>131</ns3:hr>
            <ns3:cad>82</ns3:cad>
          </ns3:TrackPointExtension>
        </extensions>
      </trkpt>
      <trkpt lat="23.04940500296652317047119140625" lon="113.3110879361629486083984375">
        <ele>4.19999980926513671875</ele>
        <time>2026-07-29T23:10:30.000Z</time>
        <extensions>
          <ns3:TrackPointExtension>
            <ns3:hr>131</ns3:hr>
            <ns3:cad>82</ns3:cad>
          </ns3:TrackPointExtension>
        </extensions>
      </trkpt>
      <trkpt lat="23.049388825893402099609375" lon="113.31110998056828975677490234375">
        <ele>4.400000095367431640625</ele>
        <time>2026-07-29T23:10:31.000Z</time>
        <extensions>
          <ns3:TrackPointExtension>
            <ns3:hr>132</ns3:hr>
            <ns3:cad>82</ns3:cad>
          </ns3:TrackPointExtension>
        </extensions>
      </trkpt>
      <trkpt lat="23.049382455646991729736328125" lon="113.31112741492688655853271484375">
        <ele>4.400000095367431640625</ele>
        <time>2026-07-29T23:10:32.000Z</time>
        <extensions>
          <ns3:TrackPointExtension>
            <ns3:hr>132</ns3:hr>
            <ns3:cad>82</ns3:cad>
          </ns3:TrackPointExtension>
        </extensions>
      </trkpt>
      <trkpt lat="23.04937784560024738311767578125" lon="113.31115088425576686859130859375">
        <ele>4.400000095367431640625</ele>
        <time>2026-07-29T23:10:33.000Z</time>
        <extensions>
          <ns3:TrackPointExtension>
            <ns3:hr>131</ns3:hr>
            <ns3:cad>82</ns3:cad>
          </ns3:TrackPointExtension>
        </extensions>
      </trkpt>
      <trkpt lat="23.0493618361651897430419921875" lon="113.31117804162204265594482421875">
        <ele>4.400000095367431640625</ele>
        <time>2026-07-29T23:10:34.000Z</time>
        <extensions>
          <ns3:TrackPointExtension>
            <ns3:hr>131</ns3:hr>
            <ns3:cad>81</ns3:cad>
          </ns3:TrackPointExtension>
        </extensions>
      </trkpt>
      <trkpt lat="23.049352951347827911376953125" lon="113.31119111739099025726318359375">
        <ele>4.400000095367431640625</ele>
        <time>2026-07-29T23:10:35.000Z</time>
        <extensions>
          <ns3:TrackPointExtension>
            <ns3:hr>131</ns3:hr>
            <ns3:cad>81</ns3:cad>
          </ns3:TrackPointExtension>
        </extensions>
      </trkpt>
      <trkpt lat="23.04934255778789520263671875" lon="113.3112114854156970977783203125">
        <ele>4.599999904632568359375</ele>
        <time>2026-07-29T23:10:36.000Z</time>
        <extensions>
          <ns3:TrackPointExtension>
            <ns3:hr>131</ns3:hr>
            <ns3:cad>81</ns3:cad>
          </ns3:TrackPointExtension>
        </extensions>
      </trkpt>
      <trkpt lat="23.049327470362186431884765625" lon="113.311230428516864776611328125">
        <ele>4.599999904632568359375</ele>
        <time>2026-07-29T23:10:37.000Z</time>
        <extensions>
          <ns3:TrackPointExtension>
            <ns3:hr>131</ns3:hr>
            <ns3:cad>81</ns3:cad>
          </ns3:TrackPointExtension>
        </extensions>
      </trkpt>
      <trkpt lat="23.04932118393480777740478515625" lon="113.31124174408614635467529296875">
        <ele>4.80000019073486328125</ele>
        <time>2026-07-29T23:10:38.000Z</time>
        <extensions>
          <ns3:TrackPointExtension>
            <ns3:hr>132</ns3:hr>
            <ns3:cad>81</ns3:cad>
          </ns3:TrackPointExtension>
        </extensions>
      </trkpt>
      <trkpt lat="23.04930777288973331451416015625" lon="113.31126521341502666473388671875">
        <ele>5</ele>
        <time>2026-07-29T23:10:39.000Z</time>
        <extensions>
          <ns3:TrackPointExtension>
            <ns3:hr>132</ns3:hr>
            <ns3:cad>81</ns3:cad>
          </ns3:TrackPointExtension>
        </extensions>
      </trkpt>
      <trkpt lat="23.04929670877754688262939453125" lon="113.31128197722136974334716796875">
        <ele>5</ele>
        <time>2026-07-29T23:10:40.000Z</time>
        <extensions>
          <ns3:TrackPointExtension>
            <ns3:hr>131</ns3:hr>
            <ns3:cad>81</ns3:cad>
          </ns3:TrackPointExtension>
        </extensions>
      </trkpt>
      <trkpt lat="23.049290589988231658935546875" lon="113.31130008213222026824951171875">
        <ele>5.19999980926513671875</ele>
        <time>2026-07-29T23:10:41.000Z</time>
        <extensions>
          <ns3:TrackPointExtension>
            <ns3:hr>131</ns3:hr>
            <ns3:cad>81</ns3:cad>
          </ns3:TrackPointExtension>
        </extensions>
      </trkpt>
      <trkpt lat="23.04927458055317401885986328125" lon="113.311325646936893463134765625">
        <ele>5.400000095367431640625</ele>
        <time>2026-07-29T23:10:42.000Z</time>
        <extensions>
          <ns3:TrackPointExtension>
            <ns3:hr>131</ns3:hr>
            <ns3:cad>81</ns3:cad>
          </ns3:TrackPointExtension>
        </extensions>
      </trkpt>
      <trkpt lat="23.0492646060883998870849609375" lon="113.3113405667245388031005859375">
        <ele>5.400000095367431640625</ele>
        <time>2026-07-29T23:10:43.000Z</time>
        <extensions>
          <ns3:TrackPointExtension>
            <ns3:hr>131</ns3:hr>
            <ns3:cad>81</ns3:cad>
          </ns3:TrackPointExtension>
        </extensions>
      </trkpt>
      <trkpt lat="23.0492579005658626556396484375" lon="113.31135959364473819732666015625">
        <ele>5.400000095367431640625</ele>
        <time>2026-07-29T23:10:44.000Z</time>
        <extensions>
          <ns3:TrackPointExtension>
            <ns3:hr>132</ns3:hr>
            <ns3:cad>81</ns3:cad>
          </ns3:TrackPointExtension>
        </extensions>
      </trkpt>
      <trkpt lat="23.04924197494983673095703125" lon="113.31138105131685733795166015625">
        <ele>5.599999904632568359375</ele>
        <time>2026-07-29T23:10:45.000Z</time>
        <extensions>
          <ns3:TrackPointExtension>
            <ns3:hr>132</ns3:hr>
            <ns3:cad>81</ns3:cad>
          </ns3:TrackPointExtension>
        </extensions>
      </trkpt>
      <trkpt lat="23.04924239404499530792236328125" lon="113.31139161251485347747802734375">
        <ele>5.599999904632568359375</ele>
        <time>2026-07-29T23:10:46.000Z</time>
        <extensions>
          <ns3:TrackPointExtension>
            <ns3:hr>132</ns3:hr>
            <ns3:cad>81</ns3:cad>
          </ns3:TrackPointExtension>
        </extensions>
      </trkpt>
      <trkpt lat="23.04923702962696552276611328125" lon="113.3114166744053363800048828125">
        <ele>5.599999904632568359375</ele>
        <time>2026-07-29T23:10:47.000Z</time>
        <extensions>
          <ns3:TrackPointExtension>
            <ns3:hr>132</ns3:hr>
            <ns3:cad>81</ns3:cad>
          </ns3:TrackPointExtension>
        </extensions>
      </trkpt>
      <trkpt lat="23.04923065938055515289306640625" lon="113.3114334382116794586181640625">
        <ele>5.80000019073486328125</ele>
        <time>2026-07-29T23:10:48.000Z</time>
        <extensions>
          <ns3:TrackPointExtension>
            <ns3:hr>132</ns3:hr>
            <ns3:cad>82</ns3:cad>
          </ns3:TrackPointExtension>
        </extensions>
      </trkpt>
      <trkpt lat="23.04923082701861858367919921875" lon="113.31144743598997592926025390625">
        <ele>5.80000019073486328125</ele>
        <time>2026-07-29T23:10:49.000Z</time>
        <extensions>
          <ns3:TrackPointExtension>
            <ns3:hr>132</ns3:hr>
            <ns3:cad>82</ns3:cad>
          </ns3:TrackPointExtension>
        </extensions>
      </trkpt>
      <trkpt lat="23.04922521114349365234375" lon="113.31147090531885623931884765625">
        <ele>6</ele>
        <time>2026-07-29T23:10:50.000Z</time>
        <extensions>
          <ns3:TrackPointExtension>
            <ns3:hr>133</ns3:hr>
            <ns3:cad>81</ns3:cad>
          </ns3:TrackPointExtension>
        </extensions>
      </trkpt>
      <trkpt lat="23.0492196790874004364013671875" lon="113.31149093806743621826171875">
        <ele>6.19999980926513671875</ele>
        <time>2026-07-29T23:10:51.000Z</time>
        <extensions>
          <ns3:TrackPointExtension>
            <ns3:hr>133</ns3:hr>
            <ns3:cad>80</ns3:cad>
          </ns3:TrackPointExtension>
        </extensions>
      </trkpt>
      <trkpt lat="23.049223534762859344482421875" lon="113.3115071989595890045166015625">
        <ele>6.19999980926513671875</ele>
        <time>2026-07-29T23:10:52.000Z</time>
        <extensions>
          <ns3:TrackPointExtension>
            <ns3:hr>133</ns3:hr>
            <ns3:cad>80</ns3:cad>
          </ns3:TrackPointExtension>
        </extensions>
      </trkpt>
      <trkpt lat="23.049208112061023712158203125" lon="113.31153326667845249176025390625">
        <ele>6.19999980926513671875</ele>
        <time>2026-07-29T23:10:53.000Z</time>
        <extensions>
          <ns3:TrackPointExtension>
            <ns3:hr>133</ns3:hr>
            <ns3:cad>80</ns3:cad>
          </ns3:TrackPointExtension>
        </extensions>
      </trkpt>
      <trkpt lat="23.049205429852008819580078125" lon="113.3115517906844615936279296875">
        <ele>6.19999980926513671875</ele>
        <time>2026-07-29T23:10:54.000Z</time>
        <extensions>
          <ns3:TrackPointExtension>
            <ns3:hr>133</ns3:hr>
            <ns3:cad>81</ns3:cad>
          </ns3:TrackPointExtension>
        </extensions>
      </trkpt>
      <trkpt lat="23.0492062680423259735107421875" lon="113.311570398509502410888671875">
        <ele>6</ele>
        <time>2026-07-29T23:10:55.000Z</time>
        <extensions>
          <ns3:TrackPointExtension>
            <ns3:hr>133</ns3:hr>
            <ns3:cad>81</ns3:cad>
          </ns3:TrackPointExtension>
        </extensions>
      </trkpt>
      <trkpt lat="23.0491911806166172027587890625" lon="113.311597891151905059814453125">
        <ele>6</ele>
        <time>2026-07-29T23:10:56.000Z</time>
        <extensions>
          <ns3:TrackPointExtension>
            <ns3:hr>133</ns3:hr>
            <ns3:cad>81</ns3:cad>
          </ns3:TrackPointExtension>
        </extensions>
      </trkpt>
      <trkpt lat="23.04917802102863788604736328125" lon="113.311605937778949737548828125">
        <ele>6</ele>
        <time>2026-07-29T23:10:57.000Z</time>
        <extensions>
          <ns3:TrackPointExtension>
            <ns3:hr>133</ns3:hr>
            <ns3:cad>81</ns3:cad>
          </ns3:TrackPointExtension>
        </extensions>
      </trkpt>
      <trkpt lat="23.04917332716286182403564453125" lon="113.31162848509848117828369140625">
        <ele>6</ele>
        <time>2026-07-29T23:10:58.000Z</time>
        <extensions>
          <ns3:TrackPointExtension>
            <ns3:hr>133</ns3:hr>
            <ns3:cad>81</ns3:cad>
          </ns3:TrackPointExtension>
        </extensions>
      </trkpt>
      <trkpt lat="23.04916419088840484619140625" lon="113.31165530718863010406494140625">
        <ele>5.80000019073486328125</ele>
        <time>2026-07-29T23:10:59.000Z</time>
        <extensions>
          <ns3:TrackPointExtension>
            <ns3:hr>133</ns3:hr>
            <ns3:cad>81</ns3:cad>
          </ns3:TrackPointExtension>
        </extensions>
      </trkpt>
      <trkpt lat="23.04916075430810451507568359375" lon="113.31166653893887996673583984375">
        <ele>5.80000019073486328125</ele>
        <time>2026-07-29T23:11:00.000Z</time>
        <extensions>
          <ns3:TrackPointExtension>
            <ns3:hr>133</ns3:hr>
            <ns3:cad>81</ns3:cad>
          </ns3:TrackPointExtension>
        </extensions>
      </trkpt>
      <trkpt lat="23.0491630174219608306884765625" lon="113.31168464384973049163818359375">
        <ele>5.80000019073486328125</ele>
        <time>2026-07-29T23:11:01.000Z</time>
        <extensions>
          <ns3:TrackPointExtension>
            <ns3:hr>132</ns3:hr>
            <ns3:cad>81</ns3:cad>
          </ns3:TrackPointExtension>
        </extensions>
      </trkpt>
      <trkpt lat="23.04917089641094207763671875" lon="113.31170978955924510955810546875">
        <ele>5.80000019073486328125</ele>
        <time>2026-07-29T23:11:02.000Z</time>
        <extensions>
          <ns3:TrackPointExtension>
            <ns3:hr>132</ns3:hr>
            <ns3:cad>81</ns3:cad>
          </ns3:TrackPointExtension>
        </extensions>
      </trkpt>
      <trkpt lat="23.0491811223328113555908203125" lon="113.31172873266041278839111328125">
        <ele>5.80000019073486328125</ele>
        <time>2026-07-29T23:11:03.000Z</time>
        <extensions>
          <ns3:TrackPointExtension>
            <ns3:hr>132</ns3:hr>
            <ns3:cad>81</ns3:cad>
          </ns3:TrackPointExtension>
        </extensions>
      </trkpt>
      <trkpt lat="23.049194701015949249267578125" lon="113.311746418476104736328125">
        <ele>5.80000019073486328125</ele>
        <time>2026-07-29T23:11:04.000Z</time>
        <extensions>
          <ns3:TrackPointExtension>
            <ns3:hr>132</ns3:hr>
            <ns3:cad>81</ns3:cad>
          </ns3:TrackPointExtension>
        </extensions>
      </trkpt>
      <trkpt lat="23.04921741597354412078857421875" lon="113.3117653615772724151611328125">
        <ele>5.599999904632568359375</ele>
        <time>2026-07-29T23:11:05.000Z</time>
        <extensions>
          <ns3:TrackPointExtension>
            <ns3:hr>132</ns3:hr>
            <ns3:cad>81</ns3:cad>
          </ns3:TrackPointExtension>
        </extensions>
      </trkpt>
      <trkpt lat="23.04923870600759983062744140625" lon="113.3117750845849514007568359375">
        <ele>5.599999904632568359375</ele>
        <time>2026-07-29T23:11:06.000Z</time>
        <extensions>
          <ns3:TrackPointExtension>
            <ns3:hr>133</ns3:hr>
            <ns3:cad>81</ns3:cad>
          </ns3:TrackPointExtension>
        </extensions>
      </trkpt>
      <trkpt lat="23.04926368407905101776123046875" lon="113.31178908236324787139892578125">
        <ele>5.599999904632568359375</ele>
        <time>2026-07-29T23:11:07.000Z</time>
        <extensions>
          <ns3:TrackPointExtension>
            <ns3:hr>132</ns3:hr>
            <ns3:cad>81</ns3:cad>
          </ns3:TrackPointExtension>
        </extensions>
      </trkpt>
      <trkpt lat="23.049291260540485382080078125" lon="113.3118035830557346343994140625">
        <ele>5.599999904632568359375</ele>
        <time>2026-07-29T23:11:08.000Z</time>
        <extensions>
          <ns3:TrackPointExtension>
            <ns3:hr>132</ns3:hr>
            <ns3:cad>81</ns3:cad>
          </ns3:TrackPointExtension>
        </extensions>
      </trkpt>
      <trkpt lat="23.04931514896452426910400390625" lon="113.311806432902812957763671875">
        <ele>5.599999904632568359375</ele>
        <time>2026-07-29T23:11:09.000Z</time>
        <extensions>
          <ns3:TrackPointExtension>
            <ns3:hr>132</ns3:hr>
            <ns3:cad>81</ns3:cad>
          </ns3:TrackPointExtension>
        </extensions>
      </trkpt>
      <trkpt lat="23.0493407137691974639892578125" lon="113.31181473098695278167724609375">
        <ele>5.599999904632568359375</ele>
        <time>2026-07-29T23:11:10.000Z</time>
        <extensions>
          <ns3:TrackPointExtension>
            <ns3:hr>132</ns3:hr>
            <ns3:cad>81</ns3:cad>
          </ns3:TrackPointExtension>
        </extensions>
      </trkpt>
      <trkpt lat="23.049363680183887481689453125" lon="113.3118233643472194671630859375">
        <ele>5.599999904632568359375</ele>
        <time>2026-07-29T23:11:11.000Z</time>
        <extensions>
          <ns3:TrackPointExtension>
            <ns3:hr>132</ns3:hr>
            <ns3:cad>80</ns3:cad>
          </ns3:TrackPointExtension>
        </extensions>
      </trkpt>
      <trkpt lat="23.04938673041760921478271484375" lon="113.31182948313653469085693359375">
        <ele>5.599999904632568359375</ele>
        <time>2026-07-29T23:11:12.000Z</time>
        <extensions>
          <ns3:TrackPointExtension>
            <ns3:hr>132</ns3:hr>
            <ns3:cad>80</ns3:cad>
          </ns3:TrackPointExtension>
        </extensions>
      </trkpt>
      <trkpt lat="23.0494101159274578094482421875" lon="113.31184373237192630767822265625">
        <ele>5.599999904632568359375</ele>
        <time>2026-07-29T23:11:13.000Z</time>
        <extensions>
          <ns3:TrackPointExtension>
            <ns3:hr>132</ns3:hr>
            <ns3:cad>80</ns3:cad>
          </ns3:TrackPointExtension>
        </extensions>
      </trkpt>
      <trkpt lat="23.04942377842962741851806640625" lon="113.3118511922657489776611328125">
        <ele>5.599999904632568359375</ele>
        <time>2026-07-29T23:11:14.000Z</time>
        <extensions>
          <ns3:TrackPointExtension>
            <ns3:hr>132</ns3:hr>
            <ns3:cad>81</ns3:cad>
          </ns3:TrackPointExtension>
        </extensions>
      </trkpt>
      <trkpt lat="23.04944540373980998992919921875" lon="113.31185848452150821685791015625">
        <ele>5.80000019073486328125</ele>
        <time>2026-07-29T23:11:15.000Z</time>
        <extensions>
          <ns3:TrackPointExtension>
            <ns3:hr>132</ns3:hr>
            <ns3:cad>81</ns3:cad>
          </ns3:TrackPointExtension>
        </extensions>
      </trkpt>
      <trkpt lat="23.04946719668805599212646484375" lon="113.31187575124204158782958984375">
        <ele>5.80000019073486328125</ele>
        <time>2026-07-29T23:11:16.000Z</time>
        <extensions>
          <ns3:TrackPointExtension>
            <ns3:hr>132</ns3:hr>
            <ns3:cad>81</ns3:cad>
          </ns3:TrackPointExtension>
        </extensions>
      </trkpt>
      <trkpt lat="23.04948345758020877838134765625" lon="113.3118793554604053497314453125">
        <ele>5.80000019073486328125</ele>
        <time>2026-07-29T23:11:17.000Z</time>
        <extensions>
          <ns3:TrackPointExtension>
            <ns3:hr>132</ns3:hr>
            <ns3:cad>80</ns3:cad>
          </ns3:TrackPointExtension>
        </extensions>
      </trkpt>
      <trkpt lat="23.04950575344264507293701171875" lon="113.31188522279262542724609375">
        <ele>5.80000019073486328125</ele>
        <time>2026-07-29T23:11:18.000Z</time>
        <extensions>
          <ns3:TrackPointExtension>
            <ns3:hr>132</ns3:hr>
            <ns3:cad>80</ns3:cad>
          </ns3:TrackPointExtension>
        </extensions>
      </trkpt>
      <trkpt lat="23.0495247803628444671630859375" lon="113.3119006454944610595703125">
        <ele>6</ele>
        <time>2026-07-29T23:11:19.000Z</time>
        <extensions>
          <ns3:TrackPointExtension>
            <ns3:hr>132</ns3:hr>
            <ns3:cad>81</ns3:cad>
          </ns3:TrackPointExtension>
        </extensions>
      </trkpt>
      <trkpt lat="23.04954372346401214599609375" lon="113.311905004084110260009765625">
        <ele>6</ele>
        <time>2026-07-29T23:11:20.000Z</time>
        <extensions>
          <ns3:TrackPointExtension>
            <ns3:hr>132</ns3:hr>
            <ns3:cad>81</ns3:cad>
          </ns3:TrackPointExtension>
        </extensions>
      </trkpt>
      <trkpt lat="23.0495660193264484405517578125" lon="113.311911039054393768310546875">
        <ele>6</ele>
        <time>2026-07-29T23:11:21.000Z</time>
        <extensions>
          <ns3:TrackPointExtension>
            <ns3:hr>132</ns3:hr>
            <ns3:cad>81</ns3:cad>
          </ns3:TrackPointExtension>
        </extensions>
      </trkpt>
      <trkpt lat="23.04958487860858440399169921875" lon="113.31191933713853359222412109375">
        <ele>6</ele>
        <time>2026-07-29T23:11:22.000Z</time>
        <extensions>
          <ns3:TrackPointExtension>
            <ns3:hr>132</ns3:hr>
            <ns3:cad>80</ns3:cad>
          </ns3:TrackPointExtension>
        </extensions>
      </trkpt>
      <trkpt lat="23.04960675537586212158203125" lon="113.31192520447075366973876953125">
        <ele>6</ele>
        <time>2026-07-29T23:11:23.000Z</time>
        <extensions>
          <ns3:TrackPointExtension>
            <ns3:hr>132</ns3:hr>
            <ns3:cad>80</ns3:cad>
          </ns3:TrackPointExtension>
        </extensions>
      </trkpt>
      <trkpt lat="23.04963081143796443939208984375" lon="113.3119355142116546630859375">
        <ele>6</ele>
        <time>2026-07-29T23:11:24.000Z</time>
        <extensions>
          <ns3:TrackPointExtension>
            <ns3:hr>131</ns3:hr>
            <ns3:cad>80</ns3:cad>
          </ns3:TrackPointExtension>
        </extensions>
      </trkpt>
      <trkpt lat="23.0496461503207683563232421875" lon="113.31194154918193817138671875">
        <ele>6</ele>
        <time>2026-07-29T23:11:25.000Z</time>
        <extensions>
          <ns3:TrackPointExtension>
            <ns3:hr>132</ns3:hr>
            <ns3:cad>80</ns3:cad>
          </ns3:TrackPointExtension>
        </extensions>
      </trkpt>
      <trkpt lat="23.0496716313064098358154296875" lon="113.3119480870664119720458984375">
        <ele>6</ele>
        <time>2026-07-29T23:11:26.000Z</time>
        <extensions>
          <ns3:TrackPointExtension>
            <ns3:hr>132</ns3:hr>
            <ns3:cad>81</ns3:cad>
          </ns3:TrackPointExtension>
        </extensions>
      </trkpt>
      <trkpt lat="23.04969149641692638397216796875" lon="113.3119671978056430816650390625">
        <ele>6</ele>
        <time>2026-07-29T23:11:27.000Z</time>
        <extensions>
          <ns3:TrackPointExtension>
            <ns3:hr>132</ns3:hr>
            <ns3:cad>81</ns3:cad>
          </ns3:TrackPointExtension>
        </extensions>
      </trkpt>
      <trkpt lat="23.04970599710941314697265625" lon="113.31197633408010005950927734375">
        <ele>6</ele>
        <time>2026-07-29T23:11:28.000Z</time>
        <extensions>
          <ns3:TrackPointExtension>
            <ns3:hr>131</ns3:hr>
            <ns3:cad>81</ns3:cad>
          </ns3:TrackPointExtension>
        </extensions>
      </trkpt>
      <trkpt lat="23.04972535930573940277099609375" lon="113.3119869790971279144287109375">
        <ele>6</ele>
        <time>2026-07-29T23:11:29.000Z</time>
        <extensions>
          <ns3:TrackPointExtension>
            <ns3:hr>131</ns3:hr>
            <ns3:cad>81</ns3:cad>
          </ns3:TrackPointExtension>
        </extensions>
      </trkpt>
      <trkpt lat="23.04974329657852649688720703125" lon="113.3120013959705829620361328125">
        <ele>6</ele>
        <time>2026-07-29T23:11:30.000Z</time>
        <extensions>
          <ns3:TrackPointExtension>
            <ns3:hr>131</ns3:hr>
            <ns3:cad>82</ns3:cad>
          </ns3:TrackPointExtension>
        </extensions>
      </trkpt>
      <trkpt lat="23.04976408369839191436767578125" lon="113.31201137043535709381103515625">
        <ele>6</ele>
        <time>2026-07-29T23:11:31.000Z</time>
        <extensions>
          <ns3:TrackPointExtension>
            <ns3:hr>131</ns3:hr>
            <ns3:cad>82</ns3:cad>
          </ns3:TrackPointExtension>
        </extensions>
      </trkpt>
      <trkpt lat="23.04977883584797382354736328125" lon="113.312031067907810211181640625">
        <ele>6</ele>
        <time>2026-07-29T23:11:32.000Z</time>
        <extensions>
          <ns3:TrackPointExtension>
            <ns3:hr>132</ns3:hr>
            <ns3:cad>82</ns3:cad>
          </ns3:TrackPointExtension>
        </extensions>
      </trkpt>
      <trkpt lat="23.0497913248836994171142578125" lon="113.312047831714153289794921875">
        <ele>6</ele>
        <time>2026-07-29T23:11:33.000Z</time>
        <extensions>
          <ns3:TrackPointExtension>
            <ns3:hr>132</ns3:hr>
            <ns3:cad>82</ns3:cad>
          </ns3:TrackPointExtension>
        </extensions>
      </trkpt>
      <trkpt lat="23.0498064123094081878662109375" lon="113.31206451170146465301513671875">
        <ele>6</ele>
        <time>2026-07-29T23:11:34.000Z</time>
        <extensions>
          <ns3:TrackPointExtension>
            <ns3:hr>132</ns3:hr>
            <ns3:cad>82</ns3:cad>
          </ns3:TrackPointExtension>
        </extensions>
      </trkpt>
      <trkpt lat="23.0498161353170871734619140625" lon="113.3120905794203281402587890625">
        <ele>6</ele>
        <time>2026-07-29T23:11:35.000Z</time>
        <extensions>
          <ns3:TrackPointExtension>
            <ns3:hr>132</ns3:hr>
            <ns3:cad>82</ns3:cad>
          </ns3:TrackPointExtension>
        </extensions>
      </trkpt>
      <trkpt lat="23.04982325993478298187255859375" lon="113.312103487551212310791015625">
        <ele>6</ele>
        <time>2026-07-29T23:11:36.000Z</time>
        <extensions>
          <ns3:TrackPointExtension>
            <ns3:hr>131</ns3:hr>
            <ns3:cad>82</ns3:cad>
          </ns3:TrackPointExtension>
        </extensions>
      </trkpt>
      <trkpt lat="23.0498332343995571136474609375" lon="113.3121217601001262664794921875">
        <ele>6</ele>
        <time>2026-07-29T23:11:37.000Z</time>
        <extensions>
          <ns3:TrackPointExtension>
            <ns3:hr>132</ns3:hr>
            <ns3:cad>81</ns3:cad>
          </ns3:TrackPointExtension>
        </extensions>
      </trkpt>
      <trkpt lat="23.04983080364763736724853515625" lon="113.3121462352573871612548828125">
        <ele>6</ele>
        <time>2026-07-29T23:11:38.000Z</time>
        <extensions>
          <ns3:TrackPointExtension>
            <ns3:hr>131</ns3:hr>
            <ns3:cad>81</ns3:cad>
          </ns3:TrackPointExtension>
        </extensions>
      </trkpt>
      <trkpt lat="23.04983382113277912139892578125" lon="113.31215905956923961639404296875">
        <ele>6</ele>
        <time>2026-07-29T23:11:39.000Z</time>
        <extensions>
          <ns3:TrackPointExtension>
            <ns3:hr>131</ns3:hr>
            <ns3:cad>81</ns3:cad>
          </ns3:TrackPointExtension>
        </extensions>
      </trkpt>
      <trkpt lat="23.04983281530439853668212890625" lon="113.31218806095421314239501953125">
        <ele>6</ele>
        <time>2026-07-29T23:11:40.000Z</time>
        <extensions>
          <ns3:TrackPointExtension>
            <ns3:hr>131</ns3:hr>
            <ns3:cad>81</ns3:cad>
          </ns3:TrackPointExtension>
        </extensions>
      </trkpt>
      <trkpt lat="23.04982963018119335174560546875" lon="113.31221220083534717559814453125">
        <ele>5.80000019073486328125</ele>
        <time>2026-07-29T23:11:41.000Z</time>
        <extensions>
          <ns3:TrackPointExtension>
            <ns3:hr>131</ns3:hr>
            <ns3:cad>81</ns3:cad>
          </ns3:TrackPointExtension>
        </extensions>
      </trkpt>
      <trkpt lat="23.04983382113277912139892578125" lon="113.31223122775554656982421875">
        <ele>5.80000019073486328125</ele>
        <time>2026-07-29T23:11:42.000Z</time>
        <extensions>
          <ns3:TrackPointExtension>
            <ns3:hr>132</ns3:hr>
            <ns3:cad>81</ns3:cad>
          </ns3:TrackPointExtension>
        </extensions>
      </trkpt>
      <trkpt lat="23.0498255230486392974853515625" lon="113.312257044017314910888671875">
        <ele>5.80000019073486328125</ele>
        <time>2026-07-29T23:11:43.000Z</time>
        <extensions>
          <ns3:TrackPointExtension>
            <ns3:hr>131</ns3:hr>
            <ns3:cad>82</ns3:cad>
          </ns3:TrackPointExtension>
        </extensions>
      </trkpt>
      <trkpt lat="23.049825020134449005126953125" lon="113.3122766576707363128662109375">
        <ele>5.80000019073486328125</ele>
        <time>2026-07-29T23:11:44.000Z</time>
        <extensions>
          <ns3:TrackPointExtension>
            <ns3:hr>131</ns3:hr>
            <ns3:cad>83</ns3:cad>
          </ns3:TrackPointExtension>
        </extensions>
      </trkpt>
      <trkpt lat="23.04982845671474933624267578125" lon="113.31229669041931629180908203125">
        <ele>5.80000019073486328125</ele>
        <time>2026-07-29T23:11:45.000Z</time>
        <extensions>
          <ns3:TrackPointExtension>
            <ns3:hr>130</ns3:hr>
            <ns3:cad>83</ns3:cad>
          </ns3:TrackPointExtension>
        </extensions>
      </trkpt>
      <trkpt lat="23.04982678033411502838134765625" lon="113.31232108175754547119140625">
        <ele>5.80000019073486328125</ele>
        <time>2026-07-29T23:11:46.000Z</time>
        <extensions>
          <ns3:TrackPointExtension>
            <ns3:hr>131</ns3:hr>
            <ns3:cad>82</ns3:cad>
          </ns3:TrackPointExtension>
        </extensions>
      </trkpt>
      <trkpt lat="23.0498285405337810516357421875" lon="113.3123420365154743194580078125">
        <ele>6</ele>
        <time>2026-07-29T23:11:47.000Z</time>
        <extensions>
          <ns3:TrackPointExtension>
            <ns3:hr>131</ns3:hr>
            <ns3:cad>82</ns3:cad>
          </ns3:TrackPointExtension>
        </extensions>
      </trkpt>
      <trkpt lat="23.04982912726700305938720703125" lon="113.3123628236353397369384765625">
        <ele>6.19999980926513671875</ele>
        <time>2026-07-29T23:11:48.000Z</time>
        <extensions>
          <ns3:TrackPointExtension>
            <ns3:hr>131</ns3:hr>
            <ns3:cad>82</ns3:cad>
          </ns3:TrackPointExtension>
        </extensions>
      </trkpt>
      <trkpt lat="23.04982845671474933624267578125" lon="113.31238989718258380889892578125">
        <ele>6.19999980926513671875</ele>
        <time>2026-07-29T23:11:49.000Z</time>
        <extensions>
          <ns3:TrackPointExtension>
            <ns3:hr>131</ns3:hr>
            <ns3:cad>82</ns3:cad>
          </ns3:TrackPointExtension>
        </extensions>
      </trkpt>
      <trkpt lat="23.04983532987534999847412109375" lon="113.31240423023700714111328125">
        <ele>6.400000095367431640625</ele>
        <time>2026-07-29T23:11:50.000Z</time>
        <extensions>
          <ns3:TrackPointExtension>
            <ns3:hr>131</ns3:hr>
            <ns3:cad>82</ns3:cad>
          </ns3:TrackPointExtension>
        </extensions>
      </trkpt>
      <trkpt lat="23.04983197711408138275146484375" lon="113.31243013031780719757080078125">
        <ele>6.400000095367431640625</ele>
        <time>2026-07-29T23:11:51.000Z</time>
        <extensions>
          <ns3:TrackPointExtension>
            <ns3:hr>131</ns3:hr>
            <ns3:cad>81</ns3:cad>
          </ns3:TrackPointExtension>
        </extensions>
      </trkpt>
      <trkpt lat="23.04982862435281276702880859375" lon="113.3124513365328311920166015625">
        <ele>6.19999980926513671875</ele>
        <time>2026-07-29T23:11:52.000Z</time>
        <extensions>
          <ns3:TrackPointExtension>
            <ns3:hr>132</ns3:hr>
            <ns3:cad>81</ns3:cad>
          </ns3:TrackPointExtension>
        </extensions>
      </trkpt>
      <trkpt lat="23.0498328991234302520751953125" lon="113.31246784888207912445068359375">
        <ele>6</ele>
        <time>2026-07-29T23:11:53.000Z</time>
        <extensions>
          <ns3:TrackPointExtension>
            <ns3:hr>131</ns3:hr>
            <ns3:cad>81</ns3:cad>
          </ns3:TrackPointExtension>
        </extensions>
      </trkpt>
      <trkpt lat="23.0498285405337810516357421875" lon="113.31249467097222805023193359375">
        <ele>6</ele>
        <time>2026-07-29T23:11:54.000Z</time>
        <extensions>
          <ns3:TrackPointExtension>
            <ns3:hr>131</ns3:hr>
            <ns3:cad>81</ns3:cad>
          </ns3:TrackPointExtension>
        </extensions>
      </trkpt>
      <trkpt lat="23.0498225055634975433349609375" lon="113.31250959075987339019775390625">
        <ele>5.80000019073486328125</ele>
        <time>2026-07-29T23:11:55.000Z</time>
        <extensions>
          <ns3:TrackPointExtension>
            <ns3:hr>132</ns3:hr>
            <ns3:cad>81</ns3:cad>
          </ns3:TrackPointExtension>
        </extensions>
      </trkpt>
      <trkpt lat="23.04981999099254608154296875" lon="113.31253155134618282318115234375">
        <ele>5.80000019073486328125</ele>
        <time>2026-07-29T23:11:56.000Z</time>
        <extensions>
          <ns3:TrackPointExtension>
            <ns3:hr>131</ns3:hr>
            <ns3:cad>81</ns3:cad>
          </ns3:TrackPointExtension>
        </extensions>
      </trkpt>
      <trkpt lat="23.0498147942125797271728515625" lon="113.3125566132366657257080078125">
        <ele>5.80000019073486328125</ele>
        <time>2026-07-29T23:11:57.000Z</time>
        <extensions>
          <ns3:TrackPointExtension>
            <ns3:hr>131</ns3:hr>
            <ns3:cad>82</ns3:cad>
          </ns3:TrackPointExtension>
        </extensions>
      </trkpt>
      <trkpt lat="23.04981462657451629638671875" lon="113.31257748417556285858154296875">
        <ele>5.80000019073486328125</ele>
        <time>2026-07-29T23:11:58.000Z</time>
        <extensions>
          <ns3:TrackPointExtension>
            <ns3:hr>132</ns3:hr>
            <ns3:cad>82</ns3:cad>
          </ns3:TrackPointExtension>
        </extensions>
      </trkpt>
      <trkpt lat="23.04981655441224575042724609375" lon="113.3126007020473480224609375">
        <ele>5.80000019073486328125</ele>
        <time>2026-07-29T23:11:59.000Z</time>
        <extensions>
          <ns3:TrackPointExtension>
            <ns3:hr>131</ns3:hr>
            <ns3:cad>82</ns3:cad>
          </ns3:TrackPointExtension>
        </extensions>
      </trkpt>
      <trkpt lat="23.0498168058693408966064453125" lon="113.31262526102364063262939453125">
        <ele>5.80000019073486328125</ele>
        <time>2026-07-29T23:12:00.000Z</time>
        <extensions>
          <ns3:TrackPointExtension>
            <ns3:hr>131</ns3:hr>
            <ns3:cad>82</ns3:cad>
          </ns3:TrackPointExtension>
        </extensions>
      </trkpt>
      <trkpt lat="23.04982175119221210479736328125" lon="113.312643282115459442138671875">
        <ele>6</ele>
        <time>2026-07-29T23:12:01.000Z</time>
        <extensions>
          <ns3:TrackPointExtension>
            <ns3:hr>130</ns3:hr>
            <ns3:cad>82</ns3:cad>
          </ns3:TrackPointExtension>
        </extensions>
      </trkpt>
      <trkpt lat="23.049818985164165496826171875" lon="113.3126729540526866912841796875">
        <ele>6</ele>
        <time>2026-07-29T23:12:02.000Z</time>
        <extensions>
          <ns3:TrackPointExtension>
            <ns3:hr>130</ns3:hr>
            <ns3:cad>81</ns3:cad>
          </ns3:TrackPointExtension>
        </extensions>
      </trkpt>
      <trkpt lat="23.049818314611911773681640625" lon="113.31269348971545696258544921875">
        <ele>6</ele>
        <time>2026-07-29T23:12:03.000Z</time>
        <extensions>
          <ns3:TrackPointExtension>
            <ns3:hr>130</ns3:hr>
            <ns3:cad>81</ns3:cad>
          </ns3:TrackPointExtension>
        </extensions>
      </trkpt>
      <trkpt lat="23.04982208646833896636962890625" lon="113.31270975060760974884033203125">
        <ele>6</ele>
        <time>2026-07-29T23:12:04.000Z</time>
        <extensions>
          <ns3:TrackPointExtension>
            <ns3:hr>131</ns3:hr>
            <ns3:cad>81</ns3:cad>
          </ns3:TrackPointExtension>
        </extensions>
      </trkpt>
      <trkpt lat="23.0498161353170871734619140625" lon="113.312740512192249298095703125">
        <ele>6</ele>
        <time>2026-07-29T23:12:05.000Z</time>
        <extensions>
          <ns3:TrackPointExtension>
            <ns3:hr>131</ns3:hr>
            <ns3:cad>81</ns3:cad>
          </ns3:TrackPointExtension>
        </extensions>
      </trkpt>
      <trkpt lat="23.0498174764215946197509765625" lon="113.312760628759860992431640625">
        <ele>6</ele>
        <time>2026-07-29T23:12:06.000Z</time>
        <extensions>
          <ns3:TrackPointExtension>
            <ns3:hr>132</ns3:hr>
            <ns3:cad>81</ns3:cad>
          </ns3:TrackPointExtension>
        </extensions>
      </trkpt>
      <trkpt lat="23.04981906898319721221923828125" lon="113.31278418190777301788330078125">
        <ele>5.80000019073486328125</ele>
        <time>2026-07-29T23:12:07.000Z</time>
        <extensions>
          <ns3:TrackPointExtension>
            <ns3:hr>132</ns3:hr>
            <ns3:cad>81</ns3:cad>
          </ns3:TrackPointExtension>
        </extensions>
      </trkpt>
      <trkpt lat="23.04981538094580173492431640625" lon="113.31280848942697048187255859375">
        <ele>5.80000019073486328125</ele>
        <time>2026-07-29T23:12:08.000Z</time>
        <extensions>
          <ns3:TrackPointExtension>
            <ns3:hr>133</ns3:hr>
            <ns3:cad>82</ns3:cad>
          </ns3:TrackPointExtension>
        </extensions>
      </trkpt>
      <trkpt lat="23.0498188175261020660400390625" lon="113.3128224872052669525146484375">
        <ele>5.80000019073486328125</ele>
        <time>2026-07-29T23:12:09.000Z</time>
        <extensions>
          <ns3:TrackPointExtension>
            <ns3:hr>133</ns3:hr>
            <ns3:cad>82</ns3:cad>
          </ns3:TrackPointExtension>
        </extensions>
      </trkpt>
      <trkpt lat="23.04981437511742115020751953125" lon="113.31284520216286182403564453125">
        <ele>5.599999904632568359375</ele>
        <time>2026-07-29T23:12:10.000Z</time>
        <extensions>
          <ns3:TrackPointExtension>
            <ns3:hr>133</ns3:hr>
            <ns3:cad>82</ns3:cad>
          </ns3:TrackPointExtension>
        </extensions>
      </trkpt>
      <trkpt lat="23.04981320165097713470458984375" lon="113.31286515109241008758544921875">
        <ele>5.80000019073486328125</ele>
        <time>2026-07-29T23:12:11.000Z</time>
        <extensions>
          <ns3:TrackPointExtension>
            <ns3:hr>133</ns3:hr>
            <ns3:cad>82</ns3:cad>
          </ns3:TrackPointExtension>
        </extensions>
      </trkpt>
      <trkpt lat="23.04981739260256290435791015625" lon="113.3128831721842288970947265625">
        <ele>5.80000019073486328125</ele>
        <time>2026-07-29T23:12:12.000Z</time>
        <extensions>
          <ns3:TrackPointExtension>
            <ns3:hr>133</ns3:hr>
            <ns3:cad>82</ns3:cad>
          </ns3:TrackPointExtension>
        </extensions>
      </trkpt>
      <trkpt lat="23.04981336928904056549072265625" lon="113.3129091560840606689453125">
        <ele>5.80000019073486328125</ele>
        <time>2026-07-29T23:12:13.000Z</time>
        <extensions>
          <ns3:TrackPointExtension>
            <ns3:hr>134</ns3:hr>
            <ns3:cad>81</ns3:cad>
          </ns3:TrackPointExtension>
        </extensions>
      </trkpt>
      <trkpt lat="23.04981068708002567291259765625" lon="113.31292198039591312408447265625">
        <ele>5.80000019073486328125</ele>
        <time>2026-07-29T23:12:14.000Z</time>
        <extensions>
          <ns3:TrackPointExtension>
            <ns3:hr>134</ns3:hr>
            <ns3:cad>81</ns3:cad>
          </ns3:TrackPointExtension>
        </extensions>
      </trkpt>
      <trkpt lat="23.04981353692710399627685546875" lon="113.3129465393722057342529296875">
        <ele>5.80000019073486328125</ele>
        <time>2026-07-29T23:12:15.000Z</time>
        <extensions>
          <ns3:TrackPointExtension>
            <ns3:hr>134</ns3:hr>
            <ns3:cad>81</ns3:cad>
          </ns3:TrackPointExtension>
        </extensions>
      </trkpt>
      <trkpt lat="23.0498111061751842498779296875" lon="113.31297093071043491363525390625">
        <ele>5.80000019073486328125</ele>
        <time>2026-07-29T23:12:16.000Z</time>
        <extensions>
          <ns3:TrackPointExtension>
            <ns3:hr>133</ns3:hr>
            <ns3:cad>81</ns3:cad>
          </ns3:TrackPointExtension>
        </extensions>
      </trkpt>
      <trkpt lat="23.04982191883027553558349609375" lon="113.312986604869365692138671875">
        <ele>5.80000019073486328125</ele>
        <time>2026-07-29T23:12:17.000Z</time>
        <extensions>
          <ns3:TrackPointExtension>
            <ns3:hr>134</ns3:hr>
            <ns3:cad>82</ns3:cad>
          </ns3:TrackPointExtension>
        </extensions>
      </trkpt>
      <trkpt lat="23.04982577450573444366455078125" lon="113.31301032565534114837646484375">
        <ele>5.80000019073486328125</ele>
        <time>2026-07-29T23:12:18.000Z</time>
        <extensions>
          <ns3:TrackPointExtension>
            <ns3:hr>134</ns3:hr>
            <ns3:cad>82</ns3:cad>
          </ns3:TrackPointExtension>
        </extensions>
      </trkpt>
      <trkpt lat="23.04982543922960758209228515625" lon="113.3130353875458240509033203125">
        <ele>5.80000019073486328125</ele>
        <time>2026-07-29T23:12:19.000Z</time>
        <extensions>
          <ns3:TrackPointExtension>
            <ns3:hr>134</ns3:hr>
            <ns3:cad>81</ns3:cad>
          </ns3:TrackPointExtension>
        </extensions>
      </trkpt>
      <trkpt lat="23.049831725656986236572265625" lon="113.31304804421961307525634765625">
        <ele>5.80000019073486328125</ele>
        <time>2026-07-29T23:12:20.000Z</time>
        <extensions>
          <ns3:TrackPointExtension>
            <ns3:hr>134</ns3:hr>
            <ns3:cad>81</ns3:cad>
          </ns3:TrackPointExtension>
        </extensions>
      </trkpt>
      <trkpt lat="23.0498315580189228057861328125" lon="113.31307352520525455474853515625">
        <ele>6</ele>
        <time>2026-07-29T23:12:21.000Z</time>
        <extensions>
          <ns3:TrackPointExtension>
            <ns3:hr>135</ns3:hr>
            <ns3:cad>81</ns3:cad>
          </ns3:TrackPointExtension>
        </extensions>
      </trkpt>
      <trkpt lat="23.04983030073344707489013671875" lon="113.313094563782215118408203125">
        <ele>6</ele>
        <time>2026-07-29T23:12:22.000Z</time>
        <extensions>
          <ns3:TrackPointExtension>
            <ns3:hr>135</ns3:hr>
            <ns3:cad>81</ns3:cad>
          </ns3:TrackPointExtension>
        </extensions>
      </trkpt>
      <trkpt lat="23.0498369224369525909423828125" lon="113.313116692006587982177734375">
        <ele>6</ele>
        <time>2026-07-29T23:12:23.000Z</time>
        <extensions>
          <ns3:TrackPointExtension>
            <ns3:hr>135</ns3:hr>
            <ns3:cad>81</ns3:cad>
          </ns3:TrackPointExtension>
        </extensions>
      </trkpt>
      <trkpt lat="23.04982812143862247467041015625" lon="113.3131443522870540618896484375">
        <ele>6</ele>
        <time>2026-07-29T23:12:24.000Z</time>
        <extensions>
          <ns3:TrackPointExtension>
            <ns3:hr>135</ns3:hr>
            <ns3:cad>81</ns3:cad>
          </ns3:TrackPointExtension>
        </extensions>
      </trkpt>
      <trkpt lat="23.049817644059658050537109375" lon="113.31316119991242885589599609375">
        <ele>5.80000019073486328125</ele>
        <time>2026-07-29T23:12:25.000Z</time>
        <extensions>
          <ns3:TrackPointExtension>
            <ns3:hr>135</ns3:hr>
            <ns3:cad>81</ns3:cad>
          </ns3:TrackPointExtension>
        </extensions>
      </trkpt>
      <trkpt lat="23.0498164705932140350341796875" lon="113.31317762844264507293701171875">
        <ele>5.80000019073486328125</ele>
        <time>2026-07-29T23:12:26.000Z</time>
        <extensions>
          <ns3:TrackPointExtension>
            <ns3:hr>135</ns3:hr>
            <ns3:cad>81</ns3:cad>
          </ns3:TrackPointExtension>
        </extensions>
      </trkpt>
      <trkpt lat="23.04980733431875705718994140625" lon="113.3132030256092548370361328125">
        <ele>5.80000019073486328125</ele>
        <time>2026-07-29T23:12:27.000Z</time>
        <extensions>
          <ns3:TrackPointExtension>
            <ns3:hr>135</ns3:hr>
            <ns3:cad>81</ns3:cad>
          </ns3:TrackPointExtension>
        </extensions>
      </trkpt>
      <trkpt lat="23.04981370456516742706298828125" lon="113.313221968710422515869140625">
        <ele>5.80000019073486328125</ele>
        <time>2026-07-29T23:12:28.000Z</time>
        <extensions>
          <ns3:TrackPointExtension>
            <ns3:hr>134</ns3:hr>
            <ns3:cad>82</ns3:cad>
          </ns3:TrackPointExtension>
        </extensions>
      </trkpt>
      <trkpt lat="23.04981420747935771942138671875" lon="113.31324686296284198760986328125">
        <ele>5.80000019073486328125</ele>
        <time>2026-07-29T23:12:29.000Z</time>
        <extensions>
          <ns3:TrackPointExtension>
            <ns3:hr>134</ns3:hr>
            <ns3:cad>82</ns3:cad>
          </ns3:TrackPointExtension>
        </extensions>
      </trkpt>
      <trkpt lat="23.0498033948242664337158203125" lon="113.3132717572152614593505859375">
        <ele>5.80000019073486328125</ele>
        <time>2026-07-29T23:12:30.000Z</time>
        <extensions>
          <ns3:TrackPointExtension>
            <ns3:hr>134</ns3:hr>
            <ns3:cad>81</ns3:cad>
          </ns3:TrackPointExtension>
        </extensions>
      </trkpt>
      <trkpt lat="23.0498074181377887725830078125" lon="113.31328667700290679931640625">
        <ele>5.80000019073486328125</ele>
        <time>2026-07-29T23:12:31.000Z</time>
        <extensions>
          <ns3:TrackPointExtension>
            <ns3:hr>134</ns3:hr>
            <ns3:cad>81</ns3:cad>
          </ns3:TrackPointExtension>
        </extensions>
      </trkpt>
      <trkpt lat="23.04980523884296417236328125" lon="113.3133180253207683563232421875">
        <ele>5.80000019073486328125</ele>
        <time>2026-07-29T23:12:32.000Z</time>
        <extensions>
          <ns3:TrackPointExtension>
            <ns3:hr>133</ns3:hr>
            <ns3:cad>81</ns3:cad>
          </ns3:TrackPointExtension>
        </extensions>
      </trkpt>
      <trkpt lat="23.04980683140456676483154296875" lon="113.313339650630950927734375">
        <ele>5.80000019073486328125</ele>
        <time>2026-07-29T23:12:33.000Z</time>
        <extensions>
          <ns3:TrackPointExtension>
            <ns3:hr>133</ns3:hr>
            <ns3:cad>81</ns3:cad>
          </ns3:TrackPointExtension>
        </extensions>
      </trkpt>
      <trkpt lat="23.049809932708740234375" lon="113.31335934810340404510498046875">
        <ele>5.80000019073486328125</ele>
        <time>2026-07-29T23:12:34.000Z</time>
        <extensions>
          <ns3:TrackPointExtension>
            <ns3:hr>133</ns3:hr>
            <ns3:cad>81</ns3:cad>
          </ns3:TrackPointExtension>
        </extensions>
      </trkpt>
      <trkpt lat="23.04980792105197906494140625" lon="113.31338030286133289337158203125">
        <ele>5.80000019073486328125</ele>
        <time>2026-07-29T23:12:35.000Z</time>
        <extensions>
          <ns3:TrackPointExtension>
            <ns3:hr>133</ns3:hr>
            <ns3:cad>82</ns3:cad>
          </ns3:TrackPointExtension>
        </extensions>
      </trkpt>
      <trkpt lat="23.04980699904263019561767578125" lon="113.31340461038053035736083984375">
        <ele>5.80000019073486328125</ele>
        <time>2026-07-29T23:12:36.000Z</time>
        <extensions>
          <ns3:TrackPointExtension>
            <ns3:hr>132</ns3:hr>
            <ns3:cad>82</ns3:cad>
          </ns3:TrackPointExtension>
        </extensions>
      </trkpt>
      <trkpt lat="23.0498097650706768035888671875" lon="113.3134295046329498291015625">
        <ele>5.80000019073486328125</ele>
        <time>2026-07-29T23:12:37.000Z</time>
        <extensions>
          <ns3:TrackPointExtension>
            <ns3:hr>132</ns3:hr>
            <ns3:cad>82</ns3:cad>
          </ns3:TrackPointExtension>
        </extensions>
      </trkpt>
      <trkpt lat="23.04979719221591949462890625" lon="113.313456661999225616455078125">
        <ele>5.599999904632568359375</ele>
        <time>2026-07-29T23:12:38.000Z</time>
        <extensions>
          <ns3:TrackPointExtension>
            <ns3:hr>132</ns3:hr>
            <ns3:cad>82</ns3:cad>
          </ns3:TrackPointExtension>
        </extensions>
      </trkpt>
      <trkpt lat="23.04979878477752208709716796875" lon="113.31347518600523471832275390625">
        <ele>5.599999904632568359375</ele>
        <time>2026-07-29T23:12:39.000Z</time>
        <extensions>
          <ns3:TrackPointExtension>
            <ns3:hr>131</ns3:hr>
            <ns3:cad>81</ns3:cad>
          </ns3:TrackPointExtension>
        </extensions>
      </trkpt>
      <trkpt lat="23.04980163462460041046142578125" lon="113.31349882297217845916748046875">
        <ele>5.599999904632568359375</ele>
        <time>2026-07-29T23:12:40.000Z</time>
        <extensions>
          <ns3:TrackPointExtension>
            <ns3:hr>130</ns3:hr>
            <ns3:cad>81</ns3:cad>
          </ns3:TrackPointExtension>
        </extensions>
      </trkpt>
      <trkpt lat="23.04979610256850719451904296875" lon="113.31352539360523223876953125">
        <ele>5.599999904632568359375</ele>
        <time>2026-07-29T23:12:41.000Z</time>
        <extensions>
          <ns3:TrackPointExtension>
            <ns3:hr>130</ns3:hr>
            <ns3:cad>81</ns3:cad>
          </ns3:TrackPointExtension>
        </extensions>
      </trkpt>
      <trkpt lat="23.0498074181377887725830078125" lon="113.3135460130870342254638671875">
        <ele>5.599999904632568359375</ele>
        <time>2026-07-29T23:12:42.000Z</time>
        <extensions>
          <ns3:TrackPointExtension>
            <ns3:hr>129</ns3:hr>
            <ns3:cad>81</ns3:cad>
          </ns3:TrackPointExtension>
        </extensions>
      </trkpt>
      <trkpt lat="23.04981018416583538055419921875" lon="113.31357342191040515899658203125">
        <ele>5.599999904632568359375</ele>
        <time>2026-07-29T23:12:43.000Z</time>
        <extensions>
          <ns3:TrackPointExtension>
            <ns3:hr>129</ns3:hr>
            <ns3:cad>81</ns3:cad>
          </ns3:TrackPointExtension>
        </extensions>
      </trkpt>
      <trkpt lat="23.0498094297945499420166015625" lon="113.31358884461224079132080078125">
        <ele>5.599999904632568359375</ele>
        <time>2026-07-29T23:12:44.000Z</time>
        <extensions>
          <ns3:TrackPointExtension>
            <ns3:hr>129</ns3:hr>
            <ns3:cad>81</ns3:cad>
          </ns3:TrackPointExtension>
        </extensions>
      </trkpt>
      <trkpt lat="23.04981529712677001953125" lon="113.313604854047298431396484375">
        <ele>5.80000019073486328125</ele>
        <time>2026-07-29T23:12:45.000Z</time>
        <extensions>
          <ns3:TrackPointExtension>
            <ns3:hr>129</ns3:hr>
            <ns3:cad>81</ns3:cad>
          </ns3:TrackPointExtension>
        </extensions>
      </trkpt>
      <trkpt lat="23.04981051944196224212646484375" lon="113.313633687794208526611328125">
        <ele>5.80000019073486328125</ele>
        <time>2026-07-29T23:12:46.000Z</time>
        <extensions>
          <ns3:TrackPointExtension>
            <ns3:hr>130</ns3:hr>
            <ns3:cad>81</ns3:cad>
          </ns3:TrackPointExtension>
        </extensions>
      </trkpt>
      <trkpt lat="23.0498114414513111114501953125" lon="113.31364986486732959747314453125">
        <ele>5.80000019073486328125</ele>
        <time>2026-07-29T23:12:47.000Z</time>
        <extensions>
          <ns3:TrackPointExtension>
            <ns3:hr>130</ns3:hr>
            <ns3:cad>81</ns3:cad>
          </ns3:TrackPointExtension>
        </extensions>
      </trkpt>
      <trkpt lat="23.0498171411454677581787109375" lon="113.313668556511402130126953125">
        <ele>5.80000019073486328125</ele>
        <time>2026-07-29T23:12:48.000Z</time>
        <extensions>
          <ns3:TrackPointExtension>
            <ns3:hr>130</ns3:hr>
            <ns3:cad>81</ns3:cad>
          </ns3:TrackPointExtension>
        </extensions>
      </trkpt>
      <trkpt lat="23.049810267984867095947265625" lon="113.31369571387767791748046875">
        <ele>5.80000019073486328125</ele>
        <time>2026-07-29T23:12:49.000Z</time>
        <extensions>
          <ns3:TrackPointExtension>
            <ns3:hr>130</ns3:hr>
            <ns3:cad>81</ns3:cad>
          </ns3:TrackPointExtension>
        </extensions>
      </trkpt>
      <trkpt lat="23.0498111061751842498779296875" lon="113.3137116394937038421630859375">
        <ele>5.599999904632568359375</ele>
        <time>2026-07-29T23:12:50.000Z</time>
        <extensions>
          <ns3:TrackPointExtension>
            <ns3:hr>130</ns3:hr>
            <ns3:cad>81</ns3:cad>
          </ns3:TrackPointExtension>
        </extensions>
      </trkpt>
      <trkpt lat="23.049814291298389434814453125" lon="113.3137364499270915985107421875">
        <ele>5.599999904632568359375</ele>
        <time>2026-07-29T23:12:51.000Z</time>
        <extensions>
          <ns3:TrackPointExtension>
            <ns3:hr>129</ns3:hr>
            <ns3:cad>81</ns3:cad>
          </ns3:TrackPointExtension>
        </extensions>
      </trkpt>
      <trkpt lat="23.0498064123094081878662109375" lon="113.31376503221690654754638671875">
        <ele>5.599999904632568359375</ele>
        <time>2026-07-29T23:12:52.000Z</time>
        <extensions>
          <ns3:TrackPointExtension>
            <ns3:hr>129</ns3:hr>
            <ns3:cad>81</ns3:cad>
          </ns3:TrackPointExtension>
        </extensions>
      </trkpt>
      <trkpt lat="23.04980951361358165740966796875" lon="113.3137790299952030181884765625">
        <ele>5.599999904632568359375</ele>
        <time>2026-07-29T23:12:53.000Z</time>
        <extensions>
          <ns3:TrackPointExtension>
            <ns3:hr>129</ns3:hr>
            <ns3:cad>81</ns3:cad>
          </ns3:TrackPointExtension>
        </extensions>
      </trkpt>
      <trkpt lat="23.0498104356229305267333984375" lon="113.31380358897149562835693359375">
        <ele>5.599999904632568359375</ele>
        <time>2026-07-29T23:12:54.000Z</time>
        <extensions>
          <ns3:TrackPointExtension>
            <ns3:hr>129</ns3:hr>
            <ns3:cad>81</ns3:cad>
          </ns3:TrackPointExtension>
        </extensions>
      </trkpt>
      <trkpt lat="23.0498047359287738800048828125" lon="113.31382714211940765380859375">
        <ele>5.599999904632568359375</ele>
        <time>2026-07-29T23:12:55.000Z</time>
        <extensions>
          <ns3:TrackPointExtension>
            <ns3:hr>130</ns3:hr>
            <ns3:cad>81</ns3:cad>
          </ns3:TrackPointExtension>
        </extensions>
      </trkpt>
      <trkpt lat="23.04980867542326450347900390625" lon="113.31384725868701934814453125">
        <ele>5.80000019073486328125</ele>
        <time>2026-07-29T23:12:56.000Z</time>
        <extensions>
          <ns3:TrackPointExtension>
            <ns3:hr>130</ns3:hr>
            <ns3:cad>81</ns3:cad>
          </ns3:TrackPointExtension>
        </extensions>
      </trkpt>
      <trkpt lat="23.04980817250907421112060546875" lon="113.31386829726397991180419921875">
        <ele>5.80000019073486328125</ele>
        <time>2026-07-29T23:12:57.000Z</time>
        <extensions>
          <ns3:TrackPointExtension>
            <ns3:hr>130</ns3:hr>
            <ns3:cad>81</ns3:cad>
          </ns3:TrackPointExtension>
        </extensions>
      </trkpt>
      <trkpt lat="23.04980649612843990325927734375" lon="113.31388489343225955963134765625">
        <ele>5.80000019073486328125</ele>
        <time>2026-07-29T23:12:58.000Z</time>
        <extensions>
          <ns3:TrackPointExtension>
            <ns3:hr>131</ns3:hr>
            <ns3:cad>81</ns3:cad>
          </ns3:TrackPointExtension>
        </extensions>
      </trkpt>
      <trkpt lat="23.04980867542326450347900390625" lon="113.31390283070504665374755859375">
        <ele>5.80000019073486328125</ele>
        <time>2026-07-29T23:12:59.000Z</time>
        <extensions>
          <ns3:TrackPointExtension>
            <ns3:hr>131</ns3:hr>
            <ns3:cad>82</ns3:cad>
          </ns3:TrackPointExtension>
        </extensions>
      </trkpt>
      <trkpt lat="23.04980657994747161865234375" lon="113.313930071890354156494140625">
        <ele>5.599999904632568359375</ele>
        <time>2026-07-29T23:13:00.000Z</time>
        <extensions>
          <ns3:TrackPointExtension>
            <ns3:hr>131</ns3:hr>
            <ns3:cad>82</ns3:cad>
          </ns3:TrackPointExtension>
        </extensions>
      </trkpt>
      <trkpt lat="23.0498017184436321258544921875" lon="113.3139470033347606658935546875">
        <ele>5.599999904632568359375</ele>
        <time>2026-07-29T23:13:01.000Z</time>
        <extensions>
          <ns3:TrackPointExtension>
            <ns3:hr>130</ns3:hr>
            <ns3:cad>82</ns3:cad>
          </ns3:TrackPointExtension>
        </extensions>
      </trkpt>
      <trkpt lat="23.0498054064810276031494140625" lon="113.313967622816562652587890625">
        <ele>5.599999904632568359375</ele>
        <time>2026-07-29T23:13:02.000Z</time>
        <extensions>
          <ns3:TrackPointExtension>
            <ns3:hr>130</ns3:hr>
            <ns3:cad>82</ns3:cad>
          </ns3:TrackPointExtension>
        </extensions>
      </trkpt>
      <trkpt lat="23.049800880253314971923828125" lon="113.3139927685260772705078125">
        <ele>5.599999904632568359375</ele>
        <time>2026-07-29T23:13:03.000Z</time>
        <extensions>
          <ns3:TrackPointExtension>
            <ns3:hr>130</ns3:hr>
            <ns3:cad>81</ns3:cad>
          </ns3:TrackPointExtension>
        </extensions>
      </trkpt>
      <trkpt lat="23.04980783723294734954833984375" lon="113.31400844268500804901123046875">
        <ele>5.599999904632568359375</ele>
        <time>2026-07-29T23:13:04.000Z</time>
        <extensions>
          <ns3:TrackPointExtension>
            <ns3:hr>131</ns3:hr>
            <ns3:cad>81</ns3:cad>
          </ns3:TrackPointExtension>
        </extensions>
      </trkpt>
      <trkpt lat="23.049808926880359649658203125" lon="113.31403828226029872894287109375">
        <ele>5.599999904632568359375</ele>
        <time>2026-07-29T23:13:05.000Z</time>
        <extensions>
          <ns3:TrackPointExtension>
            <ns3:hr>131</ns3:hr>
            <ns3:cad>81</ns3:cad>
          </ns3:TrackPointExtension>
        </extensions>
      </trkpt>
      <trkpt lat="23.04980766959488391876220703125" lon="113.314063511788845062255859375">
        <ele>5.599999904632568359375</ele>
        <time>2026-07-29T23:13:06.000Z</time>
        <extensions>
          <ns3:TrackPointExtension>
            <ns3:hr>131</ns3:hr>
            <ns3:cad>81</ns3:cad>
          </ns3:TrackPointExtension>
        </extensions>
      </trkpt>
      <trkpt lat="23.0498107708990573883056640625" lon="113.31407792866230010986328125">
        <ele>5.599999904632568359375</ele>
        <time>2026-07-29T23:13:07.000Z</time>
        <extensions>
          <ns3:TrackPointExtension>
            <ns3:hr>132</ns3:hr>
            <ns3:cad>81</ns3:cad>
          </ns3:TrackPointExtension>
        </extensions>
      </trkpt>
      <trkpt lat="23.04981571622192859649658203125" lon="113.3141025714576244354248046875">
        <ele>5.599999904632568359375</ele>
        <time>2026-07-29T23:13:08.000Z</time>
        <extensions>
          <ns3:TrackPointExtension>
            <ns3:hr>132</ns3:hr>
            <ns3:cad>82</ns3:cad>
          </ns3:TrackPointExtension>
        </extensions>
      </trkpt>
      <trkpt lat="23.0498137883841991424560546875" lon="113.3141233585774898529052734375">
        <ele>5.80000019073486328125</ele>
        <time>2026-07-29T23:13:09.000Z</time>
        <extensions>
          <ns3:TrackPointExtension>
            <ns3:hr>132</ns3:hr>
            <ns3:cad>82</ns3:cad>
          </ns3:TrackPointExtension>
        </extensions>
      </trkpt>
      <trkpt lat="23.0498211644589900970458984375" lon="113.31413953565061092376708984375">
        <ele>5.80000019073486328125</ele>
        <time>2026-07-29T23:13:10.000Z</time>
        <extensions>
          <ns3:TrackPointExtension>
            <ns3:hr>132</ns3:hr>
            <ns3:cad>82</ns3:cad>
          </ns3:TrackPointExtension>
        </extensions>
      </trkpt>
      <trkpt lat="23.0498221702873706817626953125" lon="113.314168117940425872802734375">
        <ele>5.80000019073486328125</ele>
        <time>2026-07-29T23:13:11.000Z</time>
        <extensions>
          <ns3:TrackPointExtension>
            <ns3:hr>132</ns3:hr>
            <ns3:cad>82</ns3:cad>
          </ns3:TrackPointExtension>
        </extensions>
      </trkpt>
      <trkpt lat="23.0498221702873706817626953125" lon="113.31418454647064208984375">
        <ele>5.80000019073486328125</ele>
        <time>2026-07-29T23:13:12.000Z</time>
        <extensions>
          <ns3:TrackPointExtension>
            <ns3:hr>131</ns3:hr>
            <ns3:cad>82</ns3:cad>
          </ns3:TrackPointExtension>
        </extensions>
      </trkpt>
      <trkpt lat="23.04982443340122699737548828125" lon="113.3142046630382537841796875">
        <ele>5.80000019073486328125</ele>
        <time>2026-07-29T23:13:13.000Z</time>
        <extensions>
          <ns3:TrackPointExtension>
            <ns3:hr>132</ns3:hr>
            <ns3:cad>81</ns3:cad>
          </ns3:TrackPointExtension>
        </extensions>
      </trkpt>
      <trkpt lat="23.04982007481157779693603515625" lon="113.3142266236245632171630859375">
        <ele>5.599999904632568359375</ele>
        <time>2026-07-29T23:13:14.000Z</time>
        <extensions>
          <ns3:TrackPointExtension>
            <ns3:hr>131</ns3:hr>
            <ns3:cad>81</ns3:cad>
          </ns3:TrackPointExtension>
        </extensions>
      </trkpt>
      <trkpt lat="23.04982535541057586669921875" lon="113.314238525927066802978515625">
        <ele>5.599999904632568359375</ele>
        <time>2026-07-29T23:13:15.000Z</time>
        <extensions>
          <ns3:TrackPointExtension>
            <ns3:hr>131</ns3:hr>
            <ns3:cad>81</ns3:cad>
          </ns3:TrackPointExtension>
        </extensions>
      </trkpt>
      <trkpt lat="23.0498220026493072509765625" lon="113.3142594806849956512451171875">
        <ele>5.599999904632568359375</ele>
        <time>2026-07-29T23:13:16.000Z</time>
        <extensions>
          <ns3:TrackPointExtension>
            <ns3:hr>131</ns3:hr>
            <ns3:cad>82</ns3:cad>
          </ns3:TrackPointExtension>
        </extensions>
      </trkpt>
      <trkpt lat="23.04981999099254608154296875" lon="113.31427800469100475311279296875">
        <ele>5.599999904632568359375</ele>
        <time>2026-07-29T23:13:17.000Z</time>
        <extensions>
          <ns3:TrackPointExtension>
            <ns3:hr>131</ns3:hr>
            <ns3:cad>82</ns3:cad>
          </ns3:TrackPointExtension>
        </extensions>
      </trkpt>
      <trkpt lat="23.0498302169144153594970703125" lon="113.31429761834442615509033203125">
        <ele>5.599999904632568359375</ele>
        <time>2026-07-29T23:13:18.000Z</time>
        <extensions>
          <ns3:TrackPointExtension>
            <ns3:hr>130</ns3:hr>
            <ns3:cad>82</ns3:cad>
          </ns3:TrackPointExtension>
        </extensions>
      </trkpt>
      <trkpt lat="23.0498258583247661590576171875" lon="113.31432946957647800445556640625">
        <ele>5.599999904632568359375</ele>
        <time>2026-07-29T23:13:19.000Z</time>
        <extensions>
          <ns3:TrackPointExtension>
            <ns3:hr>130</ns3:hr>
            <ns3:cad>82</ns3:cad>
          </ns3:TrackPointExtension>
        </extensions>
      </trkpt>
      <trkpt lat="23.0498231761157512664794921875" lon="113.31434338353574275970458984375">
        <ele>5.599999904632568359375</ele>
        <time>2026-07-29T23:13:20.000Z</time>
        <extensions>
          <ns3:TrackPointExtension>
            <ns3:hr>130</ns3:hr>
            <ns3:cad>82</ns3:cad>
          </ns3:TrackPointExtension>
        </extensions>
      </trkpt>
      <trkpt lat="23.0498265288770198822021484375" lon="113.31436299718916416168212890625">
        <ele>5.599999904632568359375</ele>
        <time>2026-07-29T23:13:21.000Z</time>
        <extensions>
          <ns3:TrackPointExtension>
            <ns3:hr>129</ns3:hr>
            <ns3:cad>81</ns3:cad>
          </ns3:TrackPointExtension>
        </extensions>
      </trkpt>
      <trkpt lat="23.04982007481157779693603515625" lon="113.3143899030983448028564453125">
        <ele>5.599999904632568359375</ele>
        <time>2026-07-29T23:13:22.000Z</time>
        <extensions>
          <ns3:TrackPointExtension>
            <ns3:hr>129</ns3:hr>
            <ns3:cad>81</ns3:cad>
          </ns3:TrackPointExtension>
        </extensions>
      </trkpt>
      <trkpt lat="23.04982359521090984344482421875" lon="113.31440758891403675079345703125">
        <ele>5.599999904632568359375</ele>
        <time>2026-07-29T23:13:23.000Z</time>
        <extensions>
          <ns3:TrackPointExtension>
            <ns3:hr>129</ns3:hr>
            <ns3:cad>81</ns3:cad>
          </ns3:TrackPointExtension>
        </extensions>
      </trkpt>
      <trkpt lat="23.04982208646833896636962890625" lon="113.31443022005259990692138671875">
        <ele>5.599999904632568359375</ele>
        <time>2026-07-29T23:13:24.000Z</time>
        <extensions>
          <ns3:TrackPointExtension>
            <ns3:hr>129</ns3:hr>
            <ns3:cad>81</ns3:cad>
          </ns3:TrackPointExtension>
        </extensions>
      </trkpt>
      <trkpt lat="23.0498144589364528656005859375" lon="113.31445880234241485595703125">
        <ele>5.599999904632568359375</ele>
        <time>2026-07-29T23:13:25.000Z</time>
        <extensions>
          <ns3:TrackPointExtension>
            <ns3:hr>129</ns3:hr>
            <ns3:cad>81</ns3:cad>
          </ns3:TrackPointExtension>
        </extensions>
      </trkpt>
      <trkpt lat="23.049812614917755126953125" lon="113.314476907253265380859375">
        <ele>5.599999904632568359375</ele>
        <time>2026-07-29T23:13:26.000Z</time>
        <extensions>
          <ns3:TrackPointExtension>
            <ns3:hr>129</ns3:hr>
            <ns3:cad>81</ns3:cad>
          </ns3:TrackPointExtension>
        </extensions>
      </trkpt>
      <trkpt lat="23.0498111061751842498779296875" lon="113.31449928693473339080810546875">
        <ele>5.599999904632568359375</ele>
        <time>2026-07-29T23:13:27.000Z</time>
        <extensions>
          <ns3:TrackPointExtension>
            <ns3:hr>129</ns3:hr>
            <ns3:cad>82</ns3:cad>
          </ns3:TrackPointExtension>
        </extensions>
      </trkpt>
      <trkpt lat="23.04980280809104442596435546875" lon="113.31451538018882274627685546875">
        <ele>5.599999904632568359375</ele>
        <time>2026-07-29T23:13:28.000Z</time>
        <extensions>
          <ns3:TrackPointExtension>
            <ns3:hr>129</ns3:hr>
            <ns3:cad>82</ns3:cad>
          </ns3:TrackPointExtension>
        </extensions>
      </trkpt>
      <trkpt lat="23.04981370456516742706298828125" lon="113.31452979706227779388427734375">
        <ele>5.599999904632568359375</ele>
        <time>2026-07-29T23:13:29.000Z</time>
        <extensions>
          <ns3:TrackPointExtension>
            <ns3:hr>129</ns3:hr>
            <ns3:cad>82</ns3:cad>
          </ns3:TrackPointExtension>
        </extensions>
      </trkpt>
      <trkpt lat="23.04981504566967487335205078125" lon="113.31455175764858722686767578125">
        <ele>5.599999904632568359375</ele>
        <time>2026-07-29T23:13:30.000Z</time>
        <extensions>
          <ns3:TrackPointExtension>
            <ns3:hr>129</ns3:hr>
            <ns3:cad>81</ns3:cad>
          </ns3:TrackPointExtension>
        </extensions>
      </trkpt>
      <trkpt lat="23.04981973953545093536376953125" lon="113.314571119844913482666015625">
        <ele>5.599999904632568359375</ele>
        <time>2026-07-29T23:13:31.000Z</time>
        <extensions>
          <ns3:TrackPointExtension>
            <ns3:hr>129</ns3:hr>
            <ns3:cad>81</ns3:cad>
          </ns3:TrackPointExtension>
        </extensions>
      </trkpt>
      <trkpt lat="23.04982669651508331298828125" lon="113.31458712927997112274169921875">
        <ele>5.599999904632568359375</ele>
        <time>2026-07-29T23:13:32.000Z</time>
        <extensions>
          <ns3:TrackPointExtension>
            <ns3:hr>129</ns3:hr>
            <ns3:cad>81</ns3:cad>
          </ns3:TrackPointExtension>
        </extensions>
      </trkpt>
      <trkpt lat="23.0498168058693408966064453125" lon="113.31461294554173946380615234375">
        <ele>5.599999904632568359375</ele>
        <time>2026-07-29T23:13:33.000Z</time>
        <extensions>
          <ns3:TrackPointExtension>
            <ns3:hr>129</ns3:hr>
            <ns3:cad>81</ns3:cad>
          </ns3:TrackPointExtension>
        </extensions>
      </trkpt>
      <trkpt lat="23.0498204939067363739013671875" lon="113.314628787338733673095703125">
        <ele>5.599999904632568359375</ele>
        <time>2026-07-29T23:13:34.000Z</time>
        <extensions>
          <ns3:TrackPointExtension>
            <ns3:hr>128</ns3:hr>
            <ns3:cad>82</ns3:cad>
          </ns3:TrackPointExtension>
        </extensions>
      </trkpt>
      <trkpt lat="23.049823008477687835693359375" lon="113.31465351395308971405029296875">
        <ele>5.599999904632568359375</ele>
        <time>2026-07-29T23:13:35.000Z</time>
        <extensions>
          <ns3:TrackPointExtension>
            <ns3:hr>129</ns3:hr>
            <ns3:cad>82</ns3:cad>
          </ns3:TrackPointExtension>
        </extensions>
      </trkpt>
      <trkpt lat="23.04981353692710399627685546875" lon="113.31467807292938232421875">
        <ele>5.599999904632568359375</ele>
        <time>2026-07-29T23:13:36.000Z</time>
        <extensions>
          <ns3:TrackPointExtension>
            <ns3:hr>129</ns3:hr>
            <ns3:cad>82</ns3:cad>
          </ns3:TrackPointExtension>
        </extensions>
      </trkpt>
      <trkpt lat="23.04981906898319721221923828125" lon="113.3146919868886470794677734375">
        <ele>5.599999904632568359375</ele>
        <time>2026-07-29T23:13:37.000Z</time>
        <extensions>
          <ns3:TrackPointExtension>
            <ns3:hr>129</ns3:hr>
            <ns3:cad>82</ns3:cad>
          </ns3:TrackPointExtension>
        </extensions>
      </trkpt>
      <trkpt lat="23.049818985164165496826171875" lon="113.31471604295074939727783203125">
        <ele>5.599999904632568359375</ele>
        <time>2026-07-29T23:13:38.000Z</time>
        <extensions>
          <ns3:TrackPointExtension>
            <ns3:hr>129</ns3:hr>
            <ns3:cad>81</ns3:cad>
          </ns3:TrackPointExtension>
        </extensions>
      </trkpt>
      <trkpt lat="23.049812950193881988525390625" lon="113.3147328905761241912841796875">
        <ele>5.599999904632568359375</ele>
        <time>2026-07-29T23:13:39.000Z</time>
        <extensions>
          <ns3:TrackPointExtension>
            <ns3:hr>129</ns3:hr>
            <ns3:cad>81</ns3:cad>
          </ns3:TrackPointExtension>
        </extensions>
      </trkpt>
      <trkpt lat="23.04981999099254608154296875" lon="113.31474244594573974609375">
        <ele>5.599999904632568359375</ele>
        <time>2026-07-29T23:13:40.000Z</time>
        <extensions>
          <ns3:TrackPointExtension>
            <ns3:hr>128</ns3:hr>
            <ns3:cad>81</ns3:cad>
          </ns3:TrackPointExtension>
        </extensions>
      </trkpt>
      <trkpt lat="23.0498151294887065887451171875" lon="113.31477303989231586456298828125">
        <ele>5.599999904632568359375</ele>
        <time>2026-07-29T23:13:41.000Z</time>
        <extensions>
          <ns3:TrackPointExtension>
            <ns3:hr>129</ns3:hr>
            <ns3:cad>81</ns3:cad>
          </ns3:TrackPointExtension>
        </extensions>
      </trkpt>
      <trkpt lat="23.0498178116977214813232421875" lon="113.3147935755550861358642578125">
        <ele>5.599999904632568359375</ele>
        <time>2026-07-29T23:13:42.000Z</time>
        <extensions>
          <ns3:TrackPointExtension>
            <ns3:hr>129</ns3:hr>
            <ns3:cad>81</ns3:cad>
          </ns3:TrackPointExtension>
        </extensions>
      </trkpt>
      <trkpt lat="23.04982761852443218231201171875" lon="113.31481151282787322998046875">
        <ele>5.599999904632568359375</ele>
        <time>2026-07-29T23:13:43.000Z</time>
        <extensions>
          <ns3:TrackPointExtension>
            <ns3:hr>129</ns3:hr>
            <ns3:cad>81</ns3:cad>
          </ns3:TrackPointExtension>
        </extensions>
      </trkpt>
      <trkpt lat="23.04982342757284641265869140625" lon="113.31483825109899044036865234375">
        <ele>5.599999904632568359375</ele>
        <time>2026-07-29T23:13:44.000Z</time>
        <extensions>
          <ns3:TrackPointExtension>
            <ns3:hr>129</ns3:hr>
            <ns3:cad>81</ns3:cad>
          </ns3:TrackPointExtension>
        </extensions>
      </trkpt>
      <trkpt lat="23.0498211644589900970458984375" lon="113.314850740134716033935546875">
        <ele>5.599999904632568359375</ele>
        <time>2026-07-29T23:13:45.000Z</time>
        <extensions>
          <ns3:TrackPointExtension>
            <ns3:hr>129</ns3:hr>
            <ns3:cad>81</ns3:cad>
          </ns3:TrackPointExtension>
        </extensions>
      </trkpt>
      <trkpt lat="23.049823679029941558837890625" lon="113.31487379036843776702880859375">
        <ele>5.599999904632568359375</ele>
        <time>2026-07-29T23:13:46.000Z</time>
        <extensions>
          <ns3:TrackPointExtension>
            <ns3:hr>129</ns3:hr>
            <ns3:cad>82</ns3:cad>
          </ns3:TrackPointExtension>
        </extensions>
      </trkpt>
      <trkpt lat="23.04981219582259654998779296875" lon="113.31489608623087406158447265625">
        <ele>5.400000095367431640625</ele>
        <time>2026-07-29T23:13:47.000Z</time>
        <extensions>
          <ns3:TrackPointExtension>
            <ns3:hr>129</ns3:hr>
            <ns3:cad>82</ns3:cad>
          </ns3:TrackPointExtension>
        </extensions>
      </trkpt>
      <trkpt lat="23.04981462657451629638671875" lon="113.31491075456142425537109375">
        <ele>5.400000095367431640625</ele>
        <time>2026-07-29T23:13:48.000Z</time>
        <extensions>
          <ns3:TrackPointExtension>
            <ns3:hr>129</ns3:hr>
            <ns3:cad>82</ns3:cad>
          </ns3:TrackPointExtension>
        </extensions>
      </trkpt>
      <trkpt lat="23.049812614917755126953125" lon="113.31493766047060489654541015625">
        <ele>5.400000095367431640625</ele>
        <time>2026-07-29T23:13:49.000Z</time>
        <extensions>
          <ns3:TrackPointExtension>
            <ns3:hr>129</ns3:hr>
            <ns3:cad>82</ns3:cad>
          </ns3:TrackPointExtension>
        </extensions>
      </trkpt>
      <trkpt lat="23.0498112738132476806640625" lon="113.31495727412402629852294921875">
        <ele>5.400000095367431640625</ele>
        <time>2026-07-29T23:13:50.000Z</time>
        <extensions>
          <ns3:TrackPointExtension>
            <ns3:hr>130</ns3:hr>
            <ns3:cad>82</ns3:cad>
          </ns3:TrackPointExtension>
        </extensions>
      </trkpt>
      <trkpt lat="23.04982208646833896636962890625" lon="113.31497521139681339263916015625">
        <ele>5.599999904632568359375</ele>
        <time>2026-07-29T23:13:51.000Z</time>
        <extensions>
          <ns3:TrackPointExtension>
            <ns3:hr>129</ns3:hr>
            <ns3:cad>82</ns3:cad>
          </ns3:TrackPointExtension>
        </extensions>
      </trkpt>
      <trkpt lat="23.049815632402896881103515625" lon="113.315006978809833526611328125">
        <ele>5.599999904632568359375</ele>
        <time>2026-07-29T23:13:52.000Z</time>
        <extensions>
          <ns3:TrackPointExtension>
            <ns3:hr>129</ns3:hr>
            <ns3:cad>82</ns3:cad>
          </ns3:TrackPointExtension>
        </extensions>
      </trkpt>
      <trkpt lat="23.04981554858386516571044921875" lon="113.31502030603587627410888671875">
        <ele>5.599999904632568359375</ele>
        <time>2026-07-29T23:13:53.000Z</time>
        <extensions>
          <ns3:TrackPointExtension>
            <ns3:hr>129</ns3:hr>
            <ns3:cad>82</ns3:cad>
          </ns3:TrackPointExtension>
        </extensions>
      </trkpt>
      <trkpt lat="23.0498194880783557891845703125" lon="113.31503908149898052215576171875">
        <ele>5.599999904632568359375</ele>
        <time>2026-07-29T23:13:54.000Z</time>
        <extensions>
          <ns3:TrackPointExtension>
            <ns3:hr>129</ns3:hr>
            <ns3:cad>82</ns3:cad>
          </ns3:TrackPointExtension>
        </extensions>
      </trkpt>
      <trkpt lat="23.04981051944196224212646484375" lon="113.31505735404789447784423828125">
        <ele>5.599999904632568359375</ele>
        <time>2026-07-29T23:13:55.000Z</time>
        <extensions>
          <ns3:TrackPointExtension>
            <ns3:hr>129</ns3:hr>
            <ns3:cad>81</ns3:cad>
          </ns3:TrackPointExtension>
        </extensions>
      </trkpt>
      <trkpt lat="23.0498090945184230804443359375" lon="113.3150708489120006561279296875">
        <ele>5.400000095367431640625</ele>
        <time>2026-07-29T23:13:56.000Z</time>
        <extensions>
          <ns3:TrackPointExtension>
            <ns3:hr>129</ns3:hr>
            <ns3:cad>81</ns3:cad>
          </ns3:TrackPointExtension>
        </extensions>
      </trkpt>
      <trkpt lat="23.0498087592422962188720703125" lon="113.315087445080280303955078125">
        <ele>5.599999904632568359375</ele>
        <time>2026-07-29T23:13:57.000Z</time>
        <extensions>
          <ns3:TrackPointExtension>
            <ns3:hr>129</ns3:hr>
            <ns3:cad>81</ns3:cad>
          </ns3:TrackPointExtension>
        </extensions>
      </trkpt>
      <trkpt lat="23.04980196990072727203369140625" lon="113.31511150114238262176513671875">
        <ele>5.599999904632568359375</ele>
        <time>2026-07-29T23:13:58.000Z</time>
        <extensions>
          <ns3:TrackPointExtension>
            <ns3:hr>129</ns3:hr>
            <ns3:cad>81</ns3:cad>
          </ns3:TrackPointExtension>
        </extensions>
      </trkpt>
      <trkpt lat="23.04980599321424961090087890625" lon="113.31512139178812503814697265625">
        <ele>5.599999904632568359375</ele>
        <time>2026-07-29T23:13:59.000Z</time>
        <extensions>
          <ns3:TrackPointExtension>
            <ns3:hr>129</ns3:hr>
            <ns3:cad>81</ns3:cad>
          </ns3:TrackPointExtension>
        </extensions>
      </trkpt>
      <trkpt lat="23.049802221357822418212890625" lon="113.31514201126992702484130859375">
        <ele>5.599999904632568359375</ele>
        <time>2026-07-29T23:14:00.000Z</time>
        <extensions>
          <ns3:TrackPointExtension>
            <ns3:hr>129</ns3:hr>
            <ns3:cad>81</ns3:cad>
          </ns3:TrackPointExtension>
        </extensions>
      </trkpt>
      <trkpt lat="23.04980180226266384124755859375" lon="113.31516279838979244232177734375">
        <ele>5.599999904632568359375</ele>
        <time>2026-07-29T23:14:01.000Z</time>
        <extensions>
          <ns3:TrackPointExtension>
            <ns3:hr>129</ns3:hr>
            <ns3:cad>81</ns3:cad>
          </ns3:TrackPointExtension>
        </extensions>
      </trkpt>
      <trkpt lat="23.04980414919555187225341796875" lon="113.31518341787159442901611328125">
        <ele>5.599999904632568359375</ele>
        <time>2026-07-29T23:14:02.000Z</time>
        <extensions>
          <ns3:TrackPointExtension>
            <ns3:hr>129</ns3:hr>
            <ns3:cad>81</ns3:cad>
          </ns3:TrackPointExtension>
        </extensions>
      </trkpt>
      <trkpt lat="23.04980264045298099517822265625" lon="113.31521811895072460174560546875">
        <ele>5.599999904632568359375</ele>
        <time>2026-07-29T23:14:03.000Z</time>
        <extensions>
          <ns3:TrackPointExtension>
            <ns3:hr>129</ns3:hr>
            <ns3:cad>81</ns3:cad>
          </ns3:TrackPointExtension>
        </extensions>
      </trkpt>
      <trkpt lat="23.04980364628136157989501953125" lon="113.31523287110030651092529296875">
        <ele>5.599999904632568359375</ele>
        <time>2026-07-29T23:14:04.000Z</time>
        <extensions>
          <ns3:TrackPointExtension>
            <ns3:hr>129</ns3:hr>
            <ns3:cad>81</ns3:cad>
          </ns3:TrackPointExtension>
        </extensions>
      </trkpt>
      <trkpt lat="23.0498104356229305267333984375" lon="113.31525265239179134368896484375">
        <ele>5.599999904632568359375</ele>
        <time>2026-07-29T23:14:05.000Z</time>
        <extensions>
          <ns3:TrackPointExtension>
            <ns3:hr>129</ns3:hr>
            <ns3:cad>81</ns3:cad>
          </ns3:TrackPointExtension>
        </extensions>
      </trkpt>
      <trkpt lat="23.049816302955150604248046875" lon="113.315276540815830230712890625">
        <ele>5.400000095367431640625</ele>
        <time>2026-07-29T23:14:06.000Z</time>
        <extensions>
          <ns3:TrackPointExtension>
            <ns3:hr>129</ns3:hr>
            <ns3:cad>81</ns3:cad>
          </ns3:TrackPointExtension>
        </extensions>
      </trkpt>
      <trkpt lat="23.049823679029941558837890625" lon="113.3152887783944606781005859375">
        <ele>5.400000095367431640625</ele>
        <time>2026-07-29T23:14:07.000Z</time>
        <extensions>
          <ns3:TrackPointExtension>
            <ns3:hr>128</ns3:hr>
            <ns3:cad>82</ns3:cad>
          </ns3:TrackPointExtension>
        </extensions>
      </trkpt>
      <trkpt lat="23.04982325993478298187255859375" lon="113.3153152652084827423095703125">
        <ele>5.400000095367431640625</ele>
        <time>2026-07-29T23:14:08.000Z</time>
        <extensions>
          <ns3:TrackPointExtension>
            <ns3:hr>129</ns3:hr>
            <ns3:cad>82</ns3:cad>
          </ns3:TrackPointExtension>
        </extensions>
      </trkpt>
      <trkpt lat="23.0498174764215946197509765625" lon="113.315335214138031005859375">
        <ele>5.400000095367431640625</ele>
        <time>2026-07-29T23:14:09.000Z</time>
        <extensions>
          <ns3:TrackPointExtension>
            <ns3:hr>128</ns3:hr>
            <ns3:cad>82</ns3:cad>
          </ns3:TrackPointExtension>
        </extensions>
      </trkpt>
      <trkpt lat="23.04981504566967487335205078125" lon="113.3153544925153255462646484375">
        <ele>5.599999904632568359375</ele>
        <time>2026-07-29T23:14:10.000Z</time>
        <extensions>
          <ns3:TrackPointExtension>
            <ns3:hr>128</ns3:hr>
            <ns3:cad>82</ns3:cad>
          </ns3:TrackPointExtension>
        </extensions>
      </trkpt>
      <trkpt lat="23.04980951361358165740966796875" lon="113.315383493900299072265625">
        <ele>5.599999904632568359375</ele>
        <time>2026-07-29T23:14:11.000Z</time>
        <extensions>
          <ns3:TrackPointExtension>
            <ns3:hr>128</ns3:hr>
            <ns3:cad>82</ns3:cad>
          </ns3:TrackPointExtension>
        </extensions>
      </trkpt>
      <trkpt lat="23.04980129934847354888916015625" lon="113.31540050916373729705810546875">
        <ele>5.599999904632568359375</ele>
        <time>2026-07-29T23:14:12.000Z</time>
        <extensions>
          <ns3:TrackPointExtension>
            <ns3:hr>128</ns3:hr>
            <ns3:cad>82</ns3:cad>
          </ns3:TrackPointExtension>
        </extensions>
      </trkpt>
      <trkpt lat="23.049808926880359649658203125" lon="113.31542531959712505340576171875">
        <ele>5.400000095367431640625</ele>
        <time>2026-07-29T23:14:13.000Z</time>
        <extensions>
          <ns3:TrackPointExtension>
            <ns3:hr>128</ns3:hr>
            <ns3:cad>82</ns3:cad>
          </ns3:TrackPointExtension>
        </extensions>
      </trkpt>
      <trkpt lat="23.04981789551675319671630859375" lon="113.31544560380280017852783203125">
        <ele>5.400000095367431640625</ele>
        <time>2026-07-29T23:14:14.000Z</time>
        <extensions>
          <ns3:TrackPointExtension>
            <ns3:hr>128</ns3:hr>
            <ns3:cad>82</ns3:cad>
          </ns3:TrackPointExtension>
        </extensions>
      </trkpt>
      <trkpt lat="23.04982225410640239715576171875" lon="113.315457589924335479736328125">
        <ele>5.400000095367431640625</ele>
        <time>2026-07-29T23:14:15.000Z</time>
        <extensions>
          <ns3:TrackPointExtension>
            <ns3:hr>127</ns3:hr>
            <ns3:cad>82</ns3:cad>
          </ns3:TrackPointExtension>
        </extensions>
      </trkpt>
      <trkpt lat="23.04982895962893962860107421875" lon="113.315482400357723236083984375">
        <ele>5.400000095367431640625</ele>
        <time>2026-07-29T23:14:16.000Z</time>
        <extensions>
          <ns3:TrackPointExtension>
            <ns3:hr>127</ns3:hr>
            <ns3:cad>82</ns3:cad>
          </ns3:TrackPointExtension>
        </extensions>
      </trkpt>
      <trkpt lat="23.04983030073344707489013671875" lon="113.31550645641982555389404296875">
        <ele>5.400000095367431640625</ele>
        <time>2026-07-29T23:14:17.000Z</time>
        <extensions>
          <ns3:TrackPointExtension>
            <ns3:hr>127</ns3:hr>
            <ns3:cad>82</ns3:cad>
          </ns3:TrackPointExtension>
        </extensions>
      </trkpt>
      <trkpt lat="23.04984019137918949127197265625" lon="113.3155221305787563323974609375">
        <ele>5.400000095367431640625</ele>
        <time>2026-07-29T23:14:18.000Z</time>
        <extensions>
          <ns3:TrackPointExtension>
            <ns3:hr>127</ns3:hr>
            <ns3:cad>82</ns3:cad>
          </ns3:TrackPointExtension>
        </extensions>
      </trkpt>
      <trkpt lat="23.049844801425933837890625" lon="113.31555783748626708984375">
        <ele>5.400000095367431640625</ele>
        <time>2026-07-29T23:14:19.000Z</time>
        <extensions>
          <ns3:TrackPointExtension>
            <ns3:hr>127</ns3:hr>
            <ns3:cad>82</ns3:cad>
          </ns3:TrackPointExtension>
        </extensions>
      </trkpt>
      <trkpt lat="23.04984748363494873046875" lon="113.3155740983784198760986328125">
        <ele>5.400000095367431640625</ele>
        <time>2026-07-29T23:14:20.000Z</time>
        <extensions>
          <ns3:TrackPointExtension>
            <ns3:hr>127</ns3:hr>
            <ns3:cad>81</ns3:cad>
          </ns3:TrackPointExtension>
        </extensions>
      </trkpt>
      <trkpt lat="23.049855530261993408203125" lon="113.315599076449871063232421875">
        <ele>5.400000095367431640625</ele>
        <time>2026-07-29T23:14:21.000Z</time>
        <extensions>
          <ns3:TrackPointExtension>
            <ns3:hr>127</ns3:hr>
            <ns3:cad>81</ns3:cad>
          </ns3:TrackPointExtension>
        </extensions>
      </trkpt>
      <trkpt lat="23.0498590506613254547119140625" lon="113.315631933510303497314453125">
        <ele>5.400000095367431640625</ele>
        <time>2026-07-29T23:14:22.000Z</time>
        <extensions>
          <ns3:TrackPointExtension>
            <ns3:hr>127</ns3:hr>
            <ns3:cad>81</ns3:cad>
          </ns3:TrackPointExtension>
        </extensions>
      </trkpt>
      <trkpt lat="23.0498657561838626861572265625" lon="113.31564995460212230682373046875">
        <ele>5.400000095367431640625</ele>
        <time>2026-07-29T23:14:23.000Z</time>
        <extensions>
          <ns3:TrackPointExtension>
            <ns3:hr>127</ns3:hr>
            <ns3:cad>82</ns3:cad>
          </ns3:TrackPointExtension>
        </extensions>
      </trkpt>
      <trkpt lat="23.04986684583127498626708984375" lon="113.315667808055877685546875">
        <ele>5.400000095367431640625</ele>
        <time>2026-07-29T23:14:24.000Z</time>
        <extensions>
          <ns3:TrackPointExtension>
            <ns3:hr>126</ns3:hr>
            <ns3:cad>82</ns3:cad>
          </ns3:TrackPointExtension>
        </extensions>
      </trkpt>
      <trkpt lat="23.0498617328703403472900390625" lon="113.31569194793701171875">
        <ele>5.400000095367431640625</ele>
        <time>2026-07-29T23:14:25.000Z</time>
        <extensions>
          <ns3:TrackPointExtension>
            <ns3:hr>126</ns3:hr>
            <ns3:cad>82</ns3:cad>
          </ns3:TrackPointExtension>
        </extensions>
      </trkpt>
      <trkpt lat="23.04986969567835330963134765625" lon="113.3157051913440227508544921875">
        <ele>5.400000095367431640625</ele>
        <time>2026-07-29T23:14:26.000Z</time>
        <extensions>
          <ns3:TrackPointExtension>
            <ns3:hr>126</ns3:hr>
            <ns3:cad>82</ns3:cad>
          </ns3:TrackPointExtension>
        </extensions>
      </trkpt>
      <trkpt lat="23.04987153969705104827880859375" lon="113.31573829986155033111572265625">
        <ele>5.400000095367431640625</ele>
        <time>2026-07-29T23:14:27.000Z</time>
        <extensions>
          <ns3:TrackPointExtension>
            <ns3:hr>126</ns3:hr>
            <ns3:cad>82</ns3:cad>
          </ns3:TrackPointExtension>
        </extensions>
      </trkpt>
      <trkpt lat="23.04986818693578243255615234375" lon="113.315749950706958770751953125">
        <ele>5.599999904632568359375</ele>
        <time>2026-07-29T23:14:28.000Z</time>
        <extensions>
          <ns3:TrackPointExtension>
            <ns3:hr>126</ns3:hr>
            <ns3:cad>82</ns3:cad>
          </ns3:TrackPointExtension>
        </extensions>
      </trkpt>
      <trkpt lat="23.04987170733511447906494140625" lon="113.3157722465693950653076171875">
        <ele>5.599999904632568359375</ele>
        <time>2026-07-29T23:14:29.000Z</time>
        <extensions>
          <ns3:TrackPointExtension>
            <ns3:hr>127</ns3:hr>
            <ns3:cad>82</ns3:cad>
          </ns3:TrackPointExtension>
        </extensions>
      </trkpt>
      <trkpt lat="23.04987036623060703277587890625" lon="113.3158005774021148681640625">
        <ele>5.599999904632568359375</ele>
        <time>2026-07-29T23:14:30.000Z</time>
        <extensions>
          <ns3:TrackPointExtension>
            <ns3:hr>126</ns3:hr>
            <ns3:cad>83</ns3:cad>
          </ns3:TrackPointExtension>
        </extensions>
      </trkpt>
      <trkpt lat="23.04987506009638309478759765625" lon="113.3158171735703945159912109375">
        <ele>5.400000095367431640625</ele>
        <time>2026-07-29T23:14:31.000Z</time>
        <extensions>
          <ns3:TrackPointExtension>
            <ns3:hr>126</ns3:hr>
            <ns3:cad>83</ns3:cad>
          </ns3:TrackPointExtension>
        </extensions>
      </trkpt>
      <trkpt lat="23.049875982105731964111328125" lon="113.3158396370708942413330078125">
        <ele>5.599999904632568359375</ele>
        <time>2026-07-29T23:14:32.000Z</time>
        <extensions>
          <ns3:TrackPointExtension>
            <ns3:hr>126</ns3:hr>
            <ns3:cad>82</ns3:cad>
          </ns3:TrackPointExtension>
        </extensions>
      </trkpt>
      <trkpt lat="23.0498731322586536407470703125" lon="113.3158651180565357208251953125">
        <ele>5.400000095367431640625</ele>
        <time>2026-07-29T23:14:33.000Z</time>
        <extensions>
          <ns3:TrackPointExtension>
            <ns3:hr>126</ns3:hr>
            <ns3:cad>82</ns3:cad>
          </ns3:TrackPointExtension>
        </extensions>
      </trkpt>
      <trkpt lat="23.04988025687634944915771484375" lon="113.3158795349299907684326171875">
        <ele>5.400000095367431640625</ele>
        <time>2026-07-29T23:14:34.000Z</time>
        <extensions>
          <ns3:TrackPointExtension>
            <ns3:hr>126</ns3:hr>
            <ns3:cad>82</ns3:cad>
          </ns3:TrackPointExtension>
        </extensions>
      </trkpt>
      <trkpt lat="23.049882017076015472412109375" lon="113.31591079942882061004638671875">
        <ele>5.599999904632568359375</ele>
        <time>2026-07-29T23:14:35.000Z</time>
        <extensions>
          <ns3:TrackPointExtension>
            <ns3:hr>126</ns3:hr>
            <ns3:cad>82</ns3:cad>
          </ns3:TrackPointExtension>
        </extensions>
      </trkpt>
      <trkpt lat="23.0498865433037281036376953125" lon="113.31593158654868602752685546875">
        <ele>5.599999904632568359375</ele>
        <time>2026-07-29T23:14:36.000Z</time>
        <extensions>
          <ns3:TrackPointExtension>
            <ns3:hr>126</ns3:hr>
            <ns3:cad>82</ns3:cad>
          </ns3:TrackPointExtension>
        </extensions>
      </trkpt>
      <trkpt lat="23.04989316500723361968994140625" lon="113.315954469144344329833984375">
        <ele>5.599999904632568359375</ele>
        <time>2026-07-29T23:14:37.000Z</time>
        <extensions>
          <ns3:TrackPointExtension>
            <ns3:hr>126</ns3:hr>
            <ns3:cad>82</ns3:cad>
          </ns3:TrackPointExtension>
        </extensions>
      </trkpt>
      <trkpt lat="23.0498944222927093505859375" lon="113.31598087213933467864990234375">
        <ele>5.599999904632568359375</ele>
        <time>2026-07-29T23:14:38.000Z</time>
        <extensions>
          <ns3:TrackPointExtension>
            <ns3:hr>127</ns3:hr>
            <ns3:cad>81</ns3:cad>
          </ns3:TrackPointExtension>
        </extensions>
      </trkpt>
      <trkpt lat="23.04990104399621486663818359375" lon="113.31600115634500980377197265625">
        <ele>5.599999904632568359375</ele>
        <time>2026-07-29T23:14:39.000Z</time>
        <extensions>
          <ns3:TrackPointExtension>
            <ns3:hr>126</ns3:hr>
            <ns3:cad>81</ns3:cad>
          </ns3:TrackPointExtension>
        </extensions>
      </trkpt>
      <trkpt lat="23.0499051511287689208984375" lon="113.31602227874100208282470703125">
        <ele>5.400000095367431640625</ele>
        <time>2026-07-29T23:14:40.000Z</time>
        <extensions>
          <ns3:TrackPointExtension>
            <ns3:hr>126</ns3:hr>
            <ns3:cad>81</ns3:cad>
          </ns3:TrackPointExtension>
        </extensions>
      </trkpt>
      <trkpt lat="23.04990045726299285888671875" lon="113.31605463288724422454833984375">
        <ele>5.599999904632568359375</ele>
        <time>2026-07-29T23:14:41.000Z</time>
        <extensions>
          <ns3:TrackPointExtension>
            <ns3:hr>126</ns3:hr>
            <ns3:cad>81</ns3:cad>
          </ns3:TrackPointExtension>
        </extensions>
      </trkpt>
      <trkpt lat="23.04990557022392749786376953125" lon="113.3160763420164585113525390625">
        <ele>5.599999904632568359375</ele>
        <time>2026-07-29T23:14:42.000Z</time>
        <extensions>
          <ns3:TrackPointExtension>
            <ns3:hr>126</ns3:hr>
            <ns3:cad>82</ns3:cad>
          </ns3:TrackPointExtension>
        </extensions>
      </trkpt>
      <trkpt lat="23.04990774951875209808349609375" lon="113.3161024935543537139892578125">
        <ele>5.599999904632568359375</ele>
        <time>2026-07-29T23:14:43.000Z</time>
        <extensions>
          <ns3:TrackPointExtension>
            <ns3:hr>126</ns3:hr>
            <ns3:cad>82</ns3:cad>
          </ns3:TrackPointExtension>
        </extensions>
      </trkpt>
      <trkpt lat="23.04990808479487895965576171875" lon="113.316118419170379638671875">
        <ele>5.599999904632568359375</ele>
        <time>2026-07-29T23:14:44.000Z</time>
        <extensions>
          <ns3:TrackPointExtension>
            <ns3:hr>126</ns3:hr>
            <ns3:cad>82</ns3:cad>
          </ns3:TrackPointExtension>
        </extensions>
      </trkpt>
      <trkpt lat="23.0499150417745113372802734375" lon="113.31613644026219844818115234375">
        <ele>5.599999904632568359375</ele>
        <time>2026-07-29T23:14:45.000Z</time>
        <extensions>
          <ns3:TrackPointExtension>
            <ns3:hr>127</ns3:hr>
            <ns3:cad>82</ns3:cad>
          </ns3:TrackPointExtension>
        </extensions>
      </trkpt>
      <trkpt lat="23.04991386830806732177734375" lon="113.31617164425551891326904296875">
        <ele>5.599999904632568359375</ele>
        <time>2026-07-29T23:14:46.000Z</time>
        <extensions>
          <ns3:TrackPointExtension>
            <ns3:hr>128</ns3:hr>
            <ns3:cad>82</ns3:cad>
          </ns3:TrackPointExtension>
        </extensions>
      </trkpt>
      <trkpt lat="23.04991864599287509918212890625" lon="113.316191174089908599853515625">
        <ele>5.599999904632568359375</ele>
        <time>2026-07-29T23:14:47.000Z</time>
        <extensions>
          <ns3:TrackPointExtension>
            <ns3:hr>127</ns3:hr>
            <ns3:cad>83</ns3:cad>
          </ns3:TrackPointExtension>
        </extensions>
      </trkpt>
      <trkpt lat="23.04992593824863433837890625" lon="113.3162176609039306640625">
        <ele>5.599999904632568359375</ele>
        <time>2026-07-29T23:14:48.000Z</time>
        <extensions>
          <ns3:TrackPointExtension>
            <ns3:hr>127</ns3:hr>
            <ns3:cad>83</ns3:cad>
          </ns3:TrackPointExtension>
        </extensions>
      </trkpt>
      <trkpt lat="23.04992971010506153106689453125" lon="113.31624607555568218231201171875">
        <ele>5.599999904632568359375</ele>
        <time>2026-07-29T23:14:49.000Z</time>
        <extensions>
          <ns3:TrackPointExtension>
            <ns3:hr>127</ns3:hr>
            <ns3:cad>82</ns3:cad>
          </ns3:TrackPointExtension>
        </extensions>
      </trkpt>
      <trkpt lat="23.04992803372442722320556640625" lon="113.31626367755234241485595703125">
        <ele>5.599999904632568359375</ele>
        <time>2026-07-29T23:14:50.000Z</time>
        <extensions>
          <ns3:TrackPointExtension>
            <ns3:hr>127</ns3:hr>
            <ns3:cad>82</ns3:cad>
          </ns3:TrackPointExtension>
        </extensions>
      </trkpt>
      <trkpt lat="23.04991764016449451446533203125" lon="113.3162919245660305023193359375">
        <ele>5.599999904632568359375</ele>
        <time>2026-07-29T23:14:51.000Z</time>
        <extensions>
          <ns3:TrackPointExtension>
            <ns3:hr>128</ns3:hr>
            <ns3:cad>82</ns3:cad>
          </ns3:TrackPointExtension>
        </extensions>
      </trkpt>
      <trkpt lat="23.049902804195880889892578125" lon="113.3163117058575153350830078125">
        <ele>5.599999904632568359375</ele>
        <time>2026-07-29T23:14:52.000Z</time>
        <extensions>
          <ns3:TrackPointExtension>
            <ns3:hr>127</ns3:hr>
            <ns3:cad>82</ns3:cad>
          </ns3:TrackPointExtension>
        </extensions>
      </trkpt>
      <trkpt lat="23.04989919997751712799072265625" lon="113.3163264580070972442626953125">
        <ele>5.599999904632568359375</ele>
        <time>2026-07-29T23:14:53.000Z</time>
        <extensions>
          <ns3:TrackPointExtension>
            <ns3:hr>128</ns3:hr>
            <ns3:cad>82</ns3:cad>
          </ns3:TrackPointExtension>
        </extensions>
      </trkpt>
      <trkpt lat="23.04987371899187564849853515625" lon="113.3163502626121044158935546875">
        <ele>5.599999904632568359375</ele>
        <time>2026-07-29T23:14:54.000Z</time>
        <extensions>
          <ns3:TrackPointExtension>
            <ns3:hr>128</ns3:hr>
            <ns3:cad>82</ns3:cad>
          </ns3:TrackPointExtension>
        </extensions>
      </trkpt>
      <trkpt lat="23.0498613975942134857177734375" lon="113.31636585295200347900390625">
        <ele>5.599999904632568359375</ele>
        <time>2026-07-29T23:14:55.000Z</time>
        <extensions>
          <ns3:TrackPointExtension>
            <ns3:hr>128</ns3:hr>
            <ns3:cad>82</ns3:cad>
          </ns3:TrackPointExtension>
        </extensions>
      </trkpt>
      <trkpt lat="23.04984924383461475372314453125" lon="113.31638353876769542694091796875">
        <ele>5.599999904632568359375</ele>
        <time>2026-07-29T23:14:56.000Z</time>
        <extensions>
          <ns3:TrackPointExtension>
            <ns3:hr>127</ns3:hr>
            <ns3:cad>82</ns3:cad>
          </ns3:TrackPointExtension>
        </extensions>
      </trkpt>
      <trkpt lat="23.049820326268672943115234375" lon="113.31639896146953105926513671875">
        <ele>5.599999904632568359375</ele>
        <time>2026-07-29T23:14:57.000Z</time>
        <extensions>
          <ns3:TrackPointExtension>
            <ns3:hr>128</ns3:hr>
            <ns3:cad>82</ns3:cad>
          </ns3:TrackPointExtension>
        </extensions>
      </trkpt>
      <trkpt lat="23.049806244671344757080078125" lon="113.3164042420685291290283203125">
        <ele>5.599999904632568359375</ele>
        <time>2026-07-29T23:14:58.000Z</time>
        <extensions>
          <ns3:TrackPointExtension>
            <ns3:hr>128</ns3:hr>
            <ns3:cad>82</ns3:cad>
          </ns3:TrackPointExtension>
        </extensions>
      </trkpt>
      <trkpt lat="23.04978654719889163970947265625" lon="113.31641538999974727630615234375">
        <ele>5.599999904632568359375</ele>
        <time>2026-07-29T23:14:59.000Z</time>
        <extensions>
          <ns3:TrackPointExtension>
            <ns3:hr>127</ns3:hr>
            <ns3:cad>82</ns3:cad>
          </ns3:TrackPointExtension>
        </extensions>
      </trkpt>
      <trkpt lat="23.04976022802293300628662109375" lon="113.31642108969390392303466796875">
        <ele>5.599999904632568359375</ele>
        <time>2026-07-29T23:15:00.000Z</time>
        <extensions>
          <ns3:TrackPointExtension>
            <ns3:hr>128</ns3:hr>
            <ns3:cad>82</ns3:cad>
          </ns3:TrackPointExtension>
        </extensions>
      </trkpt>
      <trkpt lat="23.04974623024463653564453125" lon="113.3164310641586780548095703125">
        <ele>5.599999904632568359375</ele>
        <time>2026-07-29T23:15:01.000Z</time>
        <extensions>
          <ns3:TrackPointExtension>
            <ns3:hr>128</ns3:hr>
            <ns3:cad>82</ns3:cad>
          </ns3:TrackPointExtension>
        </extensions>
      </trkpt>
      <trkpt lat="23.04971940815448760986328125" lon="113.31643349491059780120849609375">
        <ele>5.599999904632568359375</ele>
        <time>2026-07-29T23:15:02.000Z</time>
        <extensions>
          <ns3:TrackPointExtension>
            <ns3:hr>127</ns3:hr>
            <ns3:cad>81</ns3:cad>
          </ns3:TrackPointExtension>
        </extensions>
      </trkpt>
      <trkpt lat="23.0496984533965587615966796875" lon="113.31643315963447093963623046875">
        <ele>5.599999904632568359375</ele>
        <time>2026-07-29T23:15:03.000Z</time>
        <extensions>
          <ns3:TrackPointExtension>
            <ns3:hr>128</ns3:hr>
            <ns3:cad>81</ns3:cad>
          </ns3:TrackPointExtension>
        </extensions>
      </trkpt>
      <trkpt lat="23.049680851399898529052734375" lon="113.316435925662517547607421875">
        <ele>5.599999904632568359375</ele>
        <time>2026-07-29T23:15:04.000Z</time>
        <extensions>
          <ns3:TrackPointExtension>
            <ns3:hr>128</ns3:hr>
            <ns3:cad>81</ns3:cad>
          </ns3:TrackPointExtension>
        </extensions>
      </trkpt>
      <trkpt lat="23.04964874871075153350830078125" lon="113.3164367638528347015380859375">
        <ele>5.80000019073486328125</ele>
        <time>2026-07-29T23:15:05.000Z</time>
        <extensions>
          <ns3:TrackPointExtension>
            <ns3:hr>127</ns3:hr>
            <ns3:cad>81</ns3:cad>
          </ns3:TrackPointExtension>
        </extensions>
      </trkpt>
      <trkpt lat="23.049631901085376739501953125" lon="113.31644095480442047119140625">
        <ele>5.80000019073486328125</ele>
        <time>2026-07-29T23:15:06.000Z</time>
        <extensions>
          <ns3:TrackPointExtension>
            <ns3:hr>128</ns3:hr>
            <ns3:cad>82</ns3:cad>
          </ns3:TrackPointExtension>
        </extensions>
      </trkpt>
      <trkpt lat="23.04961320944130420684814453125" lon="113.31644506193697452545166015625">
        <ele>5.80000019073486328125</ele>
        <time>2026-07-29T23:15:07.000Z</time>
        <extensions>
          <ns3:TrackPointExtension>
            <ns3:hr>128</ns3:hr>
            <ns3:cad>82</ns3:cad>
          </ns3:TrackPointExtension>
        </extensions>
      </trkpt>
      <trkpt lat="23.04958554916083812713623046875" lon="113.316443972289562225341796875">
        <ele>5.80000019073486328125</ele>
        <time>2026-07-29T23:15:08.000Z</time>
        <extensions>
          <ns3:TrackPointExtension>
            <ns3:hr>128</ns3:hr>
            <ns3:cad>82</ns3:cad>
          </ns3:TrackPointExtension>
        </extensions>
      </trkpt>
      <trkpt lat="23.04957699961960315704345703125" lon="113.31645143218338489532470703125">
        <ele>5.599999904632568359375</ele>
        <time>2026-07-29T23:15:09.000Z</time>
        <extensions>
          <ns3:TrackPointExtension>
            <ns3:hr>128</ns3:hr>
            <ns3:cad>82</ns3:cad>
          </ns3:TrackPointExtension>
        </extensions>
      </trkpt>
      <trkpt lat="23.0495593138039112091064453125" lon="113.3164666034281253814697265625">
        <ele>5.80000019073486328125</ele>
        <time>2026-07-29T23:15:10.000Z</time>
        <extensions>
          <ns3:TrackPointExtension>
            <ns3:hr>128</ns3:hr>
            <ns3:cad>82</ns3:cad>
          </ns3:TrackPointExtension>
        </extensions>
      </trkpt>
      <trkpt lat="23.0495428852736949920654296875" lon="113.31647423096001148223876953125">
        <ele>5.80000019073486328125</ele>
        <time>2026-07-29T23:15:11.000Z</time>
        <extensions>
          <ns3:TrackPointExtension>
            <ns3:hr>129</ns3:hr>
            <ns3:cad>82</ns3:cad>
          </ns3:TrackPointExtension>
        </extensions>
      </trkpt>
      <trkpt lat="23.04953693412244319915771484375" lon="113.316482864320278167724609375">
        <ele>5.80000019073486328125</ele>
        <time>2026-07-29T23:15:12.000Z</time>
        <extensions>
          <ns3:TrackPointExtension>
            <ns3:hr>129</ns3:hr>
            <ns3:cad>82</ns3:cad>
          </ns3:TrackPointExtension>
        </extensions>
      </trkpt>
      <trkpt lat="23.049520589411258697509765625" lon="113.3165068365633487701416015625">
        <ele>5.80000019073486328125</ele>
        <time>2026-07-29T23:15:13.000Z</time>
        <extensions>
          <ns3:TrackPointExtension>
            <ns3:hr>129</ns3:hr>
            <ns3:cad>82</ns3:cad>
          </ns3:TrackPointExtension>
        </extensions>
      </trkpt>
      <trkpt lat="23.04951078258454799652099609375" lon="113.31652167253196239471435546875">
        <ele>5.80000019073486328125</ele>
        <time>2026-07-29T23:15:14.000Z</time>
        <extensions>
          <ns3:TrackPointExtension>
            <ns3:hr>129</ns3:hr>
            <ns3:cad>82</ns3:cad>
          </ns3:TrackPointExtension>
        </extensions>
      </trkpt>
      <trkpt lat="23.049510531127452850341796875" lon="113.31653759814798831939697265625">
        <ele>5.80000019073486328125</ele>
        <time>2026-07-29T23:15:15.000Z</time>
        <extensions>
          <ns3:TrackPointExtension>
            <ns3:hr>130</ns3:hr>
            <ns3:cad>82</ns3:cad>
          </ns3:TrackPointExtension>
        </extensions>
      </trkpt>
      <trkpt lat="23.0495013110339641571044921875" lon="113.31656559370458126068115234375">
        <ele>5.80000019073486328125</ele>
        <time>2026-07-29T23:15:16.000Z</time>
        <extensions>
          <ns3:TrackPointExtension>
            <ns3:hr>130</ns3:hr>
            <ns3:cad>82</ns3:cad>
          </ns3:TrackPointExtension>
        </extensions>
      </trkpt>
      <trkpt lat="23.04949435405433177947998046875" lon="113.31657481379806995391845703125">
        <ele>5.80000019073486328125</ele>
        <time>2026-07-29T23:15:17.000Z</time>
        <extensions>
          <ns3:TrackPointExtension>
            <ns3:hr>131</ns3:hr>
            <ns3:cad>82</ns3:cad>
          </ns3:TrackPointExtension>
        </extensions>
      </trkpt>
      <trkpt lat="23.0494920909404754638671875" lon="113.3165963552892208099365234375">
        <ele>5.80000019073486328125</ele>
        <time>2026-07-29T23:15:18.000Z</time>
        <extensions>
          <ns3:TrackPointExtension>
            <ns3:hr>131</ns3:hr>
            <ns3:cad>82</ns3:cad>
          </ns3:TrackPointExtension>
        </extensions>
      </trkpt>
      <trkpt lat="23.04948848672211170196533203125" lon="113.31662870943546295166015625">
        <ele>5.80000019073486328125</ele>
        <time>2026-07-29T23:15:19.000Z</time>
        <extensions>
          <ns3:TrackPointExtension>
            <ns3:hr>131</ns3:hr>
            <ns3:cad>82</ns3:cad>
          </ns3:TrackPointExtension>
        </extensions>
      </trkpt>
      <trkpt lat="23.04949435405433177947998046875" lon="113.316641114652156829833984375">
        <ele>5.599999904632568359375</ele>
        <time>2026-07-29T23:15:20.000Z</time>
        <extensions>
          <ns3:TrackPointExtension>
            <ns3:hr>131</ns3:hr>
            <ns3:cad>81</ns3:cad>
          </ns3:TrackPointExtension>
        </extensions>
      </trkpt>
      <trkpt lat="23.0494949407875537872314453125" lon="113.3166615664958953857421875">
        <ele>5.599999904632568359375</ele>
        <time>2026-07-29T23:15:21.000Z</time>
        <extensions>
          <ns3:TrackPointExtension>
            <ns3:hr>131</ns3:hr>
            <ns3:cad>81</ns3:cad>
          </ns3:TrackPointExtension>
        </extensions>
      </trkpt>
      <trkpt lat="23.04949100129306316375732421875" lon="113.3166862092912197113037109375">
        <ele>5.599999904632568359375</ele>
        <time>2026-07-29T23:15:22.000Z</time>
        <extensions>
          <ns3:TrackPointExtension>
            <ns3:hr>131</ns3:hr>
            <ns3:cad>81</ns3:cad>
          </ns3:TrackPointExtension>
        </extensions>
      </trkpt>
      <trkpt lat="23.04949787445366382598876953125" lon="113.31670305691659450531005859375">
        <ele>5.599999904632568359375</ele>
        <time>2026-07-29T23:15:23.000Z</time>
        <extensions>
          <ns3:TrackPointExtension>
            <ns3:hr>131</ns3:hr>
            <ns3:cad>81</ns3:cad>
          </ns3:TrackPointExtension>
        </extensions>
      </trkpt>
      <trkpt lat="23.049495778977870941162109375" lon="113.3167257718741893768310546875">
        <ele>5.599999904632568359375</ele>
        <time>2026-07-29T23:15:24.000Z</time>
        <extensions>
          <ns3:TrackPointExtension>
            <ns3:hr>131</ns3:hr>
            <ns3:cad>81</ns3:cad>
          </ns3:TrackPointExtension>
        </extensions>
      </trkpt>
      <trkpt lat="23.049495778977870941162109375" lon="113.31674261949956417083740234375">
        <ele>5.80000019073486328125</ele>
        <time>2026-07-29T23:15:25.000Z</time>
        <extensions>
          <ns3:TrackPointExtension>
            <ns3:hr>131</ns3:hr>
            <ns3:cad>81</ns3:cad>
          </ns3:TrackPointExtension>
        </extensions>
      </trkpt>
      <trkpt lat="23.04950441233813762664794921875" lon="113.316757120192050933837890625">
        <ele>5.80000019073486328125</ele>
        <time>2026-07-29T23:15:26.000Z</time>
        <extensions>
          <ns3:TrackPointExtension>
            <ns3:hr>131</ns3:hr>
            <ns3:cad>81</ns3:cad>
          </ns3:TrackPointExtension>
        </extensions>
      </trkpt>
      <trkpt lat="23.0495056696236133575439453125" lon="113.31679291091859340667724609375">
        <ele>5.80000019073486328125</ele>
        <time>2026-07-29T23:15:27.000Z</time>
        <extensions>
          <ns3:TrackPointExtension>
            <ns3:hr>130</ns3:hr>
            <ns3:cad>81</ns3:cad>
          </ns3:TrackPointExtension>
        </extensions>
      </trkpt>
      <trkpt lat="23.04950893856585025787353515625" lon="113.316809423267841339111328125">
        <ele>6</ele>
        <time>2026-07-29T23:15:28.000Z</time>
        <extensions>
          <ns3:TrackPointExtension>
            <ns3:hr>130</ns3:hr>
            <ns3:cad>81</ns3:cad>
          </ns3:TrackPointExtension>
        </extensions>
      </trkpt>
      <trkpt lat="23.04952469654381275177001953125" lon="113.31682576797902584075927734375">
        <ele>5.80000019073486328125</ele>
        <time>2026-07-29T23:15:29.000Z</time>
        <extensions>
          <ns3:TrackPointExtension>
            <ns3:hr>130</ns3:hr>
            <ns3:cad>81</ns3:cad>
          </ns3:TrackPointExtension>
        </extensions>
      </trkpt>
      <trkpt lat="23.04953307844698429107666015625" lon="113.316847644746303558349609375">
        <ele>5.80000019073486328125</ele>
        <time>2026-07-29T23:15:30.000Z</time>
        <extensions>
          <ns3:TrackPointExtension>
            <ns3:hr>130</ns3:hr>
            <ns3:cad>81</ns3:cad>
          </ns3:TrackPointExtension>
        </extensions>
      </trkpt>
      <trkpt lat="23.04954062215983867645263671875" lon="113.3168551884591579437255859375">
        <ele>5.599999904632568359375</ele>
        <time>2026-07-29T23:15:31.000Z</time>
        <extensions>
          <ns3:TrackPointExtension>
            <ns3:hr>130</ns3:hr>
            <ns3:cad>81</ns3:cad>
          </ns3:TrackPointExtension>
        </extensions>
      </trkpt>
      <trkpt lat="23.04955503903329372406005859375" lon="113.316869437694549560546875">
        <ele>5.599999904632568359375</ele>
        <time>2026-07-29T23:15:32.000Z</time>
        <extensions>
          <ns3:TrackPointExtension>
            <ns3:hr>131</ns3:hr>
            <ns3:cad>81</ns3:cad>
          </ns3:TrackPointExtension>
        </extensions>
      </trkpt>
      <trkpt lat="23.0495693720877170562744140625" lon="113.31688762642443180084228515625">
        <ele>5.599999904632568359375</ele>
        <time>2026-07-29T23:15:33.000Z</time>
        <extensions>
          <ns3:TrackPointExtension>
            <ns3:hr>130</ns3:hr>
            <ns3:cad>81</ns3:cad>
          </ns3:TrackPointExtension>
        </extensions>
      </trkpt>
      <trkpt lat="23.04958169348537921905517578125" lon="113.31688812933862209320068359375">
        <ele>5.599999904632568359375</ele>
        <time>2026-07-29T23:15:34.000Z</time>
        <extensions>
          <ns3:TrackPointExtension>
            <ns3:hr>130</ns3:hr>
            <ns3:cad>81</ns3:cad>
          </ns3:TrackPointExtension>
        </extensions>
      </trkpt>
      <trkpt lat="23.0495998822152614593505859375" lon="113.31689332611858844757080078125">
        <ele>5.599999904632568359375</ele>
        <time>2026-07-29T23:15:35.000Z</time>
        <extensions>
          <ns3:TrackPointExtension>
            <ns3:hr>130</ns3:hr>
            <ns3:cad>81</ns3:cad>
          </ns3:TrackPointExtension>
        </extensions>
      </trkpt>
      <trkpt lat="23.0496169812977313995361328125" lon="113.31689667887985706329345703125">
        <ele>5.599999904632568359375</ele>
        <time>2026-07-29T23:15:36.000Z</time>
        <extensions>
          <ns3:TrackPointExtension>
            <ns3:hr>131</ns3:hr>
            <ns3:cad>81</ns3:cad>
          </ns3:TrackPointExtension>
        </extensions>
      </trkpt>
      <trkpt lat="23.049635589122772216796875" lon="113.31689424812793731689453125">
        <ele>5.599999904632568359375</ele>
        <time>2026-07-29T23:15:37.000Z</time>
        <extensions>
          <ns3:TrackPointExtension>
            <ns3:hr>130</ns3:hr>
            <ns3:cad>81</ns3:cad>
          </ns3:TrackPointExtension>
        </extensions>
      </trkpt>
      <trkpt lat="23.04965897463262081146240234375" lon="113.31689969636499881744384765625">
        <ele>5.599999904632568359375</ele>
        <time>2026-07-29T23:15:38.000Z</time>
        <extensions>
          <ns3:TrackPointExtension>
            <ns3:hr>130</ns3:hr>
            <ns3:cad>81</ns3:cad>
          </ns3:TrackPointExtension>
        </extensions>
      </trkpt>
      <trkpt lat="23.04967037402093410491943359375" lon="113.31689986400306224822998046875">
        <ele>5.599999904632568359375</ele>
        <time>2026-07-29T23:15:39.000Z</time>
        <extensions>
          <ns3:TrackPointExtension>
            <ns3:hr>130</ns3:hr>
            <ns3:cad>81</ns3:cad>
          </ns3:TrackPointExtension>
        </extensions>
      </trkpt>
      <trkpt lat="23.04969124495983123779296875" lon="113.316900618374347686767578125">
        <ele>5.599999904632568359375</ele>
        <time>2026-07-29T23:15:40.000Z</time>
        <extensions>
          <ns3:TrackPointExtension>
            <ns3:hr>130</ns3:hr>
            <ns3:cad>82</ns3:cad>
          </ns3:TrackPointExtension>
        </extensions>
      </trkpt>
      <trkpt lat="23.0497168935835361480712890625" lon="113.316906988620758056640625">
        <ele>5.599999904632568359375</ele>
        <time>2026-07-29T23:15:41.000Z</time>
        <extensions>
          <ns3:TrackPointExtension>
            <ns3:hr>129</ns3:hr>
            <ns3:cad>82</ns3:cad>
          </ns3:TrackPointExtension>
        </extensions>
      </trkpt>
      <trkpt lat="23.0497279576957225799560546875" lon="113.3168994449079036712646484375">
        <ele>5.599999904632568359375</ele>
        <time>2026-07-29T23:15:42.000Z</time>
        <extensions>
          <ns3:TrackPointExtension>
            <ns3:hr>129</ns3:hr>
            <ns3:cad>82</ns3:cad>
          </ns3:TrackPointExtension>
        </extensions>
      </trkpt>
      <trkpt lat="23.04974832572042942047119140625" lon="113.3168970979750156402587890625">
        <ele>5.599999904632568359375</ele>
        <time>2026-07-29T23:15:43.000Z</time>
        <extensions>
          <ns3:TrackPointExtension>
            <ns3:hr>129</ns3:hr>
            <ns3:cad>82</ns3:cad>
          </ns3:TrackPointExtension>
        </extensions>
      </trkpt>
      <trkpt lat="23.04977145977318286895751953125" lon="113.31690321676433086395263671875">
        <ele>5.599999904632568359375</ele>
        <time>2026-07-29T23:15:44.000Z</time>
        <extensions>
          <ns3:TrackPointExtension>
            <ns3:hr>128</ns3:hr>
            <ns3:cad>82</ns3:cad>
          </ns3:TrackPointExtension>
        </extensions>
      </trkpt>
      <trkpt lat="23.049790151417255401611328125" lon="113.316901624202728271484375">
        <ele>5.599999904632568359375</ele>
        <time>2026-07-29T23:15:45.000Z</time>
        <extensions>
          <ns3:TrackPointExtension>
            <ns3:hr>128</ns3:hr>
            <ns3:cad>82</ns3:cad>
          </ns3:TrackPointExtension>
        </extensions>
      </trkpt>
      <trkpt lat="23.04981420747935771942138671875" lon="113.31690405495464801788330078125">
        <ele>5.599999904632568359375</ele>
        <time>2026-07-29T23:15:46.000Z</time>
        <extensions>
          <ns3:TrackPointExtension>
            <ns3:hr>126</ns3:hr>
            <ns3:cad>81</ns3:cad>
          </ns3:TrackPointExtension>
        </extensions>
      </trkpt>
      <trkpt lat="23.0498292110860347747802734375" lon="113.31690724007785320281982421875">
        <ele>5.80000019073486328125</ele>
        <time>2026-07-29T23:15:47.000Z</time>
        <extensions>
          <ns3:TrackPointExtension>
            <ns3:hr>126</ns3:hr>
            <ns3:cad>81</ns3:cad>
          </ns3:TrackPointExtension>
        </extensions>
      </trkpt>
      <trkpt lat="23.04984941147267818450927734375" lon="113.31690858118236064910888671875">
        <ele>5.80000019073486328125</ele>
        <time>2026-07-29T23:15:48.000Z</time>
        <extensions>
          <ns3:TrackPointExtension>
            <ns3:hr>126</ns3:hr>
            <ns3:cad>81</ns3:cad>
          </ns3:TrackPointExtension>
        </extensions>
      </trkpt>
      <trkpt lat="23.0498754791915416717529296875" lon="113.3169239200651645660400390625">
        <ele>5.80000019073486328125</ele>
        <time>2026-07-29T23:15:49.000Z</time>
        <extensions>
          <ns3:TrackPointExtension>
            <ns3:hr>125</ns3:hr>
            <ns3:cad>81</ns3:cad>
          </ns3:TrackPointExtension>
        </extensions>
      </trkpt>
      <trkpt lat="23.04988997988402843475341796875" lon="113.316930122673511505126953125">
        <ele>5.80000019073486328125</ele>
        <time>2026-07-29T23:15:50.000Z</time>
        <extensions>
          <ns3:TrackPointExtension>
            <ns3:hr>125</ns3:hr>
            <ns3:cad>82</ns3:cad>
          </ns3:TrackPointExtension>
        </extensions>
      </trkpt>
      <trkpt lat="23.0499143712222576141357421875" lon="113.31693473272025585174560546875">
        <ele>5.80000019073486328125</ele>
        <time>2026-07-29T23:15:51.000Z</time>
        <extensions>
          <ns3:TrackPointExtension>
            <ns3:hr>125</ns3:hr>
            <ns3:cad>82</ns3:cad>
          </ns3:TrackPointExtension>
        </extensions>
      </trkpt>
      <trkpt lat="23.0499348230659961700439453125" lon="113.3169557712972164154052734375">
        <ele>5.80000019073486328125</ele>
        <time>2026-07-29T23:15:52.000Z</time>
        <extensions>
          <ns3:TrackPointExtension>
            <ns3:hr>125</ns3:hr>
            <ns3:cad>82</ns3:cad>
          </ns3:TrackPointExtension>
        </extensions>
      </trkpt>
      <trkpt lat="23.0499455519020557403564453125" lon="113.31695585511624813079833984375">
        <ele>5.80000019073486328125</ele>
        <time>2026-07-29T23:15:53.000Z</time>
        <extensions>
          <ns3:TrackPointExtension>
            <ns3:hr>125</ns3:hr>
            <ns3:cad>82</ns3:cad>
          </ns3:TrackPointExtension>
        </extensions>
      </trkpt>
      <trkpt lat="23.0499646626412868499755859375" lon="113.31697069108486175537109375">
        <ele>5.80000019073486328125</ele>
        <time>2026-07-29T23:15:54.000Z</time>
        <extensions>
          <ns3:TrackPointExtension>
            <ns3:hr>125</ns3:hr>
            <ns3:cad>82</ns3:cad>
          </ns3:TrackPointExtension>
        </extensions>
      </trkpt>
      <trkpt lat="23.04997798986732959747314453125" lon="113.3169899694621562957763671875">
        <ele>5.80000019073486328125</ele>
        <time>2026-07-29T23:15:55.000Z</time>
        <extensions>
          <ns3:TrackPointExtension>
            <ns3:hr>125</ns3:hr>
            <ns3:cad>82</ns3:cad>
          </ns3:TrackPointExtension>
        </extensions>
      </trkpt>
      <trkpt lat="23.04999299347400665283203125" lon="113.31700296141207218170166015625">
        <ele>5.80000019073486328125</ele>
        <time>2026-07-29T23:15:56.000Z</time>
        <extensions>
          <ns3:TrackPointExtension>
            <ns3:hr>125</ns3:hr>
            <ns3:cad>81</ns3:cad>
          </ns3:TrackPointExtension>
        </extensions>
      </trkpt>
      <trkpt lat="23.05000648833811283111572265625" lon="113.3170261792838573455810546875">
        <ele>5.80000019073486328125</ele>
        <time>2026-07-29T23:15:57.000Z</time>
        <extensions>
          <ns3:TrackPointExtension>
            <ns3:hr>125</ns3:hr>
            <ns3:cad>81</ns3:cad>
          </ns3:TrackPointExtension>
        </extensions>
      </trkpt>
      <trkpt lat="23.0500169657170772552490234375" lon="113.31704042851924896240234375">
        <ele>5.80000019073486328125</ele>
        <time>2026-07-29T23:15:58.000Z</time>
        <extensions>
          <ns3:TrackPointExtension>
            <ns3:hr>126</ns3:hr>
            <ns3:cad>81</ns3:cad>
          </ns3:TrackPointExtension>
        </extensions>
      </trkpt>
      <trkpt lat="23.05002761073410511016845703125" lon="113.3170545101165771484375">
        <ele>5.80000019073486328125</ele>
        <time>2026-07-29T23:15:59.000Z</time>
        <extensions>
          <ns3:TrackPointExtension>
            <ns3:hr>126</ns3:hr>
            <ns3:cad>81</ns3:cad>
          </ns3:TrackPointExtension>
        </extensions>
      </trkpt>
      <trkpt lat="23.05002962239086627960205078125" lon="113.31708141602575778961181640625">
        <ele>5.599999904632568359375</ele>
        <time>2026-07-29T23:16:00.000Z</time>
        <extensions>
          <ns3:TrackPointExtension>
            <ns3:hr>126</ns3:hr>
            <ns3:cad>81</ns3:cad>
          </ns3:TrackPointExtension>
        </extensions>
      </trkpt>
      <trkpt lat="23.0500380881130695343017578125" lon="113.31709139049053192138671875">
        <ele>5.599999904632568359375</ele>
        <time>2026-07-29T23:16:01.000Z</time>
        <extensions>
          <ns3:TrackPointExtension>
            <ns3:hr>126</ns3:hr>
            <ns3:cad>81</ns3:cad>
          </ns3:TrackPointExtension>
        </extensions>
      </trkpt>
      <trkpt lat="23.050043284893035888671875" lon="113.3171140216290950775146484375">
        <ele>5.599999904632568359375</ele>
        <time>2026-07-29T23:16:02.000Z</time>
        <extensions>
          <ns3:TrackPointExtension>
            <ns3:hr>126</ns3:hr>
            <ns3:cad>82</ns3:cad>
          </ns3:TrackPointExtension>
        </extensions>
      </trkpt>
      <trkpt lat="23.0500434525310993194580078125" lon="113.3171368204057216644287109375">
        <ele>5.599999904632568359375</ele>
        <time>2026-07-29T23:16:03.000Z</time>
        <extensions>
          <ns3:TrackPointExtension>
            <ns3:hr>127</ns3:hr>
            <ns3:cad>82</ns3:cad>
          </ns3:TrackPointExtension>
        </extensions>
      </trkpt>
      <trkpt lat="23.05004990659654140472412109375" lon="113.3171485550701618194580078125">
        <ele>5.599999904632568359375</ele>
        <time>2026-07-29T23:16:04.000Z</time>
        <extensions>
          <ns3:TrackPointExtension>
            <ns3:hr>127</ns3:hr>
            <ns3:cad>82</ns3:cad>
          </ns3:TrackPointExtension>
        </extensions>
      </trkpt>
      <trkpt lat="23.05005024187266826629638671875" lon="113.31717210821807384490966796875">
        <ele>5.400000095367431640625</ele>
        <time>2026-07-29T23:16:05.000Z</time>
        <extensions>
          <ns3:TrackPointExtension>
            <ns3:hr>127</ns3:hr>
            <ns3:cad>82</ns3:cad>
          </ns3:TrackPointExtension>
        </extensions>
      </trkpt>
      <trkpt lat="23.0500481463968753814697265625" lon="113.31719339825212955474853515625">
        <ele>5.400000095367431640625</ele>
        <time>2026-07-29T23:16:06.000Z</time>
        <extensions>
          <ns3:TrackPointExtension>
            <ns3:hr>127</ns3:hr>
            <ns3:cad>82</ns3:cad>
          </ns3:TrackPointExtension>
        </extensions>
      </trkpt>
      <trkpt lat="23.05005460046231746673583984375" lon="113.317205049097537994384765625">
        <ele>5.400000095367431640625</ele>
        <time>2026-07-29T23:16:07.000Z</time>
        <extensions>
          <ns3:TrackPointExtension>
            <ns3:hr>127</ns3:hr>
            <ns3:cad>82</ns3:cad>
          </ns3:TrackPointExtension>
        </extensions>
      </trkpt>
      <trkpt lat="23.05005208589136600494384765625" lon="113.31723262555897235870361328125">
        <ele>5.599999904632568359375</ele>
        <time>2026-07-29T23:16:08.000Z</time>
        <extensions>
          <ns3:TrackPointExtension>
            <ns3:hr>127</ns3:hr>
            <ns3:cad>82</ns3:cad>
          </ns3:TrackPointExtension>
        </extensions>
      </trkpt>
      <trkpt lat="23.05004722438752651214599609375" lon="113.3172477968037128448486328125">
        <ele>5.599999904632568359375</ele>
        <time>2026-07-29T23:16:09.000Z</time>
        <extensions>
          <ns3:TrackPointExtension>
            <ns3:hr>128</ns3:hr>
            <ns3:cad>82</ns3:cad>
          </ns3:TrackPointExtension>
        </extensions>
      </trkpt>
      <trkpt lat="23.05004957132041454315185546875" lon="113.3172679133713245391845703125">
        <ele>5.599999904632568359375</ele>
        <time>2026-07-29T23:16:10.000Z</time>
        <extensions>
          <ns3:TrackPointExtension>
            <ns3:hr>128</ns3:hr>
            <ns3:cad>82</ns3:cad>
          </ns3:TrackPointExtension>
        </extensions>
      </trkpt>
      <trkpt lat="23.05004529654979705810546875" lon="113.3172897063195705413818359375">
        <ele>5.599999904632568359375</ele>
        <time>2026-07-29T23:16:11.000Z</time>
        <extensions>
          <ns3:TrackPointExtension>
            <ns3:hr>128</ns3:hr>
            <ns3:cad>82</ns3:cad>
          </ns3:TrackPointExtension>
        </extensions>
      </trkpt>
      <trkpt lat="23.05004923604428768157958984375" lon="113.31729917787015438079833984375">
        <ele>5.599999904632568359375</ele>
        <time>2026-07-29T23:16:12.000Z</time>
        <extensions>
          <ns3:TrackPointExtension>
            <ns3:hr>128</ns3:hr>
            <ns3:cad>82</ns3:cad>
          </ns3:TrackPointExtension>
        </extensions>
      </trkpt>
      <trkpt lat="23.05004940368235111236572265625" lon="113.31732071936130523681640625">
        <ele>5.599999904632568359375</ele>
        <time>2026-07-29T23:16:13.000Z</time>
        <extensions>
          <ns3:TrackPointExtension>
            <ns3:hr>128</ns3:hr>
            <ns3:cad>82</ns3:cad>
          </ns3:TrackPointExtension>
        </extensions>
      </trkpt>
      <trkpt lat="23.05004588328301906585693359375" lon="113.31733840517699718475341796875">
        <ele>5.599999904632568359375</ele>
        <time>2026-07-29T23:16:14.000Z</time>
        <extensions>
          <ns3:TrackPointExtension>
            <ns3:hr>128</ns3:hr>
            <ns3:cad>82</ns3:cad>
          </ns3:TrackPointExtension>
        </extensions>
      </trkpt>
      <trkpt lat="23.0500538460910320281982421875" lon="113.31734896637499332427978515625">
        <ele>5.599999904632568359375</ele>
        <time>2026-07-29T23:16:15.000Z</time>
        <extensions>
          <ns3:TrackPointExtension>
            <ns3:hr>127</ns3:hr>
            <ns3:cad>82</ns3:cad>
          </ns3:TrackPointExtension>
        </extensions>
      </trkpt>
      <trkpt lat="23.05005141533911228179931640625" lon="113.31737612374126911163330078125">
        <ele>5.599999904632568359375</ele>
        <time>2026-07-29T23:16:16.000Z</time>
        <extensions>
          <ns3:TrackPointExtension>
            <ns3:hr>127</ns3:hr>
            <ns3:cad>83</ns3:cad>
          </ns3:TrackPointExtension>
        </extensions>
      </trkpt>
      <trkpt lat="23.0500498227775096893310546875" lon="113.31738777458667755126953125">
        <ele>5.80000019073486328125</ele>
        <time>2026-07-29T23:16:17.000Z</time>
        <extensions>
          <ns3:TrackPointExtension>
            <ns3:hr>127</ns3:hr>
            <ns3:cad>83</ns3:cad>
          </ns3:TrackPointExtension>
        </extensions>
      </trkpt>
      <trkpt lat="23.0500528402626514434814453125" lon="113.3174045383930206298828125">
        <ele>5.80000019073486328125</ele>
        <time>2026-07-29T23:16:18.000Z</time>
        <extensions>
          <ns3:TrackPointExtension>
            <ns3:hr>126</ns3:hr>
            <ns3:cad>83</ns3:cad>
          </ns3:TrackPointExtension>
        </extensions>
      </trkpt>
      <trkpt lat="23.05004957132041454315185546875" lon="113.317430019378662109375">
        <ele>5.80000019073486328125</ele>
        <time>2026-07-29T23:16:19.000Z</time>
        <extensions>
          <ns3:TrackPointExtension>
            <ns3:hr>126</ns3:hr>
            <ns3:cad>83</ns3:cad>
          </ns3:TrackPointExtension>
        </extensions>
      </trkpt>
      <trkpt lat="23.05004504509270191192626953125" lon="113.31743597052991390228271484375">
        <ele>5.80000019073486328125</ele>
        <time>2026-07-29T23:16:20.000Z</time>
        <extensions>
          <ns3:TrackPointExtension>
            <ns3:hr>126</ns3:hr>
            <ns3:cad>82</ns3:cad>
          </ns3:TrackPointExtension>
        </extensions>
      </trkpt>
      <trkpt lat="23.0500447936356067657470703125" lon="113.3174586854875087738037109375">
        <ele>5.599999904632568359375</ele>
        <time>2026-07-29T23:16:21.000Z</time>
        <extensions>
          <ns3:TrackPointExtension>
            <ns3:hr>126</ns3:hr>
            <ns3:cad>82</ns3:cad>
          </ns3:TrackPointExtension>
        </extensions>
      </trkpt>
      <trkpt lat="23.0500457994639873504638671875" lon="113.31747788004577159881591796875">
        <ele>5.599999904632568359375</ele>
        <time>2026-07-29T23:16:22.000Z</time>
        <extensions>
          <ns3:TrackPointExtension>
            <ns3:hr>126</ns3:hr>
            <ns3:cad>82</ns3:cad>
          </ns3:TrackPointExtension>
        </extensions>
      </trkpt>
      <trkpt lat="23.05005476810038089752197265625" lon="113.31748860888183116912841796875">
        <ele>5.599999904632568359375</ele>
        <time>2026-07-29T23:16:23.000Z</time>
        <extensions>
          <ns3:TrackPointExtension>
            <ns3:hr>126</ns3:hr>
            <ns3:cad>82</ns3:cad>
          </ns3:TrackPointExtension>
        </extensions>
      </trkpt>
      <trkpt lat="23.05005594156682491302490234375" lon="113.31751492805778980255126953125">
        <ele>5.80000019073486328125</ele>
        <time>2026-07-29T23:16:24.000Z</time>
        <extensions>
          <ns3:TrackPointExtension>
            <ns3:hr>127</ns3:hr>
            <ns3:cad>82</ns3:cad>
          </ns3:TrackPointExtension>
        </extensions>
      </trkpt>
      <trkpt lat="23.05005577392876148223876953125" lon="113.31752984784543514251708984375">
        <ele>5.80000019073486328125</ele>
        <time>2026-07-29T23:16:25.000Z</time>
        <extensions>
          <ns3:TrackPointExtension>
            <ns3:hr>128</ns3:hr>
            <ns3:cad>82</ns3:cad>
          </ns3:TrackPointExtension>
        </extensions>
      </trkpt>
      <trkpt lat="23.05006180889904499053955078125" lon="113.3175478689372539520263671875">
        <ele>5.80000019073486328125</ele>
        <time>2026-07-29T23:16:26.000Z</time>
        <extensions>
          <ns3:TrackPointExtension>
            <ns3:hr>128</ns3:hr>
            <ns3:cad>82</ns3:cad>
          </ns3:TrackPointExtension>
        </extensions>
      </trkpt>
      <trkpt lat="23.05005376227200031280517578125" lon="113.31756773404777050018310546875">
        <ele>5.80000019073486328125</ele>
        <time>2026-07-29T23:16:27.000Z</time>
        <extensions>
          <ns3:TrackPointExtension>
            <ns3:hr>129</ns3:hr>
            <ns3:cad>82</ns3:cad>
          </ns3:TrackPointExtension>
        </extensions>
      </trkpt>
      <trkpt lat="23.05005091242492198944091796875" lon="113.317580558359622955322265625">
        <ele>5.80000019073486328125</ele>
        <time>2026-07-29T23:16:28.000Z</time>
        <extensions>
          <ns3:TrackPointExtension>
            <ns3:hr>129</ns3:hr>
            <ns3:cad>81</ns3:cad>
          </ns3:TrackPointExtension>
        </extensions>
      </trkpt>
      <trkpt lat="23.05005175061523914337158203125" lon="113.31760209985077381134033203125">
        <ele>5.80000019073486328125</ele>
        <time>2026-07-29T23:16:29.000Z</time>
        <extensions>
          <ns3:TrackPointExtension>
            <ns3:hr>129</ns3:hr>
            <ns3:cad>81</ns3:cad>
          </ns3:TrackPointExtension>
        </extensions>
      </trkpt>
      <trkpt lat="23.05004823021590709686279296875" lon="113.3176233060657978057861328125">
        <ele>5.80000019073486328125</ele>
        <time>2026-07-29T23:16:30.000Z</time>
        <extensions>
          <ns3:TrackPointExtension>
            <ns3:hr>129</ns3:hr>
            <ns3:cad>83</ns3:cad>
          </ns3:TrackPointExtension>
        </extensions>
      </trkpt>
      <trkpt lat="23.05005409754812717437744140625" lon="113.31763462163507938385009765625">
        <ele>5.80000019073486328125</ele>
        <time>2026-07-29T23:16:31.000Z</time>
        <extensions>
          <ns3:TrackPointExtension>
            <ns3:hr>129</ns3:hr>
            <ns3:cad>83</ns3:cad>
          </ns3:TrackPointExtension>
        </extensions>
      </trkpt>
      <trkpt lat="23.0500555224716663360595703125" lon="113.3176642097532749176025390625">
        <ele>5.80000019073486328125</ele>
        <time>2026-07-29T23:16:32.000Z</time>
        <extensions>
          <ns3:TrackPointExtension>
            <ns3:hr>129</ns3:hr>
            <ns3:cad>83</ns3:cad>
          </ns3:TrackPointExtension>
        </extensions>
      </trkpt>
      <trkpt lat="23.05005602538585662841796875" lon="113.31768214702606201171875">
        <ele>5.80000019073486328125</ele>
        <time>2026-07-29T23:16:33.000Z</time>
        <extensions>
          <ns3:TrackPointExtension>
            <ns3:hr>129</ns3:hr>
            <ns3:cad>83</ns3:cad>
          </ns3:TrackPointExtension>
        </extensions>
      </trkpt>
      <trkpt lat="23.05006315000355243682861328125" lon="113.31769891083240509033203125">
        <ele>5.80000019073486328125</ele>
        <time>2026-07-29T23:16:34.000Z</time>
        <extensions>
          <ns3:TrackPointExtension>
            <ns3:hr>129</ns3:hr>
            <ns3:cad>82</ns3:cad>
          </ns3:TrackPointExtension>
        </extensions>
      </trkpt>
      <trkpt lat="23.050060383975505828857421875" lon="113.31772305071353912353515625">
        <ele>5.80000019073486328125</ele>
        <time>2026-07-29T23:16:35.000Z</time>
        <extensions>
          <ns3:TrackPointExtension>
            <ns3:hr>128</ns3:hr>
            <ns3:cad>82</ns3:cad>
          </ns3:TrackPointExtension>
        </extensions>
      </trkpt>
      <trkpt lat="23.050064407289028167724609375" lon="113.31773537211120128631591796875">
        <ele>5.80000019073486328125</ele>
        <time>2026-07-29T23:16:36.000Z</time>
        <extensions>
          <ns3:TrackPointExtension>
            <ns3:hr>128</ns3:hr>
            <ns3:cad>82</ns3:cad>
          </ns3:TrackPointExtension>
        </extensions>
      </trkpt>
      <trkpt lat="23.050067760050296783447265625" lon="113.317757584154605865478515625">
        <ele>5.80000019073486328125</ele>
        <time>2026-07-29T23:16:37.000Z</time>
        <extensions>
          <ns3:TrackPointExtension>
            <ns3:hr>127</ns3:hr>
            <ns3:cad>82</ns3:cad>
          </ns3:TrackPointExtension>
        </extensions>
      </trkpt>
      <trkpt lat="23.05006298236548900604248046875" lon="113.317779041826725006103515625">
        <ele>5.80000019073486328125</ele>
        <time>2026-07-29T23:16:38.000Z</time>
        <extensions>
          <ns3:TrackPointExtension>
            <ns3:hr>127</ns3:hr>
            <ns3:cad>82</ns3:cad>
          </ns3:TrackPointExtension>
        </extensions>
      </trkpt>
      <trkpt lat="23.05007002316415309906005859375" lon="113.3177934587001800537109375">
        <ele>5.80000019073486328125</ele>
        <time>2026-07-29T23:16:39.000Z</time>
        <extensions>
          <ns3:TrackPointExtension>
            <ns3:hr>127</ns3:hr>
            <ns3:cad>82</ns3:cad>
          </ns3:TrackPointExtension>
        </extensions>
      </trkpt>
      <trkpt lat="23.0500642396509647369384765625" lon="113.3178147487342357635498046875">
        <ele>5.80000019073486328125</ele>
        <time>2026-07-29T23:16:40.000Z</time>
        <extensions>
          <ns3:TrackPointExtension>
            <ns3:hr>127</ns3:hr>
            <ns3:cad>82</ns3:cad>
          </ns3:TrackPointExtension>
        </extensions>
      </trkpt>
      <trkpt lat="23.0500585399568080902099609375" lon="113.31782656721770763397216796875">
        <ele>5.80000019073486328125</ele>
        <time>2026-07-29T23:16:41.000Z</time>
        <extensions>
          <ns3:TrackPointExtension>
            <ns3:hr>125</ns3:hr>
            <ns3:cad>83</ns3:cad>
          </ns3:TrackPointExtension>
        </extensions>
      </trkpt>
      <trkpt lat="23.05005845613777637481689453125" lon="113.31784467212855815887451171875">
        <ele>5.80000019073486328125</ele>
        <time>2026-07-29T23:16:42.000Z</time>
        <extensions>
          <ns3:TrackPointExtension>
            <ns3:hr>125</ns3:hr>
            <ns3:cad>83</ns3:cad>
          </ns3:TrackPointExtension>
        </extensions>
      </trkpt>
      <trkpt lat="23.0500511638820171356201171875" lon="113.31787057220935821533203125">
        <ele>5.80000019073486328125</ele>
        <time>2026-07-29T23:16:43.000Z</time>
        <extensions>
          <ns3:TrackPointExtension>
            <ns3:hr>124</ns3:hr>
            <ns3:cad>83</ns3:cad>
          </ns3:TrackPointExtension>
        </extensions>
      </trkpt>
      <trkpt lat="23.05005175061523914337158203125" lon="113.31788239069283008575439453125">
        <ele>5.80000019073486328125</ele>
        <time>2026-07-29T23:16:44.000Z</time>
        <extensions>
          <ns3:TrackPointExtension>
            <ns3:hr>123</ns3:hr>
            <ns3:cad>82</ns3:cad>
          </ns3:TrackPointExtension>
        </extensions>
      </trkpt>
      <trkpt lat="23.05004973895847797393798828125" lon="113.3179029263556003570556640625">
        <ele>5.599999904632568359375</ele>
        <time>2026-07-29T23:16:45.000Z</time>
        <extensions>
          <ns3:TrackPointExtension>
            <ns3:hr>123</ns3:hr>
            <ns3:cad>82</ns3:cad>
          </ns3:TrackPointExtension>
        </extensions>
      </trkpt>
      <trkpt lat="23.05004102177917957305908203125" lon="113.3179248869419097900390625">
        <ele>5.599999904632568359375</ele>
        <time>2026-07-29T23:16:46.000Z</time>
        <extensions>
          <ns3:TrackPointExtension>
            <ns3:hr>123</ns3:hr>
            <ns3:cad>82</ns3:cad>
          </ns3:TrackPointExtension>
        </extensions>
      </trkpt>
      <trkpt lat="23.0500446259975433349609375" lon="113.31793486140668392181396484375">
        <ele>5.599999904632568359375</ele>
        <time>2026-07-29T23:16:47.000Z</time>
        <extensions>
          <ns3:TrackPointExtension>
            <ns3:hr>122</ns3:hr>
            <ns3:cad>82</ns3:cad>
          </ns3:TrackPointExtension>
        </extensions>
      </trkpt>
      <trkpt lat="23.0500380881130695343017578125" lon="113.31796444952487945556640625">
        <ele>5.80000019073486328125</ele>
        <time>2026-07-29T23:16:48.000Z</time>
        <extensions>
          <ns3:TrackPointExtension>
            <ns3:hr>122</ns3:hr>
            <ns3:cad>82</ns3:cad>
          </ns3:TrackPointExtension>
        </extensions>
      </trkpt>
      <trkpt lat="23.0500377528369426727294921875" lon="113.317979872226715087890625">
        <ele>5.80000019073486328125</ele>
        <time>2026-07-29T23:16:49.000Z</time>
        <extensions>
          <ns3:TrackPointExtension>
            <ns3:hr>122</ns3:hr>
            <ns3:cad>82</ns3:cad>
          </ns3:TrackPointExtension>
        </extensions>
      </trkpt>
      <trkpt lat="23.05004127323627471923828125" lon="113.317998982965946197509765625">
        <ele>5.80000019073486328125</ele>
        <time>2026-07-29T23:16:50.000Z</time>
        <extensions>
          <ns3:TrackPointExtension>
            <ns3:hr>122</ns3:hr>
            <ns3:cad>82</ns3:cad>
          </ns3:TrackPointExtension>
        </extensions>
      </trkpt>
      <trkpt lat="23.05003599263727664947509765625" lon="113.31802672706544399261474609375">
        <ele>5.80000019073486328125</ele>
        <time>2026-07-29T23:16:51.000Z</time>
        <extensions>
          <ns3:TrackPointExtension>
            <ns3:hr>121</ns3:hr>
            <ns3:cad>82</ns3:cad>
          </ns3:TrackPointExtension>
        </extensions>
      </trkpt>
      <trkpt lat="23.0500414408743381500244140625" lon="113.3180390484631061553955078125">
        <ele>5.80000019073486328125</ele>
        <time>2026-07-29T23:16:52.000Z</time>
        <extensions>
          <ns3:TrackPointExtension>
            <ns3:hr>121</ns3:hr>
            <ns3:cad>82</ns3:cad>
          </ns3:TrackPointExtension>
        </extensions>
      </trkpt>
      <trkpt lat="23.05004085414111614227294921875" lon="113.3180615119636058807373046875">
        <ele>5.80000019073486328125</ele>
        <time>2026-07-29T23:16:53.000Z</time>
        <extensions>
          <ns3:TrackPointExtension>
            <ns3:hr>119</ns3:hr>
            <ns3:cad>82</ns3:cad>
          </ns3:TrackPointExtension>
        </extensions>
      </trkpt>
      <trkpt lat="23.0500370822846889495849609375" lon="113.318081796169281005859375">
        <ele>5.80000019073486328125</ele>
        <time>2026-07-29T23:16:54.000Z</time>
        <extensions>
          <ns3:TrackPointExtension>
            <ns3:hr>118</ns3:hr>
            <ns3:cad>82</ns3:cad>
          </ns3:TrackPointExtension>
        </extensions>
      </trkpt>
      <trkpt lat="23.0500431172549724578857421875" lon="113.3180930279195308685302734375">
        <ele>5.80000019073486328125</ele>
        <time>2026-07-29T23:16:55.000Z</time>
        <extensions>
          <ns3:TrackPointExtension>
            <ns3:hr>118</ns3:hr>
            <ns3:cad>82</ns3:cad>
          </ns3:TrackPointExtension>
        </extensions>
      </trkpt>
      <trkpt lat="23.050034232437610626220703125" lon="113.3181218616664409637451171875">
        <ele>5.80000019073486328125</ele>
        <time>2026-07-29T23:16:56.000Z</time>
        <extensions>
          <ns3:TrackPointExtension>
            <ns3:hr>117</ns3:hr>
            <ns3:cad>82</ns3:cad>
          </ns3:TrackPointExtension>
        </extensions>
      </trkpt>
      <trkpt lat="23.05002828128635883331298828125" lon="113.31814155913889408111572265625">
        <ele>6</ele>
        <time>2026-07-29T23:16:57.000Z</time>
        <extensions>
          <ns3:TrackPointExtension>
            <ns3:hr>118</ns3:hr>
            <ns3:cad>82</ns3:cad>
          </ns3:TrackPointExtension>
        </extensions>
      </trkpt>
      <trkpt lat="23.05002928711473941802978515625" lon="113.31816025078296661376953125">
        <ele>6.19999980926513671875</ele>
        <time>2026-07-29T23:16:58.000Z</time>
        <extensions>
          <ns3:TrackPointExtension>
            <ns3:hr>118</ns3:hr>
            <ns3:cad>82</ns3:cad>
          </ns3:TrackPointExtension>
        </extensions>
      </trkpt>
      <trkpt lat="23.05002828128635883331298828125" lon="113.3181818760931491851806640625">
        <ele>6.19999980926513671875</ele>
        <time>2026-07-29T23:16:59.000Z</time>
        <extensions>
          <ns3:TrackPointExtension>
            <ns3:hr>118</ns3:hr>
            <ns3:cad>82</ns3:cad>
          </ns3:TrackPointExtension>
        </extensions>
      </trkpt>
      <trkpt lat="23.05003331042826175689697265625" lon="113.3181932754814624786376953125">
        <ele>6.19999980926513671875</ele>
        <time>2026-07-29T23:17:00.000Z</time>
        <extensions>
          <ns3:TrackPointExtension>
            <ns3:hr>118</ns3:hr>
            <ns3:cad>82</ns3:cad>
          </ns3:TrackPointExtension>
        </extensions>
      </trkpt>
      <trkpt lat="23.05003096349537372589111328125" lon="113.318218924105167388916015625">
        <ele>6.19999980926513671875</ele>
        <time>2026-07-29T23:17:01.000Z</time>
        <extensions>
          <ns3:TrackPointExtension>
            <ns3:hr>118</ns3:hr>
            <ns3:cad>83</ns3:cad>
          </ns3:TrackPointExtension>
        </extensions>
      </trkpt>
      <trkpt lat="23.050028868019580841064453125" lon="113.31823962740600109100341796875">
        <ele>6</ele>
        <time>2026-07-29T23:17:02.000Z</time>
        <extensions>
          <ns3:TrackPointExtension>
            <ns3:hr>118</ns3:hr>
            <ns3:cad>83</ns3:cad>
          </ns3:TrackPointExtension>
        </extensions>
      </trkpt>
      <trkpt lat="23.050031550228595733642578125" lon="113.31825488246977329254150390625">
        <ele>5.80000019073486328125</ele>
        <time>2026-07-29T23:17:03.000Z</time>
        <extensions>
          <ns3:TrackPointExtension>
            <ns3:hr>118</ns3:hr>
            <ns3:cad>83</ns3:cad>
          </ns3:TrackPointExtension>
        </extensions>
      </trkpt>
      <trkpt lat="23.05002610199153423309326171875" lon="113.31827935762703418731689453125">
        <ele>5.80000019073486328125</ele>
        <time>2026-07-29T23:17:04.000Z</time>
        <extensions>
          <ns3:TrackPointExtension>
            <ns3:hr>118</ns3:hr>
            <ns3:cad>83</ns3:cad>
          </ns3:TrackPointExtension>
        </extensions>
      </trkpt>
      <trkpt lat="23.05002249777317047119140625" lon="113.318294025957584381103515625">
        <ele>5.80000019073486328125</ele>
        <time>2026-07-29T23:17:05.000Z</time>
        <extensions>
          <ns3:TrackPointExtension>
            <ns3:hr>118</ns3:hr>
            <ns3:cad>82</ns3:cad>
          </ns3:TrackPointExtension>
        </extensions>
      </trkpt>
      <trkpt lat="23.05001922883093357086181640625" lon="113.31831724382936954498291015625">
        <ele>5.80000019073486328125</ele>
        <time>2026-07-29T23:17:06.000Z</time>
        <extensions>
          <ns3:TrackPointExtension>
            <ns3:hr>119</ns3:hr>
            <ns3:cad>82</ns3:cad>
          </ns3:TrackPointExtension>
        </extensions>
      </trkpt>
      <trkpt lat="23.0500092543661594390869140625" lon="113.31834255717694759368896484375">
        <ele>5.80000019073486328125</ele>
        <time>2026-07-29T23:17:07.000Z</time>
        <extensions>
          <ns3:TrackPointExtension>
            <ns3:hr>119</ns3:hr>
            <ns3:cad>82</ns3:cad>
          </ns3:TrackPointExtension>
        </extensions>
      </trkpt>
      <trkpt lat="23.05001336149871349334716796875" lon="113.31835513003170490264892578125">
        <ele>5.599999904632568359375</ele>
        <time>2026-07-29T23:17:08.000Z</time>
        <extensions>
          <ns3:TrackPointExtension>
            <ns3:hr>119</ns3:hr>
            <ns3:cad>82</ns3:cad>
          </ns3:TrackPointExtension>
        </extensions>
      </trkpt>
      <trkpt lat="23.0500105954706668853759765625" lon="113.31838153302669525146484375">
        <ele>5.599999904632568359375</ele>
        <time>2026-07-29T23:17:09.000Z</time>
        <extensions>
          <ns3:TrackPointExtension>
            <ns3:hr>120</ns3:hr>
            <ns3:cad>82</ns3:cad>
          </ns3:TrackPointExtension>
        </extensions>
      </trkpt>
      <trkpt lat="23.05000841617584228515625" lon="113.31839988939464092254638671875">
        <ele>5.599999904632568359375</ele>
        <time>2026-07-29T23:17:10.000Z</time>
        <extensions>
          <ns3:TrackPointExtension>
            <ns3:hr>121</ns3:hr>
            <ns3:cad>82</ns3:cad>
          </ns3:TrackPointExtension>
        </extensions>
      </trkpt>
      <trkpt lat="23.05000782944262027740478515625" lon="113.31841698847711086273193359375">
        <ele>5.599999904632568359375</ele>
        <time>2026-07-29T23:17:11.000Z</time>
        <extensions>
          <ns3:TrackPointExtension>
            <ns3:hr>121</ns3:hr>
            <ns3:cad>82</ns3:cad>
          </ns3:TrackPointExtension>
        </extensions>
      </trkpt>
      <trkpt lat="23.049995340406894683837890625" lon="113.31843794323503971099853515625">
        <ele>5.599999904632568359375</ele>
        <time>2026-07-29T23:17:12.000Z</time>
        <extensions>
          <ns3:TrackPointExtension>
            <ns3:hr>121</ns3:hr>
            <ns3:cad>82</ns3:cad>
          </ns3:TrackPointExtension>
        </extensions>
      </trkpt>
      <trkpt lat="23.04998888634145259857177734375" lon="113.31844951026141643524169921875">
        <ele>5.599999904632568359375</ele>
        <time>2026-07-29T23:17:13.000Z</time>
        <extensions>
          <ns3:TrackPointExtension>
            <ns3:hr>121</ns3:hr>
            <ns3:cad>82</ns3:cad>
          </ns3:TrackPointExtension>
        </extensions>
      </trkpt>
      <trkpt lat="23.04998586885631084442138671875" lon="113.31847004592418670654296875">
        <ele>5.599999904632568359375</ele>
        <time>2026-07-29T23:17:14.000Z</time>
        <extensions>
          <ns3:TrackPointExtension>
            <ns3:hr>120</ns3:hr>
            <ns3:cad>82</ns3:cad>
          </ns3:TrackPointExtension>
        </extensions>
      </trkpt>
      <trkpt lat="23.049978911876678466796875" lon="113.3184977062046527862548828125">
        <ele>5.599999904632568359375</ele>
        <time>2026-07-29T23:17:15.000Z</time>
        <extensions>
          <ns3:TrackPointExtension>
            <ns3:hr>121</ns3:hr>
            <ns3:cad>82</ns3:cad>
          </ns3:TrackPointExtension>
        </extensions>
      </trkpt>
      <trkpt lat="23.04998285137116909027099609375" lon="113.31851053051650524139404296875">
        <ele>5.599999904632568359375</ele>
        <time>2026-07-29T23:17:16.000Z</time>
        <extensions>
          <ns3:TrackPointExtension>
            <ns3:hr>122</ns3:hr>
            <ns3:cad>82</ns3:cad>
          </ns3:TrackPointExtension>
        </extensions>
      </trkpt>
      <trkpt lat="23.04997715167701244354248046875" lon="113.31853031180799007415771484375">
        <ele>5.599999904632568359375</ele>
        <time>2026-07-29T23:17:17.000Z</time>
        <extensions>
          <ns3:TrackPointExtension>
            <ns3:hr>122</ns3:hr>
            <ns3:cad>82</ns3:cad>
          </ns3:TrackPointExtension>
        </extensions>
      </trkpt>
      <trkpt lat="23.0499747209250926971435546875" lon="113.3185476623475551605224609375">
        <ele>5.599999904632568359375</ele>
        <time>2026-07-29T23:17:18.000Z</time>
        <extensions>
          <ns3:TrackPointExtension>
            <ns3:hr>123</ns3:hr>
            <ns3:cad>82</ns3:cad>
          </ns3:TrackPointExtension>
        </extensions>
      </trkpt>
      <trkpt lat="23.04997421801090240478515625" lon="113.3185667730867862701416015625">
        <ele>5.599999904632568359375</ele>
        <time>2026-07-29T23:17:19.000Z</time>
        <extensions>
          <ns3:TrackPointExtension>
            <ns3:hr>123</ns3:hr>
            <ns3:cad>82</ns3:cad>
          </ns3:TrackPointExtension>
        </extensions>
      </trkpt>
      <trkpt lat="23.0499680154025554656982421875" lon="113.31859250552952289581298828125">
        <ele>5.599999904632568359375</ele>
        <time>2026-07-29T23:17:20.000Z</time>
        <extensions>
          <ns3:TrackPointExtension>
            <ns3:hr>122</ns3:hr>
            <ns3:cad>82</ns3:cad>
          </ns3:TrackPointExtension>
        </extensions>
      </trkpt>
      <trkpt lat="23.049968183040618896484375" lon="113.31860574893653392791748046875">
        <ele>5.599999904632568359375</ele>
        <time>2026-07-29T23:17:21.000Z</time>
        <extensions>
          <ns3:TrackPointExtension>
            <ns3:hr>121</ns3:hr>
            <ns3:cad>82</ns3:cad>
          </ns3:TrackPointExtension>
        </extensions>
      </trkpt>
      <trkpt lat="23.04996323771774768829345703125" lon="113.318626619875431060791015625">
        <ele>5.599999904632568359375</ele>
        <time>2026-07-29T23:17:22.000Z</time>
        <extensions>
          <ns3:TrackPointExtension>
            <ns3:hr>121</ns3:hr>
            <ns3:cad>82</ns3:cad>
          </ns3:TrackPointExtension>
        </extensions>
      </trkpt>
      <trkpt lat="23.0499562807381153106689453125" lon="113.31864464096724987030029296875">
        <ele>5.599999904632568359375</ele>
        <time>2026-07-29T23:17:23.000Z</time>
        <extensions>
          <ns3:TrackPointExtension>
            <ns3:hr>120</ns3:hr>
            <ns3:cad>82</ns3:cad>
          </ns3:TrackPointExtension>
        </extensions>
      </trkpt>
      <trkpt lat="23.04995770566165447235107421875" lon="113.318657465279102325439453125">
        <ele>5.599999904632568359375</ele>
        <time>2026-07-29T23:17:24.000Z</time>
        <extensions>
          <ns3:TrackPointExtension>
            <ns3:hr>120</ns3:hr>
            <ns3:cad>82</ns3:cad>
          </ns3:TrackPointExtension>
        </extensions>
      </trkpt>
      <trkpt lat="23.0499492399394512176513671875" lon="113.31868328154087066650390625">
        <ele>5.599999904632568359375</ele>
        <time>2026-07-29T23:17:25.000Z</time>
        <extensions>
          <ns3:TrackPointExtension>
            <ns3:hr>120</ns3:hr>
            <ns3:cad>83</ns3:cad>
          </ns3:TrackPointExtension>
        </extensions>
      </trkpt>
      <trkpt lat="23.04994379170238971710205078125" lon="113.3186975307762622833251953125">
        <ele>5.599999904632568359375</ele>
        <time>2026-07-29T23:17:26.000Z</time>
        <extensions>
          <ns3:TrackPointExtension>
            <ns3:hr>120</ns3:hr>
            <ns3:cad>82</ns3:cad>
          </ns3:TrackPointExtension>
        </extensions>
      </trkpt>
      <trkpt lat="23.04994546808302402496337890625" lon="113.3187149651348590850830078125">
        <ele>5.599999904632568359375</ele>
        <time>2026-07-29T23:17:27.000Z</time>
        <extensions>
          <ns3:TrackPointExtension>
            <ns3:hr>121</ns3:hr>
            <ns3:cad>82</ns3:cad>
          </ns3:TrackPointExtension>
        </extensions>
      </trkpt>
      <trkpt lat="23.049930967390537261962890625" lon="113.31873692572116851806640625">
        <ele>5.599999904632568359375</ele>
        <time>2026-07-29T23:17:28.000Z</time>
        <extensions>
          <ns3:TrackPointExtension>
            <ns3:hr>120</ns3:hr>
            <ns3:cad>82</ns3:cad>
          </ns3:TrackPointExtension>
        </extensions>
      </trkpt>
      <trkpt lat="23.04993691854178905487060546875" lon="113.31875243224203586578369140625">
        <ele>5.599999904632568359375</ele>
        <time>2026-07-29T23:17:29.000Z</time>
        <extensions>
          <ns3:TrackPointExtension>
            <ns3:hr>120</ns3:hr>
            <ns3:cad>82</ns3:cad>
          </ns3:TrackPointExtension>
        </extensions>
      </trkpt>
      <trkpt lat="23.04993306286633014678955078125" lon="113.31877590157091617584228515625">
        <ele>5.599999904632568359375</ele>
        <time>2026-07-29T23:17:30.000Z</time>
        <extensions>
          <ns3:TrackPointExtension>
            <ns3:hr>120</ns3:hr>
            <ns3:cad>82</ns3:cad>
          </ns3:TrackPointExtension>
        </extensions>
      </trkpt>
      <trkpt lat="23.04992233403027057647705078125" lon="113.3187987841665744781494140625">
        <ele>5.400000095367431640625</ele>
        <time>2026-07-29T23:17:31.000Z</time>
        <extensions>
          <ns3:TrackPointExtension>
            <ns3:hr>120</ns3:hr>
            <ns3:cad>82</ns3:cad>
          </ns3:TrackPointExtension>
        </extensions>
      </trkpt>
      <trkpt lat="23.04992250166833400726318359375" lon="113.3188125304877758026123046875">
        <ele>5.400000095367431640625</ele>
        <time>2026-07-29T23:17:32.000Z</time>
        <extensions>
          <ns3:TrackPointExtension>
            <ns3:hr>120</ns3:hr>
            <ns3:cad>83</ns3:cad>
          </ns3:TrackPointExtension>
        </extensions>
      </trkpt>
      <trkpt lat="23.0499167181551456451416015625" lon="113.3188380114734172821044921875">
        <ele>5.400000095367431640625</ele>
        <time>2026-07-29T23:17:33.000Z</time>
        <extensions>
          <ns3:TrackPointExtension>
            <ns3:hr>119</ns3:hr>
            <ns3:cad>83</ns3:cad>
          </ns3:TrackPointExtension>
        </extensions>
      </trkpt>
      <trkpt lat="23.0499160476028919219970703125" lon="113.31885854713618755340576171875">
        <ele>5.599999904632568359375</ele>
        <time>2026-07-29T23:17:34.000Z</time>
        <extensions>
          <ns3:TrackPointExtension>
            <ns3:hr>120</ns3:hr>
            <ns3:cad>83</ns3:cad>
          </ns3:TrackPointExtension>
        </extensions>
      </trkpt>
      <trkpt lat="23.04991680197417736053466796875" lon="113.31887774169445037841796875">
        <ele>5.599999904632568359375</ele>
        <time>2026-07-29T23:17:35.000Z</time>
        <extensions>
          <ns3:TrackPointExtension>
            <ns3:hr>120</ns3:hr>
            <ns3:cad>83</ns3:cad>
          </ns3:TrackPointExtension>
        </extensions>
      </trkpt>
      <trkpt lat="23.04990724660456180572509765625" lon="113.31889928318560123443603515625">
        <ele>5.599999904632568359375</ele>
        <time>2026-07-29T23:17:36.000Z</time>
        <extensions>
          <ns3:TrackPointExtension>
            <ns3:hr>120</ns3:hr>
            <ns3:cad>82</ns3:cad>
          </ns3:TrackPointExtension>
        </extensions>
      </trkpt>
      <trkpt lat="23.04990892298519611358642578125" lon="113.3189144544303417205810546875">
        <ele>5.599999904632568359375</ele>
        <time>2026-07-29T23:17:37.000Z</time>
        <extensions>
          <ns3:TrackPointExtension>
            <ns3:hr>120</ns3:hr>
            <ns3:cad>82</ns3:cad>
          </ns3:TrackPointExtension>
        </extensions>
      </trkpt>
      <trkpt lat="23.04990850389003753662109375" lon="113.3189369179308414459228515625">
        <ele>5.599999904632568359375</ele>
        <time>2026-07-29T23:17:38.000Z</time>
        <extensions>
          <ns3:TrackPointExtension>
            <ns3:hr>120</ns3:hr>
            <ns3:cad>82</ns3:cad>
          </ns3:TrackPointExtension>
        </extensions>
      </trkpt>
      <trkpt lat="23.049904145300388336181640625" lon="113.318961896002292633056640625">
        <ele>5.599999904632568359375</ele>
        <time>2026-07-29T23:17:39.000Z</time>
        <extensions>
          <ns3:TrackPointExtension>
            <ns3:hr>120</ns3:hr>
            <ns3:cad>82</ns3:cad>
          </ns3:TrackPointExtension>
        </extensions>
      </trkpt>
      <trkpt lat="23.0499066598713397979736328125" lon="113.318975307047367095947265625">
        <ele>5.599999904632568359375</ele>
        <time>2026-07-29T23:17:40.000Z</time>
        <extensions>
          <ns3:TrackPointExtension>
            <ns3:hr>120</ns3:hr>
            <ns3:cad>82</ns3:cad>
          </ns3:TrackPointExtension>
        </extensions>
      </trkpt>
      <trkpt lat="23.04989903233945369720458984375" lon="113.3190026320517063140869140625">
        <ele>5.599999904632568359375</ele>
        <time>2026-07-29T23:17:41.000Z</time>
        <extensions>
          <ns3:TrackPointExtension>
            <ns3:hr>120</ns3:hr>
            <ns3:cad>82</ns3:cad>
          </ns3:TrackPointExtension>
        </extensions>
      </trkpt>
      <trkpt lat="23.0498935841023921966552734375" lon="113.31902149133384227752685546875">
        <ele>5.599999904632568359375</ele>
        <time>2026-07-29T23:17:42.000Z</time>
        <extensions>
          <ns3:TrackPointExtension>
            <ns3:hr>120</ns3:hr>
            <ns3:cad>82</ns3:cad>
          </ns3:TrackPointExtension>
        </extensions>
      </trkpt>
      <trkpt lat="23.04989509284496307373046875" lon="113.31903439946472644805908203125">
        <ele>5.599999904632568359375</ele>
        <time>2026-07-29T23:17:43.000Z</time>
        <extensions>
          <ns3:TrackPointExtension>
            <ns3:hr>120</ns3:hr>
            <ns3:cad>82</ns3:cad>
          </ns3:TrackPointExtension>
        </extensions>
      </trkpt>
      <trkpt lat="23.04988704621791839599609375" lon="113.31905988045036792755126953125">
        <ele>5.599999904632568359375</ele>
        <time>2026-07-29T23:17:44.000Z</time>
        <extensions>
          <ns3:TrackPointExtension>
            <ns3:hr>120</ns3:hr>
            <ns3:cad>82</ns3:cad>
          </ns3:TrackPointExtension>
        </extensions>
      </trkpt>
      <trkpt lat="23.04988143034279346466064453125" lon="113.319070525467395782470703125">
        <ele>5.599999904632568359375</ele>
        <time>2026-07-29T23:17:45.000Z</time>
        <extensions>
          <ns3:TrackPointExtension>
            <ns3:hr>120</ns3:hr>
            <ns3:cad>82</ns3:cad>
          </ns3:TrackPointExtension>
        </extensions>
      </trkpt>
      <trkpt lat="23.04988226853311061859130859375" lon="113.3190929889678955078125">
        <ele>5.599999904632568359375</ele>
        <time>2026-07-29T23:17:46.000Z</time>
        <extensions>
          <ns3:TrackPointExtension>
            <ns3:hr>119</ns3:hr>
            <ns3:cad>82</ns3:cad>
          </ns3:TrackPointExtension>
        </extensions>
      </trkpt>
      <trkpt lat="23.04987765848636627197265625" lon="113.3191206492483615875244140625">
        <ele>5.599999904632568359375</ele>
        <time>2026-07-29T23:17:47.000Z</time>
        <extensions>
          <ns3:TrackPointExtension>
            <ns3:hr>120</ns3:hr>
            <ns3:cad>82</ns3:cad>
          </ns3:TrackPointExtension>
        </extensions>
      </trkpt>
      <trkpt lat="23.04988109506666660308837890625" lon="113.31913464702665805816650390625">
        <ele>5.599999904632568359375</ele>
        <time>2026-07-29T23:17:48.000Z</time>
        <extensions>
          <ns3:TrackPointExtension>
            <ns3:hr>119</ns3:hr>
            <ns3:cad>82</ns3:cad>
          </ns3:TrackPointExtension>
        </extensions>
      </trkpt>
      <trkpt lat="23.049877993762493133544921875" lon="113.31916281022131443023681640625">
        <ele>5.599999904632568359375</ele>
        <time>2026-07-29T23:17:49.000Z</time>
        <extensions>
          <ns3:TrackPointExtension>
            <ns3:hr>119</ns3:hr>
            <ns3:cad>82</ns3:cad>
          </ns3:TrackPointExtension>
        </extensions>
      </trkpt>
      <trkpt lat="23.04987522773444652557373046875" lon="113.31918376497924327850341796875">
        <ele>5.599999904632568359375</ele>
        <time>2026-07-29T23:17:50.000Z</time>
        <extensions>
          <ns3:TrackPointExtension>
            <ns3:hr>119</ns3:hr>
            <ns3:cad>82</ns3:cad>
          </ns3:TrackPointExtension>
        </extensions>
      </trkpt>
      <trkpt lat="23.04987941868603229522705078125" lon="113.31919952295720577239990234375">
        <ele>5.599999904632568359375</ele>
        <time>2026-07-29T23:17:51.000Z</time>
        <extensions>
          <ns3:TrackPointExtension>
            <ns3:hr>119</ns3:hr>
            <ns3:cad>82</ns3:cad>
          </ns3:TrackPointExtension>
        </extensions>
      </trkpt>
      <trkpt lat="23.04986952804028987884521484375" lon="113.31922584213316440582275390625">
        <ele>5.599999904632568359375</ele>
        <time>2026-07-29T23:17:52.000Z</time>
        <extensions>
          <ns3:TrackPointExtension>
            <ns3:hr>120</ns3:hr>
            <ns3:cad>82</ns3:cad>
          </ns3:TrackPointExtension>
        </extensions>
      </trkpt>
      <trkpt lat="23.04985812865197658538818359375" lon="113.319236151874065399169921875">
        <ele>5.599999904632568359375</ele>
        <time>2026-07-29T23:17:53.000Z</time>
        <extensions>
          <ns3:TrackPointExtension>
            <ns3:hr>120</ns3:hr>
            <ns3:cad>82</ns3:cad>
          </ns3:TrackPointExtension>
        </extensions>
      </trkpt>
      <trkpt lat="23.04985645227134227752685546875" lon="113.31925702281296253204345703125">
        <ele>5.599999904632568359375</ele>
        <time>2026-07-29T23:17:54.000Z</time>
        <extensions>
          <ns3:TrackPointExtension>
            <ns3:hr>120</ns3:hr>
            <ns3:cad>82</ns3:cad>
          </ns3:TrackPointExtension>
        </extensions>
      </trkpt>
      <trkpt lat="23.0498523451387882232666015625" lon="113.31928200088441371917724609375">
        <ele>5.599999904632568359375</ele>
        <time>2026-07-29T23:17:55.000Z</time>
        <extensions>
          <ns3:TrackPointExtension>
            <ns3:hr>120</ns3:hr>
            <ns3:cad>82</ns3:cad>
          </ns3:TrackPointExtension>
        </extensions>
      </trkpt>
      <trkpt lat="23.0498563684523105621337890625" lon="113.3192983455955982208251953125">
        <ele>5.599999904632568359375</ele>
        <time>2026-07-29T23:17:56.000Z</time>
        <extensions>
          <ns3:TrackPointExtension>
            <ns3:hr>121</ns3:hr>
            <ns3:cad>82</ns3:cad>
          </ns3:TrackPointExtension>
        </extensions>
      </trkpt>
      <trkpt lat="23.0498510040342807769775390625" lon="113.31932759843766689300537109375">
        <ele>5.599999904632568359375</ele>
        <time>2026-07-29T23:17:57.000Z</time>
        <extensions>
          <ns3:TrackPointExtension>
            <ns3:hr>121</ns3:hr>
            <ns3:cad>82</ns3:cad>
          </ns3:TrackPointExtension>
        </extensions>
      </trkpt>
      <trkpt lat="23.04985259659588336944580078125" lon="113.31934989430010318756103515625">
        <ele>5.599999904632568359375</ele>
        <time>2026-07-29T23:17:58.000Z</time>
        <extensions>
          <ns3:TrackPointExtension>
            <ns3:hr>122</ns3:hr>
            <ns3:cad>82</ns3:cad>
          </ns3:TrackPointExtension>
        </extensions>
      </trkpt>
      <trkpt lat="23.04985888302326202392578125" lon="113.31936900503933429718017578125">
        <ele>5.599999904632568359375</ele>
        <time>2026-07-29T23:17:59.000Z</time>
        <extensions>
          <ns3:TrackPointExtension>
            <ns3:hr>122</ns3:hr>
            <ns3:cad>82</ns3:cad>
          </ns3:TrackPointExtension>
        </extensions>
      </trkpt>
      <trkpt lat="23.0498432926833629608154296875" lon="113.31939666531980037689208984375">
        <ele>5.599999904632568359375</ele>
        <time>2026-07-29T23:18:00.000Z</time>
        <extensions>
          <ns3:TrackPointExtension>
            <ns3:hr>123</ns3:hr>
            <ns3:cad>83</ns3:cad>
          </ns3:TrackPointExtension>
        </extensions>
      </trkpt>
      <trkpt lat="23.0498359166085720062255859375" lon="113.319411836564540863037109375">
        <ele>5.599999904632568359375</ele>
        <time>2026-07-29T23:18:01.000Z</time>
        <extensions>
          <ns3:TrackPointExtension>
            <ns3:hr>123</ns3:hr>
            <ns3:cad>83</ns3:cad>
          </ns3:TrackPointExtension>
        </extensions>
      </trkpt>
      <trkpt lat="23.0498349107801914215087890625" lon="113.31943354569375514984130859375">
        <ele>5.599999904632568359375</ele>
        <time>2026-07-29T23:18:02.000Z</time>
        <extensions>
          <ns3:TrackPointExtension>
            <ns3:hr>123</ns3:hr>
            <ns3:cad>83</ns3:cad>
          </ns3:TrackPointExtension>
        </extensions>
      </trkpt>
      <trkpt lat="23.049828708171844482421875" lon="113.31945802085101604461669921875">
        <ele>5.599999904632568359375</ele>
        <time>2026-07-29T23:18:03.000Z</time>
        <extensions>
          <ns3:TrackPointExtension>
            <ns3:hr>124</ns3:hr>
            <ns3:cad>83</ns3:cad>
          </ns3:TrackPointExtension>
        </extensions>
      </trkpt>
      <trkpt lat="23.04983214475214481353759765625" lon="113.319472856819629669189453125">
        <ele>5.599999904632568359375</ele>
        <time>2026-07-29T23:18:04.000Z</time>
        <extensions>
          <ns3:TrackPointExtension>
            <ns3:hr>124</ns3:hr>
            <ns3:cad>83</ns3:cad>
          </ns3:TrackPointExtension>
        </extensions>
      </trkpt>
      <trkpt lat="23.04983097128570079803466796875" lon="113.319497667253017425537109375">
        <ele>5.599999904632568359375</ele>
        <time>2026-07-29T23:18:05.000Z</time>
        <extensions>
          <ns3:TrackPointExtension>
            <ns3:hr>125</ns3:hr>
            <ns3:cad>82</ns3:cad>
          </ns3:TrackPointExtension>
        </extensions>
      </trkpt>
      <trkpt lat="23.049827702343463897705078125" lon="113.3195186220109462738037109375">
        <ele>5.599999904632568359375</ele>
        <time>2026-07-29T23:18:06.000Z</time>
        <extensions>
          <ns3:TrackPointExtension>
            <ns3:hr>126</ns3:hr>
            <ns3:cad>82</ns3:cad>
          </ns3:TrackPointExtension>
        </extensions>
      </trkpt>
      <trkpt lat="23.04983080364763736724853515625" lon="113.31953731365501880645751953125">
        <ele>5.599999904632568359375</ele>
        <time>2026-07-29T23:18:07.000Z</time>
        <extensions>
          <ns3:TrackPointExtension>
            <ns3:hr>127</ns3:hr>
            <ns3:cad>82</ns3:cad>
          </ns3:TrackPointExtension>
        </extensions>
      </trkpt>
      <trkpt lat="23.0498201586306095123291015625" lon="113.31955969333648681640625">
        <ele>5.599999904632568359375</ele>
        <time>2026-07-29T23:18:08.000Z</time>
        <extensions>
          <ns3:TrackPointExtension>
            <ns3:hr>127</ns3:hr>
            <ns3:cad>82</ns3:cad>
          </ns3:TrackPointExtension>
        </extensions>
      </trkpt>
      <trkpt lat="23.0498147942125797271728515625" lon="113.31957603804767131805419921875">
        <ele>5.599999904632568359375</ele>
        <time>2026-07-29T23:18:09.000Z</time>
        <extensions>
          <ns3:TrackPointExtension>
            <ns3:hr>127</ns3:hr>
            <ns3:cad>82</ns3:cad>
          </ns3:TrackPointExtension>
        </extensions>
      </trkpt>
      <trkpt lat="23.04981454275548458099365234375" lon="113.31960168667137622833251953125">
        <ele>5.599999904632568359375</ele>
        <time>2026-07-29T23:18:10.000Z</time>
        <extensions>
          <ns3:TrackPointExtension>
            <ns3:hr>127</ns3:hr>
            <ns3:cad>82</ns3:cad>
          </ns3:TrackPointExtension>
        </extensions>
      </trkpt>
      <trkpt lat="23.04980657994747161865234375" lon="113.3196329511702060699462890625">
        <ele>5.599999904632568359375</ele>
        <time>2026-07-29T23:18:11.000Z</time>
        <extensions>
          <ns3:TrackPointExtension>
            <ns3:hr>127</ns3:hr>
            <ns3:cad>82</ns3:cad>
          </ns3:TrackPointExtension>
        </extensions>
      </trkpt>
      <trkpt lat="23.0498085916042327880859375" lon="113.3196522295475006103515625">
        <ele>5.400000095367431640625</ele>
        <time>2026-07-29T23:18:12.000Z</time>
        <extensions>
          <ns3:TrackPointExtension>
            <ns3:hr>126</ns3:hr>
            <ns3:cad>82</ns3:cad>
          </ns3:TrackPointExtension>
        </extensions>
      </trkpt>
      <trkpt lat="23.0498067475855350494384765625" lon="113.31967595033347606658935546875">
        <ele>5.400000095367431640625</ele>
        <time>2026-07-29T23:18:13.000Z</time>
        <extensions>
          <ns3:TrackPointExtension>
            <ns3:hr>127</ns3:hr>
            <ns3:cad>82</ns3:cad>
          </ns3:TrackPointExtension>
        </extensions>
      </trkpt>
      <trkpt lat="23.04980381391942501068115234375" lon="113.31970025785267353057861328125">
        <ele>5.400000095367431640625</ele>
        <time>2026-07-29T23:18:14.000Z</time>
        <extensions>
          <ns3:TrackPointExtension>
            <ns3:hr>127</ns3:hr>
            <ns3:cad>82</ns3:cad>
          </ns3:TrackPointExtension>
        </extensions>
      </trkpt>
      <trkpt lat="23.04980532266199588775634765625" lon="113.31971970386803150177001953125">
        <ele>5.400000095367431640625</ele>
        <time>2026-07-29T23:18:15.000Z</time>
        <extensions>
          <ns3:TrackPointExtension>
            <ns3:hr>126</ns3:hr>
            <ns3:cad>82</ns3:cad>
          </ns3:TrackPointExtension>
        </extensions>
      </trkpt>
      <trkpt lat="23.049801550805568695068359375" lon="113.3197429217398166656494140625">
        <ele>5.400000095367431640625</ele>
        <time>2026-07-29T23:18:16.000Z</time>
        <extensions>
          <ns3:TrackPointExtension>
            <ns3:hr>126</ns3:hr>
            <ns3:cad>82</ns3:cad>
          </ns3:TrackPointExtension>
        </extensions>
      </trkpt>
      <trkpt lat="23.0498097650706768035888671875" lon="113.31976823508739471435546875">
        <ele>5.400000095367431640625</ele>
        <time>2026-07-29T23:18:17.000Z</time>
        <extensions>
          <ns3:TrackPointExtension>
            <ns3:hr>126</ns3:hr>
            <ns3:cad>82</ns3:cad>
          </ns3:TrackPointExtension>
        </extensions>
      </trkpt>
      <trkpt lat="23.04981336928904056549072265625" lon="113.3197888545691967010498046875">
        <ele>5.400000095367431640625</ele>
        <time>2026-07-29T23:18:18.000Z</time>
        <extensions>
          <ns3:TrackPointExtension>
            <ns3:hr>127</ns3:hr>
            <ns3:cad>82</ns3:cad>
          </ns3:TrackPointExtension>
        </extensions>
      </trkpt>
      <trkpt lat="23.04981236346065998077392578125" lon="113.3198176883161067962646484375">
        <ele>5.400000095367431640625</ele>
        <time>2026-07-29T23:18:19.000Z</time>
        <extensions>
          <ns3:TrackPointExtension>
            <ns3:hr>127</ns3:hr>
            <ns3:cad>82</ns3:cad>
          </ns3:TrackPointExtension>
        </extensions>
      </trkpt>
      <trkpt lat="23.04981655441224575042724609375" lon="113.31983319483697414398193359375">
        <ele>5.400000095367431640625</ele>
        <time>2026-07-29T23:18:20.000Z</time>
        <extensions>
          <ns3:TrackPointExtension>
            <ns3:hr>127</ns3:hr>
            <ns3:cad>82</ns3:cad>
          </ns3:TrackPointExtension>
        </extensions>
      </trkpt>
      <trkpt lat="23.0498168058693408966064453125" lon="113.3198616094887256622314453125">
        <ele>5.400000095367431640625</ele>
        <time>2026-07-29T23:18:21.000Z</time>
        <extensions>
          <ns3:TrackPointExtension>
            <ns3:hr>127</ns3:hr>
            <ns3:cad>82</ns3:cad>
          </ns3:TrackPointExtension>
        </extensions>
      </trkpt>
      <trkpt lat="23.0498040653765201568603515625" lon="113.31988231278955936431884765625">
        <ele>5.400000095367431640625</ele>
        <time>2026-07-29T23:18:22.000Z</time>
        <extensions>
          <ns3:TrackPointExtension>
            <ns3:hr>128</ns3:hr>
            <ns3:cad>82</ns3:cad>
          </ns3:TrackPointExtension>
        </extensions>
      </trkpt>
      <trkpt lat="23.04980582557618618011474609375" lon="113.319896645843982696533203125">
        <ele>5.400000095367431640625</ele>
        <time>2026-07-29T23:18:23.000Z</time>
        <extensions>
          <ns3:TrackPointExtension>
            <ns3:hr>128</ns3:hr>
            <ns3:cad>82</ns3:cad>
          </ns3:TrackPointExtension>
        </extensions>
      </trkpt>
      <trkpt lat="23.049795515835285186767578125" lon="113.31991667859256267547607421875">
        <ele>5.400000095367431640625</ele>
        <time>2026-07-29T23:18:24.000Z</time>
        <extensions>
          <ns3:TrackPointExtension>
            <ns3:hr>129</ns3:hr>
            <ns3:cad>82</ns3:cad>
          </ns3:TrackPointExtension>
        </extensions>
      </trkpt>
      <trkpt lat="23.04978922940790653228759765625" lon="113.31993629224598407745361328125">
        <ele>5.400000095367431640625</ele>
        <time>2026-07-29T23:18:25.000Z</time>
        <extensions>
          <ns3:TrackPointExtension>
            <ns3:hr>129</ns3:hr>
            <ns3:cad>82</ns3:cad>
          </ns3:TrackPointExtension>
        </extensions>
      </trkpt>
      <trkpt lat="23.0497873015701770782470703125" lon="113.31995657645165920257568359375">
        <ele>5.400000095367431640625</ele>
        <time>2026-07-29T23:18:26.000Z</time>
        <extensions>
          <ns3:TrackPointExtension>
            <ns3:hr>129</ns3:hr>
            <ns3:cad>81</ns3:cad>
          </ns3:TrackPointExtension>
        </extensions>
      </trkpt>
      <trkpt lat="23.04977439343929290771484375" lon="113.31998105160892009735107421875">
        <ele>5.400000095367431640625</ele>
        <time>2026-07-29T23:18:27.000Z</time>
        <extensions>
          <ns3:TrackPointExtension>
            <ns3:hr>129</ns3:hr>
            <ns3:cad>81</ns3:cad>
          </ns3:TrackPointExtension>
        </extensions>
      </trkpt>
      <trkpt lat="23.049774728715419769287109375" lon="113.31999898888170719146728515625">
        <ele>5.400000095367431640625</ele>
        <time>2026-07-29T23:18:28.000Z</time>
        <extensions>
          <ns3:TrackPointExtension>
            <ns3:hr>128</ns3:hr>
            <ns3:cad>81</ns3:cad>
          </ns3:TrackPointExtension>
        </extensions>
      </trkpt>
      <trkpt lat="23.04977699182927608489990234375" lon="113.32002262584865093231201171875">
        <ele>5.400000095367431640625</ele>
        <time>2026-07-29T23:18:29.000Z</time>
        <extensions>
          <ns3:TrackPointExtension>
            <ns3:hr>129</ns3:hr>
            <ns3:cad>81</ns3:cad>
          </ns3:TrackPointExtension>
        </extensions>
      </trkpt>
      <trkpt lat="23.04977162741124629974365234375" lon="113.32004542462527751922607421875">
        <ele>5.19999980926513671875</ele>
        <time>2026-07-29T23:18:30.000Z</time>
        <extensions>
          <ns3:TrackPointExtension>
            <ns3:hr>129</ns3:hr>
            <ns3:cad>81</ns3:cad>
          </ns3:TrackPointExtension>
        </extensions>
      </trkpt>
      <trkpt lat="23.04977514781057834625244140625" lon="113.32006235606968402862548828125">
        <ele>5.19999980926513671875</ele>
        <time>2026-07-29T23:18:31.000Z</time>
        <extensions>
          <ns3:TrackPointExtension>
            <ns3:hr>129</ns3:hr>
            <ns3:cad>81</ns3:cad>
          </ns3:TrackPointExtension>
        </extensions>
      </trkpt>
      <trkpt lat="23.0497715435922145843505859375" lon="113.32008741796016693115234375">
        <ele>5.19999980926513671875</ele>
        <time>2026-07-29T23:18:32.000Z</time>
        <extensions>
          <ns3:TrackPointExtension>
            <ns3:hr>129</ns3:hr>
            <ns3:cad>83</ns3:cad>
          </ns3:TrackPointExtension>
        </extensions>
      </trkpt>
      <trkpt lat="23.04976710118353366851806640625" lon="113.32010292448103427886962890625">
        <ele>5.19999980926513671875</ele>
        <time>2026-07-29T23:18:33.000Z</time>
        <extensions>
          <ns3:TrackPointExtension>
            <ns3:hr>128</ns3:hr>
            <ns3:cad>83</ns3:cad>
          </ns3:TrackPointExtension>
        </extensions>
      </trkpt>
      <trkpt lat="23.04976710118353366851806640625" lon="113.32012153230607509613037109375">
        <ele>5.400000095367431640625</ele>
        <time>2026-07-29T23:18:34.000Z</time>
        <extensions>
          <ns3:TrackPointExtension>
            <ns3:hr>128</ns3:hr>
            <ns3:cad>83</ns3:cad>
          </ns3:TrackPointExtension>
        </extensions>
      </trkpt>
      <trkpt lat="23.0497561208903789520263671875" lon="113.32014835439622402191162109375">
        <ele>5.400000095367431640625</ele>
        <time>2026-07-29T23:18:35.000Z</time>
        <extensions>
          <ns3:TrackPointExtension>
            <ns3:hr>128</ns3:hr>
            <ns3:cad>82</ns3:cad>
          </ns3:TrackPointExtension>
        </extensions>
      </trkpt>
      <trkpt lat="23.04975653998553752899169921875" lon="113.32016176544129848480224609375">
        <ele>5.599999904632568359375</ele>
        <time>2026-07-29T23:18:36.000Z</time>
        <extensions>
          <ns3:TrackPointExtension>
            <ns3:hr>128</ns3:hr>
            <ns3:cad>82</ns3:cad>
          </ns3:TrackPointExtension>
        </extensions>
      </trkpt>
      <trkpt lat="23.0497557856142520904541015625" lon="113.32017852924764156341552734375">
        <ele>5.599999904632568359375</ele>
        <time>2026-07-29T23:18:37.000Z</time>
        <extensions>
          <ns3:TrackPointExtension>
            <ns3:hr>128</ns3:hr>
            <ns3:cad>82</ns3:cad>
          </ns3:TrackPointExtension>
        </extensions>
      </trkpt>
      <trkpt lat="23.0497531034052371978759765625" lon="113.32020250149071216583251953125">
        <ele>5.400000095367431640625</ele>
        <time>2026-07-29T23:18:38.000Z</time>
        <extensions>
          <ns3:TrackPointExtension>
            <ns3:hr>129</ns3:hr>
            <ns3:cad>82</ns3:cad>
          </ns3:TrackPointExtension>
        </extensions>
      </trkpt>
      <trkpt lat="23.04975553415715694427490234375" lon="113.3202240429818630218505859375">
        <ele>5.400000095367431640625</ele>
        <time>2026-07-29T23:18:39.000Z</time>
        <extensions>
          <ns3:TrackPointExtension>
            <ns3:hr>128</ns3:hr>
            <ns3:cad>82</ns3:cad>
          </ns3:TrackPointExtension>
        </extensions>
      </trkpt>
      <trkpt lat="23.04975519888103008270263671875" lon="113.32024633884429931640625">
        <ele>5.400000095367431640625</ele>
        <time>2026-07-29T23:18:40.000Z</time>
        <extensions>
          <ns3:TrackPointExtension>
            <ns3:hr>128</ns3:hr>
            <ns3:cad>81</ns3:cad>
          </ns3:TrackPointExtension>
        </extensions>
      </trkpt>
      <trkpt lat="23.04974614642560482025146484375" lon="113.32026754505932331085205078125">
        <ele>5.400000095367431640625</ele>
        <time>2026-07-29T23:18:41.000Z</time>
        <extensions>
          <ns3:TrackPointExtension>
            <ns3:hr>129</ns3:hr>
            <ns3:cad>81</ns3:cad>
          </ns3:TrackPointExtension>
        </extensions>
      </trkpt>
      <trkpt lat="23.0497487448155879974365234375" lon="113.320280872285366058349609375">
        <ele>5.400000095367431640625</ele>
        <time>2026-07-29T23:18:42.000Z</time>
        <extensions>
          <ns3:TrackPointExtension>
            <ns3:hr>128</ns3:hr>
            <ns3:cad>81</ns3:cad>
          </ns3:TrackPointExtension>
        </extensions>
      </trkpt>
      <trkpt lat="23.0497443862259387969970703125" lon="113.32030040211975574493408203125">
        <ele>5.400000095367431640625</ele>
        <time>2026-07-29T23:18:43.000Z</time>
        <extensions>
          <ns3:TrackPointExtension>
            <ns3:hr>128</ns3:hr>
            <ns3:cad>82</ns3:cad>
          </ns3:TrackPointExtension>
        </extensions>
      </trkpt>
      <trkpt lat="23.04974245838820934295654296875" lon="113.32031599245965480804443359375">
        <ele>5.599999904632568359375</ele>
        <time>2026-07-29T23:18:44.000Z</time>
        <extensions>
          <ns3:TrackPointExtension>
            <ns3:hr>129</ns3:hr>
            <ns3:cad>82</ns3:cad>
          </ns3:TrackPointExtension>
        </extensions>
      </trkpt>
      <trkpt lat="23.04974011145532131195068359375" lon="113.32033527083694934844970703125">
        <ele>5.599999904632568359375</ele>
        <time>2026-07-29T23:18:45.000Z</time>
        <extensions>
          <ns3:TrackPointExtension>
            <ns3:hr>128</ns3:hr>
            <ns3:cad>82</ns3:cad>
          </ns3:TrackPointExtension>
        </extensions>
      </trkpt>
      <trkpt lat="23.04972770623862743377685546875" lon="113.3203662000596523284912109375">
        <ele>5.599999904632568359375</ele>
        <time>2026-07-29T23:18:46.000Z</time>
        <extensions>
          <ns3:TrackPointExtension>
            <ns3:hr>128</ns3:hr>
            <ns3:cad>82</ns3:cad>
          </ns3:TrackPointExtension>
        </extensions>
      </trkpt>
      <trkpt lat="23.0497225932776927947998046875" lon="113.32038388587534427642822265625">
        <ele>5.599999904632568359375</ele>
        <time>2026-07-29T23:18:47.000Z</time>
        <extensions>
          <ns3:TrackPointExtension>
            <ns3:hr>129</ns3:hr>
            <ns3:cad>82</ns3:cad>
          </ns3:TrackPointExtension>
        </extensions>
      </trkpt>
      <trkpt lat="23.049721755087375640869140625" lon="113.320403583347797393798828125">
        <ele>5.80000019073486328125</ele>
        <time>2026-07-29T23:18:48.000Z</time>
        <extensions>
          <ns3:TrackPointExtension>
            <ns3:hr>128</ns3:hr>
            <ns3:cad>81</ns3:cad>
          </ns3:TrackPointExtension>
        </extensions>
      </trkpt>
      <trkpt lat="23.04971982724964618682861328125" lon="113.32042613066732883453369140625">
        <ele>5.80000019073486328125</ele>
        <time>2026-07-29T23:18:49.000Z</time>
        <extensions>
          <ns3:TrackPointExtension>
            <ns3:hr>128</ns3:hr>
            <ns3:cad>81</ns3:cad>
          </ns3:TrackPointExtension>
        </extensions>
      </trkpt>
      <trkpt lat="23.04972234182059764862060546875" lon="113.32044239155948162078857421875">
        <ele>6</ele>
        <time>2026-07-29T23:18:50.000Z</time>
        <extensions>
          <ns3:TrackPointExtension>
            <ns3:hr>127</ns3:hr>
            <ns3:cad>82</ns3:cad>
          </ns3:TrackPointExtension>
        </extensions>
      </trkpt>
      <trkpt lat="23.0497162230312824249267578125" lon="113.32046166993677616119384765625">
        <ele>6</ele>
        <time>2026-07-29T23:18:51.000Z</time>
        <extensions>
          <ns3:TrackPointExtension>
            <ns3:hr>126</ns3:hr>
            <ns3:cad>82</ns3:cad>
          </ns3:TrackPointExtension>
        </extensions>
      </trkpt>
      <trkpt lat="23.0497108586132526397705078125" lon="113.32047390751540660858154296875">
        <ele>6</ele>
        <time>2026-07-29T23:18:52.000Z</time>
        <extensions>
          <ns3:TrackPointExtension>
            <ns3:hr>126</ns3:hr>
            <ns3:cad>81</ns3:cad>
          </ns3:TrackPointExtension>
        </extensions>
      </trkpt>
      <trkpt lat="23.04970658384263515472412109375" lon="113.320490084588527679443359375">
        <ele>5.80000019073486328125</ele>
        <time>2026-07-29T23:18:53.000Z</time>
        <extensions>
          <ns3:TrackPointExtension>
            <ns3:hr>126</ns3:hr>
            <ns3:cad>81</ns3:cad>
          </ns3:TrackPointExtension>
        </extensions>
      </trkpt>
      <trkpt lat="23.04970524273812770843505859375" lon="113.32051984034478664398193359375">
        <ele>5.599999904632568359375</ele>
        <time>2026-07-29T23:18:54.000Z</time>
        <extensions>
          <ns3:TrackPointExtension>
            <ns3:hr>126</ns3:hr>
            <ns3:cad>83</ns3:cad>
          </ns3:TrackPointExtension>
        </extensions>
      </trkpt>
      <trkpt lat="23.0497115291655063629150390625" lon="113.32053668797016143798828125">
        <ele>5.400000095367431640625</ele>
        <time>2026-07-29T23:18:55.000Z</time>
        <extensions>
          <ns3:TrackPointExtension>
            <ns3:hr>126</ns3:hr>
            <ns3:cad>83</ns3:cad>
          </ns3:TrackPointExtension>
        </extensions>
      </trkpt>
      <trkpt lat="23.04971479810774326324462890625" lon="113.3205569721758365631103515625">
        <ele>5.400000095367431640625</ele>
        <time>2026-07-29T23:18:56.000Z</time>
        <extensions>
          <ns3:TrackPointExtension>
            <ns3:hr>127</ns3:hr>
            <ns3:cad>82</ns3:cad>
          </ns3:TrackPointExtension>
        </extensions>
      </trkpt>
      <trkpt lat="23.0497051589190959930419921875" lon="113.32058303989470005035400390625">
        <ele>5.400000095367431640625</ele>
        <time>2026-07-29T23:18:57.000Z</time>
        <extensions>
          <ns3:TrackPointExtension>
            <ns3:hr>127</ns3:hr>
            <ns3:cad>82</ns3:cad>
          </ns3:TrackPointExtension>
        </extensions>
      </trkpt>
      <trkpt lat="23.0497048236429691314697265625" lon="113.32059561274945735931396484375">
        <ele>5.400000095367431640625</ele>
        <time>2026-07-29T23:18:58.000Z</time>
        <extensions>
          <ns3:TrackPointExtension>
            <ns3:hr>127</ns3:hr>
            <ns3:cad>82</ns3:cad>
          </ns3:TrackPointExtension>
        </extensions>
      </trkpt>
      <trkpt lat="23.04969795048236846923828125" lon="113.3206183277070522308349609375">
        <ele>5.400000095367431640625</ele>
        <time>2026-07-29T23:18:59.000Z</time>
        <extensions>
          <ns3:TrackPointExtension>
            <ns3:hr>127</ns3:hr>
            <ns3:cad>82</ns3:cad>
          </ns3:TrackPointExtension>
        </extensions>
      </trkpt>
      <trkpt lat="23.04968982003629207611083984375" lon="113.320642299950122833251953125">
        <ele>5.400000095367431640625</ele>
        <time>2026-07-29T23:19:00.000Z</time>
        <extensions>
          <ns3:TrackPointExtension>
            <ns3:hr>127</ns3:hr>
            <ns3:cad>82</ns3:cad>
          </ns3:TrackPointExtension>
        </extensions>
      </trkpt>
      <trkpt lat="23.04969619028270244598388671875" lon="113.32065763883292675018310546875">
        <ele>5.19999980926513671875</ele>
        <time>2026-07-29T23:19:01.000Z</time>
        <extensions>
          <ns3:TrackPointExtension>
            <ns3:hr>127</ns3:hr>
            <ns3:cad>82</ns3:cad>
          </ns3:TrackPointExtension>
        </extensions>
      </trkpt>
      <trkpt lat="23.04968948476016521453857421875" lon="113.32068278454244136810302734375">
        <ele>5.19999980926513671875</ele>
        <time>2026-07-29T23:19:02.000Z</time>
        <extensions>
          <ns3:TrackPointExtension>
            <ns3:hr>127</ns3:hr>
            <ns3:cad>82</ns3:cad>
          </ns3:TrackPointExtension>
        </extensions>
      </trkpt>
      <trkpt lat="23.0496907420456409454345703125" lon="113.32071094773709774017333984375">
        <ele>5.19999980926513671875</ele>
        <time>2026-07-29T23:19:03.000Z</time>
        <extensions>
          <ns3:TrackPointExtension>
            <ns3:hr>128</ns3:hr>
            <ns3:cad>82</ns3:cad>
          </ns3:TrackPointExtension>
        </extensions>
      </trkpt>
      <trkpt lat="23.0496987886726856231689453125" lon="113.32072938792407512664794921875">
        <ele>5.400000095367431640625</ele>
        <time>2026-07-29T23:19:04.000Z</time>
        <extensions>
          <ns3:TrackPointExtension>
            <ns3:hr>128</ns3:hr>
            <ns3:cad>81</ns3:cad>
          </ns3:TrackPointExtension>
        </extensions>
      </trkpt>
      <trkpt lat="23.0497189052402973175048828125" lon="113.32074916921555995941162109375">
        <ele>5.400000095367431640625</ele>
        <time>2026-07-29T23:19:05.000Z</time>
        <extensions>
          <ns3:TrackPointExtension>
            <ns3:hr>128</ns3:hr>
            <ns3:cad>81</ns3:cad>
          </ns3:TrackPointExtension>
        </extensions>
      </trkpt>
      <trkpt lat="23.0497209168970584869384765625" lon="113.32074514590203762054443359375">
        <ele>5.599999904632568359375</ele>
        <time>2026-07-29T23:19:06.000Z</time>
        <extensions>
          <ns3:TrackPointExtension>
            <ns3:hr>128</ns3:hr>
            <ns3:cad>81</ns3:cad>
          </ns3:TrackPointExtension>
        </extensions>
      </trkpt>
      <trkpt lat="23.04973524995148181915283203125" lon="113.320734165608882904052734375">
        <ele>5.599999904632568359375</ele>
        <time>2026-07-29T23:19:07.000Z</time>
        <extensions>
          <ns3:TrackPointExtension>
            <ns3:hr>128</ns3:hr>
            <ns3:cad>81</ns3:cad>
          </ns3:TrackPointExtension>
        </extensions>
      </trkpt>
      <trkpt lat="23.04974128492176532745361328125" lon="113.320712037384510040283203125">
        <ele>5.599999904632568359375</ele>
        <time>2026-07-29T23:19:08.000Z</time>
        <extensions>
          <ns3:TrackPointExtension>
            <ns3:hr>128</ns3:hr>
            <ns3:cad>81</ns3:cad>
          </ns3:TrackPointExtension>
        </extensions>
      </trkpt>
      <trkpt lat="23.04973550140857696533203125" lon="113.32069887779653072357177734375">
        <ele>5.599999904632568359375</ele>
        <time>2026-07-29T23:19:09.000Z</time>
        <extensions>
          <ns3:TrackPointExtension>
            <ns3:hr>128</ns3:hr>
            <ns3:cad>81</ns3:cad>
          </ns3:TrackPointExtension>
        </extensions>
      </trkpt>
      <trkpt lat="23.04973307065665721893310546875" lon="113.32067172043025493621826171875">
        <ele>5.599999904632568359375</ele>
        <time>2026-07-29T23:19:10.000Z</time>
        <extensions>
          <ns3:TrackPointExtension>
            <ns3:hr>128</ns3:hr>
            <ns3:cad>81</ns3:cad>
          </ns3:TrackPointExtension>
        </extensions>
      </trkpt>
      <trkpt lat="23.04973684251308441162109375" lon="113.32065026275813579559326171875">
        <ele>5.599999904632568359375</ele>
        <time>2026-07-29T23:19:11.000Z</time>
        <extensions>
          <ns3:TrackPointExtension>
            <ns3:hr>127</ns3:hr>
            <ns3:cad>81</ns3:cad>
          </ns3:TrackPointExtension>
        </extensions>
      </trkpt>
      <trkpt lat="23.0497256107628345489501953125" lon="113.3206334151327610015869140625">
        <ele>5.599999904632568359375</ele>
        <time>2026-07-29T23:19:12.000Z</time>
        <extensions>
          <ns3:TrackPointExtension>
            <ns3:hr>128</ns3:hr>
            <ns3:cad>81</ns3:cad>
          </ns3:TrackPointExtension>
        </extensions>
      </trkpt>
      <trkpt lat="23.049724437296390533447265625" lon="113.32059997133910655975341796875">
        <ele>5.599999904632568359375</ele>
        <time>2026-07-29T23:19:13.000Z</time>
        <extensions>
          <ns3:TrackPointExtension>
            <ns3:hr>127</ns3:hr>
            <ns3:cad>81</ns3:cad>
          </ns3:TrackPointExtension>
        </extensions>
      </trkpt>
      <trkpt lat="23.04972074925899505615234375" lon="113.32058362662792205810546875">
        <ele>5.599999904632568359375</ele>
        <time>2026-07-29T23:19:14.000Z</time>
        <extensions>
          <ns3:TrackPointExtension>
            <ns3:hr>127</ns3:hr>
            <ns3:cad>81</ns3:cad>
          </ns3:TrackPointExtension>
        </extensions>
      </trkpt>
      <trkpt lat="23.0497175641357898712158203125" lon="113.320559822022914886474609375">
        <ele>5.599999904632568359375</ele>
        <time>2026-07-29T23:19:15.000Z</time>
        <extensions>
          <ns3:TrackPointExtension>
            <ns3:hr>127</ns3:hr>
            <ns3:cad>81</ns3:cad>
          </ns3:TrackPointExtension>
        </extensions>
      </trkpt>
      <trkpt lat="23.049724437296390533447265625" lon="113.32052704878151416778564453125">
        <ele>5.599999904632568359375</ele>
        <time>2026-07-29T23:19:16.000Z</time>
        <extensions>
          <ns3:TrackPointExtension>
            <ns3:hr>128</ns3:hr>
            <ns3:cad>81</ns3:cad>
          </ns3:TrackPointExtension>
        </extensions>
      </trkpt>
      <trkpt lat="23.049721084535121917724609375" lon="113.3205110393464565277099609375">
        <ele>5.599999904632568359375</ele>
        <time>2026-07-29T23:19:17.000Z</time>
        <extensions>
          <ns3:TrackPointExtension>
            <ns3:hr>128</ns3:hr>
            <ns3:cad>81</ns3:cad>
          </ns3:TrackPointExtension>
        </extensions>
      </trkpt>
      <trkpt lat="23.0497252754867076873779296875" lon="113.32048513926565647125244140625">
        <ele>5.599999904632568359375</ele>
        <time>2026-07-29T23:19:18.000Z</time>
        <extensions>
          <ns3:TrackPointExtension>
            <ns3:hr>128</ns3:hr>
            <ns3:cad>82</ns3:cad>
          </ns3:TrackPointExtension>
        </extensions>
      </trkpt>
      <trkpt lat="23.0497296340763568878173828125" lon="113.32045890390872955322265625">
        <ele>5.599999904632568359375</ele>
        <time>2026-07-29T23:19:19.000Z</time>
        <extensions>
          <ns3:TrackPointExtension>
            <ns3:hr>128</ns3:hr>
            <ns3:cad>82</ns3:cad>
          </ns3:TrackPointExtension>
        </extensions>
      </trkpt>
      <trkpt lat="23.04973156191408634185791015625" lon="113.32044088281691074371337890625">
        <ele>5.599999904632568359375</ele>
        <time>2026-07-29T23:19:20.000Z</time>
        <extensions>
          <ns3:TrackPointExtension>
            <ns3:hr>128</ns3:hr>
            <ns3:cad>82</ns3:cad>
          </ns3:TrackPointExtension>
        </extensions>
      </trkpt>
      <trkpt lat="23.04973223246634006500244140625" lon="113.3204124681651592254638671875">
        <ele>5.599999904632568359375</ele>
        <time>2026-07-29T23:19:21.000Z</time>
        <extensions>
          <ns3:TrackPointExtension>
            <ns3:hr>129</ns3:hr>
            <ns3:cad>82</ns3:cad>
          </ns3:TrackPointExtension>
        </extensions>
      </trkpt>
      <trkpt lat="23.04973575286567211151123046875" lon="113.32039494998753070831298828125">
        <ele>5.599999904632568359375</ele>
        <time>2026-07-29T23:19:22.000Z</time>
        <extensions>
          <ns3:TrackPointExtension>
            <ns3:hr>129</ns3:hr>
            <ns3:cad>82</ns3:cad>
          </ns3:TrackPointExtension>
        </extensions>
      </trkpt>
      <trkpt lat="23.04972871206700801849365234375" lon="113.320374749600887298583984375">
        <ele>5.599999904632568359375</ele>
        <time>2026-07-29T23:19:23.000Z</time>
        <extensions>
          <ns3:TrackPointExtension>
            <ns3:hr>129</ns3:hr>
            <ns3:cad>82</ns3:cad>
          </ns3:TrackPointExtension>
        </extensions>
      </trkpt>
      <trkpt lat="23.04973977617919445037841796875" lon="113.32034801132977008819580078125">
        <ele>5.599999904632568359375</ele>
        <time>2026-07-29T23:19:24.000Z</time>
        <extensions>
          <ns3:TrackPointExtension>
            <ns3:hr>129</ns3:hr>
            <ns3:cad>82</ns3:cad>
          </ns3:TrackPointExtension>
        </extensions>
      </trkpt>
      <trkpt lat="23.0497447215020656585693359375" lon="113.32033359445631504058837890625">
        <ele>5.599999904632568359375</ele>
        <time>2026-07-29T23:19:25.000Z</time>
        <extensions>
          <ns3:TrackPointExtension>
            <ns3:hr>129</ns3:hr>
            <ns3:cad>81</ns3:cad>
          </ns3:TrackPointExtension>
        </extensions>
      </trkpt>
      <trkpt lat="23.0497450567781925201416015625" lon="113.3203118853271007537841796875">
        <ele>5.599999904632568359375</ele>
        <time>2026-07-29T23:19:26.000Z</time>
        <extensions>
          <ns3:TrackPointExtension>
            <ns3:hr>129</ns3:hr>
            <ns3:cad>81</ns3:cad>
          </ns3:TrackPointExtension>
        </extensions>
      </trkpt>
      <trkpt lat="23.049757294356822967529296875" lon="113.32028363831341266632080078125">
        <ele>5.599999904632568359375</ele>
        <time>2026-07-29T23:19:27.000Z</time>
        <extensions>
          <ns3:TrackPointExtension>
            <ns3:hr>129</ns3:hr>
            <ns3:cad>81</ns3:cad>
          </ns3:TrackPointExtension>
        </extensions>
      </trkpt>
      <trkpt lat="23.04975964128971099853515625" lon="113.3202609233558177947998046875">
        <ele>5.599999904632568359375</ele>
        <time>2026-07-29T23:19:28.000Z</time>
        <extensions>
          <ns3:TrackPointExtension>
            <ns3:hr>129</ns3:hr>
            <ns3:cad>81</ns3:cad>
          </ns3:TrackPointExtension>
        </extensions>
      </trkpt>
      <trkpt lat="23.0497576296329498291015625" lon="113.32023435272276401519775390625">
        <ele>5.599999904632568359375</ele>
        <time>2026-07-29T23:19:29.000Z</time>
        <extensions>
          <ns3:TrackPointExtension>
            <ns3:hr>129</ns3:hr>
            <ns3:cad>81</ns3:cad>
          </ns3:TrackPointExtension>
        </extensions>
      </trkpt>
      <trkpt lat="23.0497594736516475677490234375" lon="113.3202099613845348358154296875">
        <ele>5.599999904632568359375</ele>
        <time>2026-07-29T23:19:30.000Z</time>
        <extensions>
          <ns3:TrackPointExtension>
            <ns3:hr>129</ns3:hr>
            <ns3:cad>82</ns3:cad>
          </ns3:TrackPointExtension>
        </extensions>
      </trkpt>
      <trkpt lat="23.049751259386539459228515625" lon="113.3201913535594940185546875">
        <ele>5.599999904632568359375</ele>
        <time>2026-07-29T23:19:31.000Z</time>
        <extensions>
          <ns3:TrackPointExtension>
            <ns3:hr>129</ns3:hr>
            <ns3:cad>82</ns3:cad>
          </ns3:TrackPointExtension>
        </extensions>
      </trkpt>
      <trkpt lat="23.0497567914426326751708984375" lon="113.32015975378453731536865234375">
        <ele>5.599999904632568359375</ele>
        <time>2026-07-29T23:19:32.000Z</time>
        <extensions>
          <ns3:TrackPointExtension>
            <ns3:hr>128</ns3:hr>
            <ns3:cad>81</ns3:cad>
          </ns3:TrackPointExtension>
        </extensions>
      </trkpt>
      <trkpt lat="23.0497604794800281524658203125" lon="113.32014533691108226776123046875">
        <ele>5.599999904632568359375</ele>
        <time>2026-07-29T23:19:33.000Z</time>
        <extensions>
          <ns3:TrackPointExtension>
            <ns3:hr>129</ns3:hr>
            <ns3:cad>81</ns3:cad>
          </ns3:TrackPointExtension>
        </extensions>
      </trkpt>
      <trkpt lat="23.04976006038486957550048828125" lon="113.320125304162502288818359375">
        <ele>5.599999904632568359375</ele>
        <time>2026-07-29T23:19:34.000Z</time>
        <extensions>
          <ns3:TrackPointExtension>
            <ns3:hr>129</ns3:hr>
            <ns3:cad>81</ns3:cad>
          </ns3:TrackPointExtension>
        </extensions>
      </trkpt>
      <trkpt lat="23.04976777173578739166259765625" lon="113.32009772770106792449951171875">
        <ele>5.599999904632568359375</ele>
        <time>2026-07-29T23:19:35.000Z</time>
        <extensions>
          <ns3:TrackPointExtension>
            <ns3:hr>129</ns3:hr>
            <ns3:cad>81</ns3:cad>
          </ns3:TrackPointExtension>
        </extensions>
      </trkpt>
      <trkpt lat="23.0497665144503116607666015625" lon="113.32007241435348987579345703125">
        <ele>5.599999904632568359375</ele>
        <time>2026-07-29T23:19:36.000Z</time>
        <extensions>
          <ns3:TrackPointExtension>
            <ns3:hr>129</ns3:hr>
            <ns3:cad>81</ns3:cad>
          </ns3:TrackPointExtension>
        </extensions>
      </trkpt>
      <trkpt lat="23.04976760409772396087646484375" lon="113.32004894502460956573486328125">
        <ele>5.599999904632568359375</ele>
        <time>2026-07-29T23:19:37.000Z</time>
        <extensions>
          <ns3:TrackPointExtension>
            <ns3:hr>129</ns3:hr>
            <ns3:cad>82</ns3:cad>
          </ns3:TrackPointExtension>
        </extensions>
      </trkpt>
      <trkpt lat="23.04977296851575374603271484375" lon="113.3200269006192684173583984375">
        <ele>5.599999904632568359375</ele>
        <time>2026-07-29T23:19:38.000Z</time>
        <extensions>
          <ns3:TrackPointExtension>
            <ns3:hr>130</ns3:hr>
            <ns3:cad>82</ns3:cad>
          </ns3:TrackPointExtension>
        </extensions>
      </trkpt>
      <trkpt lat="23.04977833293378353118896484375" lon="113.320009298622608184814453125">
        <ele>5.599999904632568359375</ele>
        <time>2026-07-29T23:19:39.000Z</time>
        <extensions>
          <ns3:TrackPointExtension>
            <ns3:hr>130</ns3:hr>
            <ns3:cad>82</ns3:cad>
          </ns3:TrackPointExtension>
        </extensions>
      </trkpt>
      <trkpt lat="23.04978671483695507049560546875" lon="113.31998004578053951263427734375">
        <ele>5.599999904632568359375</ele>
        <time>2026-07-29T23:19:40.000Z</time>
        <extensions>
          <ns3:TrackPointExtension>
            <ns3:hr>130</ns3:hr>
            <ns3:cad>83</ns3:cad>
          </ns3:TrackPointExtension>
        </extensions>
      </trkpt>
      <trkpt lat="23.04979023523628711700439453125" lon="113.31996730528771877288818359375">
        <ele>5.599999904632568359375</ele>
        <time>2026-07-29T23:19:41.000Z</time>
        <extensions>
          <ns3:TrackPointExtension>
            <ns3:hr>130</ns3:hr>
            <ns3:cad>83</ns3:cad>
          </ns3:TrackPointExtension>
        </extensions>
      </trkpt>
      <trkpt lat="23.0497899837791919708251953125" lon="113.31994702108204364776611328125">
        <ele>5.599999904632568359375</ele>
        <time>2026-07-29T23:19:42.000Z</time>
        <extensions>
          <ns3:TrackPointExtension>
            <ns3:hr>130</ns3:hr>
            <ns3:cad>83</ns3:cad>
          </ns3:TrackPointExtension>
        </extensions>
      </trkpt>
      <trkpt lat="23.0497983656823635101318359375" lon="113.319918774068355560302734375">
        <ele>5.599999904632568359375</ele>
        <time>2026-07-29T23:19:43.000Z</time>
        <extensions>
          <ns3:TrackPointExtension>
            <ns3:hr>130</ns3:hr>
            <ns3:cad>82</ns3:cad>
          </ns3:TrackPointExtension>
        </extensions>
      </trkpt>
      <trkpt lat="23.04980381391942501068115234375" lon="113.3198951371014118194580078125">
        <ele>5.599999904632568359375</ele>
        <time>2026-07-29T23:19:44.000Z</time>
        <extensions>
          <ns3:TrackPointExtension>
            <ns3:hr>130</ns3:hr>
            <ns3:cad>82</ns3:cad>
          </ns3:TrackPointExtension>
        </extensions>
      </trkpt>
      <trkpt lat="23.04980465210974216461181640625" lon="113.319869153201580047607421875">
        <ele>5.599999904632568359375</ele>
        <time>2026-07-29T23:19:45.000Z</time>
        <extensions>
          <ns3:TrackPointExtension>
            <ns3:hr>130</ns3:hr>
            <ns3:cad>82</ns3:cad>
          </ns3:TrackPointExtension>
        </extensions>
      </trkpt>
      <trkpt lat="23.04980800487101078033447265625" lon="113.31984694115817546844482421875">
        <ele>5.400000095367431640625</ele>
        <time>2026-07-29T23:19:46.000Z</time>
        <extensions>
          <ns3:TrackPointExtension>
            <ns3:hr>129</ns3:hr>
            <ns3:cad>82</ns3:cad>
          </ns3:TrackPointExtension>
        </extensions>
      </trkpt>
      <trkpt lat="23.04979979060590267181396484375" lon="113.319826237857341766357421875">
        <ele>5.400000095367431640625</ele>
        <time>2026-07-29T23:19:47.000Z</time>
        <extensions>
          <ns3:TrackPointExtension>
            <ns3:hr>129</ns3:hr>
            <ns3:cad>82</ns3:cad>
          </ns3:TrackPointExtension>
        </extensions>
      </trkpt>
      <trkpt lat="23.04979744367301464080810546875" lon="113.31979279406368732452392578125">
        <ele>5.400000095367431640625</ele>
        <time>2026-07-29T23:19:48.000Z</time>
        <extensions>
          <ns3:TrackPointExtension>
            <ns3:hr>129</ns3:hr>
            <ns3:cad>82</ns3:cad>
          </ns3:TrackPointExtension>
        </extensions>
      </trkpt>
      <trkpt lat="23.04979761131107807159423828125" lon="113.3197724260389804840087890625">
        <ele>5.599999904632568359375</ele>
        <time>2026-07-29T23:19:49.000Z</time>
        <extensions>
          <ns3:TrackPointExtension>
            <ns3:hr>129</ns3:hr>
            <ns3:cad>82</ns3:cad>
          </ns3:TrackPointExtension>
        </extensions>
      </trkpt>
      <trkpt lat="23.04979451000690460205078125" lon="113.31975239329040050506591796875">
        <ele>5.599999904632568359375</ele>
        <time>2026-07-29T23:19:50.000Z</time>
        <extensions>
          <ns3:TrackPointExtension>
            <ns3:hr>130</ns3:hr>
            <ns3:cad>82</ns3:cad>
          </ns3:TrackPointExtension>
        </extensions>
      </trkpt>
      <trkpt lat="23.04979694075882434844970703125" lon="113.3197244815528392791748046875">
        <ele>5.599999904632568359375</ele>
        <time>2026-07-29T23:19:51.000Z</time>
        <extensions>
          <ns3:TrackPointExtension>
            <ns3:hr>130</ns3:hr>
            <ns3:cad>82</ns3:cad>
          </ns3:TrackPointExtension>
        </extensions>
      </trkpt>
      <trkpt lat="23.04980448447167873382568359375" lon="113.31970444880425930023193359375">
        <ele>5.599999904632568359375</ele>
        <time>2026-07-29T23:19:52.000Z</time>
        <extensions>
          <ns3:TrackPointExtension>
            <ns3:hr>130</ns3:hr>
            <ns3:cad>82</ns3:cad>
          </ns3:TrackPointExtension>
        </extensions>
      </trkpt>
      <trkpt lat="23.04981018416583538055419921875" lon="113.3196849189698696136474609375">
        <ele>5.599999904632568359375</ele>
        <time>2026-07-29T23:19:53.000Z</time>
        <extensions>
          <ns3:TrackPointExtension>
            <ns3:hr>130</ns3:hr>
            <ns3:cad>82</ns3:cad>
          </ns3:TrackPointExtension>
        </extensions>
      </trkpt>
      <trkpt lat="23.0498114414513111114501953125" lon="113.31965767778456211090087890625">
        <ele>5.599999904632568359375</ele>
        <time>2026-07-29T23:19:54.000Z</time>
        <extensions>
          <ns3:TrackPointExtension>
            <ns3:hr>130</ns3:hr>
            <ns3:cad>81</ns3:cad>
          </ns3:TrackPointExtension>
        </extensions>
      </trkpt>
      <trkpt lat="23.04980456829071044921875" lon="113.31964225508272647857666015625">
        <ele>5.400000095367431640625</ele>
        <time>2026-07-29T23:19:55.000Z</time>
        <extensions>
          <ns3:TrackPointExtension>
            <ns3:hr>130</ns3:hr>
            <ns3:cad>81</ns3:cad>
          </ns3:TrackPointExtension>
        </extensions>
      </trkpt>
      <trkpt lat="23.04979861713945865631103515625" lon="113.31960998475551605224609375">
        <ele>5.400000095367431640625</ele>
        <time>2026-07-29T23:19:56.000Z</time>
        <extensions>
          <ns3:TrackPointExtension>
            <ns3:hr>130</ns3:hr>
            <ns3:cad>81</ns3:cad>
          </ns3:TrackPointExtension>
        </extensions>
      </trkpt>
      <trkpt lat="23.04980398155748844146728515625" lon="113.3195927180349826812744140625">
        <ele>5.400000095367431640625</ele>
        <time>2026-07-29T23:19:57.000Z</time>
        <extensions>
          <ns3:TrackPointExtension>
            <ns3:hr>129</ns3:hr>
            <ns3:cad>81</ns3:cad>
          </ns3:TrackPointExtension>
        </extensions>
      </trkpt>
      <trkpt lat="23.0498037301003932952880859375" lon="113.3195719309151172637939453125">
        <ele>5.400000095367431640625</ele>
        <time>2026-07-29T23:19:58.000Z</time>
        <extensions>
          <ns3:TrackPointExtension>
            <ns3:hr>129</ns3:hr>
            <ns3:cad>81</ns3:cad>
          </ns3:TrackPointExtension>
        </extensions>
      </trkpt>
      <trkpt lat="23.04981529712677001953125" lon="113.31954603083431720733642578125">
        <ele>5.400000095367431640625</ele>
        <time>2026-07-29T23:19:59.000Z</time>
        <extensions>
          <ns3:TrackPointExtension>
            <ns3:hr>130</ns3:hr>
            <ns3:cad>82</ns3:cad>
          </ns3:TrackPointExtension>
        </extensions>
      </trkpt>
      <trkpt lat="23.049819655716419219970703125" lon="113.31952172331511974334716796875">
        <ele>5.400000095367431640625</ele>
        <time>2026-07-29T23:20:00.000Z</time>
        <extensions>
          <ns3:TrackPointExtension>
            <ns3:hr>130</ns3:hr>
            <ns3:cad>82</ns3:cad>
          </ns3:TrackPointExtension>
        </extensions>
      </trkpt>
      <trkpt lat="23.049820996820926666259765625" lon="113.31950076855719089508056640625">
        <ele>5.400000095367431640625</ele>
        <time>2026-07-29T23:20:01.000Z</time>
        <extensions>
          <ns3:TrackPointExtension>
            <ns3:hr>130</ns3:hr>
            <ns3:cad>82</ns3:cad>
          </ns3:TrackPointExtension>
        </extensions>
      </trkpt>
      <trkpt lat="23.04982669651508331298828125" lon="113.3194780535995960235595703125">
        <ele>5.400000095367431640625</ele>
        <time>2026-07-29T23:20:02.000Z</time>
        <extensions>
          <ns3:TrackPointExtension>
            <ns3:hr>131</ns3:hr>
            <ns3:cad>82</ns3:cad>
          </ns3:TrackPointExtension>
        </extensions>
      </trkpt>
      <trkpt lat="23.04982208646833896636962890625" lon="113.31945936195552349090576171875">
        <ele>5.400000095367431640625</ele>
        <time>2026-07-29T23:20:03.000Z</time>
        <extensions>
          <ns3:TrackPointExtension>
            <ns3:hr>131</ns3:hr>
            <ns3:cad>82</ns3:cad>
          </ns3:TrackPointExtension>
        </extensions>
      </trkpt>
      <trkpt lat="23.049831390380859375" lon="113.31943589262664318084716796875">
        <ele>5.400000095367431640625</ele>
        <time>2026-07-29T23:20:04.000Z</time>
        <extensions>
          <ns3:TrackPointExtension>
            <ns3:hr>130</ns3:hr>
            <ns3:cad>82</ns3:cad>
          </ns3:TrackPointExtension>
        </extensions>
      </trkpt>
      <trkpt lat="23.04983465932309627532958984375" lon="113.3194188773632049560546875">
        <ele>5.400000095367431640625</ele>
        <time>2026-07-29T23:20:05.000Z</time>
        <extensions>
          <ns3:TrackPointExtension>
            <ns3:hr>130</ns3:hr>
            <ns3:cad>82</ns3:cad>
          </ns3:TrackPointExtension>
        </extensions>
      </trkpt>
      <trkpt lat="23.04983532987534999847412109375" lon="113.31940018571913242340087890625">
        <ele>5.400000095367431640625</ele>
        <time>2026-07-29T23:20:06.000Z</time>
        <extensions>
          <ns3:TrackPointExtension>
            <ns3:hr>130</ns3:hr>
            <ns3:cad>82</ns3:cad>
          </ns3:TrackPointExtension>
        </extensions>
      </trkpt>
      <trkpt lat="23.04983935318887233734130859375" lon="113.3193737827241420745849609375">
        <ele>5.400000095367431640625</ele>
        <time>2026-07-29T23:20:07.000Z</time>
        <extensions>
          <ns3:TrackPointExtension>
            <ns3:hr>130</ns3:hr>
            <ns3:cad>83</ns3:cad>
          </ns3:TrackPointExtension>
        </extensions>
      </trkpt>
      <trkpt lat="23.0498379282653331756591796875" lon="113.31935794092714786529541015625">
        <ele>5.400000095367431640625</ele>
        <time>2026-07-29T23:20:08.000Z</time>
        <extensions>
          <ns3:TrackPointExtension>
            <ns3:hr>130</ns3:hr>
            <ns3:cad>83</ns3:cad>
          </ns3:TrackPointExtension>
        </extensions>
      </trkpt>
      <trkpt lat="23.04983801208436489105224609375" lon="113.3193342201411724090576171875">
        <ele>5.400000095367431640625</ele>
        <time>2026-07-29T23:20:09.000Z</time>
        <extensions>
          <ns3:TrackPointExtension>
            <ns3:hr>130</ns3:hr>
            <ns3:cad>83</ns3:cad>
          </ns3:TrackPointExtension>
        </extensions>
      </trkpt>
      <trkpt lat="23.049845136702060699462890625" lon="113.31931234337389469146728515625">
        <ele>5.400000095367431640625</ele>
        <time>2026-07-29T23:20:10.000Z</time>
        <extensions>
          <ns3:TrackPointExtension>
            <ns3:hr>130</ns3:hr>
            <ns3:cad>82</ns3:cad>
          </ns3:TrackPointExtension>
        </extensions>
      </trkpt>
      <trkpt lat="23.0498396046459674835205078125" lon="113.31929021514952182769775390625">
        <ele>5.400000095367431640625</ele>
        <time>2026-07-29T23:20:11.000Z</time>
        <extensions>
          <ns3:TrackPointExtension>
            <ns3:hr>130</ns3:hr>
            <ns3:cad>82</ns3:cad>
          </ns3:TrackPointExtension>
        </extensions>
      </trkpt>
      <trkpt lat="23.0498489923775196075439453125" lon="113.31926071085035800933837890625">
        <ele>5.400000095367431640625</ele>
        <time>2026-07-29T23:20:12.000Z</time>
        <extensions>
          <ns3:TrackPointExtension>
            <ns3:hr>131</ns3:hr>
            <ns3:cad>82</ns3:cad>
          </ns3:TrackPointExtension>
        </extensions>
      </trkpt>
      <trkpt lat="23.049859888851642608642578125" lon="113.31923707388341426849365234375">
        <ele>5.400000095367431640625</ele>
        <time>2026-07-29T23:20:13.000Z</time>
        <extensions>
          <ns3:TrackPointExtension>
            <ns3:hr>130</ns3:hr>
            <ns3:cad>82</ns3:cad>
          </ns3:TrackPointExtension>
        </extensions>
      </trkpt>
      <trkpt lat="23.04987003095448017120361328125" lon="113.31921829842031002044677734375">
        <ele>5.400000095367431640625</ele>
        <time>2026-07-29T23:20:14.000Z</time>
        <extensions>
          <ns3:TrackPointExtension>
            <ns3:hr>130</ns3:hr>
            <ns3:cad>83</ns3:cad>
          </ns3:TrackPointExtension>
        </extensions>
      </trkpt>
      <trkpt lat="23.0498756468296051025390625" lon="113.31919080577790737152099609375">
        <ele>5.400000095367431640625</ele>
        <time>2026-07-29T23:20:15.000Z</time>
        <extensions>
          <ns3:TrackPointExtension>
            <ns3:hr>129</ns3:hr>
            <ns3:cad>83</ns3:cad>
          </ns3:TrackPointExtension>
        </extensions>
      </trkpt>
      <trkpt lat="23.04986868984997272491455078125" lon="113.31917538307607173919677734375">
        <ele>5.400000095367431640625</ele>
        <time>2026-07-29T23:20:16.000Z</time>
        <extensions>
          <ns3:TrackPointExtension>
            <ns3:hr>129</ns3:hr>
            <ns3:cad>83</ns3:cad>
          </ns3:TrackPointExtension>
        </extensions>
      </trkpt>
      <trkpt lat="23.04987229406833648681640625" lon="113.31914604641497135162353515625">
        <ele>5.400000095367431640625</ele>
        <time>2026-07-29T23:20:17.000Z</time>
        <extensions>
          <ns3:TrackPointExtension>
            <ns3:hr>129</ns3:hr>
            <ns3:cad>83</ns3:cad>
          </ns3:TrackPointExtension>
        </extensions>
      </trkpt>
      <trkpt lat="23.0498744733631610870361328125" lon="113.31912660039961338043212890625">
        <ele>5.400000095367431640625</ele>
        <time>2026-07-29T23:20:18.000Z</time>
        <extensions>
          <ns3:TrackPointExtension>
            <ns3:hr>129</ns3:hr>
            <ns3:cad>83</ns3:cad>
          </ns3:TrackPointExtension>
        </extensions>
      </trkpt>
      <trkpt lat="23.049872629344463348388671875" lon="113.319110088050365447998046875">
        <ele>5.400000095367431640625</ele>
        <time>2026-07-29T23:20:19.000Z</time>
        <extensions>
          <ns3:TrackPointExtension>
            <ns3:hr>129</ns3:hr>
            <ns3:cad>83</ns3:cad>
          </ns3:TrackPointExtension>
        </extensions>
      </trkpt>
      <trkpt lat="23.04987841285765171051025390625" lon="113.31908158957958221435546875">
        <ele>5.400000095367431640625</ele>
        <time>2026-07-29T23:20:20.000Z</time>
        <extensions>
          <ns3:TrackPointExtension>
            <ns3:hr>129</ns3:hr>
            <ns3:cad>82</ns3:cad>
          </ns3:TrackPointExtension>
        </extensions>
      </trkpt>
      <trkpt lat="23.0498808436095714569091796875" lon="113.31906616687774658203125">
        <ele>5.400000095367431640625</ele>
        <time>2026-07-29T23:20:21.000Z</time>
        <extensions>
          <ns3:TrackPointExtension>
            <ns3:hr>129</ns3:hr>
            <ns3:cad>82</ns3:cad>
          </ns3:TrackPointExtension>
        </extensions>
      </trkpt>
      <trkpt lat="23.04988696239888668060302734375" lon="113.31904470920562744140625">
        <ele>5.400000095367431640625</ele>
        <time>2026-07-29T23:20:22.000Z</time>
        <extensions>
          <ns3:TrackPointExtension>
            <ns3:hr>129</ns3:hr>
            <ns3:cad>83</ns3:cad>
          </ns3:TrackPointExtension>
        </extensions>
      </trkpt>
      <trkpt lat="23.04989517666399478912353515625" lon="113.3190210722386837005615234375">
        <ele>5.400000095367431640625</ele>
        <time>2026-07-29T23:20:23.000Z</time>
        <extensions>
          <ns3:TrackPointExtension>
            <ns3:hr>129</ns3:hr>
            <ns3:cad>83</ns3:cad>
          </ns3:TrackPointExtension>
        </extensions>
      </trkpt>
      <trkpt lat="23.049888722598552703857421875" lon="113.31900606863200664520263671875">
        <ele>5.400000095367431640625</ele>
        <time>2026-07-29T23:20:24.000Z</time>
        <extensions>
          <ns3:TrackPointExtension>
            <ns3:hr>130</ns3:hr>
            <ns3:cad>83</ns3:cad>
          </ns3:TrackPointExtension>
        </extensions>
      </trkpt>
      <trkpt lat="23.04989651776850223541259765625" lon="113.31897505559027194976806640625">
        <ele>5.400000095367431640625</ele>
        <time>2026-07-29T23:20:25.000Z</time>
        <extensions>
          <ns3:TrackPointExtension>
            <ns3:hr>130</ns3:hr>
            <ns3:cad>82</ns3:cad>
          </ns3:TrackPointExtension>
        </extensions>
      </trkpt>
      <trkpt lat="23.04990439675748348236083984375" lon="113.31896030344069004058837890625">
        <ele>5.400000095367431640625</ele>
        <time>2026-07-29T23:20:26.000Z</time>
        <extensions>
          <ns3:TrackPointExtension>
            <ns3:hr>130</ns3:hr>
            <ns3:cad>82</ns3:cad>
          </ns3:TrackPointExtension>
        </extensions>
      </trkpt>
      <trkpt lat="23.04990707896649837493896484375" lon="113.31894085742533206939697265625">
        <ele>5.400000095367431640625</ele>
        <time>2026-07-29T23:20:27.000Z</time>
        <extensions>
          <ns3:TrackPointExtension>
            <ns3:hr>131</ns3:hr>
            <ns3:cad>82</ns3:cad>
          </ns3:TrackPointExtension>
        </extensions>
      </trkpt>
      <trkpt lat="23.04991546086966991424560546875" lon="113.318913280963897705078125">
        <ele>5.400000095367431640625</ele>
        <time>2026-07-29T23:20:28.000Z</time>
        <extensions>
          <ns3:TrackPointExtension>
            <ns3:hr>131</ns3:hr>
            <ns3:cad>82</ns3:cad>
          </ns3:TrackPointExtension>
        </extensions>
      </trkpt>
      <trkpt lat="23.049914874136447906494140625" lon="113.3188966847956180572509765625">
        <ele>5.400000095367431640625</ele>
        <time>2026-07-29T23:20:29.000Z</time>
        <extensions>
          <ns3:TrackPointExtension>
            <ns3:hr>132</ns3:hr>
            <ns3:cad>82</ns3:cad>
          </ns3:TrackPointExtension>
        </extensions>
      </trkpt>
      <trkpt lat="23.0499160476028919219970703125" lon="113.31887396983802318572998046875">
        <ele>5.400000095367431640625</ele>
        <time>2026-07-29T23:20:30.000Z</time>
        <extensions>
          <ns3:TrackPointExtension>
            <ns3:hr>133</ns3:hr>
            <ns3:cad>82</ns3:cad>
          </ns3:TrackPointExtension>
        </extensions>
      </trkpt>
      <trkpt lat="23.04992367513477802276611328125" lon="113.3188475668430328369140625">
        <ele>5.400000095367431640625</ele>
        <time>2026-07-29T23:20:31.000Z</time>
        <extensions>
          <ns3:TrackPointExtension>
            <ns3:hr>134</ns3:hr>
            <ns3:cad>82</ns3:cad>
          </ns3:TrackPointExtension>
        </extensions>
      </trkpt>
      <trkpt lat="23.04992082528769969940185546875" lon="113.31883013248443603515625">
        <ele>5.400000095367431640625</ele>
        <time>2026-07-29T23:20:32.000Z</time>
        <extensions>
          <ns3:TrackPointExtension>
            <ns3:hr>135</ns3:hr>
            <ns3:cad>82</ns3:cad>
          </ns3:TrackPointExtension>
        </extensions>
      </trkpt>
      <trkpt lat="23.04992686025798320770263671875" lon="113.3188078366219997406005859375">
        <ele>5.400000095367431640625</ele>
        <time>2026-07-29T23:20:33.000Z</time>
        <extensions>
          <ns3:TrackPointExtension>
            <ns3:hr>136</ns3:hr>
            <ns3:cad>82</ns3:cad>
          </ns3:TrackPointExtension>
        </extensions>
      </trkpt>
      <trkpt lat="23.0499321408569812774658203125" lon="113.31878813914954662322998046875">
        <ele>5.400000095367431640625</ele>
        <time>2026-07-29T23:20:34.000Z</time>
        <extensions>
          <ns3:TrackPointExtension>
            <ns3:hr>136</ns3:hr>
            <ns3:cad>82</ns3:cad>
          </ns3:TrackPointExtension>
        </extensions>
      </trkpt>
      <trkpt lat="23.04993004538118839263916015625" lon="113.318770118057727813720703125">
        <ele>5.400000095367431640625</ele>
        <time>2026-07-29T23:20:35.000Z</time>
        <extensions>
          <ns3:TrackPointExtension>
            <ns3:hr>136</ns3:hr>
            <ns3:cad>82</ns3:cad>
          </ns3:TrackPointExtension>
        </extensions>
      </trkpt>
      <trkpt lat="23.0499398522078990936279296875" lon="113.31874321214854717254638671875">
        <ele>5.599999904632568359375</ele>
        <time>2026-07-29T23:20:36.000Z</time>
        <extensions>
          <ns3:TrackPointExtension>
            <ns3:hr>136</ns3:hr>
            <ns3:cad>82</ns3:cad>
          </ns3:TrackPointExtension>
        </extensions>
      </trkpt>
      <trkpt lat="23.04994412697851657867431640625" lon="113.31872611306607723236083984375">
        <ele>5.599999904632568359375</ele>
        <time>2026-07-29T23:20:37.000Z</time>
        <extensions>
          <ns3:TrackPointExtension>
            <ns3:hr>136</ns3:hr>
            <ns3:cad>82</ns3:cad>
          </ns3:TrackPointExtension>
        </extensions>
      </trkpt>
      <trkpt lat="23.0499462224543094635009765625" lon="113.31870448775589466094970703125">
        <ele>5.599999904632568359375</ele>
        <time>2026-07-29T23:20:38.000Z</time>
        <extensions>
          <ns3:TrackPointExtension>
            <ns3:hr>136</ns3:hr>
            <ns3:cad>82</ns3:cad>
          </ns3:TrackPointExtension>
        </extensions>
      </trkpt>
      <trkpt lat="23.04995418526232242584228515625" lon="113.31868470646440982818603515625">
        <ele>5.400000095367431640625</ele>
        <time>2026-07-29T23:20:39.000Z</time>
        <extensions>
          <ns3:TrackPointExtension>
            <ns3:hr>135</ns3:hr>
            <ns3:cad>82</ns3:cad>
          </ns3:TrackPointExtension>
        </extensions>
      </trkpt>
      <trkpt lat="23.0499507486820220947265625" lon="113.31867062486708164215087890625">
        <ele>5.400000095367431640625</ele>
        <time>2026-07-29T23:20:40.000Z</time>
        <extensions>
          <ns3:TrackPointExtension>
            <ns3:hr>135</ns3:hr>
            <ns3:cad>82</ns3:cad>
          </ns3:TrackPointExtension>
        </extensions>
      </trkpt>
      <trkpt lat="23.0499562807381153106689453125" lon="113.3186458982527256011962890625">
        <ele>5.400000095367431640625</ele>
        <time>2026-07-29T23:20:41.000Z</time>
        <extensions>
          <ns3:TrackPointExtension>
            <ns3:hr>135</ns3:hr>
            <ns3:cad>81</ns3:cad>
          </ns3:TrackPointExtension>
        </extensions>
      </trkpt>
      <trkpt lat="23.04996105842292308807373046875" lon="113.3186247758567333221435546875">
        <ele>5.400000095367431640625</ele>
        <time>2026-07-29T23:20:42.000Z</time>
        <extensions>
          <ns3:TrackPointExtension>
            <ns3:hr>134</ns3:hr>
            <ns3:cad>81</ns3:cad>
          </ns3:TrackPointExtension>
        </extensions>
      </trkpt>
      <trkpt lat="23.04995435290038585662841796875" lon="113.31860457547008991241455078125">
        <ele>5.400000095367431640625</ele>
        <time>2026-07-29T23:20:43.000Z</time>
        <extensions>
          <ns3:TrackPointExtension>
            <ns3:hr>134</ns3:hr>
            <ns3:cad>81</ns3:cad>
          </ns3:TrackPointExtension>
        </extensions>
      </trkpt>
      <trkpt lat="23.04996483027935028076171875" lon="113.3185780048370361328125">
        <ele>5.400000095367431640625</ele>
        <time>2026-07-29T23:20:44.000Z</time>
        <extensions>
          <ns3:TrackPointExtension>
            <ns3:hr>134</ns3:hr>
            <ns3:cad>82</ns3:cad>
          </ns3:TrackPointExtension>
        </extensions>
      </trkpt>
      <trkpt lat="23.049969859421253204345703125" lon="113.31855847500264644622802734375">
        <ele>5.400000095367431640625</ele>
        <time>2026-07-29T23:20:45.000Z</time>
        <extensions>
          <ns3:TrackPointExtension>
            <ns3:hr>134</ns3:hr>
            <ns3:cad>82</ns3:cad>
          </ns3:TrackPointExtension>
        </extensions>
      </trkpt>
      <trkpt lat="23.04996860213577747344970703125" lon="113.31853978335857391357421875">
        <ele>5.400000095367431640625</ele>
        <time>2026-07-29T23:20:46.000Z</time>
        <extensions>
          <ns3:TrackPointExtension>
            <ns3:hr>134</ns3:hr>
            <ns3:cad>82</ns3:cad>
          </ns3:TrackPointExtension>
        </extensions>
      </trkpt>
      <trkpt lat="23.04997463710606098175048828125" lon="113.3185148052871227264404296875">
        <ele>5.400000095367431640625</ele>
        <time>2026-07-29T23:20:47.000Z</time>
        <extensions>
          <ns3:TrackPointExtension>
            <ns3:hr>134</ns3:hr>
            <ns3:cad>82</ns3:cad>
          </ns3:TrackPointExtension>
        </extensions>
      </trkpt>
      <trkpt lat="23.04997815750539302825927734375" lon="113.31849812529981136322021484375">
        <ele>5.400000095367431640625</ele>
        <time>2026-07-29T23:20:48.000Z</time>
        <extensions>
          <ns3:TrackPointExtension>
            <ns3:hr>134</ns3:hr>
            <ns3:cad>82</ns3:cad>
          </ns3:TrackPointExtension>
        </extensions>
      </trkpt>
      <trkpt lat="23.049984276294708251953125" lon="113.3184782601892948150634765625">
        <ele>5.400000095367431640625</ele>
        <time>2026-07-29T23:20:49.000Z</time>
        <extensions>
          <ns3:TrackPointExtension>
            <ns3:hr>134</ns3:hr>
            <ns3:cad>82</ns3:cad>
          </ns3:TrackPointExtension>
        </extensions>
      </trkpt>
      <trkpt lat="23.04998897016048431396484375" lon="113.31845789216458797454833984375">
        <ele>5.400000095367431640625</ele>
        <time>2026-07-29T23:20:50.000Z</time>
        <extensions>
          <ns3:TrackPointExtension>
            <ns3:hr>134</ns3:hr>
            <ns3:cad>82</ns3:cad>
          </ns3:TrackPointExtension>
        </extensions>
      </trkpt>
      <trkpt lat="23.049983941018581390380859375" lon="113.318440876901149749755859375">
        <ele>5.400000095367431640625</ele>
        <time>2026-07-29T23:20:51.000Z</time>
        <extensions>
          <ns3:TrackPointExtension>
            <ns3:hr>134</ns3:hr>
            <ns3:cad>82</ns3:cad>
          </ns3:TrackPointExtension>
        </extensions>
      </trkpt>
      <trkpt lat="23.04999299347400665283203125" lon="113.3184172399342060089111328125">
        <ele>5.400000095367431640625</ele>
        <time>2026-07-29T23:20:52.000Z</time>
        <extensions>
          <ns3:TrackPointExtension>
            <ns3:hr>133</ns3:hr>
            <ns3:cad>82</ns3:cad>
          </ns3:TrackPointExtension>
        </extensions>
      </trkpt>
      <trkpt lat="23.04999810643494129180908203125" lon="113.31839469261467456817626953125">
        <ele>5.599999904632568359375</ele>
        <time>2026-07-29T23:20:53.000Z</time>
        <extensions>
          <ns3:TrackPointExtension>
            <ns3:hr>133</ns3:hr>
            <ns3:cad>82</ns3:cad>
          </ns3:TrackPointExtension>
        </extensions>
      </trkpt>
      <trkpt lat="23.04999927990138530731201171875" lon="113.31837424077093601226806640625">
        <ele>5.599999904632568359375</ele>
        <time>2026-07-29T23:20:54.000Z</time>
        <extensions>
          <ns3:TrackPointExtension>
            <ns3:hr>133</ns3:hr>
            <ns3:cad>82</ns3:cad>
          </ns3:TrackPointExtension>
        </extensions>
      </trkpt>
      <trkpt lat="23.050006739795207977294921875" lon="113.318346329033374786376953125">
        <ele>5.599999904632568359375</ele>
        <time>2026-07-29T23:20:55.000Z</time>
        <extensions>
          <ns3:TrackPointExtension>
            <ns3:hr>133</ns3:hr>
            <ns3:cad>82</ns3:cad>
          </ns3:TrackPointExtension>
        </extensions>
      </trkpt>
      <trkpt lat="23.0500085838139057159423828125" lon="113.31832864321768283843994140625">
        <ele>5.599999904632568359375</ele>
        <time>2026-07-29T23:20:56.000Z</time>
        <extensions>
          <ns3:TrackPointExtension>
            <ns3:hr>134</ns3:hr>
            <ns3:cad>82</ns3:cad>
          </ns3:TrackPointExtension>
        </extensions>
      </trkpt>
      <trkpt lat="23.05001453496515750885009765625" lon="113.31831171177327632904052734375">
        <ele>5.400000095367431640625</ele>
        <time>2026-07-29T23:20:57.000Z</time>
        <extensions>
          <ns3:TrackPointExtension>
            <ns3:hr>133</ns3:hr>
            <ns3:cad>82</ns3:cad>
          </ns3:TrackPointExtension>
        </extensions>
      </trkpt>
      <trkpt lat="23.05002157576382160186767578125" lon="113.31828824244439601898193359375">
        <ele>5.400000095367431640625</ele>
        <time>2026-07-29T23:20:58.000Z</time>
        <extensions>
          <ns3:TrackPointExtension>
            <ns3:hr>133</ns3:hr>
            <ns3:cad>82</ns3:cad>
          </ns3:TrackPointExtension>
        </extensions>
      </trkpt>
      <trkpt lat="23.0500196479260921478271484375" lon="113.3182730711996555328369140625">
        <ele>5.400000095367431640625</ele>
        <time>2026-07-29T23:20:59.000Z</time>
        <extensions>
          <ns3:TrackPointExtension>
            <ns3:hr>134</ns3:hr>
            <ns3:cad>83</ns3:cad>
          </ns3:TrackPointExtension>
        </extensions>
      </trkpt>
      <trkpt lat="23.050027191638946533203125" lon="113.31824448890984058380126953125">
        <ele>5.400000095367431640625</ele>
        <time>2026-07-29T23:21:00.000Z</time>
        <extensions>
          <ns3:TrackPointExtension>
            <ns3:hr>133</ns3:hr>
            <ns3:cad>83</ns3:cad>
          </ns3:TrackPointExtension>
        </extensions>
      </trkpt>
      <trkpt lat="23.0500327236950397491455078125" lon="113.318225629627704620361328125">
        <ele>5.400000095367431640625</ele>
        <time>2026-07-29T23:21:01.000Z</time>
        <extensions>
          <ns3:TrackPointExtension>
            <ns3:hr>134</ns3:hr>
            <ns3:cad>82</ns3:cad>
          </ns3:TrackPointExtension>
        </extensions>
      </trkpt>
      <trkpt lat="23.0500330589711666107177734375" lon="113.3182056806981563568115234375">
        <ele>5.400000095367431640625</ele>
        <time>2026-07-29T23:21:02.000Z</time>
        <extensions>
          <ns3:TrackPointExtension>
            <ns3:hr>134</ns3:hr>
            <ns3:cad>82</ns3:cad>
          </ns3:TrackPointExtension>
        </extensions>
      </trkpt>
      <trkpt lat="23.0500411055982112884521484375" lon="113.318179361522197723388671875">
        <ele>5.400000095367431640625</ele>
        <time>2026-07-29T23:21:03.000Z</time>
        <extensions>
          <ns3:TrackPointExtension>
            <ns3:hr>134</ns3:hr>
            <ns3:cad>82</ns3:cad>
          </ns3:TrackPointExtension>
        </extensions>
      </trkpt>
      <trkpt lat="23.05003649555146694183349609375" lon="113.31816284917294979095458984375">
        <ele>5.400000095367431640625</ele>
        <time>2026-07-29T23:21:04.000Z</time>
        <extensions>
          <ns3:TrackPointExtension>
            <ns3:hr>133</ns3:hr>
            <ns3:cad>82</ns3:cad>
          </ns3:TrackPointExtension>
        </extensions>
      </trkpt>
      <trkpt lat="23.0500446259975433349609375" lon="113.3181379549205303192138671875">
        <ele>5.400000095367431640625</ele>
        <time>2026-07-29T23:21:05.000Z</time>
        <extensions>
          <ns3:TrackPointExtension>
            <ns3:hr>134</ns3:hr>
            <ns3:cad>82</ns3:cad>
          </ns3:TrackPointExtension>
        </extensions>
      </trkpt>
      <trkpt lat="23.05005074478685855865478515625" lon="113.3181185089051723480224609375">
        <ele>5.400000095367431640625</ele>
        <time>2026-07-29T23:21:06.000Z</time>
        <extensions>
          <ns3:TrackPointExtension>
            <ns3:hr>134</ns3:hr>
            <ns3:cad>82</ns3:cad>
          </ns3:TrackPointExtension>
        </extensions>
      </trkpt>
      <trkpt lat="23.0500461347401142120361328125" lon="113.3181017450988292694091796875">
        <ele>5.599999904632568359375</ele>
        <time>2026-07-29T23:21:07.000Z</time>
        <extensions>
          <ns3:TrackPointExtension>
            <ns3:hr>133</ns3:hr>
            <ns3:cad>82</ns3:cad>
          </ns3:TrackPointExtension>
        </extensions>
      </trkpt>
      <trkpt lat="23.05005066096782684326171875" lon="113.3180724084377288818359375">
        <ele>5.599999904632568359375</ele>
        <time>2026-07-29T23:21:08.000Z</time>
        <extensions>
          <ns3:TrackPointExtension>
            <ns3:hr>134</ns3:hr>
            <ns3:cad>82</ns3:cad>
          </ns3:TrackPointExtension>
        </extensions>
      </trkpt>
      <trkpt lat="23.0500494875013828277587890625" lon="113.31805723719298839569091796875">
        <ele>5.599999904632568359375</ele>
        <time>2026-07-29T23:21:09.000Z</time>
        <extensions>
          <ns3:TrackPointExtension>
            <ns3:hr>134</ns3:hr>
            <ns3:cad>82</ns3:cad>
          </ns3:TrackPointExtension>
        </extensions>
      </trkpt>
      <trkpt lat="23.0500468052923679351806640625" lon="113.3180427365005016326904296875">
        <ele>5.599999904632568359375</ele>
        <time>2026-07-29T23:21:10.000Z</time>
        <extensions>
          <ns3:TrackPointExtension>
            <ns3:hr>135</ns3:hr>
            <ns3:cad>83</ns3:cad>
          </ns3:TrackPointExtension>
        </extensions>
      </trkpt>
      <trkpt lat="23.05005191825330257415771484375" lon="113.3180145733058452606201171875">
        <ele>5.400000095367431640625</ele>
        <time>2026-07-29T23:21:11.000Z</time>
        <extensions>
          <ns3:TrackPointExtension>
            <ns3:hr>135</ns3:hr>
            <ns3:cad>83</ns3:cad>
          </ns3:TrackPointExtension>
        </extensions>
      </trkpt>
      <trkpt lat="23.05004596710205078125" lon="113.3179998211562633514404296875">
        <ele>5.400000095367431640625</ele>
        <time>2026-07-29T23:21:12.000Z</time>
        <extensions>
          <ns3:TrackPointExtension>
            <ns3:hr>135</ns3:hr>
            <ns3:cad>83</ns3:cad>
          </ns3:TrackPointExtension>
        </extensions>
      </trkpt>
      <trkpt lat="23.050046972930431365966796875" lon="113.31797358579933643341064453125">
        <ele>5.400000095367431640625</ele>
        <time>2026-07-29T23:21:13.000Z</time>
        <extensions>
          <ns3:TrackPointExtension>
            <ns3:hr>135</ns3:hr>
            <ns3:cad>82</ns3:cad>
          </ns3:TrackPointExtension>
        </extensions>
      </trkpt>
      <trkpt lat="23.0500499904155731201171875" lon="113.3179518766701221466064453125">
        <ele>5.400000095367431640625</ele>
        <time>2026-07-29T23:21:14.000Z</time>
        <extensions>
          <ns3:TrackPointExtension>
            <ns3:hr>135</ns3:hr>
            <ns3:cad>82</ns3:cad>
          </ns3:TrackPointExtension>
        </extensions>
      </trkpt>
      <trkpt lat="23.0500397644937038421630859375" lon="113.3179337717592716217041015625">
        <ele>5.599999904632568359375</ele>
        <time>2026-07-29T23:21:15.000Z</time>
        <extensions>
          <ns3:TrackPointExtension>
            <ns3:hr>135</ns3:hr>
            <ns3:cad>82</ns3:cad>
          </ns3:TrackPointExtension>
        </extensions>
      </trkpt>
      <trkpt lat="23.05004202760756015777587890625" lon="113.317905105650424957275390625">
        <ele>5.599999904632568359375</ele>
        <time>2026-07-29T23:21:16.000Z</time>
        <extensions>
          <ns3:TrackPointExtension>
            <ns3:hr>135</ns3:hr>
            <ns3:cad>82</ns3:cad>
          </ns3:TrackPointExtension>
        </extensions>
      </trkpt>
      <trkpt lat="23.05003867484629154205322265625" lon="113.31788741983473300933837890625">
        <ele>5.400000095367431640625</ele>
        <time>2026-07-29T23:21:17.000Z</time>
        <extensions>
          <ns3:TrackPointExtension>
            <ns3:hr>135</ns3:hr>
            <ns3:cad>82</ns3:cad>
          </ns3:TrackPointExtension>
        </extensions>
      </trkpt>
      <trkpt lat="23.050040267407894134521484375" lon="113.31786847673356533050537109375">
        <ele>5.400000095367431640625</ele>
        <time>2026-07-29T23:21:18.000Z</time>
        <extensions>
          <ns3:TrackPointExtension>
            <ns3:hr>135</ns3:hr>
            <ns3:cad>82</ns3:cad>
          </ns3:TrackPointExtension>
        </extensions>
      </trkpt>
      <trkpt lat="23.0500454641878604888916015625" lon="113.31784375011920928955078125">
        <ele>5.400000095367431640625</ele>
        <time>2026-07-29T23:21:19.000Z</time>
        <extensions>
          <ns3:TrackPointExtension>
            <ns3:hr>135</ns3:hr>
            <ns3:cad>82</ns3:cad>
          </ns3:TrackPointExtension>
        </extensions>
      </trkpt>
      <trkpt lat="23.05003867484629154205322265625" lon="113.31782774068415164947509765625">
        <ele>5.19999980926513671875</ele>
        <time>2026-07-29T23:21:20.000Z</time>
        <extensions>
          <ns3:TrackPointExtension>
            <ns3:hr>135</ns3:hr>
            <ns3:cad>82</ns3:cad>
          </ns3:TrackPointExtension>
        </extensions>
      </trkpt>
      <trkpt lat="23.05004269815981388092041015625" lon="113.3178030140697956085205078125">
        <ele>5.19999980926513671875</ele>
        <time>2026-07-29T23:21:21.000Z</time>
        <extensions>
          <ns3:TrackPointExtension>
            <ns3:hr>135</ns3:hr>
            <ns3:cad>83</ns3:cad>
          </ns3:TrackPointExtension>
        </extensions>
      </trkpt>
      <trkpt lat="23.05004839785397052764892578125" lon="113.31778013147413730621337890625">
        <ele>5.400000095367431640625</ele>
        <time>2026-07-29T23:21:22.000Z</time>
        <extensions>
          <ns3:TrackPointExtension>
            <ns3:hr>135</ns3:hr>
            <ns3:cad>83</ns3:cad>
          </ns3:TrackPointExtension>
        </extensions>
      </trkpt>
      <trkpt lat="23.05004688911139965057373046875" lon="113.31776252947747707366943359375">
        <ele>5.400000095367431640625</ele>
        <time>2026-07-29T23:21:23.000Z</time>
        <extensions>
          <ns3:TrackPointExtension>
            <ns3:hr>135</ns3:hr>
            <ns3:cad>82</ns3:cad>
          </ns3:TrackPointExtension>
        </extensions>
      </trkpt>
      <trkpt lat="23.05005066096782684326171875" lon="113.3177316002547740936279296875">
        <ele>5.400000095367431640625</ele>
        <time>2026-07-29T23:21:24.000Z</time>
        <extensions>
          <ns3:TrackPointExtension>
            <ns3:hr>134</ns3:hr>
            <ns3:cad>82</ns3:cad>
          </ns3:TrackPointExtension>
        </extensions>
      </trkpt>
      <trkpt lat="23.05005325935781002044677734375" lon="113.3177175186574459075927734375">
        <ele>5.400000095367431640625</ele>
        <time>2026-07-29T23:21:25.000Z</time>
        <extensions>
          <ns3:TrackPointExtension>
            <ns3:hr>134</ns3:hr>
            <ns3:cad>81</ns3:cad>
          </ns3:TrackPointExtension>
        </extensions>
      </trkpt>
      <trkpt lat="23.0500525049865245819091796875" lon="113.31770167686045169830322265625">
        <ele>5.400000095367431640625</ele>
        <time>2026-07-29T23:21:26.000Z</time>
        <extensions>
          <ns3:TrackPointExtension>
            <ns3:hr>134</ns3:hr>
            <ns3:cad>81</ns3:cad>
          </ns3:TrackPointExtension>
        </extensions>
      </trkpt>
      <trkpt lat="23.05005242116749286651611328125" lon="113.317676447331905364990234375">
        <ele>5.400000095367431640625</ele>
        <time>2026-07-29T23:21:27.000Z</time>
        <extensions>
          <ns3:TrackPointExtension>
            <ns3:hr>134</ns3:hr>
            <ns3:cad>81</ns3:cad>
          </ns3:TrackPointExtension>
        </extensions>
      </trkpt>
      <trkpt lat="23.05004663765430450439453125" lon="113.31766194663941860198974609375">
        <ele>5.400000095367431640625</ele>
        <time>2026-07-29T23:21:28.000Z</time>
        <extensions>
          <ns3:TrackPointExtension>
            <ns3:hr>133</ns3:hr>
            <ns3:cad>81</ns3:cad>
          </ns3:TrackPointExtension>
        </extensions>
      </trkpt>
      <trkpt lat="23.050046972930431365966796875" lon="113.31763696856796741485595703125">
        <ele>5.400000095367431640625</ele>
        <time>2026-07-29T23:21:29.000Z</time>
        <extensions>
          <ns3:TrackPointExtension>
            <ns3:hr>133</ns3:hr>
            <ns3:cad>81</ns3:cad>
          </ns3:TrackPointExtension>
        </extensions>
      </trkpt>
      <trkpt lat="23.05004990659654140472412109375" lon="113.3176162652671337127685546875">
        <ele>5.400000095367431640625</ele>
        <time>2026-07-29T23:21:30.000Z</time>
        <extensions>
          <ns3:TrackPointExtension>
            <ns3:hr>134</ns3:hr>
            <ns3:cad>82</ns3:cad>
          </ns3:TrackPointExtension>
        </extensions>
      </trkpt>
      <trkpt lat="23.050044290721416473388671875" lon="113.317604698240756988525390625">
        <ele>5.400000095367431640625</ele>
        <time>2026-07-29T23:21:31.000Z</time>
        <extensions>
          <ns3:TrackPointExtension>
            <ns3:hr>134</ns3:hr>
            <ns3:cad>82</ns3:cad>
          </ns3:TrackPointExtension>
        </extensions>
      </trkpt>
      <trkpt lat="23.05005124770104885101318359375" lon="113.31758114509284496307373046875">
        <ele>5.400000095367431640625</ele>
        <time>2026-07-29T23:21:32.000Z</time>
        <extensions>
          <ns3:TrackPointExtension>
            <ns3:hr>133</ns3:hr>
            <ns3:cad>82</ns3:cad>
          </ns3:TrackPointExtension>
        </extensions>
      </trkpt>
      <trkpt lat="23.05005426518619060516357421875" lon="113.317565135657787322998046875">
        <ele>5.400000095367431640625</ele>
        <time>2026-07-29T23:21:33.000Z</time>
        <extensions>
          <ns3:TrackPointExtension>
            <ns3:hr>134</ns3:hr>
            <ns3:cad>82</ns3:cad>
          </ns3:TrackPointExtension>
        </extensions>
      </trkpt>
      <trkpt lat="23.0500473082065582275390625" lon="113.31754870712757110595703125">
        <ele>5.400000095367431640625</ele>
        <time>2026-07-29T23:21:34.000Z</time>
        <extensions>
          <ns3:TrackPointExtension>
            <ns3:hr>134</ns3:hr>
            <ns3:cad>83</ns3:cad>
          </ns3:TrackPointExtension>
        </extensions>
      </trkpt>
      <trkpt lat="23.0500474758446216583251953125" lon="113.31752079539000988006591796875">
        <ele>5.400000095367431640625</ele>
        <time>2026-07-29T23:21:35.000Z</time>
        <extensions>
          <ns3:TrackPointExtension>
            <ns3:hr>134</ns3:hr>
            <ns3:cad>82</ns3:cad>
          </ns3:TrackPointExtension>
        </extensions>
      </trkpt>
      <trkpt lat="23.05004923604428768157958984375" lon="113.31749774515628814697265625">
        <ele>5.400000095367431640625</ele>
        <time>2026-07-29T23:21:36.000Z</time>
        <extensions>
          <ns3:TrackPointExtension>
            <ns3:hr>134</ns3:hr>
            <ns3:cad>82</ns3:cad>
          </ns3:TrackPointExtension>
        </extensions>
      </trkpt>
      <trkpt lat="23.05004797875881195068359375" lon="113.31748056225478649139404296875">
        <ele>5.400000095367431640625</ele>
        <time>2026-07-29T23:21:37.000Z</time>
        <extensions>
          <ns3:TrackPointExtension>
            <ns3:hr>134</ns3:hr>
            <ns3:cad>81</ns3:cad>
          </ns3:TrackPointExtension>
        </extensions>
      </trkpt>
      <trkpt lat="23.0500484816730022430419921875" lon="113.3174543268978595733642578125">
        <ele>5.400000095367431640625</ele>
        <time>2026-07-29T23:21:38.000Z</time>
        <extensions>
          <ns3:TrackPointExtension>
            <ns3:hr>133</ns3:hr>
            <ns3:cad>81</ns3:cad>
          </ns3:TrackPointExtension>
        </extensions>
      </trkpt>
      <trkpt lat="23.0500397644937038421630859375" lon="113.3174395747482776641845703125">
        <ele>5.400000095367431640625</ele>
        <time>2026-07-29T23:21:39.000Z</time>
        <extensions>
          <ns3:TrackPointExtension>
            <ns3:hr>133</ns3:hr>
            <ns3:cad>81</ns3:cad>
          </ns3:TrackPointExtension>
        </extensions>
      </trkpt>
      <trkpt lat="23.050032220780849456787109375" lon="113.31740797497332096099853515625">
        <ele>5.400000095367431640625</ele>
        <time>2026-07-29T23:21:40.000Z</time>
        <extensions>
          <ns3:TrackPointExtension>
            <ns3:hr>133</ns3:hr>
            <ns3:cad>81</ns3:cad>
          </ns3:TrackPointExtension>
        </extensions>
      </trkpt>
      <trkpt lat="23.050032556056976318359375" lon="113.31738651730120182037353515625">
        <ele>5.400000095367431640625</ele>
        <time>2026-07-29T23:21:41.000Z</time>
        <extensions>
          <ns3:TrackPointExtension>
            <ns3:hr>134</ns3:hr>
            <ns3:cad>82</ns3:cad>
          </ns3:TrackPointExtension>
        </extensions>
      </trkpt>
      <trkpt lat="23.05003498680889606475830078125" lon="113.31737327389419078826904296875">
        <ele>5.19999980926513671875</ele>
        <time>2026-07-29T23:21:42.000Z</time>
        <extensions>
          <ns3:TrackPointExtension>
            <ns3:hr>133</ns3:hr>
            <ns3:cad>82</ns3:cad>
          </ns3:TrackPointExtension>
        </extensions>
      </trkpt>
      <trkpt lat="23.05003666318953037261962890625" lon="113.3173413388431072235107421875">
        <ele>5.19999980926513671875</ele>
        <time>2026-07-29T23:21:43.000Z</time>
        <extensions>
          <ns3:TrackPointExtension>
            <ns3:hr>133</ns3:hr>
            <ns3:cad>82</ns3:cad>
          </ns3:TrackPointExtension>
        </extensions>
      </trkpt>
      <trkpt lat="23.05003280751407146453857421875" lon="113.31732608377933502197265625">
        <ele>5.19999980926513671875</ele>
        <time>2026-07-29T23:21:44.000Z</time>
        <extensions>
          <ns3:TrackPointExtension>
            <ns3:hr>134</ns3:hr>
            <ns3:cad>82</ns3:cad>
          </ns3:TrackPointExtension>
        </extensions>
      </trkpt>
      <trkpt lat="23.05003548972308635711669921875" lon="113.31730118952691555023193359375">
        <ele>5.19999980926513671875</ele>
        <time>2026-07-29T23:21:45.000Z</time>
        <extensions>
          <ns3:TrackPointExtension>
            <ns3:hr>133</ns3:hr>
            <ns3:cad>82</ns3:cad>
          </ns3:TrackPointExtension>
        </extensions>
      </trkpt>
      <trkpt lat="23.0500400997698307037353515625" lon="113.317275457084178924560546875">
        <ele>5.19999980926513671875</ele>
        <time>2026-07-29T23:21:46.000Z</time>
        <extensions>
          <ns3:TrackPointExtension>
            <ns3:hr>133</ns3:hr>
            <ns3:cad>82</ns3:cad>
          </ns3:TrackPointExtension>
        </extensions>
      </trkpt>
      <trkpt lat="23.050034902989864349365234375" lon="113.31725592724978923797607421875">
        <ele>5.400000095367431640625</ele>
        <time>2026-07-29T23:21:47.000Z</time>
        <extensions>
          <ns3:TrackPointExtension>
            <ns3:hr>134</ns3:hr>
            <ns3:cad>83</ns3:cad>
          </ns3:TrackPointExtension>
        </extensions>
      </trkpt>
      <trkpt lat="23.050036244094371795654296875" lon="113.31722692586481571197509765625">
        <ele>5.400000095367431640625</ele>
        <time>2026-07-29T23:21:48.000Z</time>
        <extensions>
          <ns3:TrackPointExtension>
            <ns3:hr>133</ns3:hr>
            <ns3:cad>83</ns3:cad>
          </ns3:TrackPointExtension>
        </extensions>
      </trkpt>
      <trkpt lat="23.050036914646625518798828125" lon="113.31720949150621891021728515625">
        <ele>5.400000095367431640625</ele>
        <time>2026-07-29T23:21:49.000Z</time>
        <extensions>
          <ns3:TrackPointExtension>
            <ns3:hr>133</ns3:hr>
            <ns3:cad>82</ns3:cad>
          </ns3:TrackPointExtension>
        </extensions>
      </trkpt>
      <trkpt lat="23.05003297515213489532470703125" lon="113.31718954257667064666748046875">
        <ele>5.400000095367431640625</ele>
        <time>2026-07-29T23:21:50.000Z</time>
        <extensions>
          <ns3:TrackPointExtension>
            <ns3:hr>133</ns3:hr>
            <ns3:cad>82</ns3:cad>
          </ns3:TrackPointExtension>
        </extensions>
      </trkpt>
      <trkpt lat="23.05003859102725982666015625" lon="113.317164480686187744140625">
        <ele>5.400000095367431640625</ele>
        <time>2026-07-29T23:21:51.000Z</time>
        <extensions>
          <ns3:TrackPointExtension>
            <ns3:hr>132</ns3:hr>
            <ns3:cad>82</ns3:cad>
          </ns3:TrackPointExtension>
        </extensions>
      </trkpt>
      <trkpt lat="23.050043620169162750244140625" lon="113.31714226864278316497802734375">
        <ele>5.19999980926513671875</ele>
        <time>2026-07-29T23:21:52.000Z</time>
        <extensions>
          <ns3:TrackPointExtension>
            <ns3:hr>133</ns3:hr>
            <ns3:cad>82</ns3:cad>
          </ns3:TrackPointExtension>
        </extensions>
      </trkpt>
      <trkpt lat="23.05004219524562358856201171875" lon="113.31712114624679088592529296875">
        <ele>5.19999980926513671875</ele>
        <time>2026-07-29T23:21:53.000Z</time>
        <extensions>
          <ns3:TrackPointExtension>
            <ns3:hr>133</ns3:hr>
            <ns3:cad>82</ns3:cad>
          </ns3:TrackPointExtension>
        </extensions>
      </trkpt>
      <trkpt lat="23.0500377528369426727294921875" lon="113.317093066871166229248046875">
        <ele>5.19999980926513671875</ele>
        <time>2026-07-29T23:21:54.000Z</time>
        <extensions>
          <ns3:TrackPointExtension>
            <ns3:hr>132</ns3:hr>
            <ns3:cad>82</ns3:cad>
          </ns3:TrackPointExtension>
        </extensions>
      </trkpt>
      <trkpt lat="23.05002727545797824859619140625" lon="113.31707353703677654266357421875">
        <ele>5.400000095367431640625</ele>
        <time>2026-07-29T23:21:55.000Z</time>
        <extensions>
          <ns3:TrackPointExtension>
            <ns3:hr>132</ns3:hr>
            <ns3:cad>82</ns3:cad>
          </ns3:TrackPointExtension>
        </extensions>
      </trkpt>
      <trkpt lat="23.050014115869998931884765625" lon="113.31703715957701206207275390625">
        <ele>5.400000095367431640625</ele>
        <time>2026-07-29T23:21:56.000Z</time>
        <extensions>
          <ns3:TrackPointExtension>
            <ns3:hr>132</ns3:hr>
            <ns3:cad>82</ns3:cad>
          </ns3:TrackPointExtension>
        </extensions>
      </trkpt>
      <trkpt lat="23.05001101456582546234130859375" lon="113.3170177973806858062744140625">
        <ele>5.400000095367431640625</ele>
        <time>2026-07-29T23:21:57.000Z</time>
        <extensions>
          <ns3:TrackPointExtension>
            <ns3:hr>132</ns3:hr>
            <ns3:cad>82</ns3:cad>
          </ns3:TrackPointExtension>
        </extensions>
      </trkpt>
      <trkpt lat="23.05000280030071735382080078125" lon="113.31700555980205535888671875">
        <ele>5.400000095367431640625</ele>
        <time>2026-07-29T23:21:58.000Z</time>
        <extensions>
          <ns3:TrackPointExtension>
            <ns3:hr>132</ns3:hr>
            <ns3:cad>82</ns3:cad>
          </ns3:TrackPointExtension>
        </extensions>
      </trkpt>
      <trkpt lat="23.04998201318085193634033203125" lon="113.31697748042643070220947265625">
        <ele>5.400000095367431640625</ele>
        <time>2026-07-29T23:21:59.000Z</time>
        <extensions>
          <ns3:TrackPointExtension>
            <ns3:hr>132</ns3:hr>
            <ns3:cad>82</ns3:cad>
          </ns3:TrackPointExtension>
        </extensions>
      </trkpt>
      <trkpt lat="23.0499777384102344512939453125" lon="113.31696272827684879302978515625">
        <ele>5.19999980926513671875</ele>
        <time>2026-07-29T23:22:00.000Z</time>
        <extensions>
          <ns3:TrackPointExtension>
            <ns3:hr>132</ns3:hr>
            <ns3:cad>82</ns3:cad>
          </ns3:TrackPointExtension>
        </extensions>
      </trkpt>
      <trkpt lat="23.0499646626412868499755859375" lon="113.316944204270839691162109375">
        <ele>5.19999980926513671875</ele>
        <time>2026-07-29T23:22:01.000Z</time>
        <extensions>
          <ns3:TrackPointExtension>
            <ns3:hr>132</ns3:hr>
            <ns3:cad>83</ns3:cad>
          </ns3:TrackPointExtension>
        </extensions>
      </trkpt>
      <trkpt lat="23.0499492399394512176513671875" lon="113.31692618317902088165283203125">
        <ele>5.19999980926513671875</ele>
        <time>2026-07-29T23:22:02.000Z</time>
        <extensions>
          <ns3:TrackPointExtension>
            <ns3:hr>132</ns3:hr>
            <ns3:cad>83</ns3:cad>
          </ns3:TrackPointExtension>
        </extensions>
      </trkpt>
      <trkpt lat="23.04993960075080394744873046875" lon="113.31691914238035678863525390625">
        <ele>5.19999980926513671875</ele>
        <time>2026-07-29T23:22:03.000Z</time>
        <extensions>
          <ns3:TrackPointExtension>
            <ns3:hr>132</ns3:hr>
            <ns3:cad>83</ns3:cad>
          </ns3:TrackPointExtension>
        </extensions>
      </trkpt>
      <trkpt lat="23.04991277866065502166748046875" lon="113.316902630031108856201171875">
        <ele>5.19999980926513671875</ele>
        <time>2026-07-29T23:22:04.000Z</time>
        <extensions>
          <ns3:TrackPointExtension>
            <ns3:hr>132</ns3:hr>
            <ns3:cad>82</ns3:cad>
          </ns3:TrackPointExtension>
        </extensions>
      </trkpt>
      <trkpt lat="23.04989635013043880462646484375" lon="113.31689584068953990936279296875">
        <ele>5.400000095367431640625</ele>
        <time>2026-07-29T23:22:05.000Z</time>
        <extensions>
          <ns3:TrackPointExtension>
            <ns3:hr>132</ns3:hr>
            <ns3:cad>82</ns3:cad>
          </ns3:TrackPointExtension>
        </extensions>
      </trkpt>
      <trkpt lat="23.0498788319528102874755859375" lon="113.31689533777534961700439453125">
        <ele>5.400000095367431640625</ele>
        <time>2026-07-29T23:22:06.000Z</time>
        <extensions>
          <ns3:TrackPointExtension>
            <ns3:hr>132</ns3:hr>
            <ns3:cad>82</ns3:cad>
          </ns3:TrackPointExtension>
        </extensions>
      </trkpt>
      <trkpt lat="23.04985343478620052337646484375" lon="113.3168895542621612548828125">
        <ele>5.400000095367431640625</ele>
        <time>2026-07-29T23:22:07.000Z</time>
        <extensions>
          <ns3:TrackPointExtension>
            <ns3:hr>132</ns3:hr>
            <ns3:cad>83</ns3:cad>
          </ns3:TrackPointExtension>
        </extensions>
      </trkpt>
      <trkpt lat="23.0498375929892063140869140625" lon="113.31688377074897289276123046875">
        <ele>5.400000095367431640625</ele>
        <time>2026-07-29T23:22:08.000Z</time>
        <extensions>
          <ns3:TrackPointExtension>
            <ns3:hr>132</ns3:hr>
            <ns3:cad>83</ns3:cad>
          </ns3:TrackPointExtension>
        </extensions>
      </trkpt>
      <trkpt lat="23.0498134531080722808837890625" lon="113.316883854568004608154296875">
        <ele>5.19999980926513671875</ele>
        <time>2026-07-29T23:22:09.000Z</time>
        <extensions>
          <ns3:TrackPointExtension>
            <ns3:hr>132</ns3:hr>
            <ns3:cad>83</ns3:cad>
          </ns3:TrackPointExtension>
        </extensions>
      </trkpt>
      <trkpt lat="23.04979375563561916351318359375" lon="113.31688259728252887725830078125">
        <ele>5.19999980926513671875</ele>
        <time>2026-07-29T23:22:10.000Z</time>
        <extensions>
          <ns3:TrackPointExtension>
            <ns3:hr>133</ns3:hr>
            <ns3:cad>83</ns3:cad>
          </ns3:TrackPointExtension>
        </extensions>
      </trkpt>
      <trkpt lat="23.04978101514279842376708984375" lon="113.31688729114830493927001953125">
        <ele>5.19999980926513671875</ele>
        <time>2026-07-29T23:22:11.000Z</time>
        <extensions>
          <ns3:TrackPointExtension>
            <ns3:hr>133</ns3:hr>
            <ns3:cad>82</ns3:cad>
          </ns3:TrackPointExtension>
        </extensions>
      </trkpt>
      <trkpt lat="23.04975561797618865966796875" lon="113.3168820105493068695068359375">
        <ele>5.19999980926513671875</ele>
        <time>2026-07-29T23:22:12.000Z</time>
        <extensions>
          <ns3:TrackPointExtension>
            <ns3:hr>133</ns3:hr>
            <ns3:cad>82</ns3:cad>
          </ns3:TrackPointExtension>
        </extensions>
      </trkpt>
      <trkpt lat="23.0497420392930507659912109375" lon="113.31688259728252887725830078125">
        <ele>5.19999980926513671875</ele>
        <time>2026-07-29T23:22:13.000Z</time>
        <extensions>
          <ns3:TrackPointExtension>
            <ns3:hr>133</ns3:hr>
            <ns3:cad>82</ns3:cad>
          </ns3:TrackPointExtension>
        </extensions>
      </trkpt>
      <trkpt lat="23.049730472266674041748046875" lon="113.31688997335731983184814453125">
        <ele>5.19999980926513671875</ele>
        <time>2026-07-29T23:22:14.000Z</time>
        <extensions>
          <ns3:TrackPointExtension>
            <ns3:hr>134</ns3:hr>
            <ns3:cad>82</ns3:cad>
          </ns3:TrackPointExtension>
        </extensions>
      </trkpt>
      <trkpt lat="23.049698956310749053955078125" lon="113.31688947044312953948974609375">
        <ele>5.19999980926513671875</ele>
        <time>2026-07-29T23:22:15.000Z</time>
        <extensions>
          <ns3:TrackPointExtension>
            <ns3:hr>134</ns3:hr>
            <ns3:cad>82</ns3:cad>
          </ns3:TrackPointExtension>
        </extensions>
      </trkpt>
      <trkpt lat="23.0496830306947231292724609375" lon="113.31688754260540008544921875">
        <ele>5.19999980926513671875</ele>
        <time>2026-07-29T23:22:16.000Z</time>
        <extensions>
          <ns3:TrackPointExtension>
            <ns3:hr>134</ns3:hr>
            <ns3:cad>82</ns3:cad>
          </ns3:TrackPointExtension>
        </extensions>
      </trkpt>
      <trkpt lat="23.049663417041301727294921875" lon="113.31689299084246158599853515625">
        <ele>5.19999980926513671875</ele>
        <time>2026-07-29T23:22:17.000Z</time>
        <extensions>
          <ns3:TrackPointExtension>
            <ns3:hr>134</ns3:hr>
            <ns3:cad>82</ns3:cad>
          </ns3:TrackPointExtension>
        </extensions>
      </trkpt>
      <trkpt lat="23.0496370978653430938720703125" lon="113.31689332611858844757080078125">
        <ele>5</ele>
        <time>2026-07-29T23:22:18.000Z</time>
        <extensions>
          <ns3:TrackPointExtension>
            <ns3:hr>134</ns3:hr>
            <ns3:cad>82</ns3:cad>
          </ns3:TrackPointExtension>
        </extensions>
      </trkpt>
      <trkpt lat="23.0496193282306194305419921875" lon="113.316893912851810455322265625">
        <ele>5</ele>
        <time>2026-07-29T23:22:19.000Z</time>
        <extensions>
          <ns3:TrackPointExtension>
            <ns3:hr>134</ns3:hr>
            <ns3:cad>82</ns3:cad>
          </ns3:TrackPointExtension>
        </extensions>
      </trkpt>
      <trkpt lat="23.04959091357886791229248046875" lon="113.316890560090541839599609375">
        <ele>5</ele>
        <time>2026-07-29T23:22:20.000Z</time>
        <extensions>
          <ns3:TrackPointExtension>
            <ns3:hr>134</ns3:hr>
            <ns3:cad>82</ns3:cad>
          </ns3:TrackPointExtension>
        </extensions>
      </trkpt>
      <trkpt lat="23.04957850836217403411865234375" lon="113.31687924452126026153564453125">
        <ele>5.19999980926513671875</ele>
        <time>2026-07-29T23:22:21.000Z</time>
        <extensions>
          <ns3:TrackPointExtension>
            <ns3:hr>135</ns3:hr>
            <ns3:cad>82</ns3:cad>
          </ns3:TrackPointExtension>
        </extensions>
      </trkpt>
      <trkpt lat="23.04956249892711639404296875" lon="113.31686683930456638336181640625">
        <ele>5.19999980926513671875</ele>
        <time>2026-07-29T23:22:22.000Z</time>
        <extensions>
          <ns3:TrackPointExtension>
            <ns3:hr>135</ns3:hr>
            <ns3:cad>82</ns3:cad>
          </ns3:TrackPointExtension>
        </extensions>
      </trkpt>
      <trkpt lat="23.0495485849678516387939453125" lon="113.316846974194049835205078125">
        <ele>5</ele>
        <time>2026-07-29T23:22:23.000Z</time>
        <extensions>
          <ns3:TrackPointExtension>
            <ns3:hr>134</ns3:hr>
            <ns3:cad>82</ns3:cad>
          </ns3:TrackPointExtension>
        </extensions>
      </trkpt>
      <trkpt lat="23.04953039623796939849853515625" lon="113.31683850847184658050537109375">
        <ele>5</ele>
        <time>2026-07-29T23:22:24.000Z</time>
        <extensions>
          <ns3:TrackPointExtension>
            <ns3:hr>134</ns3:hr>
            <ns3:cad>82</ns3:cad>
          </ns3:TrackPointExtension>
        </extensions>
      </trkpt>
      <trkpt lat="23.04951530881226062774658203125" lon="113.316811434924602508544921875">
        <ele>5</ele>
        <time>2026-07-29T23:22:25.000Z</time>
        <extensions>
          <ns3:TrackPointExtension>
            <ns3:hr>134</ns3:hr>
            <ns3:cad>83</ns3:cad>
          </ns3:TrackPointExtension>
        </extensions>
      </trkpt>
      <trkpt lat="23.04951287806034088134765625" lon="113.316784612834453582763671875">
        <ele>5</ele>
        <time>2026-07-29T23:22:26.000Z</time>
        <extensions>
          <ns3:TrackPointExtension>
            <ns3:hr>133</ns3:hr>
            <ns3:cad>83</ns3:cad>
          </ns3:TrackPointExtension>
        </extensions>
      </trkpt>
      <trkpt lat="23.0495053343474864959716796875" lon="113.3167706988751888275146484375">
        <ele>5.19999980926513671875</ele>
        <time>2026-07-29T23:22:27.000Z</time>
        <extensions>
          <ns3:TrackPointExtension>
            <ns3:hr>133</ns3:hr>
            <ns3:cad>83</ns3:cad>
          </ns3:TrackPointExtension>
        </extensions>
      </trkpt>
      <trkpt lat="23.0495003052055835723876953125" lon="113.3167554438114166259765625">
        <ele>5.19999980926513671875</ele>
        <time>2026-07-29T23:22:28.000Z</time>
        <extensions>
          <ns3:TrackPointExtension>
            <ns3:hr>133</ns3:hr>
            <ns3:cad>84</ns3:cad>
          </ns3:TrackPointExtension>
        </extensions>
      </trkpt>
      <trkpt lat="23.0495049990713596343994140625" lon="113.316730298101902008056640625">
        <ele>5.400000095367431640625</ele>
        <time>2026-07-29T23:22:29.000Z</time>
        <extensions>
          <ns3:TrackPointExtension>
            <ns3:hr>132</ns3:hr>
            <ns3:cad>84</ns3:cad>
          </ns3:TrackPointExtension>
        </extensions>
      </trkpt>
      <trkpt lat="23.04950189776718616485595703125" lon="113.316710181534290313720703125">
        <ele>5.400000095367431640625</ele>
        <time>2026-07-29T23:22:30.000Z</time>
        <extensions>
          <ns3:TrackPointExtension>
            <ns3:hr>132</ns3:hr>
            <ns3:cad>84</ns3:cad>
          </ns3:TrackPointExtension>
        </extensions>
      </trkpt>
      <trkpt lat="23.0494989641010761260986328125" lon="113.31668092869222164154052734375">
        <ele>5.400000095367431640625</ele>
        <time>2026-07-29T23:22:31.000Z</time>
        <extensions>
          <ns3:TrackPointExtension>
            <ns3:hr>132</ns3:hr>
            <ns3:cad>82</ns3:cad>
          </ns3:TrackPointExtension>
        </extensions>
      </trkpt>
      <trkpt lat="23.04949569515883922576904296875" lon="113.31665955483913421630859375">
        <ele>5.400000095367431640625</ele>
        <time>2026-07-29T23:22:32.000Z</time>
        <extensions>
          <ns3:TrackPointExtension>
            <ns3:hr>132</ns3:hr>
            <ns3:cad>81</ns3:cad>
          </ns3:TrackPointExtension>
        </extensions>
      </trkpt>
      <trkpt lat="23.04949100129306316375732421875" lon="113.31664144992828369140625">
        <ele>5.400000095367431640625</ele>
        <time>2026-07-29T23:22:33.000Z</time>
        <extensions>
          <ns3:TrackPointExtension>
            <ns3:hr>131</ns3:hr>
            <ns3:cad>81</ns3:cad>
          </ns3:TrackPointExtension>
        </extensions>
      </trkpt>
      <trkpt lat="23.04949167184531688690185546875" lon="113.31660993397235870361328125">
        <ele>5.400000095367431640625</ele>
        <time>2026-07-29T23:22:34.000Z</time>
        <extensions>
          <ns3:TrackPointExtension>
            <ns3:hr>131</ns3:hr>
            <ns3:cad>81</ns3:cad>
          </ns3:TrackPointExtension>
        </extensions>
      </trkpt>
      <trkpt lat="23.04949636571109294891357421875" lon="113.316594175994396209716796875">
        <ele>5.400000095367431640625</ele>
        <time>2026-07-29T23:22:35.000Z</time>
        <extensions>
          <ns3:TrackPointExtension>
            <ns3:hr>131</ns3:hr>
            <ns3:cad>81</ns3:cad>
          </ns3:TrackPointExtension>
        </extensions>
      </trkpt>
      <trkpt lat="23.04949586279690265655517578125" lon="113.31657263450324535369873046875">
        <ele>5.19999980926513671875</ele>
        <time>2026-07-29T23:22:36.000Z</time>
        <extensions>
          <ns3:TrackPointExtension>
            <ns3:hr>131</ns3:hr>
            <ns3:cad>81</ns3:cad>
          </ns3:TrackPointExtension>
        </extensions>
      </trkpt>
      <trkpt lat="23.0495070107281208038330078125" lon="113.316551260650157928466796875">
        <ele>5.19999980926513671875</ele>
        <time>2026-07-29T23:22:37.000Z</time>
        <extensions>
          <ns3:TrackPointExtension>
            <ns3:hr>131</ns3:hr>
            <ns3:cad>81</ns3:cad>
          </ns3:TrackPointExtension>
        </extensions>
      </trkpt>
      <trkpt lat="23.04951421916484832763671875" lon="113.31653625704348087310791015625">
        <ele>5.19999980926513671875</ele>
        <time>2026-07-29T23:22:38.000Z</time>
        <extensions>
          <ns3:TrackPointExtension>
            <ns3:hr>130</ns3:hr>
            <ns3:cad>81</ns3:cad>
          </ns3:TrackPointExtension>
        </extensions>
      </trkpt>
      <trkpt lat="23.04953031241893768310546875" lon="113.31651161424815654754638671875">
        <ele>5.19999980926513671875</ele>
        <time>2026-07-29T23:22:39.000Z</time>
        <extensions>
          <ns3:TrackPointExtension>
            <ns3:hr>131</ns3:hr>
            <ns3:cad>81</ns3:cad>
          </ns3:TrackPointExtension>
        </extensions>
      </trkpt>
      <trkpt lat="23.0495509319007396697998046875" lon="113.3165004663169384002685546875">
        <ele>5.19999980926513671875</ele>
        <time>2026-07-29T23:22:40.000Z</time>
        <extensions>
          <ns3:TrackPointExtension>
            <ns3:hr>131</ns3:hr>
            <ns3:cad>81</ns3:cad>
          </ns3:TrackPointExtension>
        </extensions>
      </trkpt>
      <trkpt lat="23.04956777952611446380615234375" lon="113.316486217081546783447265625">
        <ele>5.19999980926513671875</ele>
        <time>2026-07-29T23:22:41.000Z</time>
        <extensions>
          <ns3:TrackPointExtension>
            <ns3:hr>131</ns3:hr>
            <ns3:cad>82</ns3:cad>
          </ns3:TrackPointExtension>
        </extensions>
      </trkpt>
      <trkpt lat="23.04959678091108798980712890625" lon="113.3164818584918975830078125">
        <ele>5.19999980926513671875</ele>
        <time>2026-07-29T23:22:42.000Z</time>
        <extensions>
          <ns3:TrackPointExtension>
            <ns3:hr>131</ns3:hr>
            <ns3:cad>82</ns3:cad>
          </ns3:TrackPointExtension>
        </extensions>
      </trkpt>
      <trkpt lat="23.0496132932603359222412109375" lon="113.31647540442645549774169921875">
        <ele>5.19999980926513671875</ele>
        <time>2026-07-29T23:22:43.000Z</time>
        <extensions>
          <ns3:TrackPointExtension>
            <ns3:hr>131</ns3:hr>
            <ns3:cad>82</ns3:cad>
          </ns3:TrackPointExtension>
        </extensions>
      </trkpt>
      <trkpt lat="23.04963617585599422454833984375" lon="113.316470794379711151123046875">
        <ele>5.19999980926513671875</ele>
        <time>2026-07-29T23:22:44.000Z</time>
        <extensions>
          <ns3:TrackPointExtension>
            <ns3:hr>131</ns3:hr>
            <ns3:cad>82</ns3:cad>
          </ns3:TrackPointExtension>
        </extensions>
      </trkpt>
      <trkpt lat="23.04966115392744541168212890625" lon="113.31647506915032863616943359375">
        <ele>5.19999980926513671875</ele>
        <time>2026-07-29T23:22:45.000Z</time>
        <extensions>
          <ns3:TrackPointExtension>
            <ns3:hr>131</ns3:hr>
            <ns3:cad>82</ns3:cad>
          </ns3:TrackPointExtension>
        </extensions>
      </trkpt>
      <trkpt lat="23.0496813543140888214111328125" lon="113.3164692856371402740478515625">
        <ele>5.19999980926513671875</ele>
        <time>2026-07-29T23:22:46.000Z</time>
        <extensions>
          <ns3:TrackPointExtension>
            <ns3:hr>132</ns3:hr>
            <ns3:cad>82</ns3:cad>
          </ns3:TrackPointExtension>
        </extensions>
      </trkpt>
      <trkpt lat="23.04970960132777690887451171875" lon="113.3164662681519985198974609375">
        <ele>5.400000095367431640625</ele>
        <time>2026-07-29T23:22:47.000Z</time>
        <extensions>
          <ns3:TrackPointExtension>
            <ns3:hr>132</ns3:hr>
            <ns3:cad>82</ns3:cad>
          </ns3:TrackPointExtension>
        </extensions>
      </trkpt>
      <trkpt lat="23.049730472266674041748046875" lon="113.31646853126585483551025390625">
        <ele>5.400000095367431640625</ele>
        <time>2026-07-29T23:22:48.000Z</time>
        <extensions>
          <ns3:TrackPointExtension>
            <ns3:hr>132</ns3:hr>
            <ns3:cad>82</ns3:cad>
          </ns3:TrackPointExtension>
        </extensions>
      </trkpt>
      <trkpt lat="23.049749247729778289794921875" lon="113.3164639212191104888916015625">
        <ele>5.400000095367431640625</ele>
        <time>2026-07-29T23:22:49.000Z</time>
        <extensions>
          <ns3:TrackPointExtension>
            <ns3:hr>132</ns3:hr>
            <ns3:cad>82</ns3:cad>
          </ns3:TrackPointExtension>
        </extensions>
      </trkpt>
      <trkpt lat="23.049778081476688385009765625" lon="113.31646232865750789642333984375">
        <ele>5.400000095367431640625</ele>
        <time>2026-07-29T23:22:50.000Z</time>
        <extensions>
          <ns3:TrackPointExtension>
            <ns3:hr>132</ns3:hr>
            <ns3:cad>82</ns3:cad>
          </ns3:TrackPointExtension>
        </extensions>
      </trkpt>
      <trkpt lat="23.04978738538920879364013671875" lon="113.3164558745920658111572265625">
        <ele>5.400000095367431640625</ele>
        <time>2026-07-29T23:22:51.000Z</time>
        <extensions>
          <ns3:TrackPointExtension>
            <ns3:hr>132</ns3:hr>
            <ns3:cad>82</ns3:cad>
          </ns3:TrackPointExtension>
        </extensions>
      </trkpt>
      <trkpt lat="23.049800880253314971923828125" lon="113.3164438046514987945556640625">
        <ele>5.19999980926513671875</ele>
        <time>2026-07-29T23:22:52.000Z</time>
        <extensions>
          <ns3:TrackPointExtension>
            <ns3:hr>132</ns3:hr>
            <ns3:cad>82</ns3:cad>
          </ns3:TrackPointExtension>
        </extensions>
      </trkpt>
      <trkpt lat="23.0498201586306095123291015625" lon="113.3164364285767078399658203125">
        <ele>5.19999980926513671875</ele>
        <time>2026-07-29T23:22:53.000Z</time>
        <extensions>
          <ns3:TrackPointExtension>
            <ns3:hr>132</ns3:hr>
            <ns3:cad>82</ns3:cad>
          </ns3:TrackPointExtension>
        </extensions>
      </trkpt>
      <trkpt lat="23.0498308874666690826416015625" lon="113.31642461009323596954345703125">
        <ele>5.19999980926513671875</ele>
        <time>2026-07-29T23:22:54.000Z</time>
        <extensions>
          <ns3:TrackPointExtension>
            <ns3:hr>132</ns3:hr>
            <ns3:cad>81</ns3:cad>
          </ns3:TrackPointExtension>
        </extensions>
      </trkpt>
      <trkpt lat="23.049856536090373992919921875" lon="113.31640063785016536712646484375">
        <ele>5.400000095367431640625</ele>
        <time>2026-07-29T23:22:55.000Z</time>
        <extensions>
          <ns3:TrackPointExtension>
            <ns3:hr>132</ns3:hr>
            <ns3:cad>81</ns3:cad>
          </ns3:TrackPointExtension>
        </extensions>
      </trkpt>
      <trkpt lat="23.049871958792209625244140625" lon="113.31638605333864688873291015625">
        <ele>5.400000095367431640625</ele>
        <time>2026-07-29T23:22:56.000Z</time>
        <extensions>
          <ns3:TrackPointExtension>
            <ns3:hr>132</ns3:hr>
            <ns3:cad>82</ns3:cad>
          </ns3:TrackPointExtension>
        </extensions>
      </trkpt>
      <trkpt lat="23.04988562129437923431396484375" lon="113.3163687027990818023681640625">
        <ele>5.400000095367431640625</ele>
        <time>2026-07-29T23:22:57.000Z</time>
        <extensions>
          <ns3:TrackPointExtension>
            <ns3:hr>132</ns3:hr>
            <ns3:cad>82</ns3:cad>
          </ns3:TrackPointExtension>
        </extensions>
      </trkpt>
      <trkpt lat="23.0499029718339443206787109375" lon="113.31634112633764743804931640625">
        <ele>5.400000095367431640625</ele>
        <time>2026-07-29T23:22:58.000Z</time>
        <extensions>
          <ns3:TrackPointExtension>
            <ns3:hr>133</ns3:hr>
            <ns3:cad>82</ns3:cad>
          </ns3:TrackPointExtension>
        </extensions>
      </trkpt>
      <trkpt lat="23.04990925826132297515869140625" lon="113.31633157096803188323974609375">
        <ele>5.400000095367431640625</ele>
        <time>2026-07-29T23:22:59.000Z</time>
        <extensions>
          <ns3:TrackPointExtension>
            <ns3:hr>133</ns3:hr>
            <ns3:cad>82</ns3:cad>
          </ns3:TrackPointExtension>
        </extensions>
      </trkpt>
      <trkpt lat="23.04992191493511199951171875" lon="113.3163036592304706573486328125">
        <ele>5.400000095367431640625</ele>
        <time>2026-07-29T23:23:00.000Z</time>
        <extensions>
          <ns3:TrackPointExtension>
            <ns3:hr>134</ns3:hr>
            <ns3:cad>82</ns3:cad>
          </ns3:TrackPointExtension>
        </extensions>
      </trkpt>
      <trkpt lat="23.04993289522826671600341796875" lon="113.31628027372062206268310546875">
        <ele>5.400000095367431640625</ele>
        <time>2026-07-29T23:23:01.000Z</time>
        <extensions>
          <ns3:TrackPointExtension>
            <ns3:hr>134</ns3:hr>
            <ns3:cad>82</ns3:cad>
          </ns3:TrackPointExtension>
        </extensions>
      </trkpt>
      <trkpt lat="23.04992836900055408477783203125" lon="113.316263593733310699462890625">
        <ele>5.400000095367431640625</ele>
        <time>2026-07-29T23:23:02.000Z</time>
        <extensions>
          <ns3:TrackPointExtension>
            <ns3:hr>134</ns3:hr>
            <ns3:cad>82</ns3:cad>
          </ns3:TrackPointExtension>
        </extensions>
      </trkpt>
      <trkpt lat="23.04993289522826671600341796875" lon="113.3162305690348148345947265625">
        <ele>5.400000095367431640625</ele>
        <time>2026-07-29T23:23:03.000Z</time>
        <extensions>
          <ns3:TrackPointExtension>
            <ns3:hr>134</ns3:hr>
            <ns3:cad>83</ns3:cad>
          </ns3:TrackPointExtension>
        </extensions>
      </trkpt>
      <trkpt lat="23.04993641562759876251220703125" lon="113.31620953045785427093505859375">
        <ele>5.400000095367431640625</ele>
        <time>2026-07-29T23:23:04.000Z</time>
        <extensions>
          <ns3:TrackPointExtension>
            <ns3:hr>134</ns3:hr>
            <ns3:cad>83</ns3:cad>
          </ns3:TrackPointExtension>
        </extensions>
      </trkpt>
      <trkpt lat="23.0499351583421230316162109375" lon="113.316185474395751953125">
        <ele>5.400000095367431640625</ele>
        <time>2026-07-29T23:23:05.000Z</time>
        <extensions>
          <ns3:TrackPointExtension>
            <ns3:hr>134</ns3:hr>
            <ns3:cad>82</ns3:cad>
          </ns3:TrackPointExtension>
        </extensions>
      </trkpt>
      <trkpt lat="23.04993825964629650115966796875" lon="113.3161519467830657958984375">
        <ele>5.400000095367431640625</ele>
        <time>2026-07-29T23:23:06.000Z</time>
        <extensions>
          <ns3:TrackPointExtension>
            <ns3:hr>134</ns3:hr>
            <ns3:cad>82</ns3:cad>
          </ns3:TrackPointExtension>
        </extensions>
      </trkpt>
      <trkpt lat="23.04993574507534503936767578125" lon="113.3161313273012638092041015625">
        <ele>5.19999980926513671875</ele>
        <time>2026-07-29T23:23:07.000Z</time>
        <extensions>
          <ns3:TrackPointExtension>
            <ns3:hr>135</ns3:hr>
            <ns3:cad>82</ns3:cad>
          </ns3:TrackPointExtension>
        </extensions>
      </trkpt>
      <trkpt lat="23.049935996532440185546875" lon="113.31610240973532199859619140625">
        <ele>5.19999980926513671875</ele>
        <time>2026-07-29T23:23:08.000Z</time>
        <extensions>
          <ns3:TrackPointExtension>
            <ns3:hr>135</ns3:hr>
            <ns3:cad>82</ns3:cad>
          </ns3:TrackPointExtension>
        </extensions>
      </trkpt>
      <trkpt lat="23.0499388463795185089111328125" lon="113.3160810358822345733642578125">
        <ele>5.19999980926513671875</ele>
        <time>2026-07-29T23:23:09.000Z</time>
        <extensions>
          <ns3:TrackPointExtension>
            <ns3:hr>135</ns3:hr>
            <ns3:cad>82</ns3:cad>
          </ns3:TrackPointExtension>
        </extensions>
      </trkpt>
      <trkpt lat="23.04992920719087123870849609375" lon="113.31606653518974781036376953125">
        <ele>5.19999980926513671875</ele>
        <time>2026-07-29T23:23:10.000Z</time>
        <extensions>
          <ns3:TrackPointExtension>
            <ns3:hr>135</ns3:hr>
            <ns3:cad>82</ns3:cad>
          </ns3:TrackPointExtension>
        </extensions>
      </trkpt>
      <trkpt lat="23.049924261868000030517578125" lon="113.31603233702480792999267578125">
        <ele>5.400000095367431640625</ele>
        <time>2026-07-29T23:23:11.000Z</time>
        <extensions>
          <ns3:TrackPointExtension>
            <ns3:hr>135</ns3:hr>
            <ns3:cad>82</ns3:cad>
          </ns3:TrackPointExtension>
        </extensions>
      </trkpt>
      <trkpt lat="23.0499227531254291534423828125" lon="113.3160159923136234283447265625">
        <ele>5.400000095367431640625</ele>
        <time>2026-07-29T23:23:12.000Z</time>
        <extensions>
          <ns3:TrackPointExtension>
            <ns3:hr>135</ns3:hr>
            <ns3:cad>82</ns3:cad>
          </ns3:TrackPointExtension>
        </extensions>
      </trkpt>
      <trkpt lat="23.0499187298119068145751953125" lon="113.3159921877086162567138671875">
        <ele>5.400000095367431640625</ele>
        <time>2026-07-29T23:23:13.000Z</time>
        <extensions>
          <ns3:TrackPointExtension>
            <ns3:hr>136</ns3:hr>
            <ns3:cad>82</ns3:cad>
          </ns3:TrackPointExtension>
        </extensions>
      </trkpt>
      <trkpt lat="23.0499224178493022918701171875" lon="113.31596042029559612274169921875">
        <ele>5.400000095367431640625</ele>
        <time>2026-07-29T23:23:14.000Z</time>
        <extensions>
          <ns3:TrackPointExtension>
            <ns3:hr>136</ns3:hr>
            <ns3:cad>82</ns3:cad>
          </ns3:TrackPointExtension>
        </extensions>
      </trkpt>
      <trkpt lat="23.04991479031741619110107421875" lon="113.31594365648925304412841796875">
        <ele>5.19999980926513671875</ele>
        <time>2026-07-29T23:23:15.000Z</time>
        <extensions>
          <ns3:TrackPointExtension>
            <ns3:hr>136</ns3:hr>
            <ns3:cad>83</ns3:cad>
          </ns3:TrackPointExtension>
        </extensions>
      </trkpt>
      <trkpt lat="23.04991411976516246795654296875" lon="113.31591515801846981048583984375">
        <ele>5.19999980926513671875</ele>
        <time>2026-07-29T23:23:16.000Z</time>
        <extensions>
          <ns3:TrackPointExtension>
            <ns3:hr>137</ns3:hr>
            <ns3:cad>83</ns3:cad>
          </ns3:TrackPointExtension>
        </extensions>
      </trkpt>
      <trkpt lat="23.0499158799648284912109375" lon="113.31589437089860439300537109375">
        <ele>5.400000095367431640625</ele>
        <time>2026-07-29T23:23:17.000Z</time>
        <extensions>
          <ns3:TrackPointExtension>
            <ns3:hr>137</ns3:hr>
            <ns3:cad>83</ns3:cad>
          </ns3:TrackPointExtension>
        </extensions>
      </trkpt>
      <trkpt lat="23.04991244338452816009521484375" lon="113.3158775232732295989990234375">
        <ele>5.400000095367431640625</ele>
        <time>2026-07-29T23:23:18.000Z</time>
        <extensions>
          <ns3:TrackPointExtension>
            <ns3:hr>137</ns3:hr>
            <ns3:cad>83</ns3:cad>
          </ns3:TrackPointExtension>
        </extensions>
      </trkpt>
      <trkpt lat="23.049912862479686737060546875" lon="113.3158463425934314727783203125">
        <ele>5.400000095367431640625</ele>
        <time>2026-07-29T23:23:19.000Z</time>
        <extensions>
          <ns3:TrackPointExtension>
            <ns3:hr>138</ns3:hr>
            <ns3:cad>82</ns3:cad>
          </ns3:TrackPointExtension>
        </extensions>
      </trkpt>
      <trkpt lat="23.04991529323160648345947265625" lon="113.3158268965780735015869140625">
        <ele>5.400000095367431640625</ele>
        <time>2026-07-29T23:23:20.000Z</time>
        <extensions>
          <ns3:TrackPointExtension>
            <ns3:hr>138</ns3:hr>
            <ns3:cad>82</ns3:cad>
          </ns3:TrackPointExtension>
        </extensions>
      </trkpt>
      <trkpt lat="23.04991344921290874481201171875" lon="113.31580552272498607635498046875">
        <ele>5.19999980926513671875</ele>
        <time>2026-07-29T23:23:21.000Z</time>
        <extensions>
          <ns3:TrackPointExtension>
            <ns3:hr>138</ns3:hr>
            <ns3:cad>82</ns3:cad>
          </ns3:TrackPointExtension>
        </extensions>
      </trkpt>
      <trkpt lat="23.04991696961224079132080078125" lon="113.31578238867223262786865234375">
        <ele>5.19999980926513671875</ele>
        <time>2026-07-29T23:23:22.000Z</time>
        <extensions>
          <ns3:TrackPointExtension>
            <ns3:hr>138</ns3:hr>
            <ns3:cad>82</ns3:cad>
          </ns3:TrackPointExtension>
        </extensions>
      </trkpt>
      <trkpt lat="23.04990774951875209808349609375" lon="113.31576847471296787261962890625">
        <ele>5.19999980926513671875</ele>
        <time>2026-07-29T23:23:23.000Z</time>
        <extensions>
          <ns3:TrackPointExtension>
            <ns3:hr>138</ns3:hr>
            <ns3:cad>82</ns3:cad>
          </ns3:TrackPointExtension>
        </extensions>
      </trkpt>
      <trkpt lat="23.04991076700389385223388671875" lon="113.3157415688037872314453125">
        <ele>5.19999980926513671875</ele>
        <time>2026-07-29T23:23:24.000Z</time>
        <extensions>
          <ns3:TrackPointExtension>
            <ns3:hr>138</ns3:hr>
            <ns3:cad>82</ns3:cad>
          </ns3:TrackPointExtension>
        </extensions>
      </trkpt>
      <trkpt lat="23.04990925826132297515869140625" lon="113.3157182671129703521728515625">
        <ele>5.19999980926513671875</ele>
        <time>2026-07-29T23:23:25.000Z</time>
        <extensions>
          <ns3:TrackPointExtension>
            <ns3:hr>138</ns3:hr>
            <ns3:cad>82</ns3:cad>
          </ns3:TrackPointExtension>
        </extensions>
      </trkpt>
      <trkpt lat="23.04990439675748348236083984375" lon="113.31569387577474117279052734375">
        <ele>5.19999980926513671875</ele>
        <time>2026-07-29T23:23:26.000Z</time>
        <extensions>
          <ns3:TrackPointExtension>
            <ns3:hr>138</ns3:hr>
            <ns3:cad>82</ns3:cad>
          </ns3:TrackPointExtension>
        </extensions>
      </trkpt>
      <trkpt lat="23.04990272037684917449951171875" lon="113.31566504202783107757568359375">
        <ele>5.19999980926513671875</ele>
        <time>2026-07-29T23:23:27.000Z</time>
        <extensions>
          <ns3:TrackPointExtension>
            <ns3:hr>139</ns3:hr>
            <ns3:cad>82</ns3:cad>
          </ns3:TrackPointExtension>
        </extensions>
      </trkpt>
      <trkpt lat="23.04989500902593135833740234375" lon="113.31564710475504398345947265625">
        <ele>5</ele>
        <time>2026-07-29T23:23:28.000Z</time>
        <extensions>
          <ns3:TrackPointExtension>
            <ns3:hr>139</ns3:hr>
            <ns3:cad>83</ns3:cad>
          </ns3:TrackPointExtension>
        </extensions>
      </trkpt>
      <trkpt lat="23.04989316500723361968994140625" lon="113.31562128849327564239501953125">
        <ele>5</ele>
        <time>2026-07-29T23:23:29.000Z</time>
        <extensions>
          <ns3:TrackPointExtension>
            <ns3:hr>139</ns3:hr>
            <ns3:cad>83</ns3:cad>
          </ns3:TrackPointExtension>
        </extensions>
      </trkpt>
      <trkpt lat="23.04989668540656566619873046875" lon="113.31559530459344387054443359375">
        <ele>5.19999980926513671875</ele>
        <time>2026-07-29T23:23:30.000Z</time>
        <extensions>
          <ns3:TrackPointExtension>
            <ns3:hr>139</ns3:hr>
            <ns3:cad>83</ns3:cad>
          </ns3:TrackPointExtension>
        </extensions>
      </trkpt>
      <trkpt lat="23.04988830350339412689208984375" lon="113.31557904370129108428955078125">
        <ele>5.19999980926513671875</ele>
        <time>2026-07-29T23:23:31.000Z</time>
        <extensions>
          <ns3:TrackPointExtension>
            <ns3:hr>138</ns3:hr>
            <ns3:cad>82</ns3:cad>
          </ns3:TrackPointExtension>
        </extensions>
      </trkpt>
      <trkpt lat="23.04988863877952098846435546875" lon="113.31554534845054149627685546875">
        <ele>5.19999980926513671875</ele>
        <time>2026-07-29T23:23:32.000Z</time>
        <extensions>
          <ns3:TrackPointExtension>
            <ns3:hr>138</ns3:hr>
            <ns3:cad>82</ns3:cad>
          </ns3:TrackPointExtension>
        </extensions>
      </trkpt>
      <trkpt lat="23.04988897405564785003662109375" lon="113.3155238069593906402587890625">
        <ele>5.400000095367431640625</ele>
        <time>2026-07-29T23:23:33.000Z</time>
        <extensions>
          <ns3:TrackPointExtension>
            <ns3:hr>138</ns3:hr>
            <ns3:cad>82</ns3:cad>
          </ns3:TrackPointExtension>
        </extensions>
      </trkpt>
      <trkpt lat="23.04988495074212551116943359375" lon="113.31550545059144496917724609375">
        <ele>5.400000095367431640625</ele>
        <time>2026-07-29T23:23:34.000Z</time>
        <extensions>
          <ns3:TrackPointExtension>
            <ns3:hr>138</ns3:hr>
            <ns3:cad>82</ns3:cad>
          </ns3:TrackPointExtension>
        </extensions>
      </trkpt>
      <trkpt lat="23.0498888902366161346435546875" lon="113.3154798857867717742919921875">
        <ele>5.19999980926513671875</ele>
        <time>2026-07-29T23:23:35.000Z</time>
        <extensions>
          <ns3:TrackPointExtension>
            <ns3:hr>138</ns3:hr>
            <ns3:cad>82</ns3:cad>
          </ns3:TrackPointExtension>
        </extensions>
      </trkpt>
      <trkpt lat="23.04988159798085689544677734375" lon="113.31546354107558727264404296875">
        <ele>5.19999980926513671875</ele>
        <time>2026-07-29T23:23:36.000Z</time>
        <extensions>
          <ns3:TrackPointExtension>
            <ns3:hr>138</ns3:hr>
            <ns3:cad>82</ns3:cad>
          </ns3:TrackPointExtension>
        </extensions>
      </trkpt>
      <trkpt lat="23.0498783290386199951171875" lon="113.31543982028961181640625">
        <ele>5.19999980926513671875</ele>
        <time>2026-07-29T23:23:37.000Z</time>
        <extensions>
          <ns3:TrackPointExtension>
            <ns3:hr>138</ns3:hr>
            <ns3:cad>82</ns3:cad>
          </ns3:TrackPointExtension>
        </extensions>
      </trkpt>
      <trkpt lat="23.04988293908536434173583984375" lon="113.31541635096073150634765625">
        <ele>5.19999980926513671875</ele>
        <time>2026-07-29T23:23:38.000Z</time>
        <extensions>
          <ns3:TrackPointExtension>
            <ns3:hr>137</ns3:hr>
            <ns3:cad>82</ns3:cad>
          </ns3:TrackPointExtension>
        </extensions>
      </trkpt>
      <trkpt lat="23.049875982105731964111328125" lon="113.315401934087276458740234375">
        <ele>5.19999980926513671875</ele>
        <time>2026-07-29T23:23:39.000Z</time>
        <extensions>
          <ns3:TrackPointExtension>
            <ns3:hr>137</ns3:hr>
            <ns3:cad>82</ns3:cad>
          </ns3:TrackPointExtension>
        </extensions>
      </trkpt>
      <trkpt lat="23.049877993762493133544921875" lon="113.3153739385306835174560546875">
        <ele>5.19999980926513671875</ele>
        <time>2026-07-29T23:23:40.000Z</time>
        <extensions>
          <ns3:TrackPointExtension>
            <ns3:hr>137</ns3:hr>
            <ns3:cad>82</ns3:cad>
          </ns3:TrackPointExtension>
        </extensions>
      </trkpt>
      <trkpt lat="23.04987623356282711029052734375" lon="113.3153554983437061309814453125">
        <ele>5.19999980926513671875</ele>
        <time>2026-07-29T23:23:41.000Z</time>
        <extensions>
          <ns3:TrackPointExtension>
            <ns3:hr>137</ns3:hr>
            <ns3:cad>82</ns3:cad>
          </ns3:TrackPointExtension>
        </extensions>
      </trkpt>
      <trkpt lat="23.04987355135381221771240234375" lon="113.315335214138031005859375">
        <ele>5.19999980926513671875</ele>
        <time>2026-07-29T23:23:42.000Z</time>
        <extensions>
          <ns3:TrackPointExtension>
            <ns3:hr>137</ns3:hr>
            <ns3:cad>82</ns3:cad>
          </ns3:TrackPointExtension>
        </extensions>
      </trkpt>
      <trkpt lat="23.04987606592476367950439453125" lon="113.315303362905979156494140625">
        <ele>5.19999980926513671875</ele>
        <time>2026-07-29T23:23:43.000Z</time>
        <extensions>
          <ns3:TrackPointExtension>
            <ns3:hr>137</ns3:hr>
            <ns3:cad>82</ns3:cad>
          </ns3:TrackPointExtension>
        </extensions>
      </trkpt>
      <trkpt lat="23.04987271316349506378173828125" lon="113.31528433598577976226806640625">
        <ele>5.19999980926513671875</ele>
        <time>2026-07-29T23:23:44.000Z</time>
        <extensions>
          <ns3:TrackPointExtension>
            <ns3:hr>138</ns3:hr>
            <ns3:cad>82</ns3:cad>
          </ns3:TrackPointExtension>
        </extensions>
      </trkpt>
      <trkpt lat="23.0498704500496387481689453125" lon="113.315257094800472259521484375">
        <ele>5.19999980926513671875</ele>
        <time>2026-07-29T23:23:45.000Z</time>
        <extensions>
          <ns3:TrackPointExtension>
            <ns3:hr>137</ns3:hr>
            <ns3:cad>82</ns3:cad>
          </ns3:TrackPointExtension>
        </extensions>
      </trkpt>
      <trkpt lat="23.04987363517284393310546875" lon="113.3152374811470508575439453125">
        <ele>5</ele>
        <time>2026-07-29T23:23:46.000Z</time>
        <extensions>
          <ns3:TrackPointExtension>
            <ns3:hr>138</ns3:hr>
            <ns3:cad>82</ns3:cad>
          </ns3:TrackPointExtension>
        </extensions>
      </trkpt>
      <trkpt lat="23.04986550472676753997802734375" lon="113.31522247754037380218505859375">
        <ele>5</ele>
        <time>2026-07-29T23:23:47.000Z</time>
        <extensions>
          <ns3:TrackPointExtension>
            <ns3:hr>138</ns3:hr>
            <ns3:cad>82</ns3:cad>
          </ns3:TrackPointExtension>
        </extensions>
      </trkpt>
      <trkpt lat="23.0498660914599895477294921875" lon="113.31519179977476596832275390625">
        <ele>5</ele>
        <time>2026-07-29T23:23:48.000Z</time>
        <extensions>
          <ns3:TrackPointExtension>
            <ns3:hr>138</ns3:hr>
            <ns3:cad>82</ns3:cad>
          </ns3:TrackPointExtension>
        </extensions>
      </trkpt>
      <trkpt lat="23.0498635768890380859375" lon="113.31517587415874004364013671875">
        <ele>5</ele>
        <time>2026-07-29T23:23:49.000Z</time>
        <extensions>
          <ns3:TrackPointExtension>
            <ns3:hr>138</ns3:hr>
            <ns3:cad>82</ns3:cad>
          </ns3:TrackPointExtension>
        </extensions>
      </trkpt>
      <trkpt lat="23.0498635768890380859375" lon="113.31515324302017688751220703125">
        <ele>5</ele>
        <time>2026-07-29T23:23:50.000Z</time>
        <extensions>
          <ns3:TrackPointExtension>
            <ns3:hr>138</ns3:hr>
            <ns3:cad>82</ns3:cad>
          </ns3:TrackPointExtension>
        </extensions>
      </trkpt>
      <trkpt lat="23.04986751638352870941162109375" lon="113.31512524746358394622802734375">
        <ele>5.19999980926513671875</ele>
        <time>2026-07-29T23:23:51.000Z</time>
        <extensions>
          <ns3:TrackPointExtension>
            <ns3:hr>138</ns3:hr>
            <ns3:cad>83</ns3:cad>
          </ns3:TrackPointExtension>
        </extensions>
      </trkpt>
      <trkpt lat="23.04986097849905490875244140625" lon="113.31510848365724086761474609375">
        <ele>5.19999980926513671875</ele>
        <time>2026-07-29T23:23:52.000Z</time>
        <extensions>
          <ns3:TrackPointExtension>
            <ns3:hr>138</ns3:hr>
            <ns3:cad>83</ns3:cad>
          </ns3:TrackPointExtension>
        </extensions>
      </trkpt>
      <trkpt lat="23.0498570390045642852783203125" lon="113.3150782249867916107177734375">
        <ele>5.19999980926513671875</ele>
        <time>2026-07-29T23:23:53.000Z</time>
        <extensions>
          <ns3:TrackPointExtension>
            <ns3:hr>138</ns3:hr>
            <ns3:cad>83</ns3:cad>
          </ns3:TrackPointExtension>
        </extensions>
      </trkpt>
      <trkpt lat="23.04985863156616687774658203125" lon="113.3150560967624187469482421875">
        <ele>5.19999980926513671875</ele>
        <time>2026-07-29T23:23:54.000Z</time>
        <extensions>
          <ns3:TrackPointExtension>
            <ns3:hr>138</ns3:hr>
            <ns3:cad>82</ns3:cad>
          </ns3:TrackPointExtension>
        </extensions>
      </trkpt>
      <trkpt lat="23.04985192604362964630126953125" lon="113.31503841094672679901123046875">
        <ele>5.19999980926513671875</ele>
        <time>2026-07-29T23:23:55.000Z</time>
        <extensions>
          <ns3:TrackPointExtension>
            <ns3:hr>138</ns3:hr>
            <ns3:cad>82</ns3:cad>
          </ns3:TrackPointExtension>
        </extensions>
      </trkpt>
      <trkpt lat="23.04985779337584972381591796875" lon="113.315006308257579803466796875">
        <ele>5.19999980926513671875</ele>
        <time>2026-07-29T23:23:56.000Z</time>
        <extensions>
          <ns3:TrackPointExtension>
            <ns3:hr>138</ns3:hr>
            <ns3:cad>82</ns3:cad>
          </ns3:TrackPointExtension>
        </extensions>
      </trkpt>
      <trkpt lat="23.04985544644296169281005859375" lon="113.3149866946041584014892578125">
        <ele>5.19999980926513671875</ele>
        <time>2026-07-29T23:23:57.000Z</time>
        <extensions>
          <ns3:TrackPointExtension>
            <ns3:hr>138</ns3:hr>
            <ns3:cad>82</ns3:cad>
          </ns3:TrackPointExtension>
        </extensions>
      </trkpt>
      <trkpt lat="23.0498550273478031158447265625" lon="113.31495895050466060638427734375">
        <ele>5</ele>
        <time>2026-07-29T23:23:58.000Z</time>
        <extensions>
          <ns3:TrackPointExtension>
            <ns3:hr>138</ns3:hr>
            <ns3:cad>82</ns3:cad>
          </ns3:TrackPointExtension>
        </extensions>
      </trkpt>
      <trkpt lat="23.04985594935715198516845703125" lon="113.31492944620549678802490234375">
        <ele>5.19999980926513671875</ele>
        <time>2026-07-29T23:23:59.000Z</time>
        <extensions>
          <ns3:TrackPointExtension>
            <ns3:hr>138</ns3:hr>
            <ns3:cad>82</ns3:cad>
          </ns3:TrackPointExtension>
        </extensions>
      </trkpt>
      <trkpt lat="23.04985092021524906158447265625" lon="113.31491419114172458648681640625">
        <ele>5.19999980926513671875</ele>
        <time>2026-07-29T23:24:00.000Z</time>
        <extensions>
          <ns3:TrackPointExtension>
            <ns3:hr>138</ns3:hr>
            <ns3:cad>82</ns3:cad>
          </ns3:TrackPointExtension>
        </extensions>
      </trkpt>
      <trkpt lat="23.04985108785331249237060546875" lon="113.314884938299655914306640625">
        <ele>5.19999980926513671875</ele>
        <time>2026-07-29T23:24:01.000Z</time>
        <extensions>
          <ns3:TrackPointExtension>
            <ns3:hr>138</ns3:hr>
            <ns3:cad>82</ns3:cad>
          </ns3:TrackPointExtension>
        </extensions>
      </trkpt>
      <trkpt lat="23.049849830567836761474609375" lon="113.31486239098012447357177734375">
        <ele>5.19999980926513671875</ele>
        <time>2026-07-29T23:24:02.000Z</time>
        <extensions>
          <ns3:TrackPointExtension>
            <ns3:hr>138</ns3:hr>
            <ns3:cad>82</ns3:cad>
          </ns3:TrackPointExtension>
        </extensions>
      </trkpt>
      <trkpt lat="23.0498488247394561767578125" lon="113.31484763883054256439208984375">
        <ele>5.19999980926513671875</ele>
        <time>2026-07-29T23:24:03.000Z</time>
        <extensions>
          <ns3:TrackPointExtension>
            <ns3:hr>139</ns3:hr>
            <ns3:cad>82</ns3:cad>
          </ns3:TrackPointExtension>
        </extensions>
      </trkpt>
      <trkpt lat="23.04985351860523223876953125" lon="113.31482199020683765411376953125">
        <ele>5</ele>
        <time>2026-07-29T23:24:04.000Z</time>
        <extensions>
          <ns3:TrackPointExtension>
            <ns3:hr>140</ns3:hr>
            <ns3:cad>82</ns3:cad>
          </ns3:TrackPointExtension>
        </extensions>
      </trkpt>
      <trkpt lat="23.049850501120090484619140625" lon="113.3148073218762874603271484375">
        <ele>5</ele>
        <time>2026-07-29T23:24:05.000Z</time>
        <extensions>
          <ns3:TrackPointExtension>
            <ns3:hr>141</ns3:hr>
            <ns3:cad>82</ns3:cad>
          </ns3:TrackPointExtension>
        </extensions>
      </trkpt>
      <trkpt lat="23.04985343478620052337646484375" lon="113.31478209234774112701416015625">
        <ele>5</ele>
        <time>2026-07-29T23:24:06.000Z</time>
        <extensions>
          <ns3:TrackPointExtension>
            <ns3:hr>141</ns3:hr>
            <ns3:cad>82</ns3:cad>
          </ns3:TrackPointExtension>
        </extensions>
      </trkpt>
      <trkpt lat="23.04985913448035717010498046875" lon="113.3147563599050045013427734375">
        <ele>5</ele>
        <time>2026-07-29T23:24:07.000Z</time>
        <extensions>
          <ns3:TrackPointExtension>
            <ns3:hr>141</ns3:hr>
            <ns3:cad>82</ns3:cad>
          </ns3:TrackPointExtension>
        </extensions>
      </trkpt>
      <trkpt lat="23.04985309951007366180419921875" lon="113.3147384226322174072265625">
        <ele>5</ele>
        <time>2026-07-29T23:24:08.000Z</time>
        <extensions>
          <ns3:TrackPointExtension>
            <ns3:hr>141</ns3:hr>
            <ns3:cad>82</ns3:cad>
          </ns3:TrackPointExtension>
        </extensions>
      </trkpt>
      <trkpt lat="23.0498577095568180084228515625" lon="113.31470447592437267303466796875">
        <ele>5</ele>
        <time>2026-07-29T23:24:09.000Z</time>
        <extensions>
          <ns3:TrackPointExtension>
            <ns3:hr>140</ns3:hr>
            <ns3:cad>82</ns3:cad>
          </ns3:TrackPointExtension>
        </extensions>
      </trkpt>
      <trkpt lat="23.04985829629004001617431640625" lon="113.3146847784519195556640625">
        <ele>5</ele>
        <time>2026-07-29T23:24:10.000Z</time>
        <extensions>
          <ns3:TrackPointExtension>
            <ns3:hr>140</ns3:hr>
            <ns3:cad>82</ns3:cad>
          </ns3:TrackPointExtension>
        </extensions>
      </trkpt>
      <trkpt lat="23.04985628463327884674072265625" lon="113.31466239877045154571533203125">
        <ele>5</ele>
        <time>2026-07-29T23:24:11.000Z</time>
        <extensions>
          <ns3:TrackPointExtension>
            <ns3:hr>140</ns3:hr>
            <ns3:cad>82</ns3:cad>
          </ns3:TrackPointExtension>
        </extensions>
      </trkpt>
      <trkpt lat="23.04986248724162578582763671875" lon="113.31463540904223918914794921875">
        <ele>5</ele>
        <time>2026-07-29T23:24:12.000Z</time>
        <extensions>
          <ns3:TrackPointExtension>
            <ns3:hr>139</ns3:hr>
            <ns3:cad>82</ns3:cad>
          </ns3:TrackPointExtension>
        </extensions>
      </trkpt>
      <trkpt lat="23.0498568713665008544921875" lon="113.3146205730736255645751953125">
        <ele>5.19999980926513671875</ele>
        <time>2026-07-29T23:24:13.000Z</time>
        <extensions>
          <ns3:TrackPointExtension>
            <ns3:hr>139</ns3:hr>
            <ns3:cad>82</ns3:cad>
          </ns3:TrackPointExtension>
        </extensions>
      </trkpt>
      <trkpt lat="23.04985729046165943145751953125" lon="113.3145880512893199920654296875">
        <ele>5</ele>
        <time>2026-07-29T23:24:14.000Z</time>
        <extensions>
          <ns3:TrackPointExtension>
            <ns3:hr>138</ns3:hr>
            <ns3:cad>82</ns3:cad>
          </ns3:TrackPointExtension>
        </extensions>
      </trkpt>
      <trkpt lat="23.04986047558486461639404296875" lon="113.3145625703036785125732421875">
        <ele>5</ele>
        <time>2026-07-29T23:24:15.000Z</time>
        <extensions>
          <ns3:TrackPointExtension>
            <ns3:hr>138</ns3:hr>
            <ns3:cad>82</ns3:cad>
          </ns3:TrackPointExtension>
        </extensions>
      </trkpt>
      <trkpt lat="23.049855865538120269775390625" lon="113.31454270519316196441650390625">
        <ele>5</ele>
        <time>2026-07-29T23:24:16.000Z</time>
        <extensions>
          <ns3:TrackPointExtension>
            <ns3:hr>138</ns3:hr>
            <ns3:cad>82</ns3:cad>
          </ns3:TrackPointExtension>
        </extensions>
      </trkpt>
      <trkpt lat="23.049856536090373992919921875" lon="113.3145106025040149688720703125">
        <ele>5</ele>
        <time>2026-07-29T23:24:17.000Z</time>
        <extensions>
          <ns3:TrackPointExtension>
            <ns3:hr>138</ns3:hr>
            <ns3:cad>82</ns3:cad>
          </ns3:TrackPointExtension>
        </extensions>
      </trkpt>
      <trkpt lat="23.04985326714813709259033203125" lon="113.31449635326862335205078125">
        <ele>5</ele>
        <time>2026-07-29T23:24:18.000Z</time>
        <extensions>
          <ns3:TrackPointExtension>
            <ns3:hr>139</ns3:hr>
            <ns3:cad>82</ns3:cad>
          </ns3:TrackPointExtension>
        </extensions>
      </trkpt>
      <trkpt lat="23.049852512776851654052734375" lon="113.3144743926823139190673828125">
        <ele>5</ele>
        <time>2026-07-29T23:24:19.000Z</time>
        <extensions>
          <ns3:TrackPointExtension>
            <ns3:hr>139</ns3:hr>
            <ns3:cad>82</ns3:cad>
          </ns3:TrackPointExtension>
        </extensions>
      </trkpt>
      <trkpt lat="23.0498620681464672088623046875" lon="113.3144465647637844085693359375">
        <ele>5</ele>
        <time>2026-07-29T23:24:20.000Z</time>
        <extensions>
          <ns3:TrackPointExtension>
            <ns3:hr>139</ns3:hr>
            <ns3:cad>83</ns3:cad>
          </ns3:TrackPointExtension>
        </extensions>
      </trkpt>
      <trkpt lat="23.04985745809972286224365234375" lon="113.31443139351904392242431640625">
        <ele>5</ele>
        <time>2026-07-29T23:24:21.000Z</time>
        <extensions>
          <ns3:TrackPointExtension>
            <ns3:hr>139</ns3:hr>
            <ns3:cad>83</ns3:cad>
          </ns3:TrackPointExtension>
        </extensions>
      </trkpt>
      <trkpt lat="23.0498577095568180084228515625" lon="113.31440306268632411956787109375">
        <ele>5</ele>
        <time>2026-07-29T23:24:22.000Z</time>
        <extensions>
          <ns3:TrackPointExtension>
            <ns3:hr>139</ns3:hr>
            <ns3:cad>83</ns3:cad>
          </ns3:TrackPointExtension>
        </extensions>
      </trkpt>
      <trkpt lat="23.049858547747135162353515625" lon="113.31438143737614154815673828125">
        <ele>5</ele>
        <time>2026-07-29T23:24:23.000Z</time>
        <extensions>
          <ns3:TrackPointExtension>
            <ns3:hr>138</ns3:hr>
            <ns3:cad>82</ns3:cad>
          </ns3:TrackPointExtension>
        </extensions>
      </trkpt>
      <trkpt lat="23.04985360242426395416259765625" lon="113.31436014734208583831787109375">
        <ele>5</ele>
        <time>2026-07-29T23:24:24.000Z</time>
        <extensions>
          <ns3:TrackPointExtension>
            <ns3:hr>138</ns3:hr>
            <ns3:cad>81</ns3:cad>
          </ns3:TrackPointExtension>
        </extensions>
      </trkpt>
      <trkpt lat="23.04985661990940570831298828125" lon="113.314326368272304534912109375">
        <ele>5.19999980926513671875</ele>
        <time>2026-07-29T23:24:25.000Z</time>
        <extensions>
          <ns3:TrackPointExtension>
            <ns3:hr>138</ns3:hr>
            <ns3:cad>81</ns3:cad>
          </ns3:TrackPointExtension>
        </extensions>
      </trkpt>
      <trkpt lat="23.04985729046165943145751953125" lon="113.31431203521788120269775390625">
        <ele>5</ele>
        <time>2026-07-29T23:24:26.000Z</time>
        <extensions>
          <ns3:TrackPointExtension>
            <ns3:hr>138</ns3:hr>
            <ns3:cad>82</ns3:cad>
          </ns3:TrackPointExtension>
        </extensions>
      </trkpt>
      <trkpt lat="23.04985293187201023101806640625" lon="113.3142909966409206390380859375">
        <ele>5</ele>
        <time>2026-07-29T23:24:27.000Z</time>
        <extensions>
          <ns3:TrackPointExtension>
            <ns3:hr>138</ns3:hr>
            <ns3:cad>82</ns3:cad>
          </ns3:TrackPointExtension>
        </extensions>
      </trkpt>
      <trkpt lat="23.04985360242426395416259765625" lon="113.31425906158983707427978515625">
        <ele>5</ele>
        <time>2026-07-29T23:24:28.000Z</time>
        <extensions>
          <ns3:TrackPointExtension>
            <ns3:hr>138</ns3:hr>
            <ns3:cad>82</ns3:cad>
          </ns3:TrackPointExtension>
        </extensions>
      </trkpt>
      <trkpt lat="23.0498456396162509918212890625" lon="113.3142403699457645416259765625">
        <ele>5</ele>
        <time>2026-07-29T23:24:29.000Z</time>
        <extensions>
          <ns3:TrackPointExtension>
            <ns3:hr>138</ns3:hr>
            <ns3:cad>82</ns3:cad>
          </ns3:TrackPointExtension>
        </extensions>
      </trkpt>
      <trkpt lat="23.04984622634947299957275390625" lon="113.3142128773033618927001953125">
        <ele>5</ele>
        <time>2026-07-29T23:24:30.000Z</time>
        <extensions>
          <ns3:TrackPointExtension>
            <ns3:hr>138</ns3:hr>
            <ns3:cad>82</ns3:cad>
          </ns3:TrackPointExtension>
        </extensions>
      </trkpt>
      <trkpt lat="23.0498493276536464691162109375" lon="113.31418999470770359039306640625">
        <ele>5</ele>
        <time>2026-07-29T23:24:31.000Z</time>
        <extensions>
          <ns3:TrackPointExtension>
            <ns3:hr>138</ns3:hr>
            <ns3:cad>82</ns3:cad>
          </ns3:TrackPointExtension>
        </extensions>
      </trkpt>
      <trkpt lat="23.04984287358820438385009765625" lon="113.3141713030636310577392578125">
        <ele>5.19999980926513671875</ele>
        <time>2026-07-29T23:24:32.000Z</time>
        <extensions>
          <ns3:TrackPointExtension>
            <ns3:hr>138</ns3:hr>
            <ns3:cad>82</ns3:cad>
          </ns3:TrackPointExtension>
        </extensions>
      </trkpt>
      <trkpt lat="23.04984681308269500732421875" lon="113.31413936801254749298095703125">
        <ele>5.19999980926513671875</ele>
        <time>2026-07-29T23:24:33.000Z</time>
        <extensions>
          <ns3:TrackPointExtension>
            <ns3:hr>138</ns3:hr>
            <ns3:cad>82</ns3:cad>
          </ns3:TrackPointExtension>
        </extensions>
      </trkpt>
      <trkpt lat="23.04984756745398044586181640625" lon="113.314122520387172698974609375">
        <ele>5.19999980926513671875</ele>
        <time>2026-07-29T23:24:34.000Z</time>
        <extensions>
          <ns3:TrackPointExtension>
            <ns3:hr>138</ns3:hr>
            <ns3:cad>82</ns3:cad>
          </ns3:TrackPointExtension>
        </extensions>
      </trkpt>
      <trkpt lat="23.04984572343528270721435546875" lon="113.31410315819084644317626953125">
        <ele>5.19999980926513671875</ele>
        <time>2026-07-29T23:24:35.000Z</time>
        <extensions>
          <ns3:TrackPointExtension>
            <ns3:hr>139</ns3:hr>
            <ns3:cad>82</ns3:cad>
          </ns3:TrackPointExtension>
        </extensions>
      </trkpt>
      <trkpt lat="23.0498526804149150848388671875" lon="113.314076252281665802001953125">
        <ele>5</ele>
        <time>2026-07-29T23:24:36.000Z</time>
        <extensions>
          <ns3:TrackPointExtension>
            <ns3:hr>140</ns3:hr>
            <ns3:cad>82</ns3:cad>
          </ns3:TrackPointExtension>
        </extensions>
      </trkpt>
      <trkpt lat="23.0498513393104076385498046875" lon="113.3140620030462741851806640625">
        <ele>5</ele>
        <time>2026-07-29T23:24:37.000Z</time>
        <extensions>
          <ns3:TrackPointExtension>
            <ns3:hr>140</ns3:hr>
            <ns3:cad>82</ns3:cad>
          </ns3:TrackPointExtension>
        </extensions>
      </trkpt>
      <trkpt lat="23.049853183329105377197265625" lon="113.3140318281948566436767578125">
        <ele>5</ele>
        <time>2026-07-29T23:24:38.000Z</time>
        <extensions>
          <ns3:TrackPointExtension>
            <ns3:hr>140</ns3:hr>
            <ns3:cad>82</ns3:cad>
          </ns3:TrackPointExtension>
        </extensions>
      </trkpt>
      <trkpt lat="23.049856536090373992919921875" lon="113.31401229836046695709228515625">
        <ele>5</ele>
        <time>2026-07-29T23:24:39.000Z</time>
        <extensions>
          <ns3:TrackPointExtension>
            <ns3:hr>140</ns3:hr>
            <ns3:cad>82</ns3:cad>
          </ns3:TrackPointExtension>
        </extensions>
      </trkpt>
      <trkpt lat="23.0498503334820270538330078125" lon="113.31399134360253810882568359375">
        <ele>5</ele>
        <time>2026-07-29T23:24:40.000Z</time>
        <extensions>
          <ns3:TrackPointExtension>
            <ns3:hr>140</ns3:hr>
            <ns3:cad>82</ns3:cad>
          </ns3:TrackPointExtension>
        </extensions>
      </trkpt>
      <trkpt lat="23.0498560331761837005615234375" lon="113.31396284513175487518310546875">
        <ele>5.19999980926513671875</ele>
        <time>2026-07-29T23:24:41.000Z</time>
        <extensions>
          <ns3:TrackPointExtension>
            <ns3:hr>140</ns3:hr>
            <ns3:cad>82</ns3:cad>
          </ns3:TrackPointExtension>
        </extensions>
      </trkpt>
      <trkpt lat="23.04985729046165943145751953125" lon="113.3139446564018726348876953125">
        <ele>5.19999980926513671875</ele>
        <time>2026-07-29T23:24:42.000Z</time>
        <extensions>
          <ns3:TrackPointExtension>
            <ns3:hr>140</ns3:hr>
            <ns3:cad>82</ns3:cad>
          </ns3:TrackPointExtension>
        </extensions>
      </trkpt>
      <trkpt lat="23.049858547747135162353515625" lon="113.31392043270170688629150390625">
        <ele>5.19999980926513671875</ele>
        <time>2026-07-29T23:24:43.000Z</time>
        <extensions>
          <ns3:TrackPointExtension>
            <ns3:hr>140</ns3:hr>
            <ns3:cad>82</ns3:cad>
          </ns3:TrackPointExtension>
        </extensions>
      </trkpt>
      <trkpt lat="23.04986097849905490875244140625" lon="113.31389260478317737579345703125">
        <ele>5</ele>
        <time>2026-07-29T23:24:44.000Z</time>
        <extensions>
          <ns3:TrackPointExtension>
            <ns3:hr>140</ns3:hr>
            <ns3:cad>82</ns3:cad>
          </ns3:TrackPointExtension>
        </extensions>
      </trkpt>
      <trkpt lat="23.04985460825264453887939453125" lon="113.31387684680521488189697265625">
        <ele>5</ele>
        <time>2026-07-29T23:24:45.000Z</time>
        <extensions>
          <ns3:TrackPointExtension>
            <ns3:hr>140</ns3:hr>
            <ns3:cad>83</ns3:cad>
          </ns3:TrackPointExtension>
        </extensions>
      </trkpt>
      <trkpt lat="23.04985427297651767730712890625" lon="113.313846923410892486572265625">
        <ele>5</ele>
        <time>2026-07-29T23:24:46.000Z</time>
        <extensions>
          <ns3:TrackPointExtension>
            <ns3:hr>140</ns3:hr>
            <ns3:cad>83</ns3:cad>
          </ns3:TrackPointExtension>
        </extensions>
      </trkpt>
      <trkpt lat="23.0498570390045642852783203125" lon="113.31382789649069309234619140625">
        <ele>5</ele>
        <time>2026-07-29T23:24:47.000Z</time>
        <extensions>
          <ns3:TrackPointExtension>
            <ns3:hr>140</ns3:hr>
            <ns3:cad>83</ns3:cad>
          </ns3:TrackPointExtension>
        </extensions>
      </trkpt>
      <trkpt lat="23.04985242895781993865966796875" lon="113.3138105459511280059814453125">
        <ele>5</ele>
        <time>2026-07-29T23:24:48.000Z</time>
        <extensions>
          <ns3:TrackPointExtension>
            <ns3:hr>139</ns3:hr>
            <ns3:cad>82</ns3:cad>
          </ns3:TrackPointExtension>
        </extensions>
      </trkpt>
      <trkpt lat="23.04985712282359600067138671875" lon="113.313780538737773895263671875">
        <ele>5</ele>
        <time>2026-07-29T23:24:49.000Z</time>
        <extensions>
          <ns3:TrackPointExtension>
            <ns3:hr>139</ns3:hr>
            <ns3:cad>82</ns3:cad>
          </ns3:TrackPointExtension>
        </extensions>
      </trkpt>
      <trkpt lat="23.0498560331761837005615234375" lon="113.31376318819820880889892578125">
        <ele>5</ele>
        <time>2026-07-29T23:24:50.000Z</time>
        <extensions>
          <ns3:TrackPointExtension>
            <ns3:hr>139</ns3:hr>
            <ns3:cad>82</ns3:cad>
          </ns3:TrackPointExtension>
        </extensions>
      </trkpt>
      <trkpt lat="23.0498577095568180084228515625" lon="113.31374173052608966827392578125">
        <ele>5</ele>
        <time>2026-07-29T23:24:51.000Z</time>
        <extensions>
          <ns3:TrackPointExtension>
            <ns3:hr>139</ns3:hr>
            <ns3:cad>82</ns3:cad>
          </ns3:TrackPointExtension>
        </extensions>
      </trkpt>
      <trkpt lat="23.04985796101391315460205078125" lon="113.3137210272252559661865234375">
        <ele>5</ele>
        <time>2026-07-29T23:24:52.000Z</time>
        <extensions>
          <ns3:TrackPointExtension>
            <ns3:hr>139</ns3:hr>
            <ns3:cad>82</ns3:cad>
          </ns3:TrackPointExtension>
        </extensions>
      </trkpt>
      <trkpt lat="23.0498541891574859619140625" lon="113.31370434723794460296630859375">
        <ele>5</ele>
        <time>2026-07-29T23:24:53.000Z</time>
        <extensions>
          <ns3:TrackPointExtension>
            <ns3:hr>139</ns3:hr>
            <ns3:cad>82</ns3:cad>
          </ns3:TrackPointExtension>
        </extensions>
      </trkpt>
      <trkpt lat="23.04985729046165943145751953125" lon="113.3136801235377788543701171875">
        <ele>5</ele>
        <time>2026-07-29T23:24:54.000Z</time>
        <extensions>
          <ns3:TrackPointExtension>
            <ns3:hr>139</ns3:hr>
            <ns3:cad>82</ns3:cad>
          </ns3:TrackPointExtension>
        </extensions>
      </trkpt>
      <trkpt lat="23.0498563684523105621337890625" lon="113.3136610127985477447509765625">
        <ele>5</ele>
        <time>2026-07-29T23:24:55.000Z</time>
        <extensions>
          <ns3:TrackPointExtension>
            <ns3:hr>139</ns3:hr>
            <ns3:cad>82</ns3:cad>
          </ns3:TrackPointExtension>
        </extensions>
      </trkpt>
      <trkpt lat="23.0498543567955493927001953125" lon="113.31364181824028491973876953125">
        <ele>5</ele>
        <time>2026-07-29T23:24:56.000Z</time>
        <extensions>
          <ns3:TrackPointExtension>
            <ns3:hr>138</ns3:hr>
            <ns3:cad>82</ns3:cad>
          </ns3:TrackPointExtension>
        </extensions>
      </trkpt>
      <trkpt lat="23.04985888302326202392578125" lon="113.31361549906432628631591796875">
        <ele>4.80000019073486328125</ele>
        <time>2026-07-29T23:24:57.000Z</time>
        <extensions>
          <ns3:TrackPointExtension>
            <ns3:hr>139</ns3:hr>
            <ns3:cad>82</ns3:cad>
          </ns3:TrackPointExtension>
        </extensions>
      </trkpt>
      <trkpt lat="23.049850501120090484619140625" lon="113.3136006630957126617431640625">
        <ele>4.80000019073486328125</ele>
        <time>2026-07-29T23:24:58.000Z</time>
        <extensions>
          <ns3:TrackPointExtension>
            <ns3:hr>138</ns3:hr>
            <ns3:cad>82</ns3:cad>
          </ns3:TrackPointExtension>
        </extensions>
      </trkpt>
      <trkpt lat="23.04985125549137592315673828125" lon="113.3135678060352802276611328125">
        <ele>4.80000019073486328125</ele>
        <time>2026-07-29T23:24:59.000Z</time>
        <extensions>
          <ns3:TrackPointExtension>
            <ns3:hr>138</ns3:hr>
            <ns3:cad>82</ns3:cad>
          </ns3:TrackPointExtension>
        </extensions>
      </trkpt>
      <trkpt lat="23.049852848052978515625" lon="113.31354659982025623321533203125">
        <ele>4.80000019073486328125</ele>
        <time>2026-07-29T23:25:00.000Z</time>
        <extensions>
          <ns3:TrackPointExtension>
            <ns3:hr>139</ns3:hr>
            <ns3:cad>82</ns3:cad>
          </ns3:TrackPointExtension>
        </extensions>
      </trkpt>
      <trkpt lat="23.04984974674880504608154296875" lon="113.3135245554149150848388671875">
        <ele>4.80000019073486328125</ele>
        <time>2026-07-29T23:25:01.000Z</time>
        <extensions>
          <ns3:TrackPointExtension>
            <ns3:hr>139</ns3:hr>
            <ns3:cad>82</ns3:cad>
          </ns3:TrackPointExtension>
        </extensions>
      </trkpt>
      <trkpt lat="23.04985293187201023101806640625" lon="113.31349429674446582794189453125">
        <ele>5</ele>
        <time>2026-07-29T23:25:02.000Z</time>
        <extensions>
          <ns3:TrackPointExtension>
            <ns3:hr>139</ns3:hr>
            <ns3:cad>83</ns3:cad>
          </ns3:TrackPointExtension>
        </extensions>
      </trkpt>
      <trkpt lat="23.0498526804149150848388671875" lon="113.313476108014583587646484375">
        <ele>5</ele>
        <time>2026-07-29T23:25:03.000Z</time>
        <extensions>
          <ns3:TrackPointExtension>
            <ns3:hr>139</ns3:hr>
            <ns3:cad>83</ns3:cad>
          </ns3:TrackPointExtension>
        </extensions>
      </trkpt>
      <trkpt lat="23.0498540215194225311279296875" lon="113.3134536445140838623046875">
        <ele>5</ele>
        <time>2026-07-29T23:25:04.000Z</time>
        <extensions>
          <ns3:TrackPointExtension>
            <ns3:hr>139</ns3:hr>
            <ns3:cad>83</ns3:cad>
          </ns3:TrackPointExtension>
        </extensions>
      </trkpt>
      <trkpt lat="23.04985946975648403167724609375" lon="113.313428498804569244384765625">
        <ele>4.80000019073486328125</ele>
        <time>2026-07-29T23:25:05.000Z</time>
        <extensions>
          <ns3:TrackPointExtension>
            <ns3:hr>140</ns3:hr>
            <ns3:cad>82</ns3:cad>
          </ns3:TrackPointExtension>
        </extensions>
      </trkpt>
      <trkpt lat="23.0498540215194225311279296875" lon="113.31341332755982875823974609375">
        <ele>4.80000019073486328125</ele>
        <time>2026-07-29T23:25:06.000Z</time>
        <extensions>
          <ns3:TrackPointExtension>
            <ns3:hr>140</ns3:hr>
            <ns3:cad>82</ns3:cad>
          </ns3:TrackPointExtension>
        </extensions>
      </trkpt>
      <trkpt lat="23.04985393770039081573486328125" lon="113.313382565975189208984375">
        <ele>4.80000019073486328125</ele>
        <time>2026-07-29T23:25:07.000Z</time>
        <extensions>
          <ns3:TrackPointExtension>
            <ns3:hr>140</ns3:hr>
            <ns3:cad>82</ns3:cad>
          </ns3:TrackPointExtension>
        </extensions>
      </trkpt>
      <trkpt lat="23.04985863156616687774658203125" lon="113.31336018629372119903564453125">
        <ele>4.80000019073486328125</ele>
        <time>2026-07-29T23:25:08.000Z</time>
        <extensions>
          <ns3:TrackPointExtension>
            <ns3:hr>140</ns3:hr>
            <ns3:cad>82</ns3:cad>
          </ns3:TrackPointExtension>
        </extensions>
      </trkpt>
      <trkpt lat="23.049853853881359100341796875" lon="113.3133468590676784515380859375">
        <ele>4.80000019073486328125</ele>
        <time>2026-07-29T23:25:09.000Z</time>
        <extensions>
          <ns3:TrackPointExtension>
            <ns3:hr>139</ns3:hr>
            <ns3:cad>82</ns3:cad>
          </ns3:TrackPointExtension>
        </extensions>
      </trkpt>
      <trkpt lat="23.04985620081424713134765625" lon="113.31331760622560977935791015625">
        <ele>4.80000019073486328125</ele>
        <time>2026-07-29T23:25:10.000Z</time>
        <extensions>
          <ns3:TrackPointExtension>
            <ns3:hr>139</ns3:hr>
            <ns3:cad>82</ns3:cad>
          </ns3:TrackPointExtension>
        </extensions>
      </trkpt>
      <trkpt lat="23.04985678754746913909912109375" lon="113.31329866312444210052490234375">
        <ele>5</ele>
        <time>2026-07-29T23:25:11.000Z</time>
        <extensions>
          <ns3:TrackPointExtension>
            <ns3:hr>139</ns3:hr>
            <ns3:cad>82</ns3:cad>
          </ns3:TrackPointExtension>
        </extensions>
      </trkpt>
      <trkpt lat="23.049857877194881439208984375" lon="113.31327519379556179046630859375">
        <ele>4.80000019073486328125</ele>
        <time>2026-07-29T23:25:12.000Z</time>
        <extensions>
          <ns3:TrackPointExtension>
            <ns3:hr>139</ns3:hr>
            <ns3:cad>82</ns3:cad>
          </ns3:TrackPointExtension>
        </extensions>
      </trkpt>
      <trkpt lat="23.04986265487968921661376953125" lon="113.31324602477252483367919921875">
        <ele>4.80000019073486328125</ele>
        <time>2026-07-29T23:25:13.000Z</time>
        <extensions>
          <ns3:TrackPointExtension>
            <ns3:hr>140</ns3:hr>
            <ns3:cad>82</ns3:cad>
          </ns3:TrackPointExtension>
        </extensions>
      </trkpt>
      <trkpt lat="23.049861900508403778076171875" lon="113.31323127262294292449951171875">
        <ele>4.80000019073486328125</ele>
        <time>2026-07-29T23:25:14.000Z</time>
        <extensions>
          <ns3:TrackPointExtension>
            <ns3:hr>139</ns3:hr>
            <ns3:cad>82</ns3:cad>
          </ns3:TrackPointExtension>
        </extensions>
      </trkpt>
      <trkpt lat="23.049862571060657501220703125" lon="113.313205204904079437255859375">
        <ele>4.80000019073486328125</ele>
        <time>2026-07-29T23:25:15.000Z</time>
        <extensions>
          <ns3:TrackPointExtension>
            <ns3:hr>140</ns3:hr>
            <ns3:cad>83</ns3:cad>
          </ns3:TrackPointExtension>
        </extensions>
      </trkpt>
      <trkpt lat="23.04986768402159214019775390625" lon="113.313181735575199127197265625">
        <ele>4.80000019073486328125</ele>
        <time>2026-07-29T23:25:16.000Z</time>
        <extensions>
          <ns3:TrackPointExtension>
            <ns3:hr>139</ns3:hr>
            <ns3:cad>83</ns3:cad>
          </ns3:TrackPointExtension>
        </extensions>
      </trkpt>
      <trkpt lat="23.04986148141324520111083984375" lon="113.3131641335785388946533203125">
        <ele>4.80000019073486328125</ele>
        <time>2026-07-29T23:25:17.000Z</time>
        <extensions>
          <ns3:TrackPointExtension>
            <ns3:hr>139</ns3:hr>
            <ns3:cad>82</ns3:cad>
          </ns3:TrackPointExtension>
        </extensions>
      </trkpt>
      <trkpt lat="23.0498630739748477935791015625" lon="113.31313244998455047607421875">
        <ele>4.80000019073486328125</ele>
        <time>2026-07-29T23:25:18.000Z</time>
        <extensions>
          <ns3:TrackPointExtension>
            <ns3:hr>139</ns3:hr>
            <ns3:cad>82</ns3:cad>
          </ns3:TrackPointExtension>
        </extensions>
      </trkpt>
      <trkpt lat="23.0498660914599895477294921875" lon="113.3131068013608455657958984375">
        <ele>4.80000019073486328125</ele>
        <time>2026-07-29T23:25:19.000Z</time>
        <extensions>
          <ns3:TrackPointExtension>
            <ns3:hr>139</ns3:hr>
            <ns3:cad>82</ns3:cad>
          </ns3:TrackPointExtension>
        </extensions>
      </trkpt>
      <trkpt lat="23.04986282251775264739990234375" lon="113.31308551132678985595703125">
        <ele>4.80000019073486328125</ele>
        <time>2026-07-29T23:25:20.000Z</time>
        <extensions>
          <ns3:TrackPointExtension>
            <ns3:hr>138</ns3:hr>
            <ns3:cad>82</ns3:cad>
          </ns3:TrackPointExtension>
        </extensions>
      </trkpt>
      <trkpt lat="23.04986785165965557098388671875" lon="113.313059024512767791748046875">
        <ele>4.80000019073486328125</ele>
        <time>2026-07-29T23:25:21.000Z</time>
        <extensions>
          <ns3:TrackPointExtension>
            <ns3:hr>138</ns3:hr>
            <ns3:cad>83</ns3:cad>
          </ns3:TrackPointExtension>
        </extensions>
      </trkpt>
      <trkpt lat="23.049863912165164947509765625" lon="113.3130464516580104827880859375">
        <ele>4.80000019073486328125</ele>
        <time>2026-07-29T23:25:22.000Z</time>
        <extensions>
          <ns3:TrackPointExtension>
            <ns3:hr>138</ns3:hr>
            <ns3:cad>83</ns3:cad>
          </ns3:TrackPointExtension>
        </extensions>
      </trkpt>
      <trkpt lat="23.0498634092509746551513671875" lon="113.3130203001201152801513671875">
        <ele>4.80000019073486328125</ele>
        <time>2026-07-29T23:25:23.000Z</time>
        <extensions>
          <ns3:TrackPointExtension>
            <ns3:hr>137</ns3:hr>
            <ns3:cad>83</ns3:cad>
          </ns3:TrackPointExtension>
        </extensions>
      </trkpt>
      <trkpt lat="23.04986290633678436279296875" lon="113.313000015914440155029296875">
        <ele>4.80000019073486328125</ele>
        <time>2026-07-29T23:25:24.000Z</time>
        <extensions>
          <ns3:TrackPointExtension>
            <ns3:hr>137</ns3:hr>
            <ns3:cad>82</ns3:cad>
          </ns3:TrackPointExtension>
        </extensions>
      </trkpt>
      <trkpt lat="23.04985829629004001617431640625" lon="113.31298149190843105316162109375">
        <ele>4.80000019073486328125</ele>
        <time>2026-07-29T23:25:25.000Z</time>
        <extensions>
          <ns3:TrackPointExtension>
            <ns3:hr>137</ns3:hr>
            <ns3:cad>82</ns3:cad>
          </ns3:TrackPointExtension>
        </extensions>
      </trkpt>
      <trkpt lat="23.0498600564897060394287109375" lon="113.3129522390663623809814453125">
        <ele>4.80000019073486328125</ele>
        <time>2026-07-29T23:25:26.000Z</time>
        <extensions>
          <ns3:TrackPointExtension>
            <ns3:hr>136</ns3:hr>
            <ns3:cad>82</ns3:cad>
          </ns3:TrackPointExtension>
        </extensions>
      </trkpt>
      <trkpt lat="23.0498600564897060394287109375" lon="113.31293337978422641754150390625">
        <ele>4.80000019073486328125</ele>
        <time>2026-07-29T23:25:27.000Z</time>
        <extensions>
          <ns3:TrackPointExtension>
            <ns3:hr>136</ns3:hr>
            <ns3:cad>82</ns3:cad>
          </ns3:TrackPointExtension>
        </extensions>
      </trkpt>
      <trkpt lat="23.049857206642627716064453125" lon="113.31290370784699916839599609375">
        <ele>4.80000019073486328125</ele>
        <time>2026-07-29T23:25:28.000Z</time>
        <extensions>
          <ns3:TrackPointExtension>
            <ns3:hr>136</ns3:hr>
            <ns3:cad>82</ns3:cad>
          </ns3:TrackPointExtension>
        </extensions>
      </trkpt>
      <trkpt lat="23.0498583801090717315673828125" lon="113.3128788135945796966552734375">
        <ele>4.599999904632568359375</ele>
        <time>2026-07-29T23:25:29.000Z</time>
        <extensions>
          <ns3:TrackPointExtension>
            <ns3:hr>136</ns3:hr>
            <ns3:cad>82</ns3:cad>
          </ns3:TrackPointExtension>
        </extensions>
      </trkpt>
      <trkpt lat="23.04985192604362964630126953125" lon="113.3128643967211246490478515625">
        <ele>4.599999904632568359375</ele>
        <time>2026-07-29T23:25:30.000Z</time>
        <extensions>
          <ns3:TrackPointExtension>
            <ns3:hr>137</ns3:hr>
            <ns3:cad>83</ns3:cad>
          </ns3:TrackPointExtension>
        </extensions>
      </trkpt>
      <trkpt lat="23.04985485970973968505859375" lon="113.31283229403197765350341796875">
        <ele>4.599999904632568359375</ele>
        <time>2026-07-29T23:25:31.000Z</time>
        <extensions>
          <ns3:TrackPointExtension>
            <ns3:hr>136</ns3:hr>
            <ns3:cad>83</ns3:cad>
          </ns3:TrackPointExtension>
        </extensions>
      </trkpt>
      <trkpt lat="23.04985645227134227752685546875" lon="113.3128167875111103057861328125">
        <ele>4.80000019073486328125</ele>
        <time>2026-07-29T23:25:32.000Z</time>
        <extensions>
          <ns3:TrackPointExtension>
            <ns3:hr>136</ns3:hr>
            <ns3:cad>83</ns3:cad>
          </ns3:TrackPointExtension>
        </extensions>
      </trkpt>
      <trkpt lat="23.04985377006232738494873046875" lon="113.31279507838189601898193359375">
        <ele>4.80000019073486328125</ele>
        <time>2026-07-29T23:25:33.000Z</time>
        <extensions>
          <ns3:TrackPointExtension>
            <ns3:hr>137</ns3:hr>
            <ns3:cad>83</ns3:cad>
          </ns3:TrackPointExtension>
        </extensions>
      </trkpt>
      <trkpt lat="23.04985821247100830078125" lon="113.31277395598590373992919921875">
        <ele>4.80000019073486328125</ele>
        <time>2026-07-29T23:25:34.000Z</time>
        <extensions>
          <ns3:TrackPointExtension>
            <ns3:hr>136</ns3:hr>
            <ns3:cad>83</ns3:cad>
          </ns3:TrackPointExtension>
        </extensions>
      </trkpt>
      <trkpt lat="23.04985351860523223876953125" lon="113.31275291740894317626953125">
        <ele>4.80000019073486328125</ele>
        <time>2026-07-29T23:25:35.000Z</time>
        <extensions>
          <ns3:TrackPointExtension>
            <ns3:hr>136</ns3:hr>
            <ns3:cad>82</ns3:cad>
          </ns3:TrackPointExtension>
        </extensions>
      </trkpt>
      <trkpt lat="23.04985041730105876922607421875" lon="113.31273145973682403564453125">
        <ele>4.80000019073486328125</ele>
        <time>2026-07-29T23:25:36.000Z</time>
        <extensions>
          <ns3:TrackPointExtension>
            <ns3:hr>137</ns3:hr>
            <ns3:cad>82</ns3:cad>
          </ns3:TrackPointExtension>
        </extensions>
      </trkpt>
      <trkpt lat="23.04985159076750278472900390625" lon="113.31271092407405376434326171875">
        <ele>4.80000019073486328125</ele>
        <time>2026-07-29T23:25:37.000Z</time>
        <extensions>
          <ns3:TrackPointExtension>
            <ns3:hr>136</ns3:hr>
            <ns3:cad>82</ns3:cad>
          </ns3:TrackPointExtension>
        </extensions>
      </trkpt>
      <trkpt lat="23.04984748363494873046875" lon="113.31269382499158382415771484375">
        <ele>4.80000019073486328125</ele>
        <time>2026-07-29T23:25:38.000Z</time>
        <extensions>
          <ns3:TrackPointExtension>
            <ns3:hr>136</ns3:hr>
            <ns3:cad>82</ns3:cad>
          </ns3:TrackPointExtension>
        </extensions>
      </trkpt>
      <trkpt lat="23.04985041730105876922607421875" lon="113.31265979446470737457275390625">
        <ele>4.80000019073486328125</ele>
        <time>2026-07-29T23:25:39.000Z</time>
        <extensions>
          <ns3:TrackPointExtension>
            <ns3:hr>137</ns3:hr>
            <ns3:cad>82</ns3:cad>
          </ns3:TrackPointExtension>
        </extensions>
      </trkpt>
      <trkpt lat="23.0498568713665008544921875" lon="113.31263716332614421844482421875">
        <ele>4.80000019073486328125</ele>
        <time>2026-07-29T23:25:40.000Z</time>
        <extensions>
          <ns3:TrackPointExtension>
            <ns3:hr>136</ns3:hr>
            <ns3:cad>82</ns3:cad>
          </ns3:TrackPointExtension>
        </extensions>
      </trkpt>
      <trkpt lat="23.0498573742806911468505859375" lon="113.3126136101782321929931640625">
        <ele>4.80000019073486328125</ele>
        <time>2026-07-29T23:25:41.000Z</time>
        <extensions>
          <ns3:TrackPointExtension>
            <ns3:hr>136</ns3:hr>
            <ns3:cad>83</ns3:cad>
          </ns3:TrackPointExtension>
        </extensions>
      </trkpt>
      <trkpt lat="23.0498691089451313018798828125" lon="113.3125857822597026824951171875">
        <ele>4.80000019073486328125</ele>
        <time>2026-07-29T23:25:42.000Z</time>
        <extensions>
          <ns3:TrackPointExtension>
            <ns3:hr>137</ns3:hr>
            <ns3:cad>83</ns3:cad>
          </ns3:TrackPointExtension>
        </extensions>
      </trkpt>
      <trkpt lat="23.04986215196549892425537109375" lon="113.312566839158535003662109375">
        <ele>4.80000019073486328125</ele>
        <time>2026-07-29T23:25:43.000Z</time>
        <extensions>
          <ns3:TrackPointExtension>
            <ns3:hr>136</ns3:hr>
            <ns3:cad>82</ns3:cad>
          </ns3:TrackPointExtension>
        </extensions>
      </trkpt>
      <trkpt lat="23.049864582717418670654296875" lon="113.312535993754863739013671875">
        <ele>4.80000019073486328125</ele>
        <time>2026-07-29T23:25:44.000Z</time>
        <extensions>
          <ns3:TrackPointExtension>
            <ns3:hr>136</ns3:hr>
            <ns3:cad>82</ns3:cad>
          </ns3:TrackPointExtension>
        </extensions>
      </trkpt>
      <trkpt lat="23.04986483417451381683349609375" lon="113.31251797266304492950439453125">
        <ele>4.80000019073486328125</ele>
        <time>2026-07-29T23:25:45.000Z</time>
        <extensions>
          <ns3:TrackPointExtension>
            <ns3:hr>137</ns3:hr>
            <ns3:cad>82</ns3:cad>
          </ns3:TrackPointExtension>
        </extensions>
      </trkpt>
      <trkpt lat="23.0498634092509746551513671875" lon="113.31249685026705265045166015625">
        <ele>4.80000019073486328125</ele>
        <time>2026-07-29T23:25:46.000Z</time>
        <extensions>
          <ns3:TrackPointExtension>
            <ns3:hr>136</ns3:hr>
            <ns3:cad>82</ns3:cad>
          </ns3:TrackPointExtension>
        </extensions>
      </trkpt>
      <trkpt lat="23.0498660914599895477294921875" lon="113.31246793270111083984375">
        <ele>4.80000019073486328125</ele>
        <time>2026-07-29T23:25:47.000Z</time>
        <extensions>
          <ns3:TrackPointExtension>
            <ns3:hr>136</ns3:hr>
            <ns3:cad>82</ns3:cad>
          </ns3:TrackPointExtension>
        </extensions>
      </trkpt>
      <trkpt lat="23.04986433126032352447509765625" lon="113.31244907341897487640380859375">
        <ele>4.80000019073486328125</ele>
        <time>2026-07-29T23:25:48.000Z</time>
        <extensions>
          <ns3:TrackPointExtension>
            <ns3:hr>136</ns3:hr>
            <ns3:cad>82</ns3:cad>
          </ns3:TrackPointExtension>
        </extensions>
      </trkpt>
      <trkpt lat="23.04986282251775264739990234375" lon="113.3124258555471897125244140625">
        <ele>4.80000019073486328125</ele>
        <time>2026-07-29T23:25:49.000Z</time>
        <extensions>
          <ns3:TrackPointExtension>
            <ns3:hr>136</ns3:hr>
            <ns3:cad>82</ns3:cad>
          </ns3:TrackPointExtension>
        </extensions>
      </trkpt>
      <trkpt lat="23.04986584000289440155029296875" lon="113.31239928491413593292236328125">
        <ele>4.80000019073486328125</ele>
        <time>2026-07-29T23:25:50.000Z</time>
        <extensions>
          <ns3:TrackPointExtension>
            <ns3:hr>136</ns3:hr>
            <ns3:cad>82</ns3:cad>
          </ns3:TrackPointExtension>
        </extensions>
      </trkpt>
      <trkpt lat="23.04985829629004001617431640625" lon="113.31237833015620708465576171875">
        <ele>4.80000019073486328125</ele>
        <time>2026-07-29T23:25:51.000Z</time>
        <extensions>
          <ns3:TrackPointExtension>
            <ns3:hr>136</ns3:hr>
            <ns3:cad>82</ns3:cad>
          </ns3:TrackPointExtension>
        </extensions>
      </trkpt>
      <trkpt lat="23.04985762573778629302978515625" lon="113.31234564073383808135986328125">
        <ele>4.80000019073486328125</ele>
        <time>2026-07-29T23:25:52.000Z</time>
        <extensions>
          <ns3:TrackPointExtension>
            <ns3:hr>135</ns3:hr>
            <ns3:cad>82</ns3:cad>
          </ns3:TrackPointExtension>
        </extensions>
      </trkpt>
      <trkpt lat="23.049858547747135162353515625" lon="113.31232602708041667938232421875">
        <ele>4.80000019073486328125</ele>
        <time>2026-07-29T23:25:53.000Z</time>
        <extensions>
          <ns3:TrackPointExtension>
            <ns3:hr>135</ns3:hr>
            <ns3:cad>83</ns3:cad>
          </ns3:TrackPointExtension>
        </extensions>
      </trkpt>
      <trkpt lat="23.049854524433612823486328125" lon="113.312304317951202392578125">
        <ele>4.80000019073486328125</ele>
        <time>2026-07-29T23:25:54.000Z</time>
        <extensions>
          <ns3:TrackPointExtension>
            <ns3:hr>135</ns3:hr>
            <ns3:cad>83</ns3:cad>
          </ns3:TrackPointExtension>
        </extensions>
      </trkpt>
      <trkpt lat="23.04985879920423030853271484375" lon="113.31227741204202175140380859375">
        <ele>4.80000019073486328125</ele>
        <time>2026-07-29T23:25:55.000Z</time>
        <extensions>
          <ns3:TrackPointExtension>
            <ns3:hr>135</ns3:hr>
            <ns3:cad>83</ns3:cad>
          </ns3:TrackPointExtension>
        </extensions>
      </trkpt>
      <trkpt lat="23.04985729046165943145751953125" lon="113.3122627437114715576171875">
        <ele>4.80000019073486328125</ele>
        <time>2026-07-29T23:25:56.000Z</time>
        <extensions>
          <ns3:TrackPointExtension>
            <ns3:hr>135</ns3:hr>
            <ns3:cad>82</ns3:cad>
          </ns3:TrackPointExtension>
        </extensions>
      </trkpt>
      <trkpt lat="23.04985946975648403167724609375" lon="113.312238939106464385986328125">
        <ele>4.80000019073486328125</ele>
        <time>2026-07-29T23:25:57.000Z</time>
        <extensions>
          <ns3:TrackPointExtension>
            <ns3:hr>135</ns3:hr>
            <ns3:cad>81</ns3:cad>
          </ns3:TrackPointExtension>
        </extensions>
      </trkpt>
      <trkpt lat="23.0498624034225940704345703125" lon="113.312217481434345245361328125">
        <ele>4.80000019073486328125</ele>
        <time>2026-07-29T23:25:58.000Z</time>
        <extensions>
          <ns3:TrackPointExtension>
            <ns3:hr>135</ns3:hr>
            <ns3:cad>81</ns3:cad>
          </ns3:TrackPointExtension>
        </extensions>
      </trkpt>
      <trkpt lat="23.0498603917658329010009765625" lon="113.31219795159995555877685546875">
        <ele>4.80000019073486328125</ele>
        <time>2026-07-29T23:25:59.000Z</time>
        <extensions>
          <ns3:TrackPointExtension>
            <ns3:hr>135</ns3:hr>
            <ns3:cad>82</ns3:cad>
          </ns3:TrackPointExtension>
        </extensions>
      </trkpt>
      <trkpt lat="23.049861900508403778076171875" lon="113.3121660165488719940185546875">
        <ele>4.80000019073486328125</ele>
        <time>2026-07-29T23:26:00.000Z</time>
        <extensions>
          <ns3:TrackPointExtension>
            <ns3:hr>135</ns3:hr>
            <ns3:cad>82</ns3:cad>
          </ns3:TrackPointExtension>
        </extensions>
      </trkpt>
      <trkpt lat="23.04985561408102512359619140625" lon="113.312148749828338623046875">
        <ele>4.80000019073486328125</ele>
        <time>2026-07-29T23:26:01.000Z</time>
        <extensions>
          <ns3:TrackPointExtension>
            <ns3:hr>135</ns3:hr>
            <ns3:cad>82</ns3:cad>
          </ns3:TrackPointExtension>
        </extensions>
      </trkpt>
      <trkpt lat="23.04984890855848789215087890625" lon="113.31212486140429973602294921875">
        <ele>4.599999904632568359375</ele>
        <time>2026-07-29T23:26:02.000Z</time>
        <extensions>
          <ns3:TrackPointExtension>
            <ns3:hr>135</ns3:hr>
            <ns3:cad>83</ns3:cad>
          </ns3:TrackPointExtension>
        </extensions>
      </trkpt>
      <trkpt lat="23.04984815418720245361328125" lon="113.31209887750446796417236328125">
        <ele>4.599999904632568359375</ele>
        <time>2026-07-29T23:26:03.000Z</time>
        <extensions>
          <ns3:TrackPointExtension>
            <ns3:hr>135</ns3:hr>
            <ns3:cad>83</ns3:cad>
          </ns3:TrackPointExtension>
        </extensions>
      </trkpt>
      <trkpt lat="23.04983784444630146026611328125" lon="113.31209250725805759429931640625">
        <ele>4.599999904632568359375</ele>
        <time>2026-07-29T23:26:04.000Z</time>
        <extensions>
          <ns3:TrackPointExtension>
            <ns3:hr>136</ns3:hr>
            <ns3:cad>83</ns3:cad>
          </ns3:TrackPointExtension>
        </extensions>
      </trkpt>
      <trkpt lat="23.0498241819441318511962890625" lon="113.31206836737692356109619140625">
        <ele>4.599999904632568359375</ele>
        <time>2026-07-29T23:26:05.000Z</time>
        <extensions>
          <ns3:TrackPointExtension>
            <ns3:hr>136</ns3:hr>
            <ns3:cad>83</ns3:cad>
          </ns3:TrackPointExtension>
        </extensions>
      </trkpt>
      <trkpt lat="23.04981722496449947357177734375" lon="113.31205495633184909820556640625">
        <ele>4.599999904632568359375</ele>
        <time>2026-07-29T23:26:06.000Z</time>
        <extensions>
          <ns3:TrackPointExtension>
            <ns3:hr>137</ns3:hr>
            <ns3:cad>83</ns3:cad>
          </ns3:TrackPointExtension>
        </extensions>
      </trkpt>
      <trkpt lat="23.0498037301003932952880859375" lon="113.31204347312450408935546875">
        <ele>4.599999904632568359375</ele>
        <time>2026-07-29T23:26:07.000Z</time>
        <extensions>
          <ns3:TrackPointExtension>
            <ns3:hr>137</ns3:hr>
            <ns3:cad>83</ns3:cad>
          </ns3:TrackPointExtension>
        </extensions>
      </trkpt>
      <trkpt lat="23.04978906176984310150146484375" lon="113.3120215125381946563720703125">
        <ele>4.599999904632568359375</ele>
        <time>2026-07-29T23:26:08.000Z</time>
        <extensions>
          <ns3:TrackPointExtension>
            <ns3:hr>137</ns3:hr>
            <ns3:cad>83</ns3:cad>
          </ns3:TrackPointExtension>
        </extensions>
      </trkpt>
      <trkpt lat="23.049779422581195831298828125" lon="113.31201530992984771728515625">
        <ele>4.599999904632568359375</ele>
        <time>2026-07-29T23:26:09.000Z</time>
        <extensions>
          <ns3:TrackPointExtension>
            <ns3:hr>137</ns3:hr>
            <ns3:cad>83</ns3:cad>
          </ns3:TrackPointExtension>
        </extensions>
      </trkpt>
      <trkpt lat="23.04976190440356731414794921875" lon="113.311998881399631500244140625">
        <ele>4.599999904632568359375</ele>
        <time>2026-07-29T23:26:10.000Z</time>
        <extensions>
          <ns3:TrackPointExtension>
            <ns3:hr>136</ns3:hr>
            <ns3:cad>83</ns3:cad>
          </ns3:TrackPointExtension>
        </extensions>
      </trkpt>
      <trkpt lat="23.0497514270246028900146484375" lon="113.311982117593288421630859375">
        <ele>4.599999904632568359375</ele>
        <time>2026-07-29T23:26:11.000Z</time>
        <extensions>
          <ns3:TrackPointExtension>
            <ns3:hr>137</ns3:hr>
            <ns3:cad>83</ns3:cad>
          </ns3:TrackPointExtension>
        </extensions>
      </trkpt>
      <trkpt lat="23.0497373454272747039794921875" lon="113.31197583116590976715087890625">
        <ele>4.599999904632568359375</ele>
        <time>2026-07-29T23:26:12.000Z</time>
        <extensions>
          <ns3:TrackPointExtension>
            <ns3:hr>137</ns3:hr>
            <ns3:cad>83</ns3:cad>
          </ns3:TrackPointExtension>
        </extensions>
      </trkpt>
      <trkpt lat="23.04971680976450443267822265625" lon="113.3119547925889492034912109375">
        <ele>4.80000019073486328125</ele>
        <time>2026-07-29T23:26:13.000Z</time>
        <extensions>
          <ns3:TrackPointExtension>
            <ns3:hr>137</ns3:hr>
            <ns3:cad>83</ns3:cad>
          </ns3:TrackPointExtension>
        </extensions>
      </trkpt>
      <trkpt lat="23.0497071705758571624755859375" lon="113.3119433932006359100341796875">
        <ele>4.599999904632568359375</ele>
        <time>2026-07-29T23:26:14.000Z</time>
        <extensions>
          <ns3:TrackPointExtension>
            <ns3:hr>137</ns3:hr>
            <ns3:cad>82</ns3:cad>
          </ns3:TrackPointExtension>
        </extensions>
      </trkpt>
      <trkpt lat="23.0496905744075775146484375" lon="113.31193157471716403961181640625">
        <ele>4.599999904632568359375</ele>
        <time>2026-07-29T23:26:15.000Z</time>
        <extensions>
          <ns3:TrackPointExtension>
            <ns3:hr>137</ns3:hr>
            <ns3:cad>82</ns3:cad>
          </ns3:TrackPointExtension>
        </extensions>
      </trkpt>
      <trkpt lat="23.04967305622994899749755859375" lon="113.31191606819629669189453125">
        <ele>4.599999904632568359375</ele>
        <time>2026-07-29T23:26:16.000Z</time>
        <extensions>
          <ns3:TrackPointExtension>
            <ns3:hr>136</ns3:hr>
            <ns3:cad>82</ns3:cad>
          </ns3:TrackPointExtension>
        </extensions>
      </trkpt>
      <trkpt lat="23.04965696297585964202880859375" lon="113.31191246397793292999267578125">
        <ele>4.599999904632568359375</ele>
        <time>2026-07-29T23:26:17.000Z</time>
        <extensions>
          <ns3:TrackPointExtension>
            <ns3:hr>137</ns3:hr>
            <ns3:cad>82</ns3:cad>
          </ns3:TrackPointExtension>
        </extensions>
      </trkpt>
      <trkpt lat="23.04963164962828159332275390625" lon="113.31190290860831737518310546875">
        <ele>4.599999904632568359375</ele>
        <time>2026-07-29T23:26:18.000Z</time>
        <extensions>
          <ns3:TrackPointExtension>
            <ns3:hr>137</ns3:hr>
            <ns3:cad>82</ns3:cad>
          </ns3:TrackPointExtension>
        </extensions>
      </trkpt>
      <trkpt lat="23.04961748421192169189453125" lon="113.3118931017816066741943359375">
        <ele>4.599999904632568359375</ele>
        <time>2026-07-29T23:26:19.000Z</time>
        <extensions>
          <ns3:TrackPointExtension>
            <ns3:hr>137</ns3:hr>
            <ns3:cad>82</ns3:cad>
          </ns3:TrackPointExtension>
        </extensions>
      </trkpt>
      <trkpt lat="23.04960214532911777496337890625" lon="113.31189083866775035858154296875">
        <ele>4.599999904632568359375</ele>
        <time>2026-07-29T23:26:20.000Z</time>
        <extensions>
          <ns3:TrackPointExtension>
            <ns3:hr>136</ns3:hr>
            <ns3:cad>82</ns3:cad>
          </ns3:TrackPointExtension>
        </extensions>
      </trkpt>
      <trkpt lat="23.04957767017185688018798828125" lon="113.3118770085275173187255859375">
        <ele>4.599999904632568359375</ele>
        <time>2026-07-29T23:26:21.000Z</time>
        <extensions>
          <ns3:TrackPointExtension>
            <ns3:hr>137</ns3:hr>
            <ns3:cad>82</ns3:cad>
          </ns3:TrackPointExtension>
        </extensions>
      </trkpt>
      <trkpt lat="23.0495645105838775634765625" lon="113.3118733204901218414306640625">
        <ele>4.599999904632568359375</ele>
        <time>2026-07-29T23:26:22.000Z</time>
        <extensions>
          <ns3:TrackPointExtension>
            <ns3:hr>137</ns3:hr>
            <ns3:cad>82</ns3:cad>
          </ns3:TrackPointExtension>
        </extensions>
      </trkpt>
      <trkpt lat="23.04954129271209239959716796875" lon="113.31186435185372829437255859375">
        <ele>4.599999904632568359375</ele>
        <time>2026-07-29T23:26:23.000Z</time>
        <extensions>
          <ns3:TrackPointExtension>
            <ns3:hr>137</ns3:hr>
            <ns3:cad>82</ns3:cad>
          </ns3:TrackPointExtension>
        </extensions>
      </trkpt>
      <trkpt lat="23.0495215952396392822265625" lon="113.31185295246541500091552734375">
        <ele>4.599999904632568359375</ele>
        <time>2026-07-29T23:26:24.000Z</time>
        <extensions>
          <ns3:TrackPointExtension>
            <ns3:hr>137</ns3:hr>
            <ns3:cad>82</ns3:cad>
          </ns3:TrackPointExtension>
        </extensions>
      </trkpt>
      <trkpt lat="23.0495073460042476654052734375" lon="113.3118505217134952545166015625">
        <ele>4.599999904632568359375</ele>
        <time>2026-07-29T23:26:25.000Z</time>
        <extensions>
          <ns3:TrackPointExtension>
            <ns3:hr>136</ns3:hr>
            <ns3:cad>82</ns3:cad>
          </ns3:TrackPointExtension>
        </extensions>
      </trkpt>
      <trkpt lat="23.04948228411376476287841796875" lon="113.311842642724514007568359375">
        <ele>4.599999904632568359375</ele>
        <time>2026-07-29T23:26:26.000Z</time>
        <extensions>
          <ns3:TrackPointExtension>
            <ns3:hr>137</ns3:hr>
            <ns3:cad>82</ns3:cad>
          </ns3:TrackPointExtension>
        </extensions>
      </trkpt>
      <trkpt lat="23.0494701303541660308837890625" lon="113.31183560192584991455078125">
        <ele>4.599999904632568359375</ele>
        <time>2026-07-29T23:26:27.000Z</time>
        <extensions>
          <ns3:TrackPointExtension>
            <ns3:hr>136</ns3:hr>
            <ns3:cad>83</ns3:cad>
          </ns3:TrackPointExtension>
        </extensions>
      </trkpt>
      <trkpt lat="23.04945495910942554473876953125" lon="113.311832584440708160400390625">
        <ele>4.599999904632568359375</ele>
        <time>2026-07-29T23:26:28.000Z</time>
        <extensions>
          <ns3:TrackPointExtension>
            <ns3:hr>136</ns3:hr>
            <ns3:cad>83</ns3:cad>
          </ns3:TrackPointExtension>
        </extensions>
      </trkpt>
      <trkpt lat="23.04942796938121318817138671875" lon="113.31182780675590038299560546875">
        <ele>4.599999904632568359375</ele>
        <time>2026-07-29T23:26:29.000Z</time>
        <extensions>
          <ns3:TrackPointExtension>
            <ns3:hr>136</ns3:hr>
            <ns3:cad>82</ns3:cad>
          </ns3:TrackPointExtension>
        </extensions>
      </trkpt>
      <trkpt lat="23.04941103793680667877197265625" lon="113.3118283934891223907470703125">
        <ele>4.400000095367431640625</ele>
        <time>2026-07-29T23:26:30.000Z</time>
        <extensions>
          <ns3:TrackPointExtension>
            <ns3:hr>137</ns3:hr>
            <ns3:cad>82</ns3:cad>
          </ns3:TrackPointExtension>
        </extensions>
      </trkpt>
      <trkpt lat="23.04939175955951213836669921875" lon="113.31182948313653469085693359375">
        <ele>4.400000095367431640625</ele>
        <time>2026-07-29T23:26:31.000Z</time>
        <extensions>
          <ns3:TrackPointExtension>
            <ns3:hr>136</ns3:hr>
            <ns3:cad>82</ns3:cad>
          </ns3:TrackPointExtension>
        </extensions>
      </trkpt>
      <trkpt lat="23.049367032945156097412109375" lon="113.31181925721466541290283203125">
        <ele>4.400000095367431640625</ele>
        <time>2026-07-29T23:26:32.000Z</time>
        <extensions>
          <ns3:TrackPointExtension>
            <ns3:hr>137</ns3:hr>
            <ns3:cad>82</ns3:cad>
          </ns3:TrackPointExtension>
        </extensions>
      </trkpt>
      <trkpt lat="23.049348257482051849365234375" lon="113.3118247054517269134521484375">
        <ele>4.19999980926513671875</ele>
        <time>2026-07-29T23:26:33.000Z</time>
        <extensions>
          <ns3:TrackPointExtension>
            <ns3:hr>137</ns3:hr>
            <ns3:cad>82</ns3:cad>
          </ns3:TrackPointExtension>
        </extensions>
      </trkpt>
      <trkpt lat="23.04932571016252040863037109375" lon="113.3118236996233463287353515625">
        <ele>4.19999980926513671875</ele>
        <time>2026-07-29T23:26:34.000Z</time>
        <extensions>
          <ns3:TrackPointExtension>
            <ns3:hr>137</ns3:hr>
            <ns3:cad>82</ns3:cad>
          </ns3:TrackPointExtension>
        </extensions>
      </trkpt>
      <trkpt lat="23.049309365451335906982421875" lon="113.3118169941008090972900390625">
        <ele>4.19999980926513671875</ele>
        <time>2026-07-29T23:26:35.000Z</time>
        <extensions>
          <ns3:TrackPointExtension>
            <ns3:hr>136</ns3:hr>
            <ns3:cad>82</ns3:cad>
          </ns3:TrackPointExtension>
        </extensions>
      </trkpt>
      <trkpt lat="23.04929385893046855926513671875" lon="113.31181908957660198211669921875">
        <ele>4.19999980926513671875</ele>
        <time>2026-07-29T23:26:36.000Z</time>
        <extensions>
          <ns3:TrackPointExtension>
            <ns3:hr>136</ns3:hr>
            <ns3:cad>82</ns3:cad>
          </ns3:TrackPointExtension>
        </extensions>
      </trkpt>
      <trkpt lat="23.049271814525127410888671875" lon="113.31180735491216182708740234375">
        <ele>4.19999980926513671875</ele>
        <time>2026-07-29T23:26:37.000Z</time>
        <extensions>
          <ns3:TrackPointExtension>
            <ns3:hr>136</ns3:hr>
            <ns3:cad>83</ns3:cad>
          </ns3:TrackPointExtension>
        </extensions>
      </trkpt>
      <trkpt lat="23.0492565594613552093505859375" lon="113.31180098466575145721435546875">
        <ele>4.19999980926513671875</ele>
        <time>2026-07-29T23:26:38.000Z</time>
        <extensions>
          <ns3:TrackPointExtension>
            <ns3:hr>135</ns3:hr>
            <ns3:cad>83</ns3:cad>
          </ns3:TrackPointExtension>
        </extensions>
      </trkpt>
      <trkpt lat="23.04923887364566326141357421875" lon="113.311785645782947540283203125">
        <ele>4.19999980926513671875</ele>
        <time>2026-07-29T23:26:39.000Z</time>
        <extensions>
          <ns3:TrackPointExtension>
            <ns3:hr>135</ns3:hr>
            <ns3:cad>83</ns3:cad>
          </ns3:TrackPointExtension>
        </extensions>
      </trkpt>
      <trkpt lat="23.04922982119023799896240234375" lon="113.3117646910250186920166015625">
        <ele>4</ele>
        <time>2026-07-29T23:26:40.000Z</time>
        <extensions>
          <ns3:TrackPointExtension>
            <ns3:hr>133</ns3:hr>
            <ns3:cad>82</ns3:cad>
          </ns3:TrackPointExtension>
        </extensions>
      </trkpt>
      <trkpt lat="23.0492250435054302215576171875" lon="113.31174633465707302093505859375">
        <ele>4.19999980926513671875</ele>
        <time>2026-07-29T23:26:41.000Z</time>
        <extensions>
          <ns3:TrackPointExtension>
            <ns3:hr>133</ns3:hr>
            <ns3:cad>82</ns3:cad>
          </ns3:TrackPointExtension>
        </extensions>
      </trkpt>
      <trkpt lat="23.04922613315284252166748046875" lon="113.3117184229195117950439453125">
        <ele>4.19999980926513671875</ele>
        <time>2026-07-29T23:26:42.000Z</time>
        <extensions>
          <ns3:TrackPointExtension>
            <ns3:hr>133</ns3:hr>
            <ns3:cad>82</ns3:cad>
          </ns3:TrackPointExtension>
        </extensions>
      </trkpt>
      <trkpt lat="23.0492220260202884674072265625" lon="113.311698138713836669921875">
        <ele>4.19999980926513671875</ele>
        <time>2026-07-29T23:26:43.000Z</time>
        <extensions>
          <ns3:TrackPointExtension>
            <ns3:hr>133</ns3:hr>
            <ns3:cad>83</ns3:cad>
          </ns3:TrackPointExtension>
        </extensions>
      </trkpt>
      <trkpt lat="23.04922529496252536773681640625" lon="113.31168011762201786041259765625">
        <ele>4.19999980926513671875</ele>
        <time>2026-07-29T23:26:44.000Z</time>
        <extensions>
          <ns3:TrackPointExtension>
            <ns3:hr>133</ns3:hr>
            <ns3:cad>83</ns3:cad>
          </ns3:TrackPointExtension>
        </extensions>
      </trkpt>
      <trkpt lat="23.04923535324633121490478515625" lon="113.31165279261767864227294921875">
        <ele>4.19999980926513671875</ele>
        <time>2026-07-29T23:26:45.000Z</time>
        <extensions>
          <ns3:TrackPointExtension>
            <ns3:hr>134</ns3:hr>
            <ns3:cad>82</ns3:cad>
          </ns3:TrackPointExtension>
        </extensions>
      </trkpt>
      <trkpt lat="23.04923937655985355377197265625" lon="113.31163971684873104095458984375">
        <ele>4.19999980926513671875</ele>
        <time>2026-07-29T23:26:46.000Z</time>
        <extensions>
          <ns3:TrackPointExtension>
            <ns3:hr>134</ns3:hr>
            <ns3:cad>82</ns3:cad>
          </ns3:TrackPointExtension>
        </extensions>
      </trkpt>
      <trkpt lat="23.0492431484162807464599609375" lon="113.3116131462156772613525390625">
        <ele>4.400000095367431640625</ele>
        <time>2026-07-29T23:26:47.000Z</time>
        <extensions>
          <ns3:TrackPointExtension>
            <ns3:hr>135</ns3:hr>
            <ns3:cad>82</ns3:cad>
          </ns3:TrackPointExtension>
        </extensions>
      </trkpt>
      <trkpt lat="23.04924809373915195465087890625" lon="113.311590850353240966796875">
        <ele>4.400000095367431640625</ele>
        <time>2026-07-29T23:26:48.000Z</time>
        <extensions>
          <ns3:TrackPointExtension>
            <ns3:hr>135</ns3:hr>
            <ns3:cad>82</ns3:cad>
          </ns3:TrackPointExtension>
        </extensions>
      </trkpt>
      <trkpt lat="23.04924826137721538543701171875" lon="113.31157383508980274200439453125">
        <ele>4.599999904632568359375</ele>
        <time>2026-07-29T23:26:49.000Z</time>
        <extensions>
          <ns3:TrackPointExtension>
            <ns3:hr>135</ns3:hr>
            <ns3:cad>82</ns3:cad>
          </ns3:TrackPointExtension>
        </extensions>
      </trkpt>
      <trkpt lat="23.0492545478045940399169921875" lon="113.31155237741768360137939453125">
        <ele>4.80000019073486328125</ele>
        <time>2026-07-29T23:26:50.000Z</time>
        <extensions>
          <ns3:TrackPointExtension>
            <ns3:hr>134</ns3:hr>
            <ns3:cad>82</ns3:cad>
          </ns3:TrackPointExtension>
        </extensions>
      </trkpt>
      <trkpt lat="23.0492639355361461639404296875" lon="113.31153276376426219940185546875">
        <ele>4.80000019073486328125</ele>
        <time>2026-07-29T23:26:51.000Z</time>
        <extensions>
          <ns3:TrackPointExtension>
            <ns3:hr>135</ns3:hr>
            <ns3:cad>82</ns3:cad>
          </ns3:TrackPointExtension>
        </extensions>
      </trkpt>
      <trkpt lat="23.04926401935517787933349609375" lon="113.3115175925195217132568359375">
        <ele>5</ele>
        <time>2026-07-29T23:26:52.000Z</time>
        <extensions>
          <ns3:TrackPointExtension>
            <ns3:hr>135</ns3:hr>
            <ns3:cad>82</ns3:cad>
          </ns3:TrackPointExtension>
        </extensions>
      </trkpt>
      <trkpt lat="23.04927189834415912628173828125" lon="113.31149253062903881072998046875">
        <ele>5</ele>
        <time>2026-07-29T23:26:53.000Z</time>
        <extensions>
          <ns3:TrackPointExtension>
            <ns3:hr>135</ns3:hr>
            <ns3:cad>82</ns3:cad>
          </ns3:TrackPointExtension>
        </extensions>
      </trkpt>
      <trkpt lat="23.04928329773247241973876953125" lon="113.3114768564701080322265625">
        <ele>5</ele>
        <time>2026-07-29T23:26:54.000Z</time>
        <extensions>
          <ns3:TrackPointExtension>
            <ns3:hr>135</ns3:hr>
            <ns3:cad>82</ns3:cad>
          </ns3:TrackPointExtension>
        </extensions>
      </trkpt>
      <trkpt lat="23.04928958415985107421875" lon="113.3114555664360523223876953125">
        <ele>4.80000019073486328125</ele>
        <time>2026-07-29T23:26:55.000Z</time>
        <extensions>
          <ns3:TrackPointExtension>
            <ns3:hr>135</ns3:hr>
            <ns3:cad>82</ns3:cad>
          </ns3:TrackPointExtension>
        </extensions>
      </trkpt>
      <trkpt lat="23.04930710233747959136962890625" lon="113.311429917812347412109375">
        <ele>4.80000019073486328125</ele>
        <time>2026-07-29T23:26:56.000Z</time>
        <extensions>
          <ns3:TrackPointExtension>
            <ns3:hr>135</ns3:hr>
            <ns3:cad>82</ns3:cad>
          </ns3:TrackPointExtension>
        </extensions>
      </trkpt>
      <trkpt lat="23.0493199266493320465087890625" lon="113.31140887923538684844970703125">
        <ele>4.599999904632568359375</ele>
        <time>2026-07-29T23:26:57.000Z</time>
        <extensions>
          <ns3:TrackPointExtension>
            <ns3:hr>135</ns3:hr>
            <ns3:cad>81</ns3:cad>
          </ns3:TrackPointExtension>
        </extensions>
      </trkpt>
      <trkpt lat="23.04933308623731136322021484375" lon="113.311386667191982269287109375">
        <ele>4.400000095367431640625</ele>
        <time>2026-07-29T23:26:58.000Z</time>
        <extensions>
          <ns3:TrackPointExtension>
            <ns3:hr>136</ns3:hr>
            <ns3:cad>81</ns3:cad>
          </ns3:TrackPointExtension>
        </extensions>
      </trkpt>
      <trkpt lat="23.0493514426052570343017578125" lon="113.3113615214824676513671875">
        <ele>4.19999980926513671875</ele>
        <time>2026-07-29T23:26:59.000Z</time>
        <extensions>
          <ns3:TrackPointExtension>
            <ns3:hr>136</ns3:hr>
            <ns3:cad>81</ns3:cad>
          </ns3:TrackPointExtension>
        </extensions>
      </trkpt>
      <trkpt lat="23.04936024360358715057373046875" lon="113.31134651787579059600830078125">
        <ele>4.19999980926513671875</ele>
        <time>2026-07-29T23:27:00.000Z</time>
        <extensions>
          <ns3:TrackPointExtension>
            <ns3:hr>136</ns3:hr>
            <ns3:cad>81</ns3:cad>
          </ns3:TrackPointExtension>
        </extensions>
      </trkpt>
      <trkpt lat="23.049378432333469390869140625" lon="113.31131433136761188507080078125">
        <ele>4</ele>
        <time>2026-07-29T23:27:01.000Z</time>
        <extensions>
          <ns3:TrackPointExtension>
            <ns3:hr>136</ns3:hr>
            <ns3:cad>81</ns3:cad>
          </ns3:TrackPointExtension>
        </extensions>
      </trkpt>
      <trkpt lat="23.04939058609306812286376953125" lon="113.31129153259098529815673828125">
        <ele>3.7999999523162841796875</ele>
        <time>2026-07-29T23:27:02.000Z</time>
        <extensions>
          <ns3:TrackPointExtension>
            <ns3:hr>136</ns3:hr>
            <ns3:cad>81</ns3:cad>
          </ns3:TrackPointExtension>
        </extensions>
      </trkpt>
      <trkpt lat="23.04939712397754192352294921875" lon="113.3112681470811367034912109375">
        <ele>3.7999999523162841796875</ele>
        <time>2026-07-29T23:27:03.000Z</time>
        <extensions>
          <ns3:TrackPointExtension>
            <ns3:hr>136</ns3:hr>
            <ns3:cad>81</ns3:cad>
          </ns3:TrackPointExtension>
        </extensions>
      </trkpt>
      <trkpt lat="23.04940961301326751708984375" lon="113.31123705022037029266357421875">
        <ele>3.599999904632568359375</ele>
        <time>2026-07-29T23:27:04.000Z</time>
        <extensions>
          <ns3:TrackPointExtension>
            <ns3:hr>136</ns3:hr>
            <ns3:cad>81</ns3:cad>
          </ns3:TrackPointExtension>
        </extensions>
      </trkpt>
      <trkpt lat="23.0494158156216144561767578125" lon="113.3112193644046783447265625">
        <ele>3.400000095367431640625</ele>
        <time>2026-07-29T23:27:05.000Z</time>
        <extensions>
          <ns3:TrackPointExtension>
            <ns3:hr>136</ns3:hr>
            <ns3:cad>82</ns3:cad>
          </ns3:TrackPointExtension>
        </extensions>
      </trkpt>
      <trkpt lat="23.04942361079156398773193359375" lon="113.31119698472321033477783203125">
        <ele>3.400000095367431640625</ele>
        <time>2026-07-29T23:27:06.000Z</time>
        <extensions>
          <ns3:TrackPointExtension>
            <ns3:hr>137</ns3:hr>
            <ns3:cad>82</ns3:cad>
          </ns3:TrackPointExtension>
        </extensions>
      </trkpt>
      <trkpt lat="23.049430064857006072998046875" lon="113.31117435358464717864990234375">
        <ele>3.2000000476837158203125</ele>
        <time>2026-07-29T23:27:07.000Z</time>
        <extensions>
          <ns3:TrackPointExtension>
            <ns3:hr>137</ns3:hr>
            <ns3:cad>83</ns3:cad>
          </ns3:TrackPointExtension>
        </extensions>
      </trkpt>
      <trkpt lat="23.04942847229540348052978515625" lon="113.311154656112194061279296875">
        <ele>3.2000000476837158203125</ele>
        <time>2026-07-29T23:27:08.000Z</time>
        <extensions>
          <ns3:TrackPointExtension>
            <ns3:hr>137</ns3:hr>
            <ns3:cad>83</ns3:cad>
          </ns3:TrackPointExtension>
        </extensions>
      </trkpt>
      <trkpt lat="23.0494339205324649810791015625" lon="113.31113009713590145111083984375">
        <ele>3.2000000476837158203125</ele>
        <time>2026-07-29T23:27:09.000Z</time>
        <extensions>
          <ns3:TrackPointExtension>
            <ns3:hr>137</ns3:hr>
            <ns3:cad>83</ns3:cad>
          </ns3:TrackPointExtension>
        </extensions>
      </trkpt>
      <trkpt lat="23.049437440931797027587890625" lon="113.3111085556447505950927734375">
        <ele>3</ele>
        <time>2026-07-29T23:27:10.000Z</time>
        <extensions>
          <ns3:TrackPointExtension>
            <ns3:hr>137</ns3:hr>
            <ns3:cad>82</ns3:cad>
          </ns3:TrackPointExtension>
        </extensions>
      </trkpt>
      <trkpt lat="23.04944205097854137420654296875" lon="113.31109221093356609344482421875">
        <ele>3.2000000476837158203125</ele>
        <time>2026-07-29T23:27:11.000Z</time>
        <extensions>
          <ns3:TrackPointExtension>
            <ns3:hr>137</ns3:hr>
            <ns3:cad>82</ns3:cad>
          </ns3:TrackPointExtension>
        </extensions>
      </trkpt>
      <trkpt lat="23.04944858886301517486572265625" lon="113.31106538884341716766357421875">
        <ele>3.2000000476837158203125</ele>
        <time>2026-07-29T23:27:12.000Z</time>
        <extensions>
          <ns3:TrackPointExtension>
            <ns3:hr>137</ns3:hr>
            <ns3:cad>82</ns3:cad>
          </ns3:TrackPointExtension>
        </extensions>
      </trkpt>
      <trkpt lat="23.0494510196149349212646484375" lon="113.31104979850351810455322265625">
        <ele>3.2000000476837158203125</ele>
        <time>2026-07-29T23:27:13.000Z</time>
        <extensions>
          <ns3:TrackPointExtension>
            <ns3:hr>138</ns3:hr>
            <ns3:cad>82</ns3:cad>
          </ns3:TrackPointExtension>
        </extensions>
      </trkpt>
      <trkpt lat="23.049449510872364044189453125" lon="113.3110314421355724334716796875">
        <ele>3</ele>
        <time>2026-07-29T23:27:14.000Z</time>
        <extensions>
          <ns3:TrackPointExtension>
            <ns3:hr>138</ns3:hr>
            <ns3:cad>82</ns3:cad>
          </ns3:TrackPointExtension>
        </extensions>
      </trkpt>
      <trkpt lat="23.04945445619523525238037109375" lon="113.3110029436647891998291015625">
        <ele>3</ele>
        <time>2026-07-29T23:27:15.000Z</time>
        <extensions>
          <ns3:TrackPointExtension>
            <ns3:hr>138</ns3:hr>
            <ns3:cad>82</ns3:cad>
          </ns3:TrackPointExtension>
        </extensions>
      </trkpt>
      <trkpt lat="23.0494570545852184295654296875" lon="113.310985676944255828857421875">
        <ele>3</ele>
        <time>2026-07-29T23:27:16.000Z</time>
        <extensions>
          <ns3:TrackPointExtension>
            <ns3:hr>138</ns3:hr>
            <ns3:cad>81</ns3:cad>
          </ns3:TrackPointExtension>
        </extensions>
      </trkpt>
      <trkpt lat="23.04945931769907474517822265625" lon="113.31096178852021694183349609375">
        <ele>3</ele>
        <time>2026-07-29T23:27:17.000Z</time>
        <extensions>
          <ns3:TrackPointExtension>
            <ns3:hr>138</ns3:hr>
            <ns3:cad>81</ns3:cad>
          </ns3:TrackPointExtension>
        </extensions>
      </trkpt>
      <trkpt lat="23.0494610778987407684326171875" lon="113.3109392412006855010986328125">
        <ele>3</ele>
        <time>2026-07-29T23:27:18.000Z</time>
        <extensions>
          <ns3:TrackPointExtension>
            <ns3:hr>138</ns3:hr>
            <ns3:cad>82</ns3:cad>
          </ns3:TrackPointExtension>
        </extensions>
      </trkpt>
      <trkpt lat="23.04946501739323139190673828125" lon="113.3109243214130401611328125">
        <ele>3</ele>
        <time>2026-07-29T23:27:19.000Z</time>
        <extensions>
          <ns3:TrackPointExtension>
            <ns3:hr>138</ns3:hr>
            <ns3:cad>82</ns3:cad>
          </ns3:TrackPointExtension>
        </extensions>
      </trkpt>
      <trkpt lat="23.0494721420109272003173828125" lon="113.31089456565678119659423828125">
        <ele>3.2000000476837158203125</ele>
        <time>2026-07-29T23:27:20.000Z</time>
        <extensions>
          <ns3:TrackPointExtension>
            <ns3:hr>138</ns3:hr>
            <ns3:cad>82</ns3:cad>
          </ns3:TrackPointExtension>
        </extensions>
      </trkpt>
      <trkpt lat="23.04947608150541782379150390625" lon="113.3108765445649623870849609375">
        <ele>3</ele>
        <time>2026-07-29T23:27:21.000Z</time>
        <extensions>
          <ns3:TrackPointExtension>
            <ns3:hr>137</ns3:hr>
            <ns3:cad>82</ns3:cad>
          </ns3:TrackPointExtension>
        </extensions>
      </trkpt>
      <trkpt lat="23.04948010481894016265869140625" lon="113.31085399724543094635009765625">
        <ele>3</ele>
        <time>2026-07-29T23:27:22.000Z</time>
        <extensions>
          <ns3:TrackPointExtension>
            <ns3:hr>137</ns3:hr>
            <ns3:cad>82</ns3:cad>
          </ns3:TrackPointExtension>
        </extensions>
      </trkpt>
      <trkpt lat="23.049483709037303924560546875" lon="113.310820050537586212158203125">
        <ele>3</ele>
        <time>2026-07-29T23:27:23.000Z</time>
        <extensions>
          <ns3:TrackPointExtension>
            <ns3:hr>137</ns3:hr>
            <ns3:cad>82</ns3:cad>
          </ns3:TrackPointExtension>
        </extensions>
      </trkpt>
      <trkpt lat="23.049485720694065093994140625" lon="113.31079716794192790985107421875">
        <ele>3</ele>
        <time>2026-07-29T23:27:24.000Z</time>
        <extensions>
          <ns3:TrackPointExtension>
            <ns3:hr>136</ns3:hr>
            <ns3:cad>82</ns3:cad>
          </ns3:TrackPointExtension>
        </extensions>
      </trkpt>
      <trkpt lat="23.04948312230408191680908203125" lon="113.31077571026980876922607421875">
        <ele>3</ele>
        <time>2026-07-29T23:27:25.000Z</time>
        <extensions>
          <ns3:TrackPointExtension>
            <ns3:hr>136</ns3:hr>
            <ns3:cad>82</ns3:cad>
          </ns3:TrackPointExtension>
        </extensions>
      </trkpt>
      <trkpt lat="23.049485050141811370849609375" lon="113.3107531629502773284912109375">
        <ele>3</ele>
        <time>2026-07-29T23:27:26.000Z</time>
        <extensions>
          <ns3:TrackPointExtension>
            <ns3:hr>136</ns3:hr>
            <ns3:cad>81</ns3:cad>
          </ns3:TrackPointExtension>
        </extensions>
      </trkpt>
      <trkpt lat="23.04948412813246250152587890625" lon="113.31074084155261516571044921875">
        <ele>3</ele>
        <time>2026-07-29T23:27:27.000Z</time>
        <extensions>
          <ns3:TrackPointExtension>
            <ns3:hr>136</ns3:hr>
            <ns3:cad>81</ns3:cad>
          </ns3:TrackPointExtension>
        </extensions>
      </trkpt>
      <trkpt lat="23.0494822002947330474853515625" lon="113.310715444386005401611328125">
        <ele>3.2000000476837158203125</ele>
        <time>2026-07-29T23:27:28.000Z</time>
        <extensions>
          <ns3:TrackPointExtension>
            <ns3:hr>136</ns3:hr>
            <ns3:cad>82</ns3:cad>
          </ns3:TrackPointExtension>
        </extensions>
      </trkpt>
      <trkpt lat="23.049483709037303924560546875" lon="113.310698010027408599853515625">
        <ele>3</ele>
        <time>2026-07-29T23:27:29.000Z</time>
        <extensions>
          <ns3:TrackPointExtension>
            <ns3:hr>136</ns3:hr>
            <ns3:cad>82</ns3:cad>
          </ns3:TrackPointExtension>
        </extensions>
      </trkpt>
      <trkpt lat="23.04947993718087673187255859375" lon="113.3106807433068752288818359375">
        <ele>3</ele>
        <time>2026-07-29T23:27:30.000Z</time>
        <extensions>
          <ns3:TrackPointExtension>
            <ns3:hr>137</ns3:hr>
            <ns3:cad>82</ns3:cad>
          </ns3:TrackPointExtension>
        </extensions>
      </trkpt>
      <trkpt lat="23.049477674067020416259765625" lon="113.31065417267382144927978515625">
        <ele>3</ele>
        <time>2026-07-29T23:27:31.000Z</time>
        <extensions>
          <ns3:TrackPointExtension>
            <ns3:hr>136</ns3:hr>
            <ns3:cad>82</ns3:cad>
          </ns3:TrackPointExtension>
        </extensions>
      </trkpt>
      <trkpt lat="23.04948328994214534759521484375" lon="113.310638330876827239990234375">
        <ele>3</ele>
        <time>2026-07-29T23:27:32.000Z</time>
        <extensions>
          <ns3:TrackPointExtension>
            <ns3:hr>136</ns3:hr>
            <ns3:cad>82</ns3:cad>
          </ns3:TrackPointExtension>
        </extensions>
      </trkpt>
      <trkpt lat="23.049479685723781585693359375" lon="113.3106140233576297760009765625">
        <ele>3</ele>
        <time>2026-07-29T23:27:33.000Z</time>
        <extensions>
          <ns3:TrackPointExtension>
            <ns3:hr>136</ns3:hr>
            <ns3:cad>82</ns3:cad>
          </ns3:TrackPointExtension>
        </extensions>
      </trkpt>
      <trkpt lat="23.04947759024798870086669921875" lon="113.310592733323574066162109375">
        <ele>3</ele>
        <time>2026-07-29T23:27:34.000Z</time>
        <extensions>
          <ns3:TrackPointExtension>
            <ns3:hr>136</ns3:hr>
            <ns3:cad>82</ns3:cad>
          </ns3:TrackPointExtension>
        </extensions>
      </trkpt>
      <trkpt lat="23.049474656581878662109375" lon="113.310572616755962371826171875">
        <ele>3</ele>
        <time>2026-07-29T23:27:35.000Z</time>
        <extensions>
          <ns3:TrackPointExtension>
            <ns3:hr>135</ns3:hr>
            <ns3:cad>83</ns3:cad>
          </ns3:TrackPointExtension>
        </extensions>
      </trkpt>
      <trkpt lat="23.04947222582995891571044921875" lon="113.31054319627583026885986328125">
        <ele>3.2000000476837158203125</ele>
        <time>2026-07-29T23:27:36.000Z</time>
        <extensions>
          <ns3:TrackPointExtension>
            <ns3:hr>135</ns3:hr>
            <ns3:cad>83</ns3:cad>
          </ns3:TrackPointExtension>
        </extensions>
      </trkpt>
      <trkpt lat="23.0494778417050838470458984375" lon="113.31052006222307682037353515625">
        <ele>3.2000000476837158203125</ele>
        <time>2026-07-29T23:27:37.000Z</time>
        <extensions>
          <ns3:TrackPointExtension>
            <ns3:hr>135</ns3:hr>
            <ns3:cad>82</ns3:cad>
          </ns3:TrackPointExtension>
        </extensions>
      </trkpt>
      <trkpt lat="23.04948647506535053253173828125" lon="113.3104986883699893951416015625">
        <ele>3.2000000476837158203125</ele>
        <time>2026-07-29T23:27:38.000Z</time>
        <extensions>
          <ns3:TrackPointExtension>
            <ns3:hr>135</ns3:hr>
            <ns3:cad>82</ns3:cad>
          </ns3:TrackPointExtension>
        </extensions>
      </trkpt>
      <trkpt lat="23.04950441233813762664794921875" lon="113.3104836009442806243896484375">
        <ele>3</ele>
        <time>2026-07-29T23:27:39.000Z</time>
        <extensions>
          <ns3:TrackPointExtension>
            <ns3:hr>135</ns3:hr>
            <ns3:cad>82</ns3:cad>
          </ns3:TrackPointExtension>
        </extensions>
      </trkpt>
      <trkpt lat="23.04951933212578296661376953125" lon="113.31047899089753627777099609375">
        <ele>3</ele>
        <time>2026-07-29T23:27:40.000Z</time>
        <extensions>
          <ns3:TrackPointExtension>
            <ns3:hr>135</ns3:hr>
            <ns3:cad>82</ns3:cad>
          </ns3:TrackPointExtension>
        </extensions>
      </trkpt>
      <trkpt lat="23.04954598657786846160888671875" lon="113.31047664396464824676513671875">
        <ele>3</ele>
        <time>2026-07-29T23:27:41.000Z</time>
        <extensions>
          <ns3:TrackPointExtension>
            <ns3:hr>135</ns3:hr>
            <ns3:cad>82</ns3:cad>
          </ns3:TrackPointExtension>
        </extensions>
      </trkpt>
      <trkpt lat="23.04956425912678241729736328125" lon="113.31047949381172657012939453125">
        <ele>3</ele>
        <time>2026-07-29T23:27:42.000Z</time>
        <extensions>
          <ns3:TrackPointExtension>
            <ns3:hr>135</ns3:hr>
            <ns3:cad>82</ns3:cad>
          </ns3:TrackPointExtension>
        </extensions>
      </trkpt>
      <trkpt lat="23.0495847947895526885986328125" lon="113.310478739440441131591796875">
        <ele>3</ele>
        <time>2026-07-29T23:27:43.000Z</time>
        <extensions>
          <ns3:TrackPointExtension>
            <ns3:hr>135</ns3:hr>
            <ns3:cad>82</ns3:cad>
          </ns3:TrackPointExtension>
        </extensions>
      </trkpt>
      <trkpt lat="23.0496142990887165069580078125" lon="113.3104789070785045623779296875">
        <ele>3.2000000476837158203125</ele>
        <time>2026-07-29T23:27:44.000Z</time>
        <extensions>
          <ns3:TrackPointExtension>
            <ns3:hr>135</ns3:hr>
            <ns3:cad>82</ns3:cad>
          </ns3:TrackPointExtension>
        </extensions>
      </trkpt>
      <trkpt lat="23.0496320687234401702880859375" lon="113.310478068888187408447265625">
        <ele>3.2000000476837158203125</ele>
        <time>2026-07-29T23:27:45.000Z</time>
        <extensions>
          <ns3:TrackPointExtension>
            <ns3:hr>135</ns3:hr>
            <ns3:cad>83</ns3:cad>
          </ns3:TrackPointExtension>
        </extensions>
      </trkpt>
      <trkpt lat="23.0496521852910518646240234375" lon="113.3104711957275867462158203125">
        <ele>3.2000000476837158203125</ele>
        <time>2026-07-29T23:27:46.000Z</time>
        <extensions>
          <ns3:TrackPointExtension>
            <ns3:hr>135</ns3:hr>
            <ns3:cad>83</ns3:cad>
          </ns3:TrackPointExtension>
        </extensions>
      </trkpt>
      <trkpt lat="23.0496813543140888214111328125" lon="113.31047572195529937744140625">
        <ele>3.2000000476837158203125</ele>
        <time>2026-07-29T23:27:47.000Z</time>
        <extensions>
          <ns3:TrackPointExtension>
            <ns3:hr>135</ns3:hr>
            <ns3:cad>82</ns3:cad>
          </ns3:TrackPointExtension>
        </extensions>
      </trkpt>
      <trkpt lat="23.04969853721559047698974609375" lon="113.310475051403045654296875">
        <ele>3.2000000476837158203125</ele>
        <time>2026-07-29T23:27:48.000Z</time>
        <extensions>
          <ns3:TrackPointExtension>
            <ns3:hr>135</ns3:hr>
            <ns3:cad>82</ns3:cad>
          </ns3:TrackPointExtension>
        </extensions>
      </trkpt>
      <trkpt lat="23.0497199110686779022216796875" lon="113.310474716126918792724609375">
        <ele>3.2000000476837158203125</ele>
        <time>2026-07-29T23:27:49.000Z</time>
        <extensions>
          <ns3:TrackPointExtension>
            <ns3:hr>135</ns3:hr>
            <ns3:cad>82</ns3:cad>
          </ns3:TrackPointExtension>
        </extensions>
      </trkpt>
      <trkpt lat="23.04974061436951160430908203125" lon="113.31048435531556606292724609375">
        <ele>3.2000000476837158203125</ele>
        <time>2026-07-29T23:27:50.000Z</time>
        <extensions>
          <ns3:TrackPointExtension>
            <ns3:hr>135</ns3:hr>
            <ns3:cad>82</ns3:cad>
          </ns3:TrackPointExtension>
        </extensions>
      </trkpt>
      <trkpt lat="23.04975620470941066741943359375" lon="113.31048217602074146270751953125">
        <ele>3.400000095367431640625</ele>
        <time>2026-07-29T23:27:51.000Z</time>
        <extensions>
          <ns3:TrackPointExtension>
            <ns3:hr>135</ns3:hr>
            <ns3:cad>82</ns3:cad>
          </ns3:TrackPointExtension>
        </extensions>
      </trkpt>
      <trkpt lat="23.0497799254953861236572265625" lon="113.31048267893493175506591796875">
        <ele>3.400000095367431640625</ele>
        <time>2026-07-29T23:27:52.000Z</time>
        <extensions>
          <ns3:TrackPointExtension>
            <ns3:hr>136</ns3:hr>
            <ns3:cad>82</ns3:cad>
          </ns3:TrackPointExtension>
        </extensions>
      </trkpt>
      <trkpt lat="23.04979987442493438720703125" lon="113.31048653461039066314697265625">
        <ele>3.599999904632568359375</ele>
        <time>2026-07-29T23:27:53.000Z</time>
        <extensions>
          <ns3:TrackPointExtension>
            <ns3:hr>135</ns3:hr>
            <ns3:cad>82</ns3:cad>
          </ns3:TrackPointExtension>
        </extensions>
      </trkpt>
      <trkpt lat="23.04981890134513378143310546875" lon="113.31048510968685150146484375">
        <ele>3.599999904632568359375</ele>
        <time>2026-07-29T23:27:54.000Z</time>
        <extensions>
          <ns3:TrackPointExtension>
            <ns3:hr>135</ns3:hr>
            <ns3:cad>82</ns3:cad>
          </ns3:TrackPointExtension>
        </extensions>
      </trkpt>
      <trkpt lat="23.04984203539788722991943359375" lon="113.3104879595339298248291015625">
        <ele>3.599999904632568359375</ele>
        <time>2026-07-29T23:27:55.000Z</time>
        <extensions>
          <ns3:TrackPointExtension>
            <ns3:hr>135</ns3:hr>
            <ns3:cad>82</ns3:cad>
          </ns3:TrackPointExtension>
        </extensions>
      </trkpt>
      <trkpt lat="23.0498583801090717315673828125" lon="113.31048720516264438629150390625">
        <ele>3.7999999523162841796875</ele>
        <time>2026-07-29T23:27:56.000Z</time>
        <extensions>
          <ns3:TrackPointExtension>
            <ns3:hr>135</ns3:hr>
            <ns3:cad>82</ns3:cad>
          </ns3:TrackPointExtension>
        </extensions>
      </trkpt>
      <trkpt lat="23.04987573064863681793212890625" lon="113.3104825951159000396728515625">
        <ele>3.7999999523162841796875</ele>
        <time>2026-07-29T23:27:57.000Z</time>
        <extensions>
          <ns3:TrackPointExtension>
            <ns3:hr>135</ns3:hr>
            <ns3:cad>83</ns3:cad>
          </ns3:TrackPointExtension>
        </extensions>
      </trkpt>
      <trkpt lat="23.0498962663114070892333984375" lon="113.31048376858234405517578125">
        <ele>4</ele>
        <time>2026-07-29T23:27:58.000Z</time>
        <extensions>
          <ns3:TrackPointExtension>
            <ns3:hr>136</ns3:hr>
            <ns3:cad>83</ns3:cad>
          </ns3:TrackPointExtension>
        </extensions>
      </trkpt>
      <trkpt lat="23.049910850822925567626953125" lon="113.31047966144979000091552734375">
        <ele>4.19999980926513671875</ele>
        <time>2026-07-29T23:27:59.000Z</time>
        <extensions>
          <ns3:TrackPointExtension>
            <ns3:hr>136</ns3:hr>
            <ns3:cad>83</ns3:cad>
          </ns3:TrackPointExtension>
        </extensions>
      </trkpt>
      <trkpt lat="23.04992987774312496185302734375" lon="113.31047547049820423126220703125">
        <ele>4.400000095367431640625</ele>
        <time>2026-07-29T23:28:00.000Z</time>
        <extensions>
          <ns3:TrackPointExtension>
            <ns3:hr>136</ns3:hr>
            <ns3:cad>83</ns3:cad>
          </ns3:TrackPointExtension>
        </extensions>
      </trkpt>
      <trkpt lat="23.04994731210172176361083984375" lon="113.31046289764344692230224609375">
        <ele>4.599999904632568359375</ele>
        <time>2026-07-29T23:28:01.000Z</time>
        <extensions>
          <ns3:TrackPointExtension>
            <ns3:hr>136</ns3:hr>
            <ns3:cad>82</ns3:cad>
          </ns3:TrackPointExtension>
        </extensions>
      </trkpt>
      <trkpt lat="23.04995653219521045684814453125" lon="113.31044646911323070526123046875">
        <ele>4.599999904632568359375</ele>
        <time>2026-07-29T23:28:02.000Z</time>
        <extensions>
          <ns3:TrackPointExtension>
            <ns3:hr>136</ns3:hr>
            <ns3:cad>82</ns3:cad>
          </ns3:TrackPointExtension>
        </extensions>
      </trkpt>
      <trkpt lat="23.04997497238218784332275390625" lon="113.31042517907917499542236328125">
        <ele>4.599999904632568359375</ele>
        <time>2026-07-29T23:28:03.000Z</time>
        <extensions>
          <ns3:TrackPointExtension>
            <ns3:hr>136</ns3:hr>
            <ns3:cad>82</ns3:cad>
          </ns3:TrackPointExtension>
        </extensions>
      </trkpt>
      <trkpt lat="23.04998352192342281341552734375" lon="113.31040891818702220916748046875">
        <ele>4.80000019073486328125</ele>
        <time>2026-07-29T23:28:04.000Z</time>
        <extensions>
          <ns3:TrackPointExtension>
            <ns3:hr>137</ns3:hr>
            <ns3:cad>83</ns3:cad>
          </ns3:TrackPointExtension>
        </extensions>
      </trkpt>
      <trkpt lat="23.0499901436269283294677734375" lon="113.310390897095203399658203125">
        <ele>4.80000019073486328125</ele>
        <time>2026-07-29T23:28:05.000Z</time>
        <extensions>
          <ns3:TrackPointExtension>
            <ns3:hr>137</ns3:hr>
            <ns3:cad>83</ns3:cad>
          </ns3:TrackPointExtension>
        </extensions>
      </trkpt>
      <trkpt lat="23.04999894462525844573974609375" lon="113.310369439423084259033203125">
        <ele>5</ele>
        <time>2026-07-29T23:28:06.000Z</time>
        <extensions>
          <ns3:TrackPointExtension>
            <ns3:hr>137</ns3:hr>
            <ns3:cad>82</ns3:cad>
          </ns3:TrackPointExtension>
        </extensions>
      </trkpt>
      <trkpt lat="23.049993328750133514404296875" lon="113.3103585429489612579345703125">
        <ele>5</ele>
        <time>2026-07-29T23:28:07.000Z</time>
        <extensions>
          <ns3:TrackPointExtension>
            <ns3:hr>137</ns3:hr>
            <ns3:cad>82</ns3:cad>
          </ns3:TrackPointExtension>
        </extensions>
      </trkpt>
      <trkpt lat="23.04999056272208690643310546875" lon="113.31033465452492237091064453125">
        <ele>5</ele>
        <time>2026-07-29T23:28:08.000Z</time>
        <extensions>
          <ns3:TrackPointExtension>
            <ns3:hr>138</ns3:hr>
            <ns3:cad>82</ns3:cad>
          </ns3:TrackPointExtension>
        </extensions>
      </trkpt>
      <trkpt lat="23.0499911494553089141845703125" lon="113.31031755544245243072509765625">
        <ele>5.19999980926513671875</ele>
        <time>2026-07-29T23:28:09.000Z</time>
        <extensions>
          <ns3:TrackPointExtension>
            <ns3:hr>138</ns3:hr>
            <ns3:cad>82</ns3:cad>
          </ns3:TrackPointExtension>
        </extensions>
      </trkpt>
      <trkpt lat="23.04999005980789661407470703125" lon="113.3102958463132381439208984375">
        <ele>5.19999980926513671875</ele>
        <time>2026-07-29T23:28:10.000Z</time>
        <extensions>
          <ns3:TrackPointExtension>
            <ns3:hr>138</ns3:hr>
            <ns3:cad>82</ns3:cad>
          </ns3:TrackPointExtension>
        </extensions>
      </trkpt>
      <trkpt lat="23.049991317093372344970703125" lon="113.31027262844145298004150390625">
        <ele>5.19999980926513671875</ele>
        <time>2026-07-29T23:28:11.000Z</time>
        <extensions>
          <ns3:TrackPointExtension>
            <ns3:hr>138</ns3:hr>
            <ns3:cad>82</ns3:cad>
          </ns3:TrackPointExtension>
        </extensions>
      </trkpt>
      <trkpt lat="23.049983270466327667236328125" lon="113.31025687046349048614501953125">
        <ele>5</ele>
        <time>2026-07-29T23:28:12.000Z</time>
        <extensions>
          <ns3:TrackPointExtension>
            <ns3:hr>139</ns3:hr>
            <ns3:cad>82</ns3:cad>
          </ns3:TrackPointExtension>
        </extensions>
      </trkpt>
      <trkpt lat="23.04998452775180339813232421875" lon="113.31022652797400951385498046875">
        <ele>5</ele>
        <time>2026-07-29T23:28:13.000Z</time>
        <extensions>
          <ns3:TrackPointExtension>
            <ns3:hr>138</ns3:hr>
            <ns3:cad>83</ns3:cad>
          </ns3:TrackPointExtension>
        </extensions>
      </trkpt>
      <trkpt lat="23.04998436011373996734619140625" lon="113.31020792014896869659423828125">
        <ele>5</ele>
        <time>2026-07-29T23:28:14.000Z</time>
        <extensions>
          <ns3:TrackPointExtension>
            <ns3:hr>138</ns3:hr>
            <ns3:cad>83</ns3:cad>
          </ns3:TrackPointExtension>
        </extensions>
      </trkpt>
      <trkpt lat="23.0499787442386150360107421875" lon="113.31018595956265926361083984375">
        <ele>5.19999980926513671875</ele>
        <time>2026-07-29T23:28:15.000Z</time>
        <extensions>
          <ns3:TrackPointExtension>
            <ns3:hr>137</ns3:hr>
            <ns3:cad>83</ns3:cad>
          </ns3:TrackPointExtension>
        </extensions>
      </trkpt>
      <trkpt lat="23.04997497238218784332275390625" lon="113.31016098149120807647705078125">
        <ele>5.19999980926513671875</ele>
        <time>2026-07-29T23:28:16.000Z</time>
        <extensions>
          <ns3:TrackPointExtension>
            <ns3:hr>137</ns3:hr>
            <ns3:cad>83</ns3:cad>
          </ns3:TrackPointExtension>
        </extensions>
      </trkpt>
      <trkpt lat="23.04997027851641178131103515625" lon="113.31014907918870449066162109375">
        <ele>5.19999980926513671875</ele>
        <time>2026-07-29T23:28:17.000Z</time>
        <extensions>
          <ns3:TrackPointExtension>
            <ns3:hr>137</ns3:hr>
            <ns3:cad>83</ns3:cad>
          </ns3:TrackPointExtension>
        </extensions>
      </trkpt>
      <trkpt lat="23.04996348917484283447265625" lon="113.31013164483010768890380859375">
        <ele>5.19999980926513671875</ele>
        <time>2026-07-29T23:28:18.000Z</time>
        <extensions>
          <ns3:TrackPointExtension>
            <ns3:hr>138</ns3:hr>
            <ns3:cad>83</ns3:cad>
          </ns3:TrackPointExtension>
        </extensions>
      </trkpt>
      <trkpt lat="23.04996457882225513458251953125" lon="113.310109935700893402099609375">
        <ele>5.19999980926513671875</ele>
        <time>2026-07-29T23:28:19.000Z</time>
        <extensions>
          <ns3:TrackPointExtension>
            <ns3:hr>138</ns3:hr>
            <ns3:cad>83</ns3:cad>
          </ns3:TrackPointExtension>
        </extensions>
      </trkpt>
      <trkpt lat="23.0499589629471302032470703125" lon="113.31009392626583576202392578125">
        <ele>5.19999980926513671875</ele>
        <time>2026-07-29T23:28:20.000Z</time>
        <extensions>
          <ns3:TrackPointExtension>
            <ns3:hr>139</ns3:hr>
            <ns3:cad>83</ns3:cad>
          </ns3:TrackPointExtension>
        </extensions>
      </trkpt>
      <trkpt lat="23.04996441118419170379638671875" lon="113.31006534397602081298828125">
        <ele>5.19999980926513671875</ele>
        <time>2026-07-29T23:28:21.000Z</time>
        <extensions>
          <ns3:TrackPointExtension>
            <ns3:hr>138</ns3:hr>
            <ns3:cad>83</ns3:cad>
          </ns3:TrackPointExtension>
        </extensions>
      </trkpt>
      <trkpt lat="23.049965165555477142333984375" lon="113.31004656851291656494140625">
        <ele>5.19999980926513671875</ele>
        <time>2026-07-29T23:28:22.000Z</time>
        <extensions>
          <ns3:TrackPointExtension>
            <ns3:hr>138</ns3:hr>
            <ns3:cad>82</ns3:cad>
          </ns3:TrackPointExtension>
        </extensions>
      </trkpt>
      <trkpt lat="23.049962818622589111328125" lon="113.31002435646951198577880859375">
        <ele>5.19999980926513671875</ele>
        <time>2026-07-29T23:28:23.000Z</time>
        <extensions>
          <ns3:TrackPointExtension>
            <ns3:hr>138</ns3:hr>
            <ns3:cad>82</ns3:cad>
          </ns3:TrackPointExtension>
        </extensions>
      </trkpt>
      <trkpt lat="23.0499690212309360504150390625" lon="113.3099974505603313446044921875">
        <ele>5.19999980926513671875</ele>
        <time>2026-07-29T23:28:24.000Z</time>
        <extensions>
          <ns3:TrackPointExtension>
            <ns3:hr>138</ns3:hr>
            <ns3:cad>82</ns3:cad>
          </ns3:TrackPointExtension>
        </extensions>
      </trkpt>
      <trkpt lat="23.04996239952743053436279296875" lon="113.309984542429447174072265625">
        <ele>5</ele>
        <time>2026-07-29T23:28:25.000Z</time>
        <extensions>
          <ns3:TrackPointExtension>
            <ns3:hr>138</ns3:hr>
            <ns3:cad>82</ns3:cad>
          </ns3:TrackPointExtension>
        </extensions>
      </trkpt>
      <trkpt lat="23.04995954968035221099853515625" lon="113.3099585585296154022216796875">
        <ele>5</ele>
        <time>2026-07-29T23:28:26.000Z</time>
        <extensions>
          <ns3:TrackPointExtension>
            <ns3:hr>138</ns3:hr>
            <ns3:cad>82</ns3:cad>
          </ns3:TrackPointExtension>
        </extensions>
      </trkpt>
      <trkpt lat="23.04996172897517681121826171875" lon="113.3099391125142574310302734375">
        <ele>5</ele>
        <time>2026-07-29T23:28:27.000Z</time>
        <extensions>
          <ns3:TrackPointExtension>
            <ns3:hr>138</ns3:hr>
            <ns3:cad>82</ns3:cad>
          </ns3:TrackPointExtension>
        </extensions>
      </trkpt>
      <trkpt lat="23.049957118928432464599609375" lon="113.30991740338504314422607421875">
        <ele>5.19999980926513671875</ele>
        <time>2026-07-29T23:28:28.000Z</time>
        <extensions>
          <ns3:TrackPointExtension>
            <ns3:hr>137</ns3:hr>
            <ns3:cad>82</ns3:cad>
          </ns3:TrackPointExtension>
        </extensions>
      </trkpt>
      <trkpt lat="23.049957454204559326171875" lon="113.3098961971700191497802734375">
        <ele>5.19999980926513671875</ele>
        <time>2026-07-29T23:28:29.000Z</time>
        <extensions>
          <ns3:TrackPointExtension>
            <ns3:hr>137</ns3:hr>
            <ns3:cad>82</ns3:cad>
          </ns3:TrackPointExtension>
        </extensions>
      </trkpt>
      <trkpt lat="23.0499603040516376495361328125" lon="113.30987582914531230926513671875">
        <ele>5.19999980926513671875</ele>
        <time>2026-07-29T23:28:30.000Z</time>
        <extensions>
          <ns3:TrackPointExtension>
            <ns3:hr>137</ns3:hr>
            <ns3:cad>83</ns3:cad>
          </ns3:TrackPointExtension>
        </extensions>
      </trkpt>
      <trkpt lat="23.049956448376178741455078125" lon="113.3098568022251129150390625">
        <ele>5.19999980926513671875</ele>
        <time>2026-07-29T23:28:31.000Z</time>
        <extensions>
          <ns3:TrackPointExtension>
            <ns3:hr>137</ns3:hr>
            <ns3:cad>82</ns3:cad>
          </ns3:TrackPointExtension>
        </extensions>
      </trkpt>
      <trkpt lat="23.04996038787066936492919921875" lon="113.30983140505850315093994140625">
        <ele>5.19999980926513671875</ele>
        <time>2026-07-29T23:28:32.000Z</time>
        <extensions>
          <ns3:TrackPointExtension>
            <ns3:hr>137</ns3:hr>
            <ns3:cad>82</ns3:cad>
          </ns3:TrackPointExtension>
        </extensions>
      </trkpt>
      <trkpt lat="23.04995250888168811798095703125" lon="113.30981950275599956512451171875">
        <ele>5.19999980926513671875</ele>
        <time>2026-07-29T23:28:33.000Z</time>
        <extensions>
          <ns3:TrackPointExtension>
            <ns3:hr>136</ns3:hr>
            <ns3:cad>82</ns3:cad>
          </ns3:TrackPointExtension>
        </extensions>
      </trkpt>
      <trkpt lat="23.04994630627334117889404296875" lon="113.30979519523680210113525390625">
        <ele>5.19999980926513671875</ele>
        <time>2026-07-29T23:28:34.000Z</time>
        <extensions>
          <ns3:TrackPointExtension>
            <ns3:hr>136</ns3:hr>
            <ns3:cad>82</ns3:cad>
          </ns3:TrackPointExtension>
        </extensions>
      </trkpt>
      <trkpt lat="23.0499478988349437713623046875" lon="113.3097751624882221221923828125">
        <ele>5.19999980926513671875</ele>
        <time>2026-07-29T23:28:35.000Z</time>
        <extensions>
          <ns3:TrackPointExtension>
            <ns3:hr>135</ns3:hr>
            <ns3:cad>82</ns3:cad>
          </ns3:TrackPointExtension>
        </extensions>
      </trkpt>
      <trkpt lat="23.04994228295981884002685546875" lon="113.30975848250091075897216796875">
        <ele>5.19999980926513671875</ele>
        <time>2026-07-29T23:28:36.000Z</time>
        <extensions>
          <ns3:TrackPointExtension>
            <ns3:hr>135</ns3:hr>
            <ns3:cad>82</ns3:cad>
          </ns3:TrackPointExtension>
        </extensions>
      </trkpt>
      <trkpt lat="23.04994764737784862518310546875" lon="113.30972730182111263275146484375">
        <ele>5.19999980926513671875</ele>
        <time>2026-07-29T23:28:37.000Z</time>
        <extensions>
          <ns3:TrackPointExtension>
            <ns3:hr>135</ns3:hr>
            <ns3:cad>82</ns3:cad>
          </ns3:TrackPointExtension>
        </extensions>
      </trkpt>
      <trkpt lat="23.04994546808302402496337890625" lon="113.309709616005420684814453125">
        <ele>5.19999980926513671875</ele>
        <time>2026-07-29T23:28:38.000Z</time>
        <extensions>
          <ns3:TrackPointExtension>
            <ns3:hr>135</ns3:hr>
            <ns3:cad>82</ns3:cad>
          </ns3:TrackPointExtension>
        </extensions>
      </trkpt>
      <trkpt lat="23.049942366778850555419921875" lon="113.30968723632395267486572265625">
        <ele>5.19999980926513671875</ele>
        <time>2026-07-29T23:28:39.000Z</time>
        <extensions>
          <ns3:TrackPointExtension>
            <ns3:hr>134</ns3:hr>
            <ns3:cad>82</ns3:cad>
          </ns3:TrackPointExtension>
        </extensions>
      </trkpt>
      <trkpt lat="23.04994530044496059417724609375" lon="113.3096638508141040802001953125">
        <ele>5.19999980926513671875</ele>
        <time>2026-07-29T23:28:40.000Z</time>
        <extensions>
          <ns3:TrackPointExtension>
            <ns3:hr>134</ns3:hr>
            <ns3:cad>82</ns3:cad>
          </ns3:TrackPointExtension>
        </extensions>
      </trkpt>
      <trkpt lat="23.0499401874840259552001953125" lon="113.3096494339406490325927734375">
        <ele>5.19999980926513671875</ele>
        <time>2026-07-29T23:28:41.000Z</time>
        <extensions>
          <ns3:TrackPointExtension>
            <ns3:hr>134</ns3:hr>
            <ns3:cad>82</ns3:cad>
          </ns3:TrackPointExtension>
        </extensions>
      </trkpt>
      <trkpt lat="23.04993934929370880126953125" lon="113.30961850471794605255126953125">
        <ele>5.19999980926513671875</ele>
        <time>2026-07-29T23:28:42.000Z</time>
        <extensions>
          <ns3:TrackPointExtension>
            <ns3:hr>134</ns3:hr>
            <ns3:cad>83</ns3:cad>
          </ns3:TrackPointExtension>
        </extensions>
      </trkpt>
      <trkpt lat="23.0499401874840259552001953125" lon="113.30960056744515895843505859375">
        <ele>5.19999980926513671875</ele>
        <time>2026-07-29T23:28:43.000Z</time>
        <extensions>
          <ns3:TrackPointExtension>
            <ns3:hr>135</ns3:hr>
            <ns3:cad>83</ns3:cad>
          </ns3:TrackPointExtension>
        </extensions>
      </trkpt>
      <trkpt lat="23.04993423633277416229248046875" lon="113.30957986414432525634765625">
        <ele>5.19999980926513671875</ele>
        <time>2026-07-29T23:28:44.000Z</time>
        <extensions>
          <ns3:TrackPointExtension>
            <ns3:hr>134</ns3:hr>
            <ns3:cad>82</ns3:cad>
          </ns3:TrackPointExtension>
        </extensions>
      </trkpt>
      <trkpt lat="23.0499371699988842010498046875" lon="113.30955044366419315338134765625">
        <ele>5.19999980926513671875</ele>
        <time>2026-07-29T23:28:45.000Z</time>
        <extensions>
          <ns3:TrackPointExtension>
            <ns3:hr>134</ns3:hr>
            <ns3:cad>82</ns3:cad>
          </ns3:TrackPointExtension>
        </extensions>
      </trkpt>
      <trkpt lat="23.04993155412375926971435546875" lon="113.30953569151461124420166015625">
        <ele>5.19999980926513671875</ele>
        <time>2026-07-29T23:28:46.000Z</time>
        <extensions>
          <ns3:TrackPointExtension>
            <ns3:hr>135</ns3:hr>
            <ns3:cad>82</ns3:cad>
          </ns3:TrackPointExtension>
        </extensions>
      </trkpt>
      <trkpt lat="23.049927614629268646240234375" lon="113.30950953997671604156494140625">
        <ele>5</ele>
        <time>2026-07-29T23:28:47.000Z</time>
        <extensions>
          <ns3:TrackPointExtension>
            <ns3:hr>135</ns3:hr>
            <ns3:cad>82</ns3:cad>
          </ns3:TrackPointExtension>
        </extensions>
      </trkpt>
      <trkpt lat="23.04992702789604663848876953125" lon="113.30948640592396259307861328125">
        <ele>5</ele>
        <time>2026-07-29T23:28:48.000Z</time>
        <extensions>
          <ns3:TrackPointExtension>
            <ns3:hr>135</ns3:hr>
            <ns3:cad>82</ns3:cad>
          </ns3:TrackPointExtension>
        </extensions>
      </trkpt>
      <trkpt lat="23.04991948418319225311279296875" lon="113.30946980975568294525146484375">
        <ele>5</ele>
        <time>2026-07-29T23:28:49.000Z</time>
        <extensions>
          <ns3:TrackPointExtension>
            <ns3:hr>135</ns3:hr>
            <ns3:cad>82</ns3:cad>
          </ns3:TrackPointExtension>
        </extensions>
      </trkpt>
      <trkpt lat="23.0499217472970485687255859375" lon="113.3094415627419948577880859375">
        <ele>5</ele>
        <time>2026-07-29T23:28:50.000Z</time>
        <extensions>
          <ns3:TrackPointExtension>
            <ns3:hr>134</ns3:hr>
            <ns3:cad>82</ns3:cad>
          </ns3:TrackPointExtension>
        </extensions>
      </trkpt>
      <trkpt lat="23.049920238554477691650390625" lon="113.30942840315401554107666015625">
        <ele>5</ele>
        <time>2026-07-29T23:28:51.000Z</time>
        <extensions>
          <ns3:TrackPointExtension>
            <ns3:hr>134</ns3:hr>
            <ns3:cad>82</ns3:cad>
          </ns3:TrackPointExtension>
        </extensions>
      </trkpt>
      <trkpt lat="23.04991847835481166839599609375" lon="113.3094088733196258544921875">
        <ele>5</ele>
        <time>2026-07-29T23:28:52.000Z</time>
        <extensions>
          <ns3:TrackPointExtension>
            <ns3:hr>134</ns3:hr>
            <ns3:cad>83</ns3:cad>
          </ns3:TrackPointExtension>
        </extensions>
      </trkpt>
      <trkpt lat="23.0499220825731754302978515625" lon="113.3093820512294769287109375">
        <ele>5</ele>
        <time>2026-07-29T23:28:53.000Z</time>
        <extensions>
          <ns3:TrackPointExtension>
            <ns3:hr>134</ns3:hr>
            <ns3:cad>83</ns3:cad>
          </ns3:TrackPointExtension>
        </extensions>
      </trkpt>
      <trkpt lat="23.049912191927433013916015625" lon="113.30936889164149761199951171875">
        <ele>5</ele>
        <time>2026-07-29T23:28:54.000Z</time>
        <extensions>
          <ns3:TrackPointExtension>
            <ns3:hr>133</ns3:hr>
            <ns3:cad>83</ns3:cad>
          </ns3:TrackPointExtension>
        </extensions>
      </trkpt>
      <trkpt lat="23.04991110228002071380615234375" lon="113.30934156663715839385986328125">
        <ele>5</ele>
        <time>2026-07-29T23:28:55.000Z</time>
        <extensions>
          <ns3:TrackPointExtension>
            <ns3:hr>133</ns3:hr>
            <ns3:cad>83</ns3:cad>
          </ns3:TrackPointExtension>
        </extensions>
      </trkpt>
      <trkpt lat="23.0499110184609889984130859375" lon="113.30932396464049816131591796875">
        <ele>5</ele>
        <time>2026-07-29T23:28:56.000Z</time>
        <extensions>
          <ns3:TrackPointExtension>
            <ns3:hr>133</ns3:hr>
            <ns3:cad>83</ns3:cad>
          </ns3:TrackPointExtension>
        </extensions>
      </trkpt>
      <trkpt lat="23.04990582168102264404296875" lon="113.3093054406344890594482421875">
        <ele>5</ele>
        <time>2026-07-29T23:28:57.000Z</time>
        <extensions>
          <ns3:TrackPointExtension>
            <ns3:hr>134</ns3:hr>
            <ns3:cad>83</ns3:cad>
          </ns3:TrackPointExtension>
        </extensions>
      </trkpt>
      <trkpt lat="23.04990959353744983673095703125" lon="113.309273757040500640869140625">
        <ele>5</ele>
        <time>2026-07-29T23:28:58.000Z</time>
        <extensions>
          <ns3:TrackPointExtension>
            <ns3:hr>133</ns3:hr>
            <ns3:cad>83</ns3:cad>
          </ns3:TrackPointExtension>
        </extensions>
      </trkpt>
      <trkpt lat="23.049908168613910675048828125" lon="113.30926202237606048583984375">
        <ele>5</ele>
        <time>2026-07-29T23:28:59.000Z</time>
        <extensions>
          <ns3:TrackPointExtension>
            <ns3:hr>133</ns3:hr>
            <ns3:cad>83</ns3:cad>
          </ns3:TrackPointExtension>
        </extensions>
      </trkpt>
      <trkpt lat="23.0499063245952129364013671875" lon="113.30923997797071933746337890625">
        <ele>4.80000019073486328125</ele>
        <time>2026-07-29T23:29:00.000Z</time>
        <extensions>
          <ns3:TrackPointExtension>
            <ns3:hr>134</ns3:hr>
            <ns3:cad>83</ns3:cad>
          </ns3:TrackPointExtension>
        </extensions>
      </trkpt>
      <trkpt lat="23.04991596378386020660400390625" lon="113.309214748442173004150390625">
        <ele>4.80000019073486328125</ele>
        <time>2026-07-29T23:29:01.000Z</time>
        <extensions>
          <ns3:TrackPointExtension>
            <ns3:hr>133</ns3:hr>
            <ns3:cad>82</ns3:cad>
          </ns3:TrackPointExtension>
        </extensions>
      </trkpt>
      <trkpt lat="23.04991194047033786773681640625" lon="113.3092008344829082489013671875">
        <ele>4.80000019073486328125</ele>
        <time>2026-07-29T23:29:02.000Z</time>
        <extensions>
          <ns3:TrackPointExtension>
            <ns3:hr>133</ns3:hr>
            <ns3:cad>82</ns3:cad>
          </ns3:TrackPointExtension>
        </extensions>
      </trkpt>
      <trkpt lat="23.04991864599287509918212890625" lon="113.309174515306949615478515625">
        <ele>4.80000019073486328125</ele>
        <time>2026-07-29T23:29:03.000Z</time>
        <extensions>
          <ns3:TrackPointExtension>
            <ns3:hr>133</ns3:hr>
            <ns3:cad>82</ns3:cad>
          </ns3:TrackPointExtension>
        </extensions>
      </trkpt>
      <trkpt lat="23.04992082528769969940185546875" lon="113.3091572485864162445068359375">
        <ele>4.80000019073486328125</ele>
        <time>2026-07-29T23:29:04.000Z</time>
        <extensions>
          <ns3:TrackPointExtension>
            <ns3:hr>132</ns3:hr>
            <ns3:cad>82</ns3:cad>
          </ns3:TrackPointExtension>
        </extensions>
      </trkpt>
      <trkpt lat="23.0499214120209217071533203125" lon="113.30914174206554889678955078125">
        <ele>4.80000019073486328125</ele>
        <time>2026-07-29T23:29:05.000Z</time>
        <extensions>
          <ns3:TrackPointExtension>
            <ns3:hr>133</ns3:hr>
            <ns3:cad>82</ns3:cad>
          </ns3:TrackPointExtension>
        </extensions>
      </trkpt>
      <trkpt lat="23.04992753081023693084716796875" lon="113.30911341123282909393310546875">
        <ele>4.80000019073486328125</ele>
        <time>2026-07-29T23:29:06.000Z</time>
        <extensions>
          <ns3:TrackPointExtension>
            <ns3:hr>133</ns3:hr>
            <ns3:cad>82</ns3:cad>
          </ns3:TrackPointExtension>
        </extensions>
      </trkpt>
      <trkpt lat="23.04993105120956897735595703125" lon="113.30909279175102710723876953125">
        <ele>4.80000019073486328125</ele>
        <time>2026-07-29T23:29:07.000Z</time>
        <extensions>
          <ns3:TrackPointExtension>
            <ns3:hr>133</ns3:hr>
            <ns3:cad>82</ns3:cad>
          </ns3:TrackPointExtension>
        </extensions>
      </trkpt>
      <trkpt lat="23.04993423633277416229248046875" lon="113.30906865186989307403564453125">
        <ele>4.80000019073486328125</ele>
        <time>2026-07-29T23:29:08.000Z</time>
        <extensions>
          <ns3:TrackPointExtension>
            <ns3:hr>133</ns3:hr>
            <ns3:cad>82</ns3:cad>
          </ns3:TrackPointExtension>
        </extensions>
      </trkpt>
      <trkpt lat="23.04993591271340847015380859375" lon="113.3090462721884250640869140625">
        <ele>4.80000019073486328125</ele>
        <time>2026-07-29T23:29:09.000Z</time>
        <extensions>
          <ns3:TrackPointExtension>
            <ns3:hr>134</ns3:hr>
            <ns3:cad>82</ns3:cad>
          </ns3:TrackPointExtension>
        </extensions>
      </trkpt>
      <trkpt lat="23.04993356578052043914794921875" lon="113.309029676020145416259765625">
        <ele>4.80000019073486328125</ele>
        <time>2026-07-29T23:29:10.000Z</time>
        <extensions>
          <ns3:TrackPointExtension>
            <ns3:hr>133</ns3:hr>
            <ns3:cad>82</ns3:cad>
          </ns3:TrackPointExtension>
        </extensions>
      </trkpt>
      <trkpt lat="23.0499331466853618621826171875" lon="113.3090060390532016754150390625">
        <ele>4.80000019073486328125</ele>
        <time>2026-07-29T23:29:11.000Z</time>
        <extensions>
          <ns3:TrackPointExtension>
            <ns3:hr>133</ns3:hr>
            <ns3:cad>82</ns3:cad>
          </ns3:TrackPointExtension>
        </extensions>
      </trkpt>
      <trkpt lat="23.04993909783661365509033203125" lon="113.30898617394268512725830078125">
        <ele>4.80000019073486328125</ele>
        <time>2026-07-29T23:29:12.000Z</time>
        <extensions>
          <ns3:TrackPointExtension>
            <ns3:hr>133</ns3:hr>
            <ns3:cad>82</ns3:cad>
          </ns3:TrackPointExtension>
        </extensions>
      </trkpt>
      <trkpt lat="23.04993423633277416229248046875" lon="113.30897008068859577178955078125">
        <ele>5</ele>
        <time>2026-07-29T23:29:13.000Z</time>
        <extensions>
          <ns3:TrackPointExtension>
            <ns3:hr>134</ns3:hr>
            <ns3:cad>82</ns3:cad>
          </ns3:TrackPointExtension>
        </extensions>
      </trkpt>
      <trkpt lat="23.04993809200823307037353515625" lon="113.30895046703517436981201171875">
        <ele>5</ele>
        <time>2026-07-29T23:29:14.000Z</time>
        <extensions>
          <ns3:TrackPointExtension>
            <ns3:hr>133</ns3:hr>
            <ns3:cad>82</ns3:cad>
          </ns3:TrackPointExtension>
        </extensions>
      </trkpt>
      <trkpt lat="23.0499388463795185089111328125" lon="113.3089342899620532989501953125">
        <ele>5</ele>
        <time>2026-07-29T23:29:15.000Z</time>
        <extensions>
          <ns3:TrackPointExtension>
            <ns3:hr>133</ns3:hr>
            <ns3:cad>82</ns3:cad>
          </ns3:TrackPointExtension>
        </extensions>
      </trkpt>
      <trkpt lat="23.04993859492242336273193359375" lon="113.30891626887023448944091796875">
        <ele>5</ele>
        <time>2026-07-29T23:29:16.000Z</time>
        <extensions>
          <ns3:TrackPointExtension>
            <ns3:hr>134</ns3:hr>
            <ns3:cad>82</ns3:cad>
          </ns3:TrackPointExtension>
        </extensions>
      </trkpt>
      <trkpt lat="23.049943707883358001708984375" lon="113.3088903687894344329833984375">
        <ele>5</ele>
        <time>2026-07-29T23:29:17.000Z</time>
        <extensions>
          <ns3:TrackPointExtension>
            <ns3:hr>133</ns3:hr>
            <ns3:cad>82</ns3:cad>
          </ns3:TrackPointExtension>
        </extensions>
      </trkpt>
      <trkpt lat="23.0499415285885334014892578125" lon="113.30887402407824993133544921875">
        <ele>4.80000019073486328125</ele>
        <time>2026-07-29T23:29:18.000Z</time>
        <extensions>
          <ns3:TrackPointExtension>
            <ns3:hr>133</ns3:hr>
            <ns3:cad>82</ns3:cad>
          </ns3:TrackPointExtension>
        </extensions>
      </trkpt>
      <trkpt lat="23.0499373376369476318359375" lon="113.308854661881923675537109375">
        <ele>4.80000019073486328125</ele>
        <time>2026-07-29T23:29:19.000Z</time>
        <extensions>
          <ns3:TrackPointExtension>
            <ns3:hr>134</ns3:hr>
            <ns3:cad>82</ns3:cad>
          </ns3:TrackPointExtension>
        </extensions>
      </trkpt>
      <trkpt lat="23.0499421991407871246337890625" lon="113.30883362330496311187744140625">
        <ele>5</ele>
        <time>2026-07-29T23:29:20.000Z</time>
        <extensions>
          <ns3:TrackPointExtension>
            <ns3:hr>133</ns3:hr>
            <ns3:cad>82</ns3:cad>
          </ns3:TrackPointExtension>
        </extensions>
      </trkpt>
      <trkpt lat="23.0499400198459625244140625" lon="113.30881635658442974090576171875">
        <ele>5</ele>
        <time>2026-07-29T23:29:21.000Z</time>
        <extensions>
          <ns3:TrackPointExtension>
            <ns3:hr>134</ns3:hr>
            <ns3:cad>82</ns3:cad>
          </ns3:TrackPointExtension>
        </extensions>
      </trkpt>
      <trkpt lat="23.049943037331104278564453125" lon="113.3087914623320102691650390625">
        <ele>5</ele>
        <time>2026-07-29T23:29:22.000Z</time>
        <extensions>
          <ns3:TrackPointExtension>
            <ns3:hr>134</ns3:hr>
            <ns3:cad>82</ns3:cad>
          </ns3:TrackPointExtension>
        </extensions>
      </trkpt>
      <trkpt lat="23.04994312115013599395751953125" lon="113.30877520143985748291015625">
        <ele>5</ele>
        <time>2026-07-29T23:29:23.000Z</time>
        <extensions>
          <ns3:TrackPointExtension>
            <ns3:hr>134</ns3:hr>
            <ns3:cad>82</ns3:cad>
          </ns3:TrackPointExtension>
        </extensions>
      </trkpt>
      <trkpt lat="23.0499427020549774169921875" lon="113.30875617451965808868408203125">
        <ele>4.80000019073486328125</ele>
        <time>2026-07-29T23:29:24.000Z</time>
        <extensions>
          <ns3:TrackPointExtension>
            <ns3:hr>135</ns3:hr>
            <ns3:cad>82</ns3:cad>
          </ns3:TrackPointExtension>
        </extensions>
      </trkpt>
      <trkpt lat="23.04995049722492694854736328125" lon="113.30873119644820690155029296875">
        <ele>4.80000019073486328125</ele>
        <time>2026-07-29T23:29:25.000Z</time>
        <extensions>
          <ns3:TrackPointExtension>
            <ns3:hr>135</ns3:hr>
            <ns3:cad>82</ns3:cad>
          </ns3:TrackPointExtension>
        </extensions>
      </trkpt>
      <trkpt lat="23.04994513280689716339111328125" lon="113.308717198669910430908203125">
        <ele>4.80000019073486328125</ele>
        <time>2026-07-29T23:29:26.000Z</time>
        <extensions>
          <ns3:TrackPointExtension>
            <ns3:hr>135</ns3:hr>
            <ns3:cad>82</ns3:cad>
          </ns3:TrackPointExtension>
        </extensions>
      </trkpt>
      <trkpt lat="23.04994714446365833282470703125" lon="113.308692388236522674560546875">
        <ele>4.80000019073486328125</ele>
        <time>2026-07-29T23:29:27.000Z</time>
        <extensions>
          <ns3:TrackPointExtension>
            <ns3:hr>135</ns3:hr>
            <ns3:cad>82</ns3:cad>
          </ns3:TrackPointExtension>
        </extensions>
      </trkpt>
      <trkpt lat="23.04995133541524410247802734375" lon="113.30867034383118152618408203125">
        <ele>4.80000019073486328125</ele>
        <time>2026-07-29T23:29:28.000Z</time>
        <extensions>
          <ns3:TrackPointExtension>
            <ns3:hr>135</ns3:hr>
            <ns3:cad>82</ns3:cad>
          </ns3:TrackPointExtension>
        </extensions>
      </trkpt>
      <trkpt lat="23.0499489046633243560791015625" lon="113.30865609459578990936279296875">
        <ele>4.80000019073486328125</ele>
        <time>2026-07-29T23:29:29.000Z</time>
        <extensions>
          <ns3:TrackPointExtension>
            <ns3:hr>134</ns3:hr>
            <ns3:cad>82</ns3:cad>
          </ns3:TrackPointExtension>
        </extensions>
      </trkpt>
      <trkpt lat="23.0499519221484661102294921875" lon="113.3086283504962921142578125">
        <ele>4.80000019073486328125</ele>
        <time>2026-07-29T23:29:30.000Z</time>
        <extensions>
          <ns3:TrackPointExtension>
            <ns3:hr>135</ns3:hr>
            <ns3:cad>82</ns3:cad>
          </ns3:TrackPointExtension>
        </extensions>
      </trkpt>
      <trkpt lat="23.04994731210172176361083984375" lon="113.30861426889896392822265625">
        <ele>4.80000019073486328125</ele>
        <time>2026-07-29T23:29:31.000Z</time>
        <extensions>
          <ns3:TrackPointExtension>
            <ns3:hr>135</ns3:hr>
            <ns3:cad>82</ns3:cad>
          </ns3:TrackPointExtension>
        </extensions>
      </trkpt>
      <trkpt lat="23.04994798265397548675537109375" lon="113.3085963316261768341064453125">
        <ele>4.80000019073486328125</ele>
        <time>2026-07-29T23:29:32.000Z</time>
        <extensions>
          <ns3:TrackPointExtension>
            <ns3:hr>135</ns3:hr>
            <ns3:cad>82</ns3:cad>
          </ns3:TrackPointExtension>
        </extensions>
      </trkpt>
      <trkpt lat="23.04995812475681304931640625" lon="113.30857210792601108551025390625">
        <ele>4.80000019073486328125</ele>
        <time>2026-07-29T23:29:33.000Z</time>
        <extensions>
          <ns3:TrackPointExtension>
            <ns3:hr>135</ns3:hr>
            <ns3:cad>82</ns3:cad>
          </ns3:TrackPointExtension>
        </extensions>
      </trkpt>
      <trkpt lat="23.04995544254779815673828125" lon="113.308558277785778045654296875">
        <ele>5</ele>
        <time>2026-07-29T23:29:34.000Z</time>
        <extensions>
          <ns3:TrackPointExtension>
            <ns3:hr>135</ns3:hr>
            <ns3:cad>82</ns3:cad>
          </ns3:TrackPointExtension>
        </extensions>
      </trkpt>
      <trkpt lat="23.04995686747133731842041015625" lon="113.30853455699980258941650390625">
        <ele>5</ele>
        <time>2026-07-29T23:29:35.000Z</time>
        <extensions>
          <ns3:TrackPointExtension>
            <ns3:hr>134</ns3:hr>
            <ns3:cad>83</ns3:cad>
          </ns3:TrackPointExtension>
        </extensions>
      </trkpt>
      <trkpt lat="23.0499633215367794036865234375" lon="113.30851636826992034912109375">
        <ele>5</ele>
        <time>2026-07-29T23:29:36.000Z</time>
        <extensions>
          <ns3:TrackPointExtension>
            <ns3:hr>134</ns3:hr>
            <ns3:cad>83</ns3:cad>
          </ns3:TrackPointExtension>
        </extensions>
      </trkpt>
      <trkpt lat="23.049961812794208526611328125" lon="113.30850639380514621734619140625">
        <ele>5</ele>
        <time>2026-07-29T23:29:37.000Z</time>
        <extensions>
          <ns3:TrackPointExtension>
            <ns3:hr>134</ns3:hr>
            <ns3:cad>82</ns3:cad>
          </ns3:TrackPointExtension>
        </extensions>
      </trkpt>
      <trkpt lat="23.04996793158352375030517578125" lon="113.30847957171499729156494140625">
        <ele>5</ele>
        <time>2026-07-29T23:29:38.000Z</time>
        <extensions>
          <ns3:TrackPointExtension>
            <ns3:hr>134</ns3:hr>
            <ns3:cad>82</ns3:cad>
          </ns3:TrackPointExtension>
        </extensions>
      </trkpt>
      <trkpt lat="23.0499656684696674346923828125" lon="113.30846062861382961273193359375">
        <ele>5</ele>
        <time>2026-07-29T23:29:39.000Z</time>
        <extensions>
          <ns3:TrackPointExtension>
            <ns3:hr>134</ns3:hr>
            <ns3:cad>82</ns3:cad>
          </ns3:TrackPointExtension>
        </extensions>
      </trkpt>
      <trkpt lat="23.049963153898715972900390625" lon="113.30844260752201080322265625">
        <ele>5</ele>
        <time>2026-07-29T23:29:40.000Z</time>
        <extensions>
          <ns3:TrackPointExtension>
            <ns3:hr>133</ns3:hr>
            <ns3:cad>82</ns3:cad>
          </ns3:TrackPointExtension>
        </extensions>
      </trkpt>
      <trkpt lat="23.04997312836349010467529296875" lon="113.30841134302318096160888671875">
        <ele>5</ele>
        <time>2026-07-29T23:29:41.000Z</time>
        <extensions>
          <ns3:TrackPointExtension>
            <ns3:hr>133</ns3:hr>
            <ns3:cad>82</ns3:cad>
          </ns3:TrackPointExtension>
        </extensions>
      </trkpt>
      <trkpt lat="23.04997530765831470489501953125" lon="113.30838787369430065155029296875">
        <ele>5.19999980926513671875</ele>
        <time>2026-07-29T23:29:42.000Z</time>
        <extensions>
          <ns3:TrackPointExtension>
            <ns3:hr>134</ns3:hr>
            <ns3:cad>82</ns3:cad>
          </ns3:TrackPointExtension>
        </extensions>
      </trkpt>
      <trkpt lat="23.04997497238218784332275390625" lon="113.30836725421249866485595703125">
        <ele>5.19999980926513671875</ele>
        <time>2026-07-29T23:29:43.000Z</time>
        <extensions>
          <ns3:TrackPointExtension>
            <ns3:hr>134</ns3:hr>
            <ns3:cad>82</ns3:cad>
          </ns3:TrackPointExtension>
        </extensions>
      </trkpt>
      <trkpt lat="23.04998134262859821319580078125" lon="113.308345377445220947265625">
        <ele>5.19999980926513671875</ele>
        <time>2026-07-29T23:29:44.000Z</time>
        <extensions>
          <ns3:TrackPointExtension>
            <ns3:hr>134</ns3:hr>
            <ns3:cad>82</ns3:cad>
          </ns3:TrackPointExtension>
        </extensions>
      </trkpt>
      <trkpt lat="23.04997648112475872039794921875" lon="113.30833154730498790740966796875">
        <ele>5.19999980926513671875</ele>
        <time>2026-07-29T23:29:45.000Z</time>
        <extensions>
          <ns3:TrackPointExtension>
            <ns3:hr>135</ns3:hr>
            <ns3:cad>82</ns3:cad>
          </ns3:TrackPointExtension>
        </extensions>
      </trkpt>
      <trkpt lat="23.04997882805764675140380859375" lon="113.30830824561417102813720703125">
        <ele>5.19999980926513671875</ele>
        <time>2026-07-29T23:29:46.000Z</time>
        <extensions>
          <ns3:TrackPointExtension>
            <ns3:hr>135</ns3:hr>
            <ns3:cad>82</ns3:cad>
          </ns3:TrackPointExtension>
        </extensions>
      </trkpt>
      <trkpt lat="23.0499820969998836517333984375" lon="113.30829047597944736480712890625">
        <ele>5</ele>
        <time>2026-07-29T23:29:47.000Z</time>
        <extensions>
          <ns3:TrackPointExtension>
            <ns3:hr>135</ns3:hr>
            <ns3:cad>82</ns3:cad>
          </ns3:TrackPointExtension>
        </extensions>
      </trkpt>
      <trkpt lat="23.04998100735247135162353515625" lon="113.30827102996408939361572265625">
        <ele>5</ele>
        <time>2026-07-29T23:29:48.000Z</time>
        <extensions>
          <ns3:TrackPointExtension>
            <ns3:hr>135</ns3:hr>
            <ns3:cad>82</ns3:cad>
          </ns3:TrackPointExtension>
        </extensions>
      </trkpt>
      <trkpt lat="23.04998754523694515228271484375" lon="113.30823875963687896728515625">
        <ele>5.19999980926513671875</ele>
        <time>2026-07-29T23:29:49.000Z</time>
        <extensions>
          <ns3:TrackPointExtension>
            <ns3:hr>135</ns3:hr>
            <ns3:cad>82</ns3:cad>
          </ns3:TrackPointExtension>
        </extensions>
      </trkpt>
      <trkpt lat="23.04998720996081829071044921875" lon="113.30822560004889965057373046875">
        <ele>5.19999980926513671875</ele>
        <time>2026-07-29T23:29:50.000Z</time>
        <extensions>
          <ns3:TrackPointExtension>
            <ns3:hr>134</ns3:hr>
            <ns3:cad>82</ns3:cad>
          </ns3:TrackPointExtension>
        </extensions>
      </trkpt>
      <trkpt lat="23.0499908141791820526123046875" lon="113.308201543986797332763671875">
        <ele>5.19999980926513671875</ele>
        <time>2026-07-29T23:29:51.000Z</time>
        <extensions>
          <ns3:TrackPointExtension>
            <ns3:hr>133</ns3:hr>
            <ns3:cad>82</ns3:cad>
          </ns3:TrackPointExtension>
        </extensions>
      </trkpt>
      <trkpt lat="23.05000062100589275360107421875" lon="113.3081785775721073150634765625">
        <ele>5.19999980926513671875</ele>
        <time>2026-07-29T23:29:52.000Z</time>
        <extensions>
          <ns3:TrackPointExtension>
            <ns3:hr>133</ns3:hr>
            <ns3:cad>82</ns3:cad>
          </ns3:TrackPointExtension>
        </extensions>
      </trkpt>
      <trkpt lat="23.04999760352075099945068359375" lon="113.30816457979381084442138671875">
        <ele>5.19999980926513671875</ele>
        <time>2026-07-29T23:29:53.000Z</time>
        <extensions>
          <ns3:TrackPointExtension>
            <ns3:hr>133</ns3:hr>
            <ns3:cad>82</ns3:cad>
          </ns3:TrackPointExtension>
        </extensions>
      </trkpt>
      <trkpt lat="23.0500032193958759307861328125" lon="113.30813658423721790313720703125">
        <ele>5.19999980926513671875</ele>
        <time>2026-07-29T23:29:54.000Z</time>
        <extensions>
          <ns3:TrackPointExtension>
            <ns3:hr>132</ns3:hr>
            <ns3:cad>82</ns3:cad>
          </ns3:TrackPointExtension>
        </extensions>
      </trkpt>
      <trkpt lat="23.05000699125230312347412109375" lon="113.30811931751668453216552734375">
        <ele>5.19999980926513671875</ele>
        <time>2026-07-29T23:29:55.000Z</time>
        <extensions>
          <ns3:TrackPointExtension>
            <ns3:hr>132</ns3:hr>
            <ns3:cad>82</ns3:cad>
          </ns3:TrackPointExtension>
        </extensions>
      </trkpt>
      <trkpt lat="23.0500062368810176849365234375" lon="113.30810272134840488433837890625">
        <ele>5.19999980926513671875</ele>
        <time>2026-07-29T23:29:56.000Z</time>
        <extensions>
          <ns3:TrackPointExtension>
            <ns3:hr>131</ns3:hr>
            <ns3:cad>82</ns3:cad>
          </ns3:TrackPointExtension>
        </extensions>
      </trkpt>
      <trkpt lat="23.050014786422252655029296875" lon="113.3080776594579219818115234375">
        <ele>5</ele>
        <time>2026-07-29T23:29:57.000Z</time>
        <extensions>
          <ns3:TrackPointExtension>
            <ns3:hr>131</ns3:hr>
            <ns3:cad>83</ns3:cad>
          </ns3:TrackPointExtension>
        </extensions>
      </trkpt>
      <trkpt lat="23.05002006702125072479248046875" lon="113.30806198529899120330810546875">
        <ele>5</ele>
        <time>2026-07-29T23:29:58.000Z</time>
        <extensions>
          <ns3:TrackPointExtension>
            <ns3:hr>131</ns3:hr>
            <ns3:cad>83</ns3:cad>
          </ns3:TrackPointExtension>
        </extensions>
      </trkpt>
      <trkpt lat="23.050019480288028717041015625" lon="113.3080454729497432708740234375">
        <ele>5</ele>
        <time>2026-07-29T23:29:59.000Z</time>
        <extensions>
          <ns3:TrackPointExtension>
            <ns3:hr>132</ns3:hr>
            <ns3:cad>82</ns3:cad>
          </ns3:TrackPointExtension>
        </extensions>
      </trkpt>
      <trkpt lat="23.0500256828963756561279296875" lon="113.30802443437278270721435546875">
        <ele>5</ele>
        <time>2026-07-29T23:30:00.000Z</time>
        <extensions>
          <ns3:TrackPointExtension>
            <ns3:hr>132</ns3:hr>
            <ns3:cad>82</ns3:cad>
          </ns3:TrackPointExtension>
        </extensions>
      </trkpt>
      <trkpt lat="23.05002040229737758636474609375" lon="113.30801253207027912139892578125">
        <ele>5</ele>
        <time>2026-07-29T23:30:01.000Z</time>
        <extensions>
          <ns3:TrackPointExtension>
            <ns3:hr>132</ns3:hr>
            <ns3:cad>82</ns3:cad>
          </ns3:TrackPointExtension>
        </extensions>
      </trkpt>
      <trkpt lat="23.0500260181725025177001953125" lon="113.30798705108463764190673828125">
        <ele>5</ele>
        <time>2026-07-29T23:30:02.000Z</time>
        <extensions>
          <ns3:TrackPointExtension>
            <ns3:hr>133</ns3:hr>
            <ns3:cad>82</ns3:cad>
          </ns3:TrackPointExtension>
        </extensions>
      </trkpt>
      <trkpt lat="23.05003431625664234161376953125" lon="113.307968191802501678466796875">
        <ele>5</ele>
        <time>2026-07-29T23:30:03.000Z</time>
        <extensions>
          <ns3:TrackPointExtension>
            <ns3:hr>133</ns3:hr>
            <ns3:cad>82</ns3:cad>
          </ns3:TrackPointExtension>
        </extensions>
      </trkpt>
      <trkpt lat="23.05003188550472259521484375" lon="113.307952098548412322998046875">
        <ele>5.19999980926513671875</ele>
        <time>2026-07-29T23:30:04.000Z</time>
        <extensions>
          <ns3:TrackPointExtension>
            <ns3:hr>133</ns3:hr>
            <ns3:cad>82</ns3:cad>
          </ns3:TrackPointExtension>
        </extensions>
      </trkpt>
      <trkpt lat="23.050040937960147857666015625" lon="113.30792619846761226654052734375">
        <ele>5.19999980926513671875</ele>
        <time>2026-07-29T23:30:05.000Z</time>
        <extensions>
          <ns3:TrackPointExtension>
            <ns3:hr>133</ns3:hr>
            <ns3:cad>82</ns3:cad>
          </ns3:TrackPointExtension>
        </extensions>
      </trkpt>
      <trkpt lat="23.05004521273076534271240234375" lon="113.30791153013706207275390625">
        <ele>5.19999980926513671875</ele>
        <time>2026-07-29T23:30:06.000Z</time>
        <extensions>
          <ns3:TrackPointExtension>
            <ns3:hr>133</ns3:hr>
            <ns3:cad>81</ns3:cad>
          </ns3:TrackPointExtension>
        </extensions>
      </trkpt>
      <trkpt lat="23.05004554800689220428466796875" lon="113.30789417959749698638916015625">
        <ele>5.19999980926513671875</ele>
        <time>2026-07-29T23:30:07.000Z</time>
        <extensions>
          <ns3:TrackPointExtension>
            <ns3:hr>133</ns3:hr>
            <ns3:cad>81</ns3:cad>
          </ns3:TrackPointExtension>
        </extensions>
      </trkpt>
      <trkpt lat="23.0500535108149051666259765625" lon="113.30787205137312412261962890625">
        <ele>5.19999980926513671875</ele>
        <time>2026-07-29T23:30:08.000Z</time>
        <extensions>
          <ns3:TrackPointExtension>
            <ns3:hr>133</ns3:hr>
            <ns3:cad>81</ns3:cad>
          </ns3:TrackPointExtension>
        </extensions>
      </trkpt>
      <trkpt lat="23.05005334317684173583984375" lon="113.3078600652515888214111328125">
        <ele>5.19999980926513671875</ele>
        <time>2026-07-29T23:30:09.000Z</time>
        <extensions>
          <ns3:TrackPointExtension>
            <ns3:hr>133</ns3:hr>
            <ns3:cad>81</ns3:cad>
          </ns3:TrackPointExtension>
        </extensions>
      </trkpt>
      <trkpt lat="23.05005292408168315887451171875" lon="113.30783776938915252685546875">
        <ele>5.19999980926513671875</ele>
        <time>2026-07-29T23:30:10.000Z</time>
        <extensions>
          <ns3:TrackPointExtension>
            <ns3:hr>133</ns3:hr>
            <ns3:cad>82</ns3:cad>
          </ns3:TrackPointExtension>
        </extensions>
      </trkpt>
      <trkpt lat="23.05006063543260097503662109375" lon="113.30781362950801849365234375">
        <ele>5.19999980926513671875</ele>
        <time>2026-07-29T23:30:11.000Z</time>
        <extensions>
          <ns3:TrackPointExtension>
            <ns3:hr>134</ns3:hr>
            <ns3:cad>82</ns3:cad>
          </ns3:TrackPointExtension>
        </extensions>
      </trkpt>
      <trkpt lat="23.050058372318744659423828125" lon="113.30779929645359516143798828125">
        <ele>5.19999980926513671875</ele>
        <time>2026-07-29T23:30:12.000Z</time>
        <extensions>
          <ns3:TrackPointExtension>
            <ns3:hr>133</ns3:hr>
            <ns3:cad>82</ns3:cad>
          </ns3:TrackPointExtension>
        </extensions>
      </trkpt>
      <trkpt lat="23.05006247945129871368408203125" lon="113.3077727258205413818359375">
        <ele>5.19999980926513671875</ele>
        <time>2026-07-29T23:30:13.000Z</time>
        <extensions>
          <ns3:TrackPointExtension>
            <ns3:hr>133</ns3:hr>
            <ns3:cad>82</ns3:cad>
          </ns3:TrackPointExtension>
        </extensions>
      </trkpt>
      <trkpt lat="23.050067089498043060302734375" lon="113.30775369890034198760986328125">
        <ele>5.19999980926513671875</ele>
        <time>2026-07-29T23:30:14.000Z</time>
        <extensions>
          <ns3:TrackPointExtension>
            <ns3:hr>134</ns3:hr>
            <ns3:cad>82</ns3:cad>
          </ns3:TrackPointExtension>
        </extensions>
      </trkpt>
      <trkpt lat="23.0500685982406139373779296875" lon="113.3077351748943328857421875">
        <ele>5.19999980926513671875</ele>
        <time>2026-07-29T23:30:15.000Z</time>
        <extensions>
          <ns3:TrackPointExtension>
            <ns3:hr>133</ns3:hr>
            <ns3:cad>82</ns3:cad>
          </ns3:TrackPointExtension>
        </extensions>
      </trkpt>
      <trkpt lat="23.05007505230605602264404296875" lon="113.30771463923156261444091796875">
        <ele>5.19999980926513671875</ele>
        <time>2026-07-29T23:30:16.000Z</time>
        <extensions>
          <ns3:TrackPointExtension>
            <ns3:hr>133</ns3:hr>
            <ns3:cad>82</ns3:cad>
          </ns3:TrackPointExtension>
        </extensions>
      </trkpt>
      <trkpt lat="23.05007639341056346893310546875" lon="113.30769821070134639739990234375">
        <ele>5.19999980926513671875</ele>
        <time>2026-07-29T23:30:17.000Z</time>
        <extensions>
          <ns3:TrackPointExtension>
            <ns3:hr>133</ns3:hr>
            <ns3:cad>82</ns3:cad>
          </ns3:TrackPointExtension>
        </extensions>
      </trkpt>
      <trkpt lat="23.05007957853376865386962890625" lon="113.3076776750385761260986328125">
        <ele>5.19999980926513671875</ele>
        <time>2026-07-29T23:30:18.000Z</time>
        <extensions>
          <ns3:TrackPointExtension>
            <ns3:hr>133</ns3:hr>
            <ns3:cad>82</ns3:cad>
          </ns3:TrackPointExtension>
        </extensions>
      </trkpt>
      <trkpt lat="23.050086200237274169921875" lon="113.30765806138515472412109375">
        <ele>5.19999980926513671875</ele>
        <time>2026-07-29T23:30:19.000Z</time>
        <extensions>
          <ns3:TrackPointExtension>
            <ns3:hr>133</ns3:hr>
            <ns3:cad>82</ns3:cad>
          </ns3:TrackPointExtension>
        </extensions>
      </trkpt>
      <trkpt lat="23.05008561350405216217041015625" lon="113.307642638683319091796875">
        <ele>5.400000095367431640625</ele>
        <time>2026-07-29T23:30:20.000Z</time>
        <extensions>
          <ns3:TrackPointExtension>
            <ns3:hr>134</ns3:hr>
            <ns3:cad>82</ns3:cad>
          </ns3:TrackPointExtension>
        </extensions>
      </trkpt>
      <trkpt lat="23.0500890500843524932861328125" lon="113.3076233603060245513916015625">
        <ele>5.400000095367431640625</ele>
        <time>2026-07-29T23:30:21.000Z</time>
        <extensions>
          <ns3:TrackPointExtension>
            <ns3:hr>133</ns3:hr>
            <ns3:cad>82</ns3:cad>
          </ns3:TrackPointExtension>
        </extensions>
      </trkpt>
      <trkpt lat="23.05009634234011173248291015625" lon="113.30759880132973194122314453125">
        <ele>5.400000095367431640625</ele>
        <time>2026-07-29T23:30:22.000Z</time>
        <extensions>
          <ns3:TrackPointExtension>
            <ns3:hr>133</ns3:hr>
            <ns3:cad>82</ns3:cad>
          </ns3:TrackPointExtension>
        </extensions>
      </trkpt>
      <trkpt lat="23.050095252692699432373046875" lon="113.30758119933307170867919921875">
        <ele>5.19999980926513671875</ele>
        <time>2026-07-29T23:30:23.000Z</time>
        <extensions>
          <ns3:TrackPointExtension>
            <ns3:hr>134</ns3:hr>
            <ns3:cad>81</ns3:cad>
          </ns3:TrackPointExtension>
        </extensions>
      </trkpt>
      <trkpt lat="23.050099276006221771240234375" lon="113.30755638889968395233154296875">
        <ele>5</ele>
        <time>2026-07-29T23:30:24.000Z</time>
        <extensions>
          <ns3:TrackPointExtension>
            <ns3:hr>134</ns3:hr>
            <ns3:cad>81</ns3:cad>
          </ns3:TrackPointExtension>
        </extensions>
      </trkpt>
      <trkpt lat="23.05009986273944377899169921875" lon="113.30754163675010204315185546875">
        <ele>5</ele>
        <time>2026-07-29T23:30:25.000Z</time>
        <extensions>
          <ns3:TrackPointExtension>
            <ns3:hr>133</ns3:hr>
            <ns3:cad>81</ns3:cad>
          </ns3:TrackPointExtension>
        </extensions>
      </trkpt>
      <trkpt lat="23.05009919218719005584716796875" lon="113.30752302892506122589111328125">
        <ele>5</ele>
        <time>2026-07-29T23:30:26.000Z</time>
        <extensions>
          <ns3:TrackPointExtension>
            <ns3:hr>134</ns3:hr>
            <ns3:cad>82</ns3:cad>
          </ns3:TrackPointExtension>
        </extensions>
      </trkpt>
      <trkpt lat="23.0501048080623149871826171875" lon="113.307498805224895477294921875">
        <ele>5</ele>
        <time>2026-07-29T23:30:27.000Z</time>
        <extensions>
          <ns3:TrackPointExtension>
            <ns3:hr>134</ns3:hr>
            <ns3:cad>82</ns3:cad>
          </ns3:TrackPointExtension>
        </extensions>
      </trkpt>
      <trkpt lat="23.050098605453968048095703125" lon="113.3074852265417575836181640625">
        <ele>5.19999980926513671875</ele>
        <time>2026-07-29T23:30:28.000Z</time>
        <extensions>
          <ns3:TrackPointExtension>
            <ns3:hr>134</ns3:hr>
            <ns3:cad>82</ns3:cad>
          </ns3:TrackPointExtension>
        </extensions>
      </trkpt>
      <trkpt lat="23.050096593797206878662109375" lon="113.30746334977447986602783203125">
        <ele>5.19999980926513671875</ele>
        <time>2026-07-29T23:30:29.000Z</time>
        <extensions>
          <ns3:TrackPointExtension>
            <ns3:hr>134</ns3:hr>
            <ns3:cad>82</ns3:cad>
          </ns3:TrackPointExtension>
        </extensions>
      </trkpt>
      <trkpt lat="23.05010422132909297943115234375" lon="113.3074416406452655792236328125">
        <ele>5.19999980926513671875</ele>
        <time>2026-07-29T23:30:30.000Z</time>
        <extensions>
          <ns3:TrackPointExtension>
            <ns3:hr>134</ns3:hr>
            <ns3:cad>82</ns3:cad>
          </ns3:TrackPointExtension>
        </extensions>
      </trkpt>
      <trkpt lat="23.05010153912007808685302734375" lon="113.3074285648763179779052734375">
        <ele>5.19999980926513671875</ele>
        <time>2026-07-29T23:30:31.000Z</time>
        <extensions>
          <ns3:TrackPointExtension>
            <ns3:hr>134</ns3:hr>
            <ns3:cad>82</ns3:cad>
          </ns3:TrackPointExtension>
        </extensions>
      </trkpt>
      <trkpt lat="23.0501058138906955718994140625" lon="113.30739931203424930572509765625">
        <ele>5.19999980926513671875</ele>
        <time>2026-07-29T23:30:32.000Z</time>
        <extensions>
          <ns3:TrackPointExtension>
            <ns3:hr>134</ns3:hr>
            <ns3:cad>82</ns3:cad>
          </ns3:TrackPointExtension>
        </extensions>
      </trkpt>
      <trkpt lat="23.05010673590004444122314453125" lon="113.30738305114209651947021484375">
        <ele>5.400000095367431640625</ele>
        <time>2026-07-29T23:30:33.000Z</time>
        <extensions>
          <ns3:TrackPointExtension>
            <ns3:hr>134</ns3:hr>
            <ns3:cad>81</ns3:cad>
          </ns3:TrackPointExtension>
        </extensions>
      </trkpt>
      <trkpt lat="23.05010740645229816436767578125" lon="113.30736243166029453277587890625">
        <ele>5.400000095367431640625</ele>
        <time>2026-07-29T23:30:34.000Z</time>
        <extensions>
          <ns3:TrackPointExtension>
            <ns3:hr>134</ns3:hr>
            <ns3:cad>81</ns3:cad>
          </ns3:TrackPointExtension>
        </extensions>
      </trkpt>
      <trkpt lat="23.050118722021579742431640625" lon="113.30733762122690677642822265625">
        <ele>5.400000095367431640625</ele>
        <time>2026-07-29T23:30:35.000Z</time>
        <extensions>
          <ns3:TrackPointExtension>
            <ns3:hr>133</ns3:hr>
            <ns3:cad>81</ns3:cad>
          </ns3:TrackPointExtension>
        </extensions>
      </trkpt>
      <trkpt lat="23.05011360906064510345458984375" lon="113.30732437781989574432373046875">
        <ele>5.400000095367431640625</ele>
        <time>2026-07-29T23:30:36.000Z</time>
        <extensions>
          <ns3:TrackPointExtension>
            <ns3:hr>133</ns3:hr>
            <ns3:cad>82</ns3:cad>
          </ns3:TrackPointExtension>
        </extensions>
      </trkpt>
      <trkpt lat="23.0501135252416133880615234375" lon="113.307298980653285980224609375">
        <ele>5.19999980926513671875</ele>
        <time>2026-07-29T23:30:37.000Z</time>
        <extensions>
          <ns3:TrackPointExtension>
            <ns3:hr>133</ns3:hr>
            <ns3:cad>82</ns3:cad>
          </ns3:TrackPointExtension>
        </extensions>
      </trkpt>
      <trkpt lat="23.0501198954880237579345703125" lon="113.30727458931505680084228515625">
        <ele>5.19999980926513671875</ele>
        <time>2026-07-29T23:30:38.000Z</time>
        <extensions>
          <ns3:TrackPointExtension>
            <ns3:hr>134</ns3:hr>
            <ns3:cad>82</ns3:cad>
          </ns3:TrackPointExtension>
        </extensions>
      </trkpt>
      <trkpt lat="23.05011763237416744232177734375" lon="113.3072562329471111297607421875">
        <ele>5.19999980926513671875</ele>
        <time>2026-07-29T23:30:39.000Z</time>
        <extensions>
          <ns3:TrackPointExtension>
            <ns3:hr>134</ns3:hr>
            <ns3:cad>82</ns3:cad>
          </ns3:TrackPointExtension>
        </extensions>
      </trkpt>
      <trkpt lat="23.0501235835254192352294921875" lon="113.3072227053344249725341796875">
        <ele>5.19999980926513671875</ele>
        <time>2026-07-29T23:30:40.000Z</time>
        <extensions>
          <ns3:TrackPointExtension>
            <ns3:hr>134</ns3:hr>
            <ns3:cad>82</ns3:cad>
          </ns3:TrackPointExtension>
        </extensions>
      </trkpt>
      <trkpt lat="23.05012031458318233489990234375" lon="113.30720334313809871673583984375">
        <ele>5.19999980926513671875</ele>
        <time>2026-07-29T23:30:41.000Z</time>
        <extensions>
          <ns3:TrackPointExtension>
            <ns3:hr>133</ns3:hr>
            <ns3:cad>82</ns3:cad>
          </ns3:TrackPointExtension>
        </extensions>
      </trkpt>
      <trkpt lat="23.0501209013164043426513671875" lon="113.30718062818050384521484375">
        <ele>5.19999980926513671875</ele>
        <time>2026-07-29T23:30:42.000Z</time>
        <extensions>
          <ns3:TrackPointExtension>
            <ns3:hr>133</ns3:hr>
            <ns3:cad>82</ns3:cad>
          </ns3:TrackPointExtension>
        </extensions>
      </trkpt>
      <trkpt lat="23.050131462514400482177734375" lon="113.30716026015579700469970703125">
        <ele>5.19999980926513671875</ele>
        <time>2026-07-29T23:30:43.000Z</time>
        <extensions>
          <ns3:TrackPointExtension>
            <ns3:hr>132</ns3:hr>
            <ns3:cad>82</ns3:cad>
          </ns3:TrackPointExtension>
        </extensions>
      </trkpt>
      <trkpt lat="23.05012710392475128173828125" lon="113.30714567564427852630615234375">
        <ele>5.19999980926513671875</ele>
        <time>2026-07-29T23:30:44.000Z</time>
        <extensions>
          <ns3:TrackPointExtension>
            <ns3:hr>132</ns3:hr>
            <ns3:cad>83</ns3:cad>
          </ns3:TrackPointExtension>
        </extensions>
      </trkpt>
      <trkpt lat="23.05013179779052734375" lon="113.3071180991828441619873046875">
        <ele>5.19999980926513671875</ele>
        <time>2026-07-29T23:30:45.000Z</time>
        <extensions>
          <ns3:TrackPointExtension>
            <ns3:hr>132</ns3:hr>
            <ns3:cad>83</ns3:cad>
          </ns3:TrackPointExtension>
        </extensions>
      </trkpt>
      <trkpt lat="23.050136156380176544189453125" lon="113.30709890462458133697509765625">
        <ele>5.400000095367431640625</ele>
        <time>2026-07-29T23:30:46.000Z</time>
        <extensions>
          <ns3:TrackPointExtension>
            <ns3:hr>132</ns3:hr>
            <ns3:cad>83</ns3:cad>
          </ns3:TrackPointExtension>
        </extensions>
      </trkpt>
      <trkpt lat="23.050136156380176544189453125" lon="113.30708138644695281982421875">
        <ele>5.400000095367431640625</ele>
        <time>2026-07-29T23:30:47.000Z</time>
        <extensions>
          <ns3:TrackPointExtension>
            <ns3:hr>132</ns3:hr>
            <ns3:cad>83</ns3:cad>
          </ns3:TrackPointExtension>
        </extensions>
      </trkpt>
      <trkpt lat="23.050146885216236114501953125" lon="113.30705054104328155517578125">
        <ele>5.400000095367431640625</ele>
        <time>2026-07-29T23:30:48.000Z</time>
        <extensions>
          <ns3:TrackPointExtension>
            <ns3:hr>132</ns3:hr>
            <ns3:cad>83</ns3:cad>
          </ns3:TrackPointExtension>
        </extensions>
      </trkpt>
      <trkpt lat="23.05014864541590213775634765625" lon="113.30703251995146274566650390625">
        <ele>5.400000095367431640625</ele>
        <time>2026-07-29T23:30:49.000Z</time>
        <extensions>
          <ns3:TrackPointExtension>
            <ns3:hr>132</ns3:hr>
            <ns3:cad>82</ns3:cad>
          </ns3:TrackPointExtension>
        </extensions>
      </trkpt>
      <trkpt lat="23.0501519143581390380859375" lon="113.3070056140422821044921875">
        <ele>5.400000095367431640625</ele>
        <time>2026-07-29T23:30:50.000Z</time>
        <extensions>
          <ns3:TrackPointExtension>
            <ns3:hr>132</ns3:hr>
            <ns3:cad>82</ns3:cad>
          </ns3:TrackPointExtension>
        </extensions>
      </trkpt>
      <trkpt lat="23.0501618050038814544677734375" lon="113.30697837285697460174560546875">
        <ele>5.400000095367431640625</ele>
        <time>2026-07-29T23:30:51.000Z</time>
        <extensions>
          <ns3:TrackPointExtension>
            <ns3:hr>132</ns3:hr>
            <ns3:cad>82</ns3:cad>
          </ns3:TrackPointExtension>
        </extensions>
      </trkpt>
      <trkpt lat="23.0501597933471202850341796875" lon="113.30696110613644123077392578125">
        <ele>5.400000095367431640625</ele>
        <time>2026-07-29T23:30:52.000Z</time>
        <extensions>
          <ns3:TrackPointExtension>
            <ns3:hr>132</ns3:hr>
            <ns3:cad>82</ns3:cad>
          </ns3:TrackPointExtension>
        </extensions>
      </trkpt>
      <trkpt lat="23.05016473866999149322509765625" lon="113.306932188570499420166015625">
        <ele>5.400000095367431640625</ele>
        <time>2026-07-29T23:30:53.000Z</time>
        <extensions>
          <ns3:TrackPointExtension>
            <ns3:hr>132</ns3:hr>
            <ns3:cad>82</ns3:cad>
          </ns3:TrackPointExtension>
        </extensions>
      </trkpt>
      <trkpt lat="23.05016691796481609344482421875" lon="113.3069125749170780181884765625">
        <ele>5.400000095367431640625</ele>
        <time>2026-07-29T23:30:54.000Z</time>
        <extensions>
          <ns3:TrackPointExtension>
            <ns3:hr>132</ns3:hr>
            <ns3:cad>82</ns3:cad>
          </ns3:TrackPointExtension>
        </extensions>
      </trkpt>
      <trkpt lat="23.05016591213643550872802734375" lon="113.30689765512943267822265625">
        <ele>5.400000095367431640625</ele>
        <time>2026-07-29T23:30:55.000Z</time>
        <extensions>
          <ns3:TrackPointExtension>
            <ns3:hr>132</ns3:hr>
            <ns3:cad>83</ns3:cad>
          </ns3:TrackPointExtension>
        </extensions>
      </trkpt>
      <trkpt lat="23.0501752160489559173583984375" lon="113.30686789937317371368408203125">
        <ele>5.400000095367431640625</ele>
        <time>2026-07-29T23:30:56.000Z</time>
        <extensions>
          <ns3:TrackPointExtension>
            <ns3:hr>132</ns3:hr>
            <ns3:cad>82</ns3:cad>
          </ns3:TrackPointExtension>
        </extensions>
      </trkpt>
      <trkpt lat="23.05017060600221157073974609375" lon="113.3068555779755115509033203125">
        <ele>5.19999980926513671875</ele>
        <time>2026-07-29T23:30:57.000Z</time>
        <extensions>
          <ns3:TrackPointExtension>
            <ns3:hr>132</ns3:hr>
            <ns3:cad>82</ns3:cad>
          </ns3:TrackPointExtension>
        </extensions>
      </trkpt>
      <trkpt lat="23.05017362348735332489013671875" lon="113.3068339526653289794921875">
        <ele>5.19999980926513671875</ele>
        <time>2026-07-29T23:30:58.000Z</time>
        <extensions>
          <ns3:TrackPointExtension>
            <ns3:hr>132</ns3:hr>
            <ns3:cad>82</ns3:cad>
          </ns3:TrackPointExtension>
        </extensions>
      </trkpt>
      <trkpt lat="23.0501903034746646881103515625" lon="113.3068062923848628997802734375">
        <ele>5.19999980926513671875</ele>
        <time>2026-07-29T23:30:59.000Z</time>
        <extensions>
          <ns3:TrackPointExtension>
            <ns3:hr>133</ns3:hr>
            <ns3:cad>82</ns3:cad>
          </ns3:TrackPointExtension>
        </extensions>
      </trkpt>
      <trkpt lat="23.05019156076014041900634765625" lon="113.306795060634613037109375">
        <ele>5.19999980926513671875</ele>
        <time>2026-07-29T23:31:00.000Z</time>
        <extensions>
          <ns3:TrackPointExtension>
            <ns3:hr>133</ns3:hr>
            <ns3:cad>82</ns3:cad>
          </ns3:TrackPointExtension>
        </extensions>
      </trkpt>
      <trkpt lat="23.05019927211105823516845703125" lon="113.306766562163829803466796875">
        <ele>5.19999980926513671875</ele>
        <time>2026-07-29T23:31:01.000Z</time>
        <extensions>
          <ns3:TrackPointExtension>
            <ns3:hr>133</ns3:hr>
            <ns3:cad>82</ns3:cad>
          </ns3:TrackPointExtension>
        </extensions>
      </trkpt>
      <trkpt lat="23.05020933039486408233642578125" lon="113.3067449368536472320556640625">
        <ele>5.19999980926513671875</ele>
        <time>2026-07-29T23:31:02.000Z</time>
        <extensions>
          <ns3:TrackPointExtension>
            <ns3:hr>133</ns3:hr>
            <ns3:cad>82</ns3:cad>
          </ns3:TrackPointExtension>
        </extensions>
      </trkpt>
      <trkpt lat="23.05020782165229320526123046875" lon="113.30673362128436565399169921875">
        <ele>5.19999980926513671875</ele>
        <time>2026-07-29T23:31:03.000Z</time>
        <extensions>
          <ns3:TrackPointExtension>
            <ns3:hr>134</ns3:hr>
            <ns3:cad>82</ns3:cad>
          </ns3:TrackPointExtension>
        </extensions>
      </trkpt>
      <trkpt lat="23.0502194724977016448974609375" lon="113.30670428462326526641845703125">
        <ele>5.19999980926513671875</ele>
        <time>2026-07-29T23:31:04.000Z</time>
        <extensions>
          <ns3:TrackPointExtension>
            <ns3:hr>133</ns3:hr>
            <ns3:cad>82</ns3:cad>
          </ns3:TrackPointExtension>
        </extensions>
      </trkpt>
      <trkpt lat="23.05022022686898708343505859375" lon="113.3066882751882076263427734375">
        <ele>5.19999980926513671875</ele>
        <time>2026-07-29T23:31:05.000Z</time>
        <extensions>
          <ns3:TrackPointExtension>
            <ns3:hr>133</ns3:hr>
            <ns3:cad>81</ns3:cad>
          </ns3:TrackPointExtension>
        </extensions>
      </trkpt>
      <trkpt lat="23.050221987068653106689453125" lon="113.306667320430278778076171875">
        <ele>5.19999980926513671875</ele>
        <time>2026-07-29T23:31:06.000Z</time>
        <extensions>
          <ns3:TrackPointExtension>
            <ns3:hr>132</ns3:hr>
            <ns3:cad>81</ns3:cad>
          </ns3:TrackPointExtension>
        </extensions>
      </trkpt>
      <trkpt lat="23.05023531429469585418701171875" lon="113.3066440187394618988037109375">
        <ele>5.19999980926513671875</ele>
        <time>2026-07-29T23:31:07.000Z</time>
        <extensions>
          <ns3:TrackPointExtension>
            <ns3:hr>132</ns3:hr>
            <ns3:cad>82</ns3:cad>
          </ns3:TrackPointExtension>
        </extensions>
      </trkpt>
      <trkpt lat="23.05023598484694957733154296875" lon="113.30663287080824375152587890625">
        <ele>5.400000095367431640625</ele>
        <time>2026-07-29T23:31:08.000Z</time>
        <extensions>
          <ns3:TrackPointExtension>
            <ns3:hr>131</ns3:hr>
            <ns3:cad>82</ns3:cad>
          </ns3:TrackPointExtension>
        </extensions>
      </trkpt>
      <trkpt lat="23.0502431094646453857421875" lon="113.30660973675549030303955078125">
        <ele>5.400000095367431640625</ele>
        <time>2026-07-29T23:31:09.000Z</time>
        <extensions>
          <ns3:TrackPointExtension>
            <ns3:hr>131</ns3:hr>
            <ns3:cad>82</ns3:cad>
          </ns3:TrackPointExtension>
        </extensions>
      </trkpt>
      <trkpt lat="23.05025048553943634033203125" lon="113.3065886981785297393798828125">
        <ele>5.400000095367431640625</ele>
        <time>2026-07-29T23:31:10.000Z</time>
        <extensions>
          <ns3:TrackPointExtension>
            <ns3:hr>131</ns3:hr>
            <ns3:cad>82</ns3:cad>
          </ns3:TrackPointExtension>
        </extensions>
      </trkpt>
      <trkpt lat="23.0502503179013729095458984375" lon="113.30657285638153553009033203125">
        <ele>5.400000095367431640625</ele>
        <time>2026-07-29T23:31:11.000Z</time>
        <extensions>
          <ns3:TrackPointExtension>
            <ns3:hr>130</ns3:hr>
            <ns3:cad>82</ns3:cad>
          </ns3:TrackPointExtension>
        </extensions>
      </trkpt>
      <trkpt lat="23.05025995709002017974853515625" lon="113.3065454475581645965576171875">
        <ele>5.599999904632568359375</ele>
        <time>2026-07-29T23:31:12.000Z</time>
        <extensions>
          <ns3:TrackPointExtension>
            <ns3:hr>130</ns3:hr>
            <ns3:cad>82</ns3:cad>
          </ns3:TrackPointExtension>
        </extensions>
      </trkpt>
      <trkpt lat="23.05026096291840076446533203125" lon="113.30653061158955097198486328125">
        <ele>5.599999904632568359375</ele>
        <time>2026-07-29T23:31:13.000Z</time>
        <extensions>
          <ns3:TrackPointExtension>
            <ns3:hr>130</ns3:hr>
            <ns3:cad>82</ns3:cad>
          </ns3:TrackPointExtension>
        </extensions>
      </trkpt>
      <trkpt lat="23.0502597056329250335693359375" lon="113.306511081755161285400390625">
        <ele>5.599999904632568359375</ele>
        <time>2026-07-29T23:31:14.000Z</time>
        <extensions>
          <ns3:TrackPointExtension>
            <ns3:hr>130</ns3:hr>
            <ns3:cad>82</ns3:cad>
          </ns3:TrackPointExtension>
        </extensions>
      </trkpt>
      <trkpt lat="23.0502694286406040191650390625" lon="113.30648166127502918243408203125">
        <ele>5.599999904632568359375</ele>
        <time>2026-07-29T23:31:15.000Z</time>
        <extensions>
          <ns3:TrackPointExtension>
            <ns3:hr>131</ns3:hr>
            <ns3:cad>82</ns3:cad>
          </ns3:TrackPointExtension>
        </extensions>
      </trkpt>
      <trkpt lat="23.05026649497449398040771484375" lon="113.30646774731576442718505859375">
        <ele>5.400000095367431640625</ele>
        <time>2026-07-29T23:31:16.000Z</time>
        <extensions>
          <ns3:TrackPointExtension>
            <ns3:hr>131</ns3:hr>
            <ns3:cad>82</ns3:cad>
          </ns3:TrackPointExtension>
        </extensions>
      </trkpt>
      <trkpt lat="23.05026766844093799591064453125" lon="113.30644528381526470184326171875">
        <ele>5.400000095367431640625</ele>
        <time>2026-07-29T23:31:17.000Z</time>
        <extensions>
          <ns3:TrackPointExtension>
            <ns3:hr>131</ns3:hr>
            <ns3:cad>82</ns3:cad>
          </ns3:TrackPointExtension>
        </extensions>
      </trkpt>
      <trkpt lat="23.050273954868316650390625" lon="113.30642449669539928436279296875">
        <ele>5.400000095367431640625</ele>
        <time>2026-07-29T23:31:18.000Z</time>
        <extensions>
          <ns3:TrackPointExtension>
            <ns3:hr>131</ns3:hr>
            <ns3:cad>82</ns3:cad>
          </ns3:TrackPointExtension>
        </extensions>
      </trkpt>
      <trkpt lat="23.05027194321155548095703125" lon="113.30641142092645168304443359375">
        <ele>5.400000095367431640625</ele>
        <time>2026-07-29T23:31:19.000Z</time>
        <extensions>
          <ns3:TrackPointExtension>
            <ns3:hr>130</ns3:hr>
            <ns3:cad>81</ns3:cad>
          </ns3:TrackPointExtension>
        </extensions>
      </trkpt>
      <trkpt lat="23.0502778105437755584716796875" lon="113.3063828386366367340087890625">
        <ele>5.400000095367431640625</ele>
        <time>2026-07-29T23:31:20.000Z</time>
        <extensions>
          <ns3:TrackPointExtension>
            <ns3:hr>131</ns3:hr>
            <ns3:cad>81</ns3:cad>
          </ns3:TrackPointExtension>
        </extensions>
      </trkpt>
      <trkpt lat="23.05028275586664676666259765625" lon="113.30636532045900821685791015625">
        <ele>5.400000095367431640625</ele>
        <time>2026-07-29T23:31:21.000Z</time>
        <extensions>
          <ns3:TrackPointExtension>
            <ns3:hr>131</ns3:hr>
            <ns3:cad>81</ns3:cad>
          </ns3:TrackPointExtension>
        </extensions>
      </trkpt>
      <trkpt lat="23.050283007323741912841796875" lon="113.3063471317291259765625">
        <ele>5.400000095367431640625</ele>
        <time>2026-07-29T23:31:22.000Z</time>
        <extensions>
          <ns3:TrackPointExtension>
            <ns3:hr>130</ns3:hr>
            <ns3:cad>82</ns3:cad>
          </ns3:TrackPointExtension>
        </extensions>
      </trkpt>
      <trkpt lat="23.05029197596013545989990234375" lon="113.3063228242099285125732421875">
        <ele>5.400000095367431640625</ele>
        <time>2026-07-29T23:31:23.000Z</time>
        <extensions>
          <ns3:TrackPointExtension>
            <ns3:hr>131</ns3:hr>
            <ns3:cad>82</ns3:cad>
          </ns3:TrackPointExtension>
        </extensions>
      </trkpt>
      <trkpt lat="23.05028644390404224395751953125" lon="113.30631083808839321136474609375">
        <ele>5.400000095367431640625</ele>
        <time>2026-07-29T23:31:24.000Z</time>
        <extensions>
          <ns3:TrackPointExtension>
            <ns3:hr>130</ns3:hr>
            <ns3:cad>82</ns3:cad>
          </ns3:TrackPointExtension>
        </extensions>
      </trkpt>
      <trkpt lat="23.05029097013175487518310546875" lon="113.306285105645656585693359375">
        <ele>5.400000095367431640625</ele>
        <time>2026-07-29T23:31:25.000Z</time>
        <extensions>
          <ns3:TrackPointExtension>
            <ns3:hr>130</ns3:hr>
            <ns3:cad>82</ns3:cad>
          </ns3:TrackPointExtension>
        </extensions>
      </trkpt>
      <trkpt lat="23.0502945743501186370849609375" lon="113.30626599490642547607421875">
        <ele>5.400000095367431640625</ele>
        <time>2026-07-29T23:31:26.000Z</time>
        <extensions>
          <ns3:TrackPointExtension>
            <ns3:hr>130</ns3:hr>
            <ns3:cad>82</ns3:cad>
          </ns3:TrackPointExtension>
        </extensions>
      </trkpt>
      <trkpt lat="23.05029197596013545989990234375" lon="113.30624545924365520477294921875">
        <ele>5.599999904632568359375</ele>
        <time>2026-07-29T23:31:27.000Z</time>
        <extensions>
          <ns3:TrackPointExtension>
            <ns3:hr>131</ns3:hr>
            <ns3:cad>82</ns3:cad>
          </ns3:TrackPointExtension>
        </extensions>
      </trkpt>
      <trkpt lat="23.05029616691172122955322265625" lon="113.3062178827822208404541015625">
        <ele>5.599999904632568359375</ele>
        <time>2026-07-29T23:31:28.000Z</time>
        <extensions>
          <ns3:TrackPointExtension>
            <ns3:hr>130</ns3:hr>
            <ns3:cad>82</ns3:cad>
          </ns3:TrackPointExtension>
        </extensions>
      </trkpt>
      <trkpt lat="23.05029231123626232147216796875" lon="113.30620170570909976959228515625">
        <ele>5.599999904632568359375</ele>
        <time>2026-07-29T23:31:29.000Z</time>
        <extensions>
          <ns3:TrackPointExtension>
            <ns3:hr>130</ns3:hr>
            <ns3:cad>83</ns3:cad>
          </ns3:TrackPointExtension>
        </extensions>
      </trkpt>
      <trkpt lat="23.05029281415045261383056640625" lon="113.306181170046329498291015625">
        <ele>5.400000095367431640625</ele>
        <time>2026-07-29T23:31:30.000Z</time>
        <extensions>
          <ns3:TrackPointExtension>
            <ns3:hr>129</ns3:hr>
            <ns3:cad>83</ns3:cad>
          </ns3:TrackPointExtension>
        </extensions>
      </trkpt>
      <trkpt lat="23.05029985494911670684814453125" lon="113.3061568625271320343017578125">
        <ele>5.400000095367431640625</ele>
        <time>2026-07-29T23:31:31.000Z</time>
        <extensions>
          <ns3:TrackPointExtension>
            <ns3:hr>129</ns3:hr>
            <ns3:cad>83</ns3:cad>
          </ns3:TrackPointExtension>
        </extensions>
      </trkpt>
      <trkpt lat="23.05029767565429210662841796875" lon="113.30614135600626468658447265625">
        <ele>5.599999904632568359375</ele>
        <time>2026-07-29T23:31:32.000Z</time>
        <extensions>
          <ns3:TrackPointExtension>
            <ns3:hr>129</ns3:hr>
            <ns3:cad>82</ns3:cad>
          </ns3:TrackPointExtension>
        </extensions>
      </trkpt>
      <trkpt lat="23.050300776958465576171875" lon="113.30611637793481349945068359375">
        <ele>5.400000095367431640625</ele>
        <time>2026-07-29T23:31:33.000Z</time>
        <extensions>
          <ns3:TrackPointExtension>
            <ns3:hr>129</ns3:hr>
            <ns3:cad>82</ns3:cad>
          </ns3:TrackPointExtension>
        </extensions>
      </trkpt>
      <trkpt lat="23.0503053031861782073974609375" lon="113.3060961775481700897216796875">
        <ele>5.599999904632568359375</ele>
        <time>2026-07-29T23:31:34.000Z</time>
        <extensions>
          <ns3:TrackPointExtension>
            <ns3:hr>129</ns3:hr>
            <ns3:cad>82</ns3:cad>
          </ns3:TrackPointExtension>
        </extensions>
      </trkpt>
      <trkpt lat="23.05030102841556072235107421875" lon="113.3060775697231292724609375">
        <ele>5.599999904632568359375</ele>
        <time>2026-07-29T23:31:35.000Z</time>
        <extensions>
          <ns3:TrackPointExtension>
            <ns3:hr>129</ns3:hr>
            <ns3:cad>82</ns3:cad>
          </ns3:TrackPointExtension>
        </extensions>
      </trkpt>
      <trkpt lat="23.05030815303325653076171875" lon="113.30604873597621917724609375">
        <ele>5.599999904632568359375</ele>
        <time>2026-07-29T23:31:36.000Z</time>
        <extensions>
          <ns3:TrackPointExtension>
            <ns3:hr>129</ns3:hr>
            <ns3:cad>83</ns3:cad>
          </ns3:TrackPointExtension>
        </extensions>
      </trkpt>
      <trkpt lat="23.05030882358551025390625" lon="113.3060364983975887298583984375">
        <ele>5.599999904632568359375</ele>
        <time>2026-07-29T23:31:37.000Z</time>
        <extensions>
          <ns3:TrackPointExtension>
            <ns3:hr>129</ns3:hr>
            <ns3:cad>82</ns3:cad>
          </ns3:TrackPointExtension>
        </extensions>
      </trkpt>
      <trkpt lat="23.050309829413890838623046875" lon="113.30601445399224758148193359375">
        <ele>5.599999904632568359375</ele>
        <time>2026-07-29T23:31:38.000Z</time>
        <extensions>
          <ns3:TrackPointExtension>
            <ns3:hr>129</ns3:hr>
            <ns3:cad>82</ns3:cad>
          </ns3:TrackPointExtension>
        </extensions>
      </trkpt>
      <trkpt lat="23.0503193847835063934326171875" lon="113.3059922419488430023193359375">
        <ele>5.599999904632568359375</ele>
        <time>2026-07-29T23:31:39.000Z</time>
        <extensions>
          <ns3:TrackPointExtension>
            <ns3:hr>129</ns3:hr>
            <ns3:cad>82</ns3:cad>
          </ns3:TrackPointExtension>
        </extensions>
      </trkpt>
      <trkpt lat="23.0503153614699840545654296875" lon="113.30597774125635623931884765625">
        <ele>5.599999904632568359375</ele>
        <time>2026-07-29T23:31:40.000Z</time>
        <extensions>
          <ns3:TrackPointExtension>
            <ns3:hr>129</ns3:hr>
            <ns3:cad>82</ns3:cad>
          </ns3:TrackPointExtension>
        </extensions>
      </trkpt>
      <trkpt lat="23.05031997151672840118408203125" lon="113.3059550262987613677978515625">
        <ele>5.599999904632568359375</ele>
        <time>2026-07-29T23:31:41.000Z</time>
        <extensions>
          <ns3:TrackPointExtension>
            <ns3:hr>129</ns3:hr>
            <ns3:cad>82</ns3:cad>
          </ns3:TrackPointExtension>
        </extensions>
      </trkpt>
      <trkpt lat="23.050322569906711578369140625" lon="113.305935077369213104248046875">
        <ele>5.599999904632568359375</ele>
        <time>2026-07-29T23:31:42.000Z</time>
        <extensions>
          <ns3:TrackPointExtension>
            <ns3:hr>129</ns3:hr>
            <ns3:cad>82</ns3:cad>
          </ns3:TrackPointExtension>
        </extensions>
      </trkpt>
      <trkpt lat="23.0503182113170623779296875" lon="113.30592309124767780303955078125">
        <ele>5.599999904632568359375</ele>
        <time>2026-07-29T23:31:43.000Z</time>
        <extensions>
          <ns3:TrackPointExtension>
            <ns3:hr>129</ns3:hr>
            <ns3:cad>82</ns3:cad>
          </ns3:TrackPointExtension>
        </extensions>
      </trkpt>
      <trkpt lat="23.0503220669925212860107421875" lon="113.30589274875819683074951171875">
        <ele>5.599999904632568359375</ele>
        <time>2026-07-29T23:31:44.000Z</time>
        <extensions>
          <ns3:TrackPointExtension>
            <ns3:hr>129</ns3:hr>
            <ns3:cad>82</ns3:cad>
          </ns3:TrackPointExtension>
        </extensions>
      </trkpt>
      <trkpt lat="23.05032516829669475555419921875" lon="113.30587171018123626708984375">
        <ele>5.599999904632568359375</ele>
        <time>2026-07-29T23:31:45.000Z</time>
        <extensions>
          <ns3:TrackPointExtension>
            <ns3:hr>129</ns3:hr>
            <ns3:cad>82</ns3:cad>
          </ns3:TrackPointExtension>
        </extensions>
      </trkpt>
      <trkpt lat="23.05032148025929927825927734375" lon="113.30585251562297344207763671875">
        <ele>5.599999904632568359375</ele>
        <time>2026-07-29T23:31:46.000Z</time>
        <extensions>
          <ns3:TrackPointExtension>
            <ns3:hr>129</ns3:hr>
            <ns3:cad>82</ns3:cad>
          </ns3:TrackPointExtension>
        </extensions>
      </trkpt>
      <trkpt lat="23.05033220909535884857177734375" lon="113.30582602880895137786865234375">
        <ele>5.599999904632568359375</ele>
        <time>2026-07-29T23:31:47.000Z</time>
        <extensions>
          <ns3:TrackPointExtension>
            <ns3:hr>129</ns3:hr>
            <ns3:cad>82</ns3:cad>
          </ns3:TrackPointExtension>
        </extensions>
      </trkpt>
      <trkpt lat="23.05032692849636077880859375" lon="113.30581127665936946868896484375">
        <ele>5.599999904632568359375</ele>
        <time>2026-07-29T23:31:48.000Z</time>
        <extensions>
          <ns3:TrackPointExtension>
            <ns3:hr>129</ns3:hr>
            <ns3:cad>82</ns3:cad>
          </ns3:TrackPointExtension>
        </extensions>
      </trkpt>
      <trkpt lat="23.050323911011219024658203125" lon="113.30579116009175777435302734375">
        <ele>5.400000095367431640625</ele>
        <time>2026-07-29T23:31:49.000Z</time>
        <extensions>
          <ns3:TrackPointExtension>
            <ns3:hr>129</ns3:hr>
            <ns3:cad>82</ns3:cad>
          </ns3:TrackPointExtension>
        </extensions>
      </trkpt>
      <trkpt lat="23.0503311194479465484619140625" lon="113.305770456790924072265625">
        <ele>5.400000095367431640625</ele>
        <time>2026-07-29T23:31:50.000Z</time>
        <extensions>
          <ns3:TrackPointExtension>
            <ns3:hr>129</ns3:hr>
            <ns3:cad>82</ns3:cad>
          </ns3:TrackPointExtension>
        </extensions>
      </trkpt>
      <trkpt lat="23.05032717995345592498779296875" lon="113.30575863830745220184326171875">
        <ele>5.599999904632568359375</ele>
        <time>2026-07-29T23:31:51.000Z</time>
        <extensions>
          <ns3:TrackPointExtension>
            <ns3:hr>129</ns3:hr>
            <ns3:cad>81</ns3:cad>
          </ns3:TrackPointExtension>
        </extensions>
      </trkpt>
      <trkpt lat="23.0503294430673122406005859375" lon="113.3057313971221446990966796875">
        <ele>5.599999904632568359375</ele>
        <time>2026-07-29T23:31:52.000Z</time>
        <extensions>
          <ns3:TrackPointExtension>
            <ns3:hr>129</ns3:hr>
            <ns3:cad>81</ns3:cad>
          </ns3:TrackPointExtension>
        </extensions>
      </trkpt>
      <trkpt lat="23.050332963466644287109375" lon="113.30571304075419902801513671875">
        <ele>5.599999904632568359375</ele>
        <time>2026-07-29T23:31:53.000Z</time>
        <extensions>
          <ns3:TrackPointExtension>
            <ns3:hr>129</ns3:hr>
            <ns3:cad>81</ns3:cad>
          </ns3:TrackPointExtension>
        </extensions>
      </trkpt>
      <trkpt lat="23.050329275429248809814453125" lon="113.30569376237690448760986328125">
        <ele>5.599999904632568359375</ele>
        <time>2026-07-29T23:31:54.000Z</time>
        <extensions>
          <ns3:TrackPointExtension>
            <ns3:hr>129</ns3:hr>
            <ns3:cad>81</ns3:cad>
          </ns3:TrackPointExtension>
        </extensions>
      </trkpt>
      <trkpt lat="23.0503358133137226104736328125" lon="113.3056633360683917999267578125">
        <ele>5.599999904632568359375</ele>
        <time>2026-07-29T23:31:55.000Z</time>
        <extensions>
          <ns3:TrackPointExtension>
            <ns3:hr>129</ns3:hr>
            <ns3:cad>82</ns3:cad>
          </ns3:TrackPointExtension>
        </extensions>
      </trkpt>
      <trkpt lat="23.05034293793141841888427734375" lon="113.3056435547769069671630859375">
        <ele>5.599999904632568359375</ele>
        <time>2026-07-29T23:31:56.000Z</time>
        <extensions>
          <ns3:TrackPointExtension>
            <ns3:hr>130</ns3:hr>
            <ns3:cad>82</ns3:cad>
          </ns3:TrackPointExtension>
        </extensions>
      </trkpt>
      <trkpt lat="23.05034293793141841888427734375" lon="113.3056215941905975341796875">
        <ele>5.599999904632568359375</ele>
        <time>2026-07-29T23:31:57.000Z</time>
        <extensions>
          <ns3:TrackPointExtension>
            <ns3:hr>130</ns3:hr>
            <ns3:cad>82</ns3:cad>
          </ns3:TrackPointExtension>
        </extensions>
      </trkpt>
      <trkpt lat="23.05035106837749481201171875" lon="113.30559334717690944671630859375">
        <ele>5.599999904632568359375</ele>
        <time>2026-07-29T23:31:58.000Z</time>
        <extensions>
          <ns3:TrackPointExtension>
            <ns3:hr>130</ns3:hr>
            <ns3:cad>82</ns3:cad>
          </ns3:TrackPointExtension>
        </extensions>
      </trkpt>
      <trkpt lat="23.0503482185304164886474609375" lon="113.3055775053799152374267578125">
        <ele>5.599999904632568359375</ele>
        <time>2026-07-29T23:31:59.000Z</time>
        <extensions>
          <ns3:TrackPointExtension>
            <ns3:hr>130</ns3:hr>
            <ns3:cad>82</ns3:cad>
          </ns3:TrackPointExtension>
        </extensions>
      </trkpt>
      <trkpt lat="23.05034930817782878875732421875" lon="113.3055580593645572662353515625">
        <ele>5.400000095367431640625</ele>
        <time>2026-07-29T23:32:00.000Z</time>
        <extensions>
          <ns3:TrackPointExtension>
            <ns3:hr>131</ns3:hr>
            <ns3:cad>82</ns3:cad>
          </ns3:TrackPointExtension>
        </extensions>
      </trkpt>
      <trkpt lat="23.05035534314811229705810546875" lon="113.3055379427969455718994140625">
        <ele>5.400000095367431640625</ele>
        <time>2026-07-29T23:32:01.000Z</time>
        <extensions>
          <ns3:TrackPointExtension>
            <ns3:hr>130</ns3:hr>
            <ns3:cad>82</ns3:cad>
          </ns3:TrackPointExtension>
        </extensions>
      </trkpt>
      <trkpt lat="23.05035240948200225830078125" lon="113.3055221848189830780029296875">
        <ele>5.400000095367431640625</ele>
        <time>2026-07-29T23:32:02.000Z</time>
        <extensions>
          <ns3:TrackPointExtension>
            <ns3:hr>130</ns3:hr>
            <ns3:cad>82</ns3:cad>
          </ns3:TrackPointExtension>
        </extensions>
      </trkpt>
      <trkpt lat="23.050357438623905181884765625" lon="113.3054920099675655364990234375">
        <ele>5.599999904632568359375</ele>
        <time>2026-07-29T23:32:03.000Z</time>
        <extensions>
          <ns3:TrackPointExtension>
            <ns3:hr>131</ns3:hr>
            <ns3:cad>82</ns3:cad>
          </ns3:TrackPointExtension>
        </extensions>
      </trkpt>
      <trkpt lat="23.05035936646163463592529296875" lon="113.3054742403328418731689453125">
        <ele>5.599999904632568359375</ele>
        <time>2026-07-29T23:32:04.000Z</time>
        <extensions>
          <ns3:TrackPointExtension>
            <ns3:hr>131</ns3:hr>
            <ns3:cad>82</ns3:cad>
          </ns3:TrackPointExtension>
        </extensions>
      </trkpt>
      <trkpt lat="23.05035869590938091278076171875" lon="113.305452950298786163330078125">
        <ele>5.599999904632568359375</ele>
        <time>2026-07-29T23:32:05.000Z</time>
        <extensions>
          <ns3:TrackPointExtension>
            <ns3:hr>131</ns3:hr>
            <ns3:cad>82</ns3:cad>
          </ns3:TrackPointExtension>
        </extensions>
      </trkpt>
      <trkpt lat="23.05036338977515697479248046875" lon="113.3054232783615589141845703125">
        <ele>5.400000095367431640625</ele>
        <time>2026-07-29T23:32:06.000Z</time>
        <extensions>
          <ns3:TrackPointExtension>
            <ns3:hr>131</ns3:hr>
            <ns3:cad>82</ns3:cad>
          </ns3:TrackPointExtension>
        </extensions>
      </trkpt>
      <trkpt lat="23.050364144146442413330078125" lon="113.30540291033685207366943359375">
        <ele>5.400000095367431640625</ele>
        <time>2026-07-29T23:32:07.000Z</time>
        <extensions>
          <ns3:TrackPointExtension>
            <ns3:hr>130</ns3:hr>
            <ns3:cad>82</ns3:cad>
          </ns3:TrackPointExtension>
        </extensions>
      </trkpt>
      <trkpt lat="23.05036406032741069793701171875" lon="113.305384553968906402587890625">
        <ele>5.400000095367431640625</ele>
        <time>2026-07-29T23:32:08.000Z</time>
        <extensions>
          <ns3:TrackPointExtension>
            <ns3:hr>131</ns3:hr>
            <ns3:cad>82</ns3:cad>
          </ns3:TrackPointExtension>
        </extensions>
      </trkpt>
      <trkpt lat="23.050370179116725921630859375" lon="113.3053600788116455078125">
        <ele>5.400000095367431640625</ele>
        <time>2026-07-29T23:32:09.000Z</time>
        <extensions>
          <ns3:TrackPointExtension>
            <ns3:hr>131</ns3:hr>
            <ns3:cad>82</ns3:cad>
          </ns3:TrackPointExtension>
        </extensions>
      </trkpt>
      <trkpt lat="23.050365149974822998046875" lon="113.30534876324236392974853515625">
        <ele>5.400000095367431640625</ele>
        <time>2026-07-29T23:32:10.000Z</time>
        <extensions>
          <ns3:TrackPointExtension>
            <ns3:hr>132</ns3:hr>
            <ns3:cad>82</ns3:cad>
          </ns3:TrackPointExtension>
        </extensions>
      </trkpt>
      <trkpt lat="23.05036590434610843658447265625" lon="113.30532261170446872711181640625">
        <ele>5.400000095367431640625</ele>
        <time>2026-07-29T23:32:11.000Z</time>
        <extensions>
          <ns3:TrackPointExtension>
            <ns3:hr>132</ns3:hr>
            <ns3:cad>82</ns3:cad>
          </ns3:TrackPointExtension>
        </extensions>
      </trkpt>
      <trkpt lat="23.05037076584994792938232421875" lon="113.3053029142320156097412109375">
        <ele>5.400000095367431640625</ele>
        <time>2026-07-29T23:32:12.000Z</time>
        <extensions>
          <ns3:TrackPointExtension>
            <ns3:hr>132</ns3:hr>
            <ns3:cad>82</ns3:cad>
          </ns3:TrackPointExtension>
        </extensions>
      </trkpt>
      <trkpt lat="23.0503696762025356292724609375" lon="113.3052864857017993927001953125">
        <ele>5.400000095367431640625</ele>
        <time>2026-07-29T23:32:13.000Z</time>
        <extensions>
          <ns3:TrackPointExtension>
            <ns3:hr>132</ns3:hr>
            <ns3:cad>82</ns3:cad>
          </ns3:TrackPointExtension>
        </extensions>
      </trkpt>
      <trkpt lat="23.0503750406205654144287109375" lon="113.3052576519548892974853515625">
        <ele>5.400000095367431640625</ele>
        <time>2026-07-29T23:32:14.000Z</time>
        <extensions>
          <ns3:TrackPointExtension>
            <ns3:hr>133</ns3:hr>
            <ns3:cad>81</ns3:cad>
          </ns3:TrackPointExtension>
        </extensions>
      </trkpt>
      <trkpt lat="23.0503777228295803070068359375" lon="113.30523946322500705718994140625">
        <ele>5.599999904632568359375</ele>
        <time>2026-07-29T23:32:15.000Z</time>
        <extensions>
          <ns3:TrackPointExtension>
            <ns3:hr>133</ns3:hr>
            <ns3:cad>81</ns3:cad>
          </ns3:TrackPointExtension>
        </extensions>
      </trkpt>
      <trkpt lat="23.05037646554410457611083984375" lon="113.3052211068570613861083984375">
        <ele>5.599999904632568359375</ele>
        <time>2026-07-29T23:32:16.000Z</time>
        <extensions>
          <ns3:TrackPointExtension>
            <ns3:hr>134</ns3:hr>
            <ns3:cad>81</ns3:cad>
          </ns3:TrackPointExtension>
        </extensions>
      </trkpt>
      <trkpt lat="23.050385601818561553955078125" lon="113.3051909320056438446044921875">
        <ele>5.599999904632568359375</ele>
        <time>2026-07-29T23:32:17.000Z</time>
        <extensions>
          <ns3:TrackPointExtension>
            <ns3:hr>134</ns3:hr>
            <ns3:cad>81</ns3:cad>
          </ns3:TrackPointExtension>
        </extensions>
      </trkpt>
      <trkpt lat="23.050386607646942138671875" lon="113.30517693422734737396240234375">
        <ele>5.599999904632568359375</ele>
        <time>2026-07-29T23:32:18.000Z</time>
        <extensions>
          <ns3:TrackPointExtension>
            <ns3:hr>134</ns3:hr>
            <ns3:cad>81</ns3:cad>
          </ns3:TrackPointExtension>
        </extensions>
      </trkpt>
      <trkpt lat="23.0503871105611324310302734375" lon="113.30515799112617969512939453125">
        <ele>5.599999904632568359375</ele>
        <time>2026-07-29T23:32:19.000Z</time>
        <extensions>
          <ns3:TrackPointExtension>
            <ns3:hr>135</ns3:hr>
            <ns3:cad>81</ns3:cad>
          </ns3:TrackPointExtension>
        </extensions>
      </trkpt>
      <trkpt lat="23.05039666593074798583984375" lon="113.3051295764744281768798828125">
        <ele>5.599999904632568359375</ele>
        <time>2026-07-29T23:32:20.000Z</time>
        <extensions>
          <ns3:TrackPointExtension>
            <ns3:hr>135</ns3:hr>
            <ns3:cad>81</ns3:cad>
          </ns3:TrackPointExtension>
        </extensions>
      </trkpt>
      <trkpt lat="23.05039188824594020843505859375" lon="113.3051171712577342987060546875">
        <ele>5.599999904632568359375</ele>
        <time>2026-07-29T23:32:21.000Z</time>
        <extensions>
          <ns3:TrackPointExtension>
            <ns3:hr>135</ns3:hr>
            <ns3:cad>81</ns3:cad>
          </ns3:TrackPointExtension>
        </extensions>
      </trkpt>
      <trkpt lat="23.05039322935044765472412109375" lon="113.3050960488617420196533203125">
        <ele>5.599999904632568359375</ele>
        <time>2026-07-29T23:32:22.000Z</time>
        <extensions>
          <ns3:TrackPointExtension>
            <ns3:hr>135</ns3:hr>
            <ns3:cad>81</ns3:cad>
          </ns3:TrackPointExtension>
        </extensions>
      </trkpt>
      <trkpt lat="23.0503991805016994476318359375" lon="113.305072747170925140380859375">
        <ele>5.599999904632568359375</ele>
        <time>2026-07-29T23:32:23.000Z</time>
        <extensions>
          <ns3:TrackPointExtension>
            <ns3:hr>135</ns3:hr>
            <ns3:cad>81</ns3:cad>
          </ns3:TrackPointExtension>
        </extensions>
      </trkpt>
      <trkpt lat="23.050398342311382293701171875" lon="113.305056989192962646484375">
        <ele>5.599999904632568359375</ele>
        <time>2026-07-29T23:32:24.000Z</time>
        <extensions>
          <ns3:TrackPointExtension>
            <ns3:hr>135</ns3:hr>
            <ns3:cad>81</ns3:cad>
          </ns3:TrackPointExtension>
        </extensions>
      </trkpt>
      <trkpt lat="23.0504040420055389404296875" lon="113.30503486096858978271484375">
        <ele>5.599999904632568359375</ele>
        <time>2026-07-29T23:32:25.000Z</time>
        <extensions>
          <ns3:TrackPointExtension>
            <ns3:hr>135</ns3:hr>
            <ns3:cad>81</ns3:cad>
          </ns3:TrackPointExtension>
        </extensions>
      </trkpt>
      <trkpt lat="23.05041083134710788726806640625" lon="113.30501751042902469635009765625">
        <ele>5.599999904632568359375</ele>
        <time>2026-07-29T23:32:26.000Z</time>
        <extensions>
          <ns3:TrackPointExtension>
            <ns3:hr>135</ns3:hr>
            <ns3:cad>81</ns3:cad>
          </ns3:TrackPointExtension>
        </extensions>
      </trkpt>
      <trkpt lat="23.05041116662323474884033203125" lon="113.30499856732785701751708984375">
        <ele>5.599999904632568359375</ele>
        <time>2026-07-29T23:32:27.000Z</time>
        <extensions>
          <ns3:TrackPointExtension>
            <ns3:hr>135</ns3:hr>
            <ns3:cad>81</ns3:cad>
          </ns3:TrackPointExtension>
        </extensions>
      </trkpt>
      <trkpt lat="23.05042072199285030364990234375" lon="113.3049763552844524383544921875">
        <ele>5.599999904632568359375</ele>
        <time>2026-07-29T23:32:28.000Z</time>
        <extensions>
          <ns3:TrackPointExtension>
            <ns3:hr>136</ns3:hr>
            <ns3:cad>81</ns3:cad>
          </ns3:TrackPointExtension>
        </extensions>
      </trkpt>
      <trkpt lat="23.0504256673157215118408203125" lon="113.30496218986809253692626953125">
        <ele>5.400000095367431640625</ele>
        <time>2026-07-29T23:32:29.000Z</time>
        <extensions>
          <ns3:TrackPointExtension>
            <ns3:hr>136</ns3:hr>
            <ns3:cad>81</ns3:cad>
          </ns3:TrackPointExtension>
        </extensions>
      </trkpt>
      <trkpt lat="23.0504281818866729736328125" lon="113.304944336414337158203125">
        <ele>5.400000095367431640625</ele>
        <time>2026-07-29T23:32:30.000Z</time>
        <extensions>
          <ns3:TrackPointExtension>
            <ns3:hr>136</ns3:hr>
            <ns3:cad>81</ns3:cad>
          </ns3:TrackPointExtension>
        </extensions>
      </trkpt>
      <trkpt lat="23.0504407547414302825927734375" lon="113.30492028035223484039306640625">
        <ele>5.400000095367431640625</ele>
        <time>2026-07-29T23:32:31.000Z</time>
        <extensions>
          <ns3:TrackPointExtension>
            <ns3:hr>136</ns3:hr>
            <ns3:cad>81</ns3:cad>
          </ns3:TrackPointExtension>
        </extensions>
      </trkpt>
      <trkpt lat="23.05043564178049564361572265625" lon="113.30491022206842899322509765625">
        <ele>5.599999904632568359375</ele>
        <time>2026-07-29T23:32:32.000Z</time>
        <extensions>
          <ns3:TrackPointExtension>
            <ns3:hr>136</ns3:hr>
            <ns3:cad>82</ns3:cad>
          </ns3:TrackPointExtension>
        </extensions>
      </trkpt>
      <trkpt lat="23.050440251827239990234375" lon="113.304887674748897552490234375">
        <ele>5.599999904632568359375</ele>
        <time>2026-07-29T23:32:33.000Z</time>
        <extensions>
          <ns3:TrackPointExtension>
            <ns3:hr>136</ns3:hr>
            <ns3:cad>82</ns3:cad>
          </ns3:TrackPointExtension>
        </extensions>
      </trkpt>
      <trkpt lat="23.05044955573976039886474609375" lon="113.30486864782869815826416015625">
        <ele>5.599999904632568359375</ele>
        <time>2026-07-29T23:32:34.000Z</time>
        <extensions>
          <ns3:TrackPointExtension>
            <ns3:hr>135</ns3:hr>
            <ns3:cad>81</ns3:cad>
          </ns3:TrackPointExtension>
        </extensions>
      </trkpt>
      <trkpt lat="23.05044955573976039886474609375" lon="113.30485121347010135650634765625">
        <ele>5.400000095367431640625</ele>
        <time>2026-07-29T23:32:35.000Z</time>
        <extensions>
          <ns3:TrackPointExtension>
            <ns3:hr>135</ns3:hr>
            <ns3:cad>81</ns3:cad>
          </ns3:TrackPointExtension>
        </extensions>
      </trkpt>
      <trkpt lat="23.0504581891000270843505859375" lon="113.30482405610382556915283203125">
        <ele>5.599999904632568359375</ele>
        <time>2026-07-29T23:32:36.000Z</time>
        <extensions>
          <ns3:TrackPointExtension>
            <ns3:hr>135</ns3:hr>
            <ns3:cad>81</ns3:cad>
          </ns3:TrackPointExtension>
        </extensions>
      </trkpt>
      <trkpt lat="23.05046615190804004669189453125" lon="113.30480695702135562896728515625">
        <ele>5.599999904632568359375</ele>
        <time>2026-07-29T23:32:37.000Z</time>
        <extensions>
          <ns3:TrackPointExtension>
            <ns3:hr>135</ns3:hr>
            <ns3:cad>81</ns3:cad>
          </ns3:TrackPointExtension>
        </extensions>
      </trkpt>
      <trkpt lat="23.05046548135578632354736328125" lon="113.30478734336793422698974609375">
        <ele>5.599999904632568359375</ele>
        <time>2026-07-29T23:32:38.000Z</time>
        <extensions>
          <ns3:TrackPointExtension>
            <ns3:hr>135</ns3:hr>
            <ns3:cad>81</ns3:cad>
          </ns3:TrackPointExtension>
        </extensions>
      </trkpt>
      <trkpt lat="23.0504732765257358551025390625" lon="113.30476119183003902435302734375">
        <ele>5.80000019073486328125</ele>
        <time>2026-07-29T23:32:39.000Z</time>
        <extensions>
          <ns3:TrackPointExtension>
            <ns3:hr>135</ns3:hr>
            <ns3:cad>81</ns3:cad>
          </ns3:TrackPointExtension>
        </extensions>
      </trkpt>
      <trkpt lat="23.05047444999217987060546875" lon="113.3047453500330448150634765625">
        <ele>5.80000019073486328125</ele>
        <time>2026-07-29T23:32:40.000Z</time>
        <extensions>
          <ns3:TrackPointExtension>
            <ns3:hr>135</ns3:hr>
            <ns3:cad>81</ns3:cad>
          </ns3:TrackPointExtension>
        </extensions>
      </trkpt>
      <trkpt lat="23.05047403089702129364013671875" lon="113.30472548492252826690673828125">
        <ele>5.80000019073486328125</ele>
        <time>2026-07-29T23:32:41.000Z</time>
        <extensions>
          <ns3:TrackPointExtension>
            <ns3:hr>136</ns3:hr>
            <ns3:cad>81</ns3:cad>
          </ns3:TrackPointExtension>
        </extensions>
      </trkpt>
      <trkpt lat="23.0504823289811611175537109375" lon="113.30469631589949131011962890625">
        <ele>5.80000019073486328125</ele>
        <time>2026-07-29T23:32:42.000Z</time>
        <extensions>
          <ns3:TrackPointExtension>
            <ns3:hr>135</ns3:hr>
            <ns3:cad>81</ns3:cad>
          </ns3:TrackPointExtension>
        </extensions>
      </trkpt>
      <trkpt lat="23.050486855208873748779296875" lon="113.30467418767511844635009765625">
        <ele>5.80000019073486328125</ele>
        <time>2026-07-29T23:32:43.000Z</time>
        <extensions>
          <ns3:TrackPointExtension>
            <ns3:hr>135</ns3:hr>
            <ns3:cad>81</ns3:cad>
          </ns3:TrackPointExtension>
        </extensions>
      </trkpt>
      <trkpt lat="23.050485514104366302490234375" lon="113.30465130507946014404296875">
        <ele>5.599999904632568359375</ele>
        <time>2026-07-29T23:32:44.000Z</time>
        <extensions>
          <ns3:TrackPointExtension>
            <ns3:hr>135</ns3:hr>
            <ns3:cad>81</ns3:cad>
          </ns3:TrackPointExtension>
        </extensions>
      </trkpt>
      <trkpt lat="23.05048928596079349517822265625" lon="113.30462389625608921051025390625">
        <ele>5.599999904632568359375</ele>
        <time>2026-07-29T23:32:45.000Z</time>
        <extensions>
          <ns3:TrackPointExtension>
            <ns3:hr>135</ns3:hr>
            <ns3:cad>80</ns3:cad>
          </ns3:TrackPointExtension>
        </extensions>
      </trkpt>
      <trkpt lat="23.05048626847565174102783203125" lon="113.30461165867745876312255859375">
        <ele>5.599999904632568359375</ele>
        <time>2026-07-29T23:32:46.000Z</time>
        <extensions>
          <ns3:TrackPointExtension>
            <ns3:hr>135</ns3:hr>
            <ns3:cad>80</ns3:cad>
          </ns3:TrackPointExtension>
        </extensions>
      </trkpt>
      <trkpt lat="23.05048861540853977203369140625" lon="113.304584585130214691162109375">
        <ele>5.599999904632568359375</ele>
        <time>2026-07-29T23:32:47.000Z</time>
        <extensions>
          <ns3:TrackPointExtension>
            <ns3:hr>134</ns3:hr>
            <ns3:cad>81</ns3:cad>
          </ns3:TrackPointExtension>
        </extensions>
      </trkpt>
      <trkpt lat="23.05049213580787181854248046875" lon="113.3045646362006664276123046875">
        <ele>5.599999904632568359375</ele>
        <time>2026-07-29T23:32:48.000Z</time>
        <extensions>
          <ns3:TrackPointExtension>
            <ns3:hr>134</ns3:hr>
            <ns3:cad>82</ns3:cad>
          </ns3:TrackPointExtension>
        </extensions>
      </trkpt>
      <trkpt lat="23.05049146525561809539794921875" lon="113.30454812385141849517822265625">
        <ele>5.599999904632568359375</ele>
        <time>2026-07-29T23:32:49.000Z</time>
        <extensions>
          <ns3:TrackPointExtension>
            <ns3:hr>134</ns3:hr>
            <ns3:cad>82</ns3:cad>
          </ns3:TrackPointExtension>
        </extensions>
      </trkpt>
      <trkpt lat="23.0505004338920116424560546875" lon="113.30451526679098606109619140625">
        <ele>5.599999904632568359375</ele>
        <time>2026-07-29T23:32:50.000Z</time>
        <extensions>
          <ns3:TrackPointExtension>
            <ns3:hr>134</ns3:hr>
            <ns3:cad>82</ns3:cad>
          </ns3:TrackPointExtension>
        </extensions>
      </trkpt>
      <trkpt lat="23.05050219409167766571044921875" lon="113.30449582077562808990478515625">
        <ele>5.599999904632568359375</ele>
        <time>2026-07-29T23:32:51.000Z</time>
        <extensions>
          <ns3:TrackPointExtension>
            <ns3:hr>134</ns3:hr>
            <ns3:cad>81</ns3:cad>
          </ns3:TrackPointExtension>
        </extensions>
      </trkpt>
      <trkpt lat="23.05049993097782135009765625" lon="113.30447293817996978759765625">
        <ele>5.80000019073486328125</ele>
        <time>2026-07-29T23:32:52.000Z</time>
        <extensions>
          <ns3:TrackPointExtension>
            <ns3:hr>134</ns3:hr>
            <ns3:cad>81</ns3:cad>
          </ns3:TrackPointExtension>
        </extensions>
      </trkpt>
      <trkpt lat="23.05050839670002460479736328125" lon="113.30444670282304286956787109375">
        <ele>5.80000019073486328125</ele>
        <time>2026-07-29T23:32:53.000Z</time>
        <extensions>
          <ns3:TrackPointExtension>
            <ns3:hr>135</ns3:hr>
            <ns3:cad>81</ns3:cad>
          </ns3:TrackPointExtension>
        </extensions>
      </trkpt>
      <trkpt lat="23.05051342584192752838134765625" lon="113.30442826263606548309326171875">
        <ele>5.599999904632568359375</ele>
        <time>2026-07-29T23:32:54.000Z</time>
        <extensions>
          <ns3:TrackPointExtension>
            <ns3:hr>135</ns3:hr>
            <ns3:cad>81</ns3:cad>
          </ns3:TrackPointExtension>
        </extensions>
      </trkpt>
      <trkpt lat="23.05051200091838836669921875" lon="113.30440521240234375">
        <ele>5.599999904632568359375</ele>
        <time>2026-07-29T23:32:55.000Z</time>
        <extensions>
          <ns3:TrackPointExtension>
            <ns3:hr>135</ns3:hr>
            <ns3:cad>81</ns3:cad>
          </ns3:TrackPointExtension>
        </extensions>
      </trkpt>
      <trkpt lat="23.0505188740789890289306640625" lon="113.3043752051889896392822265625">
        <ele>5.599999904632568359375</ele>
        <time>2026-07-29T23:32:56.000Z</time>
        <extensions>
          <ns3:TrackPointExtension>
            <ns3:hr>135</ns3:hr>
            <ns3:cad>82</ns3:cad>
          </ns3:TrackPointExtension>
        </extensions>
      </trkpt>
      <trkpt lat="23.05051392875611782073974609375" lon="113.30436036922037601470947265625">
        <ele>5.599999904632568359375</ele>
        <time>2026-07-29T23:32:57.000Z</time>
        <extensions>
          <ns3:TrackPointExtension>
            <ns3:hr>135</ns3:hr>
            <ns3:cad>82</ns3:cad>
          </ns3:TrackPointExtension>
        </extensions>
      </trkpt>
      <trkpt lat="23.050518371164798736572265625" lon="113.3043302781879901885986328125">
        <ele>5.599999904632568359375</ele>
        <time>2026-07-29T23:32:58.000Z</time>
        <extensions>
          <ns3:TrackPointExtension>
            <ns3:hr>135</ns3:hr>
            <ns3:cad>82</ns3:cad>
          </ns3:TrackPointExtension>
        </extensions>
      </trkpt>
      <trkpt lat="23.0505202151834964752197265625" lon="113.3043128438293933868408203125">
        <ele>5.599999904632568359375</ele>
        <time>2026-07-29T23:32:59.000Z</time>
        <extensions>
          <ns3:TrackPointExtension>
            <ns3:hr>135</ns3:hr>
            <ns3:cad>81</ns3:cad>
          </ns3:TrackPointExtension>
        </extensions>
      </trkpt>
      <trkpt lat="23.0505178682506084442138671875" lon="113.30429247580468654632568359375">
        <ele>5.599999904632568359375</ele>
        <time>2026-07-29T23:33:00.000Z</time>
        <extensions>
          <ns3:TrackPointExtension>
            <ns3:hr>135</ns3:hr>
            <ns3:cad>81</ns3:cad>
          </ns3:TrackPointExtension>
        </extensions>
      </trkpt>
      <trkpt lat="23.05052499286830425262451171875" lon="113.3042628876864910125732421875">
        <ele>5.599999904632568359375</ele>
        <time>2026-07-29T23:33:01.000Z</time>
        <extensions>
          <ns3:TrackPointExtension>
            <ns3:hr>135</ns3:hr>
            <ns3:cad>81</ns3:cad>
          </ns3:TrackPointExtension>
        </extensions>
      </trkpt>
      <trkpt lat="23.0505287647247314453125" lon="113.30424721352756023406982421875">
        <ele>5.599999904632568359375</ele>
        <time>2026-07-29T23:33:02.000Z</time>
        <extensions>
          <ns3:TrackPointExtension>
            <ns3:hr>136</ns3:hr>
            <ns3:cad>81</ns3:cad>
          </ns3:TrackPointExtension>
        </extensions>
      </trkpt>
      <trkpt lat="23.05052985437214374542236328125" lon="113.30422676168382167816162109375">
        <ele>5.599999904632568359375</ele>
        <time>2026-07-29T23:33:03.000Z</time>
        <extensions>
          <ns3:TrackPointExtension>
            <ns3:hr>136</ns3:hr>
            <ns3:cad>81</ns3:cad>
          </ns3:TrackPointExtension>
        </extensions>
      </trkpt>
      <trkpt lat="23.05053672753274440765380859375" lon="113.304199017584323883056640625">
        <ele>5.80000019073486328125</ele>
        <time>2026-07-29T23:33:04.000Z</time>
        <extensions>
          <ns3:TrackPointExtension>
            <ns3:hr>136</ns3:hr>
            <ns3:cad>82</ns3:cad>
          </ns3:TrackPointExtension>
        </extensions>
      </trkpt>
      <trkpt lat="23.0505450256168842315673828125" lon="113.3041763864457607269287109375">
        <ele>5.80000019073486328125</ele>
        <time>2026-07-29T23:33:05.000Z</time>
        <extensions>
          <ns3:TrackPointExtension>
            <ns3:hr>136</ns3:hr>
            <ns3:cad>82</ns3:cad>
          </ns3:TrackPointExtension>
        </extensions>
      </trkpt>
      <trkpt lat="23.05054209195077419281005859375" lon="113.3041569404304027557373046875">
        <ele>5.80000019073486328125</ele>
        <time>2026-07-29T23:33:06.000Z</time>
        <extensions>
          <ns3:TrackPointExtension>
            <ns3:hr>136</ns3:hr>
            <ns3:cad>82</ns3:cad>
          </ns3:TrackPointExtension>
        </extensions>
      </trkpt>
      <trkpt lat="23.0505490489304065704345703125" lon="113.304127268493175506591796875">
        <ele>5.599999904632568359375</ele>
        <time>2026-07-29T23:33:07.000Z</time>
        <extensions>
          <ns3:TrackPointExtension>
            <ns3:hr>135</ns3:hr>
            <ns3:cad>82</ns3:cad>
          </ns3:TrackPointExtension>
        </extensions>
      </trkpt>
      <trkpt lat="23.0505503900349140167236328125" lon="113.304117880761623382568359375">
        <ele>5.599999904632568359375</ele>
        <time>2026-07-29T23:33:08.000Z</time>
        <extensions>
          <ns3:TrackPointExtension>
            <ns3:hr>135</ns3:hr>
            <ns3:cad>82</ns3:cad>
          </ns3:TrackPointExtension>
        </extensions>
      </trkpt>
      <trkpt lat="23.05055064149200916290283203125" lon="113.304095081984996795654296875">
        <ele>5.599999904632568359375</ele>
        <time>2026-07-29T23:33:09.000Z</time>
        <extensions>
          <ns3:TrackPointExtension>
            <ns3:hr>135</ns3:hr>
            <ns3:cad>80</ns3:cad>
          </ns3:TrackPointExtension>
        </extensions>
      </trkpt>
      <trkpt lat="23.05055801756680011749267578125" lon="113.30407102592289447784423828125">
        <ele>5.599999904632568359375</ele>
        <time>2026-07-29T23:33:10.000Z</time>
        <extensions>
          <ns3:TrackPointExtension>
            <ns3:hr>135</ns3:hr>
            <ns3:cad>80</ns3:cad>
          </ns3:TrackPointExtension>
        </extensions>
      </trkpt>
      <trkpt lat="23.05055382661521434783935546875" lon="113.30405577085912227630615234375">
        <ele>5.599999904632568359375</ele>
        <time>2026-07-29T23:33:11.000Z</time>
        <extensions>
          <ns3:TrackPointExtension>
            <ns3:hr>135</ns3:hr>
            <ns3:cad>80</ns3:cad>
          </ns3:TrackPointExtension>
        </extensions>
      </trkpt>
      <trkpt lat="23.05055432952940464019775390625" lon="113.3040297031402587890625">
        <ele>5.80000019073486328125</ele>
        <time>2026-07-29T23:33:12.000Z</time>
        <extensions>
          <ns3:TrackPointExtension>
            <ns3:hr>135</ns3:hr>
            <ns3:cad>81</ns3:cad>
          </ns3:TrackPointExtension>
        </extensions>
      </trkpt>
      <trkpt lat="23.05055717937648296356201171875" lon="113.30400598235428333282470703125">
        <ele>5.80000019073486328125</ele>
        <time>2026-07-29T23:33:13.000Z</time>
        <extensions>
          <ns3:TrackPointExtension>
            <ns3:hr>135</ns3:hr>
            <ns3:cad>81</ns3:cad>
          </ns3:TrackPointExtension>
        </extensions>
      </trkpt>
      <trkpt lat="23.05055365897715091705322265625" lon="113.30398854799568653106689453125">
        <ele>5.80000019073486328125</ele>
        <time>2026-07-29T23:33:14.000Z</time>
        <extensions>
          <ns3:TrackPointExtension>
            <ns3:hr>135</ns3:hr>
            <ns3:cad>80</ns3:cad>
          </ns3:TrackPointExtension>
        </extensions>
      </trkpt>
      <trkpt lat="23.0505554191768169403076171875" lon="113.3039547689259052276611328125">
        <ele>5.80000019073486328125</ele>
        <time>2026-07-29T23:33:15.000Z</time>
        <extensions>
          <ns3:TrackPointExtension>
            <ns3:hr>135</ns3:hr>
            <ns3:cad>80</ns3:cad>
          </ns3:TrackPointExtension>
        </extensions>
      </trkpt>
      <trkpt lat="23.05056296288967132568359375" lon="113.30393792130053043365478515625">
        <ele>5.80000019073486328125</ele>
        <time>2026-07-29T23:33:16.000Z</time>
        <extensions>
          <ns3:TrackPointExtension>
            <ns3:hr>134</ns3:hr>
            <ns3:cad>81</ns3:cad>
          </ns3:TrackPointExtension>
        </extensions>
      </trkpt>
      <trkpt lat="23.050563298165798187255859375" lon="113.3039192296564579010009765625">
        <ele>6</ele>
        <time>2026-07-29T23:33:17.000Z</time>
        <extensions>
          <ns3:TrackPointExtension>
            <ns3:hr>134</ns3:hr>
            <ns3:cad>81</ns3:cad>
          </ns3:TrackPointExtension>
        </extensions>
      </trkpt>
      <trkpt lat="23.05056690238416194915771484375" lon="113.30388327129185199737548828125">
        <ele>6</ele>
        <time>2026-07-29T23:33:18.000Z</time>
        <extensions>
          <ns3:TrackPointExtension>
            <ns3:hr>135</ns3:hr>
            <ns3:cad>81</ns3:cad>
          </ns3:TrackPointExtension>
        </extensions>
      </trkpt>
      <trkpt lat="23.05056422017514705657958984375" lon="113.30387053079903125762939453125">
        <ele>5.80000019073486328125</ele>
        <time>2026-07-29T23:33:19.000Z</time>
        <extensions>
          <ns3:TrackPointExtension>
            <ns3:hr>135</ns3:hr>
            <ns3:cad>81</ns3:cad>
          </ns3:TrackPointExtension>
        </extensions>
      </trkpt>
      <trkpt lat="23.0505631305277347564697265625" lon="113.30384991131722927093505859375">
        <ele>5.80000019073486328125</ele>
        <time>2026-07-29T23:33:20.000Z</time>
        <extensions>
          <ns3:TrackPointExtension>
            <ns3:hr>135</ns3:hr>
            <ns3:cad>82</ns3:cad>
          </ns3:TrackPointExtension>
        </extensions>
      </trkpt>
      <trkpt lat="23.050570003688335418701171875" lon="113.30382116138935089111328125">
        <ele>5.80000019073486328125</ele>
        <time>2026-07-29T23:33:21.000Z</time>
        <extensions>
          <ns3:TrackPointExtension>
            <ns3:hr>135</ns3:hr>
            <ns3:cad>81</ns3:cad>
          </ns3:TrackPointExtension>
        </extensions>
      </trkpt>
      <trkpt lat="23.0505757033824920654296875" lon="113.30379727296531200408935546875">
        <ele>5.80000019073486328125</ele>
        <time>2026-07-29T23:33:22.000Z</time>
        <extensions>
          <ns3:TrackPointExtension>
            <ns3:hr>135</ns3:hr>
            <ns3:cad>81</ns3:cad>
          </ns3:TrackPointExtension>
        </extensions>
      </trkpt>
      <trkpt lat="23.0505798943340778350830078125" lon="113.30377464182674884796142578125">
        <ele>5.80000019073486328125</ele>
        <time>2026-07-29T23:33:23.000Z</time>
        <extensions>
          <ns3:TrackPointExtension>
            <ns3:hr>135</ns3:hr>
            <ns3:cad>81</ns3:cad>
          </ns3:TrackPointExtension>
        </extensions>
      </trkpt>
      <trkpt lat="23.050586767494678497314453125" lon="113.30375100485980510711669921875">
        <ele>5.80000019073486328125</ele>
        <time>2026-07-29T23:33:24.000Z</time>
        <extensions>
          <ns3:TrackPointExtension>
            <ns3:hr>135</ns3:hr>
            <ns3:cad>81</ns3:cad>
          </ns3:TrackPointExtension>
        </extensions>
      </trkpt>
      <trkpt lat="23.0505825765430927276611328125" lon="113.30373792909085750579833984375">
        <ele>5.80000019073486328125</ele>
        <time>2026-07-29T23:33:25.000Z</time>
        <extensions>
          <ns3:TrackPointExtension>
            <ns3:hr>135</ns3:hr>
            <ns3:cad>81</ns3:cad>
          </ns3:TrackPointExtension>
        </extensions>
      </trkpt>
      <trkpt lat="23.0505859293043613433837890625" lon="113.3037090115249156951904296875">
        <ele>5.80000019073486328125</ele>
        <time>2026-07-29T23:33:26.000Z</time>
        <extensions>
          <ns3:TrackPointExtension>
            <ns3:hr>135</ns3:hr>
            <ns3:cad>81</ns3:cad>
          </ns3:TrackPointExtension>
        </extensions>
      </trkpt>
      <trkpt lat="23.05058970116078853607177734375" lon="113.30368679948151111602783203125">
        <ele>5.80000019073486328125</ele>
        <time>2026-07-29T23:33:27.000Z</time>
        <extensions>
          <ns3:TrackPointExtension>
            <ns3:hr>135</ns3:hr>
            <ns3:cad>81</ns3:cad>
          </ns3:TrackPointExtension>
        </extensions>
      </trkpt>
      <trkpt lat="23.050587438046932220458984375" lon="113.30366852693259716033935546875">
        <ele>5.80000019073486328125</ele>
        <time>2026-07-29T23:33:28.000Z</time>
        <extensions>
          <ns3:TrackPointExtension>
            <ns3:hr>135</ns3:hr>
            <ns3:cad>81</ns3:cad>
          </ns3:TrackPointExtension>
        </extensions>
      </trkpt>
      <trkpt lat="23.05058710277080535888671875" lon="113.30363902263343334197998046875">
        <ele>5.80000019073486328125</ele>
        <time>2026-07-29T23:33:29.000Z</time>
        <extensions>
          <ns3:TrackPointExtension>
            <ns3:hr>135</ns3:hr>
            <ns3:cad>80</ns3:cad>
          </ns3:TrackPointExtension>
        </extensions>
      </trkpt>
      <trkpt lat="23.05059037171304225921630859375" lon="113.30361924134194850921630859375">
        <ele>6</ele>
        <time>2026-07-29T23:33:30.000Z</time>
        <extensions>
          <ns3:TrackPointExtension>
            <ns3:hr>135</ns3:hr>
            <ns3:cad>81</ns3:cad>
          </ns3:TrackPointExtension>
        </extensions>
      </trkpt>
      <trkpt lat="23.05058768950402736663818359375" lon="113.30360113643109798431396484375">
        <ele>6</ele>
        <time>2026-07-29T23:33:31.000Z</time>
        <extensions>
          <ns3:TrackPointExtension>
            <ns3:hr>136</ns3:hr>
            <ns3:cad>81</ns3:cad>
          </ns3:TrackPointExtension>
        </extensions>
      </trkpt>
      <trkpt lat="23.050594814121723175048828125" lon="113.303571380674839019775390625">
        <ele>6</ele>
        <time>2026-07-29T23:33:32.000Z</time>
        <extensions>
          <ns3:TrackPointExtension>
            <ns3:hr>135</ns3:hr>
            <ns3:cad>81</ns3:cad>
          </ns3:TrackPointExtension>
        </extensions>
      </trkpt>
      <trkpt lat="23.05059372447431087493896484375" lon="113.30355637706816196441650390625">
        <ele>5.80000019073486328125</ele>
        <time>2026-07-29T23:33:33.000Z</time>
        <extensions>
          <ns3:TrackPointExtension>
            <ns3:hr>135</ns3:hr>
            <ns3:cad>81</ns3:cad>
          </ns3:TrackPointExtension>
        </extensions>
      </trkpt>
      <trkpt lat="23.05059246718883514404296875" lon="113.30353324301540851593017578125">
        <ele>5.80000019073486328125</ele>
        <time>2026-07-29T23:33:34.000Z</time>
        <extensions>
          <ns3:TrackPointExtension>
            <ns3:hr>135</ns3:hr>
            <ns3:cad>81</ns3:cad>
          </ns3:TrackPointExtension>
        </extensions>
      </trkpt>
      <trkpt lat="23.05059674195945262908935546875" lon="113.30350742675364017486572265625">
        <ele>5.80000019073486328125</ele>
        <time>2026-07-29T23:33:35.000Z</time>
        <extensions>
          <ns3:TrackPointExtension>
            <ns3:hr>136</ns3:hr>
            <ns3:cad>81</ns3:cad>
          </ns3:TrackPointExtension>
        </extensions>
      </trkpt>
      <trkpt lat="23.05060110054910182952880859375" lon="113.30348865129053592681884765625">
        <ele>5.80000019073486328125</ele>
        <time>2026-07-29T23:33:36.000Z</time>
        <extensions>
          <ns3:TrackPointExtension>
            <ns3:hr>135</ns3:hr>
            <ns3:cad>81</ns3:cad>
          </ns3:TrackPointExtension>
        </extensions>
      </trkpt>
      <trkpt lat="23.0505973286926746368408203125" lon="113.30346534959971904754638671875">
        <ele>5.80000019073486328125</ele>
        <time>2026-07-29T23:33:37.000Z</time>
        <extensions>
          <ns3:TrackPointExtension>
            <ns3:hr>135</ns3:hr>
            <ns3:cad>81</ns3:cad>
          </ns3:TrackPointExtension>
        </extensions>
      </trkpt>
      <trkpt lat="23.0506026931107044219970703125" lon="113.30344070680439472198486328125">
        <ele>5.80000019073486328125</ele>
        <time>2026-07-29T23:33:38.000Z</time>
        <extensions>
          <ns3:TrackPointExtension>
            <ns3:hr>135</ns3:hr>
            <ns3:cad>81</ns3:cad>
          </ns3:TrackPointExtension>
        </extensions>
      </trkpt>
      <trkpt lat="23.05059841834008693695068359375" lon="113.30342310480773448944091796875">
        <ele>5.80000019073486328125</ele>
        <time>2026-07-29T23:33:39.000Z</time>
        <extensions>
          <ns3:TrackPointExtension>
            <ns3:hr>136</ns3:hr>
            <ns3:cad>82</ns3:cad>
          </ns3:TrackPointExtension>
        </extensions>
      </trkpt>
      <trkpt lat="23.0505956523120403289794921875" lon="113.3033958636224269866943359375">
        <ele>5.80000019073486328125</ele>
        <time>2026-07-29T23:33:40.000Z</time>
        <extensions>
          <ns3:TrackPointExtension>
            <ns3:hr>135</ns3:hr>
            <ns3:cad>82</ns3:cad>
          </ns3:TrackPointExtension>
        </extensions>
      </trkpt>
      <trkpt lat="23.05059992708265781402587890625" lon="113.30337247811257839202880859375">
        <ele>5.80000019073486328125</ele>
        <time>2026-07-29T23:33:41.000Z</time>
        <extensions>
          <ns3:TrackPointExtension>
            <ns3:hr>135</ns3:hr>
            <ns3:cad>81</ns3:cad>
          </ns3:TrackPointExtension>
        </extensions>
      </trkpt>
      <trkpt lat="23.05059305392205715179443359375" lon="113.30335311591625213623046875">
        <ele>5.80000019073486328125</ele>
        <time>2026-07-29T23:33:42.000Z</time>
        <extensions>
          <ns3:TrackPointExtension>
            <ns3:hr>135</ns3:hr>
            <ns3:cad>81</ns3:cad>
          </ns3:TrackPointExtension>
        </extensions>
      </trkpt>
      <trkpt lat="23.0505971610546112060546875" lon="113.303320594131946563720703125">
        <ele>6</ele>
        <time>2026-07-29T23:33:43.000Z</time>
        <extensions>
          <ns3:TrackPointExtension>
            <ns3:hr>135</ns3:hr>
            <ns3:cad>81</ns3:cad>
          </ns3:TrackPointExtension>
        </extensions>
      </trkpt>
      <trkpt lat="23.05059925653040409088134765625" lon="113.30330592580139636993408203125">
        <ele>6</ele>
        <time>2026-07-29T23:33:44.000Z</time>
        <extensions>
          <ns3:TrackPointExtension>
            <ns3:hr>135</ns3:hr>
            <ns3:cad>81</ns3:cad>
          </ns3:TrackPointExtension>
        </extensions>
      </trkpt>
      <trkpt lat="23.0505986697971820831298828125" lon="113.30328346230089664459228515625">
        <ele>6</ele>
        <time>2026-07-29T23:33:45.000Z</time>
        <extensions>
          <ns3:TrackPointExtension>
            <ns3:hr>135</ns3:hr>
            <ns3:cad>81</ns3:cad>
          </ns3:TrackPointExtension>
        </extensions>
      </trkpt>
      <trkpt lat="23.05060051381587982177734375" lon="113.3032516948878765106201171875">
        <ele>6</ele>
        <time>2026-07-29T23:33:46.000Z</time>
        <extensions>
          <ns3:TrackPointExtension>
            <ns3:hr>136</ns3:hr>
            <ns3:cad>82</ns3:cad>
          </ns3:TrackPointExtension>
        </extensions>
      </trkpt>
      <trkpt lat="23.05059707723557949066162109375" lon="113.3032396249473094940185546875">
        <ele>6</ele>
        <time>2026-07-29T23:33:47.000Z</time>
        <extensions>
          <ns3:TrackPointExtension>
            <ns3:hr>135</ns3:hr>
            <ns3:cad>82</ns3:cad>
          </ns3:TrackPointExtension>
        </extensions>
      </trkpt>
      <trkpt lat="23.0505953170359134674072265625" lon="113.303211294114589691162109375">
        <ele>6</ele>
        <time>2026-07-29T23:33:48.000Z</time>
        <extensions>
          <ns3:TrackPointExtension>
            <ns3:hr>135</ns3:hr>
            <ns3:cad>82</ns3:cad>
          </ns3:TrackPointExtension>
        </extensions>
      </trkpt>
      <trkpt lat="23.05059917271137237548828125" lon="113.30318841151893138885498046875">
        <ele>5.80000019073486328125</ele>
        <time>2026-07-29T23:33:49.000Z</time>
        <extensions>
          <ns3:TrackPointExtension>
            <ns3:hr>135</ns3:hr>
            <ns3:cad>82</ns3:cad>
          </ns3:TrackPointExtension>
        </extensions>
      </trkpt>
      <trkpt lat="23.050595819950103759765625" lon="113.303170390427112579345703125">
        <ele>6</ele>
        <time>2026-07-29T23:33:50.000Z</time>
        <extensions>
          <ns3:TrackPointExtension>
            <ns3:hr>136</ns3:hr>
            <ns3:cad>82</ns3:cad>
          </ns3:TrackPointExtension>
        </extensions>
      </trkpt>
      <trkpt lat="23.05059959180653095245361328125" lon="113.30314164049923419952392578125">
        <ele>6</ele>
        <time>2026-07-29T23:33:51.000Z</time>
        <extensions>
          <ns3:TrackPointExtension>
            <ns3:hr>136</ns3:hr>
            <ns3:cad>82</ns3:cad>
          </ns3:TrackPointExtension>
        </extensions>
      </trkpt>
      <trkpt lat="23.05060462094843387603759765625" lon="113.30312336795032024383544921875">
        <ele>6.19999980926513671875</ele>
        <time>2026-07-29T23:33:52.000Z</time>
        <extensions>
          <ns3:TrackPointExtension>
            <ns3:hr>136</ns3:hr>
            <ns3:cad>82</ns3:cad>
          </ns3:TrackPointExtension>
        </extensions>
      </trkpt>
      <trkpt lat="23.050601519644260406494140625" lon="113.30310123972594738006591796875">
        <ele>6</ele>
        <time>2026-07-29T23:33:53.000Z</time>
        <extensions>
          <ns3:TrackPointExtension>
            <ns3:hr>136</ns3:hr>
            <ns3:cad>82</ns3:cad>
          </ns3:TrackPointExtension>
        </extensions>
      </trkpt>
      <trkpt lat="23.0506036989390850067138671875" lon="113.30306637100875377655029296875">
        <ele>6</ele>
        <time>2026-07-29T23:33:54.000Z</time>
        <extensions>
          <ns3:TrackPointExtension>
            <ns3:hr>136</ns3:hr>
            <ns3:cad>82</ns3:cad>
          </ns3:TrackPointExtension>
        </extensions>
      </trkpt>
      <trkpt lat="23.050600849092006683349609375" lon="113.3030508644878864288330078125">
        <ele>6</ele>
        <time>2026-07-29T23:33:55.000Z</time>
        <extensions>
          <ns3:TrackPointExtension>
            <ns3:hr>136</ns3:hr>
            <ns3:cad>82</ns3:cad>
          </ns3:TrackPointExtension>
        </extensions>
      </trkpt>
      <trkpt lat="23.05059942416846752166748046875" lon="113.3030252158641815185546875">
        <ele>6</ele>
        <time>2026-07-29T23:33:56.000Z</time>
        <extensions>
          <ns3:TrackPointExtension>
            <ns3:hr>136</ns3:hr>
            <ns3:cad>83</ns3:cad>
          </ns3:TrackPointExtension>
        </extensions>
      </trkpt>
      <trkpt lat="23.050600849092006683349609375" lon="113.3029952086508274078369140625">
        <ele>6</ele>
        <time>2026-07-29T23:33:57.000Z</time>
        <extensions>
          <ns3:TrackPointExtension>
            <ns3:hr>137</ns3:hr>
            <ns3:cad>82</ns3:cad>
          </ns3:TrackPointExtension>
        </extensions>
      </trkpt>
      <trkpt lat="23.05059255100786685943603515625" lon="113.30297836102545261383056640625">
        <ele>6</ele>
        <time>2026-07-29T23:33:58.000Z</time>
        <extensions>
          <ns3:TrackPointExtension>
            <ns3:hr>137</ns3:hr>
            <ns3:cad>82</ns3:cad>
          </ns3:TrackPointExtension>
        </extensions>
      </trkpt>
      <trkpt lat="23.0505936406552791595458984375" lon="113.3029522933065891265869140625">
        <ele>6</ele>
        <time>2026-07-29T23:33:59.000Z</time>
        <extensions>
          <ns3:TrackPointExtension>
            <ns3:hr>137</ns3:hr>
            <ns3:cad>82</ns3:cad>
          </ns3:TrackPointExtension>
        </extensions>
      </trkpt>
      <trkpt lat="23.05059573613107204437255859375" lon="113.30293192528188228607177734375">
        <ele>6</ele>
        <time>2026-07-29T23:34:00.000Z</time>
        <extensions>
          <ns3:TrackPointExtension>
            <ns3:hr>137</ns3:hr>
            <ns3:cad>82</ns3:cad>
          </ns3:TrackPointExtension>
        </extensions>
      </trkpt>
      <trkpt lat="23.050585091114044189453125" lon="113.302912227809429168701171875">
        <ele>6</ele>
        <time>2026-07-29T23:34:01.000Z</time>
        <extensions>
          <ns3:TrackPointExtension>
            <ns3:hr>136</ns3:hr>
            <ns3:cad>82</ns3:cad>
          </ns3:TrackPointExtension>
        </extensions>
      </trkpt>
      <trkpt lat="23.05058886297047138214111328125" lon="113.30288582481443881988525390625">
        <ele>6</ele>
        <time>2026-07-29T23:34:02.000Z</time>
        <extensions>
          <ns3:TrackPointExtension>
            <ns3:hr>137</ns3:hr>
            <ns3:cad>81</ns3:cad>
          </ns3:TrackPointExtension>
        </extensions>
      </trkpt>
      <trkpt lat="23.05058978497982025146484375" lon="113.30286554060876369476318359375">
        <ele>6</ele>
        <time>2026-07-29T23:34:03.000Z</time>
        <extensions>
          <ns3:TrackPointExtension>
            <ns3:hr>137</ns3:hr>
            <ns3:cad>81</ns3:cad>
          </ns3:TrackPointExtension>
        </extensions>
      </trkpt>
      <trkpt lat="23.05058735422790050506591796875" lon="113.302843160927295684814453125">
        <ele>6</ele>
        <time>2026-07-29T23:34:04.000Z</time>
        <extensions>
          <ns3:TrackPointExtension>
            <ns3:hr>137</ns3:hr>
            <ns3:cad>81</ns3:cad>
          </ns3:TrackPointExtension>
        </extensions>
      </trkpt>
      <trkpt lat="23.0505943112075328826904296875" lon="113.30281139351427555084228515625">
        <ele>6</ele>
        <time>2026-07-29T23:34:05.000Z</time>
        <extensions>
          <ns3:TrackPointExtension>
            <ns3:hr>138</ns3:hr>
            <ns3:cad>81</ns3:cad>
          </ns3:TrackPointExtension>
        </extensions>
      </trkpt>
      <trkpt lat="23.05059221573173999786376953125" lon="113.30279513262212276458740234375">
        <ele>6</ele>
        <time>2026-07-29T23:34:06.000Z</time>
        <extensions>
          <ns3:TrackPointExtension>
            <ns3:hr>138</ns3:hr>
            <ns3:cad>81</ns3:cad>
          </ns3:TrackPointExtension>
        </extensions>
      </trkpt>
      <trkpt lat="23.050593473017215728759765625" lon="113.3027705736458301544189453125">
        <ele>6</ele>
        <time>2026-07-29T23:34:07.000Z</time>
        <extensions>
          <ns3:TrackPointExtension>
            <ns3:hr>138</ns3:hr>
            <ns3:cad>81</ns3:cad>
          </ns3:TrackPointExtension>
        </extensions>
      </trkpt>
      <trkpt lat="23.0506000109016895294189453125" lon="113.30274718813598155975341796875">
        <ele>6</ele>
        <time>2026-07-29T23:34:08.000Z</time>
        <extensions>
          <ns3:TrackPointExtension>
            <ns3:hr>138</ns3:hr>
            <ns3:cad>82</ns3:cad>
          </ns3:TrackPointExtension>
        </extensions>
      </trkpt>
      <trkpt lat="23.05059506557881832122802734375" lon="113.30272891558706760406494140625">
        <ele>6</ele>
        <time>2026-07-29T23:34:09.000Z</time>
        <extensions>
          <ns3:TrackPointExtension>
            <ns3:hr>138</ns3:hr>
            <ns3:cad>82</ns3:cad>
          </ns3:TrackPointExtension>
        </extensions>
      </trkpt>
      <trkpt lat="23.0505939759314060211181640625" lon="113.3027035184204578399658203125">
        <ele>6</ele>
        <time>2026-07-29T23:34:10.000Z</time>
        <extensions>
          <ns3:TrackPointExtension>
            <ns3:hr>138</ns3:hr>
            <ns3:cad>81</ns3:cad>
          </ns3:TrackPointExtension>
        </extensions>
      </trkpt>
      <trkpt lat="23.05059473030269145965576171875" lon="113.30268549732863903045654296875">
        <ele>6.19999980926513671875</ele>
        <time>2026-07-29T23:34:11.000Z</time>
        <extensions>
          <ns3:TrackPointExtension>
            <ns3:hr>137</ns3:hr>
            <ns3:cad>81</ns3:cad>
          </ns3:TrackPointExtension>
        </extensions>
      </trkpt>
      <trkpt lat="23.05059020407497882843017578125" lon="113.3026663027703762054443359375">
        <ele>6.19999980926513671875</ele>
        <time>2026-07-29T23:34:12.000Z</time>
        <extensions>
          <ns3:TrackPointExtension>
            <ns3:hr>138</ns3:hr>
            <ns3:cad>81</ns3:cad>
          </ns3:TrackPointExtension>
        </extensions>
      </trkpt>
      <trkpt lat="23.0505949817597866058349609375" lon="113.30263403244316577911376953125">
        <ele>6</ele>
        <time>2026-07-29T23:34:13.000Z</time>
        <extensions>
          <ns3:TrackPointExtension>
            <ns3:hr>138</ns3:hr>
            <ns3:cad>81</ns3:cad>
          </ns3:TrackPointExtension>
        </extensions>
      </trkpt>
      <trkpt lat="23.050595484673976898193359375" lon="113.30262062139809131622314453125">
        <ele>6</ele>
        <time>2026-07-29T23:34:14.000Z</time>
        <extensions>
          <ns3:TrackPointExtension>
            <ns3:hr>138</ns3:hr>
            <ns3:cad>82</ns3:cad>
          </ns3:TrackPointExtension>
        </extensions>
      </trkpt>
      <trkpt lat="23.05059154517948627471923828125" lon="113.3025982417166233062744140625">
        <ele>6</ele>
        <time>2026-07-29T23:34:15.000Z</time>
        <extensions>
          <ns3:TrackPointExtension>
            <ns3:hr>138</ns3:hr>
            <ns3:cad>82</ns3:cad>
          </ns3:TrackPointExtension>
        </extensions>
      </trkpt>
      <trkpt lat="23.0505926348268985748291015625" lon="113.30257200635969638824462890625">
        <ele>6</ele>
        <time>2026-07-29T23:34:16.000Z</time>
        <extensions>
          <ns3:TrackPointExtension>
            <ns3:hr>138</ns3:hr>
            <ns3:cad>82</ns3:cad>
          </ns3:TrackPointExtension>
        </extensions>
      </trkpt>
      <trkpt lat="23.0505865998566150665283203125" lon="113.30255943350493907928466796875">
        <ele>6</ele>
        <time>2026-07-29T23:34:17.000Z</time>
        <extensions>
          <ns3:TrackPointExtension>
            <ns3:hr>138</ns3:hr>
            <ns3:cad>82</ns3:cad>
          </ns3:TrackPointExtension>
        </extensions>
      </trkpt>
      <trkpt lat="23.0505822412669658660888671875" lon="113.3025305159389972686767578125">
        <ele>6</ele>
        <time>2026-07-29T23:34:18.000Z</time>
        <extensions>
          <ns3:TrackPointExtension>
            <ns3:hr>138</ns3:hr>
            <ns3:cad>82</ns3:cad>
          </ns3:TrackPointExtension>
        </extensions>
      </trkpt>
      <trkpt lat="23.05057964287698268890380859375" lon="113.30250947736203670501708984375">
        <ele>6</ele>
        <time>2026-07-29T23:34:19.000Z</time>
        <extensions>
          <ns3:TrackPointExtension>
            <ns3:hr>138</ns3:hr>
            <ns3:cad>82</ns3:cad>
          </ns3:TrackPointExtension>
        </extensions>
      </trkpt>
      <trkpt lat="23.0505741946399211883544921875" lon="113.30249304883182048797607421875">
        <ele>6</ele>
        <time>2026-07-29T23:34:20.000Z</time>
        <extensions>
          <ns3:TrackPointExtension>
            <ns3:hr>139</ns3:hr>
            <ns3:cad>82</ns3:cad>
          </ns3:TrackPointExtension>
        </extensions>
      </trkpt>
      <trkpt lat="23.0505728535354137420654296875" lon="113.3024681545794010162353515625">
        <ele>6</ele>
        <time>2026-07-29T23:34:21.000Z</time>
        <extensions>
          <ns3:TrackPointExtension>
            <ns3:hr>140</ns3:hr>
            <ns3:cad>81</ns3:cad>
          </ns3:TrackPointExtension>
        </extensions>
      </trkpt>
      <trkpt lat="23.05057411082088947296142578125" lon="113.30244527198374271392822265625">
        <ele>6</ele>
        <time>2026-07-29T23:34:22.000Z</time>
        <extensions>
          <ns3:TrackPointExtension>
            <ns3:hr>140</ns3:hr>
            <ns3:cad>82</ns3:cad>
          </ns3:TrackPointExtension>
        </extensions>
      </trkpt>
      <trkpt lat="23.050572685897350311279296875" lon="113.30243085511028766632080078125">
        <ele>6</ele>
        <time>2026-07-29T23:34:23.000Z</time>
        <extensions>
          <ns3:TrackPointExtension>
            <ns3:hr>140</ns3:hr>
            <ns3:cad>82</ns3:cad>
          </ns3:TrackPointExtension>
        </extensions>
      </trkpt>
      <trkpt lat="23.05057981051504611968994140625" lon="113.3024051226675510406494140625">
        <ele>6</ele>
        <time>2026-07-29T23:34:24.000Z</time>
        <extensions>
          <ns3:TrackPointExtension>
            <ns3:hr>140</ns3:hr>
            <ns3:cad>82</ns3:cad>
          </ns3:TrackPointExtension>
        </extensions>
      </trkpt>
      <trkpt lat="23.05058618076145648956298828125" lon="113.30238374881446361541748046875">
        <ele>5.80000019073486328125</ele>
        <time>2026-07-29T23:34:25.000Z</time>
        <extensions>
          <ns3:TrackPointExtension>
            <ns3:hr>140</ns3:hr>
            <ns3:cad>81</ns3:cad>
          </ns3:TrackPointExtension>
        </extensions>
      </trkpt>
      <trkpt lat="23.05057947523891925811767578125" lon="113.3023669011890888214111328125">
        <ele>5.599999904632568359375</ele>
        <time>2026-07-29T23:34:26.000Z</time>
        <extensions>
          <ns3:TrackPointExtension>
            <ns3:hr>140</ns3:hr>
            <ns3:cad>80</ns3:cad>
          </ns3:TrackPointExtension>
        </extensions>
      </trkpt>
      <trkpt lat="23.05057494901120662689208984375" lon="113.3023345470428466796875">
        <ele>5.400000095367431640625</ele>
        <time>2026-07-29T23:34:27.000Z</time>
        <extensions>
          <ns3:TrackPointExtension>
            <ns3:hr>139</ns3:hr>
            <ns3:cad>80</ns3:cad>
          </ns3:TrackPointExtension>
        </extensions>
      </trkpt>
      <trkpt lat="23.05057679302990436553955078125" lon="113.30231552012264728546142578125">
        <ele>5.19999980926513671875</ele>
        <time>2026-07-29T23:34:28.000Z</time>
        <extensions>
          <ns3:TrackPointExtension>
            <ns3:hr>140</ns3:hr>
            <ns3:cad>80</ns3:cad>
          </ns3:TrackPointExtension>
        </extensions>
      </trkpt>
      <trkpt lat="23.05057411082088947296142578125" lon="113.30228735692799091339111328125">
        <ele>5</ele>
        <time>2026-07-29T23:34:29.000Z</time>
        <extensions>
          <ns3:TrackPointExtension>
            <ns3:hr>139</ns3:hr>
            <ns3:cad>80</ns3:cad>
          </ns3:TrackPointExtension>
        </extensions>
      </trkpt>
      <trkpt lat="23.050579726696014404296875" lon="113.3022576011717319488525390625">
        <ele>4.80000019073486328125</ele>
        <time>2026-07-29T23:34:30.000Z</time>
        <extensions>
          <ns3:TrackPointExtension>
            <ns3:hr>139</ns3:hr>
            <ns3:cad>81</ns3:cad>
          </ns3:TrackPointExtension>
        </extensions>
      </trkpt>
      <trkpt lat="23.0505745299160480499267578125" lon="113.30224343575537204742431640625">
        <ele>4.80000019073486328125</ele>
        <time>2026-07-29T23:34:31.000Z</time>
        <extensions>
          <ns3:TrackPointExtension>
            <ns3:hr>139</ns3:hr>
            <ns3:cad>81</ns3:cad>
          </ns3:TrackPointExtension>
        </extensions>
      </trkpt>
      <trkpt lat="23.05057360790669918060302734375" lon="113.30221761949360370635986328125">
        <ele>4.80000019073486328125</ele>
        <time>2026-07-29T23:34:32.000Z</time>
        <extensions>
          <ns3:TrackPointExtension>
            <ns3:hr>139</ns3:hr>
            <ns3:cad>81</ns3:cad>
          </ns3:TrackPointExtension>
        </extensions>
      </trkpt>
      <trkpt lat="23.05057779885828495025634765625" lon="113.30219247378408908843994140625">
        <ele>4.80000019073486328125</ele>
        <time>2026-07-29T23:34:33.000Z</time>
        <extensions>
          <ns3:TrackPointExtension>
            <ns3:hr>138</ns3:hr>
            <ns3:cad>81</ns3:cad>
          </ns3:TrackPointExtension>
        </extensions>
      </trkpt>
      <trkpt lat="23.05057209916412830352783203125" lon="113.30217587761580944061279296875">
        <ele>4.80000019073486328125</ele>
        <time>2026-07-29T23:34:34.000Z</time>
        <extensions>
          <ns3:TrackPointExtension>
            <ns3:hr>138</ns3:hr>
            <ns3:cad>81</ns3:cad>
          </ns3:TrackPointExtension>
        </extensions>
      </trkpt>
      <trkpt lat="23.0505716800689697265625" lon="113.30215274356305599212646484375">
        <ele>4.80000019073486328125</ele>
        <time>2026-07-29T23:34:35.000Z</time>
        <extensions>
          <ns3:TrackPointExtension>
            <ns3:hr>137</ns3:hr>
            <ns3:cad>81</ns3:cad>
          </ns3:TrackPointExtension>
        </extensions>
      </trkpt>
      <trkpt lat="23.0505748651921749114990234375" lon="113.30212810076773166656494140625">
        <ele>4.80000019073486328125</ele>
        <time>2026-07-29T23:34:36.000Z</time>
        <extensions>
          <ns3:TrackPointExtension>
            <ns3:hr>137</ns3:hr>
            <ns3:cad>81</ns3:cad>
          </ns3:TrackPointExtension>
        </extensions>
      </trkpt>
      <trkpt lat="23.05057075805962085723876953125" lon="113.30211100168526172637939453125">
        <ele>4.80000019073486328125</ele>
        <time>2026-07-29T23:34:37.000Z</time>
        <extensions>
          <ns3:TrackPointExtension>
            <ns3:hr>137</ns3:hr>
            <ns3:cad>81</ns3:cad>
          </ns3:TrackPointExtension>
        </extensions>
      </trkpt>
      <trkpt lat="23.05057327263057231903076171875" lon="113.30208040773868560791015625">
        <ele>4.80000019073486328125</ele>
        <time>2026-07-29T23:34:38.000Z</time>
        <extensions>
          <ns3:TrackPointExtension>
            <ns3:hr>137</ns3:hr>
            <ns3:cad>81</ns3:cad>
          </ns3:TrackPointExtension>
        </extensions>
      </trkpt>
      <trkpt lat="23.0505748651921749114990234375" lon="113.3020557649433612823486328125">
        <ele>4.80000019073486328125</ele>
        <time>2026-07-29T23:34:39.000Z</time>
        <extensions>
          <ns3:TrackPointExtension>
            <ns3:hr>137</ns3:hr>
            <ns3:cad>81</ns3:cad>
          </ns3:TrackPointExtension>
        </extensions>
      </trkpt>
      <trkpt lat="23.05057126097381114959716796875" lon="113.30203481018543243408203125">
        <ele>5</ele>
        <time>2026-07-29T23:34:40.000Z</time>
        <extensions>
          <ns3:TrackPointExtension>
            <ns3:hr>137</ns3:hr>
            <ns3:cad>81</ns3:cad>
          </ns3:TrackPointExtension>
        </extensions>
      </trkpt>
      <trkpt lat="23.0505775474011898040771484375" lon="113.3020044676959514617919921875">
        <ele>5</ele>
        <time>2026-07-29T23:34:41.000Z</time>
        <extensions>
          <ns3:TrackPointExtension>
            <ns3:hr>137</ns3:hr>
            <ns3:cad>81</ns3:cad>
          </ns3:TrackPointExtension>
        </extensions>
      </trkpt>
      <trkpt lat="23.05057863704860210418701171875" lon="113.3019853569567203521728515625">
        <ele>5</ele>
        <time>2026-07-29T23:34:42.000Z</time>
        <extensions>
          <ns3:TrackPointExtension>
            <ns3:hr>137</ns3:hr>
            <ns3:cad>81</ns3:cad>
          </ns3:TrackPointExtension>
        </extensions>
      </trkpt>
      <trkpt lat="23.05057763122022151947021484375" lon="113.3019618876278400421142578125">
        <ele>5</ele>
        <time>2026-07-29T23:34:43.000Z</time>
        <extensions>
          <ns3:TrackPointExtension>
            <ns3:hr>137</ns3:hr>
            <ns3:cad>81</ns3:cad>
          </ns3:TrackPointExtension>
        </extensions>
      </trkpt>
      <trkpt lat="23.05058173835277557373046875" lon="113.3019343949854373931884765625">
        <ele>4.80000019073486328125</ele>
        <time>2026-07-29T23:34:44.000Z</time>
        <extensions>
          <ns3:TrackPointExtension>
            <ns3:hr>137</ns3:hr>
            <ns3:cad>81</ns3:cad>
          </ns3:TrackPointExtension>
        </extensions>
      </trkpt>
      <trkpt lat="23.0505795590579509735107421875" lon="113.3019209839403629302978515625">
        <ele>4.80000019073486328125</ele>
        <time>2026-07-29T23:34:45.000Z</time>
        <extensions>
          <ns3:TrackPointExtension>
            <ns3:hr>137</ns3:hr>
            <ns3:cad>81</ns3:cad>
          </ns3:TrackPointExtension>
        </extensions>
      </trkpt>
      <trkpt lat="23.05057880468666553497314453125" lon="113.30190229229629039764404296875">
        <ele>4.80000019073486328125</ele>
        <time>2026-07-29T23:34:46.000Z</time>
        <extensions>
          <ns3:TrackPointExtension>
            <ns3:hr>138</ns3:hr>
            <ns3:cad>81</ns3:cad>
          </ns3:TrackPointExtension>
        </extensions>
      </trkpt>
      <trkpt lat="23.05058433674275875091552734375" lon="113.301875554025173187255859375">
        <ele>4.80000019073486328125</ele>
        <time>2026-07-29T23:34:47.000Z</time>
        <extensions>
          <ns3:TrackPointExtension>
            <ns3:hr>138</ns3:hr>
            <ns3:cad>81</ns3:cad>
          </ns3:TrackPointExtension>
        </extensions>
      </trkpt>
      <trkpt lat="23.05058936588466167449951171875" lon="113.301859460771083831787109375">
        <ele>4.80000019073486328125</ele>
        <time>2026-07-29T23:34:48.000Z</time>
        <extensions>
          <ns3:TrackPointExtension>
            <ns3:hr>138</ns3:hr>
            <ns3:cad>81</ns3:cad>
          </ns3:TrackPointExtension>
        </extensions>
      </trkpt>
      <trkpt lat="23.050585426390171051025390625" lon="113.30183498561382293701171875">
        <ele>4.80000019073486328125</ele>
        <time>2026-07-29T23:34:49.000Z</time>
        <extensions>
          <ns3:TrackPointExtension>
            <ns3:hr>138</ns3:hr>
            <ns3:cad>80</ns3:cad>
          </ns3:TrackPointExtension>
        </extensions>
      </trkpt>
      <trkpt lat="23.050584755837917327880859375" lon="113.30180724151432514190673828125">
        <ele>4.80000019073486328125</ele>
        <time>2026-07-29T23:34:50.000Z</time>
        <extensions>
          <ns3:TrackPointExtension>
            <ns3:hr>138</ns3:hr>
            <ns3:cad>80</ns3:cad>
          </ns3:TrackPointExtension>
        </extensions>
      </trkpt>
      <trkpt lat="23.0505835823714733123779296875" lon="113.30178863368928432464599609375">
        <ele>4.80000019073486328125</ele>
        <time>2026-07-29T23:34:51.000Z</time>
        <extensions>
          <ns3:TrackPointExtension>
            <ns3:hr>138</ns3:hr>
            <ns3:cad>80</ns3:cad>
          </ns3:TrackPointExtension>
        </extensions>
      </trkpt>
      <trkpt lat="23.05057964287698268890380859375" lon="113.301758207380771636962890625">
        <ele>4.80000019073486328125</ele>
        <time>2026-07-29T23:34:52.000Z</time>
        <extensions>
          <ns3:TrackPointExtension>
            <ns3:hr>138</ns3:hr>
            <ns3:cad>80</ns3:cad>
          </ns3:TrackPointExtension>
        </extensions>
      </trkpt>
      <trkpt lat="23.0505825765430927276611328125" lon="113.30172711052000522613525390625">
        <ele>5</ele>
        <time>2026-07-29T23:34:53.000Z</time>
        <extensions>
          <ns3:TrackPointExtension>
            <ns3:hr>138</ns3:hr>
            <ns3:cad>80</ns3:cad>
          </ns3:TrackPointExtension>
        </extensions>
      </trkpt>
      <trkpt lat="23.05057629011571407318115234375" lon="113.30171001143753528594970703125">
        <ele>5</ele>
        <time>2026-07-29T23:34:54.000Z</time>
        <extensions>
          <ns3:TrackPointExtension>
            <ns3:hr>138</ns3:hr>
            <ns3:cad>80</ns3:cad>
          </ns3:TrackPointExtension>
        </extensions>
      </trkpt>
      <trkpt lat="23.0505798943340778350830078125" lon="113.3016819320619106292724609375">
        <ele>5</ele>
        <time>2026-07-29T23:34:55.000Z</time>
        <extensions>
          <ns3:TrackPointExtension>
            <ns3:hr>138</ns3:hr>
            <ns3:cad>80</ns3:cad>
          </ns3:TrackPointExtension>
        </extensions>
      </trkpt>
      <trkpt lat="23.05058551020920276641845703125" lon="113.30165661871433258056640625">
        <ele>5</ele>
        <time>2026-07-29T23:34:56.000Z</time>
        <extensions>
          <ns3:TrackPointExtension>
            <ns3:hr>137</ns3:hr>
            <ns3:cad>80</ns3:cad>
          </ns3:TrackPointExtension>
        </extensions>
      </trkpt>
      <trkpt lat="23.0505832470953464508056640625" lon="113.3016376756131649017333984375">
        <ele>5</ele>
        <time>2026-07-29T23:34:57.000Z</time>
        <extensions>
          <ns3:TrackPointExtension>
            <ns3:hr>138</ns3:hr>
            <ns3:cad>80</ns3:cad>
          </ns3:TrackPointExtension>
        </extensions>
      </trkpt>
      <trkpt lat="23.05058567784726619720458984375" lon="113.301616050302982330322265625">
        <ele>5</ele>
        <time>2026-07-29T23:34:58.000Z</time>
        <extensions>
          <ns3:TrackPointExtension>
            <ns3:hr>138</ns3:hr>
            <ns3:cad>81</ns3:cad>
          </ns3:TrackPointExtension>
        </extensions>
      </trkpt>
      <trkpt lat="23.05058752186596393585205078125" lon="113.30159501172602176666259765625">
        <ele>5</ele>
        <time>2026-07-29T23:34:59.000Z</time>
        <extensions>
          <ns3:TrackPointExtension>
            <ns3:hr>138</ns3:hr>
            <ns3:cad>82</ns3:cad>
          </ns3:TrackPointExtension>
        </extensions>
      </trkpt>
      <trkpt lat="23.05058182217180728912353515625" lon="113.3015749789774417877197265625">
        <ele>5</ele>
        <time>2026-07-29T23:35:00.000Z</time>
        <extensions>
          <ns3:TrackPointExtension>
            <ns3:hr>137</ns3:hr>
            <ns3:cad>82</ns3:cad>
          </ns3:TrackPointExtension>
        </extensions>
      </trkpt>
      <trkpt lat="23.05058970116078853607177734375" lon="113.3015494979918003082275390625">
        <ele>5</ele>
        <time>2026-07-29T23:35:01.000Z</time>
        <extensions>
          <ns3:TrackPointExtension>
            <ns3:hr>138</ns3:hr>
            <ns3:cad>81</ns3:cad>
          </ns3:TrackPointExtension>
        </extensions>
      </trkpt>
      <trkpt lat="23.0505909584462642669677734375" lon="113.3015307225286960601806640625">
        <ele>5</ele>
        <time>2026-07-29T23:35:02.000Z</time>
        <extensions>
          <ns3:TrackPointExtension>
            <ns3:hr>138</ns3:hr>
            <ns3:cad>81</ns3:cad>
          </ns3:TrackPointExtension>
        </extensions>
      </trkpt>
      <trkpt lat="23.05059514939785003662109375" lon="113.3015109412372112274169921875">
        <ele>5</ele>
        <time>2026-07-29T23:35:03.000Z</time>
        <extensions>
          <ns3:TrackPointExtension>
            <ns3:hr>137</ns3:hr>
            <ns3:cad>81</ns3:cad>
          </ns3:TrackPointExtension>
        </extensions>
      </trkpt>
      <trkpt lat="23.05060193873941898345947265625" lon="113.3014777489006519317626953125">
        <ele>5</ele>
        <time>2026-07-29T23:35:04.000Z</time>
        <extensions>
          <ns3:TrackPointExtension>
            <ns3:hr>138</ns3:hr>
            <ns3:cad>81</ns3:cad>
          </ns3:TrackPointExtension>
        </extensions>
      </trkpt>
      <trkpt lat="23.05060562677681446075439453125" lon="113.30146676860749721527099609375">
        <ele>5</ele>
        <time>2026-07-29T23:35:05.000Z</time>
        <extensions>
          <ns3:TrackPointExtension>
            <ns3:hr>138</ns3:hr>
            <ns3:cad>81</ns3:cad>
          </ns3:TrackPointExtension>
        </extensions>
      </trkpt>
      <trkpt lat="23.0506053753197193145751953125" lon="113.3014452271163463592529296875">
        <ele>5</ele>
        <time>2026-07-29T23:35:06.000Z</time>
        <extensions>
          <ns3:TrackPointExtension>
            <ns3:hr>138</ns3:hr>
            <ns3:cad>81</ns3:cad>
          </ns3:TrackPointExtension>
        </extensions>
      </trkpt>
      <trkpt lat="23.050591461360454559326171875" lon="113.3014266192913055419921875">
        <ele>5.19999980926513671875</ele>
        <time>2026-07-29T23:35:07.000Z</time>
        <extensions>
          <ns3:TrackPointExtension>
            <ns3:hr>138</ns3:hr>
            <ns3:cad>81</ns3:cad>
          </ns3:TrackPointExtension>
        </extensions>
      </trkpt>
      <trkpt lat="23.0505862645804882049560546875" lon="113.301418237388134002685546875">
        <ele>5.19999980926513671875</ele>
        <time>2026-07-29T23:35:08.000Z</time>
        <extensions>
          <ns3:TrackPointExtension>
            <ns3:hr>138</ns3:hr>
            <ns3:cad>81</ns3:cad>
          </ns3:TrackPointExtension>
        </extensions>
      </trkpt>
      <trkpt lat="23.0505654774606227874755859375" lon="113.30140960402786731719970703125">
        <ele>5.19999980926513671875</ele>
        <time>2026-07-29T23:35:09.000Z</time>
        <extensions>
          <ns3:TrackPointExtension>
            <ns3:hr>138</ns3:hr>
            <ns3:cad>81</ns3:cad>
          </ns3:TrackPointExtension>
        </extensions>
      </trkpt>
      <trkpt lat="23.05054628290235996246337890625" lon="113.30140507780015468597412109375">
        <ele>5.19999980926513671875</ele>
        <time>2026-07-29T23:35:10.000Z</time>
        <extensions>
          <ns3:TrackPointExtension>
            <ns3:hr>138</ns3:hr>
            <ns3:cad>81</ns3:cad>
          </ns3:TrackPointExtension>
        </extensions>
      </trkpt>
      <trkpt lat="23.05053211748600006103515625" lon="113.30140323378145694732666015625">
        <ele>5.19999980926513671875</ele>
        <time>2026-07-29T23:35:11.000Z</time>
        <extensions>
          <ns3:TrackPointExtension>
            <ns3:hr>138</ns3:hr>
            <ns3:cad>81</ns3:cad>
          </ns3:TrackPointExtension>
        </extensions>
      </trkpt>
      <trkpt lat="23.05051242001354694366455078125" lon="113.30139686353504657745361328125">
        <ele>5.19999980926513671875</ele>
        <time>2026-07-29T23:35:12.000Z</time>
        <extensions>
          <ns3:TrackPointExtension>
            <ns3:hr>138</ns3:hr>
            <ns3:cad>81</ns3:cad>
          </ns3:TrackPointExtension>
        </extensions>
      </trkpt>
      <trkpt lat="23.05049733258783817291259765625" lon="113.30139401368796825408935546875">
        <ele>5.19999980926513671875</ele>
        <time>2026-07-29T23:35:13.000Z</time>
        <extensions>
          <ns3:TrackPointExtension>
            <ns3:hr>138</ns3:hr>
            <ns3:cad>80</ns3:cad>
          </ns3:TrackPointExtension>
        </extensions>
      </trkpt>
      <trkpt lat="23.05048023350536823272705078125" lon="113.30139267258346080780029296875">
        <ele>5.19999980926513671875</ele>
        <time>2026-07-29T23:35:14.000Z</time>
        <extensions>
          <ns3:TrackPointExtension>
            <ns3:hr>138</ns3:hr>
            <ns3:cad>80</ns3:cad>
          </ns3:TrackPointExtension>
        </extensions>
      </trkpt>
      <trkpt lat="23.050455339252948760986328125" lon="113.30139049328863620758056640625">
        <ele>5.19999980926513671875</ele>
        <time>2026-07-29T23:35:15.000Z</time>
        <extensions>
          <ns3:TrackPointExtension>
            <ns3:hr>138</ns3:hr>
            <ns3:cad>80</ns3:cad>
          </ns3:TrackPointExtension>
        </extensions>
      </trkpt>
      <trkpt lat="23.05043949745595455169677734375" lon="113.3013932593166828155517578125">
        <ele>5.19999980926513671875</ele>
        <time>2026-07-29T23:35:16.000Z</time>
        <extensions>
          <ns3:TrackPointExtension>
            <ns3:hr>137</ns3:hr>
            <ns3:cad>80</ns3:cad>
          </ns3:TrackPointExtension>
        </extensions>
      </trkpt>
      <trkpt lat="23.0504196323454380035400390625" lon="113.30139267258346080780029296875">
        <ele>5.19999980926513671875</ele>
        <time>2026-07-29T23:35:17.000Z</time>
        <extensions>
          <ns3:TrackPointExtension>
            <ns3:hr>137</ns3:hr>
            <ns3:cad>81</ns3:cad>
          </ns3:TrackPointExtension>
        </extensions>
      </trkpt>
      <trkpt lat="23.0503998510539531707763671875" lon="113.301382698118686676025390625">
        <ele>5</ele>
        <time>2026-07-29T23:35:18.000Z</time>
        <extensions>
          <ns3:TrackPointExtension>
            <ns3:hr>136</ns3:hr>
            <ns3:cad>81</ns3:cad>
          </ns3:TrackPointExtension>
        </extensions>
      </trkpt>
      <trkpt lat="23.05038836784660816192626953125" lon="113.3013764955103397369384765625">
        <ele>5</ele>
        <time>2026-07-29T23:35:19.000Z</time>
        <extensions>
          <ns3:TrackPointExtension>
            <ns3:hr>136</ns3:hr>
            <ns3:cad>81</ns3:cad>
          </ns3:TrackPointExtension>
        </extensions>
      </trkpt>
      <trkpt lat="23.05037361569702625274658203125" lon="113.30137020908296108245849609375">
        <ele>5</ele>
        <time>2026-07-29T23:35:20.000Z</time>
        <extensions>
          <ns3:TrackPointExtension>
            <ns3:hr>135</ns3:hr>
            <ns3:cad>81</ns3:cad>
          </ns3:TrackPointExtension>
        </extensions>
      </trkpt>
      <trkpt lat="23.05035618133842945098876953125" lon="113.3013684488832950592041015625">
        <ele>5</ele>
        <time>2026-07-29T23:35:21.000Z</time>
        <extensions>
          <ns3:TrackPointExtension>
            <ns3:hr>135</ns3:hr>
            <ns3:cad>81</ns3:cad>
          </ns3:TrackPointExtension>
        </extensions>
      </trkpt>
      <trkpt lat="23.05034168064594268798828125" lon="113.3013671077787876129150390625">
        <ele>5</ele>
        <time>2026-07-29T23:35:22.000Z</time>
        <extensions>
          <ns3:TrackPointExtension>
            <ns3:hr>135</ns3:hr>
            <ns3:cad>81</ns3:cad>
          </ns3:TrackPointExtension>
        </extensions>
      </trkpt>
      <trkpt lat="23.050318546593189239501953125" lon="113.301366269588470458984375">
        <ele>5</ele>
        <time>2026-07-29T23:35:23.000Z</time>
        <extensions>
          <ns3:TrackPointExtension>
            <ns3:hr>135</ns3:hr>
            <ns3:cad>81</ns3:cad>
          </ns3:TrackPointExtension>
        </extensions>
      </trkpt>
      <trkpt lat="23.050298430025577545166015625" lon="113.30136434175074100494384765625">
        <ele>5</ele>
        <time>2026-07-29T23:35:24.000Z</time>
        <extensions>
          <ns3:TrackPointExtension>
            <ns3:hr>135</ns3:hr>
            <ns3:cad>81</ns3:cad>
          </ns3:TrackPointExtension>
        </extensions>
      </trkpt>
      <trkpt lat="23.050282336771488189697265625" lon="113.3013614080846309661865234375">
        <ele>5.19999980926513671875</ele>
        <time>2026-07-29T23:35:25.000Z</time>
        <extensions>
          <ns3:TrackPointExtension>
            <ns3:hr>135</ns3:hr>
            <ns3:cad>82</ns3:cad>
          </ns3:TrackPointExtension>
        </extensions>
      </trkpt>
      <trkpt lat="23.0502627231180667877197265625" lon="113.3013590611517429351806640625">
        <ele>5.19999980926513671875</ele>
        <time>2026-07-29T23:35:26.000Z</time>
        <extensions>
          <ns3:TrackPointExtension>
            <ns3:hr>135</ns3:hr>
            <ns3:cad>82</ns3:cad>
          </ns3:TrackPointExtension>
        </extensions>
      </trkpt>
      <trkpt lat="23.0502459593117237091064453125" lon="113.301360569894313812255859375">
        <ele>5.19999980926513671875</ele>
        <time>2026-07-29T23:35:27.000Z</time>
        <extensions>
          <ns3:TrackPointExtension>
            <ns3:hr>135</ns3:hr>
            <ns3:cad>82</ns3:cad>
          </ns3:TrackPointExtension>
        </extensions>
      </trkpt>
      <trkpt lat="23.0502342246472835540771484375" lon="113.30136853270232677459716796875">
        <ele>5</ele>
        <time>2026-07-29T23:35:28.000Z</time>
        <extensions>
          <ns3:TrackPointExtension>
            <ns3:hr>135</ns3:hr>
            <ns3:cad>81</ns3:cad>
          </ns3:TrackPointExtension>
        </extensions>
      </trkpt>
      <trkpt lat="23.0502137728035449981689453125" lon="113.30137825571000576019287109375">
        <ele>5</ele>
        <time>2026-07-29T23:35:29.000Z</time>
        <extensions>
          <ns3:TrackPointExtension>
            <ns3:hr>136</ns3:hr>
            <ns3:cad>81</ns3:cad>
          </ns3:TrackPointExtension>
        </extensions>
      </trkpt>
      <trkpt lat="23.05019893683493137359619140625" lon="113.301391415297985076904296875">
        <ele>5</ele>
        <time>2026-07-29T23:35:30.000Z</time>
        <extensions>
          <ns3:TrackPointExtension>
            <ns3:hr>135</ns3:hr>
            <ns3:cad>80</ns3:cad>
          </ns3:TrackPointExtension>
        </extensions>
      </trkpt>
      <trkpt lat="23.050187118351459503173828125" lon="113.3014029823243618011474609375">
        <ele>5</ele>
        <time>2026-07-29T23:35:31.000Z</time>
        <extensions>
          <ns3:TrackPointExtension>
            <ns3:hr>135</ns3:hr>
            <ns3:cad>80</ns3:cad>
          </ns3:TrackPointExtension>
        </extensions>
      </trkpt>
      <trkpt lat="23.05017404258251190185546875" lon="113.301417566835880279541015625">
        <ele>5</ele>
        <time>2026-07-29T23:35:32.000Z</time>
        <extensions>
          <ns3:TrackPointExtension>
            <ns3:hr>136</ns3:hr>
            <ns3:cad>80</ns3:cad>
          </ns3:TrackPointExtension>
        </extensions>
      </trkpt>
      <trkpt lat="23.05016390047967433929443359375" lon="113.30143307335674762725830078125">
        <ele>5</ele>
        <time>2026-07-29T23:35:33.000Z</time>
        <extensions>
          <ns3:TrackPointExtension>
            <ns3:hr>136</ns3:hr>
            <ns3:cad>81</ns3:cad>
          </ns3:TrackPointExtension>
        </extensions>
      </trkpt>
      <trkpt lat="23.0501460470259189605712890625" lon="113.30144732259213924407958984375">
        <ele>4.80000019073486328125</ele>
        <time>2026-07-29T23:35:34.000Z</time>
        <extensions>
          <ns3:TrackPointExtension>
            <ns3:hr>136</ns3:hr>
            <ns3:cad>82</ns3:cad>
          </ns3:TrackPointExtension>
        </extensions>
      </trkpt>
      <trkpt lat="23.05013255216181278228759765625" lon="113.3014633320271968841552734375">
        <ele>4.80000019073486328125</ele>
        <time>2026-07-29T23:35:35.000Z</time>
        <extensions>
          <ns3:TrackPointExtension>
            <ns3:hr>136</ns3:hr>
            <ns3:cad>82</ns3:cad>
          </ns3:TrackPointExtension>
        </extensions>
      </trkpt>
      <trkpt lat="23.0501232482492923736572265625" lon="113.30147481523454189300537109375">
        <ele>4.80000019073486328125</ele>
        <time>2026-07-29T23:35:36.000Z</time>
        <extensions>
          <ns3:TrackPointExtension>
            <ns3:hr>136</ns3:hr>
            <ns3:cad>82</ns3:cad>
          </ns3:TrackPointExtension>
        </extensions>
      </trkpt>
      <trkpt lat="23.05011226795613765716552734375" lon="113.30150163732469081878662109375">
        <ele>4.599999904632568359375</ele>
        <time>2026-07-29T23:35:37.000Z</time>
        <extensions>
          <ns3:TrackPointExtension>
            <ns3:hr>135</ns3:hr>
            <ns3:cad>82</ns3:cad>
          </ns3:TrackPointExtension>
        </extensions>
      </trkpt>
      <trkpt lat="23.05011008866131305694580078125" lon="113.3015166409313678741455078125">
        <ele>4.599999904632568359375</ele>
        <time>2026-07-29T23:35:38.000Z</time>
        <extensions>
          <ns3:TrackPointExtension>
            <ns3:hr>135</ns3:hr>
            <ns3:cad>82</ns3:cad>
          </ns3:TrackPointExtension>
        </extensions>
      </trkpt>
      <trkpt lat="23.05010103620588779449462890625" lon="113.30153952352702617645263671875">
        <ele>4.599999904632568359375</ele>
        <time>2026-07-29T23:35:39.000Z</time>
        <extensions>
          <ns3:TrackPointExtension>
            <ns3:hr>135</ns3:hr>
            <ns3:cad>83</ns3:cad>
          </ns3:TrackPointExtension>
        </extensions>
      </trkpt>
      <trkpt lat="23.05007974617183208465576171875" lon="113.30155335366725921630859375">
        <ele>4.599999904632568359375</ele>
        <time>2026-07-29T23:35:40.000Z</time>
        <extensions>
          <ns3:TrackPointExtension>
            <ns3:hr>135</ns3:hr>
            <ns3:cad>83</ns3:cad>
          </ns3:TrackPointExtension>
        </extensions>
      </trkpt>
      <trkpt lat="23.0500632338225841522216796875" lon="113.3015548624098300933837890625">
        <ele>4.80000019073486328125</ele>
        <time>2026-07-29T23:35:41.000Z</time>
        <extensions>
          <ns3:TrackPointExtension>
            <ns3:hr>135</ns3:hr>
            <ns3:cad>82</ns3:cad>
          </ns3:TrackPointExtension>
        </extensions>
      </trkpt>
      <trkpt lat="23.05004269815981388092041015625" lon="113.30155142582952976226806640625">
        <ele>4.80000019073486328125</ele>
        <time>2026-07-29T23:35:42.000Z</time>
        <extensions>
          <ns3:TrackPointExtension>
            <ns3:hr>134</ns3:hr>
            <ns3:cad>82</ns3:cad>
          </ns3:TrackPointExtension>
        </extensions>
      </trkpt>
      <trkpt lat="23.05001470260322093963623046875" lon="113.30154773779213428497314453125">
        <ele>5</ele>
        <time>2026-07-29T23:35:43.000Z</time>
        <extensions>
          <ns3:TrackPointExtension>
            <ns3:hr>134</ns3:hr>
            <ns3:cad>81</ns3:cad>
          </ns3:TrackPointExtension>
        </extensions>
      </trkpt>
      <trkpt lat="23.04998989216983318328857421875" lon="113.30155067145824432373046875">
        <ele>5.19999980926513671875</ele>
        <time>2026-07-29T23:35:44.000Z</time>
        <extensions>
          <ns3:TrackPointExtension>
            <ns3:hr>134</ns3:hr>
            <ns3:cad>81</ns3:cad>
          </ns3:TrackPointExtension>
        </extensions>
      </trkpt>
      <trkpt lat="23.04995544254779815673828125" lon="113.3015468157827854156494140625">
        <ele>5.19999980926513671875</ele>
        <time>2026-07-29T23:35:45.000Z</time>
        <extensions>
          <ns3:TrackPointExtension>
            <ns3:hr>134</ns3:hr>
            <ns3:cad>81</ns3:cad>
          </ns3:TrackPointExtension>
        </extensions>
      </trkpt>
      <trkpt lat="23.04993507452309131622314453125" lon="113.3015444688498973846435546875">
        <ele>5.19999980926513671875</ele>
        <time>2026-07-29T23:35:46.000Z</time>
        <extensions>
          <ns3:TrackPointExtension>
            <ns3:hr>134</ns3:hr>
            <ns3:cad>82</ns3:cad>
          </ns3:TrackPointExtension>
        </extensions>
      </trkpt>
      <trkpt lat="23.0499093420803546905517578125" lon="113.30154128372669219970703125">
        <ele>5.19999980926513671875</ele>
        <time>2026-07-29T23:35:47.000Z</time>
        <extensions>
          <ns3:TrackPointExtension>
            <ns3:hr>133</ns3:hr>
            <ns3:cad>82</ns3:cad>
          </ns3:TrackPointExtension>
        </extensions>
      </trkpt>
      <trkpt lat="23.04987908340990543365478515625" lon="113.30153315328061580657958984375">
        <ele>5.19999980926513671875</ele>
        <time>2026-07-29T23:35:48.000Z</time>
        <extensions>
          <ns3:TrackPointExtension>
            <ns3:hr>133</ns3:hr>
            <ns3:cad>82</ns3:cad>
          </ns3:TrackPointExtension>
        </extensions>
      </trkpt>
      <trkpt lat="23.049860894680023193359375" lon="113.30153265036642551422119140625">
        <ele>5</ele>
        <time>2026-07-29T23:35:49.000Z</time>
        <extensions>
          <ns3:TrackPointExtension>
            <ns3:hr>133</ns3:hr>
            <ns3:cad>81</ns3:cad>
          </ns3:TrackPointExtension>
        </extensions>
      </trkpt>
      <trkpt lat="23.04983767680823802947998046875" lon="113.30153650604188442230224609375">
        <ele>5</ele>
        <time>2026-07-29T23:35:50.000Z</time>
        <extensions>
          <ns3:TrackPointExtension>
            <ns3:hr>133</ns3:hr>
            <ns3:cad>81</ns3:cad>
          </ns3:TrackPointExtension>
        </extensions>
      </trkpt>
      <trkpt lat="23.04981789551675319671630859375" lon="113.30152988433837890625">
        <ele>5.19999980926513671875</ele>
        <time>2026-07-29T23:35:51.000Z</time>
        <extensions>
          <ns3:TrackPointExtension>
            <ns3:hr>134</ns3:hr>
            <ns3:cad>81</ns3:cad>
          </ns3:TrackPointExtension>
        </extensions>
      </trkpt>
      <trkpt lat="23.04981018416583538055419921875" lon="113.30152259208261966705322265625">
        <ele>5.19999980926513671875</ele>
        <time>2026-07-29T23:35:52.000Z</time>
        <extensions>
          <ns3:TrackPointExtension>
            <ns3:hr>134</ns3:hr>
            <ns3:cad>81</ns3:cad>
          </ns3:TrackPointExtension>
        </extensions>
      </trkpt>
      <trkpt lat="23.04978855885565280914306640625" lon="113.30152108334004878997802734375">
        <ele>5.19999980926513671875</ele>
        <time>2026-07-29T23:35:53.000Z</time>
        <extensions>
          <ns3:TrackPointExtension>
            <ns3:hr>134</ns3:hr>
            <ns3:cad>81</ns3:cad>
          </ns3:TrackPointExtension>
        </extensions>
      </trkpt>
      <trkpt lat="23.049767352640628814697265625" lon="113.30151379108428955078125">
        <ele>5.19999980926513671875</ele>
        <time>2026-07-29T23:35:54.000Z</time>
        <extensions>
          <ns3:TrackPointExtension>
            <ns3:hr>135</ns3:hr>
            <ns3:cad>81</ns3:cad>
          </ns3:TrackPointExtension>
        </extensions>
      </trkpt>
      <trkpt lat="23.0497564561665058135986328125" lon="113.30151270143687725067138671875">
        <ele>5.19999980926513671875</ele>
        <time>2026-07-29T23:35:55.000Z</time>
        <extensions>
          <ns3:TrackPointExtension>
            <ns3:hr>135</ns3:hr>
            <ns3:cad>81</ns3:cad>
          </ns3:TrackPointExtension>
        </extensions>
      </trkpt>
      <trkpt lat="23.0497361719608306884765625" lon="113.3015099354088306427001953125">
        <ele>5.19999980926513671875</ele>
        <time>2026-07-29T23:35:56.000Z</time>
        <extensions>
          <ns3:TrackPointExtension>
            <ns3:hr>136</ns3:hr>
            <ns3:cad>81</ns3:cad>
          </ns3:TrackPointExtension>
        </extensions>
      </trkpt>
      <trkpt lat="23.0497142113745212554931640625" lon="113.30151555128395557403564453125">
        <ele>5</ele>
        <time>2026-07-29T23:35:57.000Z</time>
        <extensions>
          <ns3:TrackPointExtension>
            <ns3:hr>136</ns3:hr>
            <ns3:cad>81</ns3:cad>
          </ns3:TrackPointExtension>
        </extensions>
      </trkpt>
      <trkpt lat="23.04969652555882930755615234375" lon="113.30151907168328762054443359375">
        <ele>5</ele>
        <time>2026-07-29T23:35:58.000Z</time>
        <extensions>
          <ns3:TrackPointExtension>
            <ns3:hr>137</ns3:hr>
            <ns3:cad>81</ns3:cad>
          </ns3:TrackPointExtension>
        </extensions>
      </trkpt>
      <trkpt lat="23.04967037402093410491943359375" lon="113.301516473293304443359375">
        <ele>5</ele>
        <time>2026-07-29T23:35:59.000Z</time>
        <extensions>
          <ns3:TrackPointExtension>
            <ns3:hr>137</ns3:hr>
            <ns3:cad>80</ns3:cad>
          </ns3:TrackPointExtension>
        </extensions>
      </trkpt>
      <trkpt lat="23.049651347100734710693359375" lon="113.3015176467597484588623046875">
        <ele>4.80000019073486328125</ele>
        <time>2026-07-29T23:36:00.000Z</time>
        <extensions>
          <ns3:TrackPointExtension>
            <ns3:hr>136</ns3:hr>
            <ns3:cad>80</ns3:cad>
          </ns3:TrackPointExtension>
        </extensions>
      </trkpt>
      <trkpt lat="23.0496401153504848480224609375" lon="113.30151907168328762054443359375">
        <ele>4.80000019073486328125</ele>
        <time>2026-07-29T23:36:01.000Z</time>
        <extensions>
          <ns3:TrackPointExtension>
            <ns3:hr>136</ns3:hr>
            <ns3:cad>81</ns3:cad>
          </ns3:TrackPointExtension>
        </extensions>
      </trkpt>
      <trkpt lat="23.04961740039288997650146484375" lon="113.30151982605457305908203125">
        <ele>4.80000019073486328125</ele>
        <time>2026-07-29T23:36:02.000Z</time>
        <extensions>
          <ns3:TrackPointExtension>
            <ns3:hr>136</ns3:hr>
            <ns3:cad>81</ns3:cad>
          </ns3:TrackPointExtension>
        </extensions>
      </trkpt>
      <trkpt lat="23.04960164241492748260498046875" lon="113.30151907168328762054443359375">
        <ele>5</ele>
        <time>2026-07-29T23:36:03.000Z</time>
        <extensions>
          <ns3:TrackPointExtension>
            <ns3:hr>137</ns3:hr>
            <ns3:cad>81</ns3:cad>
          </ns3:TrackPointExtension>
        </extensions>
      </trkpt>
      <trkpt lat="23.04958521388471126556396484375" lon="113.30151940695941448211669921875">
        <ele>5</ele>
        <time>2026-07-29T23:36:04.000Z</time>
        <extensions>
          <ns3:TrackPointExtension>
            <ns3:hr>136</ns3:hr>
            <ns3:cad>81</ns3:cad>
          </ns3:TrackPointExtension>
        </extensions>
      </trkpt>
      <trkpt lat="23.049569539725780487060546875" lon="113.30152024514973163604736328125">
        <ele>5</ele>
        <time>2026-07-29T23:36:05.000Z</time>
        <extensions>
          <ns3:TrackPointExtension>
            <ns3:hr>136</ns3:hr>
            <ns3:cad>81</ns3:cad>
          </ns3:TrackPointExtension>
        </extensions>
      </trkpt>
      <trkpt lat="23.0495559610426425933837890625" lon="113.30152359791100025177001953125">
        <ele>5</ele>
        <time>2026-07-29T23:36:06.000Z</time>
        <extensions>
          <ns3:TrackPointExtension>
            <ns3:hr>137</ns3:hr>
            <ns3:cad>81</ns3:cad>
          </ns3:TrackPointExtension>
        </extensions>
      </trkpt>
      <trkpt lat="23.04954112507402896881103515625" lon="113.30152426846325397491455078125">
        <ele>5</ele>
        <time>2026-07-29T23:36:07.000Z</time>
        <extensions>
          <ns3:TrackPointExtension>
            <ns3:hr>136</ns3:hr>
            <ns3:cad>81</ns3:cad>
          </ns3:TrackPointExtension>
        </extensions>
      </trkpt>
      <trkpt lat="23.0495288036763668060302734375" lon="113.30152443610131740570068359375">
        <ele>5</ele>
        <time>2026-07-29T23:36:08.000Z</time>
        <extensions>
          <ns3:TrackPointExtension>
            <ns3:hr>136</ns3:hr>
            <ns3:cad>81</ns3:cad>
          </ns3:TrackPointExtension>
        </extensions>
      </trkpt>
      <trkpt lat="23.04951966740190982818603515625" lon="113.301525525748729705810546875">
        <ele>5.19999980926513671875</ele>
        <time>2026-07-29T23:36:09.000Z</time>
        <extensions>
          <ns3:TrackPointExtension>
            <ns3:hr>137</ns3:hr>
            <ns3:cad>81</ns3:cad>
          </ns3:TrackPointExtension>
        </extensions>
      </trkpt>
      <trkpt lat="23.0495096929371356964111328125" lon="113.30152921378612518310546875">
        <ele>5.19999980926513671875</ele>
        <time>2026-07-29T23:36:10.000Z</time>
        <extensions>
          <ns3:TrackPointExtension>
            <ns3:hr>136</ns3:hr>
            <ns3:cad>81</ns3:cad>
          </ns3:TrackPointExtension>
        </extensions>
      </trkpt>
      <trkpt lat="23.0494987964630126953125" lon="113.30153885297477245330810546875">
        <ele>5.400000095367431640625</ele>
        <time>2026-07-29T23:36:11.000Z</time>
        <extensions>
          <ns3:TrackPointExtension>
            <ns3:hr>136</ns3:hr>
            <ns3:cad>81</ns3:cad>
          </ns3:TrackPointExtension>
        </extensions>
      </trkpt>
      <trkpt lat="23.0494905821979045867919921875" lon="113.30154933035373687744140625">
        <ele>5.400000095367431640625</ele>
        <time>2026-07-29T23:36:12.000Z</time>
        <extensions>
          <ns3:TrackPointExtension>
            <ns3:hr>136</ns3:hr>
            <ns3:cad>81</ns3:cad>
          </ns3:TrackPointExtension>
        </extensions>
      </trkpt>
      <trkpt lat="23.04947826080024242401123046875" lon="113.301562406122684478759765625">
        <ele>5.19999980926513671875</ele>
        <time>2026-07-29T23:36:13.000Z</time>
        <extensions>
          <ns3:TrackPointExtension>
            <ns3:hr>136</ns3:hr>
            <ns3:cad>81</ns3:cad>
          </ns3:TrackPointExtension>
        </extensions>
      </trkpt>
      <trkpt lat="23.04946568794548511505126953125" lon="113.3015669323503971099853515625">
        <ele>5.19999980926513671875</ele>
        <time>2026-07-29T23:36:14.000Z</time>
        <extensions>
          <ns3:TrackPointExtension>
            <ns3:hr>136</ns3:hr>
            <ns3:cad>81</ns3:cad>
          </ns3:TrackPointExtension>
        </extensions>
      </trkpt>
      <trkpt lat="23.049455545842647552490234375" lon="113.301577158272266387939453125">
        <ele>5</ele>
        <time>2026-07-29T23:36:15.000Z</time>
        <extensions>
          <ns3:TrackPointExtension>
            <ns3:hr>137</ns3:hr>
            <ns3:cad>81</ns3:cad>
          </ns3:TrackPointExtension>
        </extensions>
      </trkpt>
      <trkpt lat="23.04943350143730640411376953125" lon="113.301581181585788726806640625">
        <ele>5</ele>
        <time>2026-07-29T23:36:16.000Z</time>
        <extensions>
          <ns3:TrackPointExtension>
            <ns3:hr>136</ns3:hr>
            <ns3:cad>81</ns3:cad>
          </ns3:TrackPointExtension>
        </extensions>
      </trkpt>
      <trkpt lat="23.04942411370575428009033203125" lon="113.30158847384154796600341796875">
        <ele>5</ele>
        <time>2026-07-29T23:36:17.000Z</time>
        <extensions>
          <ns3:TrackPointExtension>
            <ns3:hr>136</ns3:hr>
            <ns3:cad>81</ns3:cad>
          </ns3:TrackPointExtension>
        </extensions>
      </trkpt>
      <trkpt lat="23.0494020693004131317138671875" lon="113.3016001246869564056396484375">
        <ele>5</ele>
        <time>2026-07-29T23:36:18.000Z</time>
        <extensions>
          <ns3:TrackPointExtension>
            <ns3:hr>136</ns3:hr>
            <ns3:cad>81</ns3:cad>
          </ns3:TrackPointExtension>
        </extensions>
      </trkpt>
      <trkpt lat="23.04937734268605709075927734375" lon="113.3016111887991428375244140625">
        <ele>5</ele>
        <time>2026-07-29T23:36:19.000Z</time>
        <extensions>
          <ns3:TrackPointExtension>
            <ns3:hr>136</ns3:hr>
            <ns3:cad>81</ns3:cad>
          </ns3:TrackPointExtension>
        </extensions>
      </trkpt>
      <trkpt lat="23.0493621714413166046142578125" lon="113.30161730758845806121826171875">
        <ele>5</ele>
        <time>2026-07-29T23:36:20.000Z</time>
        <extensions>
          <ns3:TrackPointExtension>
            <ns3:hr>137</ns3:hr>
            <ns3:cad>82</ns3:cad>
          </ns3:TrackPointExtension>
        </extensions>
      </trkpt>
      <trkpt lat="23.0493445694446563720703125" lon="113.3016256056725978851318359375">
        <ele>5</ele>
        <time>2026-07-29T23:36:21.000Z</time>
        <extensions>
          <ns3:TrackPointExtension>
            <ns3:hr>136</ns3:hr>
            <ns3:cad>82</ns3:cad>
          </ns3:TrackPointExtension>
        </extensions>
      </trkpt>
      <trkpt lat="23.04932705126702785491943359375" lon="113.3016319759190082550048828125">
        <ele>5</ele>
        <time>2026-07-29T23:36:22.000Z</time>
        <extensions>
          <ns3:TrackPointExtension>
            <ns3:hr>136</ns3:hr>
            <ns3:cad>82</ns3:cad>
          </ns3:TrackPointExtension>
        </extensions>
      </trkpt>
      <trkpt lat="23.0493112094700336456298828125" lon="113.30163507722318172454833984375">
        <ele>5</ele>
        <time>2026-07-29T23:36:23.000Z</time>
        <extensions>
          <ns3:TrackPointExtension>
            <ns3:hr>136</ns3:hr>
            <ns3:cad>82</ns3:cad>
          </ns3:TrackPointExtension>
        </extensions>
      </trkpt>
      <trkpt lat="23.04928547702729701995849609375" lon="113.30164454877376556396484375">
        <ele>5</ele>
        <time>2026-07-29T23:36:24.000Z</time>
        <extensions>
          <ns3:TrackPointExtension>
            <ns3:hr>137</ns3:hr>
            <ns3:cad>82</ns3:cad>
          </ns3:TrackPointExtension>
        </extensions>
      </trkpt>
      <trkpt lat="23.04926737211644649505615234375" lon="113.30165016464889049530029296875">
        <ele>5</ele>
        <time>2026-07-29T23:36:25.000Z</time>
        <extensions>
          <ns3:TrackPointExtension>
            <ns3:hr>137</ns3:hr>
            <ns3:cad>82</ns3:cad>
          </ns3:TrackPointExtension>
        </extensions>
      </trkpt>
      <trkpt lat="23.0492515303194522857666015625" lon="113.30166064202785491943359375">
        <ele>5</ele>
        <time>2026-07-29T23:36:26.000Z</time>
        <extensions>
          <ns3:TrackPointExtension>
            <ns3:hr>137</ns3:hr>
            <ns3:cad>81</ns3:cad>
          </ns3:TrackPointExtension>
        </extensions>
      </trkpt>
      <trkpt lat="23.049231581389904022216796875" lon="113.30166776664555072784423828125">
        <ele>5</ele>
        <time>2026-07-29T23:36:27.000Z</time>
        <extensions>
          <ns3:TrackPointExtension>
            <ns3:hr>137</ns3:hr>
            <ns3:cad>81</ns3:cad>
          </ns3:TrackPointExtension>
        </extensions>
      </trkpt>
      <trkpt lat="23.049221523106098175048828125" lon="113.301677741110324859619140625">
        <ele>5</ele>
        <time>2026-07-29T23:36:28.000Z</time>
        <extensions>
          <ns3:TrackPointExtension>
            <ns3:hr>136</ns3:hr>
            <ns3:cad>81</ns3:cad>
          </ns3:TrackPointExtension>
        </extensions>
      </trkpt>
      <trkpt lat="23.04920484311878681182861328125" lon="113.3016866259276866912841796875">
        <ele>5</ele>
        <time>2026-07-29T23:36:29.000Z</time>
        <extensions>
          <ns3:TrackPointExtension>
            <ns3:hr>136</ns3:hr>
            <ns3:cad>81</ns3:cad>
          </ns3:TrackPointExtension>
        </extensions>
      </trkpt>
      <trkpt lat="23.049183972179889678955078125" lon="113.30168670974671840667724609375">
        <ele>5.19999980926513671875</ele>
        <time>2026-07-29T23:36:30.000Z</time>
        <extensions>
          <ns3:TrackPointExtension>
            <ns3:hr>136</ns3:hr>
            <ns3:cad>81</ns3:cad>
          </ns3:TrackPointExtension>
        </extensions>
      </trkpt>
      <trkpt lat="23.04916779510676860809326171875" lon="113.301692493259906768798828125">
        <ele>5.19999980926513671875</ele>
        <time>2026-07-29T23:36:31.000Z</time>
        <extensions>
          <ns3:TrackPointExtension>
            <ns3:hr>136</ns3:hr>
            <ns3:cad>81</ns3:cad>
          </ns3:TrackPointExtension>
        </extensions>
      </trkpt>
      <trkpt lat="23.04914298467338085174560546875" lon="113.3017017133533954620361328125">
        <ele>5.19999980926513671875</ele>
        <time>2026-07-29T23:36:32.000Z</time>
        <extensions>
          <ns3:TrackPointExtension>
            <ns3:hr>137</ns3:hr>
            <ns3:cad>81</ns3:cad>
          </ns3:TrackPointExtension>
        </extensions>
      </trkpt>
      <trkpt lat="23.04912119172513484954833984375" lon="113.3017013780772686004638671875">
        <ele>5.19999980926513671875</ele>
        <time>2026-07-29T23:36:33.000Z</time>
        <extensions>
          <ns3:TrackPointExtension>
            <ns3:hr>138</ns3:hr>
            <ns3:cad>81</ns3:cad>
          </ns3:TrackPointExtension>
        </extensions>
      </trkpt>
      <trkpt lat="23.04910526610910892486572265625" lon="113.30170934088528156280517578125">
        <ele>5.19999980926513671875</ele>
        <time>2026-07-29T23:36:34.000Z</time>
        <extensions>
          <ns3:TrackPointExtension>
            <ns3:hr>138</ns3:hr>
            <ns3:cad>81</ns3:cad>
          </ns3:TrackPointExtension>
        </extensions>
      </trkpt>
      <trkpt lat="23.04908095858991146087646484375" lon="113.30170984379947185516357421875">
        <ele>5.19999980926513671875</ele>
        <time>2026-07-29T23:36:35.000Z</time>
        <extensions>
          <ns3:TrackPointExtension>
            <ns3:hr>138</ns3:hr>
            <ns3:cad>81</ns3:cad>
          </ns3:TrackPointExtension>
        </extensions>
      </trkpt>
      <trkpt lat="23.04906536825001239776611328125" lon="113.30170758068561553955078125">
        <ele>5.19999980926513671875</ele>
        <time>2026-07-29T23:36:36.000Z</time>
        <extensions>
          <ns3:TrackPointExtension>
            <ns3:hr>138</ns3:hr>
            <ns3:cad>82</ns3:cad>
          </ns3:TrackPointExtension>
        </extensions>
      </trkpt>
      <trkpt lat="23.0490450002253055572509765625" lon="113.301706574857234954833984375">
        <ele>5.19999980926513671875</ele>
        <time>2026-07-29T23:36:37.000Z</time>
        <extensions>
          <ns3:TrackPointExtension>
            <ns3:hr>138</ns3:hr>
            <ns3:cad>82</ns3:cad>
          </ns3:TrackPointExtension>
        </extensions>
      </trkpt>
      <trkpt lat="23.04902471601963043212890625" lon="113.30170330591499805450439453125">
        <ele>5</ele>
        <time>2026-07-29T23:36:38.000Z</time>
        <extensions>
          <ns3:TrackPointExtension>
            <ns3:hr>138</ns3:hr>
            <ns3:cad>82</ns3:cad>
          </ns3:TrackPointExtension>
        </extensions>
      </trkpt>
      <trkpt lat="23.04901071824133396148681640625" lon="113.30170623958110809326171875">
        <ele>5</ele>
        <time>2026-07-29T23:36:39.000Z</time>
        <extensions>
          <ns3:TrackPointExtension>
            <ns3:hr>138</ns3:hr>
            <ns3:cad>82</ns3:cad>
          </ns3:TrackPointExtension>
        </extensions>
      </trkpt>
      <trkpt lat="23.04898339323699474334716796875" lon="113.30170548520982265472412109375">
        <ele>5</ele>
        <time>2026-07-29T23:36:40.000Z</time>
        <extensions>
          <ns3:TrackPointExtension>
            <ns3:hr>138</ns3:hr>
            <ns3:cad>82</ns3:cad>
          </ns3:TrackPointExtension>
        </extensions>
      </trkpt>
      <trkpt lat="23.0489663779735565185546875" lon="113.3016997016966342926025390625">
        <ele>5</ele>
        <time>2026-07-29T23:36:41.000Z</time>
        <extensions>
          <ns3:TrackPointExtension>
            <ns3:hr>138</ns3:hr>
            <ns3:cad>82</ns3:cad>
          </ns3:TrackPointExtension>
        </extensions>
      </trkpt>
      <trkpt lat="23.04894718341529369354248046875" lon="113.30169877968728542327880859375">
        <ele>5</ele>
        <time>2026-07-29T23:36:42.000Z</time>
        <extensions>
          <ns3:TrackPointExtension>
            <ns3:hr>138</ns3:hr>
            <ns3:cad>82</ns3:cad>
          </ns3:TrackPointExtension>
        </extensions>
      </trkpt>
      <trkpt lat="23.04892170242965221405029296875" lon="113.30168570391833782196044921875">
        <ele>5</ele>
        <time>2026-07-29T23:36:43.000Z</time>
        <extensions>
          <ns3:TrackPointExtension>
            <ns3:hr>137</ns3:hr>
            <ns3:cad>82</ns3:cad>
          </ns3:TrackPointExtension>
        </extensions>
      </trkpt>
      <trkpt lat="23.048908375203609466552734375" lon="113.3016792498528957366943359375">
        <ele>5</ele>
        <time>2026-07-29T23:36:44.000Z</time>
        <extensions>
          <ns3:TrackPointExtension>
            <ns3:hr>137</ns3:hr>
            <ns3:cad>82</ns3:cad>
          </ns3:TrackPointExtension>
        </extensions>
      </trkpt>
      <trkpt lat="23.0488890968263149261474609375" lon="113.3016678504645824432373046875">
        <ele>5</ele>
        <time>2026-07-29T23:36:45.000Z</time>
        <extensions>
          <ns3:TrackPointExtension>
            <ns3:hr>137</ns3:hr>
            <ns3:cad>82</ns3:cad>
          </ns3:TrackPointExtension>
        </extensions>
      </trkpt>
      <trkpt lat="23.04887023754417896270751953125" lon="113.30164454877376556396484375">
        <ele>5</ele>
        <time>2026-07-29T23:36:46.000Z</time>
        <extensions>
          <ns3:TrackPointExtension>
            <ns3:hr>137</ns3:hr>
            <ns3:cad>82</ns3:cad>
          </ns3:TrackPointExtension>
        </extensions>
      </trkpt>
      <trkpt lat="23.0488589219748973846435546875" lon="113.30163222737610340118408203125">
        <ele>5</ele>
        <time>2026-07-29T23:36:47.000Z</time>
        <extensions>
          <ns3:TrackPointExtension>
            <ns3:hr>137</ns3:hr>
            <ns3:cad>82</ns3:cad>
          </ns3:TrackPointExtension>
        </extensions>
      </trkpt>
      <trkpt lat="23.048844002187252044677734375" lon="113.30160565674304962158203125">
        <ele>5</ele>
        <time>2026-07-29T23:36:48.000Z</time>
        <extensions>
          <ns3:TrackPointExtension>
            <ns3:hr>137</ns3:hr>
            <ns3:cad>82</ns3:cad>
          </ns3:TrackPointExtension>
        </extensions>
      </trkpt>
      <trkpt lat="23.048841655254364013671875" lon="113.30158696509897708892822265625">
        <ele>5</ele>
        <time>2026-07-29T23:36:49.000Z</time>
        <extensions>
          <ns3:TrackPointExtension>
            <ns3:hr>137</ns3:hr>
            <ns3:cad>82</ns3:cad>
          </ns3:TrackPointExtension>
        </extensions>
      </trkpt>
      <trkpt lat="23.0488361231982707977294921875" lon="113.3015699498355388641357421875">
        <ele>5</ele>
        <time>2026-07-29T23:36:50.000Z</time>
        <extensions>
          <ns3:TrackPointExtension>
            <ns3:hr>136</ns3:hr>
            <ns3:cad>82</ns3:cad>
          </ns3:TrackPointExtension>
        </extensions>
      </trkpt>
      <trkpt lat="23.04883587174117565155029296875" lon="113.3015458099544048309326171875">
        <ele>5</ele>
        <time>2026-07-29T23:36:51.000Z</time>
        <extensions>
          <ns3:TrackPointExtension>
            <ns3:hr>136</ns3:hr>
            <ns3:cad>82</ns3:cad>
          </ns3:TrackPointExtension>
        </extensions>
      </trkpt>
      <trkpt lat="23.04883469827473163604736328125" lon="113.30152594484388828277587890625">
        <ele>4.80000019073486328125</ele>
        <time>2026-07-29T23:36:52.000Z</time>
        <extensions>
          <ns3:TrackPointExtension>
            <ns3:hr>135</ns3:hr>
            <ns3:cad>82</ns3:cad>
          </ns3:TrackPointExtension>
        </extensions>
      </trkpt>
      <trkpt lat="23.04882883094251155853271484375" lon="113.30150599591434001922607421875">
        <ele>4.80000019073486328125</ele>
        <time>2026-07-29T23:36:53.000Z</time>
        <extensions>
          <ns3:TrackPointExtension>
            <ns3:hr>134</ns3:hr>
            <ns3:cad>82</ns3:cad>
          </ns3:TrackPointExtension>
        </extensions>
      </trkpt>
      <trkpt lat="23.04882598109543323516845703125" lon="113.301480598747730255126953125">
        <ele>4.80000019073486328125</ele>
        <time>2026-07-29T23:36:54.000Z</time>
        <extensions>
          <ns3:TrackPointExtension>
            <ns3:hr>133</ns3:hr>
            <ns3:cad>82</ns3:cad>
          </ns3:TrackPointExtension>
        </extensions>
      </trkpt>
      <trkpt lat="23.048818521201610565185546875" lon="113.30146777443587779998779296875">
        <ele>4.80000019073486328125</ele>
        <time>2026-07-29T23:36:55.000Z</time>
        <extensions>
          <ns3:TrackPointExtension>
            <ns3:hr>133</ns3:hr>
            <ns3:cad>82</ns3:cad>
          </ns3:TrackPointExtension>
        </extensions>
      </trkpt>
      <trkpt lat="23.04880854673683643341064453125" lon="113.30144816078245639801025390625">
        <ele>4.80000019073486328125</ele>
        <time>2026-07-29T23:36:56.000Z</time>
        <extensions>
          <ns3:TrackPointExtension>
            <ns3:hr>133</ns3:hr>
            <ns3:cad>82</ns3:cad>
          </ns3:TrackPointExtension>
        </extensions>
      </trkpt>
      <trkpt lat="23.04879731498658657073974609375" lon="113.30143039114773273468017578125">
        <ele>4.80000019073486328125</ele>
        <time>2026-07-29T23:36:57.000Z</time>
        <extensions>
          <ns3:TrackPointExtension>
            <ns3:hr>133</ns3:hr>
            <ns3:cad>82</ns3:cad>
          </ns3:TrackPointExtension>
        </extensions>
      </trkpt>
      <trkpt lat="23.0487838201224803924560546875" lon="113.301418907940387725830078125">
        <ele>4.599999904632568359375</ele>
        <time>2026-07-29T23:36:58.000Z</time>
        <extensions>
          <ns3:TrackPointExtension>
            <ns3:hr>134</ns3:hr>
            <ns3:cad>82</ns3:cad>
          </ns3:TrackPointExtension>
        </extensions>
      </trkpt>
      <trkpt lat="23.0487670563161373138427734375" lon="113.30140222795307636260986328125">
        <ele>4.599999904632568359375</ele>
        <time>2026-07-29T23:36:59.000Z</time>
        <extensions>
          <ns3:TrackPointExtension>
            <ns3:hr>133</ns3:hr>
            <ns3:cad>82</ns3:cad>
          </ns3:TrackPointExtension>
        </extensions>
      </trkpt>
      <trkpt lat="23.048752807080745697021484375" lon="113.3013925887644290924072265625">
        <ele>4.599999904632568359375</ele>
        <time>2026-07-29T23:37:00.000Z</time>
        <extensions>
          <ns3:TrackPointExtension>
            <ns3:hr>133</ns3:hr>
            <ns3:cad>82</ns3:cad>
          </ns3:TrackPointExtension>
        </extensions>
      </trkpt>
      <trkpt lat="23.04873394779860973358154296875" lon="113.30137875862419605255126953125">
        <ele>4.80000019073486328125</ele>
        <time>2026-07-29T23:37:01.000Z</time>
        <extensions>
          <ns3:TrackPointExtension>
            <ns3:hr>132</ns3:hr>
            <ns3:cad>82</ns3:cad>
          </ns3:TrackPointExtension>
        </extensions>
      </trkpt>
      <trkpt lat="23.04871768690645694732666015625" lon="113.3013650961220264434814453125">
        <ele>4.80000019073486328125</ele>
        <time>2026-07-29T23:37:02.000Z</time>
        <extensions>
          <ns3:TrackPointExtension>
            <ns3:hr>132</ns3:hr>
            <ns3:cad>82</ns3:cad>
          </ns3:TrackPointExtension>
        </extensions>
      </trkpt>
      <trkpt lat="23.04869891144335269927978515625" lon="113.30136233009397983551025390625">
        <ele>4.599999904632568359375</ele>
        <time>2026-07-29T23:37:03.000Z</time>
        <extensions>
          <ns3:TrackPointExtension>
            <ns3:hr>132</ns3:hr>
            <ns3:cad>83</ns3:cad>
          </ns3:TrackPointExtension>
        </extensions>
      </trkpt>
      <trkpt lat="23.04868382401764392852783203125" lon="113.30135218799114227294921875">
        <ele>4.599999904632568359375</ele>
        <time>2026-07-29T23:37:04.000Z</time>
        <extensions>
          <ns3:TrackPointExtension>
            <ns3:hr>132</ns3:hr>
            <ns3:cad>83</ns3:cad>
          </ns3:TrackPointExtension>
        </extensions>
      </trkpt>
      <trkpt lat="23.04866689257323741912841796875" lon="113.30134556628763675689697265625">
        <ele>4.599999904632568359375</ele>
        <time>2026-07-29T23:37:05.000Z</time>
        <extensions>
          <ns3:TrackPointExtension>
            <ns3:hr>132</ns3:hr>
            <ns3:cad>83</ns3:cad>
          </ns3:TrackPointExtension>
        </extensions>
      </trkpt>
      <trkpt lat="23.04864727891981601715087890625" lon="113.30134556628763675689697265625">
        <ele>4.599999904632568359375</ele>
        <time>2026-07-29T23:37:06.000Z</time>
        <extensions>
          <ns3:TrackPointExtension>
            <ns3:hr>132</ns3:hr>
            <ns3:cad>83</ns3:cad>
          </ns3:TrackPointExtension>
        </extensions>
      </trkpt>
      <trkpt lat="23.048628084361553192138671875" lon="113.3013345859944820404052734375">
        <ele>4.80000019073486328125</ele>
        <time>2026-07-29T23:37:07.000Z</time>
        <extensions>
          <ns3:TrackPointExtension>
            <ns3:hr>132</ns3:hr>
            <ns3:cad>83</ns3:cad>
          </ns3:TrackPointExtension>
        </extensions>
      </trkpt>
      <trkpt lat="23.04861509241163730621337890625" lon="113.301336765289306640625">
        <ele>4.80000019073486328125</ele>
        <time>2026-07-29T23:37:08.000Z</time>
        <extensions>
          <ns3:TrackPointExtension>
            <ns3:hr>131</ns3:hr>
            <ns3:cad>83</ns3:cad>
          </ns3:TrackPointExtension>
        </extensions>
      </trkpt>
      <trkpt lat="23.04859983734786510467529296875" lon="113.3013362623751163482666015625">
        <ele>4.80000019073486328125</ele>
        <time>2026-07-29T23:37:09.000Z</time>
        <extensions>
          <ns3:TrackPointExtension>
            <ns3:hr>132</ns3:hr>
            <ns3:cad>83</ns3:cad>
          </ns3:TrackPointExtension>
        </extensions>
      </trkpt>
      <trkpt lat="23.04857988841831684112548828125" lon="113.30133282579481601715087890625">
        <ele>4.80000019073486328125</ele>
        <time>2026-07-29T23:37:10.000Z</time>
        <extensions>
          <ns3:TrackPointExtension>
            <ns3:hr>132</ns3:hr>
            <ns3:cad>83</ns3:cad>
          </ns3:TrackPointExtension>
        </extensions>
      </trkpt>
      <trkpt lat="23.04856463335454463958740234375" lon="113.30133098177611827850341796875">
        <ele>4.599999904632568359375</ele>
        <time>2026-07-29T23:37:11.000Z</time>
        <extensions>
          <ns3:TrackPointExtension>
            <ns3:hr>132</ns3:hr>
            <ns3:cad>83</ns3:cad>
          </ns3:TrackPointExtension>
        </extensions>
      </trkpt>
      <trkpt lat="23.0485452711582183837890625" lon="113.3013312332332134246826171875">
        <ele>4.599999904632568359375</ele>
        <time>2026-07-29T23:37:12.000Z</time>
        <extensions>
          <ns3:TrackPointExtension>
            <ns3:hr>132</ns3:hr>
            <ns3:cad>83</ns3:cad>
          </ns3:TrackPointExtension>
        </extensions>
      </trkpt>
      <trkpt lat="23.04852574132382869720458984375" lon="113.301323018968105316162109375">
        <ele>4.599999904632568359375</ele>
        <time>2026-07-29T23:37:13.000Z</time>
        <extensions>
          <ns3:TrackPointExtension>
            <ns3:hr>132</ns3:hr>
            <ns3:cad>83</ns3:cad>
          </ns3:TrackPointExtension>
        </extensions>
      </trkpt>
      <trkpt lat="23.0485105700790882110595703125" lon="113.3013151399791240692138671875">
        <ele>4.80000019073486328125</ele>
        <time>2026-07-29T23:37:14.000Z</time>
        <extensions>
          <ns3:TrackPointExtension>
            <ns3:hr>132</ns3:hr>
            <ns3:cad>83</ns3:cad>
          </ns3:TrackPointExtension>
        </extensions>
      </trkpt>
      <trkpt lat="23.0484894476830959320068359375" lon="113.301313631236553192138671875">
        <ele>4.599999904632568359375</ele>
        <time>2026-07-29T23:37:15.000Z</time>
        <extensions>
          <ns3:TrackPointExtension>
            <ns3:hr>131</ns3:hr>
            <ns3:cad>82</ns3:cad>
          </ns3:TrackPointExtension>
        </extensions>
      </trkpt>
      <trkpt lat="23.04847218096256256103515625" lon="113.3013107813894748687744140625">
        <ele>4.599999904632568359375</ele>
        <time>2026-07-29T23:37:16.000Z</time>
        <extensions>
          <ns3:TrackPointExtension>
            <ns3:hr>132</ns3:hr>
            <ns3:cad>82</ns3:cad>
          </ns3:TrackPointExtension>
        </extensions>
      </trkpt>
      <trkpt lat="23.0484582670032978057861328125" lon="113.3013124577701091766357421875">
        <ele>4.599999904632568359375</ele>
        <time>2026-07-29T23:37:17.000Z</time>
        <extensions>
          <ns3:TrackPointExtension>
            <ns3:hr>132</ns3:hr>
            <ns3:cad>82</ns3:cad>
          </ns3:TrackPointExtension>
        </extensions>
      </trkpt>
      <trkpt lat="23.04843521676957607269287109375" lon="113.3013087697327136993408203125">
        <ele>4.599999904632568359375</ele>
        <time>2026-07-29T23:37:18.000Z</time>
        <extensions>
          <ns3:TrackPointExtension>
            <ns3:hr>132</ns3:hr>
            <ns3:cad>82</ns3:cad>
          </ns3:TrackPointExtension>
        </extensions>
      </trkpt>
      <trkpt lat="23.0484218895435333251953125" lon="113.30130524933338165283203125">
        <ele>4.599999904632568359375</ele>
        <time>2026-07-29T23:37:19.000Z</time>
        <extensions>
          <ns3:TrackPointExtension>
            <ns3:hr>132</ns3:hr>
            <ns3:cad>81</ns3:cad>
          </ns3:TrackPointExtension>
        </extensions>
      </trkpt>
      <trkpt lat="23.04840453900396823883056640625" lon="113.3013003878295421600341796875">
        <ele>4.599999904632568359375</ele>
        <time>2026-07-29T23:37:20.000Z</time>
        <extensions>
          <ns3:TrackPointExtension>
            <ns3:hr>132</ns3:hr>
            <ns3:cad>81</ns3:cad>
          </ns3:TrackPointExtension>
        </extensions>
      </trkpt>
      <trkpt lat="23.048379980027675628662109375" lon="113.301286809146404266357421875">
        <ele>4.599999904632568359375</ele>
        <time>2026-07-29T23:37:21.000Z</time>
        <extensions>
          <ns3:TrackPointExtension>
            <ns3:hr>132</ns3:hr>
            <ns3:cad>82</ns3:cad>
          </ns3:TrackPointExtension>
        </extensions>
      </trkpt>
      <trkpt lat="23.04836983792483806610107421875" lon="113.30128320492804050445556640625">
        <ele>4.80000019073486328125</ele>
        <time>2026-07-29T23:37:22.000Z</time>
        <extensions>
          <ns3:TrackPointExtension>
            <ns3:hr>132</ns3:hr>
            <ns3:cad>82</ns3:cad>
          </ns3:TrackPointExtension>
        </extensions>
      </trkpt>
      <trkpt lat="23.04834687151014804840087890625" lon="113.30127867870032787322998046875">
        <ele>4.80000019073486328125</ele>
        <time>2026-07-29T23:37:23.000Z</time>
        <extensions>
          <ns3:TrackPointExtension>
            <ns3:hr>133</ns3:hr>
            <ns3:cad>82</ns3:cad>
          </ns3:TrackPointExtension>
        </extensions>
      </trkpt>
      <trkpt lat="23.04833195172250270843505859375" lon="113.3012785948812961578369140625">
        <ele>4.80000019073486328125</ele>
        <time>2026-07-29T23:37:24.000Z</time>
        <extensions>
          <ns3:TrackPointExtension>
            <ns3:hr>133</ns3:hr>
            <ns3:cad>82</ns3:cad>
          </ns3:TrackPointExtension>
        </extensions>
      </trkpt>
      <trkpt lat="23.04831300862133502960205078125" lon="113.301276080310344696044921875">
        <ele>4.80000019073486328125</ele>
        <time>2026-07-29T23:37:25.000Z</time>
        <extensions>
          <ns3:TrackPointExtension>
            <ns3:hr>133</ns3:hr>
            <ns3:cad>82</ns3:cad>
          </ns3:TrackPointExtension>
        </extensions>
      </trkpt>
      <trkpt lat="23.0482929758727550506591796875" lon="113.3012675307691097259521484375">
        <ele>4.80000019073486328125</ele>
        <time>2026-07-29T23:37:26.000Z</time>
        <extensions>
          <ns3:TrackPointExtension>
            <ns3:hr>133</ns3:hr>
            <ns3:cad>82</ns3:cad>
          </ns3:TrackPointExtension>
        </extensions>
      </trkpt>
      <trkpt lat="23.04827906191349029541015625" lon="113.30126593820750713348388671875">
        <ele>4.80000019073486328125</ele>
        <time>2026-07-29T23:37:27.000Z</time>
        <extensions>
          <ns3:TrackPointExtension>
            <ns3:hr>133</ns3:hr>
            <ns3:cad>81</ns3:cad>
          </ns3:TrackPointExtension>
        </extensions>
      </trkpt>
      <trkpt lat="23.0482564307749271392822265625" lon="113.3012665249407291412353515625">
        <ele>4.80000019073486328125</ele>
        <time>2026-07-29T23:37:28.000Z</time>
        <extensions>
          <ns3:TrackPointExtension>
            <ns3:hr>133</ns3:hr>
            <ns3:cad>81</ns3:cad>
          </ns3:TrackPointExtension>
        </extensions>
      </trkpt>
      <trkpt lat="23.04823371581733226776123046875" lon="113.3012665249407291412353515625">
        <ele>4.80000019073486328125</ele>
        <time>2026-07-29T23:37:29.000Z</time>
        <extensions>
          <ns3:TrackPointExtension>
            <ns3:hr>132</ns3:hr>
            <ns3:cad>82</ns3:cad>
          </ns3:TrackPointExtension>
        </extensions>
      </trkpt>
      <trkpt lat="23.04821695201098918914794921875" lon="113.301266692578792572021484375">
        <ele>4.80000019073486328125</ele>
        <time>2026-07-29T23:37:30.000Z</time>
        <extensions>
          <ns3:TrackPointExtension>
            <ns3:hr>133</ns3:hr>
            <ns3:cad>82</ns3:cad>
          </ns3:TrackPointExtension>
        </extensions>
      </trkpt>
      <trkpt lat="23.04819666780531406402587890625" lon="113.30126593820750713348388671875">
        <ele>4.80000019073486328125</ele>
        <time>2026-07-29T23:37:31.000Z</time>
        <extensions>
          <ns3:TrackPointExtension>
            <ns3:hr>133</ns3:hr>
            <ns3:cad>82</ns3:cad>
          </ns3:TrackPointExtension>
        </extensions>
      </trkpt>
      <trkpt lat="23.048181831836700439453125" lon="113.30126476474106311798095703125">
        <ele>4.80000019073486328125</ele>
        <time>2026-07-29T23:37:32.000Z</time>
        <extensions>
          <ns3:TrackPointExtension>
            <ns3:hr>133</ns3:hr>
            <ns3:cad>82</ns3:cad>
          </ns3:TrackPointExtension>
        </extensions>
      </trkpt>
      <trkpt lat="23.0481662414968013763427734375" lon="113.30126459710299968719482421875">
        <ele>4.80000019073486328125</ele>
        <time>2026-07-29T23:37:33.000Z</time>
        <extensions>
          <ns3:TrackPointExtension>
            <ns3:hr>133</ns3:hr>
            <ns3:cad>82</ns3:cad>
          </ns3:TrackPointExtension>
        </extensions>
      </trkpt>
      <trkpt lat="23.0481471307575702667236328125" lon="113.30125990323722362518310546875">
        <ele>4.80000019073486328125</ele>
        <time>2026-07-29T23:37:34.000Z</time>
        <extensions>
          <ns3:TrackPointExtension>
            <ns3:hr>133</ns3:hr>
            <ns3:cad>82</ns3:cad>
          </ns3:TrackPointExtension>
        </extensions>
      </trkpt>
      <trkpt lat="23.04813028313219547271728515625" lon="113.3012581430375576019287109375">
        <ele>4.80000019073486328125</ele>
        <time>2026-07-29T23:37:35.000Z</time>
        <extensions>
          <ns3:TrackPointExtension>
            <ns3:hr>133</ns3:hr>
            <ns3:cad>82</ns3:cad>
          </ns3:TrackPointExtension>
        </extensions>
      </trkpt>
      <trkpt lat="23.04811251349747180938720703125" lon="113.30125738866627216339111328125">
        <ele>4.80000019073486328125</ele>
        <time>2026-07-29T23:37:36.000Z</time>
        <extensions>
          <ns3:TrackPointExtension>
            <ns3:hr>133</ns3:hr>
            <ns3:cad>83</ns3:cad>
          </ns3:TrackPointExtension>
        </extensions>
      </trkpt>
      <trkpt lat="23.0480931513011455535888671875" lon="113.301255293190479278564453125">
        <ele>4.80000019073486328125</ele>
        <time>2026-07-29T23:37:37.000Z</time>
        <extensions>
          <ns3:TrackPointExtension>
            <ns3:hr>134</ns3:hr>
            <ns3:cad>83</ns3:cad>
          </ns3:TrackPointExtension>
        </extensions>
      </trkpt>
      <trkpt lat="23.04807831533253192901611328125" lon="113.30124598927795886993408203125">
        <ele>5</ele>
        <time>2026-07-29T23:37:38.000Z</time>
        <extensions>
          <ns3:TrackPointExtension>
            <ns3:hr>133</ns3:hr>
            <ns3:cad>83</ns3:cad>
          </ns3:TrackPointExtension>
        </extensions>
      </trkpt>
      <trkpt lat="23.0480552650988101959228515625" lon="113.3012380264699459075927734375">
        <ele>5</ele>
        <time>2026-07-29T23:37:39.000Z</time>
        <extensions>
          <ns3:TrackPointExtension>
            <ns3:hr>133</ns3:hr>
            <ns3:cad>83</ns3:cad>
          </ns3:TrackPointExtension>
        </extensions>
      </trkpt>
      <trkpt lat="23.0480371601879596710205078125" lon="113.3012380264699459075927734375">
        <ele>5</ele>
        <time>2026-07-29T23:37:40.000Z</time>
        <extensions>
          <ns3:TrackPointExtension>
            <ns3:hr>134</ns3:hr>
            <ns3:cad>82</ns3:cad>
          </ns3:TrackPointExtension>
        </extensions>
      </trkpt>
      <trkpt lat="23.04801964201033115386962890625" lon="113.30124716274440288543701171875">
        <ele>5</ele>
        <time>2026-07-29T23:37:41.000Z</time>
        <extensions>
          <ns3:TrackPointExtension>
            <ns3:hr>133</ns3:hr>
            <ns3:cad>82</ns3:cad>
          </ns3:TrackPointExtension>
        </extensions>
      </trkpt>
      <trkpt lat="23.0479922331869602203369140625" lon="113.301259316504001617431640625">
        <ele>5</ele>
        <time>2026-07-29T23:37:42.000Z</time>
        <extensions>
          <ns3:TrackPointExtension>
            <ns3:hr>133</ns3:hr>
            <ns3:cad>82</ns3:cad>
          </ns3:TrackPointExtension>
        </extensions>
      </trkpt>
      <trkpt lat="23.04797136224806308746337890625" lon="113.30126702785491943359375">
        <ele>4.80000019073486328125</ele>
        <time>2026-07-29T23:37:43.000Z</time>
        <extensions>
          <ns3:TrackPointExtension>
            <ns3:hr>134</ns3:hr>
            <ns3:cad>82</ns3:cad>
          </ns3:TrackPointExtension>
        </extensions>
      </trkpt>
      <trkpt lat="23.04795208387076854705810546875" lon="113.30127683468163013458251953125">
        <ele>5</ele>
        <time>2026-07-29T23:37:44.000Z</time>
        <extensions>
          <ns3:TrackPointExtension>
            <ns3:hr>133</ns3:hr>
            <ns3:cad>83</ns3:cad>
          </ns3:TrackPointExtension>
        </extensions>
      </trkpt>
      <trkpt lat="23.047933392226696014404296875" lon="113.3012859709560871124267578125">
        <ele>5</ele>
        <time>2026-07-29T23:37:45.000Z</time>
        <extensions>
          <ns3:TrackPointExtension>
            <ns3:hr>133</ns3:hr>
            <ns3:cad>83</ns3:cad>
          </ns3:TrackPointExtension>
        </extensions>
      </trkpt>
      <trkpt lat="23.047922663390636444091796875" lon="113.30129049718379974365234375">
        <ele>4.80000019073486328125</ele>
        <time>2026-07-29T23:37:46.000Z</time>
        <extensions>
          <ns3:TrackPointExtension>
            <ns3:hr>134</ns3:hr>
            <ns3:cad>83</ns3:cad>
          </ns3:TrackPointExtension>
        </extensions>
      </trkpt>
      <trkpt lat="23.047902882099151611328125" lon="113.30130332149565219879150390625">
        <ele>4.80000019073486328125</ele>
        <time>2026-07-29T23:37:47.000Z</time>
        <extensions>
          <ns3:TrackPointExtension>
            <ns3:hr>133</ns3:hr>
            <ns3:cad>82</ns3:cad>
          </ns3:TrackPointExtension>
        </extensions>
      </trkpt>
      <trkpt lat="23.04789223708212375640869140625" lon="113.30131371505558490753173828125">
        <ele>5</ele>
        <time>2026-07-29T23:37:48.000Z</time>
        <extensions>
          <ns3:TrackPointExtension>
            <ns3:hr>133</ns3:hr>
            <ns3:cad>82</ns3:cad>
          </ns3:TrackPointExtension>
        </extensions>
      </trkpt>
      <trkpt lat="23.0478879623115062713623046875" lon="113.30132293514907360076904296875">
        <ele>5</ele>
        <time>2026-07-29T23:37:49.000Z</time>
        <extensions>
          <ns3:TrackPointExtension>
            <ns3:hr>134</ns3:hr>
            <ns3:cad>82</ns3:cad>
          </ns3:TrackPointExtension>
        </extensions>
      </trkpt>
      <trkpt lat="23.04788385517895221710205078125" lon="113.3013273775577545166015625">
        <ele>5</ele>
        <time>2026-07-29T23:37:50.000Z</time>
        <extensions>
          <ns3:TrackPointExtension>
            <ns3:hr>133</ns3:hr>
            <ns3:cad>82</ns3:cad>
          </ns3:TrackPointExtension>
        </extensions>
      </trkpt>
      <trkpt lat="23.04787564091384410858154296875" lon="113.301337100565433502197265625">
        <ele>5</ele>
        <time>2026-07-29T23:37:51.000Z</time>
        <extensions>
          <ns3:TrackPointExtension>
            <ns3:hr>133</ns3:hr>
            <ns3:cad>82</ns3:cad>
          </ns3:TrackPointExtension>
        </extensions>
      </trkpt>
      <trkpt lat="23.04786524735391139984130859375" lon="113.30135193653404712677001953125">
        <ele>5.19999980926513671875</ele>
        <time>2026-07-29T23:37:52.000Z</time>
        <extensions>
          <ns3:TrackPointExtension>
            <ns3:hr>134</ns3:hr>
            <ns3:cad>82</ns3:cad>
          </ns3:TrackPointExtension>
        </extensions>
      </trkpt>
      <trkpt lat="23.0478577874600887298583984375" lon="113.3013654313981533050537109375">
        <ele>5</ele>
        <time>2026-07-29T23:37:53.000Z</time>
        <extensions>
          <ns3:TrackPointExtension>
            <ns3:hr>133</ns3:hr>
            <ns3:cad>82</ns3:cad>
          </ns3:TrackPointExtension>
        </extensions>
      </trkpt>
      <trkpt lat="23.04785485379397869110107421875" lon="113.30137674696743488311767578125">
        <ele>5.19999980926513671875</ele>
        <time>2026-07-29T23:37:54.000Z</time>
        <extensions>
          <ns3:TrackPointExtension>
            <ns3:hr>133</ns3:hr>
            <ns3:cad>81</ns3:cad>
          </ns3:TrackPointExtension>
        </extensions>
      </trkpt>
      <trkpt lat="23.04785502143204212188720703125" lon="113.301401473581790924072265625">
        <ele>5.19999980926513671875</ele>
        <time>2026-07-29T23:37:55.000Z</time>
        <extensions>
          <ns3:TrackPointExtension>
            <ns3:hr>134</ns3:hr>
            <ns3:cad>81</ns3:cad>
          </ns3:TrackPointExtension>
        </extensions>
      </trkpt>
      <trkpt lat="23.04785259068012237548828125" lon="113.30141563899815082550048828125">
        <ele>5.400000095367431640625</ele>
        <time>2026-07-29T23:37:56.000Z</time>
        <extensions>
          <ns3:TrackPointExtension>
            <ns3:hr>133</ns3:hr>
            <ns3:cad>81</ns3:cad>
          </ns3:TrackPointExtension>
        </extensions>
      </trkpt>
      <trkpt lat="23.04785334505140781402587890625" lon="113.3014331571757793426513671875">
        <ele>5.400000095367431640625</ele>
        <time>2026-07-29T23:37:57.000Z</time>
        <extensions>
          <ns3:TrackPointExtension>
            <ns3:hr>133</ns3:hr>
            <ns3:cad>81</ns3:cad>
          </ns3:TrackPointExtension>
        </extensions>
      </trkpt>
      <trkpt lat="23.047838173806667327880859375" lon="113.30146090127527713775634765625">
        <ele>5.400000095367431640625</ele>
        <time>2026-07-29T23:37:58.000Z</time>
        <extensions>
          <ns3:TrackPointExtension>
            <ns3:hr>134</ns3:hr>
            <ns3:cad>81</ns3:cad>
          </ns3:TrackPointExtension>
        </extensions>
      </trkpt>
      <trkpt lat="23.04783239029347896575927734375" lon="113.301477245986461639404296875">
        <ele>5.400000095367431640625</ele>
        <time>2026-07-29T23:37:59.000Z</time>
        <extensions>
          <ns3:TrackPointExtension>
            <ns3:hr>133</ns3:hr>
            <ns3:cad>81</ns3:cad>
          </ns3:TrackPointExtension>
        </extensions>
      </trkpt>
      <trkpt lat="23.0478291213512420654296875" lon="113.301501385867595672607421875">
        <ele>5.400000095367431640625</ele>
        <time>2026-07-29T23:38:00.000Z</time>
        <extensions>
          <ns3:TrackPointExtension>
            <ns3:hr>133</ns3:hr>
            <ns3:cad>81</ns3:cad>
          </ns3:TrackPointExtension>
        </extensions>
      </trkpt>
      <trkpt lat="23.04782174527645111083984375" lon="113.30152812413871288299560546875">
        <ele>5.19999980926513671875</ele>
        <time>2026-07-29T23:38:01.000Z</time>
        <extensions>
          <ns3:TrackPointExtension>
            <ns3:hr>133</ns3:hr>
            <ns3:cad>82</ns3:cad>
          </ns3:TrackPointExtension>
        </extensions>
      </trkpt>
      <trkpt lat="23.04781881161034107208251953125" lon="113.30154530704021453857421875">
        <ele>5.19999980926513671875</ele>
        <time>2026-07-29T23:38:02.000Z</time>
        <extensions>
          <ns3:TrackPointExtension>
            <ns3:hr>133</ns3:hr>
            <ns3:cad>82</ns3:cad>
          </ns3:TrackPointExtension>
        </extensions>
      </trkpt>
      <trkpt lat="23.0478103458881378173828125" lon="113.30157606862485408782958984375">
        <ele>5.19999980926513671875</ele>
        <time>2026-07-29T23:38:03.000Z</time>
        <extensions>
          <ns3:TrackPointExtension>
            <ns3:hr>133</ns3:hr>
            <ns3:cad>83</ns3:cad>
          </ns3:TrackPointExtension>
        </extensions>
      </trkpt>
      <trkpt lat="23.04780439473688602447509765625" lon="113.30160272307693958282470703125">
        <ele>5.19999980926513671875</ele>
        <time>2026-07-29T23:38:04.000Z</time>
        <extensions>
          <ns3:TrackPointExtension>
            <ns3:hr>133</ns3:hr>
            <ns3:cad>82</ns3:cad>
          </ns3:TrackPointExtension>
        </extensions>
      </trkpt>
      <trkpt lat="23.0478028021752834320068359375" lon="113.3016235940158367156982421875">
        <ele>5.19999980926513671875</ele>
        <time>2026-07-29T23:38:05.000Z</time>
        <extensions>
          <ns3:TrackPointExtension>
            <ns3:hr>133</ns3:hr>
            <ns3:cad>81</ns3:cad>
          </ns3:TrackPointExtension>
        </extensions>
      </trkpt>
      <trkpt lat="23.047797270119190216064453125" lon="113.30165368504822254180908203125">
        <ele>5.400000095367431640625</ele>
        <time>2026-07-29T23:38:06.000Z</time>
        <extensions>
          <ns3:TrackPointExtension>
            <ns3:hr>132</ns3:hr>
            <ns3:cad>81</ns3:cad>
          </ns3:TrackPointExtension>
        </extensions>
      </trkpt>
      <trkpt lat="23.04778821766376495361328125" lon="113.3016678504645824432373046875">
        <ele>5.400000095367431640625</ele>
        <time>2026-07-29T23:38:07.000Z</time>
        <extensions>
          <ns3:TrackPointExtension>
            <ns3:hr>132</ns3:hr>
            <ns3:cad>81</ns3:cad>
          </ns3:TrackPointExtension>
        </extensions>
      </trkpt>
      <trkpt lat="23.04778092540800571441650390625" lon="113.3016866259276866912841796875">
        <ele>5.400000095367431640625</ele>
        <time>2026-07-29T23:38:08.000Z</time>
        <extensions>
          <ns3:TrackPointExtension>
            <ns3:hr>132</ns3:hr>
            <ns3:cad>81</ns3:cad>
          </ns3:TrackPointExtension>
        </extensions>
      </trkpt>
      <trkpt lat="23.047766424715518951416015625" lon="113.3017033897340297698974609375">
        <ele>5.400000095367431640625</ele>
        <time>2026-07-29T23:38:09.000Z</time>
        <extensions>
          <ns3:TrackPointExtension>
            <ns3:hr>132</ns3:hr>
            <ns3:cad>83</ns3:cad>
          </ns3:TrackPointExtension>
        </extensions>
      </trkpt>
      <trkpt lat="23.04775678552687168121337890625" lon="113.30171571113169193267822265625">
        <ele>5.599999904632568359375</ele>
        <time>2026-07-29T23:38:10.000Z</time>
        <extensions>
          <ns3:TrackPointExtension>
            <ns3:hr>132</ns3:hr>
            <ns3:cad>83</ns3:cad>
          </ns3:TrackPointExtension>
        </extensions>
      </trkpt>
      <trkpt lat="23.04774253629148006439208984375" lon="113.301736749708652496337890625">
        <ele>5.599999904632568359375</ele>
        <time>2026-07-29T23:38:11.000Z</time>
        <extensions>
          <ns3:TrackPointExtension>
            <ns3:hr>132</ns3:hr>
            <ns3:cad>83</ns3:cad>
          </ns3:TrackPointExtension>
        </extensions>
      </trkpt>
      <trkpt lat="23.04772275499999523162841796875" lon="113.30174940638244152069091796875">
        <ele>5.599999904632568359375</ele>
        <time>2026-07-29T23:38:12.000Z</time>
        <extensions>
          <ns3:TrackPointExtension>
            <ns3:hr>132</ns3:hr>
            <ns3:cad>82</ns3:cad>
          </ns3:TrackPointExtension>
        </extensions>
      </trkpt>
      <trkpt lat="23.04771085269749164581298828125" lon="113.301760219037532806396484375">
        <ele>5.599999904632568359375</ele>
        <time>2026-07-29T23:38:13.000Z</time>
        <extensions>
          <ns3:TrackPointExtension>
            <ns3:hr>132</ns3:hr>
            <ns3:cad>82</ns3:cad>
          </ns3:TrackPointExtension>
        </extensions>
      </trkpt>
      <trkpt lat="23.0476924963295459747314453125" lon="113.30177069641649723052978515625">
        <ele>5.599999904632568359375</ele>
        <time>2026-07-29T23:38:14.000Z</time>
        <extensions>
          <ns3:TrackPointExtension>
            <ns3:hr>132</ns3:hr>
            <ns3:cad>82</ns3:cad>
          </ns3:TrackPointExtension>
        </extensions>
      </trkpt>
      <trkpt lat="23.04767648689448833465576171875" lon="113.30177463591098785400390625">
        <ele>5.599999904632568359375</ele>
        <time>2026-07-29T23:38:15.000Z</time>
        <extensions>
          <ns3:TrackPointExtension>
            <ns3:hr>132</ns3:hr>
            <ns3:cad>82</ns3:cad>
          </ns3:TrackPointExtension>
        </extensions>
      </trkpt>
      <trkpt lat="23.04765938781201839447021484375" lon="113.30177706666290760040283203125">
        <ele>5.599999904632568359375</ele>
        <time>2026-07-29T23:38:16.000Z</time>
        <extensions>
          <ns3:TrackPointExtension>
            <ns3:hr>132</ns3:hr>
            <ns3:cad>82</ns3:cad>
          </ns3:TrackPointExtension>
        </extensions>
      </trkpt>
      <trkpt lat="23.0476361699402332305908203125" lon="113.3017828501760959625244140625">
        <ele>5.80000019073486328125</ele>
        <time>2026-07-29T23:38:17.000Z</time>
        <extensions>
          <ns3:TrackPointExtension>
            <ns3:hr>132</ns3:hr>
            <ns3:cad>81</ns3:cad>
          </ns3:TrackPointExtension>
        </extensions>
      </trkpt>
      <trkpt lat="23.04762284271419048309326171875" lon="113.301782347261905670166015625">
        <ele>5.80000019073486328125</ele>
        <time>2026-07-29T23:38:18.000Z</time>
        <extensions>
          <ns3:TrackPointExtension>
            <ns3:hr>132</ns3:hr>
            <ns3:cad>81</ns3:cad>
          </ns3:TrackPointExtension>
        </extensions>
      </trkpt>
      <trkpt lat="23.04760104976594448089599609375" lon="113.3017841912806034088134765625">
        <ele>5.80000019073486328125</ele>
        <time>2026-07-29T23:38:19.000Z</time>
        <extensions>
          <ns3:TrackPointExtension>
            <ns3:hr>132</ns3:hr>
            <ns3:cad>81</ns3:cad>
          </ns3:TrackPointExtension>
        </extensions>
      </trkpt>
      <trkpt lat="23.04758160375058650970458984375" lon="113.30178670585155487060546875">
        <ele>5.599999904632568359375</ele>
        <time>2026-07-29T23:38:20.000Z</time>
        <extensions>
          <ns3:TrackPointExtension>
            <ns3:hr>131</ns3:hr>
            <ns3:cad>81</ns3:cad>
          </ns3:TrackPointExtension>
        </extensions>
      </trkpt>
      <trkpt lat="23.04756768979132175445556640625" lon="113.30178729258477687835693359375">
        <ele>5.599999904632568359375</ele>
        <time>2026-07-29T23:38:21.000Z</time>
        <extensions>
          <ns3:TrackPointExtension>
            <ns3:hr>132</ns3:hr>
            <ns3:cad>81</ns3:cad>
          </ns3:TrackPointExtension>
        </extensions>
      </trkpt>
      <trkpt lat="23.0475476570427417755126953125" lon="113.3017925731837749481201171875">
        <ele>5.599999904632568359375</ele>
        <time>2026-07-29T23:38:22.000Z</time>
        <extensions>
          <ns3:TrackPointExtension>
            <ns3:hr>132</ns3:hr>
            <ns3:cad>81</ns3:cad>
          </ns3:TrackPointExtension>
        </extensions>
      </trkpt>
      <trkpt lat="23.04752477444708347320556640625" lon="113.3017979376018047332763671875">
        <ele>5.599999904632568359375</ele>
        <time>2026-07-29T23:38:23.000Z</time>
        <extensions>
          <ns3:TrackPointExtension>
            <ns3:hr>132</ns3:hr>
            <ns3:cad>82</ns3:cad>
          </ns3:TrackPointExtension>
        </extensions>
      </trkpt>
      <trkpt lat="23.04750901646912097930908203125" lon="113.30180120654404163360595703125">
        <ele>5.599999904632568359375</ele>
        <time>2026-07-29T23:38:24.000Z</time>
        <extensions>
          <ns3:TrackPointExtension>
            <ns3:hr>132</ns3:hr>
            <ns3:cad>82</ns3:cad>
          </ns3:TrackPointExtension>
        </extensions>
      </trkpt>
      <trkpt lat="23.04749342612922191619873046875" lon="113.301809839904308319091796875">
        <ele>5.80000019073486328125</ele>
        <time>2026-07-29T23:38:25.000Z</time>
        <extensions>
          <ns3:TrackPointExtension>
            <ns3:hr>132</ns3:hr>
            <ns3:cad>82</ns3:cad>
          </ns3:TrackPointExtension>
        </extensions>
      </trkpt>
      <trkpt lat="23.0474789254367351531982421875" lon="113.30181092955172061920166015625">
        <ele>5.80000019073486328125</ele>
        <time>2026-07-29T23:38:26.000Z</time>
        <extensions>
          <ns3:TrackPointExtension>
            <ns3:hr>133</ns3:hr>
            <ns3:cad>82</ns3:cad>
          </ns3:TrackPointExtension>
        </extensions>
      </trkpt>
      <trkpt lat="23.047465346753597259521484375" lon="113.3018136955797672271728515625">
        <ele>5.80000019073486328125</ele>
        <time>2026-07-29T23:38:27.000Z</time>
        <extensions>
          <ns3:TrackPointExtension>
            <ns3:hr>133</ns3:hr>
            <ns3:cad>81</ns3:cad>
          </ns3:TrackPointExtension>
        </extensions>
      </trkpt>
      <trkpt lat="23.04744883440434932708740234375" lon="113.3018210716545581817626953125">
        <ele>5.80000019073486328125</ele>
        <time>2026-07-29T23:38:28.000Z</time>
        <extensions>
          <ns3:TrackPointExtension>
            <ns3:hr>133</ns3:hr>
            <ns3:cad>82</ns3:cad>
          </ns3:TrackPointExtension>
        </extensions>
      </trkpt>
      <trkpt lat="23.04742502979934215545654296875" lon="113.30182492733001708984375">
        <ele>5.80000019073486328125</ele>
        <time>2026-07-29T23:38:29.000Z</time>
        <extensions>
          <ns3:TrackPointExtension>
            <ns3:hr>134</ns3:hr>
            <ns3:cad>82</ns3:cad>
          </ns3:TrackPointExtension>
        </extensions>
      </trkpt>
      <trkpt lat="23.04741262458264827728271484375" lon="113.3018311299383640289306640625">
        <ele>5.80000019073486328125</ele>
        <time>2026-07-29T23:38:30.000Z</time>
        <extensions>
          <ns3:TrackPointExtension>
            <ns3:hr>134</ns3:hr>
            <ns3:cad>83</ns3:cad>
          </ns3:TrackPointExtension>
        </extensions>
      </trkpt>
      <trkpt lat="23.04739619605243206024169921875" lon="113.301836661994457244873046875">
        <ele>5.599999904632568359375</ele>
        <time>2026-07-29T23:38:31.000Z</time>
        <extensions>
          <ns3:TrackPointExtension>
            <ns3:hr>134</ns3:hr>
            <ns3:cad>83</ns3:cad>
          </ns3:TrackPointExtension>
        </extensions>
      </trkpt>
      <trkpt lat="23.047382533550262451171875" lon="113.30183657817542552947998046875">
        <ele>5.599999904632568359375</ele>
        <time>2026-07-29T23:38:32.000Z</time>
        <extensions>
          <ns3:TrackPointExtension>
            <ns3:hr>134</ns3:hr>
            <ns3:cad>83</ns3:cad>
          </ns3:TrackPointExtension>
        </extensions>
      </trkpt>
      <trkpt lat="23.0473692901432514190673828125" lon="113.3018361590802669525146484375">
        <ele>5.599999904632568359375</ele>
        <time>2026-07-29T23:38:33.000Z</time>
        <extensions>
          <ns3:TrackPointExtension>
            <ns3:hr>134</ns3:hr>
            <ns3:cad>83</ns3:cad>
          </ns3:TrackPointExtension>
        </extensions>
      </trkpt>
      <trkpt lat="23.0473575554788112640380859375" lon="113.3018341474235057830810546875">
        <ele>5.599999904632568359375</ele>
        <time>2026-07-29T23:38:34.000Z</time>
        <extensions>
          <ns3:TrackPointExtension>
            <ns3:hr>134</ns3:hr>
            <ns3:cad>81</ns3:cad>
          </ns3:TrackPointExtension>
        </extensions>
      </trkpt>
      <trkpt lat="23.04734121076762676239013671875" lon="113.30183456651866436004638671875">
        <ele>5.599999904632568359375</ele>
        <time>2026-07-29T23:38:35.000Z</time>
        <extensions>
          <ns3:TrackPointExtension>
            <ns3:hr>133</ns3:hr>
            <ns3:cad>81</ns3:cad>
          </ns3:TrackPointExtension>
        </extensions>
      </trkpt>
      <trkpt lat="23.0473277159035205841064453125" lon="113.3018371649086475372314453125">
        <ele>5.599999904632568359375</ele>
        <time>2026-07-29T23:38:36.000Z</time>
        <extensions>
          <ns3:TrackPointExtension>
            <ns3:hr>134</ns3:hr>
            <ns3:cad>81</ns3:cad>
          </ns3:TrackPointExtension>
        </extensions>
      </trkpt>
      <trkpt lat="23.04730902425944805145263671875" lon="113.3018452115356922149658203125">
        <ele>5.80000019073486328125</ele>
        <time>2026-07-29T23:38:37.000Z</time>
        <extensions>
          <ns3:TrackPointExtension>
            <ns3:hr>134</ns3:hr>
            <ns3:cad>81</ns3:cad>
          </ns3:TrackPointExtension>
        </extensions>
      </trkpt>
      <trkpt lat="23.047292344272136688232421875" lon="113.30184848047792911529541015625">
        <ele>5.599999904632568359375</ele>
        <time>2026-07-29T23:38:38.000Z</time>
        <extensions>
          <ns3:TrackPointExtension>
            <ns3:hr>134</ns3:hr>
            <ns3:cad>81</ns3:cad>
          </ns3:TrackPointExtension>
        </extensions>
      </trkpt>
      <trkpt lat="23.04727499373257160186767578125" lon="113.30185451544821262359619140625">
        <ele>5.599999904632568359375</ele>
        <time>2026-07-29T23:38:39.000Z</time>
        <extensions>
          <ns3:TrackPointExtension>
            <ns3:hr>134</ns3:hr>
            <ns3:cad>81</ns3:cad>
          </ns3:TrackPointExtension>
        </extensions>
      </trkpt>
      <trkpt lat="23.04725269787013530731201171875" lon="113.30186591483652591705322265625">
        <ele>5.599999904632568359375</ele>
        <time>2026-07-29T23:38:40.000Z</time>
        <extensions>
          <ns3:TrackPointExtension>
            <ns3:hr>134</ns3:hr>
            <ns3:cad>81</ns3:cad>
          </ns3:TrackPointExtension>
        </extensions>
      </trkpt>
      <trkpt lat="23.047244735062122344970703125" lon="113.30188351683318614959716796875">
        <ele>5.599999904632568359375</ele>
        <time>2026-07-29T23:38:41.000Z</time>
        <extensions>
          <ns3:TrackPointExtension>
            <ns3:hr>134</ns3:hr>
            <ns3:cad>83</ns3:cad>
          </ns3:TrackPointExtension>
        </extensions>
      </trkpt>
      <trkpt lat="23.0472283065319061279296875" lon="113.3018961735069751739501953125">
        <ele>5.599999904632568359375</ele>
        <time>2026-07-29T23:38:42.000Z</time>
        <extensions>
          <ns3:TrackPointExtension>
            <ns3:hr>134</ns3:hr>
            <ns3:cad>83</ns3:cad>
          </ns3:TrackPointExtension>
        </extensions>
      </trkpt>
      <trkpt lat="23.04721229709684848785400390625" lon="113.30190614797174930572509765625">
        <ele>5.599999904632568359375</ele>
        <time>2026-07-29T23:38:43.000Z</time>
        <extensions>
          <ns3:TrackPointExtension>
            <ns3:hr>134</ns3:hr>
            <ns3:cad>82</ns3:cad>
          </ns3:TrackPointExtension>
        </extensions>
      </trkpt>
      <trkpt lat="23.04719653911888599395751953125" lon="113.30191520042717456817626953125">
        <ele>5.599999904632568359375</ele>
        <time>2026-07-29T23:38:44.000Z</time>
        <extensions>
          <ns3:TrackPointExtension>
            <ns3:hr>134</ns3:hr>
            <ns3:cad>82</ns3:cad>
          </ns3:TrackPointExtension>
        </extensions>
      </trkpt>
      <trkpt lat="23.0471771769225597381591796875" lon="113.30193095840513706207275390625">
        <ele>5.80000019073486328125</ele>
        <time>2026-07-29T23:38:45.000Z</time>
        <extensions>
          <ns3:TrackPointExtension>
            <ns3:hr>134</ns3:hr>
            <ns3:cad>82</ns3:cad>
          </ns3:TrackPointExtension>
        </extensions>
      </trkpt>
      <trkpt lat="23.04715965874493122100830078125" lon="113.30194554291665554046630859375">
        <ele>5.80000019073486328125</ele>
        <time>2026-07-29T23:38:46.000Z</time>
        <extensions>
          <ns3:TrackPointExtension>
            <ns3:hr>134</ns3:hr>
            <ns3:cad>82</ns3:cad>
          </ns3:TrackPointExtension>
        </extensions>
      </trkpt>
      <trkpt lat="23.0471451580524444580078125" lon="113.30195861868560314178466796875">
        <ele>5.599999904632568359375</ele>
        <time>2026-07-29T23:38:47.000Z</time>
        <extensions>
          <ns3:TrackPointExtension>
            <ns3:hr>133</ns3:hr>
            <ns3:cad>81</ns3:cad>
          </ns3:TrackPointExtension>
        </extensions>
      </trkpt>
      <trkpt lat="23.0471288971602916717529296875" lon="113.3019746281206607818603515625">
        <ele>5.599999904632568359375</ele>
        <time>2026-07-29T23:38:48.000Z</time>
        <extensions>
          <ns3:TrackPointExtension>
            <ns3:hr>134</ns3:hr>
            <ns3:cad>81</ns3:cad>
          </ns3:TrackPointExtension>
        </extensions>
      </trkpt>
      <trkpt lat="23.04711841978132724761962890625" lon="113.301982842385768890380859375">
        <ele>5.599999904632568359375</ele>
        <time>2026-07-29T23:38:49.000Z</time>
        <extensions>
          <ns3:TrackPointExtension>
            <ns3:hr>134</ns3:hr>
            <ns3:cad>81</ns3:cad>
          </ns3:TrackPointExtension>
        </extensions>
      </trkpt>
      <trkpt lat="23.0471040867269039154052734375" lon="113.3019930683076381683349609375">
        <ele>5.599999904632568359375</ele>
        <time>2026-07-29T23:38:50.000Z</time>
        <extensions>
          <ns3:TrackPointExtension>
            <ns3:hr>134</ns3:hr>
            <ns3:cad>82</ns3:cad>
          </ns3:TrackPointExtension>
        </extensions>
      </trkpt>
      <trkpt lat="23.047088496387004852294921875" lon="113.30200664699077606201171875">
        <ele>5.599999904632568359375</ele>
        <time>2026-07-29T23:38:51.000Z</time>
        <extensions>
          <ns3:TrackPointExtension>
            <ns3:hr>133</ns3:hr>
            <ns3:cad>82</ns3:cad>
          </ns3:TrackPointExtension>
        </extensions>
      </trkpt>
      <trkpt lat="23.047073073685169219970703125" lon="113.30202165059745311737060546875">
        <ele>5.80000019073486328125</ele>
        <time>2026-07-29T23:38:52.000Z</time>
        <extensions>
          <ns3:TrackPointExtension>
            <ns3:hr>134</ns3:hr>
            <ns3:cad>82</ns3:cad>
          </ns3:TrackPointExtension>
        </extensions>
      </trkpt>
      <trkpt lat="23.0470588244497776031494140625" lon="113.30203288234770298004150390625">
        <ele>5.80000019073486328125</ele>
        <time>2026-07-29T23:38:53.000Z</time>
        <extensions>
          <ns3:TrackPointExtension>
            <ns3:hr>133</ns3:hr>
            <ns3:cad>82</ns3:cad>
          </ns3:TrackPointExtension>
        </extensions>
      </trkpt>
      <trkpt lat="23.04704147391021251678466796875" lon="113.3020433597266674041748046875">
        <ele>6.19999980926513671875</ele>
        <time>2026-07-29T23:38:54.000Z</time>
        <extensions>
          <ns3:TrackPointExtension>
            <ns3:hr>134</ns3:hr>
            <ns3:cad>82</ns3:cad>
          </ns3:TrackPointExtension>
        </extensions>
      </trkpt>
      <trkpt lat="23.04702655412256717681884765625" lon="113.3020571060478687286376953125">
        <ele>6.19999980926513671875</ele>
        <time>2026-07-29T23:38:55.000Z</time>
        <extensions>
          <ns3:TrackPointExtension>
            <ns3:hr>134</ns3:hr>
            <ns3:cad>82</ns3:cad>
          </ns3:TrackPointExtension>
        </extensions>
      </trkpt>
      <trkpt lat="23.0470125563442707061767578125" lon="113.30207236111164093017578125">
        <ele>6.400000095367431640625</ele>
        <time>2026-07-29T23:38:56.000Z</time>
        <extensions>
          <ns3:TrackPointExtension>
            <ns3:hr>134</ns3:hr>
            <ns3:cad>82</ns3:cad>
          </ns3:TrackPointExtension>
        </extensions>
      </trkpt>
      <trkpt lat="23.04700526408851146697998046875" lon="113.30208803527057170867919921875">
        <ele>6.400000095367431640625</ele>
        <time>2026-07-29T23:38:57.000Z</time>
        <extensions>
          <ns3:TrackPointExtension>
            <ns3:hr>135</ns3:hr>
            <ns3:cad>81</ns3:cad>
          </ns3:TrackPointExtension>
        </extensions>
      </trkpt>
      <trkpt lat="23.04698715917766094207763671875" lon="113.30210513435304164886474609375">
        <ele>6.19999980926513671875</ele>
        <time>2026-07-29T23:38:58.000Z</time>
        <extensions>
          <ns3:TrackPointExtension>
            <ns3:hr>135</ns3:hr>
            <ns3:cad>81</ns3:cad>
          </ns3:TrackPointExtension>
        </extensions>
      </trkpt>
      <trkpt lat="23.04696653969585895538330078125" lon="113.3021214790642261505126953125">
        <ele>6</ele>
        <time>2026-07-29T23:38:59.000Z</time>
        <extensions>
          <ns3:TrackPointExtension>
            <ns3:hr>135</ns3:hr>
            <ns3:cad>82</ns3:cad>
          </ns3:TrackPointExtension>
        </extensions>
      </trkpt>
      <trkpt lat="23.04695539176464080810546875" lon="113.302133046090602874755859375">
        <ele>5.80000019073486328125</ele>
        <time>2026-07-29T23:39:00.000Z</time>
        <extensions>
          <ns3:TrackPointExtension>
            <ns3:hr>135</ns3:hr>
            <ns3:cad>82</ns3:cad>
          </ns3:TrackPointExtension>
        </extensions>
      </trkpt>
      <trkpt lat="23.0469411425292491912841796875" lon="113.30214603804051876068115234375">
        <ele>5.80000019073486328125</ele>
        <time>2026-07-29T23:39:01.000Z</time>
        <extensions>
          <ns3:TrackPointExtension>
            <ns3:hr>135</ns3:hr>
            <ns3:cad>82</ns3:cad>
          </ns3:TrackPointExtension>
        </extensions>
      </trkpt>
      <trkpt lat="23.04692546837031841278076171875" lon="113.30216347239911556243896484375">
        <ele>5.80000019073486328125</ele>
        <time>2026-07-29T23:39:02.000Z</time>
        <extensions>
          <ns3:TrackPointExtension>
            <ns3:hr>135</ns3:hr>
            <ns3:cad>82</ns3:cad>
          </ns3:TrackPointExtension>
        </extensions>
      </trkpt>
      <trkpt lat="23.04691708646714687347412109375" lon="113.3021741174161434173583984375">
        <ele>5.80000019073486328125</ele>
        <time>2026-07-29T23:39:03.000Z</time>
        <extensions>
          <ns3:TrackPointExtension>
            <ns3:hr>135</ns3:hr>
            <ns3:cad>82</ns3:cad>
          </ns3:TrackPointExtension>
        </extensions>
      </trkpt>
      <trkpt lat="23.0468992330133914947509765625" lon="113.3021875284612178802490234375">
        <ele>5.80000019073486328125</ele>
        <time>2026-07-29T23:39:04.000Z</time>
        <extensions>
          <ns3:TrackPointExtension>
            <ns3:hr>135</ns3:hr>
            <ns3:cad>82</ns3:cad>
          </ns3:TrackPointExtension>
        </extensions>
      </trkpt>
      <trkpt lat="23.046885989606380462646484375" lon="113.30219440162181854248046875">
        <ele>5.80000019073486328125</ele>
        <time>2026-07-29T23:39:05.000Z</time>
        <extensions>
          <ns3:TrackPointExtension>
            <ns3:hr>135</ns3:hr>
            <ns3:cad>82</ns3:cad>
          </ns3:TrackPointExtension>
        </extensions>
      </trkpt>
      <trkpt lat="23.046871237456798553466796875" lon="113.302204795181751251220703125">
        <ele>5.80000019073486328125</ele>
        <time>2026-07-29T23:39:06.000Z</time>
        <extensions>
          <ns3:TrackPointExtension>
            <ns3:hr>135</ns3:hr>
            <ns3:cad>81</ns3:cad>
          </ns3:TrackPointExtension>
        </extensions>
      </trkpt>
      <trkpt lat="23.0468501150608062744140625" lon="113.30221460200846195220947265625">
        <ele>5.80000019073486328125</ele>
        <time>2026-07-29T23:39:07.000Z</time>
        <extensions>
          <ns3:TrackPointExtension>
            <ns3:hr>135</ns3:hr>
            <ns3:cad>81</ns3:cad>
          </ns3:TrackPointExtension>
        </extensions>
      </trkpt>
      <trkpt lat="23.046836368739604949951171875" lon="113.302218876779079437255859375">
        <ele>5.80000019073486328125</ele>
        <time>2026-07-29T23:39:08.000Z</time>
        <extensions>
          <ns3:TrackPointExtension>
            <ns3:hr>135</ns3:hr>
            <ns3:cad>81</ns3:cad>
          </ns3:TrackPointExtension>
        </extensions>
      </trkpt>
      <trkpt lat="23.0468160845339298248291015625" lon="113.3022267557680606842041015625">
        <ele>5.599999904632568359375</ele>
        <time>2026-07-29T23:39:09.000Z</time>
        <extensions>
          <ns3:TrackPointExtension>
            <ns3:hr>135</ns3:hr>
            <ns3:cad>81</ns3:cad>
          </ns3:TrackPointExtension>
        </extensions>
      </trkpt>
      <trkpt lat="23.046796135604381561279296875" lon="113.30223857425153255462646484375">
        <ele>5.599999904632568359375</ele>
        <time>2026-07-29T23:39:10.000Z</time>
        <extensions>
          <ns3:TrackPointExtension>
            <ns3:hr>135</ns3:hr>
            <ns3:cad>81</ns3:cad>
          </ns3:TrackPointExtension>
        </extensions>
      </trkpt>
      <trkpt lat="23.04677844978868961334228515625" lon="113.302247039973735809326171875">
        <ele>5.599999904632568359375</ele>
        <time>2026-07-29T23:39:11.000Z</time>
        <extensions>
          <ns3:TrackPointExtension>
            <ns3:hr>134</ns3:hr>
            <ns3:cad>83</ns3:cad>
          </ns3:TrackPointExtension>
        </extensions>
      </trkpt>
      <trkpt lat="23.0467604286968708038330078125" lon="113.302261121571063995361328125">
        <ele>5.599999904632568359375</ele>
        <time>2026-07-29T23:39:12.000Z</time>
        <extensions>
          <ns3:TrackPointExtension>
            <ns3:hr>135</ns3:hr>
            <ns3:cad>83</ns3:cad>
          </ns3:TrackPointExtension>
        </extensions>
      </trkpt>
      <trkpt lat="23.04674576036632061004638671875" lon="113.30226690508425235748291015625">
        <ele>5.599999904632568359375</ele>
        <time>2026-07-29T23:39:13.000Z</time>
        <extensions>
          <ns3:TrackPointExtension>
            <ns3:hr>135</ns3:hr>
            <ns3:cad>83</ns3:cad>
          </ns3:TrackPointExtension>
        </extensions>
      </trkpt>
      <trkpt lat="23.046723715960979461669921875" lon="113.30227218568325042724609375">
        <ele>5.599999904632568359375</ele>
        <time>2026-07-29T23:39:14.000Z</time>
        <extensions>
          <ns3:TrackPointExtension>
            <ns3:hr>135</ns3:hr>
            <ns3:cad>83</ns3:cad>
          </ns3:TrackPointExtension>
        </extensions>
      </trkpt>
      <trkpt lat="23.04669764824211597442626953125" lon="113.30227159895002841949462890625">
        <ele>5.599999904632568359375</ele>
        <time>2026-07-29T23:39:15.000Z</time>
        <extensions>
          <ns3:TrackPointExtension>
            <ns3:hr>135</ns3:hr>
            <ns3:cad>82</ns3:cad>
          </ns3:TrackPointExtension>
        </extensions>
      </trkpt>
      <trkpt lat="23.046678788959980010986328125" lon="113.3022747002542018890380859375">
        <ele>5.599999904632568359375</ele>
        <time>2026-07-29T23:39:16.000Z</time>
        <extensions>
          <ns3:TrackPointExtension>
            <ns3:hr>135</ns3:hr>
            <ns3:cad>82</ns3:cad>
          </ns3:TrackPointExtension>
        </extensions>
      </trkpt>
      <trkpt lat="23.0466571636497974395751953125" lon="113.3022847585380077362060546875">
        <ele>5.599999904632568359375</ele>
        <time>2026-07-29T23:39:17.000Z</time>
        <extensions>
          <ns3:TrackPointExtension>
            <ns3:hr>136</ns3:hr>
            <ns3:cad>82</ns3:cad>
          </ns3:TrackPointExtension>
        </extensions>
      </trkpt>
      <trkpt lat="23.0466363765299320220947265625" lon="113.3022884465754032135009765625">
        <ele>5.599999904632568359375</ele>
        <time>2026-07-29T23:39:18.000Z</time>
        <extensions>
          <ns3:TrackPointExtension>
            <ns3:hr>135</ns3:hr>
            <ns3:cad>82</ns3:cad>
          </ns3:TrackPointExtension>
        </extensions>
      </trkpt>
      <trkpt lat="23.046619780361652374267578125" lon="113.30229498445987701416015625">
        <ele>5.599999904632568359375</ele>
        <time>2026-07-29T23:39:19.000Z</time>
        <extensions>
          <ns3:TrackPointExtension>
            <ns3:hr>136</ns3:hr>
            <ns3:cad>82</ns3:cad>
          </ns3:TrackPointExtension>
        </extensions>
      </trkpt>
      <trkpt lat="23.0465988256037235260009765625" lon="113.3023021928966045379638671875">
        <ele>5.599999904632568359375</ele>
        <time>2026-07-29T23:39:20.000Z</time>
        <extensions>
          <ns3:TrackPointExtension>
            <ns3:hr>136</ns3:hr>
            <ns3:cad>82</ns3:cad>
          </ns3:TrackPointExtension>
        </extensions>
      </trkpt>
      <trkpt lat="23.0465840734541416168212890625" lon="113.3023028634488582611083984375">
        <ele>5.599999904632568359375</ele>
        <time>2026-07-29T23:39:21.000Z</time>
        <extensions>
          <ns3:TrackPointExtension>
            <ns3:hr>136</ns3:hr>
            <ns3:cad>82</ns3:cad>
          </ns3:TrackPointExtension>
        </extensions>
      </trkpt>
      <trkpt lat="23.0465720035135746002197265625" lon="113.3023085631430149078369140625">
        <ele>5.599999904632568359375</ele>
        <time>2026-07-29T23:39:22.000Z</time>
        <extensions>
          <ns3:TrackPointExtension>
            <ns3:hr>136</ns3:hr>
            <ns3:cad>82</ns3:cad>
          </ns3:TrackPointExtension>
        </extensions>
      </trkpt>
      <trkpt lat="23.04655046202242374420166015625" lon="113.30231619067490100860595703125">
        <ele>5.599999904632568359375</ele>
        <time>2026-07-29T23:39:23.000Z</time>
        <extensions>
          <ns3:TrackPointExtension>
            <ns3:hr>136</ns3:hr>
            <ns3:cad>82</ns3:cad>
          </ns3:TrackPointExtension>
        </extensions>
      </trkpt>
      <trkpt lat="23.0465336143970489501953125" lon="113.302313424646854400634765625">
        <ele>5.400000095367431640625</ele>
        <time>2026-07-29T23:39:24.000Z</time>
        <extensions>
          <ns3:TrackPointExtension>
            <ns3:hr>135</ns3:hr>
            <ns3:cad>82</ns3:cad>
          </ns3:TrackPointExtension>
        </extensions>
      </trkpt>
      <trkpt lat="23.0465173535048961639404296875" lon="113.30232038162648677825927734375">
        <ele>5.400000095367431640625</ele>
        <time>2026-07-29T23:39:25.000Z</time>
        <extensions>
          <ns3:TrackPointExtension>
            <ns3:hr>135</ns3:hr>
            <ns3:cad>82</ns3:cad>
          </ns3:TrackPointExtension>
        </extensions>
      </trkpt>
    </trkseg>
  </trk>
</gpx>
