<gpx xmlns:ns3="http://www.garmin.com/xmlschemas/TrackPointExtension/v1" xmlns="http://www.topografix.com/GPX/1/1" xmlns:xsi="http://www.w3.org/2001/XMLSchema-instance" xmlns:ns2="http://www.garmin.com/xmlschemas/GpxExtensions/v3" creator="Garmin Connect" version="1.1" xsi:schemaLocation="http://www.topografix.com/GPX/1/1 http://www.topografix.com/GPX/11.xsd">
  <extensions>
<distance>5147.69</distance>
<average_hr>136.0</average_hr>
<average_speed>2.380000114440918</average_speed>
<start_time>2026-08-30T23:01:44+00:00</start_time>
<end_time>2026-08-30T23:37:46.456000+00:00</end_time>
<moving_time>2160.775</moving_time>
<elapsed_time>2162.456</elapsed_time>
</extensions>
<metadata>
    <link href="connect.garmin.com">
      <text>Garmin Connect</text>
    </link>
    <time>2026-08-30T23:01:44.000Z</time>
  </metadata>
  <trk>
    <name>Guangzhou Running</name>
    <type>running</type>
    <trkseg>
      <trkpt lat="23.04554999805986881256103515625" lon="113.30248734913766384124755859375">
        <ele>2.7999999523162841796875</ele>
        <time>2026-08-30T23:02:02.000Z</time>
        <extensions>
          <ns3:TrackPointExtension>
            <ns3:hr>93</ns3:hr>
            <ns3:cad>79</ns3:cad>
          </ns3:TrackPointExtension>
        </extensions>
      </trkpt>
      <trkpt lat="23.045624010264873504638671875" lon="113.3025772869586944580078125">
        <ele>2.7999999523162841796875</ele>
        <time>2026-08-30T23:02:03.000Z</time>
        <extensions>
          <ns3:TrackPointExtension>
            <ns3:hr>94</ns3:hr>
            <ns3:cad>80</ns3:cad>
          </ns3:TrackPointExtension>
        </extensions>
      </trkpt>
      <trkpt lat="23.0456634052097797393798828125" lon="113.30257770605385303497314453125">
        <ele>2.7999999523162841796875</ele>
        <time>2026-08-30T23:02:04.000Z</time>
        <extensions>
          <ns3:TrackPointExtension>
            <ns3:hr>95</ns3:hr>
            <ns3:cad>79</ns3:cad>
          </ns3:TrackPointExtension>
        </extensions>
      </trkpt>
      <trkpt lat="23.04568360559642314910888671875" lon="113.3026237227022647857666015625">
        <ele>2.7999999523162841796875</ele>
        <time>2026-08-30T23:02:05.000Z</time>
        <extensions>
          <ns3:TrackPointExtension>
            <ns3:hr>96</ns3:hr>
            <ns3:cad>79</ns3:cad>
          </ns3:TrackPointExtension>
        </extensions>
      </trkpt>
      <trkpt lat="23.04581922478973865509033203125" lon="113.30252272076904773712158203125">
        <ele>2.7999999523162841796875</ele>
        <time>2026-08-30T23:02:06.000Z</time>
        <extensions>
          <ns3:TrackPointExtension>
            <ns3:hr>97</ns3:hr>
            <ns3:cad>79</ns3:cad>
          </ns3:TrackPointExtension>
        </extensions>
      </trkpt>
      <trkpt lat="23.046034388244152069091796875" lon="113.30248064361512660980224609375">
        <ele>3</ele>
        <time>2026-08-30T23:02:07.000Z</time>
        <extensions>
          <ns3:TrackPointExtension>
            <ns3:hr>98</ns3:hr>
            <ns3:cad>79</ns3:cad>
          </ns3:TrackPointExtension>
        </extensions>
      </trkpt>
      <trkpt lat="23.0460459552705287933349609375" lon="113.30249556340277194976806640625">
        <ele>3</ele>
        <time>2026-08-30T23:02:08.000Z</time>
        <extensions>
          <ns3:TrackPointExtension>
            <ns3:hr>99</ns3:hr>
            <ns3:cad>79</ns3:cad>
          </ns3:TrackPointExtension>
        </extensions>
      </trkpt>
      <trkpt lat="23.045980073511600494384765625" lon="113.3025244809687137603759765625">
        <ele>3</ele>
        <time>2026-08-30T23:02:09.000Z</time>
        <extensions>
          <ns3:TrackPointExtension>
            <ns3:hr>100</ns3:hr>
            <ns3:cad>79</ns3:cad>
          </ns3:TrackPointExtension>
        </extensions>
      </trkpt>
      <trkpt lat="23.04595434106886386871337890625" lon="113.30253579653799533843994140625">
        <ele>3</ele>
        <time>2026-08-30T23:02:10.000Z</time>
        <extensions>
          <ns3:TrackPointExtension>
            <ns3:hr>101</ns3:hr>
            <ns3:cad>79</ns3:cad>
          </ns3:TrackPointExtension>
        </extensions>
      </trkpt>
      <trkpt lat="23.045933805406093597412109375" lon="113.30254334025084972381591796875">
        <ele>3</ele>
        <time>2026-08-30T23:02:11.000Z</time>
        <extensions>
          <ns3:TrackPointExtension>
            <ns3:hr>102</ns3:hr>
            <ns3:cad>79</ns3:cad>
          </ns3:TrackPointExtension>
        </extensions>
      </trkpt>
      <trkpt lat="23.0459406785666942596435546875" lon="113.3025477826595306396484375">
        <ele>3</ele>
        <time>2026-08-30T23:02:12.000Z</time>
        <extensions>
          <ns3:TrackPointExtension>
            <ns3:hr>103</ns3:hr>
            <ns3:cad>79</ns3:cad>
          </ns3:TrackPointExtension>
        </extensions>
      </trkpt>
      <trkpt lat="23.04595937021076679229736328125" lon="113.3025424182415008544921875">
        <ele>3</ele>
        <time>2026-08-30T23:02:13.000Z</time>
        <extensions>
          <ns3:TrackPointExtension>
            <ns3:hr>104</ns3:hr>
            <ns3:cad>80</ns3:cad>
          </ns3:TrackPointExtension>
        </extensions>
      </trkpt>
      <trkpt lat="23.0459782294929027557373046875" lon="113.30254116095602512359619140625">
        <ele>3</ele>
        <time>2026-08-30T23:02:14.000Z</time>
        <extensions>
          <ns3:TrackPointExtension>
            <ns3:hr>105</ns3:hr>
            <ns3:cad>80</ns3:cad>
          </ns3:TrackPointExtension>
        </extensions>
      </trkpt>
      <trkpt lat="23.04600161500275135040283203125" lon="113.30254040658473968505859375">
        <ele>3</ele>
        <time>2026-08-30T23:02:15.000Z</time>
        <extensions>
          <ns3:TrackPointExtension>
            <ns3:hr>106</ns3:hr>
            <ns3:cad>80</ns3:cad>
          </ns3:TrackPointExtension>
        </extensions>
      </trkpt>
      <trkpt lat="23.04602156393229961395263671875" lon="113.30254585482180118560791015625">
        <ele>3</ele>
        <time>2026-08-30T23:02:16.000Z</time>
        <extensions>
          <ns3:TrackPointExtension>
            <ns3:hr>106</ns3:hr>
            <ns3:cad>80</ns3:cad>
          </ns3:TrackPointExtension>
        </extensions>
      </trkpt>
      <trkpt lat="23.0460476316511631011962890625" lon="113.3025452680885791778564453125">
        <ele>3</ele>
        <time>2026-08-30T23:02:17.000Z</time>
        <extensions>
          <ns3:TrackPointExtension>
            <ns3:hr>107</ns3:hr>
            <ns3:cad>79</ns3:cad>
          </ns3:TrackPointExtension>
        </extensions>
      </trkpt>
      <trkpt lat="23.04608174599707126617431640625" lon="113.30256127752363681793212890625">
        <ele>3</ele>
        <time>2026-08-30T23:02:18.000Z</time>
        <extensions>
          <ns3:TrackPointExtension>
            <ns3:hr>107</ns3:hr>
            <ns3:cad>79</ns3:cad>
          </ns3:TrackPointExtension>
        </extensions>
      </trkpt>
      <trkpt lat="23.046106137335300445556640625" lon="113.302568234503269195556640625">
        <ele>3</ele>
        <time>2026-08-30T23:02:19.000Z</time>
        <extensions>
          <ns3:TrackPointExtension>
            <ns3:hr>107</ns3:hr>
            <ns3:cad>80</ns3:cad>
          </ns3:TrackPointExtension>
        </extensions>
      </trkpt>
      <trkpt lat="23.04613924585282802581787109375" lon="113.30256748013198375701904296875">
        <ele>2.7999999523162841796875</ele>
        <time>2026-08-30T23:02:20.000Z</time>
        <extensions>
          <ns3:TrackPointExtension>
            <ns3:hr>107</ns3:hr>
            <ns3:cad>80</ns3:cad>
          </ns3:TrackPointExtension>
        </extensions>
      </trkpt>
      <trkpt lat="23.046167828142642974853515625" lon="113.30256856977939605712890625">
        <ele>2.7999999523162841796875</ele>
        <time>2026-08-30T23:02:21.000Z</time>
        <extensions>
          <ns3:TrackPointExtension>
            <ns3:hr>107</ns3:hr>
            <ns3:cad>80</ns3:cad>
          </ns3:TrackPointExtension>
        </extensions>
      </trkpt>
      <trkpt lat="23.0461924709379673004150390625" lon="113.30257284455001354217529296875">
        <ele>2.7999999523162841796875</ele>
        <time>2026-08-30T23:02:22.000Z</time>
        <extensions>
          <ns3:TrackPointExtension>
            <ns3:hr>106</ns3:hr>
            <ns3:cad>79</ns3:cad>
          </ns3:TrackPointExtension>
        </extensions>
      </trkpt>
      <trkpt lat="23.04621032439172267913818359375" lon="113.30258172936737537384033203125">
        <ele>2.7999999523162841796875</ele>
        <time>2026-08-30T23:02:23.000Z</time>
        <extensions>
          <ns3:TrackPointExtension>
            <ns3:hr>106</ns3:hr>
            <ns3:cad>79</ns3:cad>
          </ns3:TrackPointExtension>
        </extensions>
      </trkpt>
      <trkpt lat="23.0462524853646755218505859375" lon="113.30258474685251712799072265625">
        <ele>2.7999999523162841796875</ele>
        <time>2026-08-30T23:02:24.000Z</time>
        <extensions>
          <ns3:TrackPointExtension>
            <ns3:hr>104</ns3:hr>
            <ns3:cad>79</ns3:cad>
          </ns3:TrackPointExtension>
        </extensions>
      </trkpt>
      <trkpt lat="23.04627142846584320068359375" lon="113.30259413458406925201416015625">
        <ele>2.7999999523162841796875</ele>
        <time>2026-08-30T23:02:25.000Z</time>
        <extensions>
          <ns3:TrackPointExtension>
            <ns3:hr>103</ns3:hr>
            <ns3:cad>79</ns3:cad>
          </ns3:TrackPointExtension>
        </extensions>
      </trkpt>
      <trkpt lat="23.04629816673696041107177734375" lon="113.3026015944778919219970703125">
        <ele>2.7999999523162841796875</ele>
        <time>2026-08-30T23:02:26.000Z</time>
        <extensions>
          <ns3:TrackPointExtension>
            <ns3:hr>101</ns3:hr>
            <ns3:cad>79</ns3:cad>
          </ns3:TrackPointExtension>
        </extensions>
      </trkpt>
      <trkpt lat="23.0463161878287792205810546875" lon="113.30260637216269969940185546875">
        <ele>2.7999999523162841796875</ele>
        <time>2026-08-30T23:02:27.000Z</time>
        <extensions>
          <ns3:TrackPointExtension>
            <ns3:hr>100</ns3:hr>
            <ns3:cad>79</ns3:cad>
          </ns3:TrackPointExtension>
        </extensions>
      </trkpt>
      <trkpt lat="23.046333454549312591552734375" lon="113.30260620452463626861572265625">
        <ele>2.7999999523162841796875</ele>
        <time>2026-08-30T23:02:28.000Z</time>
        <extensions>
          <ns3:TrackPointExtension>
            <ns3:hr>100</ns3:hr>
            <ns3:cad>79</ns3:cad>
          </ns3:TrackPointExtension>
        </extensions>
      </trkpt>
      <trkpt lat="23.04635181091725826263427734375" lon="113.30259815789759159088134765625">
        <ele>2.7999999523162841796875</ele>
        <time>2026-08-30T23:02:29.000Z</time>
        <extensions>
          <ns3:TrackPointExtension>
            <ns3:hr>100</ns3:hr>
            <ns3:cad>79</ns3:cad>
          </ns3:TrackPointExtension>
        </extensions>
      </trkpt>
      <trkpt lat="23.04637108929455280303955078125" lon="113.30260721035301685333251953125">
        <ele>2.7999999523162841796875</ele>
        <time>2026-08-30T23:02:30.000Z</time>
        <extensions>
          <ns3:TrackPointExtension>
            <ns3:hr>101</ns3:hr>
            <ns3:cad>79</ns3:cad>
          </ns3:TrackPointExtension>
        </extensions>
      </trkpt>
      <trkpt lat="23.04638198576867580413818359375" lon="113.30260218121111392974853515625">
        <ele>2.7999999523162841796875</ele>
        <time>2026-08-30T23:02:31.000Z</time>
        <extensions>
          <ns3:TrackPointExtension>
            <ns3:hr>102</ns3:hr>
            <ns3:cad>78</ns3:cad>
          </ns3:TrackPointExtension>
        </extensions>
      </trkpt>
      <trkpt lat="23.04639170877635478973388671875" lon="113.30259597860276699066162109375">
        <ele>2.7999999523162841796875</ele>
        <time>2026-08-30T23:02:32.000Z</time>
        <extensions>
          <ns3:TrackPointExtension>
            <ns3:hr>103</ns3:hr>
            <ns3:cad>78</ns3:cad>
          </ns3:TrackPointExtension>
        </extensions>
      </trkpt>
      <trkpt lat="23.0464067123830318450927734375" lon="113.30259430222213268280029296875">
        <ele>2.7999999523162841796875</ele>
        <time>2026-08-30T23:02:33.000Z</time>
        <extensions>
          <ns3:TrackPointExtension>
            <ns3:hr>104</ns3:hr>
            <ns3:cad>79</ns3:cad>
          </ns3:TrackPointExtension>
        </extensions>
      </trkpt>
      <trkpt lat="23.046423308551311492919921875" lon="113.30259379930794239044189453125">
        <ele>2.7999999523162841796875</ele>
        <time>2026-08-30T23:02:34.000Z</time>
        <extensions>
          <ns3:TrackPointExtension>
            <ns3:hr>105</ns3:hr>
            <ns3:cad>79</ns3:cad>
          </ns3:TrackPointExtension>
        </extensions>
      </trkpt>
      <trkpt lat="23.0464415811002254486083984375" lon="113.30259078182280063629150390625">
        <ele>2.7999999523162841796875</ele>
        <time>2026-08-30T23:02:35.000Z</time>
        <extensions>
          <ns3:TrackPointExtension>
            <ns3:hr>105</ns3:hr>
            <ns3:cad>78</ns3:cad>
          </ns3:TrackPointExtension>
        </extensions>
      </trkpt>
      <trkpt lat="23.0464657209813594818115234375" lon="113.30259044654667377471923828125">
        <ele>3</ele>
        <time>2026-08-30T23:02:36.000Z</time>
        <extensions>
          <ns3:TrackPointExtension>
            <ns3:hr>105</ns3:hr>
            <ns3:cad>78</ns3:cad>
          </ns3:TrackPointExtension>
        </extensions>
      </trkpt>
      <trkpt lat="23.04650067351758480072021484375" lon="113.3025955595076084136962890625">
        <ele>2.7999999523162841796875</ele>
        <time>2026-08-30T23:02:37.000Z</time>
        <extensions>
          <ns3:TrackPointExtension>
            <ns3:hr>106</ns3:hr>
            <ns3:cad>78</ns3:cad>
          </ns3:TrackPointExtension>
        </extensions>
      </trkpt>
      <trkpt lat="23.04652598686516284942626953125" lon="113.302582316100597381591796875">
        <ele>2.7999999523162841796875</ele>
        <time>2026-08-30T23:02:38.000Z</time>
        <extensions>
          <ns3:TrackPointExtension>
            <ns3:hr>106</ns3:hr>
            <ns3:cad>78</ns3:cad>
          </ns3:TrackPointExtension>
        </extensions>
      </trkpt>
      <trkpt lat="23.04655817337334156036376953125" lon="113.30257686786353588104248046875">
        <ele>2.7999999523162841796875</ele>
        <time>2026-08-30T23:02:39.000Z</time>
        <extensions>
          <ns3:TrackPointExtension>
            <ns3:hr>106</ns3:hr>
            <ns3:cad>78</ns3:cad>
          </ns3:TrackPointExtension>
        </extensions>
      </trkpt>
      <trkpt lat="23.046596981585025787353515625" lon="113.30256991088390350341796875">
        <ele>2.7999999523162841796875</ele>
        <time>2026-08-30T23:02:40.000Z</time>
        <extensions>
          <ns3:TrackPointExtension>
            <ns3:hr>106</ns3:hr>
            <ns3:cad>77</ns3:cad>
          </ns3:TrackPointExtension>
        </extensions>
      </trkpt>
      <trkpt lat="23.046634197235107421875" lon="113.30256530083715915679931640625">
        <ele>2.7999999523162841796875</ele>
        <time>2026-08-30T23:02:41.000Z</time>
        <extensions>
          <ns3:TrackPointExtension>
            <ns3:hr>106</ns3:hr>
            <ns3:cad>77</ns3:cad>
          </ns3:TrackPointExtension>
        </extensions>
      </trkpt>
      <trkpt lat="23.04665875621140003204345703125" lon="113.3025570027530193328857421875">
        <ele>2.7999999523162841796875</ele>
        <time>2026-08-30T23:02:42.000Z</time>
        <extensions>
          <ns3:TrackPointExtension>
            <ns3:hr>107</ns3:hr>
            <ns3:cad>78</ns3:cad>
          </ns3:TrackPointExtension>
        </extensions>
      </trkpt>
      <trkpt lat="23.046696223318576812744140625" lon="113.30255272798240184783935546875">
        <ele>2.7999999523162841796875</ele>
        <time>2026-08-30T23:02:43.000Z</time>
        <extensions>
          <ns3:TrackPointExtension>
            <ns3:hr>107</ns3:hr>
            <ns3:cad>78</ns3:cad>
          </ns3:TrackPointExtension>
        </extensions>
      </trkpt>
      <trkpt lat="23.04672279395163059234619140625" lon="113.30254753120243549346923828125">
        <ele>2.7999999523162841796875</ele>
        <time>2026-08-30T23:02:44.000Z</time>
        <extensions>
          <ns3:TrackPointExtension>
            <ns3:hr>107</ns3:hr>
            <ns3:cad>79</ns3:cad>
          </ns3:TrackPointExtension>
        </extensions>
      </trkpt>
      <trkpt lat="23.0467570759356021881103515625" lon="113.3025399036705493927001953125">
        <ele>2.7999999523162841796875</ele>
        <time>2026-08-30T23:02:45.000Z</time>
        <extensions>
          <ns3:TrackPointExtension>
            <ns3:hr>107</ns3:hr>
            <ns3:cad>79</ns3:cad>
          </ns3:TrackPointExtension>
        </extensions>
      </trkpt>
      <trkpt lat="23.0467956326901912689208984375" lon="113.30253529362380504608154296875">
        <ele>2.7999999523162841796875</ele>
        <time>2026-08-30T23:02:46.000Z</time>
        <extensions>
          <ns3:TrackPointExtension>
            <ns3:hr>107</ns3:hr>
            <ns3:cad>78</ns3:cad>
          </ns3:TrackPointExtension>
        </extensions>
      </trkpt>
      <trkpt lat="23.04682052694261074066162109375" lon="113.30253244377672672271728515625">
        <ele>2.7999999523162841796875</ele>
        <time>2026-08-30T23:02:47.000Z</time>
        <extensions>
          <ns3:TrackPointExtension>
            <ns3:hr>107</ns3:hr>
            <ns3:cad>78</ns3:cad>
          </ns3:TrackPointExtension>
        </extensions>
      </trkpt>
      <trkpt lat="23.04684835486114025115966796875" lon="113.30253043211996555328369140625">
        <ele>3</ele>
        <time>2026-08-30T23:02:48.000Z</time>
        <extensions>
          <ns3:TrackPointExtension>
            <ns3:hr>108</ns3:hr>
            <ns3:cad>78</ns3:cad>
          </ns3:TrackPointExtension>
        </extensions>
      </trkpt>
      <trkpt lat="23.0468760989606380462646484375" lon="113.302526660263538360595703125">
        <ele>3</ele>
        <time>2026-08-30T23:02:49.000Z</time>
        <extensions>
          <ns3:TrackPointExtension>
            <ns3:hr>108</ns3:hr>
            <ns3:cad>78</ns3:cad>
          </ns3:TrackPointExtension>
        </extensions>
      </trkpt>
      <trkpt lat="23.0469072796404361724853515625" lon="113.30252741463482379913330078125">
        <ele>3</ele>
        <time>2026-08-30T23:02:50.000Z</time>
        <extensions>
          <ns3:TrackPointExtension>
            <ns3:hr>108</ns3:hr>
            <ns3:cad>78</ns3:cad>
          </ns3:TrackPointExtension>
        </extensions>
      </trkpt>
      <trkpt lat="23.04692999459803104400634765625" lon="113.30252674408257007598876953125">
        <ele>3</ele>
        <time>2026-08-30T23:02:51.000Z</time>
        <extensions>
          <ns3:TrackPointExtension>
            <ns3:hr>109</ns3:hr>
            <ns3:cad>78</ns3:cad>
          </ns3:TrackPointExtension>
        </extensions>
      </trkpt>
      <trkpt lat="23.046957068145275115966796875" lon="113.3025261573493480682373046875">
        <ele>3</ele>
        <time>2026-08-30T23:02:52.000Z</time>
        <extensions>
          <ns3:TrackPointExtension>
            <ns3:hr>109</ns3:hr>
            <ns3:cad>78</ns3:cad>
          </ns3:TrackPointExtension>
        </extensions>
      </trkpt>
      <trkpt lat="23.046989925205707550048828125" lon="113.30252640880644321441650390625">
        <ele>3</ele>
        <time>2026-08-30T23:02:53.000Z</time>
        <extensions>
          <ns3:TrackPointExtension>
            <ns3:hr>109</ns3:hr>
            <ns3:cad>78</ns3:cad>
          </ns3:TrackPointExtension>
        </extensions>
      </trkpt>
      <trkpt lat="23.04700861684978008270263671875" lon="113.30252288840711116790771484375">
        <ele>3</ele>
        <time>2026-08-30T23:02:54.000Z</time>
        <extensions>
          <ns3:TrackPointExtension>
            <ns3:hr>109</ns3:hr>
            <ns3:cad>78</ns3:cad>
          </ns3:TrackPointExtension>
        </extensions>
      </trkpt>
      <trkpt lat="23.0470373667776584625244140625" lon="113.3025211282074451446533203125">
        <ele>3</ele>
        <time>2026-08-30T23:02:55.000Z</time>
        <extensions>
          <ns3:TrackPointExtension>
            <ns3:hr>110</ns3:hr>
            <ns3:cad>78</ns3:cad>
          </ns3:TrackPointExtension>
        </extensions>
      </trkpt>
      <trkpt lat="23.047062344849109649658203125" lon="113.302518613636493682861328125">
        <ele>3</ele>
        <time>2026-08-30T23:02:56.000Z</time>
        <extensions>
          <ns3:TrackPointExtension>
            <ns3:hr>110</ns3:hr>
            <ns3:cad>78</ns3:cad>
          </ns3:TrackPointExtension>
        </extensions>
      </trkpt>
      <trkpt lat="23.04708413779735565185546875" lon="113.30252029001712799072265625">
        <ele>3</ele>
        <time>2026-08-30T23:02:57.000Z</time>
        <extensions>
          <ns3:TrackPointExtension>
            <ns3:hr>111</ns3:hr>
            <ns3:cad>78</ns3:cad>
          </ns3:TrackPointExtension>
        </extensions>
      </trkpt>
      <trkpt lat="23.04710333235561847686767578125" lon="113.30251894891262054443359375">
        <ele>3</ele>
        <time>2026-08-30T23:02:58.000Z</time>
        <extensions>
          <ns3:TrackPointExtension>
            <ns3:hr>112</ns3:hr>
            <ns3:cad>78</ns3:cad>
          </ns3:TrackPointExtension>
        </extensions>
      </trkpt>
      <trkpt lat="23.0471198447048664093017578125" lon="113.30251400358974933624267578125">
        <ele>2.7999999523162841796875</ele>
        <time>2026-08-30T23:02:59.000Z</time>
        <extensions>
          <ns3:TrackPointExtension>
            <ns3:hr>113</ns3:hr>
            <ns3:cad>78</ns3:cad>
          </ns3:TrackPointExtension>
        </extensions>
      </trkpt>
      <trkpt lat="23.0471325851976871490478515625" lon="113.3025046996772289276123046875">
        <ele>2.7999999523162841796875</ele>
        <time>2026-08-30T23:03:00.000Z</time>
        <extensions>
          <ns3:TrackPointExtension>
            <ns3:hr>113</ns3:hr>
            <ns3:cad>78</ns3:cad>
          </ns3:TrackPointExtension>
        </extensions>
      </trkpt>
      <trkpt lat="23.0471478402614593505859375" lon="113.3024996705353260040283203125">
        <ele>2.7999999523162841796875</ele>
        <time>2026-08-30T23:03:01.000Z</time>
        <extensions>
          <ns3:TrackPointExtension>
            <ns3:hr>114</ns3:hr>
            <ns3:cad>78</ns3:cad>
          </ns3:TrackPointExtension>
        </extensions>
      </trkpt>
      <trkpt lat="23.04716217331588268280029296875" lon="113.30249154008924961090087890625">
        <ele>3</ele>
        <time>2026-08-30T23:03:02.000Z</time>
        <extensions>
          <ns3:TrackPointExtension>
            <ns3:hr>114</ns3:hr>
            <ns3:cad>79</ns3:cad>
          </ns3:TrackPointExtension>
        </extensions>
      </trkpt>
      <trkpt lat="23.04717541672289371490478515625" lon="113.3024829067289829254150390625">
        <ele>3</ele>
        <time>2026-08-30T23:03:03.000Z</time>
        <extensions>
          <ns3:TrackPointExtension>
            <ns3:hr>114</ns3:hr>
            <ns3:cad>79</ns3:cad>
          </ns3:TrackPointExtension>
        </extensions>
      </trkpt>
      <trkpt lat="23.047188408672809600830078125" lon="113.30247335135936737060546875">
        <ele>3</ele>
        <time>2026-08-30T23:03:04.000Z</time>
        <extensions>
          <ns3:TrackPointExtension>
            <ns3:hr>114</ns3:hr>
            <ns3:cad>78</ns3:cad>
          </ns3:TrackPointExtension>
        </extensions>
      </trkpt>
      <trkpt lat="23.04719938896596431732177734375" lon="113.30245834775269031524658203125">
        <ele>3</ele>
        <time>2026-08-30T23:03:05.000Z</time>
        <extensions>
          <ns3:TrackPointExtension>
            <ns3:hr>114</ns3:hr>
            <ns3:cad>78</ns3:cad>
          </ns3:TrackPointExtension>
        </extensions>
      </trkpt>
      <trkpt lat="23.04720642976462841033935546875" lon="113.3024446852505207061767578125">
        <ele>3</ele>
        <time>2026-08-30T23:03:06.000Z</time>
        <extensions>
          <ns3:TrackPointExtension>
            <ns3:hr>114</ns3:hr>
            <ns3:cad>78</ns3:cad>
          </ns3:TrackPointExtension>
        </extensions>
      </trkpt>
      <trkpt lat="23.0472177453339099884033203125" lon="113.3024332858622074127197265625">
        <ele>3</ele>
        <time>2026-08-30T23:03:07.000Z</time>
        <extensions>
          <ns3:TrackPointExtension>
            <ns3:hr>113</ns3:hr>
            <ns3:cad>78</ns3:cad>
          </ns3:TrackPointExtension>
        </extensions>
      </trkpt>
      <trkpt lat="23.0472298152744770050048828125" lon="113.30242029391229152679443359375">
        <ele>3</ele>
        <time>2026-08-30T23:03:08.000Z</time>
        <extensions>
          <ns3:TrackPointExtension>
            <ns3:hr>113</ns3:hr>
            <ns3:cad>77</ns3:cad>
          </ns3:TrackPointExtension>
        </extensions>
      </trkpt>
      <trkpt lat="23.04724079556763172149658203125" lon="113.30240168608725070953369140625">
        <ele>3</ele>
        <time>2026-08-30T23:03:09.000Z</time>
        <extensions>
          <ns3:TrackPointExtension>
            <ns3:hr>113</ns3:hr>
            <ns3:cad>77</ns3:cad>
          </ns3:TrackPointExtension>
        </extensions>
      </trkpt>
      <trkpt lat="23.04725102148950099945068359375" lon="113.302389197051525115966796875">
        <ele>3</ele>
        <time>2026-08-30T23:03:10.000Z</time>
        <extensions>
          <ns3:TrackPointExtension>
            <ns3:hr>113</ns3:hr>
            <ns3:cad>77</ns3:cad>
          </ns3:TrackPointExtension>
        </extensions>
      </trkpt>
      <trkpt lat="23.0472579784691333770751953125" lon="113.3023749478161334991455078125">
        <ele>3</ele>
        <time>2026-08-30T23:03:11.000Z</time>
        <extensions>
          <ns3:TrackPointExtension>
            <ns3:hr>113</ns3:hr>
            <ns3:cad>78</ns3:cad>
          </ns3:TrackPointExtension>
        </extensions>
      </trkpt>
      <trkpt lat="23.04726518690586090087890625" lon="113.302355669438838958740234375">
        <ele>3</ele>
        <time>2026-08-30T23:03:12.000Z</time>
        <extensions>
          <ns3:TrackPointExtension>
            <ns3:hr>113</ns3:hr>
            <ns3:cad>78</ns3:cad>
          </ns3:TrackPointExtension>
        </extensions>
      </trkpt>
      <trkpt lat="23.0472744069993495941162109375" lon="113.30234368331730365753173828125">
        <ele>3</ele>
        <time>2026-08-30T23:03:13.000Z</time>
        <extensions>
          <ns3:TrackPointExtension>
            <ns3:hr>113</ns3:hr>
            <ns3:cad>78</ns3:cad>
          </ns3:TrackPointExtension>
        </extensions>
      </trkpt>
      <trkpt lat="23.047287650406360626220703125" lon="113.3023313619196414947509765625">
        <ele>3.2000000476837158203125</ele>
        <time>2026-08-30T23:03:14.000Z</time>
        <extensions>
          <ns3:TrackPointExtension>
            <ns3:hr>112</ns3:hr>
            <ns3:cad>78</ns3:cad>
          </ns3:TrackPointExtension>
        </extensions>
      </trkpt>
      <trkpt lat="23.04729611612856388092041015625" lon="113.30231401138007640838623046875">
        <ele>3.2000000476837158203125</ele>
        <time>2026-08-30T23:03:15.000Z</time>
        <extensions>
          <ns3:TrackPointExtension>
            <ns3:hr>112</ns3:hr>
            <ns3:cad>78</ns3:cad>
          </ns3:TrackPointExtension>
        </extensions>
      </trkpt>
      <trkpt lat="23.04730952717363834381103515625" lon="113.3023011870682239532470703125">
        <ele>3.2000000476837158203125</ele>
        <time>2026-08-30T23:03:16.000Z</time>
        <extensions>
          <ns3:TrackPointExtension>
            <ns3:hr>112</ns3:hr>
            <ns3:cad>78</ns3:cad>
          </ns3:TrackPointExtension>
        </extensions>
      </trkpt>
      <trkpt lat="23.0473223514854907989501953125" lon="113.302286602556705474853515625">
        <ele>3.2000000476837158203125</ele>
        <time>2026-08-30T23:03:17.000Z</time>
        <extensions>
          <ns3:TrackPointExtension>
            <ns3:hr>113</ns3:hr>
            <ns3:cad>78</ns3:cad>
          </ns3:TrackPointExtension>
        </extensions>
      </trkpt>
      <trkpt lat="23.04733484052121639251708984375" lon="113.30227193422615528106689453125">
        <ele>3.2000000476837158203125</ele>
        <time>2026-08-30T23:03:18.000Z</time>
        <extensions>
          <ns3:TrackPointExtension>
            <ns3:hr>112</ns3:hr>
            <ns3:cad>78</ns3:cad>
          </ns3:TrackPointExtension>
        </extensions>
      </trkpt>
      <trkpt lat="23.04734640754759311676025390625" lon="113.302258439362049102783203125">
        <ele>3.2000000476837158203125</ele>
        <time>2026-08-30T23:03:19.000Z</time>
        <extensions>
          <ns3:TrackPointExtension>
            <ns3:hr>112</ns3:hr>
            <ns3:cad>78</ns3:cad>
          </ns3:TrackPointExtension>
        </extensions>
      </trkpt>
      <trkpt lat="23.04735981859266757965087890625" lon="113.3022478781640529632568359375">
        <ele>3.2000000476837158203125</ele>
        <time>2026-08-30T23:03:20.000Z</time>
        <extensions>
          <ns3:TrackPointExtension>
            <ns3:hr>113</ns3:hr>
            <ns3:cad>78</ns3:cad>
          </ns3:TrackPointExtension>
        </extensions>
      </trkpt>
      <trkpt lat="23.04736216552555561065673828125" lon="113.30222868360579013824462890625">
        <ele>3.2000000476837158203125</ele>
        <time>2026-08-30T23:03:21.000Z</time>
        <extensions>
          <ns3:TrackPointExtension>
            <ns3:hr>112</ns3:hr>
            <ns3:cad>79</ns3:cad>
          </ns3:TrackPointExtension>
        </extensions>
      </trkpt>
      <trkpt lat="23.04737322963774204254150390625" lon="113.30221560783684253692626953125">
        <ele>3.2000000476837158203125</ele>
        <time>2026-08-30T23:03:22.000Z</time>
        <extensions>
          <ns3:TrackPointExtension>
            <ns3:hr>112</ns3:hr>
            <ns3:cad>79</ns3:cad>
          </ns3:TrackPointExtension>
        </extensions>
      </trkpt>
      <trkpt lat="23.04738613776862621307373046875" lon="113.3022036217153072357177734375">
        <ele>3.2000000476837158203125</ele>
        <time>2026-08-30T23:03:23.000Z</time>
        <extensions>
          <ns3:TrackPointExtension>
            <ns3:hr>113</ns3:hr>
            <ns3:cad>79</ns3:cad>
          </ns3:TrackPointExtension>
        </extensions>
      </trkpt>
      <trkpt lat="23.0473951064050197601318359375" lon="113.30219171941280364990234375">
        <ele>3.2000000476837158203125</ele>
        <time>2026-08-30T23:03:24.000Z</time>
        <extensions>
          <ns3:TrackPointExtension>
            <ns3:hr>113</ns3:hr>
            <ns3:cad>79</ns3:cad>
          </ns3:TrackPointExtension>
        </extensions>
      </trkpt>
      <trkpt lat="23.047407679259777069091796875" lon="113.30217923037707805633544921875">
        <ele>3.2000000476837158203125</ele>
        <time>2026-08-30T23:03:25.000Z</time>
        <extensions>
          <ns3:TrackPointExtension>
            <ns3:hr>113</ns3:hr>
            <ns3:cad>79</ns3:cad>
          </ns3:TrackPointExtension>
        </extensions>
      </trkpt>
      <trkpt lat="23.04742100648581981658935546875" lon="113.3021694235503673553466796875">
        <ele>3</ele>
        <time>2026-08-30T23:03:26.000Z</time>
        <extensions>
          <ns3:TrackPointExtension>
            <ns3:hr>113</ns3:hr>
            <ns3:cad>79</ns3:cad>
          </ns3:TrackPointExtension>
        </extensions>
      </trkpt>
      <trkpt lat="23.0474339984357357025146484375" lon="113.302157185971736907958984375">
        <ele>3</ele>
        <time>2026-08-30T23:03:27.000Z</time>
        <extensions>
          <ns3:TrackPointExtension>
            <ns3:hr>113</ns3:hr>
            <ns3:cad>78</ns3:cad>
          </ns3:TrackPointExtension>
        </extensions>
      </trkpt>
      <trkpt lat="23.0474474094808101654052734375" lon="113.30214637331664562225341796875">
        <ele>3</ele>
        <time>2026-08-30T23:03:28.000Z</time>
        <extensions>
          <ns3:TrackPointExtension>
            <ns3:hr>113</ns3:hr>
            <ns3:cad>78</ns3:cad>
          </ns3:TrackPointExtension>
        </extensions>
      </trkpt>
      <trkpt lat="23.04746459238231182098388671875" lon="113.30213564448058605194091796875">
        <ele>3</ele>
        <time>2026-08-30T23:03:29.000Z</time>
        <extensions>
          <ns3:TrackPointExtension>
            <ns3:hr>114</ns3:hr>
            <ns3:cad>79</ns3:cad>
          </ns3:TrackPointExtension>
        </extensions>
      </trkpt>
      <trkpt lat="23.04748378694057464599609375" lon="113.3021218143403530120849609375">
        <ele>2.7999999523162841796875</ele>
        <time>2026-08-30T23:03:30.000Z</time>
        <extensions>
          <ns3:TrackPointExtension>
            <ns3:hr>115</ns3:hr>
            <ns3:cad>79</ns3:cad>
          </ns3:TrackPointExtension>
        </extensions>
      </trkpt>
      <trkpt lat="23.04750859737396240234375" lon="113.30210966058075428009033203125">
        <ele>2.7999999523162841796875</ele>
        <time>2026-08-30T23:03:31.000Z</time>
        <extensions>
          <ns3:TrackPointExtension>
            <ns3:hr>115</ns3:hr>
            <ns3:cad>79</ns3:cad>
          </ns3:TrackPointExtension>
        </extensions>
      </trkpt>
      <trkpt lat="23.04752527736127376556396484375" lon="113.3021033741533756256103515625">
        <ele>3</ele>
        <time>2026-08-30T23:03:32.000Z</time>
        <extensions>
          <ns3:TrackPointExtension>
            <ns3:hr>116</ns3:hr>
            <ns3:cad>79</ns3:cad>
          </ns3:TrackPointExtension>
        </extensions>
      </trkpt>
      <trkpt lat="23.04754187352955341339111328125" lon="113.30209306441247463226318359375">
        <ele>3</ele>
        <time>2026-08-30T23:03:33.000Z</time>
        <extensions>
          <ns3:TrackPointExtension>
            <ns3:hr>116</ns3:hr>
            <ns3:cad>79</ns3:cad>
          </ns3:TrackPointExtension>
        </extensions>
      </trkpt>
      <trkpt lat="23.0475609004497528076171875" lon="113.30207931809127330780029296875">
        <ele>3</ele>
        <time>2026-08-30T23:03:34.000Z</time>
        <extensions>
          <ns3:TrackPointExtension>
            <ns3:hr>116</ns3:hr>
            <ns3:cad>79</ns3:cad>
          </ns3:TrackPointExtension>
        </extensions>
      </trkpt>
      <trkpt lat="23.0475788377225399017333984375" lon="113.302077390253543853759765625">
        <ele>3</ele>
        <time>2026-08-30T23:03:35.000Z</time>
        <extensions>
          <ns3:TrackPointExtension>
            <ns3:hr>116</ns3:hr>
            <ns3:cad>79</ns3:cad>
          </ns3:TrackPointExtension>
        </extensions>
      </trkpt>
      <trkpt lat="23.04758931510150432586669921875" lon="113.30206842161715030670166015625">
        <ele>3</ele>
        <time>2026-08-30T23:03:36.000Z</time>
        <extensions>
          <ns3:TrackPointExtension>
            <ns3:hr>116</ns3:hr>
            <ns3:cad>79</ns3:cad>
          </ns3:TrackPointExtension>
        </extensions>
      </trkpt>
      <trkpt lat="23.04760457016527652740478515625" lon="113.30206163227558135986328125">
        <ele>3</ele>
        <time>2026-08-30T23:03:37.000Z</time>
        <extensions>
          <ns3:TrackPointExtension>
            <ns3:hr>117</ns3:hr>
            <ns3:cad>79</ns3:cad>
          </ns3:TrackPointExtension>
        </extensions>
      </trkpt>
      <trkpt lat="23.0476184003055095672607421875" lon="113.30205484293401241302490234375">
        <ele>3.2000000476837158203125</ele>
        <time>2026-08-30T23:03:38.000Z</time>
        <extensions>
          <ns3:TrackPointExtension>
            <ns3:hr>117</ns3:hr>
            <ns3:cad>79</ns3:cad>
          </ns3:TrackPointExtension>
        </extensions>
      </trkpt>
      <trkpt lat="23.04762862622737884521484375" lon="113.3020440302789211273193359375">
        <ele>3.2000000476837158203125</ele>
        <time>2026-08-30T23:03:39.000Z</time>
        <extensions>
          <ns3:TrackPointExtension>
            <ns3:hr>117</ns3:hr>
            <ns3:cad>79</ns3:cad>
          </ns3:TrackPointExtension>
        </extensions>
      </trkpt>
      <trkpt lat="23.0476385168731212615966796875" lon="113.30203522928059101104736328125">
        <ele>3.2000000476837158203125</ele>
        <time>2026-08-30T23:03:40.000Z</time>
        <extensions>
          <ns3:TrackPointExtension>
            <ns3:hr>117</ns3:hr>
            <ns3:cad>79</ns3:cad>
          </ns3:TrackPointExtension>
        </extensions>
      </trkpt>
      <trkpt lat="23.04765368811786174774169921875" lon="113.3020252548158168792724609375">
        <ele>3</ele>
        <time>2026-08-30T23:03:41.000Z</time>
        <extensions>
          <ns3:TrackPointExtension>
            <ns3:hr>117</ns3:hr>
            <ns3:cad>79</ns3:cad>
          </ns3:TrackPointExtension>
        </extensions>
      </trkpt>
      <trkpt lat="23.04766290821135044097900390625" lon="113.30201796256005764007568359375">
        <ele>3</ele>
        <time>2026-08-30T23:03:42.000Z</time>
        <extensions>
          <ns3:TrackPointExtension>
            <ns3:hr>117</ns3:hr>
            <ns3:cad>79</ns3:cad>
          </ns3:TrackPointExtension>
        </extensions>
      </trkpt>
      <trkpt lat="23.04767715744674205780029296875" lon="113.3020086586475372314453125">
        <ele>3</ele>
        <time>2026-08-30T23:03:43.000Z</time>
        <extensions>
          <ns3:TrackPointExtension>
            <ns3:hr>118</ns3:hr>
            <ns3:cad>79</ns3:cad>
          </ns3:TrackPointExtension>
        </extensions>
      </trkpt>
      <trkpt lat="23.04768805392086505889892578125" lon="113.301995582878589630126953125">
        <ele>3</ele>
        <time>2026-08-30T23:03:44.000Z</time>
        <extensions>
          <ns3:TrackPointExtension>
            <ns3:hr>118</ns3:hr>
            <ns3:cad>79</ns3:cad>
          </ns3:TrackPointExtension>
        </extensions>
      </trkpt>
      <trkpt lat="23.047703392803668975830078125" lon="113.3019887097179889678955078125">
        <ele>3</ele>
        <time>2026-08-30T23:03:45.000Z</time>
        <extensions>
          <ns3:TrackPointExtension>
            <ns3:hr>118</ns3:hr>
            <ns3:cad>79</ns3:cad>
          </ns3:TrackPointExtension>
        </extensions>
      </trkpt>
      <trkpt lat="23.04772677831351757049560546875" lon="113.30198359675705432891845703125">
        <ele>3</ele>
        <time>2026-08-30T23:03:46.000Z</time>
        <extensions>
          <ns3:TrackPointExtension>
            <ns3:hr>118</ns3:hr>
            <ns3:cad>79</ns3:cad>
          </ns3:TrackPointExtension>
        </extensions>
      </trkpt>
      <trkpt lat="23.0477501638233661651611328125" lon="113.301986865699291229248046875">
        <ele>3</ele>
        <time>2026-08-30T23:03:47.000Z</time>
        <extensions>
          <ns3:TrackPointExtension>
            <ns3:hr>119</ns3:hr>
            <ns3:cad>79</ns3:cad>
          </ns3:TrackPointExtension>
        </extensions>
      </trkpt>
      <trkpt lat="23.047768771648406982421875" lon="113.30198896117508411407470703125">
        <ele>3</ele>
        <time>2026-08-30T23:03:48.000Z</time>
        <extensions>
          <ns3:TrackPointExtension>
            <ns3:hr>119</ns3:hr>
            <ns3:cad>79</ns3:cad>
          </ns3:TrackPointExtension>
        </extensions>
      </trkpt>
      <trkpt lat="23.04778553545475006103515625" lon="113.3019863627851009368896484375">
        <ele>3</ele>
        <time>2026-08-30T23:03:49.000Z</time>
        <extensions>
          <ns3:TrackPointExtension>
            <ns3:hr>119</ns3:hr>
            <ns3:cad>79</ns3:cad>
          </ns3:TrackPointExtension>
        </extensions>
      </trkpt>
      <trkpt lat="23.0478138662874698638916015625" lon="113.30198694951832294464111328125">
        <ele>3</ele>
        <time>2026-08-30T23:03:50.000Z</time>
        <extensions>
          <ns3:TrackPointExtension>
            <ns3:hr>118</ns3:hr>
            <ns3:cad>78</ns3:cad>
          </ns3:TrackPointExtension>
        </extensions>
      </trkpt>
      <trkpt lat="23.0478138662874698638916015625" lon="113.30198694951832294464111328125">
        <ele>3</ele>
        <time>2026-08-30T23:03:51.000Z</time>
        <extensions>
          <ns3:TrackPointExtension>
            <ns3:hr>119</ns3:hr>
            <ns3:cad>78</ns3:cad>
          </ns3:TrackPointExtension>
        </extensions>
      </trkpt>
      <trkpt lat="23.04783490486443042755126953125" lon="113.3019860275089740753173828125">
        <ele>3</ele>
        <time>2026-08-30T23:03:52.000Z</time>
        <extensions>
          <ns3:TrackPointExtension>
            <ns3:hr>119</ns3:hr>
            <ns3:cad>77</ns3:cad>
          </ns3:TrackPointExtension>
        </extensions>
      </trkpt>
      <trkpt lat="23.04785602726042270660400390625" lon="113.30197940580546855926513671875">
        <ele>3</ele>
        <time>2026-08-30T23:03:53.000Z</time>
        <extensions>
          <ns3:TrackPointExtension>
            <ns3:hr>119</ns3:hr>
            <ns3:cad>77</ns3:cad>
          </ns3:TrackPointExtension>
        </extensions>
      </trkpt>
      <trkpt lat="23.04788134060800075531005859375" lon="113.30198963172733783721923828125">
        <ele>2.7999999523162841796875</ele>
        <time>2026-08-30T23:03:54.000Z</time>
        <extensions>
          <ns3:TrackPointExtension>
            <ns3:hr>119</ns3:hr>
            <ns3:cad>78</ns3:cad>
          </ns3:TrackPointExtension>
        </extensions>
      </trkpt>
      <trkpt lat="23.04789793677628040313720703125" lon="113.301988206803798675537109375">
        <ele>2.7999999523162841796875</ele>
        <time>2026-08-30T23:03:55.000Z</time>
        <extensions>
          <ns3:TrackPointExtension>
            <ns3:hr>119</ns3:hr>
            <ns3:cad>78</ns3:cad>
          </ns3:TrackPointExtension>
        </extensions>
      </trkpt>
      <trkpt lat="23.0479238368570804595947265625" lon="113.30198376439511775970458984375">
        <ele>2.7999999523162841796875</ele>
        <time>2026-08-30T23:03:56.000Z</time>
        <extensions>
          <ns3:TrackPointExtension>
            <ns3:hr>119</ns3:hr>
            <ns3:cad>79</ns3:cad>
          </ns3:TrackPointExtension>
        </extensions>
      </trkpt>
      <trkpt lat="23.04794780910015106201171875" lon="113.30198041163384914398193359375">
        <ele>2.7999999523162841796875</ele>
        <time>2026-08-30T23:03:57.000Z</time>
        <extensions>
          <ns3:TrackPointExtension>
            <ns3:hr>119</ns3:hr>
            <ns3:cad>79</ns3:cad>
          </ns3:TrackPointExtension>
        </extensions>
      </trkpt>
      <trkpt lat="23.04796951822936534881591796875" lon="113.3019793219864368438720703125">
        <ele>2.7999999523162841796875</ele>
        <time>2026-08-30T23:03:58.000Z</time>
        <extensions>
          <ns3:TrackPointExtension>
            <ns3:hr>119</ns3:hr>
            <ns3:cad>79</ns3:cad>
          </ns3:TrackPointExtension>
        </extensions>
      </trkpt>
      <trkpt lat="23.04798745550215244293212890625" lon="113.30197446048259735107421875">
        <ele>2.7999999523162841796875</ele>
        <time>2026-08-30T23:03:59.000Z</time>
        <extensions>
          <ns3:TrackPointExtension>
            <ns3:hr>119</ns3:hr>
            <ns3:cad>79</ns3:cad>
          </ns3:TrackPointExtension>
        </extensions>
      </trkpt>
      <trkpt lat="23.04801494814455509185791015625" lon="113.301972448825836181640625">
        <ele>2.7999999523162841796875</ele>
        <time>2026-08-30T23:04:00.000Z</time>
        <extensions>
          <ns3:TrackPointExtension>
            <ns3:hr>119</ns3:hr>
            <ns3:cad>79</ns3:cad>
          </ns3:TrackPointExtension>
        </extensions>
      </trkpt>
      <trkpt lat="23.04803506471216678619384765625" lon="113.30196482129395008087158203125">
        <ele>2.7999999523162841796875</ele>
        <time>2026-08-30T23:04:01.000Z</time>
        <extensions>
          <ns3:TrackPointExtension>
            <ns3:hr>119</ns3:hr>
            <ns3:cad>78</ns3:cad>
          </ns3:TrackPointExtension>
        </extensions>
      </trkpt>
      <trkpt lat="23.0480499006807804107666015625" lon="113.3019496500492095947265625">
        <ele>2.7999999523162841796875</ele>
        <time>2026-08-30T23:04:02.000Z</time>
        <extensions>
          <ns3:TrackPointExtension>
            <ns3:hr>118</ns3:hr>
            <ns3:cad>78</ns3:cad>
          </ns3:TrackPointExtension>
        </extensions>
      </trkpt>
      <trkpt lat="23.0480566062033176422119140625" lon="113.30193028785288333892822265625">
        <ele>2.7999999523162841796875</ele>
        <time>2026-08-30T23:04:03.000Z</time>
        <extensions>
          <ns3:TrackPointExtension>
            <ns3:hr>118</ns3:hr>
            <ns3:cad>78</ns3:cad>
          </ns3:TrackPointExtension>
        </extensions>
      </trkpt>
      <trkpt lat="23.04806859232485294342041015625" lon="113.301912434399127960205078125">
        <ele>2.7999999523162841796875</ele>
        <time>2026-08-30T23:04:04.000Z</time>
        <extensions>
          <ns3:TrackPointExtension>
            <ns3:hr>118</ns3:hr>
            <ns3:cad>78</ns3:cad>
          </ns3:TrackPointExtension>
        </extensions>
      </trkpt>
      <trkpt lat="23.04806926287710666656494140625" lon="113.30189676024019718170166015625">
        <ele>2.7999999523162841796875</ele>
        <time>2026-08-30T23:04:05.000Z</time>
        <extensions>
          <ns3:TrackPointExtension>
            <ns3:hr>118</ns3:hr>
            <ns3:cad>78</ns3:cad>
          </ns3:TrackPointExtension>
        </extensions>
      </trkpt>
      <trkpt lat="23.04807747714221477508544921875" lon="113.3018716983497142791748046875">
        <ele>2.7999999523162841796875</ele>
        <time>2026-08-30T23:04:06.000Z</time>
        <extensions>
          <ns3:TrackPointExtension>
            <ns3:hr>119</ns3:hr>
            <ns3:cad>78</ns3:cad>
          </ns3:TrackPointExtension>
        </extensions>
      </trkpt>
      <trkpt lat="23.04808326065540313720703125" lon="113.30185568891465663909912109375">
        <ele>2.599999904632568359375</ele>
        <time>2026-08-30T23:04:07.000Z</time>
        <extensions>
          <ns3:TrackPointExtension>
            <ns3:hr>119</ns3:hr>
            <ns3:cad>78</ns3:cad>
          </ns3:TrackPointExtension>
        </extensions>
      </trkpt>
      <trkpt lat="23.04807278327643871307373046875" lon="113.30183926038444042205810546875">
        <ele>2.599999904632568359375</ele>
        <time>2026-08-30T23:04:08.000Z</time>
        <extensions>
          <ns3:TrackPointExtension>
            <ns3:hr>120</ns3:hr>
            <ns3:cad>78</ns3:cad>
          </ns3:TrackPointExtension>
        </extensions>
      </trkpt>
      <trkpt lat="23.04808166809380054473876953125" lon="113.3018113486468791961669921875">
        <ele>2.599999904632568359375</ele>
        <time>2026-08-30T23:04:09.000Z</time>
        <extensions>
          <ns3:TrackPointExtension>
            <ns3:hr>120</ns3:hr>
            <ns3:cad>79</ns3:cad>
          </ns3:TrackPointExtension>
        </extensions>
      </trkpt>
      <trkpt lat="23.04808971472084522247314453125" lon="113.301789723336696624755859375">
        <ele>2.599999904632568359375</ele>
        <time>2026-08-30T23:04:10.000Z</time>
        <extensions>
          <ns3:TrackPointExtension>
            <ns3:hr>120</ns3:hr>
            <ns3:cad>79</ns3:cad>
          </ns3:TrackPointExtension>
        </extensions>
      </trkpt>
      <trkpt lat="23.0480911396443843841552734375" lon="113.301767595112323760986328125">
        <ele>2.599999904632568359375</ele>
        <time>2026-08-30T23:04:11.000Z</time>
        <extensions>
          <ns3:TrackPointExtension>
            <ns3:hr>120</ns3:hr>
            <ns3:cad>79</ns3:cad>
          </ns3:TrackPointExtension>
        </extensions>
      </trkpt>
      <trkpt lat="23.0480901338160037994384765625" lon="113.301744125783443450927734375">
        <ele>2.599999904632568359375</ele>
        <time>2026-08-30T23:04:12.000Z</time>
        <extensions>
          <ns3:TrackPointExtension>
            <ns3:hr>120</ns3:hr>
            <ns3:cad>79</ns3:cad>
          </ns3:TrackPointExtension>
        </extensions>
      </trkpt>
      <trkpt lat="23.048094995319843292236328125" lon="113.30172342248260974884033203125">
        <ele>2.599999904632568359375</ele>
        <time>2026-08-30T23:04:13.000Z</time>
        <extensions>
          <ns3:TrackPointExtension>
            <ns3:hr>121</ns3:hr>
            <ns3:cad>79</ns3:cad>
          </ns3:TrackPointExtension>
        </extensions>
      </trkpt>
      <trkpt lat="23.0480908043682575225830078125" lon="113.30170280300080776214599609375">
        <ele>2.599999904632568359375</ele>
        <time>2026-08-30T23:04:14.000Z</time>
        <extensions>
          <ns3:TrackPointExtension>
            <ns3:hr>121</ns3:hr>
            <ns3:cad>79</ns3:cad>
          </ns3:TrackPointExtension>
        </extensions>
      </trkpt>
      <trkpt lat="23.04807781241834163665771484375" lon="113.30168536864221096038818359375">
        <ele>2.599999904632568359375</ele>
        <time>2026-08-30T23:04:15.000Z</time>
        <extensions>
          <ns3:TrackPointExtension>
            <ns3:hr>121</ns3:hr>
            <ns3:cad>79</ns3:cad>
          </ns3:TrackPointExtension>
        </extensions>
      </trkpt>
      <trkpt lat="23.04808183573186397552490234375" lon="113.30166198313236236572265625">
        <ele>2.599999904632568359375</ele>
        <time>2026-08-30T23:04:16.000Z</time>
        <extensions>
          <ns3:TrackPointExtension>
            <ns3:hr>121</ns3:hr>
            <ns3:cad>79</ns3:cad>
          </ns3:TrackPointExtension>
        </extensions>
      </trkpt>
      <trkpt lat="23.04807881824672222137451171875" lon="113.30164781771600246429443359375">
        <ele>2.599999904632568359375</ele>
        <time>2026-08-30T23:04:17.000Z</time>
        <extensions>
          <ns3:TrackPointExtension>
            <ns3:hr>121</ns3:hr>
            <ns3:cad>79</ns3:cad>
          </ns3:TrackPointExtension>
        </extensions>
      </trkpt>
      <trkpt lat="23.04807630367577075958251953125" lon="113.3016172237694263458251953125">
        <ele>2.7999999523162841796875</ele>
        <time>2026-08-30T23:04:18.000Z</time>
        <extensions>
          <ns3:TrackPointExtension>
            <ns3:hr>121</ns3:hr>
            <ns3:cad>79</ns3:cad>
          </ns3:TrackPointExtension>
        </extensions>
      </trkpt>
      <trkpt lat="23.04808217100799083709716796875" lon="113.3015937544405460357666015625">
        <ele>2.7999999523162841796875</ele>
        <time>2026-08-30T23:04:19.000Z</time>
        <extensions>
          <ns3:TrackPointExtension>
            <ns3:hr>121</ns3:hr>
            <ns3:cad>79</ns3:cad>
          </ns3:TrackPointExtension>
        </extensions>
      </trkpt>
      <trkpt lat="23.0480837635695934295654296875" lon="113.30157439224421977996826171875">
        <ele>2.7999999523162841796875</ele>
        <time>2026-08-30T23:04:20.000Z</time>
        <extensions>
          <ns3:TrackPointExtension>
            <ns3:hr>120</ns3:hr>
            <ns3:cad>79</ns3:cad>
          </ns3:TrackPointExtension>
        </extensions>
      </trkpt>
      <trkpt lat="23.04808703251183032989501953125" lon="113.30155042000114917755126953125">
        <ele>2.7999999523162841796875</ele>
        <time>2026-08-30T23:04:21.000Z</time>
        <extensions>
          <ns3:TrackPointExtension>
            <ns3:hr>119</ns3:hr>
            <ns3:cad>79</ns3:cad>
          </ns3:TrackPointExtension>
        </extensions>
      </trkpt>
      <trkpt lat="23.0481243319809436798095703125" lon="113.30152996815741062164306640625">
        <ele>2.7999999523162841796875</ele>
        <time>2026-08-30T23:04:22.000Z</time>
        <extensions>
          <ns3:TrackPointExtension>
            <ns3:hr>119</ns3:hr>
            <ns3:cad>79</ns3:cad>
          </ns3:TrackPointExtension>
        </extensions>
      </trkpt>
      <trkpt lat="23.048133216798305511474609375" lon="113.30153189599514007568359375">
        <ele>2.599999904632568359375</ele>
        <time>2026-08-30T23:04:23.000Z</time>
        <extensions>
          <ns3:TrackPointExtension>
            <ns3:hr>118</ns3:hr>
            <ns3:cad>78</ns3:cad>
          </ns3:TrackPointExtension>
        </extensions>
      </trkpt>
      <trkpt lat="23.04814386181533336639404296875" lon="113.3015209995210170745849609375">
        <ele>2.599999904632568359375</ele>
        <time>2026-08-30T23:04:24.000Z</time>
        <extensions>
          <ns3:TrackPointExtension>
            <ns3:hr>118</ns3:hr>
            <ns3:cad>77</ns3:cad>
          </ns3:TrackPointExtension>
        </extensions>
      </trkpt>
      <trkpt lat="23.04815056733787059783935546875" lon="113.30151655711233615875244140625">
        <ele>2.400000095367431640625</ele>
        <time>2026-08-30T23:04:25.000Z</time>
        <extensions>
          <ns3:TrackPointExtension>
            <ns3:hr>118</ns3:hr>
            <ns3:cad>77</ns3:cad>
          </ns3:TrackPointExtension>
        </extensions>
      </trkpt>
      <trkpt lat="23.04815056733787059783935546875" lon="113.30150968395173549652099609375">
        <ele>2.400000095367431640625</ele>
        <time>2026-08-30T23:04:26.000Z</time>
        <extensions>
          <ns3:TrackPointExtension>
            <ns3:hr>118</ns3:hr>
            <ns3:cad>77</ns3:cad>
          </ns3:TrackPointExtension>
        </extensions>
      </trkpt>
      <trkpt lat="23.04813464172184467315673828125" lon="113.3014988712966442108154296875">
        <ele>2.400000095367431640625</ele>
        <time>2026-08-30T23:04:27.000Z</time>
        <extensions>
          <ns3:TrackPointExtension>
            <ns3:hr>118</ns3:hr>
            <ns3:cad>77</ns3:cad>
          </ns3:TrackPointExtension>
        </extensions>
      </trkpt>
      <trkpt lat="23.0481434427201747894287109375" lon="113.30147196538746356964111328125">
        <ele>2.400000095367431640625</ele>
        <time>2026-08-30T23:04:28.000Z</time>
        <extensions>
          <ns3:TrackPointExtension>
            <ns3:hr>118</ns3:hr>
            <ns3:cad>77</ns3:cad>
          </ns3:TrackPointExtension>
        </extensions>
      </trkpt>
      <trkpt lat="23.04816515184938907623291015625" lon="113.30146056599915027618408203125">
        <ele>2.400000095367431640625</ele>
        <time>2026-08-30T23:04:29.000Z</time>
        <extensions>
          <ns3:TrackPointExtension>
            <ns3:hr>119</ns3:hr>
            <ns3:cad>77</ns3:cad>
          </ns3:TrackPointExtension>
        </extensions>
      </trkpt>
      <trkpt lat="23.04817286320030689239501953125" lon="113.3014502562582492828369140625">
        <ele>2.2000000476837158203125</ele>
        <time>2026-08-30T23:04:30.000Z</time>
        <extensions>
          <ns3:TrackPointExtension>
            <ns3:hr>118</ns3:hr>
            <ns3:cad>77</ns3:cad>
          </ns3:TrackPointExtension>
        </extensions>
      </trkpt>
      <trkpt lat="23.04818920791149139404296875" lon="113.30143491737544536590576171875">
        <ele>2.2000000476837158203125</ele>
        <time>2026-08-30T23:04:31.000Z</time>
        <extensions>
          <ns3:TrackPointExtension>
            <ns3:hr>118</ns3:hr>
            <ns3:cad>77</ns3:cad>
          </ns3:TrackPointExtension>
        </extensions>
      </trkpt>
      <trkpt lat="23.0482101626694202423095703125" lon="113.30142184160649776458740234375">
        <ele>2.2000000476837158203125</ele>
        <time>2026-08-30T23:04:32.000Z</time>
        <extensions>
          <ns3:TrackPointExtension>
            <ns3:hr>118</ns3:hr>
            <ns3:cad>78</ns3:cad>
          </ns3:TrackPointExtension>
        </extensions>
      </trkpt>
      <trkpt lat="23.04822583682835102081298828125" lon="113.30140608362853527069091796875">
        <ele>2.2000000476837158203125</ele>
        <time>2026-08-30T23:04:33.000Z</time>
        <extensions>
          <ns3:TrackPointExtension>
            <ns3:hr>118</ns3:hr>
            <ns3:cad>78</ns3:cad>
          </ns3:TrackPointExtension>
        </extensions>
      </trkpt>
      <trkpt lat="23.04824528284370899200439453125" lon="113.301396109163761138916015625">
        <ele>2.2000000476837158203125</ele>
        <time>2026-08-30T23:04:34.000Z</time>
        <extensions>
          <ns3:TrackPointExtension>
            <ns3:hr>118</ns3:hr>
            <ns3:cad>78</ns3:cad>
          </ns3:TrackPointExtension>
        </extensions>
      </trkpt>
      <trkpt lat="23.0482762120664119720458984375" lon="113.3013942651450634002685546875">
        <ele>2.2000000476837158203125</ele>
        <time>2026-08-30T23:04:35.000Z</time>
        <extensions>
          <ns3:TrackPointExtension>
            <ns3:hr>118</ns3:hr>
            <ns3:cad>78</ns3:cad>
          </ns3:TrackPointExtension>
        </extensions>
      </trkpt>
      <trkpt lat="23.04829926230013370513916015625" lon="113.30139032565057277679443359375">
        <ele>2.400000095367431640625</ele>
        <time>2026-08-30T23:04:36.000Z</time>
        <extensions>
          <ns3:TrackPointExtension>
            <ns3:hr>117</ns3:hr>
            <ns3:cad>78</ns3:cad>
          </ns3:TrackPointExtension>
        </extensions>
      </trkpt>
      <trkpt lat="23.04831116460263729095458984375" lon="113.30138948746025562286376953125">
        <ele>2.400000095367431640625</ele>
        <time>2026-08-30T23:04:37.000Z</time>
        <extensions>
          <ns3:TrackPointExtension>
            <ns3:hr>117</ns3:hr>
            <ns3:cad>78</ns3:cad>
          </ns3:TrackPointExtension>
        </extensions>
      </trkpt>
      <trkpt lat="23.0483402498066425323486328125" lon="113.301401473581790924072265625">
        <ele>2.400000095367431640625</ele>
        <time>2026-08-30T23:04:38.000Z</time>
        <extensions>
          <ns3:TrackPointExtension>
            <ns3:hr>117</ns3:hr>
            <ns3:cad>79</ns3:cad>
          </ns3:TrackPointExtension>
        </extensions>
      </trkpt>
      <trkpt lat="23.04835592396557331085205078125" lon="113.3014033176004886627197265625">
        <ele>2.400000095367431640625</ele>
        <time>2026-08-30T23:04:39.000Z</time>
        <extensions>
          <ns3:TrackPointExtension>
            <ns3:hr>117</ns3:hr>
            <ns3:cad>79</ns3:cad>
          </ns3:TrackPointExtension>
        </extensions>
      </trkpt>
      <trkpt lat="23.04837235249578952789306640625" lon="113.3014080114662647247314453125">
        <ele>2.400000095367431640625</ele>
        <time>2026-08-30T23:04:40.000Z</time>
        <extensions>
          <ns3:TrackPointExtension>
            <ns3:hr>117</ns3:hr>
            <ns3:cad>79</ns3:cad>
          </ns3:TrackPointExtension>
        </extensions>
      </trkpt>
      <trkpt lat="23.04839699529111385345458984375" lon="113.3014158904552459716796875">
        <ele>2.2000000476837158203125</ele>
        <time>2026-08-30T23:04:41.000Z</time>
        <extensions>
          <ns3:TrackPointExtension>
            <ns3:hr>117</ns3:hr>
            <ns3:cad>79</ns3:cad>
          </ns3:TrackPointExtension>
        </extensions>
      </trkpt>
      <trkpt lat="23.0484156869351863861083984375" lon="113.301425613462924957275390625">
        <ele>2.2000000476837158203125</ele>
        <time>2026-08-30T23:04:42.000Z</time>
        <extensions>
          <ns3:TrackPointExtension>
            <ns3:hr>117</ns3:hr>
            <ns3:cad>79</ns3:cad>
          </ns3:TrackPointExtension>
        </extensions>
      </trkpt>
      <trkpt lat="23.048448376357555389404296875" lon="113.3014319837093353271484375">
        <ele>2.2000000476837158203125</ele>
        <time>2026-08-30T23:04:43.000Z</time>
        <extensions>
          <ns3:TrackPointExtension>
            <ns3:hr>117</ns3:hr>
            <ns3:cad>79</ns3:cad>
          </ns3:TrackPointExtension>
        </extensions>
      </trkpt>
      <trkpt lat="23.0484810657799243927001953125" lon="113.3014381863176822662353515625">
        <ele>2.2000000476837158203125</ele>
        <time>2026-08-30T23:04:44.000Z</time>
        <extensions>
          <ns3:TrackPointExtension>
            <ns3:hr>116</ns3:hr>
            <ns3:cad>79</ns3:cad>
          </ns3:TrackPointExtension>
        </extensions>
      </trkpt>
      <trkpt lat="23.04850277490913867950439453125" lon="113.30143935978412628173828125">
        <ele>2.2000000476837158203125</ele>
        <time>2026-08-30T23:04:45.000Z</time>
        <extensions>
          <ns3:TrackPointExtension>
            <ns3:hr>116</ns3:hr>
            <ns3:cad>79</ns3:cad>
          </ns3:TrackPointExtension>
        </extensions>
      </trkpt>
      <trkpt lat="23.04853521287441253662109375" lon="113.30143542028963565826416015625">
        <ele>2.2000000476837158203125</ele>
        <time>2026-08-30T23:04:46.000Z</time>
        <extensions>
          <ns3:TrackPointExtension>
            <ns3:hr>116</ns3:hr>
            <ns3:cad>79</ns3:cad>
          </ns3:TrackPointExtension>
        </extensions>
      </trkpt>
      <trkpt lat="23.0485695786774158477783203125" lon="113.3014425449073314666748046875">
        <ele>2.2000000476837158203125</ele>
        <time>2026-08-30T23:04:47.000Z</time>
        <extensions>
          <ns3:TrackPointExtension>
            <ns3:hr>116</ns3:hr>
            <ns3:cad>79</ns3:cad>
          </ns3:TrackPointExtension>
        </extensions>
      </trkpt>
      <trkpt lat="23.0485977418720722198486328125" lon="113.30144899897277355194091796875">
        <ele>2.2000000476837158203125</ele>
        <time>2026-08-30T23:04:48.000Z</time>
        <extensions>
          <ns3:TrackPointExtension>
            <ns3:hr>116</ns3:hr>
            <ns3:cad>79</ns3:cad>
          </ns3:TrackPointExtension>
        </extensions>
      </trkpt>
      <trkpt lat="23.04862917400896549224853515625" lon="113.30145142972469329833984375">
        <ele>2.2000000476837158203125</ele>
        <time>2026-08-30T23:04:49.000Z</time>
        <extensions>
          <ns3:TrackPointExtension>
            <ns3:hr>117</ns3:hr>
            <ns3:cad>79</ns3:cad>
          </ns3:TrackPointExtension>
        </extensions>
      </trkpt>
      <trkpt lat="23.04865716956555843353271484375" lon="113.30145503394305706024169921875">
        <ele>2</ele>
        <time>2026-08-30T23:04:50.000Z</time>
        <extensions>
          <ns3:TrackPointExtension>
            <ns3:hr>117</ns3:hr>
            <ns3:cad>79</ns3:cad>
          </ns3:TrackPointExtension>
        </extensions>
      </trkpt>
      <trkpt lat="23.04869304411113262176513671875" lon="113.30145721323788166046142578125">
        <ele>2</ele>
        <time>2026-08-30T23:04:51.000Z</time>
        <extensions>
          <ns3:TrackPointExtension>
            <ns3:hr>117</ns3:hr>
            <ns3:cad>79</ns3:cad>
          </ns3:TrackPointExtension>
        </extensions>
      </trkpt>
      <trkpt lat="23.04872833192348480224609375" lon="113.30145679414272308349609375">
        <ele>2</ele>
        <time>2026-08-30T23:04:52.000Z</time>
        <extensions>
          <ns3:TrackPointExtension>
            <ns3:hr>117</ns3:hr>
            <ns3:cad>79</ns3:cad>
          </ns3:TrackPointExtension>
        </extensions>
      </trkpt>
      <trkpt lat="23.0487571656703948974609375" lon="113.301461152732372283935546875">
        <ele>2</ele>
        <time>2026-08-30T23:04:53.000Z</time>
        <extensions>
          <ns3:TrackPointExtension>
            <ns3:hr>117</ns3:hr>
            <ns3:cad>79</ns3:cad>
          </ns3:TrackPointExtension>
        </extensions>
      </trkpt>
      <trkpt lat="23.04879044182598590850830078125" lon="113.3014656789600849151611328125">
        <ele>2</ele>
        <time>2026-08-30T23:04:54.000Z</time>
        <extensions>
          <ns3:TrackPointExtension>
            <ns3:hr>117</ns3:hr>
            <ns3:cad>79</ns3:cad>
          </ns3:TrackPointExtension>
        </extensions>
      </trkpt>
      <trkpt lat="23.04881458170711994171142578125" lon="113.30146676860749721527099609375">
        <ele>2</ele>
        <time>2026-08-30T23:04:55.000Z</time>
        <extensions>
          <ns3:TrackPointExtension>
            <ns3:hr>117</ns3:hr>
            <ns3:cad>79</ns3:cad>
          </ns3:TrackPointExtension>
        </extensions>
      </trkpt>
      <trkpt lat="23.04884056560695171356201171875" lon="113.30146752297878265380859375">
        <ele>2</ele>
        <time>2026-08-30T23:04:56.000Z</time>
        <extensions>
          <ns3:TrackPointExtension>
            <ns3:hr>117</ns3:hr>
            <ns3:cad>80</ns3:cad>
          </ns3:TrackPointExtension>
        </extensions>
      </trkpt>
      <trkpt lat="23.048875518143177032470703125" lon="113.30147028900682926177978515625">
        <ele>2</ele>
        <time>2026-08-30T23:04:57.000Z</time>
        <extensions>
          <ns3:TrackPointExtension>
            <ns3:hr>118</ns3:hr>
            <ns3:cad>80</ns3:cad>
          </ns3:TrackPointExtension>
        </extensions>
      </trkpt>
      <trkpt lat="23.0488994903862476348876953125" lon="113.30147347413003444671630859375">
        <ele>2</ele>
        <time>2026-08-30T23:04:58.000Z</time>
        <extensions>
          <ns3:TrackPointExtension>
            <ns3:hr>118</ns3:hr>
            <ns3:cad>79</ns3:cad>
          </ns3:TrackPointExtension>
        </extensions>
      </trkpt>
      <trkpt lat="23.048929162323474884033203125" lon="113.3014740608632564544677734375">
        <ele>2</ele>
        <time>2026-08-30T23:04:59.000Z</time>
        <extensions>
          <ns3:TrackPointExtension>
            <ns3:hr>118</ns3:hr>
            <ns3:cad>79</ns3:cad>
          </ns3:TrackPointExtension>
        </extensions>
      </trkpt>
      <trkpt lat="23.04896059446036815643310546875" lon="113.30148923210799694061279296875">
        <ele>2</ele>
        <time>2026-08-30T23:05:00.000Z</time>
        <extensions>
          <ns3:TrackPointExtension>
            <ns3:hr>118</ns3:hr>
            <ns3:cad>79</ns3:cad>
          </ns3:TrackPointExtension>
        </extensions>
      </trkpt>
      <trkpt lat="23.04898691363632678985595703125" lon="113.3014834485948085784912109375">
        <ele>2</ele>
        <time>2026-08-30T23:05:01.000Z</time>
        <extensions>
          <ns3:TrackPointExtension>
            <ns3:hr>118</ns3:hr>
            <ns3:cad>79</ns3:cad>
          </ns3:TrackPointExtension>
        </extensions>
      </trkpt>
      <trkpt lat="23.04901608265936374664306640625" lon="113.30148185603320598602294921875">
        <ele>2.2000000476837158203125</ele>
        <time>2026-08-30T23:05:02.000Z</time>
        <extensions>
          <ns3:TrackPointExtension>
            <ns3:hr>119</ns3:hr>
            <ns3:cad>79</ns3:cad>
          </ns3:TrackPointExtension>
        </extensions>
      </trkpt>
      <trkpt lat="23.04904810152947902679443359375" lon="113.301489315927028656005859375">
        <ele>2.2000000476837158203125</ele>
        <time>2026-08-30T23:05:03.000Z</time>
        <extensions>
          <ns3:TrackPointExtension>
            <ns3:hr>119</ns3:hr>
            <ns3:cad>79</ns3:cad>
          </ns3:TrackPointExtension>
        </extensions>
      </trkpt>
      <trkpt lat="23.04907073266804218292236328125" lon="113.3014847896993160247802734375">
        <ele>2.2000000476837158203125</ele>
        <time>2026-08-30T23:05:04.000Z</time>
        <extensions>
          <ns3:TrackPointExtension>
            <ns3:hr>119</ns3:hr>
            <ns3:cad>79</ns3:cad>
          </ns3:TrackPointExtension>
        </extensions>
      </trkpt>
      <trkpt lat="23.04910426028072834014892578125" lon="113.3014861308038234710693359375">
        <ele>2.2000000476837158203125</ele>
        <time>2026-08-30T23:05:05.000Z</time>
        <extensions>
          <ns3:TrackPointExtension>
            <ns3:hr>120</ns3:hr>
            <ns3:cad>79</ns3:cad>
          </ns3:TrackPointExtension>
        </extensions>
      </trkpt>
      <trkpt lat="23.04913468658924102783203125" lon="113.30149878747761249542236328125">
        <ele>2.2000000476837158203125</ele>
        <time>2026-08-30T23:05:06.000Z</time>
        <extensions>
          <ns3:TrackPointExtension>
            <ns3:hr>120</ns3:hr>
            <ns3:cad>79</ns3:cad>
          </ns3:TrackPointExtension>
        </extensions>
      </trkpt>
      <trkpt lat="23.049157820641994476318359375" lon="113.30150507390499114990234375">
        <ele>2.2000000476837158203125</ele>
        <time>2026-08-30T23:05:07.000Z</time>
        <extensions>
          <ns3:TrackPointExtension>
            <ns3:hr>121</ns3:hr>
            <ns3:cad>79</ns3:cad>
          </ns3:TrackPointExtension>
        </extensions>
      </trkpt>
      <trkpt lat="23.0491915158927440643310546875" lon="113.301510773599147796630859375">
        <ele>2</ele>
        <time>2026-08-30T23:05:08.000Z</time>
        <extensions>
          <ns3:TrackPointExtension>
            <ns3:hr>121</ns3:hr>
            <ns3:cad>79</ns3:cad>
          </ns3:TrackPointExtension>
        </extensions>
      </trkpt>
      <trkpt lat="23.04922093637287616729736328125" lon="113.30152007751166820526123046875">
        <ele>2</ele>
        <time>2026-08-30T23:05:09.000Z</time>
        <extensions>
          <ns3:TrackPointExtension>
            <ns3:hr>122</ns3:hr>
            <ns3:cad>79</ns3:cad>
          </ns3:TrackPointExtension>
        </extensions>
      </trkpt>
      <trkpt lat="23.04924063384532928466796875" lon="113.301528207957744598388671875">
        <ele>2</ele>
        <time>2026-08-30T23:05:10.000Z</time>
        <extensions>
          <ns3:TrackPointExtension>
            <ns3:hr>122</ns3:hr>
            <ns3:cad>79</ns3:cad>
          </ns3:TrackPointExtension>
        </extensions>
      </trkpt>
      <trkpt lat="23.0492629297077655792236328125" lon="113.30154396593570709228515625">
        <ele>2</ele>
        <time>2026-08-30T23:05:11.000Z</time>
        <extensions>
          <ns3:TrackPointExtension>
            <ns3:hr>121</ns3:hr>
            <ns3:cad>79</ns3:cad>
          </ns3:TrackPointExtension>
        </extensions>
      </trkpt>
      <trkpt lat="23.0492870695888996124267578125" lon="113.3015555329620838165283203125">
        <ele>2</ele>
        <time>2026-08-30T23:05:12.000Z</time>
        <extensions>
          <ns3:TrackPointExtension>
            <ns3:hr>121</ns3:hr>
            <ns3:cad>79</ns3:cad>
          </ns3:TrackPointExtension>
        </extensions>
      </trkpt>
      <trkpt lat="23.04930039681494235992431640625" lon="113.3015676029026508331298828125">
        <ele>2</ele>
        <time>2026-08-30T23:05:13.000Z</time>
        <extensions>
          <ns3:TrackPointExtension>
            <ns3:hr>121</ns3:hr>
            <ns3:cad>79</ns3:cad>
          </ns3:TrackPointExtension>
        </extensions>
      </trkpt>
      <trkpt lat="23.04931280203163623809814453125" lon="113.301572464406490325927734375">
        <ele>2</ele>
        <time>2026-08-30T23:05:14.000Z</time>
        <extensions>
          <ns3:TrackPointExtension>
            <ns3:hr>120</ns3:hr>
            <ns3:cad>78</ns3:cad>
          </ns3:TrackPointExtension>
        </extensions>
      </trkpt>
      <trkpt lat="23.0493252910673618316650390625" lon="113.30159224569797515869140625">
        <ele>2</ele>
        <time>2026-08-30T23:05:15.000Z</time>
        <extensions>
          <ns3:TrackPointExtension>
            <ns3:hr>120</ns3:hr>
            <ns3:cad>78</ns3:cad>
          </ns3:TrackPointExtension>
        </extensions>
      </trkpt>
      <trkpt lat="23.04932772181928157806396484375" lon="113.30161026678979396820068359375">
        <ele>2</ele>
        <time>2026-08-30T23:05:16.000Z</time>
        <extensions>
          <ns3:TrackPointExtension>
            <ns3:hr>120</ns3:hr>
            <ns3:cad>78</ns3:cad>
          </ns3:TrackPointExtension>
        </extensions>
      </trkpt>
      <trkpt lat="23.04933308623731136322021484375" lon="113.30161814577877521514892578125">
        <ele>2</ele>
        <time>2026-08-30T23:05:17.000Z</time>
        <extensions>
          <ns3:TrackPointExtension>
            <ns3:hr>120</ns3:hr>
            <ns3:cad>78</ns3:cad>
          </ns3:TrackPointExtension>
        </extensions>
      </trkpt>
      <trkpt lat="23.04932990111410617828369140625" lon="113.3016385138034820556640625">
        <ele>2</ele>
        <time>2026-08-30T23:05:18.000Z</time>
        <extensions>
          <ns3:TrackPointExtension>
            <ns3:hr>120</ns3:hr>
            <ns3:cad>79</ns3:cad>
          </ns3:TrackPointExtension>
        </extensions>
      </trkpt>
      <trkpt lat="23.04933057166635990142822265625" lon="113.30165955238044261932373046875">
        <ele>2</ele>
        <time>2026-08-30T23:05:19.000Z</time>
        <extensions>
          <ns3:TrackPointExtension>
            <ns3:hr>120</ns3:hr>
            <ns3:cad>79</ns3:cad>
          </ns3:TrackPointExtension>
        </extensions>
      </trkpt>
      <trkpt lat="23.049330152571201324462890625" lon="113.30167195759713649749755859375">
        <ele>2</ele>
        <time>2026-08-30T23:05:20.000Z</time>
        <extensions>
          <ns3:TrackPointExtension>
            <ns3:hr>120</ns3:hr>
            <ns3:cad>79</ns3:cad>
          </ns3:TrackPointExtension>
        </extensions>
      </trkpt>
      <trkpt lat="23.0493283085525035858154296875" lon="113.30169760622084140777587890625">
        <ele>2</ele>
        <time>2026-08-30T23:05:21.000Z</time>
        <extensions>
          <ns3:TrackPointExtension>
            <ns3:hr>120</ns3:hr>
            <ns3:cad>79</ns3:cad>
          </ns3:TrackPointExtension>
        </extensions>
      </trkpt>
      <trkpt lat="23.049330152571201324462890625" lon="113.30171789042651653289794921875">
        <ele>2</ele>
        <time>2026-08-30T23:05:22.000Z</time>
        <extensions>
          <ns3:TrackPointExtension>
            <ns3:hr>120</ns3:hr>
            <ns3:cad>79</ns3:cad>
          </ns3:TrackPointExtension>
        </extensions>
      </trkpt>
      <trkpt lat="23.0493303202092647552490234375" lon="113.30172878690063953399658203125">
        <ele>2</ele>
        <time>2026-08-30T23:05:23.000Z</time>
        <extensions>
          <ns3:TrackPointExtension>
            <ns3:hr>120</ns3:hr>
            <ns3:cad>79</ns3:cad>
          </ns3:TrackPointExtension>
        </extensions>
      </trkpt>
      <trkpt lat="23.04933560080826282501220703125" lon="113.30174756236374378204345703125">
        <ele>2.2000000476837158203125</ele>
        <time>2026-08-30T23:05:24.000Z</time>
        <extensions>
          <ns3:TrackPointExtension>
            <ns3:hr>120</ns3:hr>
            <ns3:cad>79</ns3:cad>
          </ns3:TrackPointExtension>
        </extensions>
      </trkpt>
      <trkpt lat="23.04934716783463954925537109375" lon="113.3017714507877826690673828125">
        <ele>2.2000000476837158203125</ele>
        <time>2026-08-30T23:05:25.000Z</time>
        <extensions>
          <ns3:TrackPointExtension>
            <ns3:hr>120</ns3:hr>
            <ns3:cad>79</ns3:cad>
          </ns3:TrackPointExtension>
        </extensions>
      </trkpt>
      <trkpt lat="23.04932520724833011627197265625" lon="113.30178226344287395477294921875">
        <ele>2.2000000476837158203125</ele>
        <time>2026-08-30T23:05:26.000Z</time>
        <extensions>
          <ns3:TrackPointExtension>
            <ns3:hr>120</ns3:hr>
            <ns3:cad>79</ns3:cad>
          </ns3:TrackPointExtension>
        </extensions>
      </trkpt>
      <trkpt lat="23.04931967519223690032958984375" lon="113.30179533921182155609130859375">
        <ele>2.2000000476837158203125</ele>
        <time>2026-08-30T23:05:27.000Z</time>
        <extensions>
          <ns3:TrackPointExtension>
            <ns3:hr>119</ns3:hr>
            <ns3:cad>79</ns3:cad>
          </ns3:TrackPointExtension>
        </extensions>
      </trkpt>
      <trkpt lat="23.04932319559156894683837890625" lon="113.30181486904621124267578125">
        <ele>2.2000000476837158203125</ele>
        <time>2026-08-30T23:05:28.000Z</time>
        <extensions>
          <ns3:TrackPointExtension>
            <ns3:hr>119</ns3:hr>
            <ns3:cad>78</ns3:cad>
          </ns3:TrackPointExtension>
        </extensions>
      </trkpt>
      <trkpt lat="23.04931305348873138427734375" lon="113.301815204322338104248046875">
        <ele>2.2000000476837158203125</ele>
        <time>2026-08-30T23:05:29.000Z</time>
        <extensions>
          <ns3:TrackPointExtension>
            <ns3:hr>118</ns3:hr>
            <ns3:cad>78</ns3:cad>
          </ns3:TrackPointExtension>
        </extensions>
      </trkpt>
      <trkpt lat="23.0493098683655261993408203125" lon="113.30181444995105266571044921875">
        <ele>2.2000000476837158203125</ele>
        <time>2026-08-30T23:05:30.000Z</time>
        <extensions>
          <ns3:TrackPointExtension>
            <ns3:hr>118</ns3:hr>
            <ns3:cad>78</ns3:cad>
          </ns3:TrackPointExtension>
        </extensions>
      </trkpt>
      <trkpt lat="23.04931095801293849945068359375" lon="113.30181780271232128143310546875">
        <ele>2.2000000476837158203125</ele>
        <time>2026-08-30T23:05:31.000Z</time>
        <extensions>
          <ns3:TrackPointExtension>
            <ns3:hr>118</ns3:hr>
            <ns3:cad>78</ns3:cad>
          </ns3:TrackPointExtension>
        </extensions>
      </trkpt>
      <trkpt lat="23.0492917634546756744384765625" lon="113.30181042663753032684326171875">
        <ele>2.2000000476837158203125</ele>
        <time>2026-08-30T23:05:32.000Z</time>
        <extensions>
          <ns3:TrackPointExtension>
            <ns3:hr>118</ns3:hr>
            <ns3:cad>78</ns3:cad>
          </ns3:TrackPointExtension>
        </extensions>
      </trkpt>
      <trkpt lat="23.049286566674709320068359375" lon="113.30180170945823192596435546875">
        <ele>2.2000000476837158203125</ele>
        <time>2026-08-30T23:05:33.000Z</time>
        <extensions>
          <ns3:TrackPointExtension>
            <ns3:hr>118</ns3:hr>
            <ns3:cad>79</ns3:cad>
          </ns3:TrackPointExtension>
        </extensions>
      </trkpt>
      <trkpt lat="23.04929603822529315948486328125" lon="113.30178804695606231689453125">
        <ele>2.2000000476837158203125</ele>
        <time>2026-08-30T23:05:34.000Z</time>
        <extensions>
          <ns3:TrackPointExtension>
            <ns3:hr>117</ns3:hr>
            <ns3:cad>79</ns3:cad>
          </ns3:TrackPointExtension>
        </extensions>
      </trkpt>
      <trkpt lat="23.04930157028138637542724609375" lon="113.301801122725009918212890625">
        <ele>2.2000000476837158203125</ele>
        <time>2026-08-30T23:05:35.000Z</time>
        <extensions>
          <ns3:TrackPointExtension>
            <ns3:hr>117</ns3:hr>
            <ns3:cad>80</ns3:cad>
          </ns3:TrackPointExtension>
        </extensions>
      </trkpt>
      <trkpt lat="23.04929704405367374420166015625" lon="113.3018006198108196258544921875">
        <ele>2.2000000476837158203125</ele>
        <time>2026-08-30T23:05:36.000Z</time>
        <extensions>
          <ns3:TrackPointExtension>
            <ns3:hr>117</ns3:hr>
            <ns3:cad>80</ns3:cad>
          </ns3:TrackPointExtension>
        </extensions>
      </trkpt>
      <trkpt lat="23.049284555017948150634765625" lon="113.30179751850664615631103515625">
        <ele>2.2000000476837158203125</ele>
        <time>2026-08-30T23:05:37.000Z</time>
        <extensions>
          <ns3:TrackPointExtension>
            <ns3:hr>116</ns3:hr>
            <ns3:cad>80</ns3:cad>
          </ns3:TrackPointExtension>
        </extensions>
      </trkpt>
      <trkpt lat="23.04925748147070407867431640625" lon="113.3018012903630733489990234375">
        <ele>2.400000095367431640625</ele>
        <time>2026-08-30T23:05:38.000Z</time>
        <extensions>
          <ns3:TrackPointExtension>
            <ns3:hr>116</ns3:hr>
            <ns3:cad>78</ns3:cad>
          </ns3:TrackPointExtension>
        </extensions>
      </trkpt>
      <trkpt lat="23.0492324195802211761474609375" lon="113.3017986081540584564208984375">
        <ele>2.400000095367431640625</ele>
        <time>2026-08-30T23:05:39.000Z</time>
        <extensions>
          <ns3:TrackPointExtension>
            <ns3:hr>116</ns3:hr>
            <ns3:cad>78</ns3:cad>
          </ns3:TrackPointExtension>
        </extensions>
      </trkpt>
      <trkpt lat="23.04920434020459651947021484375" lon="113.30179031006991863250732421875">
        <ele>2.400000095367431640625</ele>
        <time>2026-08-30T23:05:40.000Z</time>
        <extensions>
          <ns3:TrackPointExtension>
            <ns3:hr>116</ns3:hr>
            <ns3:cad>79</ns3:cad>
          </ns3:TrackPointExtension>
        </extensions>
      </trkpt>
      <trkpt lat="23.0491895042359828948974609375" lon="113.30179668031632900238037109375">
        <ele>2.400000095367431640625</ele>
        <time>2026-08-30T23:05:41.000Z</time>
        <extensions>
          <ns3:TrackPointExtension>
            <ns3:hr>116</ns3:hr>
            <ns3:cad>79</ns3:cad>
          </ns3:TrackPointExtension>
        </extensions>
      </trkpt>
      <trkpt lat="23.04918967187404632568359375" lon="113.3017999492585659027099609375">
        <ele>2.400000095367431640625</ele>
        <time>2026-08-30T23:05:42.000Z</time>
        <extensions>
          <ns3:TrackPointExtension>
            <ns3:hr>116</ns3:hr>
            <ns3:cad>79</ns3:cad>
          </ns3:TrackPointExtension>
        </extensions>
      </trkpt>
      <trkpt lat="23.04919042624533176422119140625" lon="113.30181562341749668121337890625">
        <ele>2.400000095367431640625</ele>
        <time>2026-08-30T23:05:43.000Z</time>
        <extensions>
          <ns3:TrackPointExtension>
            <ns3:hr>116</ns3:hr>
            <ns3:cad>79</ns3:cad>
          </ns3:TrackPointExtension>
        </extensions>
      </trkpt>
      <trkpt lat="23.04918757639825344085693359375" lon="113.30182551406323909759521484375">
        <ele>2.400000095367431640625</ele>
        <time>2026-08-30T23:05:44.000Z</time>
        <extensions>
          <ns3:TrackPointExtension>
            <ns3:hr>116</ns3:hr>
            <ns3:cad>79</ns3:cad>
          </ns3:TrackPointExtension>
        </extensions>
      </trkpt>
      <trkpt lat="23.04918388836085796356201171875" lon="113.30185820348560810089111328125">
        <ele>2.400000095367431640625</ele>
        <time>2026-08-30T23:05:45.000Z</time>
        <extensions>
          <ns3:TrackPointExtension>
            <ns3:hr>116</ns3:hr>
            <ns3:cad>79</ns3:cad>
          </ns3:TrackPointExtension>
        </extensions>
      </trkpt>
      <trkpt lat="23.04919361136853694915771484375" lon="113.30188536085188388824462890625">
        <ele>2.400000095367431640625</ele>
        <time>2026-08-30T23:05:46.000Z</time>
        <extensions>
          <ns3:TrackPointExtension>
            <ns3:hr>116</ns3:hr>
            <ns3:cad>79</ns3:cad>
          </ns3:TrackPointExtension>
        </extensions>
      </trkpt>
      <trkpt lat="23.04919377900660037994384765625" lon="113.30190514214336872100830078125">
        <ele>2.400000095367431640625</ele>
        <time>2026-08-30T23:05:47.000Z</time>
        <extensions>
          <ns3:TrackPointExtension>
            <ns3:hr>115</ns3:hr>
            <ns3:cad>80</ns3:cad>
          </ns3:TrackPointExtension>
        </extensions>
      </trkpt>
      <trkpt lat="23.0491995625197887420654296875" lon="113.3019283600151538848876953125">
        <ele>2.400000095367431640625</ele>
        <time>2026-08-30T23:05:48.000Z</time>
        <extensions>
          <ns3:TrackPointExtension>
            <ns3:hr>115</ns3:hr>
            <ns3:cad>80</ns3:cad>
          </ns3:TrackPointExtension>
        </extensions>
      </trkpt>
      <trkpt lat="23.049216158688068389892578125" lon="113.3019343949854373931884765625">
        <ele>2.400000095367431640625</ele>
        <time>2026-08-30T23:05:49.000Z</time>
        <extensions>
          <ns3:TrackPointExtension>
            <ns3:hr>115</ns3:hr>
            <ns3:cad>80</ns3:cad>
          </ns3:TrackPointExtension>
        </extensions>
      </trkpt>
      <trkpt lat="23.049224875867366790771484375" lon="113.30194763839244842529296875">
        <ele>2.400000095367431640625</ele>
        <time>2026-08-30T23:05:50.000Z</time>
        <extensions>
          <ns3:TrackPointExtension>
            <ns3:hr>115</ns3:hr>
            <ns3:cad>79</ns3:cad>
          </ns3:TrackPointExtension>
        </extensions>
      </trkpt>
      <trkpt lat="23.0492334254086017608642578125" lon="113.30194856040179729461669921875">
        <ele>2.400000095367431640625</ele>
        <time>2026-08-30T23:05:51.000Z</time>
        <extensions>
          <ns3:TrackPointExtension>
            <ns3:hr>115</ns3:hr>
            <ns3:cad>79</ns3:cad>
          </ns3:TrackPointExtension>
        </extensions>
      </trkpt>
      <trkpt lat="23.04925396107137203216552734375" lon="113.3019635640084743499755859375">
        <ele>2.400000095367431640625</ele>
        <time>2026-08-30T23:05:52.000Z</time>
        <extensions>
          <ns3:TrackPointExtension>
            <ns3:hr>115</ns3:hr>
            <ns3:cad>79</ns3:cad>
          </ns3:TrackPointExtension>
        </extensions>
      </trkpt>
      <trkpt lat="23.0492599122226238250732421875" lon="113.30196641385555267333984375">
        <ele>2.400000095367431640625</ele>
        <time>2026-08-30T23:05:53.000Z</time>
        <extensions>
          <ns3:TrackPointExtension>
            <ns3:hr>114</ns3:hr>
            <ns3:cad>80</ns3:cad>
          </ns3:TrackPointExtension>
        </extensions>
      </trkpt>
      <trkpt lat="23.04928128607571125030517578125" lon="113.30195710994303226470947265625">
        <ele>2.400000095367431640625</ele>
        <time>2026-08-30T23:05:54.000Z</time>
        <extensions>
          <ns3:TrackPointExtension>
            <ns3:hr>114</ns3:hr>
            <ns3:cad>81</ns3:cad>
          </ns3:TrackPointExtension>
        </extensions>
      </trkpt>
      <trkpt lat="23.049308694899082183837890625" lon="113.30194973386824131011962890625">
        <ele>2.400000095367431640625</ele>
        <time>2026-08-30T23:05:55.000Z</time>
        <extensions>
          <ns3:TrackPointExtension>
            <ns3:hr>114</ns3:hr>
            <ns3:cad>81</ns3:cad>
          </ns3:TrackPointExtension>
        </extensions>
      </trkpt>
      <trkpt lat="23.04932218976318836212158203125" lon="113.30195928923785686492919921875">
        <ele>2.400000095367431640625</ele>
        <time>2026-08-30T23:05:56.000Z</time>
        <extensions>
          <ns3:TrackPointExtension>
            <ns3:hr>114</ns3:hr>
            <ns3:cad>80</ns3:cad>
          </ns3:TrackPointExtension>
        </extensions>
      </trkpt>
      <trkpt lat="23.04934515617787837982177734375" lon="113.3019488118588924407958984375">
        <ele>2.2000000476837158203125</ele>
        <time>2026-08-30T23:05:57.000Z</time>
        <extensions>
          <ns3:TrackPointExtension>
            <ns3:hr>114</ns3:hr>
            <ns3:cad>80</ns3:cad>
          </ns3:TrackPointExtension>
        </extensions>
      </trkpt>
      <trkpt lat="23.04936896078288555145263671875" lon="113.30195073969662189483642578125">
        <ele>2.2000000476837158203125</ele>
        <time>2026-08-30T23:05:58.000Z</time>
        <extensions>
          <ns3:TrackPointExtension>
            <ns3:hr>114</ns3:hr>
            <ns3:cad>79</ns3:cad>
          </ns3:TrackPointExtension>
        </extensions>
      </trkpt>
      <trkpt lat="23.04940785281360149383544921875" lon="113.301950991153717041015625">
        <ele>2.2000000476837158203125</ele>
        <time>2026-08-30T23:05:59.000Z</time>
        <extensions>
          <ns3:TrackPointExtension>
            <ns3:hr>114</ns3:hr>
            <ns3:cad>79</ns3:cad>
          </ns3:TrackPointExtension>
        </extensions>
      </trkpt>
      <trkpt lat="23.04942947812378406524658203125" lon="113.30193665809929370880126953125">
        <ele>2.2000000476837158203125</ele>
        <time>2026-08-30T23:06:00.000Z</time>
        <extensions>
          <ns3:TrackPointExtension>
            <ns3:hr>113</ns3:hr>
            <ns3:cad>79</ns3:cad>
          </ns3:TrackPointExtension>
        </extensions>
      </trkpt>
      <trkpt lat="23.04945160634815692901611328125" lon="113.30193079076707363128662109375">
        <ele>2.2000000476837158203125</ele>
        <time>2026-08-30T23:06:01.000Z</time>
        <extensions>
          <ns3:TrackPointExtension>
            <ns3:hr>113</ns3:hr>
            <ns3:cad>79</ns3:cad>
          </ns3:TrackPointExtension>
        </extensions>
      </trkpt>
      <trkpt lat="23.04947339929640293121337890625" lon="113.30193162895739078521728515625">
        <ele>2.2000000476837158203125</ele>
        <time>2026-08-30T23:06:02.000Z</time>
        <extensions>
          <ns3:TrackPointExtension>
            <ns3:hr>113</ns3:hr>
            <ns3:cad>79</ns3:cad>
          </ns3:TrackPointExtension>
        </extensions>
      </trkpt>
      <trkpt lat="23.049490749835968017578125" lon="113.3019216544926166534423828125">
        <ele>2.2000000476837158203125</ele>
        <time>2026-08-30T23:06:03.000Z</time>
        <extensions>
          <ns3:TrackPointExtension>
            <ns3:hr>114</ns3:hr>
            <ns3:cad>79</ns3:cad>
          </ns3:TrackPointExtension>
        </extensions>
      </trkpt>
      <trkpt lat="23.049511201679706573486328125" lon="113.301915116608142852783203125">
        <ele>2.2000000476837158203125</ele>
        <time>2026-08-30T23:06:04.000Z</time>
        <extensions>
          <ns3:TrackPointExtension>
            <ns3:hr>114</ns3:hr>
            <ns3:cad>79</ns3:cad>
          </ns3:TrackPointExtension>
        </extensions>
      </trkpt>
      <trkpt lat="23.0495365150272846221923828125" lon="113.30192090012133121490478515625">
        <ele>2.2000000476837158203125</ele>
        <time>2026-08-30T23:06:05.000Z</time>
        <extensions>
          <ns3:TrackPointExtension>
            <ns3:hr>115</ns3:hr>
            <ns3:cad>80</ns3:cad>
          </ns3:TrackPointExtension>
        </extensions>
      </trkpt>
      <trkpt lat="23.04955185391008853912353515625" lon="113.3019013702869415283203125">
        <ele>2.400000095367431640625</ele>
        <time>2026-08-30T23:06:06.000Z</time>
        <extensions>
          <ns3:TrackPointExtension>
            <ns3:hr>116</ns3:hr>
            <ns3:cad>80</ns3:cad>
          </ns3:TrackPointExtension>
        </extensions>
      </trkpt>
      <trkpt lat="23.049571216106414794921875" lon="113.3018941618502140045166015625">
        <ele>2.400000095367431640625</ele>
        <time>2026-08-30T23:06:07.000Z</time>
        <extensions>
          <ns3:TrackPointExtension>
            <ns3:hr>116</ns3:hr>
            <ns3:cad>80</ns3:cad>
          </ns3:TrackPointExtension>
        </extensions>
      </trkpt>
      <trkpt lat="23.04958621971309185028076171875" lon="113.30190782435238361358642578125">
        <ele>2.400000095367431640625</ele>
        <time>2026-08-30T23:06:08.000Z</time>
        <extensions>
          <ns3:TrackPointExtension>
            <ns3:hr>117</ns3:hr>
            <ns3:cad>80</ns3:cad>
          </ns3:TrackPointExtension>
        </extensions>
      </trkpt>
      <trkpt lat="23.04959024302661418914794921875" lon="113.30190966837108135223388671875">
        <ele>2.400000095367431640625</ele>
        <time>2026-08-30T23:06:09.000Z</time>
        <extensions>
          <ns3:TrackPointExtension>
            <ns3:hr>117</ns3:hr>
            <ns3:cad>79</ns3:cad>
          </ns3:TrackPointExtension>
        </extensions>
      </trkpt>
      <trkpt lat="23.0496047437191009521484375" lon="113.30190279521048069000244140625">
        <ele>2.400000095367431640625</ele>
        <time>2026-08-30T23:06:10.000Z</time>
        <extensions>
          <ns3:TrackPointExtension>
            <ns3:hr>117</ns3:hr>
            <ns3:cad>79</ns3:cad>
          </ns3:TrackPointExtension>
        </extensions>
      </trkpt>
      <trkpt lat="23.04962209425866603851318359375" lon="113.3019161224365234375">
        <ele>2.400000095367431640625</ele>
        <time>2026-08-30T23:06:11.000Z</time>
        <extensions>
          <ns3:TrackPointExtension>
            <ns3:hr>118</ns3:hr>
            <ns3:cad>79</ns3:cad>
          </ns3:TrackPointExtension>
        </extensions>
      </trkpt>
      <trkpt lat="23.04962678812444210052490234375" lon="113.3019129373133182525634765625">
        <ele>2.400000095367431640625</ele>
        <time>2026-08-30T23:06:12.000Z</time>
        <extensions>
          <ns3:TrackPointExtension>
            <ns3:hr>118</ns3:hr>
            <ns3:cad>79</ns3:cad>
          </ns3:TrackPointExtension>
        </extensions>
      </trkpt>
      <trkpt lat="23.04964858107268810272216796875" lon="113.3019012026488780975341796875">
        <ele>2.2000000476837158203125</ele>
        <time>2026-08-30T23:06:13.000Z</time>
        <extensions>
          <ns3:TrackPointExtension>
            <ns3:hr>118</ns3:hr>
            <ns3:cad>78</ns3:cad>
          </ns3:TrackPointExtension>
        </extensions>
      </trkpt>
      <trkpt lat="23.049660734832286834716796875" lon="113.30191771499812602996826171875">
        <ele>2.2000000476837158203125</ele>
        <time>2026-08-30T23:06:14.000Z</time>
        <extensions>
          <ns3:TrackPointExtension>
            <ns3:hr>118</ns3:hr>
            <ns3:cad>78</ns3:cad>
          </ns3:TrackPointExtension>
        </extensions>
      </trkpt>
      <trkpt lat="23.04967582225799560546875" lon="113.30191184766590595245361328125">
        <ele>2.2000000476837158203125</ele>
        <time>2026-08-30T23:06:15.000Z</time>
        <extensions>
          <ns3:TrackPointExtension>
            <ns3:hr>118</ns3:hr>
            <ns3:cad>78</ns3:cad>
          </ns3:TrackPointExtension>
        </extensions>
      </trkpt>
      <trkpt lat="23.04969920776784420013427734375" lon="113.30189525149762630462646484375">
        <ele>2.2000000476837158203125</ele>
        <time>2026-08-30T23:06:16.000Z</time>
        <extensions>
          <ns3:TrackPointExtension>
            <ns3:hr>118</ns3:hr>
            <ns3:cad>79</ns3:cad>
          </ns3:TrackPointExtension>
        </extensions>
      </trkpt>
      <trkpt lat="23.04972653277218341827392578125" lon="113.30190128646790981292724609375">
        <ele>2.2000000476837158203125</ele>
        <time>2026-08-30T23:06:17.000Z</time>
        <extensions>
          <ns3:TrackPointExtension>
            <ns3:hr>118</ns3:hr>
            <ns3:cad>79</ns3:cad>
          </ns3:TrackPointExtension>
        </extensions>
      </trkpt>
      <trkpt lat="23.0497410334646701812744140625" lon="113.30190044827759265899658203125">
        <ele>2.2000000476837158203125</ele>
        <time>2026-08-30T23:06:18.000Z</time>
        <extensions>
          <ns3:TrackPointExtension>
            <ns3:hr>118</ns3:hr>
            <ns3:cad>79</ns3:cad>
          </ns3:TrackPointExtension>
        </extensions>
      </trkpt>
      <trkpt lat="23.04976039566099643707275390625" lon="113.301890976727008819580078125">
        <ele>2.2000000476837158203125</ele>
        <time>2026-08-30T23:06:19.000Z</time>
        <extensions>
          <ns3:TrackPointExtension>
            <ns3:hr>118</ns3:hr>
            <ns3:cad>79</ns3:cad>
          </ns3:TrackPointExtension>
        </extensions>
      </trkpt>
      <trkpt lat="23.0497886426746845245361328125" lon="113.30189709551632404327392578125">
        <ele>2.2000000476837158203125</ele>
        <time>2026-08-30T23:06:20.000Z</time>
        <extensions>
          <ns3:TrackPointExtension>
            <ns3:hr>118</ns3:hr>
            <ns3:cad>79</ns3:cad>
          </ns3:TrackPointExtension>
        </extensions>
      </trkpt>
      <trkpt lat="23.04979727603495121002197265625" lon="113.3019005320966243743896484375">
        <ele>2.2000000476837158203125</ele>
        <time>2026-08-30T23:06:21.000Z</time>
        <extensions>
          <ns3:TrackPointExtension>
            <ns3:hr>117</ns3:hr>
            <ns3:cad>79</ns3:cad>
          </ns3:TrackPointExtension>
        </extensions>
      </trkpt>
      <trkpt lat="23.0498154647648334503173828125" lon="113.30189667642116546630859375">
        <ele>2.2000000476837158203125</ele>
        <time>2026-08-30T23:06:22.000Z</time>
        <extensions>
          <ns3:TrackPointExtension>
            <ns3:hr>117</ns3:hr>
            <ns3:cad>79</ns3:cad>
          </ns3:TrackPointExtension>
        </extensions>
      </trkpt>
      <trkpt lat="23.04983952082693576812744140625" lon="113.3018955029547214508056640625">
        <ele>2.2000000476837158203125</ele>
        <time>2026-08-30T23:06:23.000Z</time>
        <extensions>
          <ns3:TrackPointExtension>
            <ns3:hr>117</ns3:hr>
            <ns3:cad>79</ns3:cad>
          </ns3:TrackPointExtension>
        </extensions>
      </trkpt>
      <trkpt lat="23.0498499982059001922607421875" lon="113.30190002918243408203125">
        <ele>2.2000000476837158203125</ele>
        <time>2026-08-30T23:06:24.000Z</time>
        <extensions>
          <ns3:TrackPointExtension>
            <ns3:hr>117</ns3:hr>
            <ns3:cad>79</ns3:cad>
          </ns3:TrackPointExtension>
        </extensions>
      </trkpt>
      <trkpt lat="23.0498624034225940704345703125" lon="113.301894329488277435302734375">
        <ele>2.2000000476837158203125</ele>
        <time>2026-08-30T23:06:25.000Z</time>
        <extensions>
          <ns3:TrackPointExtension>
            <ns3:hr>117</ns3:hr>
            <ns3:cad>79</ns3:cad>
          </ns3:TrackPointExtension>
        </extensions>
      </trkpt>
      <trkpt lat="23.0498865433037281036376953125" lon="113.3018924854695796966552734375">
        <ele>2.2000000476837158203125</ele>
        <time>2026-08-30T23:06:26.000Z</time>
        <extensions>
          <ns3:TrackPointExtension>
            <ns3:hr>118</ns3:hr>
            <ns3:cad>79</ns3:cad>
          </ns3:TrackPointExtension>
        </extensions>
      </trkpt>
      <trkpt lat="23.04990087635815143585205078125" lon="113.301909752190113067626953125">
        <ele>2.2000000476837158203125</ele>
        <time>2026-08-30T23:06:27.000Z</time>
        <extensions>
          <ns3:TrackPointExtension>
            <ns3:hr>117</ns3:hr>
            <ns3:cad>79</ns3:cad>
          </ns3:TrackPointExtension>
        </extensions>
      </trkpt>
      <trkpt lat="23.0499190650880336761474609375" lon="113.30189441330730915069580078125">
        <ele>2.2000000476837158203125</ele>
        <time>2026-08-30T23:06:28.000Z</time>
        <extensions>
          <ns3:TrackPointExtension>
            <ns3:hr>117</ns3:hr>
            <ns3:cad>79</ns3:cad>
          </ns3:TrackPointExtension>
        </extensions>
      </trkpt>
      <trkpt lat="23.0499427020549774169921875" lon="113.301893658936023712158203125">
        <ele>2.2000000476837158203125</ele>
        <time>2026-08-30T23:06:29.000Z</time>
        <extensions>
          <ns3:TrackPointExtension>
            <ns3:hr>118</ns3:hr>
            <ns3:cad>79</ns3:cad>
          </ns3:TrackPointExtension>
        </extensions>
      </trkpt>
      <trkpt lat="23.0499609746038913726806640625" lon="113.30190463922917842864990234375">
        <ele>2.2000000476837158203125</ele>
        <time>2026-08-30T23:06:30.000Z</time>
        <extensions>
          <ns3:TrackPointExtension>
            <ns3:hr>118</ns3:hr>
            <ns3:cad>79</ns3:cad>
          </ns3:TrackPointExtension>
        </extensions>
      </trkpt>
      <trkpt lat="23.0499760620296001434326171875" lon="113.30190011300146579742431640625">
        <ele>2.2000000476837158203125</ele>
        <time>2026-08-30T23:06:31.000Z</time>
        <extensions>
          <ns3:TrackPointExtension>
            <ns3:hr>118</ns3:hr>
            <ns3:cad>79</ns3:cad>
          </ns3:TrackPointExtension>
        </extensions>
      </trkpt>
      <trkpt lat="23.04999693296849727630615234375" lon="113.301903046667575836181640625">
        <ele>2.2000000476837158203125</ele>
        <time>2026-08-30T23:06:32.000Z</time>
        <extensions>
          <ns3:TrackPointExtension>
            <ns3:hr>118</ns3:hr>
            <ns3:cad>79</ns3:cad>
          </ns3:TrackPointExtension>
        </extensions>
      </trkpt>
      <trkpt lat="23.0500183068215847015380859375" lon="113.30191100947558879852294921875">
        <ele>2.2000000476837158203125</ele>
        <time>2026-08-30T23:06:33.000Z</time>
        <extensions>
          <ns3:TrackPointExtension>
            <ns3:hr>119</ns3:hr>
            <ns3:cad>79</ns3:cad>
          </ns3:TrackPointExtension>
        </extensions>
      </trkpt>
      <trkpt lat="23.05001839064061641693115234375" lon="113.30190883018076419830322265625">
        <ele>2.400000095367431640625</ele>
        <time>2026-08-30T23:06:34.000Z</time>
        <extensions>
          <ns3:TrackPointExtension>
            <ns3:hr>119</ns3:hr>
            <ns3:cad>79</ns3:cad>
          </ns3:TrackPointExtension>
        </extensions>
      </trkpt>
      <trkpt lat="23.05003481917083263397216796875" lon="113.301904387772083282470703125">
        <ele>2.400000095367431640625</ele>
        <time>2026-08-30T23:06:35.000Z</time>
        <extensions>
          <ns3:TrackPointExtension>
            <ns3:hr>119</ns3:hr>
            <ns3:cad>79</ns3:cad>
          </ns3:TrackPointExtension>
        </extensions>
      </trkpt>
      <trkpt lat="23.0500457994639873504638671875" lon="113.30190078355371952056884765625">
        <ele>2.400000095367431640625</ele>
        <time>2026-08-30T23:06:36.000Z</time>
        <extensions>
          <ns3:TrackPointExtension>
            <ns3:hr>119</ns3:hr>
            <ns3:cad>79</ns3:cad>
          </ns3:TrackPointExtension>
        </extensions>
      </trkpt>
      <trkpt lat="23.050045631825923919677734375" lon="113.3018958382308483123779296875">
        <ele>2.400000095367431640625</ele>
        <time>2026-08-30T23:06:37.000Z</time>
        <extensions>
          <ns3:TrackPointExtension>
            <ns3:hr>119</ns3:hr>
            <ns3:cad>79</ns3:cad>
          </ns3:TrackPointExtension>
        </extensions>
      </trkpt>
      <trkpt lat="23.05004957132041454315185546875" lon="113.3018790744245052337646484375">
        <ele>2.2000000476837158203125</ele>
        <time>2026-08-30T23:06:38.000Z</time>
        <extensions>
          <ns3:TrackPointExtension>
            <ns3:hr>120</ns3:hr>
            <ns3:cad>79</ns3:cad>
          </ns3:TrackPointExtension>
        </extensions>
      </trkpt>
      <trkpt lat="23.0500558577477931976318359375" lon="113.3018606342375278472900390625">
        <ele>2.2000000476837158203125</ele>
        <time>2026-08-30T23:06:39.000Z</time>
        <extensions>
          <ns3:TrackPointExtension>
            <ns3:hr>120</ns3:hr>
            <ns3:cad>79</ns3:cad>
          </ns3:TrackPointExtension>
        </extensions>
      </trkpt>
      <trkpt lat="23.05006734095513820648193359375" lon="113.30185049213469028472900390625">
        <ele>2.2000000476837158203125</ele>
        <time>2026-08-30T23:06:40.000Z</time>
        <extensions>
          <ns3:TrackPointExtension>
            <ns3:hr>120</ns3:hr>
            <ns3:cad>79</ns3:cad>
          </ns3:TrackPointExtension>
        </extensions>
      </trkpt>
      <trkpt lat="23.0500580370426177978515625" lon="113.30183389596641063690185546875">
        <ele>2.2000000476837158203125</ele>
        <time>2026-08-30T23:06:41.000Z</time>
        <extensions>
          <ns3:TrackPointExtension>
            <ns3:hr>119</ns3:hr>
            <ns3:cad>79</ns3:cad>
          </ns3:TrackPointExtension>
        </extensions>
      </trkpt>
      <trkpt lat="23.0500639043748378753662109375" lon="113.30181595869362354278564453125">
        <ele>2.2000000476837158203125</ele>
        <time>2026-08-30T23:06:42.000Z</time>
        <extensions>
          <ns3:TrackPointExtension>
            <ns3:hr>119</ns3:hr>
            <ns3:cad>79</ns3:cad>
          </ns3:TrackPointExtension>
        </extensions>
      </trkpt>
      <trkpt lat="23.05006952024996280670166015625" lon="113.30180791206657886505126953125">
        <ele>2.2000000476837158203125</ele>
        <time>2026-08-30T23:06:43.000Z</time>
        <extensions>
          <ns3:TrackPointExtension>
            <ns3:hr>119</ns3:hr>
            <ns3:cad>79</ns3:cad>
          </ns3:TrackPointExtension>
        </extensions>
      </trkpt>
      <trkpt lat="23.05007706396281719207763671875" lon="113.30178628675639629364013671875">
        <ele>2.2000000476837158203125</ele>
        <time>2026-08-30T23:06:44.000Z</time>
        <extensions>
          <ns3:TrackPointExtension>
            <ns3:hr>121</ns3:hr>
            <ns3:cad>78</ns3:cad>
          </ns3:TrackPointExtension>
        </extensions>
      </trkpt>
      <trkpt lat="23.05009332485496997833251953125" lon="113.30175795592367649078369140625">
        <ele>2.2000000476837158203125</ele>
        <time>2026-08-30T23:06:45.000Z</time>
        <extensions>
          <ns3:TrackPointExtension>
            <ns3:hr>121</ns3:hr>
            <ns3:cad>78</ns3:cad>
          </ns3:TrackPointExtension>
        </extensions>
      </trkpt>
      <trkpt lat="23.0501158721745014190673828125" lon="113.30173633061349391937255859375">
        <ele>2.2000000476837158203125</ele>
        <time>2026-08-30T23:06:46.000Z</time>
        <extensions>
          <ns3:TrackPointExtension>
            <ns3:hr>121</ns3:hr>
            <ns3:cad>78</ns3:cad>
          </ns3:TrackPointExtension>
        </extensions>
      </trkpt>
      <trkpt lat="23.0501353181898593902587890625" lon="113.30171956680715084075927734375">
        <ele>2</ele>
        <time>2026-08-30T23:06:47.000Z</time>
        <extensions>
          <ns3:TrackPointExtension>
            <ns3:hr>120</ns3:hr>
            <ns3:cad>79</ns3:cad>
          </ns3:TrackPointExtension>
        </extensions>
      </trkpt>
      <trkpt lat="23.05016624741256237030029296875" lon="113.30170984379947185516357421875">
        <ele>2</ele>
        <time>2026-08-30T23:06:48.000Z</time>
        <extensions>
          <ns3:TrackPointExtension>
            <ns3:hr>120</ns3:hr>
            <ns3:cad>79</ns3:cad>
          </ns3:TrackPointExtension>
        </extensions>
      </trkpt>
      <trkpt lat="23.0501939915120601654052734375" lon="113.301704563200473785400390625">
        <ele>2</ele>
        <time>2026-08-30T23:06:49.000Z</time>
        <extensions>
          <ns3:TrackPointExtension>
            <ns3:hr>120</ns3:hr>
            <ns3:cad>79</ns3:cad>
          </ns3:TrackPointExtension>
        </extensions>
      </trkpt>
      <trkpt lat="23.050219304859638214111328125" lon="113.3016943372786045074462890625">
        <ele>2.2000000476837158203125</ele>
        <time>2026-08-30T23:06:50.000Z</time>
        <extensions>
          <ns3:TrackPointExtension>
            <ns3:hr>120</ns3:hr>
            <ns3:cad>79</ns3:cad>
          </ns3:TrackPointExtension>
        </extensions>
      </trkpt>
      <trkpt lat="23.050256855785846710205078125" lon="113.30168721266090869903564453125">
        <ele>2.2000000476837158203125</ele>
        <time>2026-08-30T23:06:51.000Z</time>
        <extensions>
          <ns3:TrackPointExtension>
            <ns3:hr>119</ns3:hr>
            <ns3:cad>79</ns3:cad>
          </ns3:TrackPointExtension>
        </extensions>
      </trkpt>
      <trkpt lat="23.0502887070178985595703125" lon="113.3016829378902912139892578125">
        <ele>2.2000000476837158203125</ele>
        <time>2026-08-30T23:06:52.000Z</time>
        <extensions>
          <ns3:TrackPointExtension>
            <ns3:hr>120</ns3:hr>
            <ns3:cad>79</ns3:cad>
          </ns3:TrackPointExtension>
        </extensions>
      </trkpt>
      <trkpt lat="23.0503146909177303314208984375" lon="113.3016705326735973358154296875">
        <ele>2.2000000476837158203125</ele>
        <time>2026-08-30T23:06:53.000Z</time>
        <extensions>
          <ns3:TrackPointExtension>
            <ns3:hr>120</ns3:hr>
            <ns3:cad>79</ns3:cad>
          </ns3:TrackPointExtension>
        </extensions>
      </trkpt>
      <trkpt lat="23.05034260265529155731201171875" lon="113.30166391097009181976318359375">
        <ele>2.2000000476837158203125</ele>
        <time>2026-08-30T23:06:54.000Z</time>
        <extensions>
          <ns3:TrackPointExtension>
            <ns3:hr>120</ns3:hr>
            <ns3:cad>79</ns3:cad>
          </ns3:TrackPointExtension>
        </extensions>
      </trkpt>
      <trkpt lat="23.05036691017448902130126953125" lon="113.301665671169757843017578125">
        <ele>2.2000000476837158203125</ele>
        <time>2026-08-30T23:06:55.000Z</time>
        <extensions>
          <ns3:TrackPointExtension>
            <ns3:hr>119</ns3:hr>
            <ns3:cad>79</ns3:cad>
          </ns3:TrackPointExtension>
        </extensions>
      </trkpt>
      <trkpt lat="23.0503864400088787078857421875" lon="113.3016581274569034576416015625">
        <ele>2.2000000476837158203125</ele>
        <time>2026-08-30T23:06:56.000Z</time>
        <extensions>
          <ns3:TrackPointExtension>
            <ns3:hr>120</ns3:hr>
            <ns3:cad>79</ns3:cad>
          </ns3:TrackPointExtension>
        </extensions>
      </trkpt>
      <trkpt lat="23.0504147708415985107421875" lon="113.30165284685790538787841796875">
        <ele>2.2000000476837158203125</ele>
        <time>2026-08-30T23:06:57.000Z</time>
        <extensions>
          <ns3:TrackPointExtension>
            <ns3:hr>120</ns3:hr>
            <ns3:cad>79</ns3:cad>
          </ns3:TrackPointExtension>
        </extensions>
      </trkpt>
      <trkpt lat="23.0504427663981914520263671875" lon="113.30165150575339794158935546875">
        <ele>2.2000000476837158203125</ele>
        <time>2026-08-30T23:06:58.000Z</time>
        <extensions>
          <ns3:TrackPointExtension>
            <ns3:hr>121</ns3:hr>
            <ns3:cad>79</ns3:cad>
          </ns3:TrackPointExtension>
        </extensions>
      </trkpt>
      <trkpt lat="23.0504635535180568695068359375" lon="113.301643542945384979248046875">
        <ele>2.400000095367431640625</ele>
        <time>2026-08-30T23:06:59.000Z</time>
        <extensions>
          <ns3:TrackPointExtension>
            <ns3:hr>121</ns3:hr>
            <ns3:cad>79</ns3:cad>
          </ns3:TrackPointExtension>
        </extensions>
      </trkpt>
      <trkpt lat="23.05048945359885692596435546875" lon="113.30163759179413318634033203125">
        <ele>2.400000095367431640625</ele>
        <time>2026-08-30T23:07:00.000Z</time>
        <extensions>
          <ns3:TrackPointExtension>
            <ns3:hr>121</ns3:hr>
            <ns3:cad>79</ns3:cad>
          </ns3:TrackPointExtension>
        </extensions>
      </trkpt>
      <trkpt lat="23.050519041717052459716796875" lon="113.3016403578221797943115234375">
        <ele>2.400000095367431640625</ele>
        <time>2026-08-30T23:07:01.000Z</time>
        <extensions>
          <ns3:TrackPointExtension>
            <ns3:hr>121</ns3:hr>
            <ns3:cad>79</ns3:cad>
          </ns3:TrackPointExtension>
        </extensions>
      </trkpt>
      <trkpt lat="23.0505332909524440765380859375" lon="113.30164144746959209442138671875">
        <ele>2.400000095367431640625</ele>
        <time>2026-08-30T23:07:02.000Z</time>
        <extensions>
          <ns3:TrackPointExtension>
            <ns3:hr>120</ns3:hr>
            <ns3:cad>79</ns3:cad>
          </ns3:TrackPointExtension>
        </extensions>
      </trkpt>
      <trkpt lat="23.05055114440619945526123046875" lon="113.301646225154399871826171875">
        <ele>2.400000095367431640625</ele>
        <time>2026-08-30T23:07:03.000Z</time>
        <extensions>
          <ns3:TrackPointExtension>
            <ns3:hr>120</ns3:hr>
            <ns3:cad>79</ns3:cad>
          </ns3:TrackPointExtension>
        </extensions>
      </trkpt>
      <trkpt lat="23.05057662539184093475341796875" lon="113.30166156403720378875732421875">
        <ele>2.400000095367431640625</ele>
        <time>2026-08-30T23:07:04.000Z</time>
        <extensions>
          <ns3:TrackPointExtension>
            <ns3:hr>119</ns3:hr>
            <ns3:cad>79</ns3:cad>
          </ns3:TrackPointExtension>
        </extensions>
      </trkpt>
      <trkpt lat="23.05059372447431087493896484375" lon="113.30166307277977466583251953125">
        <ele>2.400000095367431640625</ele>
        <time>2026-08-30T23:07:05.000Z</time>
        <extensions>
          <ns3:TrackPointExtension>
            <ns3:hr>119</ns3:hr>
            <ns3:cad>79</ns3:cad>
          </ns3:TrackPointExtension>
        </extensions>
      </trkpt>
      <trkpt lat="23.05060923099517822265625" lon="113.30166407860815525054931640625">
        <ele>2.400000095367431640625</ele>
        <time>2026-08-30T23:07:06.000Z</time>
        <extensions>
          <ns3:TrackPointExtension>
            <ns3:hr>120</ns3:hr>
            <ns3:cad>79</ns3:cad>
          </ns3:TrackPointExtension>
        </extensions>
      </trkpt>
      <trkpt lat="23.050623647868633270263671875" lon="113.3016986958682537078857421875">
        <ele>2.400000095367431640625</ele>
        <time>2026-08-30T23:07:07.000Z</time>
        <extensions>
          <ns3:TrackPointExtension>
            <ns3:hr>120</ns3:hr>
            <ns3:cad>78</ns3:cad>
          </ns3:TrackPointExtension>
        </extensions>
      </trkpt>
      <trkpt lat="23.0506291799247264862060546875" lon="113.3017157949507236480712890625">
        <ele>2.400000095367431640625</ele>
        <time>2026-08-30T23:07:08.000Z</time>
        <extensions>
          <ns3:TrackPointExtension>
            <ns3:hr>120</ns3:hr>
            <ns3:cad>78</ns3:cad>
          </ns3:TrackPointExtension>
        </extensions>
      </trkpt>
      <trkpt lat="23.0506382323801517486572265625" lon="113.30173767171800136566162109375">
        <ele>2.400000095367431640625</ele>
        <time>2026-08-30T23:07:09.000Z</time>
        <extensions>
          <ns3:TrackPointExtension>
            <ns3:hr>120</ns3:hr>
            <ns3:cad>79</ns3:cad>
          </ns3:TrackPointExtension>
        </extensions>
      </trkpt>
      <trkpt lat="23.0506378971040248870849609375" lon="113.3017691038548946380615234375">
        <ele>2.400000095367431640625</ele>
        <time>2026-08-30T23:07:10.000Z</time>
        <extensions>
          <ns3:TrackPointExtension>
            <ns3:hr>120</ns3:hr>
            <ns3:cad>79</ns3:cad>
          </ns3:TrackPointExtension>
        </extensions>
      </trkpt>
      <trkpt lat="23.0506348796188831329345703125" lon="113.30178561620414257049560546875">
        <ele>2.400000095367431640625</ele>
        <time>2026-08-30T23:07:11.000Z</time>
        <extensions>
          <ns3:TrackPointExtension>
            <ns3:hr>120</ns3:hr>
            <ns3:cad>79</ns3:cad>
          </ns3:TrackPointExtension>
        </extensions>
      </trkpt>
      <trkpt lat="23.05063697509467601776123046875" lon="113.30180120654404163360595703125">
        <ele>2.400000095367431640625</ele>
        <time>2026-08-30T23:07:12.000Z</time>
        <extensions>
          <ns3:TrackPointExtension>
            <ns3:hr>120</ns3:hr>
            <ns3:cad>79</ns3:cad>
          </ns3:TrackPointExtension>
        </extensions>
      </trkpt>
      <trkpt lat="23.05063261650502681732177734375" lon="113.30182601697742938995361328125">
        <ele>2.400000095367431640625</ele>
        <time>2026-08-30T23:07:13.000Z</time>
        <extensions>
          <ns3:TrackPointExtension>
            <ns3:hr>120</ns3:hr>
            <ns3:cad>79</ns3:cad>
          </ns3:TrackPointExtension>
        </extensions>
      </trkpt>
      <trkpt lat="23.05062540806829929351806640625" lon="113.30184278078377246856689453125">
        <ele>2.400000095367431640625</ele>
        <time>2026-08-30T23:07:14.000Z</time>
        <extensions>
          <ns3:TrackPointExtension>
            <ns3:hr>120</ns3:hr>
            <ns3:cad>79</ns3:cad>
          </ns3:TrackPointExtension>
        </extensions>
      </trkpt>
      <trkpt lat="23.05062775500118732452392578125" lon="113.30185602419078350067138671875">
        <ele>2.400000095367431640625</ele>
        <time>2026-08-30T23:07:15.000Z</time>
        <extensions>
          <ns3:TrackPointExtension>
            <ns3:hr>119</ns3:hr>
            <ns3:cad>79</ns3:cad>
          </ns3:TrackPointExtension>
        </extensions>
      </trkpt>
      <trkpt lat="23.05062306113541126251220703125" lon="113.301879577338695526123046875">
        <ele>2.400000095367431640625</ele>
        <time>2026-08-30T23:07:16.000Z</time>
        <extensions>
          <ns3:TrackPointExtension>
            <ns3:hr>120</ns3:hr>
            <ns3:cad>79</ns3:cad>
          </ns3:TrackPointExtension>
        </extensions>
      </trkpt>
      <trkpt lat="23.05061987601220607757568359375" lon="113.30189022235572338104248046875">
        <ele>2.400000095367431640625</ele>
        <time>2026-08-30T23:07:17.000Z</time>
        <extensions>
          <ns3:TrackPointExtension>
            <ns3:hr>120</ns3:hr>
            <ns3:cad>79</ns3:cad>
          </ns3:TrackPointExtension>
        </extensions>
      </trkpt>
      <trkpt lat="23.05061534978449344635009765625" lon="113.301900364458560943603515625">
        <ele>2.2000000476837158203125</ele>
        <time>2026-08-30T23:07:18.000Z</time>
        <extensions>
          <ns3:TrackPointExtension>
            <ns3:hr>120</ns3:hr>
            <ns3:cad>79</ns3:cad>
          </ns3:TrackPointExtension>
        </extensions>
      </trkpt>
      <trkpt lat="23.05060428567230701446533203125" lon="113.30192391760647296905517578125">
        <ele>2.2000000476837158203125</ele>
        <time>2026-08-30T23:07:19.000Z</time>
        <extensions>
          <ns3:TrackPointExtension>
            <ns3:hr>120</ns3:hr>
            <ns3:cad>79</ns3:cad>
          </ns3:TrackPointExtension>
        </extensions>
      </trkpt>
      <trkpt lat="23.05060545913875102996826171875" lon="113.30193967558443546295166015625">
        <ele>2.2000000476837158203125</ele>
        <time>2026-08-30T23:07:20.000Z</time>
        <extensions>
          <ns3:TrackPointExtension>
            <ns3:hr>120</ns3:hr>
            <ns3:cad>79</ns3:cad>
          </ns3:TrackPointExtension>
        </extensions>
      </trkpt>
      <trkpt lat="23.05061132647097110748291015625" lon="113.3019518293440341949462890625">
        <ele>2.2000000476837158203125</ele>
        <time>2026-08-30T23:07:21.000Z</time>
        <extensions>
          <ns3:TrackPointExtension>
            <ns3:hr>120</ns3:hr>
            <ns3:cad>79</ns3:cad>
          </ns3:TrackPointExtension>
        </extensions>
      </trkpt>
      <trkpt lat="23.050612248480319976806640625" lon="113.30197504721581935882568359375">
        <ele>2.2000000476837158203125</ele>
        <time>2026-08-30T23:07:22.000Z</time>
        <extensions>
          <ns3:TrackPointExtension>
            <ns3:hr>119</ns3:hr>
            <ns3:cad>79</ns3:cad>
          </ns3:TrackPointExtension>
        </extensions>
      </trkpt>
      <trkpt lat="23.05060830898582935333251953125" lon="113.30199365504086017608642578125">
        <ele>2.400000095367431640625</ele>
        <time>2026-08-30T23:07:23.000Z</time>
        <extensions>
          <ns3:TrackPointExtension>
            <ns3:hr>120</ns3:hr>
            <ns3:cad>79</ns3:cad>
          </ns3:TrackPointExtension>
        </extensions>
      </trkpt>
      <trkpt lat="23.05060663260519504547119140625" lon="113.3020054735243320465087890625">
        <ele>2.400000095367431640625</ele>
        <time>2026-08-30T23:07:24.000Z</time>
        <extensions>
          <ns3:TrackPointExtension>
            <ns3:hr>120</ns3:hr>
            <ns3:cad>79</ns3:cad>
          </ns3:TrackPointExtension>
        </extensions>
      </trkpt>
      <trkpt lat="23.05060453712940216064453125" lon="113.3020286075770854949951171875">
        <ele>2.400000095367431640625</ele>
        <time>2026-08-30T23:07:25.000Z</time>
        <extensions>
          <ns3:TrackPointExtension>
            <ns3:hr>120</ns3:hr>
            <ns3:cad>79</ns3:cad>
          </ns3:TrackPointExtension>
        </extensions>
      </trkpt>
      <trkpt lat="23.05060244165360927581787109375" lon="113.30205216072499752044677734375">
        <ele>2.400000095367431640625</ele>
        <time>2026-08-30T23:07:26.000Z</time>
        <extensions>
          <ns3:TrackPointExtension>
            <ns3:hr>119</ns3:hr>
            <ns3:cad>78</ns3:cad>
          </ns3:TrackPointExtension>
        </extensions>
      </trkpt>
      <trkpt lat="23.0505944788455963134765625" lon="113.30206640996038913726806640625">
        <ele>2.400000095367431640625</ele>
        <time>2026-08-30T23:07:27.000Z</time>
        <extensions>
          <ns3:TrackPointExtension>
            <ns3:hr>119</ns3:hr>
            <ns3:cad>78</ns3:cad>
          </ns3:TrackPointExtension>
        </extensions>
      </trkpt>
      <trkpt lat="23.0505953170359134674072265625" lon="113.30209339968860149383544921875">
        <ele>2.400000095367431640625</ele>
        <time>2026-08-30T23:07:28.000Z</time>
        <extensions>
          <ns3:TrackPointExtension>
            <ns3:hr>119</ns3:hr>
            <ns3:cad>80</ns3:cad>
          </ns3:TrackPointExtension>
        </extensions>
      </trkpt>
      <trkpt lat="23.05059405975043773651123046875" lon="113.30211929976940155029296875">
        <ele>2.400000095367431640625</ele>
        <time>2026-08-30T23:07:29.000Z</time>
        <extensions>
          <ns3:TrackPointExtension>
            <ns3:hr>119</ns3:hr>
            <ns3:cad>80</ns3:cad>
          </ns3:TrackPointExtension>
        </extensions>
      </trkpt>
      <trkpt lat="23.05059808306396007537841796875" lon="113.302130363881587982177734375">
        <ele>2.400000095367431640625</ele>
        <time>2026-08-30T23:07:30.000Z</time>
        <extensions>
          <ns3:TrackPointExtension>
            <ns3:hr>119</ns3:hr>
            <ns3:cad>79</ns3:cad>
          </ns3:TrackPointExtension>
        </extensions>
      </trkpt>
      <trkpt lat="23.0505971610546112060546875" lon="113.302155844867229461669921875">
        <ele>2.2000000476837158203125</ele>
        <time>2026-08-30T23:07:31.000Z</time>
        <extensions>
          <ns3:TrackPointExtension>
            <ns3:hr>119</ns3:hr>
            <ns3:cad>79</ns3:cad>
          </ns3:TrackPointExtension>
        </extensions>
      </trkpt>
      <trkpt lat="23.05060143582522869110107421875" lon="113.3021841756999492645263671875">
        <ele>2.2000000476837158203125</ele>
        <time>2026-08-30T23:07:32.000Z</time>
        <extensions>
          <ns3:TrackPointExtension>
            <ns3:hr>119</ns3:hr>
            <ns3:cad>80</ns3:cad>
          </ns3:TrackPointExtension>
        </extensions>
      </trkpt>
      <trkpt lat="23.0505976639688014984130859375" lon="113.3022029511630535125732421875">
        <ele>2.2000000476837158203125</ele>
        <time>2026-08-30T23:07:33.000Z</time>
        <extensions>
          <ns3:TrackPointExtension>
            <ns3:hr>119</ns3:hr>
            <ns3:cad>80</ns3:cad>
          </ns3:TrackPointExtension>
        </extensions>
      </trkpt>
      <trkpt lat="23.0505973286926746368408203125" lon="113.30222667194902896881103515625">
        <ele>2.2000000476837158203125</ele>
        <time>2026-08-30T23:07:34.000Z</time>
        <extensions>
          <ns3:TrackPointExtension>
            <ns3:hr>120</ns3:hr>
            <ns3:cad>80</ns3:cad>
          </ns3:TrackPointExtension>
        </extensions>
      </trkpt>
      <trkpt lat="23.050595819950103759765625" lon="113.3022542484104633331298828125">
        <ele>2.2000000476837158203125</ele>
        <time>2026-08-30T23:07:35.000Z</time>
        <extensions>
          <ns3:TrackPointExtension>
            <ns3:hr>120</ns3:hr>
            <ns3:cad>80</ns3:cad>
          </ns3:TrackPointExtension>
        </extensions>
      </trkpt>
      <trkpt lat="23.050591461360454559326171875" lon="113.302269838750362396240234375">
        <ele>2.2000000476837158203125</ele>
        <time>2026-08-30T23:07:36.000Z</time>
        <extensions>
          <ns3:TrackPointExtension>
            <ns3:hr>120</ns3:hr>
            <ns3:cad>80</ns3:cad>
          </ns3:TrackPointExtension>
        </extensions>
      </trkpt>
      <trkpt lat="23.05058777332305908203125" lon="113.30229138024151325225830078125">
        <ele>2.2000000476837158203125</ele>
        <time>2026-08-30T23:07:37.000Z</time>
        <extensions>
          <ns3:TrackPointExtension>
            <ns3:hr>119</ns3:hr>
            <ns3:cad>79</ns3:cad>
          </ns3:TrackPointExtension>
        </extensions>
      </trkpt>
      <trkpt lat="23.050576038658618927001953125" lon="113.3023130893707275390625">
        <ele>2.2000000476837158203125</ele>
        <time>2026-08-30T23:07:38.000Z</time>
        <extensions>
          <ns3:TrackPointExtension>
            <ns3:hr>120</ns3:hr>
            <ns3:cad>79</ns3:cad>
          </ns3:TrackPointExtension>
        </extensions>
      </trkpt>
      <trkpt lat="23.05057193152606487274169921875" lon="113.30232658423483371734619140625">
        <ele>2.2000000476837158203125</ele>
        <time>2026-08-30T23:07:39.000Z</time>
        <extensions>
          <ns3:TrackPointExtension>
            <ns3:hr>119</ns3:hr>
            <ns3:cad>79</ns3:cad>
          </ns3:TrackPointExtension>
        </extensions>
      </trkpt>
      <trkpt lat="23.05056572891771793365478515625" lon="113.30234787426888942718505859375">
        <ele>2.2000000476837158203125</ele>
        <time>2026-08-30T23:07:40.000Z</time>
        <extensions>
          <ns3:TrackPointExtension>
            <ns3:hr>119</ns3:hr>
            <ns3:cad>79</ns3:cad>
          </ns3:TrackPointExtension>
        </extensions>
      </trkpt>
      <trkpt lat="23.0505530722439289093017578125" lon="113.30237754620611667633056640625">
        <ele>2.2000000476837158203125</ele>
        <time>2026-08-30T23:07:41.000Z</time>
        <extensions>
          <ns3:TrackPointExtension>
            <ns3:hr>119</ns3:hr>
            <ns3:cad>80</ns3:cad>
          </ns3:TrackPointExtension>
        </extensions>
      </trkpt>
      <trkpt lat="23.05054544471204280853271484375" lon="113.3023907057940959930419921875">
        <ele>2.2000000476837158203125</ele>
        <time>2026-08-30T23:07:42.000Z</time>
        <extensions>
          <ns3:TrackPointExtension>
            <ns3:hr>120</ns3:hr>
            <ns3:cad>80</ns3:cad>
          </ns3:TrackPointExtension>
        </extensions>
      </trkpt>
      <trkpt lat="23.0505426786839962005615234375" lon="113.30240956507623195648193359375">
        <ele>2.2000000476837158203125</ele>
        <time>2026-08-30T23:07:43.000Z</time>
        <extensions>
          <ns3:TrackPointExtension>
            <ns3:hr>119</ns3:hr>
            <ns3:cad>80</ns3:cad>
          </ns3:TrackPointExtension>
        </extensions>
      </trkpt>
      <trkpt lat="23.0505373142659664154052734375" lon="113.30243789590895175933837890625">
        <ele>2.2000000476837158203125</ele>
        <time>2026-08-30T23:07:44.000Z</time>
        <extensions>
          <ns3:TrackPointExtension>
            <ns3:hr>119</ns3:hr>
            <ns3:cad>80</ns3:cad>
          </ns3:TrackPointExtension>
        </extensions>
      </trkpt>
      <trkpt lat="23.0505373142659664154052734375" lon="113.30245465971529483795166015625">
        <ele>2.2000000476837158203125</ele>
        <time>2026-08-30T23:07:45.000Z</time>
        <extensions>
          <ns3:TrackPointExtension>
            <ns3:hr>120</ns3:hr>
            <ns3:cad>79</ns3:cad>
          </ns3:TrackPointExtension>
        </extensions>
      </trkpt>
      <trkpt lat="23.05053588934242725372314453125" lon="113.3024694956839084625244140625">
        <ele>2.2000000476837158203125</ele>
        <time>2026-08-30T23:07:46.000Z</time>
        <extensions>
          <ns3:TrackPointExtension>
            <ns3:hr>120</ns3:hr>
            <ns3:cad>79</ns3:cad>
          </ns3:TrackPointExtension>
        </extensions>
      </trkpt>
      <trkpt lat="23.050539828836917877197265625" lon="113.30249824561178684234619140625">
        <ele>2.2000000476837158203125</ele>
        <time>2026-08-30T23:07:47.000Z</time>
        <extensions>
          <ns3:TrackPointExtension>
            <ns3:hr>120</ns3:hr>
            <ns3:cad>79</ns3:cad>
          </ns3:TrackPointExtension>
        </extensions>
      </trkpt>
      <trkpt lat="23.050541169941425323486328125" lon="113.30251492559909820556640625">
        <ele>2.2000000476837158203125</ele>
        <time>2026-08-30T23:07:48.000Z</time>
        <extensions>
          <ns3:TrackPointExtension>
            <ns3:hr>120</ns3:hr>
            <ns3:cad>79</ns3:cad>
          </ns3:TrackPointExtension>
        </extensions>
      </trkpt>
      <trkpt lat="23.05054862983524799346923828125" lon="113.302528671920299530029296875">
        <ele>2.2000000476837158203125</ele>
        <time>2026-08-30T23:07:49.000Z</time>
        <extensions>
          <ns3:TrackPointExtension>
            <ns3:hr>120</ns3:hr>
            <ns3:cad>79</ns3:cad>
          </ns3:TrackPointExtension>
        </extensions>
      </trkpt>
      <trkpt lat="23.05055131204426288604736328125" lon="113.30255792476236820220947265625">
        <ele>2.2000000476837158203125</ele>
        <time>2026-08-30T23:07:50.000Z</time>
        <extensions>
          <ns3:TrackPointExtension>
            <ns3:hr>120</ns3:hr>
            <ns3:cad>79</ns3:cad>
          </ns3:TrackPointExtension>
        </extensions>
      </trkpt>
      <trkpt lat="23.0505574308335781097412109375" lon="113.30257619731128215789794921875">
        <ele>2.2000000476837158203125</ele>
        <time>2026-08-30T23:07:51.000Z</time>
        <extensions>
          <ns3:TrackPointExtension>
            <ns3:hr>121</ns3:hr>
            <ns3:cad>79</ns3:cad>
          </ns3:TrackPointExtension>
        </extensions>
      </trkpt>
      <trkpt lat="23.05056522600352764129638671875" lon="113.302589692175388336181640625">
        <ele>2.2000000476837158203125</ele>
        <time>2026-08-30T23:07:52.000Z</time>
        <extensions>
          <ns3:TrackPointExtension>
            <ns3:hr>121</ns3:hr>
            <ns3:cad>79</ns3:cad>
          </ns3:TrackPointExtension>
        </extensions>
      </trkpt>
      <trkpt lat="23.050568997859954833984375" lon="113.3026150055229663848876953125">
        <ele>2.2000000476837158203125</ele>
        <time>2026-08-30T23:07:53.000Z</time>
        <extensions>
          <ns3:TrackPointExtension>
            <ns3:hr>121</ns3:hr>
            <ns3:cad>79</ns3:cad>
          </ns3:TrackPointExtension>
        </extensions>
      </trkpt>
      <trkpt lat="23.0505735240876674652099609375" lon="113.30264023505151271820068359375">
        <ele>2.400000095367431640625</ele>
        <time>2026-08-30T23:07:54.000Z</time>
        <extensions>
          <ns3:TrackPointExtension>
            <ns3:hr>120</ns3:hr>
            <ns3:cad>78</ns3:cad>
          </ns3:TrackPointExtension>
        </extensions>
      </trkpt>
      <trkpt lat="23.05058349855244159698486328125" lon="113.30265574157238006591796875">
        <ele>2.599999904632568359375</ele>
        <time>2026-08-30T23:07:55.000Z</time>
        <extensions>
          <ns3:TrackPointExtension>
            <ns3:hr>121</ns3:hr>
            <ns3:cad>78</ns3:cad>
          </ns3:TrackPointExtension>
        </extensions>
      </trkpt>
      <trkpt lat="23.05058534257113933563232421875" lon="113.30268097110092639923095703125">
        <ele>2.7999999523162841796875</ele>
        <time>2026-08-30T23:07:56.000Z</time>
        <extensions>
          <ns3:TrackPointExtension>
            <ns3:hr>121</ns3:hr>
            <ns3:cad>78</ns3:cad>
          </ns3:TrackPointExtension>
        </extensions>
      </trkpt>
      <trkpt lat="23.0505879409611225128173828125" lon="113.30270376987755298614501953125">
        <ele>3</ele>
        <time>2026-08-30T23:07:57.000Z</time>
        <extensions>
          <ns3:TrackPointExtension>
            <ns3:hr>120</ns3:hr>
            <ns3:cad>78</ns3:cad>
          </ns3:TrackPointExtension>
        </extensions>
      </trkpt>
      <trkpt lat="23.050589449703693389892578125" lon="113.30271382816135883331298828125">
        <ele>3.2000000476837158203125</ele>
        <time>2026-08-30T23:07:58.000Z</time>
        <extensions>
          <ns3:TrackPointExtension>
            <ns3:hr>121</ns3:hr>
            <ns3:cad>78</ns3:cad>
          </ns3:TrackPointExtension>
        </extensions>
      </trkpt>
      <trkpt lat="23.05059120990335941314697265625" lon="113.30273813568055629730224609375">
        <ele>3.400000095367431640625</ele>
        <time>2026-08-30T23:07:59.000Z</time>
        <extensions>
          <ns3:TrackPointExtension>
            <ns3:hr>121</ns3:hr>
            <ns3:cad>79</ns3:cad>
          </ns3:TrackPointExtension>
        </extensions>
      </trkpt>
      <trkpt lat="23.0505943112075328826904296875" lon="113.30275925807654857635498046875">
        <ele>3.400000095367431640625</ele>
        <time>2026-08-30T23:08:00.000Z</time>
        <extensions>
          <ns3:TrackPointExtension>
            <ns3:hr>121</ns3:hr>
            <ns3:cad>79</ns3:cad>
          </ns3:TrackPointExtension>
        </extensions>
      </trkpt>
      <trkpt lat="23.0505998432636260986328125" lon="113.3027699030935764312744140625">
        <ele>3.400000095367431640625</ele>
        <time>2026-08-30T23:08:01.000Z</time>
        <extensions>
          <ns3:TrackPointExtension>
            <ns3:hr>120</ns3:hr>
            <ns3:cad>79</ns3:cad>
          </ns3:TrackPointExtension>
        </extensions>
      </trkpt>
      <trkpt lat="23.05059925653040409088134765625" lon="113.30279789865016937255859375">
        <ele>3.400000095367431640625</ele>
        <time>2026-08-30T23:08:02.000Z</time>
        <extensions>
          <ns3:TrackPointExtension>
            <ns3:hr>121</ns3:hr>
            <ns3:cad>79</ns3:cad>
          </ns3:TrackPointExtension>
        </extensions>
      </trkpt>
      <trkpt lat="23.05060051381587982177734375" lon="113.3028240501880645751953125">
        <ele>3.400000095367431640625</ele>
        <time>2026-08-30T23:08:03.000Z</time>
        <extensions>
          <ns3:TrackPointExtension>
            <ns3:hr>121</ns3:hr>
            <ns3:cad>79</ns3:cad>
          </ns3:TrackPointExtension>
        </extensions>
      </trkpt>
      <trkpt lat="23.0506047047674655914306640625" lon="113.30283972434699535369873046875">
        <ele>3.400000095367431640625</ele>
        <time>2026-08-30T23:08:04.000Z</time>
        <extensions>
          <ns3:TrackPointExtension>
            <ns3:hr>120</ns3:hr>
            <ns3:cad>79</ns3:cad>
          </ns3:TrackPointExtension>
        </extensions>
      </trkpt>
      <trkpt lat="23.050601519644260406494140625" lon="113.30286755226552486419677734375">
        <ele>3.400000095367431640625</ele>
        <time>2026-08-30T23:08:05.000Z</time>
        <extensions>
          <ns3:TrackPointExtension>
            <ns3:hr>121</ns3:hr>
            <ns3:cad>79</ns3:cad>
          </ns3:TrackPointExtension>
        </extensions>
      </trkpt>
      <trkpt lat="23.0505979992449283599853515625" lon="113.30289177596569061279296875">
        <ele>3.400000095367431640625</ele>
        <time>2026-08-30T23:08:06.000Z</time>
        <extensions>
          <ns3:TrackPointExtension>
            <ns3:hr>121</ns3:hr>
            <ns3:cad>79</ns3:cad>
          </ns3:TrackPointExtension>
        </extensions>
      </trkpt>
      <trkpt lat="23.05059380829334259033203125" lon="113.30291323363780975341796875">
        <ele>3.400000095367431640625</ele>
        <time>2026-08-30T23:08:07.000Z</time>
        <extensions>
          <ns3:TrackPointExtension>
            <ns3:hr>121</ns3:hr>
            <ns3:cad>79</ns3:cad>
          </ns3:TrackPointExtension>
        </extensions>
      </trkpt>
      <trkpt lat="23.05059255100786685943603515625" lon="113.302935697138309478759765625">
        <ele>3.400000095367431640625</ele>
        <time>2026-08-30T23:08:08.000Z</time>
        <extensions>
          <ns3:TrackPointExtension>
            <ns3:hr>121</ns3:hr>
            <ns3:cad>80</ns3:cad>
          </ns3:TrackPointExtension>
        </extensions>
      </trkpt>
      <trkpt lat="23.05058986879885196685791015625" lon="113.3029526285827159881591796875">
        <ele>3.400000095367431640625</ele>
        <time>2026-08-30T23:08:09.000Z</time>
        <extensions>
          <ns3:TrackPointExtension>
            <ns3:hr>121</ns3:hr>
            <ns3:cad>80</ns3:cad>
          </ns3:TrackPointExtension>
        </extensions>
      </trkpt>
      <trkpt lat="23.05059246718883514404296875" lon="113.302961178123950958251953125">
        <ele>3.599999904632568359375</ele>
        <time>2026-08-30T23:08:10.000Z</time>
        <extensions>
          <ns3:TrackPointExtension>
            <ns3:hr>121</ns3:hr>
            <ns3:cad>80</ns3:cad>
          </ns3:TrackPointExtension>
        </extensions>
      </trkpt>
      <trkpt lat="23.0505939759314060211181640625" lon="113.3029828034341335296630859375">
        <ele>3.599999904632568359375</ele>
        <time>2026-08-30T23:08:11.000Z</time>
        <extensions>
          <ns3:TrackPointExtension>
            <ns3:hr>121</ns3:hr>
            <ns3:cad>80</ns3:cad>
          </ns3:TrackPointExtension>
        </extensions>
      </trkpt>
      <trkpt lat="23.05059506557881832122802734375" lon="113.303005434572696685791015625">
        <ele>3.599999904632568359375</ele>
        <time>2026-08-30T23:08:12.000Z</time>
        <extensions>
          <ns3:TrackPointExtension>
            <ns3:hr>122</ns3:hr>
            <ns3:cad>80</ns3:cad>
          </ns3:TrackPointExtension>
        </extensions>
      </trkpt>
      <trkpt lat="23.05059657432138919830322265625" lon="113.303019516170024871826171875">
        <ele>3.599999904632568359375</ele>
        <time>2026-08-30T23:08:13.000Z</time>
        <extensions>
          <ns3:TrackPointExtension>
            <ns3:hr>122</ns3:hr>
            <ns3:cad>80</ns3:cad>
          </ns3:TrackPointExtension>
        </extensions>
      </trkpt>
      <trkpt lat="23.05059783160686492919921875" lon="113.30304441042244434356689453125">
        <ele>3.599999904632568359375</ele>
        <time>2026-08-30T23:08:14.000Z</time>
        <extensions>
          <ns3:TrackPointExtension>
            <ns3:hr>123</ns3:hr>
            <ns3:cad>80</ns3:cad>
          </ns3:TrackPointExtension>
        </extensions>
      </trkpt>
      <trkpt lat="23.0505889467895030975341796875" lon="113.3030723221600055694580078125">
        <ele>3.599999904632568359375</ele>
        <time>2026-08-30T23:08:15.000Z</time>
        <extensions>
          <ns3:TrackPointExtension>
            <ns3:hr>123</ns3:hr>
            <ns3:cad>79</ns3:cad>
          </ns3:TrackPointExtension>
        </extensions>
      </trkpt>
      <trkpt lat="23.05058953352272510528564453125" lon="113.30308732576668262481689453125">
        <ele>3.599999904632568359375</ele>
        <time>2026-08-30T23:08:16.000Z</time>
        <extensions>
          <ns3:TrackPointExtension>
            <ns3:hr>123</ns3:hr>
            <ns3:cad>79</ns3:cad>
          </ns3:TrackPointExtension>
        </extensions>
      </trkpt>
      <trkpt lat="23.050590120255947113037109375" lon="113.30311330966651439666748046875">
        <ele>3.599999904632568359375</ele>
        <time>2026-08-30T23:08:17.000Z</time>
        <extensions>
          <ns3:TrackPointExtension>
            <ns3:hr>123</ns3:hr>
            <ns3:cad>79</ns3:cad>
          </ns3:TrackPointExtension>
        </extensions>
      </trkpt>
      <trkpt lat="23.05058953352272510528564453125" lon="113.30313778482377529144287109375">
        <ele>3.400000095367431640625</ele>
        <time>2026-08-30T23:08:18.000Z</time>
        <extensions>
          <ns3:TrackPointExtension>
            <ns3:hr>123</ns3:hr>
            <ns3:cad>79</ns3:cad>
          </ns3:TrackPointExtension>
        </extensions>
      </trkpt>
      <trkpt lat="23.05058618076145648956298828125" lon="113.30315060913562774658203125">
        <ele>3.400000095367431640625</ele>
        <time>2026-08-30T23:08:19.000Z</time>
        <extensions>
          <ns3:TrackPointExtension>
            <ns3:hr>123</ns3:hr>
            <ns3:cad>79</ns3:cad>
          </ns3:TrackPointExtension>
        </extensions>
      </trkpt>
      <trkpt lat="23.0505879409611225128173828125" lon="113.30317684449255466461181640625">
        <ele>3.400000095367431640625</ele>
        <time>2026-08-30T23:08:20.000Z</time>
        <extensions>
          <ns3:TrackPointExtension>
            <ns3:hr>123</ns3:hr>
            <ns3:cad>80</ns3:cad>
          </ns3:TrackPointExtension>
        </extensions>
      </trkpt>
      <trkpt lat="23.05058819241821765899658203125" lon="113.30320366658270359039306640625">
        <ele>3.400000095367431640625</ele>
        <time>2026-08-30T23:08:21.000Z</time>
        <extensions>
          <ns3:TrackPointExtension>
            <ns3:hr>123</ns3:hr>
            <ns3:cad>80</ns3:cad>
          </ns3:TrackPointExtension>
        </extensions>
      </trkpt>
      <trkpt lat="23.05059053935110569000244140625" lon="113.30321758054196834564208984375">
        <ele>3.400000095367431640625</ele>
        <time>2026-08-30T23:08:22.000Z</time>
        <extensions>
          <ns3:TrackPointExtension>
            <ns3:hr>124</ns3:hr>
            <ns3:cad>79</ns3:cad>
          </ns3:TrackPointExtension>
        </extensions>
      </trkpt>
      <trkpt lat="23.05059104226529598236083984375" lon="113.30324004404246807098388671875">
        <ele>3.400000095367431640625</ele>
        <time>2026-08-30T23:08:23.000Z</time>
        <extensions>
          <ns3:TrackPointExtension>
            <ns3:hr>124</ns3:hr>
            <ns3:cad>79</ns3:cad>
          </ns3:TrackPointExtension>
        </extensions>
      </trkpt>
      <trkpt lat="23.0505862645804882049560546875" lon="113.303266949951648712158203125">
        <ele>3.400000095367431640625</ele>
        <time>2026-08-30T23:08:24.000Z</time>
        <extensions>
          <ns3:TrackPointExtension>
            <ns3:hr>124</ns3:hr>
            <ns3:cad>79</ns3:cad>
          </ns3:TrackPointExtension>
        </extensions>
      </trkpt>
      <trkpt lat="23.05058576166629791259765625" lon="113.30328379757702350616455078125">
        <ele>3.400000095367431640625</ele>
        <time>2026-08-30T23:08:25.000Z</time>
        <extensions>
          <ns3:TrackPointExtension>
            <ns3:hr>124</ns3:hr>
            <ns3:cad>80</ns3:cad>
          </ns3:TrackPointExtension>
        </extensions>
      </trkpt>
      <trkpt lat="23.05058567784726619720458984375" lon="113.3033070154488086700439453125">
        <ele>3.400000095367431640625</ele>
        <time>2026-08-30T23:08:26.000Z</time>
        <extensions>
          <ns3:TrackPointExtension>
            <ns3:hr>123</ns3:hr>
            <ns3:cad>80</ns3:cad>
          </ns3:TrackPointExtension>
        </extensions>
      </trkpt>
      <trkpt lat="23.05058433674275875091552734375" lon="113.30333392135798931121826171875">
        <ele>3.400000095367431640625</ele>
        <time>2026-08-30T23:08:27.000Z</time>
        <extensions>
          <ns3:TrackPointExtension>
            <ns3:hr>124</ns3:hr>
            <ns3:cad>80</ns3:cad>
          </ns3:TrackPointExtension>
        </extensions>
      </trkpt>
      <trkpt lat="23.0505835823714733123779296875" lon="113.30334884114563465118408203125">
        <ele>3.400000095367431640625</ele>
        <time>2026-08-30T23:08:28.000Z</time>
        <extensions>
          <ns3:TrackPointExtension>
            <ns3:hr>124</ns3:hr>
            <ns3:cad>80</ns3:cad>
          </ns3:TrackPointExtension>
        </extensions>
      </trkpt>
      <trkpt lat="23.05058115161955356597900390625" lon="113.30337566323578357696533203125">
        <ele>3.400000095367431640625</ele>
        <time>2026-08-30T23:08:29.000Z</time>
        <extensions>
          <ns3:TrackPointExtension>
            <ns3:hr>125</ns3:hr>
            <ns3:cad>79</ns3:cad>
          </ns3:TrackPointExtension>
        </extensions>
      </trkpt>
      <trkpt lat="23.0505788885056972503662109375" lon="113.30339862965047359466552734375">
        <ele>3.400000095367431640625</ele>
        <time>2026-08-30T23:08:30.000Z</time>
        <extensions>
          <ns3:TrackPointExtension>
            <ns3:hr>125</ns3:hr>
            <ns3:cad>80</ns3:cad>
          </ns3:TrackPointExtension>
        </extensions>
      </trkpt>
      <trkpt lat="23.05058282800018787384033203125" lon="113.30340768210589885711669921875">
        <ele>3.599999904632568359375</ele>
        <time>2026-08-30T23:08:31.000Z</time>
        <extensions>
          <ns3:TrackPointExtension>
            <ns3:hr>125</ns3:hr>
            <ns3:cad>80</ns3:cad>
          </ns3:TrackPointExtension>
        </extensions>
      </trkpt>
      <trkpt lat="23.0505812354385852813720703125" lon="113.30343081615865230560302734375">
        <ele>3.599999904632568359375</ele>
        <time>2026-08-30T23:08:32.000Z</time>
        <extensions>
          <ns3:TrackPointExtension>
            <ns3:hr>125</ns3:hr>
            <ns3:cad>80</ns3:cad>
          </ns3:TrackPointExtension>
        </extensions>
      </trkpt>
      <trkpt lat="23.0505809001624584197998046875" lon="113.30345361493527889251708984375">
        <ele>3.599999904632568359375</ele>
        <time>2026-08-30T23:08:33.000Z</time>
        <extensions>
          <ns3:TrackPointExtension>
            <ns3:hr>126</ns3:hr>
            <ns3:cad>80</ns3:cad>
          </ns3:TrackPointExtension>
        </extensions>
      </trkpt>
      <trkpt lat="23.050586096942424774169921875" lon="113.303465433418750762939453125">
        <ele>3.599999904632568359375</ele>
        <time>2026-08-30T23:08:34.000Z</time>
        <extensions>
          <ns3:TrackPointExtension>
            <ns3:hr>126</ns3:hr>
            <ns3:cad>80</ns3:cad>
          </ns3:TrackPointExtension>
        </extensions>
      </trkpt>
      <trkpt lat="23.05058500729501247406005859375" lon="113.303494267165660858154296875">
        <ele>3.400000095367431640625</ele>
        <time>2026-08-30T23:08:35.000Z</time>
        <extensions>
          <ns3:TrackPointExtension>
            <ns3:hr>126</ns3:hr>
            <ns3:cad>80</ns3:cad>
          </ns3:TrackPointExtension>
        </extensions>
      </trkpt>
      <trkpt lat="23.0505822412669658660888671875" lon="113.3035138808190822601318359375">
        <ele>3.400000095367431640625</ele>
        <time>2026-08-30T23:08:36.000Z</time>
        <extensions>
          <ns3:TrackPointExtension>
            <ns3:hr>126</ns3:hr>
            <ns3:cad>80</ns3:cad>
          </ns3:TrackPointExtension>
        </extensions>
      </trkpt>
      <trkpt lat="23.050584755837917327880859375" lon="113.30352184362709522247314453125">
        <ele>3.2000000476837158203125</ele>
        <time>2026-08-30T23:08:37.000Z</time>
        <extensions>
          <ns3:TrackPointExtension>
            <ns3:hr>126</ns3:hr>
            <ns3:cad>80</ns3:cad>
          </ns3:TrackPointExtension>
        </extensions>
      </trkpt>
      <trkpt lat="23.05058601312339305877685546875" lon="113.30354296602308750152587890625">
        <ele>3.2000000476837158203125</ele>
        <time>2026-08-30T23:08:38.000Z</time>
        <extensions>
          <ns3:TrackPointExtension>
            <ns3:hr>126</ns3:hr>
            <ns3:cad>80</ns3:cad>
          </ns3:TrackPointExtension>
        </extensions>
      </trkpt>
      <trkpt lat="23.050585091114044189453125" lon="113.30355788581073284149169921875">
        <ele>3.2000000476837158203125</ele>
        <time>2026-08-30T23:08:39.000Z</time>
        <extensions>
          <ns3:TrackPointExtension>
            <ns3:hr>125</ns3:hr>
            <ns3:cad>80</ns3:cad>
          </ns3:TrackPointExtension>
        </extensions>
      </trkpt>
      <trkpt lat="23.05058701895177364349365234375" lon="113.30356878228485584259033203125">
        <ele>3.2000000476837158203125</ele>
        <time>2026-08-30T23:08:40.000Z</time>
        <extensions>
          <ns3:TrackPointExtension>
            <ns3:hr>126</ns3:hr>
            <ns3:cad>80</ns3:cad>
          </ns3:TrackPointExtension>
        </extensions>
      </trkpt>
      <trkpt lat="23.05058777332305908203125" lon="113.303592503070831298828125">
        <ele>3.2000000476837158203125</ele>
        <time>2026-08-30T23:08:41.000Z</time>
        <extensions>
          <ns3:TrackPointExtension>
            <ns3:hr>126</ns3:hr>
            <ns3:cad>80</ns3:cad>
          </ns3:TrackPointExtension>
        </extensions>
      </trkpt>
      <trkpt lat="23.05059070698916912078857421875" lon="113.3036087639629840850830078125">
        <ele>3.2000000476837158203125</ele>
        <time>2026-08-30T23:08:42.000Z</time>
        <extensions>
          <ns3:TrackPointExtension>
            <ns3:hr>125</ns3:hr>
            <ns3:cad>80</ns3:cad>
          </ns3:TrackPointExtension>
        </extensions>
      </trkpt>
      <trkpt lat="23.05059573613107204437255859375" lon="113.30362125299870967864990234375">
        <ele>3.2000000476837158203125</ele>
        <time>2026-08-30T23:08:43.000Z</time>
        <extensions>
          <ns3:TrackPointExtension>
            <ns3:hr>126</ns3:hr>
            <ns3:cad>80</ns3:cad>
          </ns3:TrackPointExtension>
        </extensions>
      </trkpt>
      <trkpt lat="23.05059917271137237548828125" lon="113.30364874564111232757568359375">
        <ele>3.2000000476837158203125</ele>
        <time>2026-08-30T23:08:44.000Z</time>
        <extensions>
          <ns3:TrackPointExtension>
            <ns3:hr>126</ns3:hr>
            <ns3:cad>80</ns3:cad>
          </ns3:TrackPointExtension>
        </extensions>
      </trkpt>
      <trkpt lat="23.050600178539752960205078125" lon="113.30367506481707096099853515625">
        <ele>3.2000000476837158203125</ele>
        <time>2026-08-30T23:08:45.000Z</time>
        <extensions>
          <ns3:TrackPointExtension>
            <ns3:hr>125</ns3:hr>
            <ns3:cad>80</ns3:cad>
          </ns3:TrackPointExtension>
        </extensions>
      </trkpt>
      <trkpt lat="23.05060277692973613739013671875" lon="113.30368570983409881591796875">
        <ele>3.2000000476837158203125</ele>
        <time>2026-08-30T23:08:46.000Z</time>
        <extensions>
          <ns3:TrackPointExtension>
            <ns3:hr>125</ns3:hr>
            <ns3:cad>79</ns3:cad>
          </ns3:TrackPointExtension>
        </extensions>
      </trkpt>
      <trkpt lat="23.0506003461778163909912109375" lon="113.30370448529720306396484375">
        <ele>3.2000000476837158203125</ele>
        <time>2026-08-30T23:08:47.000Z</time>
        <extensions>
          <ns3:TrackPointExtension>
            <ns3:hr>125</ns3:hr>
            <ns3:cad>79</ns3:cad>
          </ns3:TrackPointExtension>
        </extensions>
      </trkpt>
      <trkpt lat="23.0505998432636260986328125" lon="113.303728289902210235595703125">
        <ele>3.2000000476837158203125</ele>
        <time>2026-08-30T23:08:48.000Z</time>
        <extensions>
          <ns3:TrackPointExtension>
            <ns3:hr>125</ns3:hr>
            <ns3:cad>78</ns3:cad>
          </ns3:TrackPointExtension>
        </extensions>
      </trkpt>
      <trkpt lat="23.050601519644260406494140625" lon="113.30373809672892093658447265625">
        <ele>3.2000000476837158203125</ele>
        <time>2026-08-30T23:08:49.000Z</time>
        <extensions>
          <ns3:TrackPointExtension>
            <ns3:hr>126</ns3:hr>
            <ns3:cad>78</ns3:cad>
          </ns3:TrackPointExtension>
        </extensions>
      </trkpt>
      <trkpt lat="23.05059942416846752166748046875" lon="113.30375905148684978485107421875">
        <ele>3.2000000476837158203125</ele>
        <time>2026-08-30T23:08:50.000Z</time>
        <extensions>
          <ns3:TrackPointExtension>
            <ns3:hr>126</ns3:hr>
            <ns3:cad>78</ns3:cad>
          </ns3:TrackPointExtension>
        </extensions>
      </trkpt>
      <trkpt lat="23.05059875361621379852294921875" lon="113.30377967096865177154541015625">
        <ele>3.2000000476837158203125</ele>
        <time>2026-08-30T23:08:51.000Z</time>
        <extensions>
          <ns3:TrackPointExtension>
            <ns3:hr>125</ns3:hr>
            <ns3:cad>78</ns3:cad>
          </ns3:TrackPointExtension>
        </extensions>
      </trkpt>
      <trkpt lat="23.050600178539752960205078125" lon="113.3037923276424407958984375">
        <ele>3.2000000476837158203125</ele>
        <time>2026-08-30T23:08:52.000Z</time>
        <extensions>
          <ns3:TrackPointExtension>
            <ns3:hr>125</ns3:hr>
            <ns3:cad>78</ns3:cad>
          </ns3:TrackPointExtension>
        </extensions>
      </trkpt>
      <trkpt lat="23.0505983345210552215576171875" lon="113.3038199879229068756103515625">
        <ele>3.2000000476837158203125</ele>
        <time>2026-08-30T23:08:53.000Z</time>
        <extensions>
          <ns3:TrackPointExtension>
            <ns3:hr>125</ns3:hr>
            <ns3:cad>79</ns3:cad>
          </ns3:TrackPointExtension>
        </extensions>
      </trkpt>
      <trkpt lat="23.0505983345210552215576171875" lon="113.30385074950754642486572265625">
        <ele>3.2000000476837158203125</ele>
        <time>2026-08-30T23:08:54.000Z</time>
        <extensions>
          <ns3:TrackPointExtension>
            <ns3:hr>125</ns3:hr>
            <ns3:cad>79</ns3:cad>
          </ns3:TrackPointExtension>
        </extensions>
      </trkpt>
      <trkpt lat="23.050603531301021575927734375" lon="113.3038702793419361114501953125">
        <ele>3.2000000476837158203125</ele>
        <time>2026-08-30T23:08:55.000Z</time>
        <extensions>
          <ns3:TrackPointExtension>
            <ns3:hr>125</ns3:hr>
            <ns3:cad>80</ns3:cad>
          </ns3:TrackPointExtension>
        </extensions>
      </trkpt>
      <trkpt lat="23.05060227401554584503173828125" lon="113.30389760434627532958984375">
        <ele>3.2000000476837158203125</ele>
        <time>2026-08-30T23:08:56.000Z</time>
        <extensions>
          <ns3:TrackPointExtension>
            <ns3:hr>125</ns3:hr>
            <ns3:cad>80</ns3:cad>
          </ns3:TrackPointExtension>
        </extensions>
      </trkpt>
      <trkpt lat="23.05059858597815036773681640625" lon="113.30392836593091487884521484375">
        <ele>3.2000000476837158203125</ele>
        <time>2026-08-30T23:08:57.000Z</time>
        <extensions>
          <ns3:TrackPointExtension>
            <ns3:hr>125</ns3:hr>
            <ns3:cad>80</ns3:cad>
          </ns3:TrackPointExtension>
        </extensions>
      </trkpt>
      <trkpt lat="23.0505959875881671905517578125" lon="113.303942196071147918701171875">
        <ele>3.2000000476837158203125</ele>
        <time>2026-08-30T23:08:58.000Z</time>
        <extensions>
          <ns3:TrackPointExtension>
            <ns3:hr>125</ns3:hr>
            <ns3:cad>80</ns3:cad>
          </ns3:TrackPointExtension>
        </extensions>
      </trkpt>
      <trkpt lat="23.0505922995507717132568359375" lon="113.303968012332916259765625">
        <ele>3.2000000476837158203125</ele>
        <time>2026-08-30T23:08:59.000Z</time>
        <extensions>
          <ns3:TrackPointExtension>
            <ns3:hr>124</ns3:hr>
            <ns3:cad>80</ns3:cad>
          </ns3:TrackPointExtension>
        </extensions>
      </trkpt>
      <trkpt lat="23.0505825765430927276611328125" lon="113.303995169699192047119140625">
        <ele>3.2000000476837158203125</ele>
        <time>2026-08-30T23:09:00.000Z</time>
        <extensions>
          <ns3:TrackPointExtension>
            <ns3:hr>124</ns3:hr>
            <ns3:cad>80</ns3:cad>
          </ns3:TrackPointExtension>
        </extensions>
      </trkpt>
      <trkpt lat="23.05057704448699951171875" lon="113.30400531180202960968017578125">
        <ele>3.2000000476837158203125</ele>
        <time>2026-08-30T23:09:01.000Z</time>
        <extensions>
          <ns3:TrackPointExtension>
            <ns3:hr>124</ns3:hr>
            <ns3:cad>80</ns3:cad>
          </ns3:TrackPointExtension>
        </extensions>
      </trkpt>
      <trkpt lat="23.0505757033824920654296875" lon="113.3040265180170536041259765625">
        <ele>3.2000000476837158203125</ele>
        <time>2026-08-30T23:09:02.000Z</time>
        <extensions>
          <ns3:TrackPointExtension>
            <ns3:hr>125</ns3:hr>
            <ns3:cad>80</ns3:cad>
          </ns3:TrackPointExtension>
        </extensions>
      </trkpt>
      <trkpt lat="23.05057293735444545745849609375" lon="113.30404789187014102935791015625">
        <ele>3.2000000476837158203125</ele>
        <time>2026-08-30T23:09:03.000Z</time>
        <extensions>
          <ns3:TrackPointExtension>
            <ns3:hr>124</ns3:hr>
            <ns3:cad>80</ns3:cad>
          </ns3:TrackPointExtension>
        </extensions>
      </trkpt>
      <trkpt lat="23.050569333136081695556640625" lon="113.30405945889651775360107421875">
        <ele>3.2000000476837158203125</ele>
        <time>2026-08-30T23:09:04.000Z</time>
        <extensions>
          <ns3:TrackPointExtension>
            <ns3:hr>124</ns3:hr>
            <ns3:cad>80</ns3:cad>
          </ns3:TrackPointExtension>
        </extensions>
      </trkpt>
      <trkpt lat="23.0505684949457645416259765625" lon="113.30408058129251003265380859375">
        <ele>3.2000000476837158203125</ele>
        <time>2026-08-30T23:09:05.000Z</time>
        <extensions>
          <ns3:TrackPointExtension>
            <ns3:hr>125</ns3:hr>
            <ns3:cad>79</ns3:cad>
          </ns3:TrackPointExtension>
        </extensions>
      </trkpt>
      <trkpt lat="23.05056120269000530242919921875" lon="113.30410354770720005035400390625">
        <ele>3.2000000476837158203125</ele>
        <time>2026-08-30T23:09:06.000Z</time>
        <extensions>
          <ns3:TrackPointExtension>
            <ns3:hr>124</ns3:hr>
            <ns3:cad>79</ns3:cad>
          </ns3:TrackPointExtension>
        </extensions>
      </trkpt>
      <trkpt lat="23.05056237615644931793212890625" lon="113.304121904075145721435546875">
        <ele>3.2000000476837158203125</ele>
        <time>2026-08-30T23:09:07.000Z</time>
        <extensions>
          <ns3:TrackPointExtension>
            <ns3:hr>124</ns3:hr>
            <ns3:cad>79</ns3:cad>
          </ns3:TrackPointExtension>
        </extensions>
      </trkpt>
      <trkpt lat="23.05055751465260982513427734375" lon="113.30414344556629657745361328125">
        <ele>3.2000000476837158203125</ele>
        <time>2026-08-30T23:09:08.000Z</time>
        <extensions>
          <ns3:TrackPointExtension>
            <ns3:hr>124</ns3:hr>
            <ns3:cad>80</ns3:cad>
          </ns3:TrackPointExtension>
        </extensions>
      </trkpt>
      <trkpt lat="23.0505510605871677398681640625" lon="113.304170854389667510986328125">
        <ele>3.2000000476837158203125</ele>
        <time>2026-08-30T23:09:09.000Z</time>
        <extensions>
          <ns3:TrackPointExtension>
            <ns3:hr>125</ns3:hr>
            <ns3:cad>80</ns3:cad>
          </ns3:TrackPointExtension>
        </extensions>
      </trkpt>
      <trkpt lat="23.0505477078258991241455078125" lon="113.30418954603374004364013671875">
        <ele>3.400000095367431640625</ele>
        <time>2026-08-30T23:09:10.000Z</time>
        <extensions>
          <ns3:TrackPointExtension>
            <ns3:hr>124</ns3:hr>
            <ns3:cad>80</ns3:cad>
          </ns3:TrackPointExtension>
        </extensions>
      </trkpt>
      <trkpt lat="23.05054376833140850067138671875" lon="113.3042142726480960845947265625">
        <ele>3.400000095367431640625</ele>
        <time>2026-08-30T23:09:11.000Z</time>
        <extensions>
          <ns3:TrackPointExtension>
            <ns3:hr>124</ns3:hr>
            <ns3:cad>80</ns3:cad>
          </ns3:TrackPointExtension>
        </extensions>
      </trkpt>
      <trkpt lat="23.05053806863725185394287109375" lon="113.3042407594621181488037109375">
        <ele>3.2000000476837158203125</ele>
        <time>2026-08-30T23:09:12.000Z</time>
        <extensions>
          <ns3:TrackPointExtension>
            <ns3:hr>124</ns3:hr>
            <ns3:cad>80</ns3:cad>
          </ns3:TrackPointExtension>
        </extensions>
      </trkpt>
      <trkpt lat="23.05053588934242725372314453125" lon="113.30425433814525604248046875">
        <ele>3.400000095367431640625</ele>
        <time>2026-08-30T23:09:13.000Z</time>
        <extensions>
          <ns3:TrackPointExtension>
            <ns3:hr>124</ns3:hr>
            <ns3:cad>80</ns3:cad>
          </ns3:TrackPointExtension>
        </extensions>
      </trkpt>
      <trkpt lat="23.050531446933746337890625" lon="113.3042806573212146759033203125">
        <ele>3.400000095367431640625</ele>
        <time>2026-08-30T23:09:14.000Z</time>
        <extensions>
          <ns3:TrackPointExtension>
            <ns3:hr>124</ns3:hr>
            <ns3:cad>80</ns3:cad>
          </ns3:TrackPointExtension>
        </extensions>
      </trkpt>
      <trkpt lat="23.050527088344097137451171875" lon="113.30430052243173122406005859375">
        <ele>3.2000000476837158203125</ele>
        <time>2026-08-30T23:09:15.000Z</time>
        <extensions>
          <ns3:TrackPointExtension>
            <ns3:hr>125</ns3:hr>
            <ns3:cad>80</ns3:cad>
          </ns3:TrackPointExtension>
        </extensions>
      </trkpt>
      <trkpt lat="23.05052675306797027587890625" lon="113.3043145202100276947021484375">
        <ele>3.2000000476837158203125</ele>
        <time>2026-08-30T23:09:16.000Z</time>
        <extensions>
          <ns3:TrackPointExtension>
            <ns3:hr>124</ns3:hr>
            <ns3:cad>80</ns3:cad>
          </ns3:TrackPointExtension>
        </extensions>
      </trkpt>
      <trkpt lat="23.0505228973925113677978515625" lon="113.3043339662253856658935546875">
        <ele>3.2000000476837158203125</ele>
        <time>2026-08-30T23:09:17.000Z</time>
        <extensions>
          <ns3:TrackPointExtension>
            <ns3:hr>124</ns3:hr>
            <ns3:cad>80</ns3:cad>
          </ns3:TrackPointExtension>
        </extensions>
      </trkpt>
      <trkpt lat="23.0505220592021942138671875" lon="113.30436271615326404571533203125">
        <ele>3.2000000476837158203125</ele>
        <time>2026-08-30T23:09:18.000Z</time>
        <extensions>
          <ns3:TrackPointExtension>
            <ns3:hr>124</ns3:hr>
            <ns3:cad>80</ns3:cad>
          </ns3:TrackPointExtension>
        </extensions>
      </trkpt>
      <trkpt lat="23.05051996372640132904052734375" lon="113.304377384483814239501953125">
        <ele>3.2000000476837158203125</ele>
        <time>2026-08-30T23:09:19.000Z</time>
        <extensions>
          <ns3:TrackPointExtension>
            <ns3:hr>125</ns3:hr>
            <ns3:cad>80</ns3:cad>
          </ns3:TrackPointExtension>
        </extensions>
      </trkpt>
      <trkpt lat="23.05051526986062526702880859375" lon="113.30440747551620006561279296875">
        <ele>3.2000000476837158203125</ele>
        <time>2026-08-30T23:09:20.000Z</time>
        <extensions>
          <ns3:TrackPointExtension>
            <ns3:hr>124</ns3:hr>
            <ns3:cad>80</ns3:cad>
          </ns3:TrackPointExtension>
        </extensions>
      </trkpt>
      <trkpt lat="23.05050931870937347412109375" lon="113.30443262122571468353271484375">
        <ele>3.2000000476837158203125</ele>
        <time>2026-08-30T23:09:21.000Z</time>
        <extensions>
          <ns3:TrackPointExtension>
            <ns3:hr>124</ns3:hr>
            <ns3:cad>80</ns3:cad>
          </ns3:TrackPointExtension>
        </extensions>
      </trkpt>
      <trkpt lat="23.0505094863474369049072265625" lon="113.30444904975593090057373046875">
        <ele>3.2000000476837158203125</ele>
        <time>2026-08-30T23:09:22.000Z</time>
        <extensions>
          <ns3:TrackPointExtension>
            <ns3:hr>125</ns3:hr>
            <ns3:cad>79</ns3:cad>
          </ns3:TrackPointExtension>
        </extensions>
      </trkpt>
      <trkpt lat="23.05050688795745372772216796875" lon="113.30447989515960216522216796875">
        <ele>3.2000000476837158203125</ele>
        <time>2026-08-30T23:09:23.000Z</time>
        <extensions>
          <ns3:TrackPointExtension>
            <ns3:hr>125</ns3:hr>
            <ns3:cad>79</ns3:cad>
          </ns3:TrackPointExtension>
        </extensions>
      </trkpt>
      <trkpt lat="23.05050772614777088165283203125" lon="113.3045057952404022216796875">
        <ele>3.2000000476837158203125</ele>
        <time>2026-08-30T23:09:24.000Z</time>
        <extensions>
          <ns3:TrackPointExtension>
            <ns3:hr>125</ns3:hr>
            <ns3:cad>79</ns3:cad>
          </ns3:TrackPointExtension>
        </extensions>
      </trkpt>
      <trkpt lat="23.0505064688622951507568359375" lon="113.30452658236026763916015625">
        <ele>3.2000000476837158203125</ele>
        <time>2026-08-30T23:09:25.000Z</time>
        <extensions>
          <ns3:TrackPointExtension>
            <ns3:hr>125</ns3:hr>
            <ns3:cad>79</ns3:cad>
          </ns3:TrackPointExtension>
        </extensions>
      </trkpt>
      <trkpt lat="23.05050236172974109649658203125" lon="113.3045616187155246734619140625">
        <ele>3</ele>
        <time>2026-08-30T23:09:26.000Z</time>
        <extensions>
          <ns3:TrackPointExtension>
            <ns3:hr>125</ns3:hr>
            <ns3:cad>80</ns3:cad>
          </ns3:TrackPointExtension>
        </extensions>
      </trkpt>
      <trkpt lat="23.0505004338920116424560546875" lon="113.30459095537662506103515625">
        <ele>3</ele>
        <time>2026-08-30T23:09:27.000Z</time>
        <extensions>
          <ns3:TrackPointExtension>
            <ns3:hr>126</ns3:hr>
            <ns3:cad>80</ns3:cad>
          </ns3:TrackPointExtension>
        </extensions>
      </trkpt>
      <trkpt lat="23.05050252936780452728271484375" lon="113.3046115748584270477294921875">
        <ele>3</ele>
        <time>2026-08-30T23:09:28.000Z</time>
        <extensions>
          <ns3:TrackPointExtension>
            <ns3:hr>126</ns3:hr>
            <ns3:cad>80</ns3:cad>
          </ns3:TrackPointExtension>
        </extensions>
      </trkpt>
      <trkpt lat="23.0505014397203922271728515625" lon="113.304643593728542327880859375">
        <ele>3</ele>
        <time>2026-08-30T23:09:29.000Z</time>
        <extensions>
          <ns3:TrackPointExtension>
            <ns3:hr>127</ns3:hr>
            <ns3:cad>80</ns3:cad>
          </ns3:TrackPointExtension>
        </extensions>
      </trkpt>
      <trkpt lat="23.0505034513771533966064453125" lon="113.30467410385608673095703125">
        <ele>3</ele>
        <time>2026-08-30T23:09:30.000Z</time>
        <extensions>
          <ns3:TrackPointExtension>
            <ns3:hr>127</ns3:hr>
            <ns3:cad>80</ns3:cad>
          </ns3:TrackPointExtension>
        </extensions>
      </trkpt>
      <trkpt lat="23.0505032837390899658203125" lon="113.30469262786209583282470703125">
        <ele>3</ele>
        <time>2026-08-30T23:09:31.000Z</time>
        <extensions>
          <ns3:TrackPointExtension>
            <ns3:hr>128</ns3:hr>
            <ns3:cad>80</ns3:cad>
          </ns3:TrackPointExtension>
        </extensions>
      </trkpt>
      <trkpt lat="23.05050118826329708099365234375" lon="113.3047242276370525360107421875">
        <ele>3</ele>
        <time>2026-08-30T23:09:32.000Z</time>
        <extensions>
          <ns3:TrackPointExtension>
            <ns3:hr>128</ns3:hr>
            <ns3:cad>80</ns3:cad>
          </ns3:TrackPointExtension>
        </extensions>
      </trkpt>
      <trkpt lat="23.05049582384526729583740234375" lon="113.30475733615458011627197265625">
        <ele>3</ele>
        <time>2026-08-30T23:09:33.000Z</time>
        <extensions>
          <ns3:TrackPointExtension>
            <ns3:hr>129</ns3:hr>
            <ns3:cad>80</ns3:cad>
          </ns3:TrackPointExtension>
        </extensions>
      </trkpt>
      <trkpt lat="23.05049029178917407989501953125" lon="113.30477242358028888702392578125">
        <ele>3</ele>
        <time>2026-08-30T23:09:34.000Z</time>
        <extensions>
          <ns3:TrackPointExtension>
            <ns3:hr>129</ns3:hr>
            <ns3:cad>79</ns3:cad>
          </ns3:TrackPointExtension>
        </extensions>
      </trkpt>
      <trkpt lat="23.0504858493804931640625" lon="113.304798491299152374267578125">
        <ele>3</ele>
        <time>2026-08-30T23:09:35.000Z</time>
        <extensions>
          <ns3:TrackPointExtension>
            <ns3:hr>129</ns3:hr>
            <ns3:cad>79</ns3:cad>
          </ns3:TrackPointExtension>
        </extensions>
      </trkpt>
      <trkpt lat="23.05048190988600254058837890625" lon="113.30482372082769870758056640625">
        <ele>3</ele>
        <time>2026-08-30T23:09:36.000Z</time>
        <extensions>
          <ns3:TrackPointExtension>
            <ns3:hr>129</ns3:hr>
            <ns3:cad>79</ns3:cad>
          </ns3:TrackPointExtension>
        </extensions>
      </trkpt>
      <trkpt lat="23.0504826642572879791259765625" lon="113.30483562313020229339599609375">
        <ele>3</ele>
        <time>2026-08-30T23:09:37.000Z</time>
        <extensions>
          <ns3:TrackPointExtension>
            <ns3:hr>129</ns3:hr>
            <ns3:cad>79</ns3:cad>
          </ns3:TrackPointExtension>
        </extensions>
      </trkpt>
      <trkpt lat="23.05048090405762195587158203125" lon="113.3048563264310359954833984375">
        <ele>3</ele>
        <time>2026-08-30T23:09:38.000Z</time>
        <extensions>
          <ns3:TrackPointExtension>
            <ns3:hr>129</ns3:hr>
            <ns3:cad>79</ns3:cad>
          </ns3:TrackPointExtension>
        </extensions>
      </trkpt>
      <trkpt lat="23.05047537200152873992919921875" lon="113.30487929284572601318359375">
        <ele>3</ele>
        <time>2026-08-30T23:09:39.000Z</time>
        <extensions>
          <ns3:TrackPointExtension>
            <ns3:hr>129</ns3:hr>
            <ns3:cad>79</ns3:cad>
          </ns3:TrackPointExtension>
        </extensions>
      </trkpt>
      <trkpt lat="23.05047168396413326263427734375" lon="113.3048928715288639068603515625">
        <ele>3.2000000476837158203125</ele>
        <time>2026-08-30T23:09:40.000Z</time>
        <extensions>
          <ns3:TrackPointExtension>
            <ns3:hr>130</ns3:hr>
            <ns3:cad>79</ns3:cad>
          </ns3:TrackPointExtension>
        </extensions>
      </trkpt>
      <trkpt lat="23.05046732537448406219482421875" lon="113.30491960979998111724853515625">
        <ele>3.2000000476837158203125</ele>
        <time>2026-08-30T23:09:41.000Z</time>
        <extensions>
          <ns3:TrackPointExtension>
            <ns3:hr>130</ns3:hr>
            <ns3:cad>79</ns3:cad>
          </ns3:TrackPointExtension>
        </extensions>
      </trkpt>
      <trkpt lat="23.05046045221388339996337890625" lon="113.30494928173720836639404296875">
        <ele>3.2000000476837158203125</ele>
        <time>2026-08-30T23:09:42.000Z</time>
        <extensions>
          <ns3:TrackPointExtension>
            <ns3:hr>130</ns3:hr>
            <ns3:cad>79</ns3:cad>
          </ns3:TrackPointExtension>
        </extensions>
      </trkpt>
      <trkpt lat="23.0504550039768218994140625" lon="113.30496403388679027557373046875">
        <ele>3.2000000476837158203125</ele>
        <time>2026-08-30T23:09:43.000Z</time>
        <extensions>
          <ns3:TrackPointExtension>
            <ns3:hr>129</ns3:hr>
            <ns3:cad>79</ns3:cad>
          </ns3:TrackPointExtension>
        </extensions>
      </trkpt>
      <trkpt lat="23.05045022629201412200927734375" lon="113.30499169416725635528564453125">
        <ele>3.2000000476837158203125</ele>
        <time>2026-08-30T23:09:44.000Z</time>
        <extensions>
          <ns3:TrackPointExtension>
            <ns3:hr>130</ns3:hr>
            <ns3:cad>79</ns3:cad>
          </ns3:TrackPointExtension>
        </extensions>
      </trkpt>
      <trkpt lat="23.0504404194653034210205078125" lon="113.305015750229358673095703125">
        <ele>3.2000000476837158203125</ele>
        <time>2026-08-30T23:09:45.000Z</time>
        <extensions>
          <ns3:TrackPointExtension>
            <ns3:hr>130</ns3:hr>
            <ns3:cad>79</ns3:cad>
          </ns3:TrackPointExtension>
        </extensions>
      </trkpt>
      <trkpt lat="23.0504394136369228363037109375" lon="113.3050276525318622589111328125">
        <ele>3.2000000476837158203125</ele>
        <time>2026-08-30T23:09:46.000Z</time>
        <extensions>
          <ns3:TrackPointExtension>
            <ns3:hr>130</ns3:hr>
            <ns3:cad>79</ns3:cad>
          </ns3:TrackPointExtension>
        </extensions>
      </trkpt>
      <trkpt lat="23.05043631233274936676025390625" lon="113.3050521276891231536865234375">
        <ele>3.2000000476837158203125</ele>
        <time>2026-08-30T23:09:47.000Z</time>
        <extensions>
          <ns3:TrackPointExtension>
            <ns3:hr>130</ns3:hr>
            <ns3:cad>80</ns3:cad>
          </ns3:TrackPointExtension>
        </extensions>
      </trkpt>
      <trkpt lat="23.05043027736246585845947265625" lon="113.30508045852184295654296875">
        <ele>3.2000000476837158203125</ele>
        <time>2026-08-30T23:09:48.000Z</time>
        <extensions>
          <ns3:TrackPointExtension>
            <ns3:hr>130</ns3:hr>
            <ns3:cad>80</ns3:cad>
          </ns3:TrackPointExtension>
        </extensions>
      </trkpt>
      <trkpt lat="23.0504308640956878662109375" lon="113.30509495921432971954345703125">
        <ele>3.2000000476837158203125</ele>
        <time>2026-08-30T23:09:49.000Z</time>
        <extensions>
          <ns3:TrackPointExtension>
            <ns3:hr>130</ns3:hr>
            <ns3:cad>80</ns3:cad>
          </ns3:TrackPointExtension>
        </extensions>
      </trkpt>
      <trkpt lat="23.050427176058292388916015625" lon="113.30512396059930324554443359375">
        <ele>3.2000000476837158203125</ele>
        <time>2026-08-30T23:09:50.000Z</time>
        <extensions>
          <ns3:TrackPointExtension>
            <ns3:hr>130</ns3:hr>
            <ns3:cad>80</ns3:cad>
          </ns3:TrackPointExtension>
        </extensions>
      </trkpt>
      <trkpt lat="23.0504182912409305572509765625" lon="113.30515698529779911041259765625">
        <ele>3</ele>
        <time>2026-08-30T23:09:51.000Z</time>
        <extensions>
          <ns3:TrackPointExtension>
            <ns3:hr>130</ns3:hr>
            <ns3:cad>79</ns3:cad>
          </ns3:TrackPointExtension>
        </extensions>
      </trkpt>
      <trkpt lat="23.05042306892573833465576171875" lon="113.30517232418060302734375">
        <ele>3</ele>
        <time>2026-08-30T23:09:52.000Z</time>
        <extensions>
          <ns3:TrackPointExtension>
            <ns3:hr>130</ns3:hr>
            <ns3:cad>79</ns3:cad>
          </ns3:TrackPointExtension>
        </extensions>
      </trkpt>
      <trkpt lat="23.050422482192516326904296875" lon="113.305196799337863922119140625">
        <ele>3</ele>
        <time>2026-08-30T23:09:53.000Z</time>
        <extensions>
          <ns3:TrackPointExtension>
            <ns3:hr>130</ns3:hr>
            <ns3:cad>79</ns3:cad>
          </ns3:TrackPointExtension>
        </extensions>
      </trkpt>
      <trkpt lat="23.0504152737557888031005859375" lon="113.3052258007228374481201171875">
        <ele>3</ele>
        <time>2026-08-30T23:09:54.000Z</time>
        <extensions>
          <ns3:TrackPointExtension>
            <ns3:hr>131</ns3:hr>
            <ns3:cad>79</ns3:cad>
          </ns3:TrackPointExtension>
        </extensions>
      </trkpt>
      <trkpt lat="23.05041502229869365692138671875" lon="113.3052372001111507415771484375">
        <ele>3</ele>
        <time>2026-08-30T23:09:55.000Z</time>
        <extensions>
          <ns3:TrackPointExtension>
            <ns3:hr>131</ns3:hr>
            <ns3:cad>80</ns3:cad>
          </ns3:TrackPointExtension>
        </extensions>
      </trkpt>
      <trkpt lat="23.05041334591805934906005859375" lon="113.30526360310614109039306640625">
        <ele>3</ele>
        <time>2026-08-30T23:09:56.000Z</time>
        <extensions>
          <ns3:TrackPointExtension>
            <ns3:hr>131</ns3:hr>
            <ns3:cad>80</ns3:cad>
          </ns3:TrackPointExtension>
        </extensions>
      </trkpt>
      <trkpt lat="23.050405718386173248291015625" lon="113.30529235303401947021484375">
        <ele>3</ele>
        <time>2026-08-30T23:09:57.000Z</time>
        <extensions>
          <ns3:TrackPointExtension>
            <ns3:hr>131</ns3:hr>
            <ns3:cad>80</ns3:cad>
          </ns3:TrackPointExtension>
        </extensions>
      </trkpt>
      <trkpt lat="23.05040731094777584075927734375" lon="113.30530199222266674041748046875">
        <ele>3</ele>
        <time>2026-08-30T23:09:58.000Z</time>
        <extensions>
          <ns3:TrackPointExtension>
            <ns3:hr>131</ns3:hr>
            <ns3:cad>80</ns3:cad>
          </ns3:TrackPointExtension>
        </extensions>
      </trkpt>
      <trkpt lat="23.05040328763425350189208984375" lon="113.30532864667475223541259765625">
        <ele>3.2000000476837158203125</ele>
        <time>2026-08-30T23:09:59.000Z</time>
        <extensions>
          <ns3:TrackPointExtension>
            <ns3:hr>131</ns3:hr>
            <ns3:cad>80</ns3:cad>
          </ns3:TrackPointExtension>
        </extensions>
      </trkpt>
      <trkpt lat="23.0503975041210651397705078125" lon="113.30535580404102802276611328125">
        <ele>3</ele>
        <time>2026-08-30T23:10:00.000Z</time>
        <extensions>
          <ns3:TrackPointExtension>
            <ns3:hr>131</ns3:hr>
            <ns3:cad>80</ns3:cad>
          </ns3:TrackPointExtension>
        </extensions>
      </trkpt>
      <trkpt lat="23.05039775557816028594970703125" lon="113.30537055619060993194580078125">
        <ele>3</ele>
        <time>2026-08-30T23:10:01.000Z</time>
        <extensions>
          <ns3:TrackPointExtension>
            <ns3:hr>131</ns3:hr>
            <ns3:cad>80</ns3:cad>
          </ns3:TrackPointExtension>
        </extensions>
      </trkpt>
      <trkpt lat="23.05039624683558940887451171875" lon="113.305399306118488311767578125">
        <ele>3</ele>
        <time>2026-08-30T23:10:02.000Z</time>
        <extensions>
          <ns3:TrackPointExtension>
            <ns3:hr>132</ns3:hr>
            <ns3:cad>80</ns3:cad>
          </ns3:TrackPointExtension>
        </extensions>
      </trkpt>
      <trkpt lat="23.0503924749791622161865234375" lon="113.3054256252944469451904296875">
        <ele>3</ele>
        <time>2026-08-30T23:10:03.000Z</time>
        <extensions>
          <ns3:TrackPointExtension>
            <ns3:hr>132</ns3:hr>
            <ns3:cad>80</ns3:cad>
          </ns3:TrackPointExtension>
        </extensions>
      </trkpt>
      <trkpt lat="23.0503991805016994476318359375" lon="113.30544264055788516998291015625">
        <ele>3</ele>
        <time>2026-08-30T23:10:04.000Z</time>
        <extensions>
          <ns3:TrackPointExtension>
            <ns3:hr>132</ns3:hr>
            <ns3:cad>80</ns3:cad>
          </ns3:TrackPointExtension>
        </extensions>
      </trkpt>
      <trkpt lat="23.05039666593074798583984375" lon="113.30547465942800045013427734375">
        <ele>3</ele>
        <time>2026-08-30T23:10:05.000Z</time>
        <extensions>
          <ns3:TrackPointExtension>
            <ns3:hr>132</ns3:hr>
            <ns3:cad>80</ns3:cad>
          </ns3:TrackPointExtension>
        </extensions>
      </trkpt>
      <trkpt lat="23.0503884516656398773193359375" lon="113.30550868995487689971923828125">
        <ele>3</ele>
        <time>2026-08-30T23:10:06.000Z</time>
        <extensions>
          <ns3:TrackPointExtension>
            <ns3:hr>133</ns3:hr>
            <ns3:cad>80</ns3:cad>
          </ns3:TrackPointExtension>
        </extensions>
      </trkpt>
      <trkpt lat="23.050388284027576446533203125" lon="113.305534087121486663818359375">
        <ele>3</ele>
        <time>2026-08-30T23:10:07.000Z</time>
        <extensions>
          <ns3:TrackPointExtension>
            <ns3:hr>132</ns3:hr>
            <ns3:cad>80</ns3:cad>
          </ns3:TrackPointExtension>
        </extensions>
      </trkpt>
      <trkpt lat="23.0503854341804981231689453125" lon="113.305570967495441436767578125">
        <ele>3</ele>
        <time>2026-08-30T23:10:08.000Z</time>
        <extensions>
          <ns3:TrackPointExtension>
            <ns3:hr>132</ns3:hr>
            <ns3:cad>80</ns3:cad>
          </ns3:TrackPointExtension>
        </extensions>
      </trkpt>
      <trkpt lat="23.05037847720086574554443359375" lon="113.3056013099849224090576171875">
        <ele>3</ele>
        <time>2026-08-30T23:10:09.000Z</time>
        <extensions>
          <ns3:TrackPointExtension>
            <ns3:hr>132</ns3:hr>
            <ns3:cad>80</ns3:cad>
          </ns3:TrackPointExtension>
        </extensions>
      </trkpt>
      <trkpt lat="23.0503797344863414764404296875" lon="113.3056210912764072418212890625">
        <ele>3</ele>
        <time>2026-08-30T23:10:10.000Z</time>
        <extensions>
          <ns3:TrackPointExtension>
            <ns3:hr>133</ns3:hr>
            <ns3:cad>79</ns3:cad>
          </ns3:TrackPointExtension>
        </extensions>
      </trkpt>
      <trkpt lat="23.050375878810882568359375" lon="113.30565822310745716094970703125">
        <ele>3</ele>
        <time>2026-08-30T23:10:11.000Z</time>
        <extensions>
          <ns3:TrackPointExtension>
            <ns3:hr>132</ns3:hr>
            <ns3:cad>79</ns3:cad>
          </ns3:TrackPointExtension>
        </extensions>
      </trkpt>
      <trkpt lat="23.050370514392852783203125" lon="113.3056884817779064178466796875">
        <ele>3</ele>
        <time>2026-08-30T23:10:12.000Z</time>
        <extensions>
          <ns3:TrackPointExtension>
            <ns3:hr>132</ns3:hr>
            <ns3:cad>79</ns3:cad>
          </ns3:TrackPointExtension>
        </extensions>
      </trkpt>
      <trkpt lat="23.05037428624927997589111328125" lon="113.30570499412715435028076171875">
        <ele>3</ele>
        <time>2026-08-30T23:10:13.000Z</time>
        <extensions>
          <ns3:TrackPointExtension>
            <ns3:hr>132</ns3:hr>
            <ns3:cad>79</ns3:cad>
          </ns3:TrackPointExtension>
        </extensions>
      </trkpt>
      <trkpt lat="23.05037252604961395263671875" lon="113.305735923349857330322265625">
        <ele>3</ele>
        <time>2026-08-30T23:10:14.000Z</time>
        <extensions>
          <ns3:TrackPointExtension>
            <ns3:hr>132</ns3:hr>
            <ns3:cad>79</ns3:cad>
          </ns3:TrackPointExtension>
        </extensions>
      </trkpt>
      <trkpt lat="23.05037093348801136016845703125" lon="113.3057649247348308563232421875">
        <ele>3</ele>
        <time>2026-08-30T23:10:15.000Z</time>
        <extensions>
          <ns3:TrackPointExtension>
            <ns3:hr>132</ns3:hr>
            <ns3:cad>79</ns3:cad>
          </ns3:TrackPointExtension>
        </extensions>
      </trkpt>
      <trkpt lat="23.05037545971572399139404296875" lon="113.30577624030411243438720703125">
        <ele>2.7999999523162841796875</ele>
        <time>2026-08-30T23:10:16.000Z</time>
        <extensions>
          <ns3:TrackPointExtension>
            <ns3:hr>132</ns3:hr>
            <ns3:cad>79</ns3:cad>
          </ns3:TrackPointExtension>
        </extensions>
      </trkpt>
      <trkpt lat="23.0503750406205654144287109375" lon="113.3058024756610393524169921875">
        <ele>2.7999999523162841796875</ele>
        <time>2026-08-30T23:10:17.000Z</time>
        <extensions>
          <ns3:TrackPointExtension>
            <ns3:hr>132</ns3:hr>
            <ns3:cad>79</ns3:cad>
          </ns3:TrackPointExtension>
        </extensions>
      </trkpt>
      <trkpt lat="23.05037411861121654510498046875" lon="113.3058189041912555694580078125">
        <ele>2.7999999523162841796875</ele>
        <time>2026-08-30T23:10:18.000Z</time>
        <extensions>
          <ns3:TrackPointExtension>
            <ns3:hr>132</ns3:hr>
            <ns3:cad>79</ns3:cad>
          </ns3:TrackPointExtension>
        </extensions>
      </trkpt>
      <trkpt lat="23.05038099177181720733642578125" lon="113.3058286271989345550537109375">
        <ele>2.7999999523162841796875</ele>
        <time>2026-08-30T23:10:19.000Z</time>
        <extensions>
          <ns3:TrackPointExtension>
            <ns3:hr>131</ns3:hr>
            <ns3:cad>80</ns3:cad>
          </ns3:TrackPointExtension>
        </extensions>
      </trkpt>
      <trkpt lat="23.05037948302924633026123046875" lon="113.305847235023975372314453125">
        <ele>2.7999999523162841796875</ele>
        <time>2026-08-30T23:10:20.000Z</time>
        <extensions>
          <ns3:TrackPointExtension>
            <ns3:hr>132</ns3:hr>
            <ns3:cad>80</ns3:cad>
          </ns3:TrackPointExtension>
        </extensions>
      </trkpt>
      <trkpt lat="23.0503750406205654144287109375" lon="113.30586726777255535125732421875">
        <ele>2.7999999523162841796875</ele>
        <time>2026-08-30T23:10:21.000Z</time>
        <extensions>
          <ns3:TrackPointExtension>
            <ns3:hr>132</ns3:hr>
            <ns3:cad>80</ns3:cad>
          </ns3:TrackPointExtension>
        </extensions>
      </trkpt>
      <trkpt lat="23.05037562735378742218017578125" lon="113.30587984062731266021728515625">
        <ele>2.7999999523162841796875</ele>
        <time>2026-08-30T23:10:22.000Z</time>
        <extensions>
          <ns3:TrackPointExtension>
            <ns3:hr>132</ns3:hr>
            <ns3:cad>80</ns3:cad>
          </ns3:TrackPointExtension>
        </extensions>
      </trkpt>
      <trkpt lat="23.050370849668979644775390625" lon="113.3059013821184635162353515625">
        <ele>2.7999999523162841796875</ele>
        <time>2026-08-30T23:10:23.000Z</time>
        <extensions>
          <ns3:TrackPointExtension>
            <ns3:hr>131</ns3:hr>
            <ns3:cad>80</ns3:cad>
          </ns3:TrackPointExtension>
        </extensions>
      </trkpt>
      <trkpt lat="23.05036338977515697479248046875" lon="113.3059228397905826568603515625">
        <ele>2.7999999523162841796875</ele>
        <time>2026-08-30T23:10:24.000Z</time>
        <extensions>
          <ns3:TrackPointExtension>
            <ns3:hr>131</ns3:hr>
            <ns3:cad>80</ns3:cad>
          </ns3:TrackPointExtension>
        </extensions>
      </trkpt>
      <trkpt lat="23.0503664910793304443359375" lon="113.3059359155595302581787109375">
        <ele>2.7999999523162841796875</ele>
        <time>2026-08-30T23:10:25.000Z</time>
        <extensions>
          <ns3:TrackPointExtension>
            <ns3:hr>131</ns3:hr>
            <ns3:cad>80</ns3:cad>
          </ns3:TrackPointExtension>
        </extensions>
      </trkpt>
      <trkpt lat="23.0503683350980281829833984375" lon="113.30596424639225006103515625">
        <ele>2.7999999523162841796875</ele>
        <time>2026-08-30T23:10:26.000Z</time>
        <extensions>
          <ns3:TrackPointExtension>
            <ns3:hr>130</ns3:hr>
            <ns3:cad>80</ns3:cad>
          </ns3:TrackPointExtension>
        </extensions>
      </trkpt>
      <trkpt lat="23.0503629706799983978271484375" lon="113.30598293803632259368896484375">
        <ele>2.7999999523162841796875</ele>
        <time>2026-08-30T23:10:27.000Z</time>
        <extensions>
          <ns3:TrackPointExtension>
            <ns3:hr>130</ns3:hr>
            <ns3:cad>80</ns3:cad>
          </ns3:TrackPointExtension>
        </extensions>
      </trkpt>
      <trkpt lat="23.050367832183837890625" lon="113.30600045621395111083984375">
        <ele>2.7999999523162841796875</ele>
        <time>2026-08-30T23:10:28.000Z</time>
        <extensions>
          <ns3:TrackPointExtension>
            <ns3:hr>130</ns3:hr>
            <ns3:cad>80</ns3:cad>
          </ns3:TrackPointExtension>
        </extensions>
      </trkpt>
      <trkpt lat="23.050364814698696136474609375" lon="113.306027613580226898193359375">
        <ele>2.7999999523162841796875</ele>
        <time>2026-08-30T23:10:29.000Z</time>
        <extensions>
          <ns3:TrackPointExtension>
            <ns3:hr>130</ns3:hr>
            <ns3:cad>80</ns3:cad>
          </ns3:TrackPointExtension>
        </extensions>
      </trkpt>
      <trkpt lat="23.05035936646163463592529296875" lon="113.30604605376720428466796875">
        <ele>2.7999999523162841796875</ele>
        <time>2026-08-30T23:10:30.000Z</time>
        <extensions>
          <ns3:TrackPointExtension>
            <ns3:hr>130</ns3:hr>
            <ns3:cad>80</ns3:cad>
          </ns3:TrackPointExtension>
        </extensions>
      </trkpt>
      <trkpt lat="23.0503609590232372283935546875" lon="113.3060613088309764862060546875">
        <ele>2.599999904632568359375</ele>
        <time>2026-08-30T23:10:31.000Z</time>
        <extensions>
          <ns3:TrackPointExtension>
            <ns3:hr>130</ns3:hr>
            <ns3:cad>80</ns3:cad>
          </ns3:TrackPointExtension>
        </extensions>
      </trkpt>
      <trkpt lat="23.0503542535006999969482421875" lon="113.3060881309211254119873046875">
        <ele>2.599999904632568359375</ele>
        <time>2026-08-30T23:10:32.000Z</time>
        <extensions>
          <ns3:TrackPointExtension>
            <ns3:hr>130</ns3:hr>
            <ns3:cad>80</ns3:cad>
          </ns3:TrackPointExtension>
        </extensions>
      </trkpt>
      <trkpt lat="23.05034964345395565032958984375" lon="113.30610447563230991363525390625">
        <ele>2.599999904632568359375</ele>
        <time>2026-08-30T23:10:33.000Z</time>
        <extensions>
          <ns3:TrackPointExtension>
            <ns3:hr>129</ns3:hr>
            <ns3:cad>80</ns3:cad>
          </ns3:TrackPointExtension>
        </extensions>
      </trkpt>
      <trkpt lat="23.0503555946052074432373046875" lon="113.3061196468770503997802734375">
        <ele>2.599999904632568359375</ele>
        <time>2026-08-30T23:10:34.000Z</time>
        <extensions>
          <ns3:TrackPointExtension>
            <ns3:hr>129</ns3:hr>
            <ns3:cad>80</ns3:cad>
          </ns3:TrackPointExtension>
        </extensions>
      </trkpt>
      <trkpt lat="23.0503525771200656890869140625" lon="113.30614873208105564117431640625">
        <ele>2.599999904632568359375</ele>
        <time>2026-08-30T23:10:35.000Z</time>
        <extensions>
          <ns3:TrackPointExtension>
            <ns3:hr>129</ns3:hr>
            <ns3:cad>80</ns3:cad>
          </ns3:TrackPointExtension>
        </extensions>
      </trkpt>
      <trkpt lat="23.05034897290170192718505859375" lon="113.30616666935384273529052734375">
        <ele>2.7999999523162841796875</ele>
        <time>2026-08-30T23:10:36.000Z</time>
        <extensions>
          <ns3:TrackPointExtension>
            <ns3:hr>130</ns3:hr>
            <ns3:cad>80</ns3:cad>
          </ns3:TrackPointExtension>
        </extensions>
      </trkpt>
      <trkpt lat="23.050354756414890289306640625" lon="113.30618360079824924468994140625">
        <ele>2.7999999523162841796875</ele>
        <time>2026-08-30T23:10:37.000Z</time>
        <extensions>
          <ns3:TrackPointExtension>
            <ns3:hr>129</ns3:hr>
            <ns3:cad>80</ns3:cad>
          </ns3:TrackPointExtension>
        </extensions>
      </trkpt>
      <trkpt lat="23.0503525771200656890869140625" lon="113.30621310509741306304931640625">
        <ele>2.7999999523162841796875</ele>
        <time>2026-08-30T23:10:38.000Z</time>
        <extensions>
          <ns3:TrackPointExtension>
            <ns3:hr>129</ns3:hr>
            <ns3:cad>80</ns3:cad>
          </ns3:TrackPointExtension>
        </extensions>
      </trkpt>
      <trkpt lat="23.05034947581589221954345703125" lon="113.30622978508472442626953125">
        <ele>2.7999999523162841796875</ele>
        <time>2026-08-30T23:10:39.000Z</time>
        <extensions>
          <ns3:TrackPointExtension>
            <ns3:hr>129</ns3:hr>
            <ns3:cad>80</ns3:cad>
          </ns3:TrackPointExtension>
        </extensions>
      </trkpt>
      <trkpt lat="23.05035173892974853515625" lon="113.30625015310943126678466796875">
        <ele>2.7999999523162841796875</ele>
        <time>2026-08-30T23:10:40.000Z</time>
        <extensions>
          <ns3:TrackPointExtension>
            <ns3:hr>129</ns3:hr>
            <ns3:cad>80</ns3:cad>
          </ns3:TrackPointExtension>
        </extensions>
      </trkpt>
      <trkpt lat="23.0503488890826702117919921875" lon="113.3062825910747051239013671875">
        <ele>2.7999999523162841796875</ele>
        <time>2026-08-30T23:10:41.000Z</time>
        <extensions>
          <ns3:TrackPointExtension>
            <ns3:hr>129</ns3:hr>
            <ns3:cad>80</ns3:cad>
          </ns3:TrackPointExtension>
        </extensions>
      </trkpt>
      <trkpt lat="23.05034478195011615753173828125" lon="113.30629927106201648712158203125">
        <ele>2.7999999523162841796875</ele>
        <time>2026-08-30T23:10:42.000Z</time>
        <extensions>
          <ns3:TrackPointExtension>
            <ns3:hr>129</ns3:hr>
            <ns3:cad>80</ns3:cad>
          </ns3:TrackPointExtension>
        </extensions>
      </trkpt>
      <trkpt lat="23.0503482185304164886474609375" lon="113.30632030963897705078125">
        <ele>2.7999999523162841796875</ele>
        <time>2026-08-30T23:10:43.000Z</time>
        <extensions>
          <ns3:TrackPointExtension>
            <ns3:hr>129</ns3:hr>
            <ns3:cad>81</ns3:cad>
          </ns3:TrackPointExtension>
        </extensions>
      </trkpt>
      <trkpt lat="23.050342686474323272705078125" lon="113.30634989775717258453369140625">
        <ele>2.7999999523162841796875</ele>
        <time>2026-08-30T23:10:44.000Z</time>
        <extensions>
          <ns3:TrackPointExtension>
            <ns3:hr>129</ns3:hr>
            <ns3:cad>81</ns3:cad>
          </ns3:TrackPointExtension>
        </extensions>
      </trkpt>
      <trkpt lat="23.05033992044627666473388671875" lon="113.30636615864932537078857421875">
        <ele>2.7999999523162841796875</ele>
        <time>2026-08-30T23:10:45.000Z</time>
        <extensions>
          <ns3:TrackPointExtension>
            <ns3:hr>129</ns3:hr>
            <ns3:cad>80</ns3:cad>
          </ns3:TrackPointExtension>
        </extensions>
      </trkpt>
      <trkpt lat="23.05034394375979900360107421875" lon="113.3063882030546665191650390625">
        <ele>2.7999999523162841796875</ele>
        <time>2026-08-30T23:10:46.000Z</time>
        <extensions>
          <ns3:TrackPointExtension>
            <ns3:hr>128</ns3:hr>
            <ns3:cad>80</ns3:cad>
          </ns3:TrackPointExtension>
        </extensions>
      </trkpt>
      <trkpt lat="23.05034168064594268798828125" lon="113.30642156302928924560546875">
        <ele>2.7999999523162841796875</ele>
        <time>2026-08-30T23:10:47.000Z</time>
        <extensions>
          <ns3:TrackPointExtension>
            <ns3:hr>128</ns3:hr>
            <ns3:cad>80</ns3:cad>
          </ns3:TrackPointExtension>
        </extensions>
      </trkpt>
      <trkpt lat="23.05034310556948184967041015625" lon="113.30643505789339542388916015625">
        <ele>2.7999999523162841796875</ele>
        <time>2026-08-30T23:10:48.000Z</time>
        <extensions>
          <ns3:TrackPointExtension>
            <ns3:hr>128</ns3:hr>
            <ns3:cad>80</ns3:cad>
          </ns3:TrackPointExtension>
        </extensions>
      </trkpt>
      <trkpt lat="23.0503472127020359039306640625" lon="113.30645366571843624114990234375">
        <ele>2.7999999523162841796875</ele>
        <time>2026-08-30T23:10:49.000Z</time>
        <extensions>
          <ns3:TrackPointExtension>
            <ns3:hr>128</ns3:hr>
            <ns3:cad>80</ns3:cad>
          </ns3:TrackPointExtension>
        </extensions>
      </trkpt>
      <trkpt lat="23.050343357026576995849609375" lon="113.30648191273212432861328125">
        <ele>2.7999999523162841796875</ele>
        <time>2026-08-30T23:10:50.000Z</time>
        <extensions>
          <ns3:TrackPointExtension>
            <ns3:hr>128</ns3:hr>
            <ns3:cad>80</ns3:cad>
          </ns3:TrackPointExtension>
        </extensions>
      </trkpt>
      <trkpt lat="23.05034126155078411102294921875" lon="113.306493647396564483642578125">
        <ele>2.7999999523162841796875</ele>
        <time>2026-08-30T23:10:51.000Z</time>
        <extensions>
          <ns3:TrackPointExtension>
            <ns3:hr>128</ns3:hr>
            <ns3:cad>80</ns3:cad>
          </ns3:TrackPointExtension>
        </extensions>
      </trkpt>
      <trkpt lat="23.05034327320754528045654296875" lon="113.30651368014514446258544921875">
        <ele>2.7999999523162841796875</ele>
        <time>2026-08-30T23:10:52.000Z</time>
        <extensions>
          <ns3:TrackPointExtension>
            <ns3:hr>128</ns3:hr>
            <ns3:cad>80</ns3:cad>
          </ns3:TrackPointExtension>
        </extensions>
      </trkpt>
      <trkpt lat="23.05033908225595951080322265625" lon="113.306544609367847442626953125">
        <ele>2.7999999523162841796875</ele>
        <time>2026-08-30T23:10:53.000Z</time>
        <extensions>
          <ns3:TrackPointExtension>
            <ns3:hr>128</ns3:hr>
            <ns3:cad>80</ns3:cad>
          </ns3:TrackPointExtension>
        </extensions>
      </trkpt>
      <trkpt lat="23.050338327884674072265625" lon="113.30655307509005069732666015625">
        <ele>2.7999999523162841796875</ele>
        <time>2026-08-30T23:10:54.000Z</time>
        <extensions>
          <ns3:TrackPointExtension>
            <ns3:hr>128</ns3:hr>
            <ns3:cad>80</ns3:cad>
          </ns3:TrackPointExtension>
        </extensions>
      </trkpt>
      <trkpt lat="23.05033321492373943328857421875" lon="113.3065796457231044769287109375">
        <ele>2.7999999523162841796875</ele>
        <time>2026-08-30T23:10:55.000Z</time>
        <extensions>
          <ns3:TrackPointExtension>
            <ns3:hr>128</ns3:hr>
            <ns3:cad>80</ns3:cad>
          </ns3:TrackPointExtension>
        </extensions>
      </trkpt>
      <trkpt lat="23.0503240786492824554443359375" lon="113.30660638399422168731689453125">
        <ele>2.7999999523162841796875</ele>
        <time>2026-08-30T23:10:56.000Z</time>
        <extensions>
          <ns3:TrackPointExtension>
            <ns3:hr>128</ns3:hr>
            <ns3:cad>80</ns3:cad>
          </ns3:TrackPointExtension>
        </extensions>
      </trkpt>
      <trkpt lat="23.05032416246831417083740234375" lon="113.30661795102059841156005859375">
        <ele>2.7999999523162841796875</ele>
        <time>2026-08-30T23:10:57.000Z</time>
        <extensions>
          <ns3:TrackPointExtension>
            <ns3:hr>129</ns3:hr>
            <ns3:cad>80</ns3:cad>
          </ns3:TrackPointExtension>
        </extensions>
      </trkpt>
      <trkpt lat="23.050317876040935516357421875" lon="113.30664628185331821441650390625">
        <ele>2.7999999523162841796875</ele>
        <time>2026-08-30T23:10:58.000Z</time>
        <extensions>
          <ns3:TrackPointExtension>
            <ns3:hr>129</ns3:hr>
            <ns3:cad>81</ns3:cad>
          </ns3:TrackPointExtension>
        </extensions>
      </trkpt>
      <trkpt lat="23.05031217634677886962890625" lon="113.30666908062994480133056640625">
        <ele>3</ele>
        <time>2026-08-30T23:10:59.000Z</time>
        <extensions>
          <ns3:TrackPointExtension>
            <ns3:hr>129</ns3:hr>
            <ns3:cad>81</ns3:cad>
          </ns3:TrackPointExtension>
        </extensions>
      </trkpt>
      <trkpt lat="23.05031443946063518524169921875" lon="113.30668902955949306488037109375">
        <ele>3</ele>
        <time>2026-08-30T23:11:00.000Z</time>
        <extensions>
          <ns3:TrackPointExtension>
            <ns3:hr>129</ns3:hr>
            <ns3:cad>81</ns3:cad>
          </ns3:TrackPointExtension>
        </extensions>
      </trkpt>
      <trkpt lat="23.05031083524227142333984375" lon="113.3067097328603267669677734375">
        <ele>3.2000000476837158203125</ele>
        <time>2026-08-30T23:11:01.000Z</time>
        <extensions>
          <ns3:TrackPointExtension>
            <ns3:hr>129</ns3:hr>
            <ns3:cad>81</ns3:cad>
          </ns3:TrackPointExtension>
        </extensions>
      </trkpt>
      <trkpt lat="23.05030622519552707672119140625" lon="113.30672607757151126861572265625">
        <ele>3.2000000476837158203125</ele>
        <time>2026-08-30T23:11:02.000Z</time>
        <extensions>
          <ns3:TrackPointExtension>
            <ns3:hr>129</ns3:hr>
            <ns3:cad>81</ns3:cad>
          </ns3:TrackPointExtension>
        </extensions>
      </trkpt>
      <trkpt lat="23.05030505172908306121826171875" lon="113.3067415840923786163330078125">
        <ele>3.2000000476837158203125</ele>
        <time>2026-08-30T23:11:03.000Z</time>
        <extensions>
          <ns3:TrackPointExtension>
            <ns3:hr>129</ns3:hr>
            <ns3:cad>81</ns3:cad>
          </ns3:TrackPointExtension>
        </extensions>
      </trkpt>
      <trkpt lat="23.0502979271113872528076171875" lon="113.30675876699388027191162109375">
        <ele>3.2000000476837158203125</ele>
        <time>2026-08-30T23:11:04.000Z</time>
        <extensions>
          <ns3:TrackPointExtension>
            <ns3:hr>129</ns3:hr>
            <ns3:cad>80</ns3:cad>
          </ns3:TrackPointExtension>
        </extensions>
      </trkpt>
      <trkpt lat="23.050289712846279144287109375" lon="113.30678273923695087432861328125">
        <ele>3.2000000476837158203125</ele>
        <time>2026-08-30T23:11:05.000Z</time>
        <extensions>
          <ns3:TrackPointExtension>
            <ns3:hr>129</ns3:hr>
            <ns3:cad>80</ns3:cad>
          </ns3:TrackPointExtension>
        </extensions>
      </trkpt>
      <trkpt lat="23.05028527043759822845458984375" lon="113.3068039454519748687744140625">
        <ele>3</ele>
        <time>2026-08-30T23:11:06.000Z</time>
        <extensions>
          <ns3:TrackPointExtension>
            <ns3:hr>129</ns3:hr>
            <ns3:cad>80</ns3:cad>
          </ns3:TrackPointExtension>
        </extensions>
      </trkpt>
      <trkpt lat="23.05027605034410953521728515625" lon="113.30683319829404354095458984375">
        <ele>3</ele>
        <time>2026-08-30T23:11:07.000Z</time>
        <extensions>
          <ns3:TrackPointExtension>
            <ns3:hr>129</ns3:hr>
            <ns3:cad>80</ns3:cad>
          </ns3:TrackPointExtension>
        </extensions>
      </trkpt>
      <trkpt lat="23.05026431567966938018798828125" lon="113.3068525604903697967529296875">
        <ele>2.7999999523162841796875</ele>
        <time>2026-08-30T23:11:08.000Z</time>
        <extensions>
          <ns3:TrackPointExtension>
            <ns3:hr>129</ns3:hr>
            <ns3:cad>80</ns3:cad>
          </ns3:TrackPointExtension>
        </extensions>
      </trkpt>
      <trkpt lat="23.0502586998045444488525390625" lon="113.30687024630606174468994140625">
        <ele>2.7999999523162841796875</ele>
        <time>2026-08-30T23:11:09.000Z</time>
        <extensions>
          <ns3:TrackPointExtension>
            <ns3:hr>129</ns3:hr>
            <ns3:cad>80</ns3:cad>
          </ns3:TrackPointExtension>
        </extensions>
      </trkpt>
      <trkpt lat="23.05024755187332630157470703125" lon="113.30690260045230388641357421875">
        <ele>2.7999999523162841796875</ele>
        <time>2026-08-30T23:11:10.000Z</time>
        <extensions>
          <ns3:TrackPointExtension>
            <ns3:hr>129</ns3:hr>
            <ns3:cad>80</ns3:cad>
          </ns3:TrackPointExtension>
        </extensions>
      </trkpt>
      <trkpt lat="23.05024067871272563934326171875" lon="113.30691852606832981109619140625">
        <ele>2.599999904632568359375</ele>
        <time>2026-08-30T23:11:11.000Z</time>
        <extensions>
          <ns3:TrackPointExtension>
            <ns3:hr>128</ns3:hr>
            <ns3:cad>81</ns3:cad>
          </ns3:TrackPointExtension>
        </extensions>
      </trkpt>
      <trkpt lat="23.0502436123788356781005859375" lon="113.30693922936916351318359375">
        <ele>2.599999904632568359375</ele>
        <time>2026-08-30T23:11:12.000Z</time>
        <extensions>
          <ns3:TrackPointExtension>
            <ns3:hr>129</ns3:hr>
            <ns3:cad>81</ns3:cad>
          </ns3:TrackPointExtension>
        </extensions>
      </trkpt>
      <trkpt lat="23.050239421427249908447265625" lon="113.30697099678218364715576171875">
        <ele>2.599999904632568359375</ele>
        <time>2026-08-30T23:11:13.000Z</time>
        <extensions>
          <ns3:TrackPointExtension>
            <ns3:hr>129</ns3:hr>
            <ns3:cad>81</ns3:cad>
          </ns3:TrackPointExtension>
        </extensions>
      </trkpt>
      <trkpt lat="23.05023573338985443115234375" lon="113.306989856064319610595703125">
        <ele>2.599999904632568359375</ele>
        <time>2026-08-30T23:11:14.000Z</time>
        <extensions>
          <ns3:TrackPointExtension>
            <ns3:hr>128</ns3:hr>
            <ns3:cad>81</ns3:cad>
          </ns3:TrackPointExtension>
        </extensions>
      </trkpt>
      <trkpt lat="23.0502345599234104156494140625" lon="113.30700787715613842010498046875">
        <ele>2.599999904632568359375</ele>
        <time>2026-08-30T23:11:15.000Z</time>
        <extensions>
          <ns3:TrackPointExtension>
            <ns3:hr>128</ns3:hr>
            <ns3:cad>81</ns3:cad>
          </ns3:TrackPointExtension>
        </extensions>
      </trkpt>
      <trkpt lat="23.0502285249531269073486328125" lon="113.30703486688435077667236328125">
        <ele>2.599999904632568359375</ele>
        <time>2026-08-30T23:11:16.000Z</time>
        <extensions>
          <ns3:TrackPointExtension>
            <ns3:hr>128</ns3:hr>
            <ns3:cad>80</ns3:cad>
          </ns3:TrackPointExtension>
        </extensions>
      </trkpt>
      <trkpt lat="23.05022140033543109893798828125" lon="113.30705163069069385528564453125">
        <ele>2.599999904632568359375</ele>
        <time>2026-08-30T23:11:17.000Z</time>
        <extensions>
          <ns3:TrackPointExtension>
            <ns3:hr>128</ns3:hr>
            <ns3:cad>79</ns3:cad>
          </ns3:TrackPointExtension>
        </extensions>
      </trkpt>
      <trkpt lat="23.05022307671606540679931640625" lon="113.30707275308668613433837890625">
        <ele>2.599999904632568359375</ele>
        <time>2026-08-30T23:11:18.000Z</time>
        <extensions>
          <ns3:TrackPointExtension>
            <ns3:hr>128</ns3:hr>
            <ns3:cad>79</ns3:cad>
          </ns3:TrackPointExtension>
        </extensions>
      </trkpt>
      <trkpt lat="23.05021771229803562164306640625" lon="113.307104520499706268310546875">
        <ele>2.7999999523162841796875</ele>
        <time>2026-08-30T23:11:19.000Z</time>
        <extensions>
          <ns3:TrackPointExtension>
            <ns3:hr>129</ns3:hr>
            <ns3:cad>80</ns3:cad>
          </ns3:TrackPointExtension>
        </extensions>
      </trkpt>
      <trkpt lat="23.05021352134644985198974609375" lon="113.30712203867733478546142578125">
        <ele>2.7999999523162841796875</ele>
        <time>2026-08-30T23:11:20.000Z</time>
        <extensions>
          <ns3:TrackPointExtension>
            <ns3:hr>128</ns3:hr>
            <ns3:cad>80</ns3:cad>
          </ns3:TrackPointExtension>
        </extensions>
      </trkpt>
      <trkpt lat="23.05021385662257671356201171875" lon="113.30714282579720020294189453125">
        <ele>2.7999999523162841796875</ele>
        <time>2026-08-30T23:11:21.000Z</time>
        <extensions>
          <ns3:TrackPointExtension>
            <ns3:hr>128</ns3:hr>
            <ns3:cad>80</ns3:cad>
          </ns3:TrackPointExtension>
        </extensions>
      </trkpt>
      <trkpt lat="23.050206564366817474365234375" lon="113.30717350356280803680419921875">
        <ele>2.7999999523162841796875</ele>
        <time>2026-08-30T23:11:22.000Z</time>
        <extensions>
          <ns3:TrackPointExtension>
            <ns3:hr>129</ns3:hr>
            <ns3:cad>80</ns3:cad>
          </ns3:TrackPointExtension>
        </extensions>
      </trkpt>
      <trkpt lat="23.05019943974912166595458984375" lon="113.3071921952068805694580078125">
        <ele>2.7999999523162841796875</ele>
        <time>2026-08-30T23:11:23.000Z</time>
        <extensions>
          <ns3:TrackPointExtension>
            <ns3:hr>129</ns3:hr>
            <ns3:cad>80</ns3:cad>
          </ns3:TrackPointExtension>
        </extensions>
      </trkpt>
      <trkpt lat="23.05020061321556568145751953125" lon="113.30721055157482624053955078125">
        <ele>2.7999999523162841796875</ele>
        <time>2026-08-30T23:11:24.000Z</time>
        <extensions>
          <ns3:TrackPointExtension>
            <ns3:hr>129</ns3:hr>
            <ns3:cad>80</ns3:cad>
          </ns3:TrackPointExtension>
        </extensions>
      </trkpt>
      <trkpt lat="23.05019591934978961944580078125" lon="113.3072377927601337432861328125">
        <ele>2.7999999523162841796875</ele>
        <time>2026-08-30T23:11:25.000Z</time>
        <extensions>
          <ns3:TrackPointExtension>
            <ns3:hr>129</ns3:hr>
            <ns3:cad>79</ns3:cad>
          </ns3:TrackPointExtension>
        </extensions>
      </trkpt>
      <trkpt lat="23.0501943267881870269775390625" lon="113.30725707113742828369140625">
        <ele>2.7999999523162841796875</ele>
        <time>2026-08-30T23:11:26.000Z</time>
        <extensions>
          <ns3:TrackPointExtension>
            <ns3:hr>129</ns3:hr>
            <ns3:cad>79</ns3:cad>
          </ns3:TrackPointExtension>
        </extensions>
      </trkpt>
      <trkpt lat="23.05019684135913848876953125" lon="113.3072790317237377166748046875">
        <ele>2.7999999523162841796875</ele>
        <time>2026-08-30T23:11:27.000Z</time>
        <extensions>
          <ns3:TrackPointExtension>
            <ns3:hr>129</ns3:hr>
            <ns3:cad>79</ns3:cad>
          </ns3:TrackPointExtension>
        </extensions>
      </trkpt>
      <trkpt lat="23.05019189603626728057861328125" lon="113.30731381662189960479736328125">
        <ele>2.7999999523162841796875</ele>
        <time>2026-08-30T23:11:28.000Z</time>
        <extensions>
          <ns3:TrackPointExtension>
            <ns3:hr>129</ns3:hr>
            <ns3:cad>79</ns3:cad>
          </ns3:TrackPointExtension>
        </extensions>
      </trkpt>
      <trkpt lat="23.050188124179840087890625" lon="113.3073328435420989990234375">
        <ele>2.7999999523162841796875</ele>
        <time>2026-08-30T23:11:29.000Z</time>
        <extensions>
          <ns3:TrackPointExtension>
            <ns3:hr>129</ns3:hr>
            <ns3:cad>80</ns3:cad>
          </ns3:TrackPointExtension>
        </extensions>
      </trkpt>
      <trkpt lat="23.05018820799887180328369140625" lon="113.30735170282423496246337890625">
        <ele>2.7999999523162841796875</ele>
        <time>2026-08-30T23:11:30.000Z</time>
        <extensions>
          <ns3:TrackPointExtension>
            <ns3:hr>129</ns3:hr>
            <ns3:cad>80</ns3:cad>
          </ns3:TrackPointExtension>
        </extensions>
      </trkpt>
      <trkpt lat="23.05018451996147632598876953125" lon="113.307384140789508819580078125">
        <ele>2.7999999523162841796875</ele>
        <time>2026-08-30T23:11:31.000Z</time>
        <extensions>
          <ns3:TrackPointExtension>
            <ns3:hr>129</ns3:hr>
            <ns3:cad>80</ns3:cad>
          </ns3:TrackPointExtension>
        </extensions>
      </trkpt>
      <trkpt lat="23.050179071724414825439453125" lon="113.3073997311294078826904296875">
        <ele>2.7999999523162841796875</ele>
        <time>2026-08-30T23:11:32.000Z</time>
        <extensions>
          <ns3:TrackPointExtension>
            <ns3:hr>130</ns3:hr>
            <ns3:cad>80</ns3:cad>
          </ns3:TrackPointExtension>
        </extensions>
      </trkpt>
      <trkpt lat="23.05018016137182712554931640625" lon="113.3074185065925121307373046875">
        <ele>2.7999999523162841796875</ele>
        <time>2026-08-30T23:11:33.000Z</time>
        <extensions>
          <ns3:TrackPointExtension>
            <ns3:hr>130</ns3:hr>
            <ns3:cad>80</ns3:cad>
          </ns3:TrackPointExtension>
        </extensions>
      </trkpt>
      <trkpt lat="23.0501732043921947479248046875" lon="113.30744910053908824920654296875">
        <ele>2.7999999523162841796875</ele>
        <time>2026-08-30T23:11:34.000Z</time>
        <extensions>
          <ns3:TrackPointExtension>
            <ns3:hr>130</ns3:hr>
            <ns3:cad>80</ns3:cad>
          </ns3:TrackPointExtension>
        </extensions>
      </trkpt>
      <trkpt lat="23.0501671694219112396240234375" lon="113.30746469087898731231689453125">
        <ele>2.7999999523162841796875</ele>
        <time>2026-08-30T23:11:35.000Z</time>
        <extensions>
          <ns3:TrackPointExtension>
            <ns3:hr>130</ns3:hr>
            <ns3:cad>80</ns3:cad>
          </ns3:TrackPointExtension>
        </extensions>
      </trkpt>
      <trkpt lat="23.0501664988696575164794921875" lon="113.30748782493174076080322265625">
        <ele>2.7999999523162841796875</ele>
        <time>2026-08-30T23:11:36.000Z</time>
        <extensions>
          <ns3:TrackPointExtension>
            <ns3:hr>130</ns3:hr>
            <ns3:cad>80</ns3:cad>
          </ns3:TrackPointExtension>
        </extensions>
      </trkpt>
      <trkpt lat="23.05016197264194488525390625" lon="113.30752152018249034881591796875">
        <ele>2.7999999523162841796875</ele>
        <time>2026-08-30T23:11:37.000Z</time>
        <extensions>
          <ns3:TrackPointExtension>
            <ns3:hr>130</ns3:hr>
            <ns3:cad>80</ns3:cad>
          </ns3:TrackPointExtension>
        </extensions>
      </trkpt>
      <trkpt lat="23.05015769787132740020751953125" lon="113.30753979273140430450439453125">
        <ele>2.7999999523162841796875</ele>
        <time>2026-08-30T23:11:38.000Z</time>
        <extensions>
          <ns3:TrackPointExtension>
            <ns3:hr>130</ns3:hr>
            <ns3:cad>80</ns3:cad>
          </ns3:TrackPointExtension>
        </extensions>
      </trkpt>
      <trkpt lat="23.05015920661389827728271484375" lon="113.30756745301187038421630859375">
        <ele>2.7999999523162841796875</ele>
        <time>2026-08-30T23:11:39.000Z</time>
        <extensions>
          <ns3:TrackPointExtension>
            <ns3:hr>131</ns3:hr>
            <ns3:cad>80</ns3:cad>
          </ns3:TrackPointExtension>
        </extensions>
      </trkpt>
      <trkpt lat="23.0501527525484561920166015625" lon="113.3076012320816516876220703125">
        <ele>2.7999999523162841796875</ele>
        <time>2026-08-30T23:11:40.000Z</time>
        <extensions>
          <ns3:TrackPointExtension>
            <ns3:hr>130</ns3:hr>
            <ns3:cad>80</ns3:cad>
          </ns3:TrackPointExtension>
        </extensions>
      </trkpt>
      <trkpt lat="23.05015115998685359954833984375" lon="113.30761372111737728118896484375">
        <ele>2.7999999523162841796875</ele>
        <time>2026-08-30T23:11:41.000Z</time>
        <extensions>
          <ns3:TrackPointExtension>
            <ns3:hr>131</ns3:hr>
            <ns3:cad>80</ns3:cad>
          </ns3:TrackPointExtension>
        </extensions>
      </trkpt>
      <trkpt lat="23.05015032179653644561767578125" lon="113.30763819627463817596435546875">
        <ele>2.7999999523162841796875</ele>
        <time>2026-08-30T23:11:42.000Z</time>
        <extensions>
          <ns3:TrackPointExtension>
            <ns3:hr>131</ns3:hr>
            <ns3:cad>80</ns3:cad>
          </ns3:TrackPointExtension>
        </extensions>
      </trkpt>
      <trkpt lat="23.050142191350460052490234375" lon="113.30767088569700717926025390625">
        <ele>2.7999999523162841796875</ele>
        <time>2026-08-30T23:11:43.000Z</time>
        <extensions>
          <ns3:TrackPointExtension>
            <ns3:hr>131</ns3:hr>
            <ns3:cad>80</ns3:cad>
          </ns3:TrackPointExtension>
        </extensions>
      </trkpt>
      <trkpt lat="23.05013104341924190521240234375" lon="113.30768815241754055023193359375">
        <ele>2.7999999523162841796875</ele>
        <time>2026-08-30T23:11:44.000Z</time>
        <extensions>
          <ns3:TrackPointExtension>
            <ns3:hr>131</ns3:hr>
            <ns3:cad>80</ns3:cad>
          </ns3:TrackPointExtension>
        </extensions>
      </trkpt>
      <trkpt lat="23.050129115581512451171875" lon="113.30771111883223056793212890625">
        <ele>2.7999999523162841796875</ele>
        <time>2026-08-30T23:11:45.000Z</time>
        <extensions>
          <ns3:TrackPointExtension>
            <ns3:hr>131</ns3:hr>
            <ns3:cad>80</ns3:cad>
          </ns3:TrackPointExtension>
        </extensions>
      </trkpt>
      <trkpt lat="23.05012450553476810455322265625" lon="113.307746239006519317626953125">
        <ele>2.7999999523162841796875</ele>
        <time>2026-08-30T23:11:46.000Z</time>
        <extensions>
          <ns3:TrackPointExtension>
            <ns3:hr>132</ns3:hr>
            <ns3:cad>80</ns3:cad>
          </ns3:TrackPointExtension>
        </extensions>
      </trkpt>
      <trkpt lat="23.0501249246299266815185546875" lon="113.30775797367095947265625">
        <ele>2.7999999523162841796875</ele>
        <time>2026-08-30T23:11:47.000Z</time>
        <extensions>
          <ns3:TrackPointExtension>
            <ns3:hr>132</ns3:hr>
            <ns3:cad>79</ns3:cad>
          </ns3:TrackPointExtension>
        </extensions>
      </trkpt>
      <trkpt lat="23.05012383498251438140869140625" lon="113.3077834546566009521484375">
        <ele>2.7999999523162841796875</ele>
        <time>2026-08-30T23:11:48.000Z</time>
        <extensions>
          <ns3:TrackPointExtension>
            <ns3:hr>132</ns3:hr>
            <ns3:cad>79</ns3:cad>
          </ns3:TrackPointExtension>
        </extensions>
      </trkpt>
      <trkpt lat="23.05011964403092861175537109375" lon="113.307814635336399078369140625">
        <ele>2.7999999523162841796875</ele>
        <time>2026-08-30T23:11:49.000Z</time>
        <extensions>
          <ns3:TrackPointExtension>
            <ns3:hr>132</ns3:hr>
            <ns3:cad>79</ns3:cad>
          </ns3:TrackPointExtension>
        </extensions>
      </trkpt>
      <trkpt lat="23.05011947639286518096923828125" lon="113.3078282140195369720458984375">
        <ele>2.7999999523162841796875</ele>
        <time>2026-08-30T23:11:50.000Z</time>
        <extensions>
          <ns3:TrackPointExtension>
            <ns3:hr>132</ns3:hr>
            <ns3:cad>80</ns3:cad>
          </ns3:TrackPointExtension>
        </extensions>
      </trkpt>
      <trkpt lat="23.0501188896596431732177734375" lon="113.30785495229065418243408203125">
        <ele>2.599999904632568359375</ele>
        <time>2026-08-30T23:11:51.000Z</time>
        <extensions>
          <ns3:TrackPointExtension>
            <ns3:hr>132</ns3:hr>
            <ns3:cad>80</ns3:cad>
          </ns3:TrackPointExtension>
        </extensions>
      </trkpt>
      <trkpt lat="23.050111345946788787841796875" lon="113.30788764171302318572998046875">
        <ele>2.7999999523162841796875</ele>
        <time>2026-08-30T23:11:52.000Z</time>
        <extensions>
          <ns3:TrackPointExtension>
            <ns3:hr>132</ns3:hr>
            <ns3:cad>80</ns3:cad>
          </ns3:TrackPointExtension>
        </extensions>
      </trkpt>
      <trkpt lat="23.0501091666519641876220703125" lon="113.3079016394913196563720703125">
        <ele>2.7999999523162841796875</ele>
        <time>2026-08-30T23:11:53.000Z</time>
        <extensions>
          <ns3:TrackPointExtension>
            <ns3:hr>132</ns3:hr>
            <ns3:cad>80</ns3:cad>
          </ns3:TrackPointExtension>
        </extensions>
      </trkpt>
      <trkpt lat="23.05010505951941013336181640625" lon="113.30793105997145175933837890625">
        <ele>2.599999904632568359375</ele>
        <time>2026-08-30T23:11:54.000Z</time>
        <extensions>
          <ns3:TrackPointExtension>
            <ns3:hr>132</ns3:hr>
            <ns3:cad>80</ns3:cad>
          </ns3:TrackPointExtension>
        </extensions>
      </trkpt>
      <trkpt lat="23.0500974319875240325927734375" lon="113.30796240828931331634521484375">
        <ele>2.7999999523162841796875</ele>
        <time>2026-08-30T23:11:55.000Z</time>
        <extensions>
          <ns3:TrackPointExtension>
            <ns3:hr>132</ns3:hr>
            <ns3:cad>80</ns3:cad>
          </ns3:TrackPointExtension>
        </extensions>
      </trkpt>
      <trkpt lat="23.05009617470204830169677734375" lon="113.3079727180302143096923828125">
        <ele>2.7999999523162841796875</ele>
        <time>2026-08-30T23:11:56.000Z</time>
        <extensions>
          <ns3:TrackPointExtension>
            <ns3:hr>132</ns3:hr>
            <ns3:cad>80</ns3:cad>
          </ns3:TrackPointExtension>
        </extensions>
      </trkpt>
      <trkpt lat="23.05009416304528713226318359375" lon="113.30799777992069721221923828125">
        <ele>2.7999999523162841796875</ele>
        <time>2026-08-30T23:11:57.000Z</time>
        <extensions>
          <ns3:TrackPointExtension>
            <ns3:hr>132</ns3:hr>
            <ns3:cad>80</ns3:cad>
          </ns3:TrackPointExtension>
        </extensions>
      </trkpt>
      <trkpt lat="23.0500846914947032928466796875" lon="113.3080287091434001922607421875">
        <ele>2.7999999523162841796875</ele>
        <time>2026-08-30T23:11:58.000Z</time>
        <extensions>
          <ns3:TrackPointExtension>
            <ns3:hr>131</ns3:hr>
            <ns3:cad>79</ns3:cad>
          </ns3:TrackPointExtension>
        </extensions>
      </trkpt>
      <trkpt lat="23.05008427239954471588134765625" lon="113.308041281998157501220703125">
        <ele>2.599999904632568359375</ele>
        <time>2026-08-30T23:11:59.000Z</time>
        <extensions>
          <ns3:TrackPointExtension>
            <ns3:hr>132</ns3:hr>
            <ns3:cad>79</ns3:cad>
          </ns3:TrackPointExtension>
        </extensions>
      </trkpt>
      <trkpt lat="23.05008016526699066162109375" lon="113.30806651152670383453369140625">
        <ele>2.599999904632568359375</ele>
        <time>2026-08-30T23:12:00.000Z</time>
        <extensions>
          <ns3:TrackPointExtension>
            <ns3:hr>132</ns3:hr>
            <ns3:cad>79</ns3:cad>
          </ns3:TrackPointExtension>
        </extensions>
      </trkpt>
      <trkpt lat="23.05007035844027996063232421875" lon="113.30810062587261199951171875">
        <ele>2.599999904632568359375</ele>
        <time>2026-08-30T23:12:01.000Z</time>
        <extensions>
          <ns3:TrackPointExtension>
            <ns3:hr>131</ns3:hr>
            <ns3:cad>79</ns3:cad>
          </ns3:TrackPointExtension>
        </extensions>
      </trkpt>
      <trkpt lat="23.05006809532642364501953125" lon="113.30811428837478160858154296875">
        <ele>2.599999904632568359375</ele>
        <time>2026-08-30T23:12:02.000Z</time>
        <extensions>
          <ns3:TrackPointExtension>
            <ns3:hr>131</ns3:hr>
            <ns3:cad>79</ns3:cad>
          </ns3:TrackPointExtension>
        </extensions>
      </trkpt>
      <trkpt lat="23.050065077841281890869140625" lon="113.3081450499594211578369140625">
        <ele>2.599999904632568359375</ele>
        <time>2026-08-30T23:12:03.000Z</time>
        <extensions>
          <ns3:TrackPointExtension>
            <ns3:hr>131</ns3:hr>
            <ns3:cad>79</ns3:cad>
          </ns3:TrackPointExtension>
        </extensions>
      </trkpt>
      <trkpt lat="23.0500571988523006439208984375" lon="113.30818218179047107696533203125">
        <ele>2.599999904632568359375</ele>
        <time>2026-08-30T23:12:04.000Z</time>
        <extensions>
          <ns3:TrackPointExtension>
            <ns3:hr>131</ns3:hr>
            <ns3:cad>80</ns3:cad>
          </ns3:TrackPointExtension>
        </extensions>
      </trkpt>
      <trkpt lat="23.050055690109729766845703125" lon="113.30819986760616302490234375">
        <ele>2.599999904632568359375</ele>
        <time>2026-08-30T23:12:05.000Z</time>
        <extensions>
          <ns3:TrackPointExtension>
            <ns3:hr>131</ns3:hr>
            <ns3:cad>80</ns3:cad>
          </ns3:TrackPointExtension>
        </extensions>
      </trkpt>
      <trkpt lat="23.0500511638820171356201171875" lon="113.30823113210499286651611328125">
        <ele>2.599999904632568359375</ele>
        <time>2026-08-30T23:12:06.000Z</time>
        <extensions>
          <ns3:TrackPointExtension>
            <ns3:hr>131</ns3:hr>
            <ns3:cad>80</ns3:cad>
          </ns3:TrackPointExtension>
        </extensions>
      </trkpt>
      <trkpt lat="23.0500407703220844268798828125" lon="113.30827086232602596282958984375">
        <ele>2.599999904632568359375</ele>
        <time>2026-08-30T23:12:07.000Z</time>
        <extensions>
          <ns3:TrackPointExtension>
            <ns3:hr>130</ns3:hr>
            <ns3:cad>79</ns3:cad>
          </ns3:TrackPointExtension>
        </extensions>
      </trkpt>
      <trkpt lat="23.05004336871206760406494140625" lon="113.3082838542759418487548828125">
        <ele>2.599999904632568359375</ele>
        <time>2026-08-30T23:12:08.000Z</time>
        <extensions>
          <ns3:TrackPointExtension>
            <ns3:hr>131</ns3:hr>
            <ns3:cad>79</ns3:cad>
          </ns3:TrackPointExtension>
        </extensions>
      </trkpt>
      <trkpt lat="23.050042949616909027099609375" lon="113.308312855660915374755859375">
        <ele>2.599999904632568359375</ele>
        <time>2026-08-30T23:12:09.000Z</time>
        <extensions>
          <ns3:TrackPointExtension>
            <ns3:hr>131</ns3:hr>
            <ns3:cad>80</ns3:cad>
          </ns3:TrackPointExtension>
        </extensions>
      </trkpt>
      <trkpt lat="23.0500357411801815032958984375" lon="113.3083413541316986083984375">
        <ele>2.599999904632568359375</ele>
        <time>2026-08-30T23:12:10.000Z</time>
        <extensions>
          <ns3:TrackPointExtension>
            <ns3:hr>131</ns3:hr>
            <ns3:cad>80</ns3:cad>
          </ns3:TrackPointExtension>
        </extensions>
      </trkpt>
      <trkpt lat="23.050036244094371795654296875" lon="113.308353424072265625">
        <ele>2.599999904632568359375</ele>
        <time>2026-08-30T23:12:11.000Z</time>
        <extensions>
          <ns3:TrackPointExtension>
            <ns3:hr>131</ns3:hr>
            <ns3:cad>80</ns3:cad>
          </ns3:TrackPointExtension>
        </extensions>
      </trkpt>
      <trkpt lat="23.050036244094371795654296875" lon="113.3083847723901271820068359375">
        <ele>2.599999904632568359375</ele>
        <time>2026-08-30T23:12:12.000Z</time>
        <extensions>
          <ns3:TrackPointExtension>
            <ns3:hr>132</ns3:hr>
            <ns3:cad>80</ns3:cad>
          </ns3:TrackPointExtension>
        </extensions>
      </trkpt>
      <trkpt lat="23.0500300414860248565673828125" lon="113.308420814573764801025390625">
        <ele>2.599999904632568359375</ele>
        <time>2026-08-30T23:12:13.000Z</time>
        <extensions>
          <ns3:TrackPointExtension>
            <ns3:hr>132</ns3:hr>
            <ns3:cad>80</ns3:cad>
          </ns3:TrackPointExtension>
        </extensions>
      </trkpt>
      <trkpt lat="23.050029538571834564208984375" lon="113.30843389034271240234375">
        <ele>2.599999904632568359375</ele>
        <time>2026-08-30T23:12:14.000Z</time>
        <extensions>
          <ns3:TrackPointExtension>
            <ns3:hr>133</ns3:hr>
            <ns3:cad>79</ns3:cad>
          </ns3:TrackPointExtension>
        </extensions>
      </trkpt>
      <trkpt lat="23.050030879676342010498046875" lon="113.30846716649830341339111328125">
        <ele>2.599999904632568359375</ele>
        <time>2026-08-30T23:12:15.000Z</time>
        <extensions>
          <ns3:TrackPointExtension>
            <ns3:hr>133</ns3:hr>
            <ns3:cad>79</ns3:cad>
          </ns3:TrackPointExtension>
        </extensions>
      </trkpt>
      <trkpt lat="23.05002409033477306365966796875" lon="113.30849901773035526275634765625">
        <ele>2.599999904632568359375</ele>
        <time>2026-08-30T23:12:16.000Z</time>
        <extensions>
          <ns3:TrackPointExtension>
            <ns3:hr>134</ns3:hr>
            <ns3:cad>79</ns3:cad>
          </ns3:TrackPointExtension>
        </extensions>
      </trkpt>
      <trkpt lat="23.05002249777317047119140625" lon="113.30851259641349315643310546875">
        <ele>2.7999999523162841796875</ele>
        <time>2026-08-30T23:12:17.000Z</time>
        <extensions>
          <ns3:TrackPointExtension>
            <ns3:hr>135</ns3:hr>
            <ns3:cad>80</ns3:cad>
          </ns3:TrackPointExtension>
        </extensions>
      </trkpt>
      <trkpt lat="23.0500186420977115631103515625" lon="113.30854193307459354400634765625">
        <ele>2.7999999523162841796875</ele>
        <time>2026-08-30T23:12:18.000Z</time>
        <extensions>
          <ns3:TrackPointExtension>
            <ns3:hr>135</ns3:hr>
            <ns3:cad>80</ns3:cad>
          </ns3:TrackPointExtension>
        </extensions>
      </trkpt>
      <trkpt lat="23.050010763108730316162109375" lon="113.30857730470597743988037109375">
        <ele>2.7999999523162841796875</ele>
        <time>2026-08-30T23:12:19.000Z</time>
        <extensions>
          <ns3:TrackPointExtension>
            <ns3:hr>135</ns3:hr>
            <ns3:cad>80</ns3:cad>
          </ns3:TrackPointExtension>
        </extensions>
      </trkpt>
      <trkpt lat="23.05000313557684421539306640625" lon="113.30859188921749591827392578125">
        <ele>2.7999999523162841796875</ele>
        <time>2026-08-30T23:12:20.000Z</time>
        <extensions>
          <ns3:TrackPointExtension>
            <ns3:hr>135</ns3:hr>
            <ns3:cad>79</ns3:cad>
          </ns3:TrackPointExtension>
        </extensions>
      </trkpt>
      <trkpt lat="23.0500002019107341766357421875" lon="113.30861804075539112091064453125">
        <ele>2.7999999523162841796875</ele>
        <time>2026-08-30T23:12:21.000Z</time>
        <extensions>
          <ns3:TrackPointExtension>
            <ns3:hr>135</ns3:hr>
            <ns3:cad>79</ns3:cad>
          </ns3:TrackPointExtension>
        </extensions>
      </trkpt>
      <trkpt lat="23.0499908141791820526123046875" lon="113.30864913761615753173828125">
        <ele>2.7999999523162841796875</ele>
        <time>2026-08-30T23:12:22.000Z</time>
        <extensions>
          <ns3:TrackPointExtension>
            <ns3:hr>135</ns3:hr>
            <ns3:cad>80</ns3:cad>
          </ns3:TrackPointExtension>
        </extensions>
      </trkpt>
      <trkpt lat="23.0499911494553089141845703125" lon="113.30866531468927860260009765625">
        <ele>2.7999999523162841796875</ele>
        <time>2026-08-30T23:12:23.000Z</time>
        <extensions>
          <ns3:TrackPointExtension>
            <ns3:hr>136</ns3:hr>
            <ns3:cad>80</ns3:cad>
          </ns3:TrackPointExtension>
        </extensions>
      </trkpt>
      <trkpt lat="23.04998670704662799835205078125" lon="113.30869532190263271331787109375">
        <ele>2.7999999523162841796875</ele>
        <time>2026-08-30T23:12:24.000Z</time>
        <extensions>
          <ns3:TrackPointExtension>
            <ns3:hr>135</ns3:hr>
            <ns3:cad>80</ns3:cad>
          </ns3:TrackPointExtension>
        </extensions>
      </trkpt>
      <trkpt lat="23.049978911876678466796875" lon="113.308724574744701385498046875">
        <ele>2.7999999523162841796875</ele>
        <time>2026-08-30T23:12:25.000Z</time>
        <extensions>
          <ns3:TrackPointExtension>
            <ns3:hr>135</ns3:hr>
            <ns3:cad>80</ns3:cad>
          </ns3:TrackPointExtension>
        </extensions>
      </trkpt>
      <trkpt lat="23.04997681640088558197021484375" lon="113.30873639322817325592041015625">
        <ele>2.7999999523162841796875</ele>
        <time>2026-08-30T23:12:26.000Z</time>
        <extensions>
          <ns3:TrackPointExtension>
            <ns3:hr>135</ns3:hr>
            <ns3:cad>80</ns3:cad>
          </ns3:TrackPointExtension>
        </extensions>
      </trkpt>
      <trkpt lat="23.04997212253510951995849609375" lon="113.30876355059444904327392578125">
        <ele>2.7999999523162841796875</ele>
        <time>2026-08-30T23:12:27.000Z</time>
        <extensions>
          <ns3:TrackPointExtension>
            <ns3:hr>135</ns3:hr>
            <ns3:cad>80</ns3:cad>
          </ns3:TrackPointExtension>
        </extensions>
      </trkpt>
      <trkpt lat="23.04996340535581111907958984375" lon="113.3087928034365177154541015625">
        <ele>2.7999999523162841796875</ele>
        <time>2026-08-30T23:12:28.000Z</time>
        <extensions>
          <ns3:TrackPointExtension>
            <ns3:hr>135</ns3:hr>
            <ns3:cad>80</ns3:cad>
          </ns3:TrackPointExtension>
        </extensions>
      </trkpt>
      <trkpt lat="23.049965836107730865478515625" lon="113.308802358806133270263671875">
        <ele>2.7999999523162841796875</ele>
        <time>2026-08-30T23:12:29.000Z</time>
        <extensions>
          <ns3:TrackPointExtension>
            <ns3:hr>135</ns3:hr>
            <ns3:cad>80</ns3:cad>
          </ns3:TrackPointExtension>
        </extensions>
      </trkpt>
      <trkpt lat="23.0499629862606525421142578125" lon="113.3088300190865993499755859375">
        <ele>2.7999999523162841796875</ele>
        <time>2026-08-30T23:12:30.000Z</time>
        <extensions>
          <ns3:TrackPointExtension>
            <ns3:hr>135</ns3:hr>
            <ns3:cad>80</ns3:cad>
          </ns3:TrackPointExtension>
        </extensions>
      </trkpt>
      <trkpt lat="23.04996022023260593414306640625" lon="113.3088643848896026611328125">
        <ele>2.599999904632568359375</ele>
        <time>2026-08-30T23:12:31.000Z</time>
        <extensions>
          <ns3:TrackPointExtension>
            <ns3:hr>135</ns3:hr>
            <ns3:cad>80</ns3:cad>
          </ns3:TrackPointExtension>
        </extensions>
      </trkpt>
      <trkpt lat="23.049959130585193634033203125" lon="113.30887318588793277740478515625">
        <ele>2.599999904632568359375</ele>
        <time>2026-08-30T23:12:32.000Z</time>
        <extensions>
          <ns3:TrackPointExtension>
            <ns3:hr>136</ns3:hr>
            <ns3:cad>79</ns3:cad>
          </ns3:TrackPointExtension>
        </extensions>
      </trkpt>
      <trkpt lat="23.04995703510940074920654296875" lon="113.308898247778415679931640625">
        <ele>2.599999904632568359375</ele>
        <time>2026-08-30T23:12:33.000Z</time>
        <extensions>
          <ns3:TrackPointExtension>
            <ns3:hr>136</ns3:hr>
            <ns3:cad>79</ns3:cad>
          </ns3:TrackPointExtension>
        </extensions>
      </trkpt>
      <trkpt lat="23.04995100013911724090576171875" lon="113.3089322783052921295166015625">
        <ele>2.599999904632568359375</ele>
        <time>2026-08-30T23:12:34.000Z</time>
        <extensions>
          <ns3:TrackPointExtension>
            <ns3:hr>137</ns3:hr>
            <ns3:cad>79</ns3:cad>
          </ns3:TrackPointExtension>
        </extensions>
      </trkpt>
      <trkpt lat="23.04994898848235607147216796875" lon="113.30894392915070056915283203125">
        <ele>2.599999904632568359375</ele>
        <time>2026-08-30T23:12:35.000Z</time>
        <extensions>
          <ns3:TrackPointExtension>
            <ns3:hr>137</ns3:hr>
            <ns3:cad>79</ns3:cad>
          </ns3:TrackPointExtension>
        </extensions>
      </trkpt>
      <trkpt lat="23.0499485693871974945068359375" lon="113.30897192470729351043701171875">
        <ele>2.599999904632568359375</ele>
        <time>2026-08-30T23:12:36.000Z</time>
        <extensions>
          <ns3:TrackPointExtension>
            <ns3:hr>137</ns3:hr>
            <ns3:cad>79</ns3:cad>
          </ns3:TrackPointExtension>
        </extensions>
      </trkpt>
      <trkpt lat="23.0499448813498020172119140625" lon="113.30900595523416996002197265625">
        <ele>2.599999904632568359375</ele>
        <time>2026-08-30T23:12:37.000Z</time>
        <extensions>
          <ns3:TrackPointExtension>
            <ns3:hr>138</ns3:hr>
            <ns3:cad>80</ns3:cad>
          </ns3:TrackPointExtension>
        </extensions>
      </trkpt>
      <trkpt lat="23.0499428696930408477783203125" lon="113.30902221612632274627685546875">
        <ele>2.599999904632568359375</ele>
        <time>2026-08-30T23:12:38.000Z</time>
        <extensions>
          <ns3:TrackPointExtension>
            <ns3:hr>138</ns3:hr>
            <ns3:cad>80</ns3:cad>
          </ns3:TrackPointExtension>
        </extensions>
      </trkpt>
      <trkpt lat="23.049943707883358001708984375" lon="113.30904970876872539520263671875">
        <ele>2.599999904632568359375</ele>
        <time>2026-08-30T23:12:39.000Z</time>
        <extensions>
          <ns3:TrackPointExtension>
            <ns3:hr>138</ns3:hr>
            <ns3:cad>80</ns3:cad>
          </ns3:TrackPointExtension>
        </extensions>
      </trkpt>
      <trkpt lat="23.049938678741455078125" lon="113.3090804703533649444580078125">
        <ele>2.599999904632568359375</ele>
        <time>2026-08-30T23:12:40.000Z</time>
        <extensions>
          <ns3:TrackPointExtension>
            <ns3:hr>138</ns3:hr>
            <ns3:cad>80</ns3:cad>
          </ns3:TrackPointExtension>
        </extensions>
      </trkpt>
      <trkpt lat="23.0499348230659961700439453125" lon="113.30909295938909053802490234375">
        <ele>2.7999999523162841796875</ele>
        <time>2026-08-30T23:12:41.000Z</time>
        <extensions>
          <ns3:TrackPointExtension>
            <ns3:hr>138</ns3:hr>
            <ns3:cad>80</ns3:cad>
          </ns3:TrackPointExtension>
        </extensions>
      </trkpt>
      <trkpt lat="23.0499324761331081390380859375" lon="113.3091223798692226409912109375">
        <ele>2.7999999523162841796875</ele>
        <time>2026-08-30T23:12:42.000Z</time>
        <extensions>
          <ns3:TrackPointExtension>
            <ns3:hr>138</ns3:hr>
            <ns3:cad>80</ns3:cad>
          </ns3:TrackPointExtension>
        </extensions>
      </trkpt>
      <trkpt lat="23.049928285181522369384765625" lon="113.309155404567718505859375">
        <ele>2.7999999523162841796875</ele>
        <time>2026-08-30T23:12:43.000Z</time>
        <extensions>
          <ns3:TrackPointExtension>
            <ns3:hr>139</ns3:hr>
            <ns3:cad>80</ns3:cad>
          </ns3:TrackPointExtension>
        </extensions>
      </trkpt>
      <trkpt lat="23.0499281175434589385986328125" lon="113.3091730065643787384033203125">
        <ele>2.7999999523162841796875</ele>
        <time>2026-08-30T23:12:44.000Z</time>
        <extensions>
          <ns3:TrackPointExtension>
            <ns3:hr>139</ns3:hr>
            <ns3:cad>80</ns3:cad>
          </ns3:TrackPointExtension>
        </extensions>
      </trkpt>
      <trkpt lat="23.04992484860122203826904296875" lon="113.30920259468257427215576171875">
        <ele>2.7999999523162841796875</ele>
        <time>2026-08-30T23:12:45.000Z</time>
        <extensions>
          <ns3:TrackPointExtension>
            <ns3:hr>139</ns3:hr>
            <ns3:cad>80</ns3:cad>
          </ns3:TrackPointExtension>
        </extensions>
      </trkpt>
      <trkpt lat="23.04992191493511199951171875" lon="113.30923394300043582916259765625">
        <ele>2.7999999523162841796875</ele>
        <time>2026-08-30T23:12:46.000Z</time>
        <extensions>
          <ns3:TrackPointExtension>
            <ns3:hr>139</ns3:hr>
            <ns3:cad>80</ns3:cad>
          </ns3:TrackPointExtension>
        </extensions>
      </trkpt>
      <trkpt lat="23.04992233403027057647705078125" lon="113.30925338901579380035400390625">
        <ele>2.7999999523162841796875</ele>
        <time>2026-08-30T23:12:47.000Z</time>
        <extensions>
          <ns3:TrackPointExtension>
            <ns3:hr>140</ns3:hr>
            <ns3:cad>80</ns3:cad>
          </ns3:TrackPointExtension>
        </extensions>
      </trkpt>
      <trkpt lat="23.04991512559354305267333984375" lon="113.309283144772052764892578125">
        <ele>2.7999999523162841796875</ele>
        <time>2026-08-30T23:12:48.000Z</time>
        <extensions>
          <ns3:TrackPointExtension>
            <ns3:hr>140</ns3:hr>
            <ns3:cad>80</ns3:cad>
          </ns3:TrackPointExtension>
        </extensions>
      </trkpt>
      <trkpt lat="23.0499110184609889984130859375" lon="113.30930854193866252899169921875">
        <ele>2.7999999523162841796875</ele>
        <time>2026-08-30T23:12:49.000Z</time>
        <extensions>
          <ns3:TrackPointExtension>
            <ns3:hr>140</ns3:hr>
            <ns3:cad>80</ns3:cad>
          </ns3:TrackPointExtension>
        </extensions>
      </trkpt>
      <trkpt lat="23.04991160519421100616455078125" lon="113.3093161694705486297607421875">
        <ele>2.7999999523162841796875</ele>
        <time>2026-08-30T23:12:50.000Z</time>
        <extensions>
          <ns3:TrackPointExtension>
            <ns3:hr>140</ns3:hr>
            <ns3:cad>80</ns3:cad>
          </ns3:TrackPointExtension>
        </extensions>
      </trkpt>
      <trkpt lat="23.0499096773564815521240234375" lon="113.30934089608490467071533203125">
        <ele>2.7999999523162841796875</ele>
        <time>2026-08-30T23:12:51.000Z</time>
        <extensions>
          <ns3:TrackPointExtension>
            <ns3:hr>141</ns3:hr>
            <ns3:cad>80</ns3:cad>
          </ns3:TrackPointExtension>
        </extensions>
      </trkpt>
      <trkpt lat="23.04990154691040515899658203125" lon="113.309360928833484649658203125">
        <ele>2.7999999523162841796875</ele>
        <time>2026-08-30T23:12:52.000Z</time>
        <extensions>
          <ns3:TrackPointExtension>
            <ns3:hr>141</ns3:hr>
            <ns3:cad>80</ns3:cad>
          </ns3:TrackPointExtension>
        </extensions>
      </trkpt>
      <trkpt lat="23.0498989485204219818115234375" lon="113.3093610964715480804443359375">
        <ele>2.7999999523162841796875</ele>
        <time>2026-08-30T23:12:53.000Z</time>
        <extensions>
          <ns3:TrackPointExtension>
            <ns3:hr>141</ns3:hr>
            <ns3:cad>80</ns3:cad>
          </ns3:TrackPointExtension>
        </extensions>
      </trkpt>
      <trkpt lat="23.049898110330104827880859375" lon="113.30938448198139667510986328125">
        <ele>2.7999999523162841796875</ele>
        <time>2026-08-30T23:12:54.000Z</time>
        <extensions>
          <ns3:TrackPointExtension>
            <ns3:hr>141</ns3:hr>
            <ns3:cad>80</ns3:cad>
          </ns3:TrackPointExtension>
        </extensions>
      </trkpt>
      <trkpt lat="23.04989165626466274261474609375" lon="113.30940593965351581573486328125">
        <ele>2.7999999523162841796875</ele>
        <time>2026-08-30T23:12:55.000Z</time>
        <extensions>
          <ns3:TrackPointExtension>
            <ns3:hr>141</ns3:hr>
            <ns3:cad>80</ns3:cad>
          </ns3:TrackPointExtension>
        </extensions>
      </trkpt>
      <trkpt lat="23.049893416464328765869140625" lon="113.30941348336637020111083984375">
        <ele>2.7999999523162841796875</ele>
        <time>2026-08-30T23:12:56.000Z</time>
        <extensions>
          <ns3:TrackPointExtension>
            <ns3:hr>141</ns3:hr>
            <ns3:cad>80</ns3:cad>
          </ns3:TrackPointExtension>
        </extensions>
      </trkpt>
      <trkpt lat="23.04989199154078960418701171875" lon="113.30943594686686992645263671875">
        <ele>2.7999999523162841796875</ele>
        <time>2026-08-30T23:12:57.000Z</time>
        <extensions>
          <ns3:TrackPointExtension>
            <ns3:hr>142</ns3:hr>
            <ns3:cad>80</ns3:cad>
          </ns3:TrackPointExtension>
        </extensions>
      </trkpt>
      <trkpt lat="23.04988830350339412689208984375" lon="113.3094610087573528289794921875">
        <ele>2.599999904632568359375</ele>
        <time>2026-08-30T23:12:58.000Z</time>
        <extensions>
          <ns3:TrackPointExtension>
            <ns3:hr>141</ns3:hr>
            <ns3:cad>81</ns3:cad>
          </ns3:TrackPointExtension>
        </extensions>
      </trkpt>
      <trkpt lat="23.0498902313411235809326171875" lon="113.30947785638272762298583984375">
        <ele>2.599999904632568359375</ele>
        <time>2026-08-30T23:12:59.000Z</time>
        <extensions>
          <ns3:TrackPointExtension>
            <ns3:hr>141</ns3:hr>
            <ns3:cad>81</ns3:cad>
          </ns3:TrackPointExtension>
        </extensions>
      </trkpt>
      <trkpt lat="23.049888052046298980712890625" lon="113.30950702540576457977294921875">
        <ele>2.599999904632568359375</ele>
        <time>2026-08-30T23:13:00.000Z</time>
        <extensions>
          <ns3:TrackPointExtension>
            <ns3:hr>142</ns3:hr>
            <ns3:cad>80</ns3:cad>
          </ns3:TrackPointExtension>
        </extensions>
      </trkpt>
      <trkpt lat="23.0498865433037281036376953125" lon="113.3095267228782176971435546875">
        <ele>2.599999904632568359375</ele>
        <time>2026-08-30T23:13:01.000Z</time>
        <extensions>
          <ns3:TrackPointExtension>
            <ns3:hr>141</ns3:hr>
            <ns3:cad>80</ns3:cad>
          </ns3:TrackPointExtension>
        </extensions>
      </trkpt>
      <trkpt lat="23.04989165626466274261474609375" lon="113.3095443248748779296875">
        <ele>2.599999904632568359375</ele>
        <time>2026-08-30T23:13:02.000Z</time>
        <extensions>
          <ns3:TrackPointExtension>
            <ns3:hr>141</ns3:hr>
            <ns3:cad>80</ns3:cad>
          </ns3:TrackPointExtension>
        </extensions>
      </trkpt>
      <trkpt lat="23.04989299736917018890380859375" lon="113.30957173369824886322021484375">
        <ele>2.7999999523162841796875</ele>
        <time>2026-08-30T23:13:03.000Z</time>
        <extensions>
          <ns3:TrackPointExtension>
            <ns3:hr>142</ns3:hr>
            <ns3:cad>80</ns3:cad>
          </ns3:TrackPointExtension>
        </extensions>
      </trkpt>
      <trkpt lat="23.049888722598552703857421875" lon="113.3095944486558437347412109375">
        <ele>2.7999999523162841796875</ele>
        <time>2026-08-30T23:13:04.000Z</time>
        <extensions>
          <ns3:TrackPointExtension>
            <ns3:hr>141</ns3:hr>
            <ns3:cad>80</ns3:cad>
          </ns3:TrackPointExtension>
        </extensions>
      </trkpt>
      <trkpt lat="23.04989249445497989654541015625" lon="113.30961112864315509796142578125">
        <ele>2.7999999523162841796875</ele>
        <time>2026-08-30T23:13:05.000Z</time>
        <extensions>
          <ns3:TrackPointExtension>
            <ns3:hr>141</ns3:hr>
            <ns3:cad>80</ns3:cad>
          </ns3:TrackPointExtension>
        </extensions>
      </trkpt>
      <trkpt lat="23.0498919077217578887939453125" lon="113.3096422255039215087890625">
        <ele>2.7999999523162841796875</ele>
        <time>2026-08-30T23:13:06.000Z</time>
        <extensions>
          <ns3:TrackPointExtension>
            <ns3:hr>141</ns3:hr>
            <ns3:cad>80</ns3:cad>
          </ns3:TrackPointExtension>
        </extensions>
      </trkpt>
      <trkpt lat="23.04988981224596500396728515625" lon="113.3096663653850555419921875">
        <ele>2.7999999523162841796875</ele>
        <time>2026-08-30T23:13:07.000Z</time>
        <extensions>
          <ns3:TrackPointExtension>
            <ns3:hr>141</ns3:hr>
            <ns3:cad>80</ns3:cad>
          </ns3:TrackPointExtension>
        </extensions>
      </trkpt>
      <trkpt lat="23.04989551194012165069580078125" lon="113.3096886612474918365478515625">
        <ele>2.7999999523162841796875</ele>
        <time>2026-08-30T23:13:08.000Z</time>
        <extensions>
          <ns3:TrackPointExtension>
            <ns3:hr>141</ns3:hr>
            <ns3:cad>80</ns3:cad>
          </ns3:TrackPointExtension>
        </extensions>
      </trkpt>
      <trkpt lat="23.04989970289170742034912109375" lon="113.30971908755600452423095703125">
        <ele>2.7999999523162841796875</ele>
        <time>2026-08-30T23:13:09.000Z</time>
        <extensions>
          <ns3:TrackPointExtension>
            <ns3:hr>141</ns3:hr>
            <ns3:cad>80</ns3:cad>
          </ns3:TrackPointExtension>
        </extensions>
      </trkpt>
      <trkpt lat="23.04989785887300968170166015625" lon="113.309740126132965087890625">
        <ele>2.7999999523162841796875</ele>
        <time>2026-08-30T23:13:10.000Z</time>
        <extensions>
          <ns3:TrackPointExtension>
            <ns3:hr>141</ns3:hr>
            <ns3:cad>80</ns3:cad>
          </ns3:TrackPointExtension>
        </extensions>
      </trkpt>
      <trkpt lat="23.04990422911942005157470703125" lon="113.30975848250091075897216796875">
        <ele>2.7999999523162841796875</ele>
        <time>2026-08-30T23:13:11.000Z</time>
        <extensions>
          <ns3:TrackPointExtension>
            <ns3:hr>140</ns3:hr>
            <ns3:cad>80</ns3:cad>
          </ns3:TrackPointExtension>
        </extensions>
      </trkpt>
      <trkpt lat="23.04990523494780063629150390625" lon="113.30979083664715290069580078125">
        <ele>2.7999999523162841796875</ele>
        <time>2026-08-30T23:13:12.000Z</time>
        <extensions>
          <ns3:TrackPointExtension>
            <ns3:hr>140</ns3:hr>
            <ns3:cad>80</ns3:cad>
          </ns3:TrackPointExtension>
        </extensions>
      </trkpt>
      <trkpt lat="23.04990313947200775146484375" lon="113.30980977974832057952880859375">
        <ele>2.7999999523162841796875</ele>
        <time>2026-08-30T23:13:13.000Z</time>
        <extensions>
          <ns3:TrackPointExtension>
            <ns3:hr>140</ns3:hr>
            <ns3:cad>80</ns3:cad>
          </ns3:TrackPointExtension>
        </extensions>
      </trkpt>
      <trkpt lat="23.04990691132843494415283203125" lon="113.3098304830491542816162109375">
        <ele>2.7999999523162841796875</ele>
        <time>2026-08-30T23:13:14.000Z</time>
        <extensions>
          <ns3:TrackPointExtension>
            <ns3:hr>140</ns3:hr>
            <ns3:cad>80</ns3:cad>
          </ns3:TrackPointExtension>
        </extensions>
      </trkpt>
      <trkpt lat="23.04991143755614757537841796875" lon="113.30986426211893558502197265625">
        <ele>2.7999999523162841796875</ele>
        <time>2026-08-30T23:13:15.000Z</time>
        <extensions>
          <ns3:TrackPointExtension>
            <ns3:hr>139</ns3:hr>
            <ns3:cad>80</ns3:cad>
          </ns3:TrackPointExtension>
        </extensions>
      </trkpt>
      <trkpt lat="23.04990842007100582122802734375" lon="113.3098774217069149017333984375">
        <ele>2.7999999523162841796875</ele>
        <time>2026-08-30T23:13:16.000Z</time>
        <extensions>
          <ns3:TrackPointExtension>
            <ns3:hr>139</ns3:hr>
            <ns3:cad>80</ns3:cad>
          </ns3:TrackPointExtension>
        </extensions>
      </trkpt>
      <trkpt lat="23.04991043172776699066162109375" lon="113.3098948560655117034912109375">
        <ele>2.7999999523162841796875</ele>
        <time>2026-08-30T23:13:17.000Z</time>
        <extensions>
          <ns3:TrackPointExtension>
            <ns3:hr>138</ns3:hr>
            <ns3:cad>80</ns3:cad>
          </ns3:TrackPointExtension>
        </extensions>
      </trkpt>
      <trkpt lat="23.04990976117551326751708984375" lon="113.309925533831119537353515625">
        <ele>2.7999999523162841796875</ele>
        <time>2026-08-30T23:13:18.000Z</time>
        <extensions>
          <ns3:TrackPointExtension>
            <ns3:hr>138</ns3:hr>
            <ns3:cad>80</ns3:cad>
          </ns3:TrackPointExtension>
        </extensions>
      </trkpt>
      <trkpt lat="23.0499059893190860748291015625" lon="113.3099444769322872161865234375">
        <ele>2.7999999523162841796875</ele>
        <time>2026-08-30T23:13:19.000Z</time>
        <extensions>
          <ns3:TrackPointExtension>
            <ns3:hr>138</ns3:hr>
            <ns3:cad>80</ns3:cad>
          </ns3:TrackPointExtension>
        </extensions>
      </trkpt>
      <trkpt lat="23.04991277866065502166748046875" lon="113.30996752716600894927978515625">
        <ele>3</ele>
        <time>2026-08-30T23:13:20.000Z</time>
        <extensions>
          <ns3:TrackPointExtension>
            <ns3:hr>137</ns3:hr>
            <ns3:cad>80</ns3:cad>
          </ns3:TrackPointExtension>
        </extensions>
      </trkpt>
      <trkpt lat="23.0499137006700038909912109375" lon="113.310004658997058868408203125">
        <ele>3</ele>
        <time>2026-08-30T23:13:21.000Z</time>
        <extensions>
          <ns3:TrackPointExtension>
            <ns3:hr>137</ns3:hr>
            <ns3:cad>80</ns3:cad>
          </ns3:TrackPointExtension>
        </extensions>
      </trkpt>
      <trkpt lat="23.049915544688701629638671875" lon="113.3100215904414653778076171875">
        <ele>2.7999999523162841796875</ele>
        <time>2026-08-30T23:13:22.000Z</time>
        <extensions>
          <ns3:TrackPointExtension>
            <ns3:hr>137</ns3:hr>
            <ns3:cad>80</ns3:cad>
          </ns3:TrackPointExtension>
        </extensions>
      </trkpt>
      <trkpt lat="23.049919903278350830078125" lon="113.3100460655987262725830078125">
        <ele>2.7999999523162841796875</ele>
        <time>2026-08-30T23:13:23.000Z</time>
        <extensions>
          <ns3:TrackPointExtension>
            <ns3:hr>137</ns3:hr>
            <ns3:cad>81</ns3:cad>
          </ns3:TrackPointExtension>
        </extensions>
      </trkpt>
      <trkpt lat="23.04991847835481166839599609375" lon="113.31007934175431728363037109375">
        <ele>2.7999999523162841796875</ele>
        <time>2026-08-30T23:13:24.000Z</time>
        <extensions>
          <ns3:TrackPointExtension>
            <ns3:hr>137</ns3:hr>
            <ns3:cad>81</ns3:cad>
          </ns3:TrackPointExtension>
        </extensions>
      </trkpt>
      <trkpt lat="23.049918897449970245361328125" lon="113.31009208224713802337646484375">
        <ele>2.7999999523162841796875</ele>
        <time>2026-08-30T23:13:25.000Z</time>
        <extensions>
          <ns3:TrackPointExtension>
            <ns3:hr>137</ns3:hr>
            <ns3:cad>81</ns3:cad>
          </ns3:TrackPointExtension>
        </extensions>
      </trkpt>
      <trkpt lat="23.04992459714412689208984375" lon="113.31011253409087657928466796875">
        <ele>2.7999999523162841796875</ele>
        <time>2026-08-30T23:13:26.000Z</time>
        <extensions>
          <ns3:TrackPointExtension>
            <ns3:hr>137</ns3:hr>
            <ns3:cad>81</ns3:cad>
          </ns3:TrackPointExtension>
        </extensions>
      </trkpt>
      <trkpt lat="23.049930632114410400390625" lon="113.310142122209072113037109375">
        <ele>2.7999999523162841796875</ele>
        <time>2026-08-30T23:13:27.000Z</time>
        <extensions>
          <ns3:TrackPointExtension>
            <ns3:hr>136</ns3:hr>
            <ns3:cad>81</ns3:cad>
          </ns3:TrackPointExtension>
        </extensions>
      </trkpt>
      <trkpt lat="23.049938343465328216552734375" lon="113.310146145522594451904296875">
        <ele>2.7999999523162841796875</ele>
        <time>2026-08-30T23:13:28.000Z</time>
        <extensions>
          <ns3:TrackPointExtension>
            <ns3:hr>136</ns3:hr>
            <ns3:cad>81</ns3:cad>
          </ns3:TrackPointExtension>
        </extensions>
      </trkpt>
      <trkpt lat="23.04994144476950168609619140625" lon="113.3101681061089038848876953125">
        <ele>2.7999999523162841796875</ele>
        <time>2026-08-30T23:13:29.000Z</time>
        <extensions>
          <ns3:TrackPointExtension>
            <ns3:hr>136</ns3:hr>
            <ns3:cad>81</ns3:cad>
          </ns3:TrackPointExtension>
        </extensions>
      </trkpt>
      <trkpt lat="23.04994613863527774810791015625" lon="113.3101791702210903167724609375">
        <ele>3</ele>
        <time>2026-08-30T23:13:30.000Z</time>
        <extensions>
          <ns3:TrackPointExtension>
            <ns3:hr>136</ns3:hr>
            <ns3:cad>80</ns3:cad>
          </ns3:TrackPointExtension>
        </extensions>
      </trkpt>
      <trkpt lat="23.0499515868723392486572265625" lon="113.31018981523811817169189453125">
        <ele>3</ele>
        <time>2026-08-30T23:13:31.000Z</time>
        <extensions>
          <ns3:TrackPointExtension>
            <ns3:hr>136</ns3:hr>
            <ns3:cad>80</ns3:cad>
          </ns3:TrackPointExtension>
        </extensions>
      </trkpt>
      <trkpt lat="23.04995678365230560302734375" lon="113.3102133683860301971435546875">
        <ele>2.7999999523162841796875</ele>
        <time>2026-08-30T23:13:32.000Z</time>
        <extensions>
          <ns3:TrackPointExtension>
            <ns3:hr>137</ns3:hr>
            <ns3:cad>80</ns3:cad>
          </ns3:TrackPointExtension>
        </extensions>
      </trkpt>
      <trkpt lat="23.04996575228869915008544921875" lon="113.31021781079471111297607421875">
        <ele>2.7999999523162841796875</ele>
        <time>2026-08-30T23:13:33.000Z</time>
        <extensions>
          <ns3:TrackPointExtension>
            <ns3:hr>138</ns3:hr>
            <ns3:cad>80</ns3:cad>
          </ns3:TrackPointExtension>
        </extensions>
      </trkpt>
      <trkpt lat="23.04997648112475872039794921875" lon="113.31019937060773372650146484375">
        <ele>2.7999999523162841796875</ele>
        <time>2026-08-30T23:13:34.000Z</time>
        <extensions>
          <ns3:TrackPointExtension>
            <ns3:hr>138</ns3:hr>
            <ns3:cad>81</ns3:cad>
          </ns3:TrackPointExtension>
        </extensions>
      </trkpt>
      <trkpt lat="23.049979917705059051513671875" lon="113.310197107493877410888671875">
        <ele>2.7999999523162841796875</ele>
        <time>2026-08-30T23:13:35.000Z</time>
        <extensions>
          <ns3:TrackPointExtension>
            <ns3:hr>138</ns3:hr>
            <ns3:cad>81</ns3:cad>
          </ns3:TrackPointExtension>
        </extensions>
      </trkpt>
      <trkpt lat="23.04998804815113544464111328125" lon="113.3101976104080677032470703125">
        <ele>2.7999999523162841796875</ele>
        <time>2026-08-30T23:13:36.000Z</time>
        <extensions>
          <ns3:TrackPointExtension>
            <ns3:hr>139</ns3:hr>
            <ns3:cad>81</ns3:cad>
          </ns3:TrackPointExtension>
        </extensions>
      </trkpt>
      <trkpt lat="23.04999441839754581451416015625" lon="113.31020657904446125030517578125">
        <ele>2.7999999523162841796875</ele>
        <time>2026-08-30T23:13:37.000Z</time>
        <extensions>
          <ns3:TrackPointExtension>
            <ns3:hr>139</ns3:hr>
            <ns3:cad>81</ns3:cad>
          </ns3:TrackPointExtension>
        </extensions>
      </trkpt>
      <trkpt lat="23.0499945022165775299072265625" lon="113.31023155711591243743896484375">
        <ele>2.7999999523162841796875</ele>
        <time>2026-08-30T23:13:38.000Z</time>
        <extensions>
          <ns3:TrackPointExtension>
            <ns3:hr>139</ns3:hr>
            <ns3:cad>81</ns3:cad>
          </ns3:TrackPointExtension>
        </extensions>
      </trkpt>
      <trkpt lat="23.04999768733978271484375" lon="113.31024446524679660797119140625">
        <ele>2.7999999523162841796875</ele>
        <time>2026-08-30T23:13:39.000Z</time>
        <extensions>
          <ns3:TrackPointExtension>
            <ns3:hr>138</ns3:hr>
            <ns3:cad>81</ns3:cad>
          </ns3:TrackPointExtension>
        </extensions>
      </trkpt>
      <trkpt lat="23.0500008724629878997802734375" lon="113.3102660067379474639892578125">
        <ele>2.7999999523162841796875</ele>
        <time>2026-08-30T23:13:40.000Z</time>
        <extensions>
          <ns3:TrackPointExtension>
            <ns3:hr>138</ns3:hr>
            <ns3:cad>81</ns3:cad>
          </ns3:TrackPointExtension>
        </extensions>
      </trkpt>
      <trkpt lat="23.04999835789203643798828125" lon="113.31029475666582584381103515625">
        <ele>2.7999999523162841796875</ele>
        <time>2026-08-30T23:13:41.000Z</time>
        <extensions>
          <ns3:TrackPointExtension>
            <ns3:hr>138</ns3:hr>
            <ns3:cad>81</ns3:cad>
          </ns3:TrackPointExtension>
        </extensions>
      </trkpt>
      <trkpt lat="23.049996681511402130126953125" lon="113.31030833534896373748779296875">
        <ele>2.7999999523162841796875</ele>
        <time>2026-08-30T23:13:42.000Z</time>
        <extensions>
          <ns3:TrackPointExtension>
            <ns3:hr>138</ns3:hr>
            <ns3:cad>80</ns3:cad>
          </ns3:TrackPointExtension>
        </extensions>
      </trkpt>
      <trkpt lat="23.05000145919620990753173828125" lon="113.31033465452492237091064453125">
        <ele>2.7999999523162841796875</ele>
        <time>2026-08-30T23:13:43.000Z</time>
        <extensions>
          <ns3:TrackPointExtension>
            <ns3:hr>138</ns3:hr>
            <ns3:cad>80</ns3:cad>
          </ns3:TrackPointExtension>
        </extensions>
      </trkpt>
      <trkpt lat="23.04999341256916522979736328125" lon="113.3103696070611476898193359375">
        <ele>2.7999999523162841796875</ele>
        <time>2026-08-30T23:13:44.000Z</time>
        <extensions>
          <ns3:TrackPointExtension>
            <ns3:hr>137</ns3:hr>
            <ns3:cad>80</ns3:cad>
          </ns3:TrackPointExtension>
        </extensions>
      </trkpt>
      <trkpt lat="23.04998653940856456756591796875" lon="113.31038586795330047607421875">
        <ele>2.7999999523162841796875</ele>
        <time>2026-08-30T23:13:45.000Z</time>
        <extensions>
          <ns3:TrackPointExtension>
            <ns3:hr>137</ns3:hr>
            <ns3:cad>80</ns3:cad>
          </ns3:TrackPointExtension>
        </extensions>
      </trkpt>
      <trkpt lat="23.0499777384102344512939453125" lon="113.31040464341640472412109375">
        <ele>2.7999999523162841796875</ele>
        <time>2026-08-30T23:13:46.000Z</time>
        <extensions>
          <ns3:TrackPointExtension>
            <ns3:hr>137</ns3:hr>
            <ns3:cad>79</ns3:cad>
          </ns3:TrackPointExtension>
        </extensions>
      </trkpt>
      <trkpt lat="23.04995368234813213348388671875" lon="113.3104227483272552490234375">
        <ele>2.7999999523162841796875</ele>
        <time>2026-08-30T23:13:47.000Z</time>
        <extensions>
          <ns3:TrackPointExtension>
            <ns3:hr>138</ns3:hr>
            <ns3:cad>80</ns3:cad>
          </ns3:TrackPointExtension>
        </extensions>
      </trkpt>
      <trkpt lat="23.04993239231407642364501953125" lon="113.31042945384979248046875">
        <ele>2.599999904632568359375</ele>
        <time>2026-08-30T23:13:48.000Z</time>
        <extensions>
          <ns3:TrackPointExtension>
            <ns3:hr>138</ns3:hr>
            <ns3:cad>80</ns3:cad>
          </ns3:TrackPointExtension>
        </extensions>
      </trkpt>
      <trkpt lat="23.0499197356402873992919921875" lon="113.310438506305217742919921875">
        <ele>2.599999904632568359375</ele>
        <time>2026-08-30T23:13:49.000Z</time>
        <extensions>
          <ns3:TrackPointExtension>
            <ns3:hr>139</ns3:hr>
            <ns3:cad>80</ns3:cad>
          </ns3:TrackPointExtension>
        </extensions>
      </trkpt>
      <trkpt lat="23.04988444782793521881103515625" lon="113.3104361593723297119140625">
        <ele>2.400000095367431640625</ele>
        <time>2026-08-30T23:13:50.000Z</time>
        <extensions>
          <ns3:TrackPointExtension>
            <ns3:hr>139</ns3:hr>
            <ns3:cad>80</ns3:cad>
          </ns3:TrackPointExtension>
        </extensions>
      </trkpt>
      <trkpt lat="23.049868606030941009521484375" lon="113.3104386739432811737060546875">
        <ele>2.400000095367431640625</ele>
        <time>2026-08-30T23:13:51.000Z</time>
        <extensions>
          <ns3:TrackPointExtension>
            <ns3:hr>139</ns3:hr>
            <ns3:cad>80</ns3:cad>
          </ns3:TrackPointExtension>
        </extensions>
      </trkpt>
      <trkpt lat="23.04984974674880504608154296875" lon="113.3104393444955348968505859375">
        <ele>2.2000000476837158203125</ele>
        <time>2026-08-30T23:13:52.000Z</time>
        <extensions>
          <ns3:TrackPointExtension>
            <ns3:hr>138</ns3:hr>
            <ns3:cad>80</ns3:cad>
          </ns3:TrackPointExtension>
        </extensions>
      </trkpt>
      <trkpt lat="23.04981772787868976593017578125" lon="113.310434818267822265625">
        <ele>2</ele>
        <time>2026-08-30T23:13:53.000Z</time>
        <extensions>
          <ns3:TrackPointExtension>
            <ns3:hr>138</ns3:hr>
            <ns3:cad>79</ns3:cad>
          </ns3:TrackPointExtension>
        </extensions>
      </trkpt>
      <trkpt lat="23.04980012588202953338623046875" lon="113.31043221987783908843994140625">
        <ele>1.7999999523162841796875</ele>
        <time>2026-08-30T23:13:54.000Z</time>
        <extensions>
          <ns3:TrackPointExtension>
            <ns3:hr>138</ns3:hr>
            <ns3:cad>79</ns3:cad>
          </ns3:TrackPointExtension>
        </extensions>
      </trkpt>
      <trkpt lat="23.04978051222860813140869140625" lon="113.310432136058807373046875">
        <ele>1.39999997615814208984375</ele>
        <time>2026-08-30T23:13:55.000Z</time>
        <extensions>
          <ns3:TrackPointExtension>
            <ns3:hr>138</ns3:hr>
            <ns3:cad>80</ns3:cad>
          </ns3:TrackPointExtension>
        </extensions>
      </trkpt>
      <trkpt lat="23.0497433803975582122802734375" lon="113.31042098812758922576904296875">
        <ele>1.39999997615814208984375</ele>
        <time>2026-08-30T23:13:56.000Z</time>
        <extensions>
          <ns3:TrackPointExtension>
            <ns3:hr>138</ns3:hr>
            <ns3:cad>80</ns3:cad>
          </ns3:TrackPointExtension>
        </extensions>
      </trkpt>
      <trkpt lat="23.049732148647308349609375" lon="113.31041537225246429443359375">
        <ele>1.2000000476837158203125</ele>
        <time>2026-08-30T23:13:57.000Z</time>
        <extensions>
          <ns3:TrackPointExtension>
            <ns3:hr>137</ns3:hr>
            <ns3:cad>80</ns3:cad>
          </ns3:TrackPointExtension>
        </extensions>
      </trkpt>
      <trkpt lat="23.0497125349938869476318359375" lon="113.31041461788117885589599609375">
        <ele>1.2000000476837158203125</ele>
        <time>2026-08-30T23:13:58.000Z</time>
        <extensions>
          <ns3:TrackPointExtension>
            <ns3:hr>137</ns3:hr>
            <ns3:cad>81</ns3:cad>
          </ns3:TrackPointExtension>
        </extensions>
      </trkpt>
      <trkpt lat="23.04968160577118396759033203125" lon="113.3104098401963710784912109375">
        <ele>1</ele>
        <time>2026-08-30T23:13:59.000Z</time>
        <extensions>
          <ns3:TrackPointExtension>
            <ns3:hr>137</ns3:hr>
            <ns3:cad>81</ns3:cad>
          </ns3:TrackPointExtension>
        </extensions>
      </trkpt>
      <trkpt lat="23.049666099250316619873046875" lon="113.31040807999670505523681640625">
        <ele>1</ele>
        <time>2026-08-30T23:14:00.000Z</time>
        <extensions>
          <ns3:TrackPointExtension>
            <ns3:hr>137</ns3:hr>
            <ns3:cad>80</ns3:cad>
          </ns3:TrackPointExtension>
        </extensions>
      </trkpt>
      <trkpt lat="23.0496431328356266021728515625" lon="113.3104101754724979400634765625">
        <ele>1</ele>
        <time>2026-08-30T23:14:01.000Z</time>
        <extensions>
          <ns3:TrackPointExtension>
            <ns3:hr>136</ns3:hr>
            <ns3:cad>80</ns3:cad>
          </ns3:TrackPointExtension>
        </extensions>
      </trkpt>
      <trkpt lat="23.04961237125098705291748046875" lon="113.31040623597800731658935546875">
        <ele>1</ele>
        <time>2026-08-30T23:14:02.000Z</time>
        <extensions>
          <ns3:TrackPointExtension>
            <ns3:hr>136</ns3:hr>
            <ns3:cad>80</ns3:cad>
          </ns3:TrackPointExtension>
        </extensions>
      </trkpt>
      <trkpt lat="23.04959426634013652801513671875" lon="113.3104066550731658935546875">
        <ele>1</ele>
        <time>2026-08-30T23:14:03.000Z</time>
        <extensions>
          <ns3:TrackPointExtension>
            <ns3:hr>137</ns3:hr>
            <ns3:cad>80</ns3:cad>
          </ns3:TrackPointExtension>
        </extensions>
      </trkpt>
      <trkpt lat="23.04956811480224132537841796875" lon="113.31040908582508563995361328125">
        <ele>1</ele>
        <time>2026-08-30T23:14:04.000Z</time>
        <extensions>
          <ns3:TrackPointExtension>
            <ns3:hr>137</ns3:hr>
            <ns3:cad>81</ns3:cad>
          </ns3:TrackPointExtension>
        </extensions>
      </trkpt>
      <trkpt lat="23.04954112507402896881103515625" lon="113.3104158751666545867919921875">
        <ele>1</ele>
        <time>2026-08-30T23:14:05.000Z</time>
        <extensions>
          <ns3:TrackPointExtension>
            <ns3:hr>137</ns3:hr>
            <ns3:cad>81</ns3:cad>
          </ns3:TrackPointExtension>
        </extensions>
      </trkpt>
      <trkpt lat="23.04952871985733509063720703125" lon="113.31042568199336528778076171875">
        <ele>1</ele>
        <time>2026-08-30T23:14:06.000Z</time>
        <extensions>
          <ns3:TrackPointExtension>
            <ns3:hr>137</ns3:hr>
            <ns3:cad>81</ns3:cad>
          </ns3:TrackPointExtension>
        </extensions>
      </trkpt>
      <trkpt lat="23.04951153695583343505859375" lon="113.31045032478868961334228515625">
        <ele>1</ele>
        <time>2026-08-30T23:14:07.000Z</time>
        <extensions>
          <ns3:TrackPointExtension>
            <ns3:hr>137</ns3:hr>
            <ns3:cad>81</ns3:cad>
          </ns3:TrackPointExtension>
        </extensions>
      </trkpt>
      <trkpt lat="23.04949820972979068756103515625" lon="113.3104725368320941925048828125">
        <ele>1</ele>
        <time>2026-08-30T23:14:08.000Z</time>
        <extensions>
          <ns3:TrackPointExtension>
            <ns3:hr>137</ns3:hr>
            <ns3:cad>80</ns3:cad>
          </ns3:TrackPointExtension>
        </extensions>
      </trkpt>
      <trkpt lat="23.0494902469217777252197265625" lon="113.310491144657135009765625">
        <ele>1</ele>
        <time>2026-08-30T23:14:09.000Z</time>
        <extensions>
          <ns3:TrackPointExtension>
            <ns3:hr>137</ns3:hr>
            <ns3:cad>80</ns3:cad>
          </ns3:TrackPointExtension>
        </extensions>
      </trkpt>
      <trkpt lat="23.0494885705411434173583984375" lon="113.31051729619503021240234375">
        <ele>1</ele>
        <time>2026-08-30T23:14:10.000Z</time>
        <extensions>
          <ns3:TrackPointExtension>
            <ns3:hr>137</ns3:hr>
            <ns3:cad>80</ns3:cad>
          </ns3:TrackPointExtension>
        </extensions>
      </trkpt>
      <trkpt lat="23.04948714561760425567626953125" lon="113.31053816713392734527587890625">
        <ele>1</ele>
        <time>2026-08-30T23:14:11.000Z</time>
        <extensions>
          <ns3:TrackPointExtension>
            <ns3:hr>136</ns3:hr>
            <ns3:cad>80</ns3:cad>
          </ns3:TrackPointExtension>
        </extensions>
      </trkpt>
      <trkpt lat="23.0494867265224456787109375" lon="113.3105546794831752777099609375">
        <ele>1</ele>
        <time>2026-08-30T23:14:12.000Z</time>
        <extensions>
          <ns3:TrackPointExtension>
            <ns3:hr>136</ns3:hr>
            <ns3:cad>80</ns3:cad>
          </ns3:TrackPointExtension>
        </extensions>
      </trkpt>
      <trkpt lat="23.04948471486568450927734375" lon="113.3105835132300853729248046875">
        <ele>1</ele>
        <time>2026-08-30T23:14:13.000Z</time>
        <extensions>
          <ns3:TrackPointExtension>
            <ns3:hr>136</ns3:hr>
            <ns3:cad>80</ns3:cad>
          </ns3:TrackPointExtension>
        </extensions>
      </trkpt>
      <trkpt lat="23.04948731325566768646240234375" lon="113.31060270778834819793701171875">
        <ele>1</ele>
        <time>2026-08-30T23:14:14.000Z</time>
        <extensions>
          <ns3:TrackPointExtension>
            <ns3:hr>136</ns3:hr>
            <ns3:cad>80</ns3:cad>
          </ns3:TrackPointExtension>
        </extensions>
      </trkpt>
      <trkpt lat="23.049487732350826263427734375" lon="113.31061930395662784576416015625">
        <ele>1</ele>
        <time>2026-08-30T23:14:15.000Z</time>
        <extensions>
          <ns3:TrackPointExtension>
            <ns3:hr>135</ns3:hr>
            <ns3:cad>81</ns3:cad>
          </ns3:TrackPointExtension>
        </extensions>
      </trkpt>
      <trkpt lat="23.04948865436017513275146484375" lon="113.31064646132290363311767578125">
        <ele>1</ele>
        <time>2026-08-30T23:14:16.000Z</time>
        <extensions>
          <ns3:TrackPointExtension>
            <ns3:hr>135</ns3:hr>
            <ns3:cad>81</ns3:cad>
          </ns3:TrackPointExtension>
        </extensions>
      </trkpt>
      <trkpt lat="23.04948714561760425567626953125" lon="113.31067076884210109710693359375">
        <ele>1</ele>
        <time>2026-08-30T23:14:17.000Z</time>
        <extensions>
          <ns3:TrackPointExtension>
            <ns3:hr>135</ns3:hr>
            <ns3:cad>80</ns3:cad>
          </ns3:TrackPointExtension>
        </extensions>
      </trkpt>
      <trkpt lat="23.0494919233024120330810546875" lon="113.310690633952617645263671875">
        <ele>1</ele>
        <time>2026-08-30T23:14:18.000Z</time>
        <extensions>
          <ns3:TrackPointExtension>
            <ns3:hr>134</ns3:hr>
            <ns3:cad>80</ns3:cad>
          </ns3:TrackPointExtension>
        </extensions>
      </trkpt>
      <trkpt lat="23.04948915727436542510986328125" lon="113.3107182942330837249755859375">
        <ele>1</ele>
        <time>2026-08-30T23:14:19.000Z</time>
        <extensions>
          <ns3:TrackPointExtension>
            <ns3:hr>134</ns3:hr>
            <ns3:cad>80</ns3:cad>
          </ns3:TrackPointExtension>
        </extensions>
      </trkpt>
      <trkpt lat="23.0494919233024120330810546875" lon="113.3107437752187252044677734375">
        <ele>1</ele>
        <time>2026-08-30T23:14:20.000Z</time>
        <extensions>
          <ns3:TrackPointExtension>
            <ns3:hr>134</ns3:hr>
            <ns3:cad>80</ns3:cad>
          </ns3:TrackPointExtension>
        </extensions>
      </trkpt>
      <trkpt lat="23.0494947731494903564453125" lon="113.31076749600470066070556640625">
        <ele>1</ele>
        <time>2026-08-30T23:14:21.000Z</time>
        <extensions>
          <ns3:TrackPointExtension>
            <ns3:hr>134</ns3:hr>
            <ns3:cad>80</ns3:cad>
          </ns3:TrackPointExtension>
        </extensions>
      </trkpt>
      <trkpt lat="23.04948915727436542510986328125" lon="113.31079381518065929412841796875">
        <ele>1</ele>
        <time>2026-08-30T23:14:22.000Z</time>
        <extensions>
          <ns3:TrackPointExtension>
            <ns3:hr>134</ns3:hr>
            <ns3:cad>80</ns3:cad>
          </ns3:TrackPointExtension>
        </extensions>
      </trkpt>
      <trkpt lat="23.04948739707469940185546875" lon="113.31081493757665157318115234375">
        <ele>1</ele>
        <time>2026-08-30T23:14:23.000Z</time>
        <extensions>
          <ns3:TrackPointExtension>
            <ns3:hr>133</ns3:hr>
            <ns3:cad>80</ns3:cad>
          </ns3:TrackPointExtension>
        </extensions>
      </trkpt>
      <trkpt lat="23.049490749835968017578125" lon="113.31083589233458042144775390625">
        <ele>1</ele>
        <time>2026-08-30T23:14:24.000Z</time>
        <extensions>
          <ns3:TrackPointExtension>
            <ns3:hr>133</ns3:hr>
            <ns3:cad>80</ns3:cad>
          </ns3:TrackPointExtension>
        </extensions>
      </trkpt>
      <trkpt lat="23.04948831908404827117919921875" lon="113.3108653128147125244140625">
        <ele>1</ele>
        <time>2026-08-30T23:14:25.000Z</time>
        <extensions>
          <ns3:TrackPointExtension>
            <ns3:hr>134</ns3:hr>
            <ns3:cad>80</ns3:cad>
          </ns3:TrackPointExtension>
        </extensions>
      </trkpt>
      <trkpt lat="23.049486391246318817138671875" lon="113.31088098697364330291748046875">
        <ele>1</ele>
        <time>2026-08-30T23:14:26.000Z</time>
        <extensions>
          <ns3:TrackPointExtension>
            <ns3:hr>134</ns3:hr>
            <ns3:cad>80</ns3:cad>
          </ns3:TrackPointExtension>
        </extensions>
      </trkpt>
      <trkpt lat="23.0494815297424793243408203125" lon="113.3109060488641262054443359375">
        <ele>1</ele>
        <time>2026-08-30T23:14:27.000Z</time>
        <extensions>
          <ns3:TrackPointExtension>
            <ns3:hr>134</ns3:hr>
            <ns3:cad>80</ns3:cad>
          </ns3:TrackPointExtension>
        </extensions>
      </trkpt>
      <trkpt lat="23.0494754947721958160400390625" lon="113.31093111075460910797119140625">
        <ele>1</ele>
        <time>2026-08-30T23:14:28.000Z</time>
        <extensions>
          <ns3:TrackPointExtension>
            <ns3:hr>134</ns3:hr>
            <ns3:cad>80</ns3:cad>
          </ns3:TrackPointExtension>
        </extensions>
      </trkpt>
      <trkpt lat="23.049472980201244354248046875" lon="113.310944102704524993896484375">
        <ele>1</ele>
        <time>2026-08-30T23:14:29.000Z</time>
        <extensions>
          <ns3:TrackPointExtension>
            <ns3:hr>134</ns3:hr>
            <ns3:cad>80</ns3:cad>
          </ns3:TrackPointExtension>
        </extensions>
      </trkpt>
      <trkpt lat="23.04946862161159515380859375" lon="113.31096212379634380340576171875">
        <ele>1</ele>
        <time>2026-08-30T23:14:30.000Z</time>
        <extensions>
          <ns3:TrackPointExtension>
            <ns3:hr>134</ns3:hr>
            <ns3:cad>81</ns3:cad>
          </ns3:TrackPointExtension>
        </extensions>
      </trkpt>
      <trkpt lat="23.04946501739323139190673828125" lon="113.31098726950585842132568359375">
        <ele>1</ele>
        <time>2026-08-30T23:14:31.000Z</time>
        <extensions>
          <ns3:TrackPointExtension>
            <ns3:hr>134</ns3:hr>
            <ns3:cad>81</ns3:cad>
          </ns3:TrackPointExtension>
        </extensions>
      </trkpt>
      <trkpt lat="23.04946652613580226898193359375" lon="113.31100319512188434600830078125">
        <ele>1.2000000476837158203125</ele>
        <time>2026-08-30T23:14:32.000Z</time>
        <extensions>
          <ns3:TrackPointExtension>
            <ns3:hr>134</ns3:hr>
            <ns3:cad>81</ns3:cad>
          </ns3:TrackPointExtension>
        </extensions>
      </trkpt>
      <trkpt lat="23.04946317337453365325927734375" lon="113.31102482043206691741943359375">
        <ele>1</ele>
        <time>2026-08-30T23:14:33.000Z</time>
        <extensions>
          <ns3:TrackPointExtension>
            <ns3:hr>134</ns3:hr>
            <ns3:cad>81</ns3:cad>
          </ns3:TrackPointExtension>
        </extensions>
      </trkpt>
      <trkpt lat="23.04945495910942554473876953125" lon="113.3110535703599452972412109375">
        <ele>1</ele>
        <time>2026-08-30T23:14:34.000Z</time>
        <extensions>
          <ns3:TrackPointExtension>
            <ns3:hr>135</ns3:hr>
            <ns3:cad>80</ns3:cad>
          </ns3:TrackPointExtension>
        </extensions>
      </trkpt>
      <trkpt lat="23.0494557134807109832763671875" lon="113.31106840632855892181396484375">
        <ele>1</ele>
        <time>2026-08-30T23:14:35.000Z</time>
        <extensions>
          <ns3:TrackPointExtension>
            <ns3:hr>135</ns3:hr>
            <ns3:cad>80</ns3:cad>
          </ns3:TrackPointExtension>
        </extensions>
      </trkpt>
      <trkpt lat="23.0494520254433155059814453125" lon="113.31109422259032726287841796875">
        <ele>1</ele>
        <time>2026-08-30T23:14:36.000Z</time>
        <extensions>
          <ns3:TrackPointExtension>
            <ns3:hr>135</ns3:hr>
            <ns3:cad>80</ns3:cad>
          </ns3:TrackPointExtension>
        </extensions>
      </trkpt>
      <trkpt lat="23.049439452588558197021484375" lon="113.31112154759466648101806640625">
        <ele>1.2000000476837158203125</ele>
        <time>2026-08-30T23:14:37.000Z</time>
        <extensions>
          <ns3:TrackPointExtension>
            <ns3:hr>135</ns3:hr>
            <ns3:cad>80</ns3:cad>
          </ns3:TrackPointExtension>
        </extensions>
      </trkpt>
      <trkpt lat="23.04943509399890899658203125" lon="113.31114132888615131378173828125">
        <ele>1.2000000476837158203125</ele>
        <time>2026-08-30T23:14:38.000Z</time>
        <extensions>
          <ns3:TrackPointExtension>
            <ns3:hr>135</ns3:hr>
            <ns3:cad>80</ns3:cad>
          </ns3:TrackPointExtension>
        </extensions>
      </trkpt>
      <trkpt lat="23.04943031631410121917724609375" lon="113.3111658878624439239501953125">
        <ele>1.2000000476837158203125</ele>
        <time>2026-08-30T23:14:39.000Z</time>
        <extensions>
          <ns3:TrackPointExtension>
            <ns3:hr>135</ns3:hr>
            <ns3:cad>80</ns3:cad>
          </ns3:TrackPointExtension>
        </extensions>
      </trkpt>
      <trkpt lat="23.04941841401159763336181640625" lon="113.311190195381641387939453125">
        <ele>1.2000000476837158203125</ele>
        <time>2026-08-30T23:14:40.000Z</time>
        <extensions>
          <ns3:TrackPointExtension>
            <ns3:hr>136</ns3:hr>
            <ns3:cad>80</ns3:cad>
          </ns3:TrackPointExtension>
        </extensions>
      </trkpt>
      <trkpt lat="23.04941070266067981719970703125" lon="113.31120796501636505126953125">
        <ele>1.39999997615814208984375</ele>
        <time>2026-08-30T23:14:41.000Z</time>
        <extensions>
          <ns3:TrackPointExtension>
            <ns3:hr>136</ns3:hr>
            <ns3:cad>80</ns3:cad>
          </ns3:TrackPointExtension>
        </extensions>
      </trkpt>
      <trkpt lat="23.0493980459868907928466796875" lon="113.3112342841923236846923828125">
        <ele>1.39999997615814208984375</ele>
        <time>2026-08-30T23:14:42.000Z</time>
        <extensions>
          <ns3:TrackPointExtension>
            <ns3:hr>136</ns3:hr>
            <ns3:cad>80</ns3:cad>
          </ns3:TrackPointExtension>
        </extensions>
      </trkpt>
      <trkpt lat="23.04938279092311859130859375" lon="113.31125716678798198699951171875">
        <ele>1.39999997615814208984375</ele>
        <time>2026-08-30T23:14:43.000Z</time>
        <extensions>
          <ns3:TrackPointExtension>
            <ns3:hr>136</ns3:hr>
            <ns3:cad>80</ns3:cad>
          </ns3:TrackPointExtension>
        </extensions>
      </trkpt>
      <trkpt lat="23.04937683977186679840087890625" lon="113.31126923672854900360107421875">
        <ele>1.60000002384185791015625</ele>
        <time>2026-08-30T23:14:44.000Z</time>
        <extensions>
          <ns3:TrackPointExtension>
            <ns3:hr>137</ns3:hr>
            <ns3:cad>80</ns3:cad>
          </ns3:TrackPointExtension>
        </extensions>
      </trkpt>
      <trkpt lat="23.04936468601226806640625" lon="113.31128968857228755950927734375">
        <ele>1.60000002384185791015625</ele>
        <time>2026-08-30T23:14:45.000Z</time>
        <extensions>
          <ns3:TrackPointExtension>
            <ns3:hr>136</ns3:hr>
            <ns3:cad>80</ns3:cad>
          </ns3:TrackPointExtension>
        </extensions>
      </trkpt>
      <trkpt lat="23.0493485927581787109375" lon="113.31131366081535816192626953125">
        <ele>1.7999999523162841796875</ele>
        <time>2026-08-30T23:14:46.000Z</time>
        <extensions>
          <ns3:TrackPointExtension>
            <ns3:hr>137</ns3:hr>
            <ns3:cad>80</ns3:cad>
          </ns3:TrackPointExtension>
        </extensions>
      </trkpt>
      <trkpt lat="23.04933677427470684051513671875" lon="113.311331681907176971435546875">
        <ele>1.7999999523162841796875</ele>
        <time>2026-08-30T23:14:47.000Z</time>
        <extensions>
          <ns3:TrackPointExtension>
            <ns3:hr>137</ns3:hr>
            <ns3:cad>80</ns3:cad>
          </ns3:TrackPointExtension>
        </extensions>
      </trkpt>
      <trkpt lat="23.04932453669607639312744140625" lon="113.31135557033121585845947265625">
        <ele>2</ele>
        <time>2026-08-30T23:14:48.000Z</time>
        <extensions>
          <ns3:TrackPointExtension>
            <ns3:hr>137</ns3:hr>
            <ns3:cad>80</ns3:cad>
          </ns3:TrackPointExtension>
        </extensions>
      </trkpt>
      <trkpt lat="23.04930903017520904541015625" lon="113.31137887202203273773193359375">
        <ele>2.2000000476837158203125</ele>
        <time>2026-08-30T23:14:49.000Z</time>
        <extensions>
          <ns3:TrackPointExtension>
            <ns3:hr>136</ns3:hr>
            <ns3:cad>79</ns3:cad>
          </ns3:TrackPointExtension>
        </extensions>
      </trkpt>
      <trkpt lat="23.04930232465267181396484375" lon="113.31139169633388519287109375">
        <ele>2.2000000476837158203125</ele>
        <time>2026-08-30T23:14:50.000Z</time>
        <extensions>
          <ns3:TrackPointExtension>
            <ns3:hr>137</ns3:hr>
            <ns3:cad>79</ns3:cad>
          </ns3:TrackPointExtension>
        </extensions>
      </trkpt>
      <trkpt lat="23.04929050616919994354248046875" lon="113.311414159834384918212890625">
        <ele>2.400000095367431640625</ele>
        <time>2026-08-30T23:14:51.000Z</time>
        <extensions>
          <ns3:TrackPointExtension>
            <ns3:hr>137</ns3:hr>
            <ns3:cad>79</ns3:cad>
          </ns3:TrackPointExtension>
        </extensions>
      </trkpt>
      <trkpt lat="23.04927810095250606536865234375" lon="113.31143586896359920501708984375">
        <ele>2.599999904632568359375</ele>
        <time>2026-08-30T23:14:52.000Z</time>
        <extensions>
          <ns3:TrackPointExtension>
            <ns3:hr>137</ns3:hr>
            <ns3:cad>80</ns3:cad>
          </ns3:TrackPointExtension>
        </extensions>
      </trkpt>
      <trkpt lat="23.04926879703998565673828125" lon="113.311444334685802459716796875">
        <ele>2.7999999523162841796875</ele>
        <time>2026-08-30T23:14:53.000Z</time>
        <extensions>
          <ns3:TrackPointExtension>
            <ns3:hr>137</ns3:hr>
            <ns3:cad>80</ns3:cad>
          </ns3:TrackPointExtension>
        </extensions>
      </trkpt>
      <trkpt lat="23.0492622591555118560791015625" lon="113.3114649541676044464111328125">
        <ele>3</ele>
        <time>2026-08-30T23:14:54.000Z</time>
        <extensions>
          <ns3:TrackPointExtension>
            <ns3:hr>137</ns3:hr>
            <ns3:cad>80</ns3:cad>
          </ns3:TrackPointExtension>
        </extensions>
      </trkpt>
      <trkpt lat="23.04925127886235713958740234375" lon="113.31148129887878894805908203125">
        <ele>3.2000000476837158203125</ele>
        <time>2026-08-30T23:14:55.000Z</time>
        <extensions>
          <ns3:TrackPointExtension>
            <ns3:hr>137</ns3:hr>
            <ns3:cad>80</ns3:cad>
          </ns3:TrackPointExtension>
        </extensions>
      </trkpt>
      <trkpt lat="23.0492441542446613311767578125" lon="113.3114937879145145416259765625">
        <ele>3.2000000476837158203125</ele>
        <time>2026-08-30T23:14:56.000Z</time>
        <extensions>
          <ns3:TrackPointExtension>
            <ns3:hr>137</ns3:hr>
            <ns3:cad>79</ns3:cad>
          </ns3:TrackPointExtension>
        </extensions>
      </trkpt>
      <trkpt lat="23.04923652671277523040771484375" lon="113.31151834689080715179443359375">
        <ele>3.2000000476837158203125</ele>
        <time>2026-08-30T23:14:57.000Z</time>
        <extensions>
          <ns3:TrackPointExtension>
            <ns3:hr>137</ns3:hr>
            <ns3:cad>79</ns3:cad>
          </ns3:TrackPointExtension>
        </extensions>
      </trkpt>
      <trkpt lat="23.04922412149608135223388671875" lon="113.31154298968613147735595703125">
        <ele>3.2000000476837158203125</ele>
        <time>2026-08-30T23:14:58.000Z</time>
        <extensions>
          <ns3:TrackPointExtension>
            <ns3:hr>138</ns3:hr>
            <ns3:cad>79</ns3:cad>
          </ns3:TrackPointExtension>
        </extensions>
      </trkpt>
      <trkpt lat="23.04922009818255901336669921875" lon="113.31156679429113864898681640625">
        <ele>3.2000000476837158203125</ele>
        <time>2026-08-30T23:14:59.000Z</time>
        <extensions>
          <ns3:TrackPointExtension>
            <ns3:hr>138</ns3:hr>
            <ns3:cad>80</ns3:cad>
          </ns3:TrackPointExtension>
        </extensions>
      </trkpt>
      <trkpt lat="23.049214147031307220458984375" lon="113.31159445457160472869873046875">
        <ele>3</ele>
        <time>2026-08-30T23:15:00.000Z</time>
        <extensions>
          <ns3:TrackPointExtension>
            <ns3:hr>138</ns3:hr>
            <ns3:cad>80</ns3:cad>
          </ns3:TrackPointExtension>
        </extensions>
      </trkpt>
      <trkpt lat="23.0492039211094379425048828125" lon="113.3116198517382144927978515625">
        <ele>2.7999999523162841796875</ele>
        <time>2026-08-30T23:15:01.000Z</time>
        <extensions>
          <ns3:TrackPointExtension>
            <ns3:hr>139</ns3:hr>
            <ns3:cad>80</ns3:cad>
          </ns3:TrackPointExtension>
        </extensions>
      </trkpt>
      <trkpt lat="23.049201071262359619140625" lon="113.31163301132619380950927734375">
        <ele>2.7999999523162841796875</ele>
        <time>2026-08-30T23:15:02.000Z</time>
        <extensions>
          <ns3:TrackPointExtension>
            <ns3:hr>139</ns3:hr>
            <ns3:cad>80</ns3:cad>
          </ns3:TrackPointExtension>
        </extensions>
      </trkpt>
      <trkpt lat="23.0491928569972515106201171875" lon="113.311660923063755035400390625">
        <ele>2.599999904632568359375</ele>
        <time>2026-08-30T23:15:03.000Z</time>
        <extensions>
          <ns3:TrackPointExtension>
            <ns3:hr>139</ns3:hr>
            <ns3:cad>79</ns3:cad>
          </ns3:TrackPointExtension>
        </extensions>
      </trkpt>
      <trkpt lat="23.0491854809224605560302734375" lon="113.31168648786842823028564453125">
        <ele>2.599999904632568359375</ele>
        <time>2026-08-30T23:15:04.000Z</time>
        <extensions>
          <ns3:TrackPointExtension>
            <ns3:hr>139</ns3:hr>
            <ns3:cad>79</ns3:cad>
          </ns3:TrackPointExtension>
        </extensions>
      </trkpt>
      <trkpt lat="23.04918489418923854827880859375" lon="113.3117019943892955780029296875">
        <ele>2.400000095367431640625</ele>
        <time>2026-08-30T23:15:05.000Z</time>
        <extensions>
          <ns3:TrackPointExtension>
            <ns3:hr>139</ns3:hr>
            <ns3:cad>79</ns3:cad>
          </ns3:TrackPointExtension>
        </extensions>
      </trkpt>
      <trkpt lat="23.04919227026402950286865234375" lon="113.31172755919396877288818359375">
        <ele>2.400000095367431640625</ele>
        <time>2026-08-30T23:15:06.000Z</time>
        <extensions>
          <ns3:TrackPointExtension>
            <ns3:hr>139</ns3:hr>
            <ns3:cad>80</ns3:cad>
          </ns3:TrackPointExtension>
        </extensions>
      </trkpt>
      <trkpt lat="23.04920249618589878082275390625" lon="113.3117469213902950286865234375">
        <ele>2.400000095367431640625</ele>
        <time>2026-08-30T23:15:07.000Z</time>
        <extensions>
          <ns3:TrackPointExtension>
            <ns3:hr>139</ns3:hr>
            <ns3:cad>80</ns3:cad>
          </ns3:TrackPointExtension>
        </extensions>
      </trkpt>
      <trkpt lat="23.04920987226068973541259765625" lon="113.31175488419830799102783203125">
        <ele>2.2000000476837158203125</ele>
        <time>2026-08-30T23:15:08.000Z</time>
        <extensions>
          <ns3:TrackPointExtension>
            <ns3:hr>138</ns3:hr>
            <ns3:cad>80</ns3:cad>
          </ns3:TrackPointExtension>
        </extensions>
      </trkpt>
      <trkpt lat="23.0492273904383182525634765625" lon="113.3117772638797760009765625">
        <ele>2.2000000476837158203125</ele>
        <time>2026-08-30T23:15:09.000Z</time>
        <extensions>
          <ns3:TrackPointExtension>
            <ns3:hr>138</ns3:hr>
            <ns3:cad>80</ns3:cad>
          </ns3:TrackPointExtension>
        </extensions>
      </trkpt>
      <trkpt lat="23.04924960248172283172607421875" lon="113.3117864839732646942138671875">
        <ele>2.2000000476837158203125</ele>
        <time>2026-08-30T23:15:10.000Z</time>
        <extensions>
          <ns3:TrackPointExtension>
            <ns3:hr>138</ns3:hr>
            <ns3:cad>80</ns3:cad>
          </ns3:TrackPointExtension>
        </extensions>
      </trkpt>
      <trkpt lat="23.049267791211605072021484375" lon="113.31179411150515079498291015625">
        <ele>2</ele>
        <time>2026-08-30T23:15:11.000Z</time>
        <extensions>
          <ns3:TrackPointExtension>
            <ns3:hr>137</ns3:hr>
            <ns3:cad>80</ns3:cad>
          </ns3:TrackPointExtension>
        </extensions>
      </trkpt>
      <trkpt lat="23.04929754696786403656005859375" lon="113.31180819310247898101806640625">
        <ele>2</ele>
        <time>2026-08-30T23:15:12.000Z</time>
        <extensions>
          <ns3:TrackPointExtension>
            <ns3:hr>137</ns3:hr>
            <ns3:cad>80</ns3:cad>
          </ns3:TrackPointExtension>
        </extensions>
      </trkpt>
      <trkpt lat="23.049322776496410369873046875" lon="113.31182478927075862884521484375">
        <ele>2</ele>
        <time>2026-08-30T23:15:13.000Z</time>
        <extensions>
          <ns3:TrackPointExtension>
            <ns3:hr>136</ns3:hr>
            <ns3:cad>80</ns3:cad>
          </ns3:TrackPointExtension>
        </extensions>
      </trkpt>
      <trkpt lat="23.0493413843214511871337890625" lon="113.3118317462503910064697265625">
        <ele>2.2000000476837158203125</ele>
        <time>2026-08-30T23:15:14.000Z</time>
        <extensions>
          <ns3:TrackPointExtension>
            <ns3:hr>136</ns3:hr>
            <ns3:cad>79</ns3:cad>
          </ns3:TrackPointExtension>
        </extensions>
      </trkpt>
      <trkpt lat="23.049371056258678436279296875" lon="113.31184004433453083038330078125">
        <ele>2.2000000476837158203125</ele>
        <time>2026-08-30T23:15:15.000Z</time>
        <extensions>
          <ns3:TrackPointExtension>
            <ns3:hr>136</ns3:hr>
            <ns3:cad>79</ns3:cad>
          </ns3:TrackPointExtension>
        </extensions>
      </trkpt>
      <trkpt lat="23.049395866692066192626953125" lon="113.31185295246541500091552734375">
        <ele>2.2000000476837158203125</ele>
        <time>2026-08-30T23:15:16.000Z</time>
        <extensions>
          <ns3:TrackPointExtension>
            <ns3:hr>136</ns3:hr>
            <ns3:cad>79</ns3:cad>
          </ns3:TrackPointExtension>
        </extensions>
      </trkpt>
      <trkpt lat="23.04940818808972835540771484375" lon="113.31185848452150821685791015625">
        <ele>2.2000000476837158203125</ele>
        <time>2026-08-30T23:15:17.000Z</time>
        <extensions>
          <ns3:TrackPointExtension>
            <ns3:hr>135</ns3:hr>
            <ns3:cad>80</ns3:cad>
          </ns3:TrackPointExtension>
        </extensions>
      </trkpt>
      <trkpt lat="23.049436770379543304443359375" lon="113.3118696324527263641357421875">
        <ele>2.2000000476837158203125</ele>
        <time>2026-08-30T23:15:18.000Z</time>
        <extensions>
          <ns3:TrackPointExtension>
            <ns3:hr>135</ns3:hr>
            <ns3:cad>80</ns3:cad>
          </ns3:TrackPointExtension>
        </extensions>
      </trkpt>
      <trkpt lat="23.049462921917438507080078125" lon="113.31187994219362735748291015625">
        <ele>2.400000095367431640625</ele>
        <time>2026-08-30T23:15:19.000Z</time>
        <extensions>
          <ns3:TrackPointExtension>
            <ns3:hr>136</ns3:hr>
            <ns3:cad>80</ns3:cad>
          </ns3:TrackPointExtension>
        </extensions>
      </trkpt>
      <trkpt lat="23.04947859607636928558349609375" lon="113.31187893636524677276611328125">
        <ele>2.400000095367431640625</ele>
        <time>2026-08-30T23:15:20.000Z</time>
        <extensions>
          <ns3:TrackPointExtension>
            <ns3:hr>136</ns3:hr>
            <ns3:cad>80</ns3:cad>
          </ns3:TrackPointExtension>
        </extensions>
      </trkpt>
      <trkpt lat="23.04950776509940624237060546875" lon="113.311890922486782073974609375">
        <ele>2.599999904632568359375</ele>
        <time>2026-08-30T23:15:21.000Z</time>
        <extensions>
          <ns3:TrackPointExtension>
            <ns3:hr>136</ns3:hr>
            <ns3:cad>80</ns3:cad>
          </ns3:TrackPointExtension>
        </extensions>
      </trkpt>
      <trkpt lat="23.04952503181993961334228515625" lon="113.311898969113826751708984375">
        <ele>2.599999904632568359375</ele>
        <time>2026-08-30T23:15:22.000Z</time>
        <extensions>
          <ns3:TrackPointExtension>
            <ns3:hr>136</ns3:hr>
            <ns3:cad>80</ns3:cad>
          </ns3:TrackPointExtension>
        </extensions>
      </trkpt>
      <trkpt lat="23.04954648949205875396728515625" lon="113.31190668046474456787109375">
        <ele>2.599999904632568359375</ele>
        <time>2026-08-30T23:15:23.000Z</time>
        <extensions>
          <ns3:TrackPointExtension>
            <ns3:hr>136</ns3:hr>
            <ns3:cad>80</ns3:cad>
          </ns3:TrackPointExtension>
        </extensions>
      </trkpt>
      <trkpt lat="23.04957599379122257232666015625" lon="113.31192235462367534637451171875">
        <ele>2.599999904632568359375</ele>
        <time>2026-08-30T23:15:24.000Z</time>
        <extensions>
          <ns3:TrackPointExtension>
            <ns3:hr>136</ns3:hr>
            <ns3:cad>80</ns3:cad>
          </ns3:TrackPointExtension>
        </extensions>
      </trkpt>
      <trkpt lat="23.04959879256784915924072265625" lon="113.31193149089813232421875">
        <ele>2.599999904632568359375</ele>
        <time>2026-08-30T23:15:25.000Z</time>
        <extensions>
          <ns3:TrackPointExtension>
            <ns3:hr>136</ns3:hr>
            <ns3:cad>80</ns3:cad>
          </ns3:TrackPointExtension>
        </extensions>
      </trkpt>
      <trkpt lat="23.04962125606834888458251953125" lon="113.31193794496357440948486328125">
        <ele>2.599999904632568359375</ele>
        <time>2026-08-30T23:15:26.000Z</time>
        <extensions>
          <ns3:TrackPointExtension>
            <ns3:hr>136</ns3:hr>
            <ns3:cad>81</ns3:cad>
          </ns3:TrackPointExtension>
        </extensions>
      </trkpt>
      <trkpt lat="23.04965495131909847259521484375" lon="113.3119460754096508026123046875">
        <ele>2.599999904632568359375</ele>
        <time>2026-08-30T23:15:27.000Z</time>
        <extensions>
          <ns3:TrackPointExtension>
            <ns3:hr>136</ns3:hr>
            <ns3:cad>81</ns3:cad>
          </ns3:TrackPointExtension>
        </extensions>
      </trkpt>
      <trkpt lat="23.04967406205832958221435546875" lon="113.31195202656090259552001953125">
        <ele>2.599999904632568359375</ele>
        <time>2026-08-30T23:15:28.000Z</time>
        <extensions>
          <ns3:TrackPointExtension>
            <ns3:hr>136</ns3:hr>
            <ns3:cad>80</ns3:cad>
          </ns3:TrackPointExtension>
        </extensions>
      </trkpt>
      <trkpt lat="23.049694597721099853515625" lon="113.311955966055393218994140625">
        <ele>2.599999904632568359375</ele>
        <time>2026-08-30T23:15:29.000Z</time>
        <extensions>
          <ns3:TrackPointExtension>
            <ns3:hr>136</ns3:hr>
            <ns3:cad>80</ns3:cad>
          </ns3:TrackPointExtension>
        </extensions>
      </trkpt>
      <trkpt lat="23.04972351528704166412353515625" lon="113.31197080202400684356689453125">
        <ele>2.599999904632568359375</ele>
        <time>2026-08-30T23:15:30.000Z</time>
        <extensions>
          <ns3:TrackPointExtension>
            <ns3:hr>137</ns3:hr>
            <ns3:cad>80</ns3:cad>
          </ns3:TrackPointExtension>
        </extensions>
      </trkpt>
      <trkpt lat="23.04974061436951160430908203125" lon="113.31198337487876415252685546875">
        <ele>2.599999904632568359375</ele>
        <time>2026-08-30T23:15:31.000Z</time>
        <extensions>
          <ns3:TrackPointExtension>
            <ns3:hr>137</ns3:hr>
            <ns3:cad>80</ns3:cad>
          </ns3:TrackPointExtension>
        </extensions>
      </trkpt>
      <trkpt lat="23.0497594736516475677490234375" lon="113.311994858086109161376953125">
        <ele>2.599999904632568359375</ele>
        <time>2026-08-30T23:15:32.000Z</time>
        <extensions>
          <ns3:TrackPointExtension>
            <ns3:hr>137</ns3:hr>
            <ns3:cad>80</ns3:cad>
          </ns3:TrackPointExtension>
        </extensions>
      </trkpt>
      <trkpt lat="23.04977665655314922332763671875" lon="113.3120201714336872100830078125">
        <ele>2.599999904632568359375</ele>
        <time>2026-08-30T23:15:33.000Z</time>
        <extensions>
          <ns3:TrackPointExtension>
            <ns3:hr>137</ns3:hr>
            <ns3:cad>80</ns3:cad>
          </ns3:TrackPointExtension>
        </extensions>
      </trkpt>
      <trkpt lat="23.0497859604656696319580078125" lon="113.31203366629779338836669921875">
        <ele>2.599999904632568359375</ele>
        <time>2026-08-30T23:15:34.000Z</time>
        <extensions>
          <ns3:TrackPointExtension>
            <ns3:hr>137</ns3:hr>
            <ns3:cad>80</ns3:cad>
          </ns3:TrackPointExtension>
        </extensions>
      </trkpt>
      <trkpt lat="23.0498017184436321258544921875" lon="113.312050513923168182373046875">
        <ele>2.599999904632568359375</ele>
        <time>2026-08-30T23:15:35.000Z</time>
        <extensions>
          <ns3:TrackPointExtension>
            <ns3:hr>137</ns3:hr>
            <ns3:cad>80</ns3:cad>
          </ns3:TrackPointExtension>
        </extensions>
      </trkpt>
      <trkpt lat="23.04981403984129428863525390625" lon="113.3120805211365222930908203125">
        <ele>2.7999999523162841796875</ele>
        <time>2026-08-30T23:15:36.000Z</time>
        <extensions>
          <ns3:TrackPointExtension>
            <ns3:hr>137</ns3:hr>
            <ns3:cad>80</ns3:cad>
          </ns3:TrackPointExtension>
        </extensions>
      </trkpt>
      <trkpt lat="23.04982393048703670501708984375" lon="113.3120910823345184326171875">
        <ele>2.7999999523162841796875</ele>
        <time>2026-08-30T23:15:37.000Z</time>
        <extensions>
          <ns3:TrackPointExtension>
            <ns3:hr>137</ns3:hr>
            <ns3:cad>80</ns3:cad>
          </ns3:TrackPointExtension>
        </extensions>
      </trkpt>
      <trkpt lat="23.04983499459922313690185546875" lon="113.312108181416988372802734375">
        <ele>2.7999999523162841796875</ele>
        <time>2026-08-30T23:15:38.000Z</time>
        <extensions>
          <ns3:TrackPointExtension>
            <ns3:hr>138</ns3:hr>
            <ns3:cad>80</ns3:cad>
          </ns3:TrackPointExtension>
        </extensions>
      </trkpt>
      <trkpt lat="23.049839772284030914306640625" lon="113.3121391944587230682373046875">
        <ele>2.7999999523162841796875</ele>
        <time>2026-08-30T23:15:39.000Z</time>
        <extensions>
          <ns3:TrackPointExtension>
            <ns3:hr>137</ns3:hr>
            <ns3:cad>80</ns3:cad>
          </ns3:TrackPointExtension>
        </extensions>
      </trkpt>
      <trkpt lat="23.04983968846499919891357421875" lon="113.31215436570346355438232421875">
        <ele>2.7999999523162841796875</ele>
        <time>2026-08-30T23:15:40.000Z</time>
        <extensions>
          <ns3:TrackPointExtension>
            <ns3:hr>138</ns3:hr>
            <ns3:cad>80</ns3:cad>
          </ns3:TrackPointExtension>
        </extensions>
      </trkpt>
      <trkpt lat="23.04984387941658496856689453125" lon="113.31217984668910503387451171875">
        <ele>2.7999999523162841796875</ele>
        <time>2026-08-30T23:15:41.000Z</time>
        <extensions>
          <ns3:TrackPointExtension>
            <ns3:hr>138</ns3:hr>
            <ns3:cad>80</ns3:cad>
          </ns3:TrackPointExtension>
        </extensions>
      </trkpt>
      <trkpt lat="23.04984413087368011474609375" lon="113.3122055791318416595458984375">
        <ele>2.7999999523162841796875</ele>
        <time>2026-08-30T23:15:42.000Z</time>
        <extensions>
          <ns3:TrackPointExtension>
            <ns3:hr>138</ns3:hr>
            <ns3:cad>80</ns3:cad>
          </ns3:TrackPointExtension>
        </extensions>
      </trkpt>
      <trkpt lat="23.04984589107334613800048828125" lon="113.31222192384302616119384765625">
        <ele>2.7999999523162841796875</ele>
        <time>2026-08-30T23:15:43.000Z</time>
        <extensions>
          <ns3:TrackPointExtension>
            <ns3:hr>138</ns3:hr>
            <ns3:cad>80</ns3:cad>
          </ns3:TrackPointExtension>
        </extensions>
      </trkpt>
      <trkpt lat="23.04984371177852153778076171875" lon="113.31224639900028705596923828125">
        <ele>2.7999999523162841796875</ele>
        <time>2026-08-30T23:15:44.000Z</time>
        <extensions>
          <ns3:TrackPointExtension>
            <ns3:hr>138</ns3:hr>
            <ns3:cad>80</ns3:cad>
          </ns3:TrackPointExtension>
        </extensions>
      </trkpt>
      <trkpt lat="23.04983918555080890655517578125" lon="113.31227305345237255096435546875">
        <ele>2.7999999523162841796875</ele>
        <time>2026-08-30T23:15:45.000Z</time>
        <extensions>
          <ns3:TrackPointExtension>
            <ns3:hr>138</ns3:hr>
            <ns3:cad>80</ns3:cad>
          </ns3:TrackPointExtension>
        </extensions>
      </trkpt>
      <trkpt lat="23.04983918555080890655517578125" lon="113.31228730268776416778564453125">
        <ele>2.7999999523162841796875</ele>
        <time>2026-08-30T23:15:46.000Z</time>
        <extensions>
          <ns3:TrackPointExtension>
            <ns3:hr>138</ns3:hr>
            <ns3:cad>80</ns3:cad>
          </ns3:TrackPointExtension>
        </extensions>
      </trkpt>
      <trkpt lat="23.04983742535114288330078125" lon="113.3123155497014522552490234375">
        <ele>2.7999999523162841796875</ele>
        <time>2026-08-30T23:15:47.000Z</time>
        <extensions>
          <ns3:TrackPointExtension>
            <ns3:hr>138</ns3:hr>
            <ns3:cad>80</ns3:cad>
          </ns3:TrackPointExtension>
        </extensions>
      </trkpt>
      <trkpt lat="23.04983566515147686004638671875" lon="113.31233927048742771148681640625">
        <ele>2.7999999523162841796875</ele>
        <time>2026-08-30T23:15:48.000Z</time>
        <extensions>
          <ns3:TrackPointExtension>
            <ns3:hr>138</ns3:hr>
            <ns3:cad>80</ns3:cad>
          </ns3:TrackPointExtension>
        </extensions>
      </trkpt>
      <trkpt lat="23.04984144866466522216796875" lon="113.3123571239411830902099609375">
        <ele>2.7999999523162841796875</ele>
        <time>2026-08-30T23:15:49.000Z</time>
        <extensions>
          <ns3:TrackPointExtension>
            <ns3:hr>138</ns3:hr>
            <ns3:cad>80</ns3:cad>
          </ns3:TrackPointExtension>
        </extensions>
      </trkpt>
      <trkpt lat="23.04984102956950664520263671875" lon="113.31238411366939544677734375">
        <ele>2.599999904632568359375</ele>
        <time>2026-08-30T23:15:50.000Z</time>
        <extensions>
          <ns3:TrackPointExtension>
            <ns3:hr>139</ns3:hr>
            <ns3:cad>81</ns3:cad>
          </ns3:TrackPointExtension>
        </extensions>
      </trkpt>
      <trkpt lat="23.04984102956950664520263671875" lon="113.3124040625989437103271484375">
        <ele>2.599999904632568359375</ele>
        <time>2026-08-30T23:15:51.000Z</time>
        <extensions>
          <ns3:TrackPointExtension>
            <ns3:hr>139</ns3:hr>
            <ns3:cad>81</ns3:cad>
          </ns3:TrackPointExtension>
        </extensions>
      </trkpt>
      <trkpt lat="23.04984622634947299957275390625" lon="113.31242325715720653533935546875">
        <ele>2.599999904632568359375</ele>
        <time>2026-08-30T23:15:52.000Z</time>
        <extensions>
          <ns3:TrackPointExtension>
            <ns3:hr>139</ns3:hr>
            <ns3:cad>81</ns3:cad>
          </ns3:TrackPointExtension>
        </extensions>
      </trkpt>
      <trkpt lat="23.049846477806568145751953125" lon="113.312455527484416961669921875">
        <ele>2.599999904632568359375</ele>
        <time>2026-08-30T23:15:53.000Z</time>
        <extensions>
          <ns3:TrackPointExtension>
            <ns3:hr>139</ns3:hr>
            <ns3:cad>81</ns3:cad>
          </ns3:TrackPointExtension>
        </extensions>
      </trkpt>
      <trkpt lat="23.0498461425304412841796875" lon="113.3124758116900920867919921875">
        <ele>2.599999904632568359375</ele>
        <time>2026-08-30T23:15:54.000Z</time>
        <extensions>
          <ns3:TrackPointExtension>
            <ns3:hr>138</ns3:hr>
            <ns3:cad>81</ns3:cad>
          </ns3:TrackPointExtension>
        </extensions>
      </trkpt>
      <trkpt lat="23.04984874092042446136474609375" lon="113.31249483861029148101806640625">
        <ele>2.599999904632568359375</ele>
        <time>2026-08-30T23:15:55.000Z</time>
        <extensions>
          <ns3:TrackPointExtension>
            <ns3:hr>139</ns3:hr>
            <ns3:cad>80</ns3:cad>
          </ns3:TrackPointExtension>
        </extensions>
      </trkpt>
      <trkpt lat="23.04984807036817073822021484375" lon="113.31252685748040676116943359375">
        <ele>2.599999904632568359375</ele>
        <time>2026-08-30T23:15:56.000Z</time>
        <extensions>
          <ns3:TrackPointExtension>
            <ns3:hr>139</ns3:hr>
            <ns3:cad>80</ns3:cad>
          </ns3:TrackPointExtension>
        </extensions>
      </trkpt>
      <trkpt lat="23.04984672926366329193115234375" lon="113.31254697404801845550537109375">
        <ele>2.599999904632568359375</ele>
        <time>2026-08-30T23:15:57.000Z</time>
        <extensions>
          <ns3:TrackPointExtension>
            <ns3:hr>139</ns3:hr>
            <ns3:cad>80</ns3:cad>
          </ns3:TrackPointExtension>
        </extensions>
      </trkpt>
      <trkpt lat="23.0498523451387882232666015625" lon="113.31256256438791751861572265625">
        <ele>2.7999999523162841796875</ele>
        <time>2026-08-30T23:15:58.000Z</time>
        <extensions>
          <ns3:TrackPointExtension>
            <ns3:hr>139</ns3:hr>
            <ns3:cad>80</ns3:cad>
          </ns3:TrackPointExtension>
        </extensions>
      </trkpt>
      <trkpt lat="23.049853183329105377197265625" lon="113.31259558908641338348388671875">
        <ele>2.599999904632568359375</ele>
        <time>2026-08-30T23:15:59.000Z</time>
        <extensions>
          <ns3:TrackPointExtension>
            <ns3:hr>139</ns3:hr>
            <ns3:cad>80</ns3:cad>
          </ns3:TrackPointExtension>
        </extensions>
      </trkpt>
      <trkpt lat="23.04985159076750278472900390625" lon="113.3126159571111202239990234375">
        <ele>2.599999904632568359375</ele>
        <time>2026-08-30T23:16:00.000Z</time>
        <extensions>
          <ns3:TrackPointExtension>
            <ns3:hr>138</ns3:hr>
            <ns3:cad>81</ns3:cad>
          </ns3:TrackPointExtension>
        </extensions>
      </trkpt>
      <trkpt lat="23.0498540215194225311279296875" lon="113.3126409351825714111328125">
        <ele>2.599999904632568359375</ele>
        <time>2026-08-30T23:16:01.000Z</time>
        <extensions>
          <ns3:TrackPointExtension>
            <ns3:hr>139</ns3:hr>
            <ns3:cad>81</ns3:cad>
          </ns3:TrackPointExtension>
        </extensions>
      </trkpt>
      <trkpt lat="23.04985578171908855438232421875" lon="113.3126732893288135528564453125">
        <ele>2.599999904632568359375</ele>
        <time>2026-08-30T23:16:02.000Z</time>
        <extensions>
          <ns3:TrackPointExtension>
            <ns3:hr>138</ns3:hr>
            <ns3:cad>80</ns3:cad>
          </ns3:TrackPointExtension>
        </extensions>
      </trkpt>
      <trkpt lat="23.04985611699521541595458984375" lon="113.31268720328807830810546875">
        <ele>2.599999904632568359375</ele>
        <time>2026-08-30T23:16:03.000Z</time>
        <extensions>
          <ns3:TrackPointExtension>
            <ns3:hr>139</ns3:hr>
            <ns3:cad>80</ns3:cad>
          </ns3:TrackPointExtension>
        </extensions>
      </trkpt>
      <trkpt lat="23.04985779337584972381591796875" lon="113.31270597875118255615234375">
        <ele>2.599999904632568359375</ele>
        <time>2026-08-30T23:16:04.000Z</time>
        <extensions>
          <ns3:TrackPointExtension>
            <ns3:hr>139</ns3:hr>
            <ns3:cad>80</ns3:cad>
          </ns3:TrackPointExtension>
        </extensions>
      </trkpt>
      <trkpt lat="23.0498541891574859619140625" lon="113.312736488878726959228515625">
        <ele>2.7999999523162841796875</ele>
        <time>2026-08-30T23:16:05.000Z</time>
        <extensions>
          <ns3:TrackPointExtension>
            <ns3:hr>139</ns3:hr>
            <ns3:cad>80</ns3:cad>
          </ns3:TrackPointExtension>
        </extensions>
      </trkpt>
      <trkpt lat="23.04985351860523223876953125" lon="113.3127517439424991607666015625">
        <ele>2.7999999523162841796875</ele>
        <time>2026-08-30T23:16:06.000Z</time>
        <extensions>
          <ns3:TrackPointExtension>
            <ns3:hr>139</ns3:hr>
            <ns3:cad>80</ns3:cad>
          </ns3:TrackPointExtension>
        </extensions>
      </trkpt>
      <trkpt lat="23.0498556979000568389892578125" lon="113.312779404222965240478515625">
        <ele>2.599999904632568359375</ele>
        <time>2026-08-30T23:16:07.000Z</time>
        <extensions>
          <ns3:TrackPointExtension>
            <ns3:hr>139</ns3:hr>
            <ns3:cad>81</ns3:cad>
          </ns3:TrackPointExtension>
        </extensions>
      </trkpt>
      <trkpt lat="23.049857206642627716064453125" lon="113.3128147758543491363525390625">
        <ele>2.599999904632568359375</ele>
        <time>2026-08-30T23:16:08.000Z</time>
        <extensions>
          <ns3:TrackPointExtension>
            <ns3:hr>139</ns3:hr>
            <ns3:cad>81</ns3:cad>
          </ns3:TrackPointExtension>
        </extensions>
      </trkpt>
      <trkpt lat="23.0498568713665008544921875" lon="113.31283028237521648406982421875">
        <ele>2.599999904632568359375</ele>
        <time>2026-08-30T23:16:09.000Z</time>
        <extensions>
          <ns3:TrackPointExtension>
            <ns3:hr>139</ns3:hr>
            <ns3:cad>81</ns3:cad>
          </ns3:TrackPointExtension>
        </extensions>
      </trkpt>
      <trkpt lat="23.04986114613711833953857421875" lon="113.3128573559224605560302734375">
        <ele>2.599999904632568359375</ele>
        <time>2026-08-30T23:16:10.000Z</time>
        <extensions>
          <ns3:TrackPointExtension>
            <ns3:hr>139</ns3:hr>
            <ns3:cad>80</ns3:cad>
          </ns3:TrackPointExtension>
        </extensions>
      </trkpt>
      <trkpt lat="23.049858547747135162353515625" lon="113.3128865249454975128173828125">
        <ele>2.599999904632568359375</ele>
        <time>2026-08-30T23:16:11.000Z</time>
        <extensions>
          <ns3:TrackPointExtension>
            <ns3:hr>139</ns3:hr>
            <ns3:cad>80</ns3:cad>
          </ns3:TrackPointExtension>
        </extensions>
      </trkpt>
      <trkpt lat="23.0498577095568180084228515625" lon="113.312898762524127960205078125">
        <ele>2.599999904632568359375</ele>
        <time>2026-08-30T23:16:12.000Z</time>
        <extensions>
          <ns3:TrackPointExtension>
            <ns3:hr>139</ns3:hr>
            <ns3:cad>80</ns3:cad>
          </ns3:TrackPointExtension>
        </extensions>
      </trkpt>
      <trkpt lat="23.04985712282359600067138671875" lon="113.3129247464239597320556640625">
        <ele>2.599999904632568359375</ele>
        <time>2026-08-30T23:16:13.000Z</time>
        <extensions>
          <ns3:TrackPointExtension>
            <ns3:hr>139</ns3:hr>
            <ns3:cad>80</ns3:cad>
          </ns3:TrackPointExtension>
        </extensions>
      </trkpt>
      <trkpt lat="23.049852512776851654052734375" lon="113.3129519037902355194091796875">
        <ele>2.7999999523162841796875</ele>
        <time>2026-08-30T23:16:14.000Z</time>
        <extensions>
          <ns3:TrackPointExtension>
            <ns3:hr>139</ns3:hr>
            <ns3:cad>80</ns3:cad>
          </ns3:TrackPointExtension>
        </extensions>
      </trkpt>
      <trkpt lat="23.049856536090373992919921875" lon="113.31296774558722972869873046875">
        <ele>2.7999999523162841796875</ele>
        <time>2026-08-30T23:16:15.000Z</time>
        <extensions>
          <ns3:TrackPointExtension>
            <ns3:hr>139</ns3:hr>
            <ns3:cad>81</ns3:cad>
          </ns3:TrackPointExtension>
        </extensions>
      </trkpt>
      <trkpt lat="23.04985594935715198516845703125" lon="113.31300311721861362457275390625">
        <ele>2.7999999523162841796875</ele>
        <time>2026-08-30T23:16:16.000Z</time>
        <extensions>
          <ns3:TrackPointExtension>
            <ns3:hr>139</ns3:hr>
            <ns3:cad>81</ns3:cad>
          </ns3:TrackPointExtension>
        </extensions>
      </trkpt>
      <trkpt lat="23.04985511116683483123779296875" lon="113.3130266703665256500244140625">
        <ele>2.7999999523162841796875</ele>
        <time>2026-08-30T23:16:17.000Z</time>
        <extensions>
          <ns3:TrackPointExtension>
            <ns3:hr>139</ns3:hr>
            <ns3:cad>81</ns3:cad>
          </ns3:TrackPointExtension>
        </extensions>
      </trkpt>
      <trkpt lat="23.04985494352877140045166015625" lon="113.31304267980158329010009765625">
        <ele>2.7999999523162841796875</ele>
        <time>2026-08-30T23:16:18.000Z</time>
        <extensions>
          <ns3:TrackPointExtension>
            <ns3:hr>139</ns3:hr>
            <ns3:cad>81</ns3:cad>
          </ns3:TrackPointExtension>
        </extensions>
      </trkpt>
      <trkpt lat="23.04985427297651767730712890625" lon="113.3130746148526668548583984375">
        <ele>2.7999999523162841796875</ele>
        <time>2026-08-30T23:16:19.000Z</time>
        <extensions>
          <ns3:TrackPointExtension>
            <ns3:hr>139</ns3:hr>
            <ns3:cad>81</ns3:cad>
          </ns3:TrackPointExtension>
        </extensions>
      </trkpt>
      <trkpt lat="23.0498520098626613616943359375" lon="113.31309682689607143402099609375">
        <ele>2.599999904632568359375</ele>
        <time>2026-08-30T23:16:20.000Z</time>
        <extensions>
          <ns3:TrackPointExtension>
            <ns3:hr>139</ns3:hr>
            <ns3:cad>80</ns3:cad>
          </ns3:TrackPointExtension>
        </extensions>
      </trkpt>
      <trkpt lat="23.04985863156616687774658203125" lon="113.3131171949207782745361328125">
        <ele>2.599999904632568359375</ele>
        <time>2026-08-30T23:16:21.000Z</time>
        <extensions>
          <ns3:TrackPointExtension>
            <ns3:hr>139</ns3:hr>
            <ns3:cad>80</ns3:cad>
          </ns3:TrackPointExtension>
        </extensions>
      </trkpt>
      <trkpt lat="23.04985846392810344696044921875" lon="113.31314845941960811614990234375">
        <ele>2.599999904632568359375</ele>
        <time>2026-08-30T23:16:22.000Z</time>
        <extensions>
          <ns3:TrackPointExtension>
            <ns3:hr>140</ns3:hr>
            <ns3:cad>80</ns3:cad>
          </ns3:TrackPointExtension>
        </extensions>
      </trkpt>
      <trkpt lat="23.0498568713665008544921875" lon="113.3131691627204418182373046875">
        <ele>2.599999904632568359375</ele>
        <time>2026-08-30T23:16:23.000Z</time>
        <extensions>
          <ns3:TrackPointExtension>
            <ns3:hr>139</ns3:hr>
            <ns3:cad>80</ns3:cad>
          </ns3:TrackPointExtension>
        </extensions>
      </trkpt>
      <trkpt lat="23.04986097849905490875244140625" lon="113.313189446926116943359375">
        <ele>2.599999904632568359375</ele>
        <time>2026-08-30T23:16:24.000Z</time>
        <extensions>
          <ns3:TrackPointExtension>
            <ns3:hr>139</ns3:hr>
            <ns3:cad>80</ns3:cad>
          </ns3:TrackPointExtension>
        </extensions>
      </trkpt>
      <trkpt lat="23.0498567037284374237060546875" lon="113.31322230398654937744140625">
        <ele>2.7999999523162841796875</ele>
        <time>2026-08-30T23:16:25.000Z</time>
        <extensions>
          <ns3:TrackPointExtension>
            <ns3:hr>140</ns3:hr>
            <ns3:cad>80</ns3:cad>
          </ns3:TrackPointExtension>
        </extensions>
      </trkpt>
      <trkpt lat="23.04985083639621734619140625" lon="113.3132392354309558868408203125">
        <ele>2.7999999523162841796875</ele>
        <time>2026-08-30T23:16:26.000Z</time>
        <extensions>
          <ns3:TrackPointExtension>
            <ns3:hr>139</ns3:hr>
            <ns3:cad>81</ns3:cad>
          </ns3:TrackPointExtension>
        </extensions>
      </trkpt>
      <trkpt lat="23.0498510040342807769775390625" lon="113.313258178532123565673828125">
        <ele>2.7999999523162841796875</ele>
        <time>2026-08-30T23:16:27.000Z</time>
        <extensions>
          <ns3:TrackPointExtension>
            <ns3:hr>139</ns3:hr>
            <ns3:cad>81</ns3:cad>
          </ns3:TrackPointExtension>
        </extensions>
      </trkpt>
      <trkpt lat="23.0498496629297733306884765625" lon="113.3132828213274478912353515625">
        <ele>2.7999999523162841796875</ele>
        <time>2026-08-30T23:16:28.000Z</time>
        <extensions>
          <ns3:TrackPointExtension>
            <ns3:hr>140</ns3:hr>
            <ns3:cad>81</ns3:cad>
          </ns3:TrackPointExtension>
        </extensions>
      </trkpt>
      <trkpt lat="23.0498449690639972686767578125" lon="113.31330168060958385467529296875">
        <ele>2.599999904632568359375</ele>
        <time>2026-08-30T23:16:29.000Z</time>
        <extensions>
          <ns3:TrackPointExtension>
            <ns3:hr>139</ns3:hr>
            <ns3:cad>80</ns3:cad>
          </ns3:TrackPointExtension>
        </extensions>
      </trkpt>
      <trkpt lat="23.04984689690172672271728515625" lon="113.31332146190106868743896484375">
        <ele>2.599999904632568359375</ele>
        <time>2026-08-30T23:16:30.000Z</time>
        <extensions>
          <ns3:TrackPointExtension>
            <ns3:hr>139</ns3:hr>
            <ns3:cad>80</ns3:cad>
          </ns3:TrackPointExtension>
        </extensions>
      </trkpt>
      <trkpt lat="23.04984454996883869171142578125" lon="113.31335281021893024444580078125">
        <ele>2.599999904632568359375</ele>
        <time>2026-08-30T23:16:31.000Z</time>
        <extensions>
          <ns3:TrackPointExtension>
            <ns3:hr>139</ns3:hr>
            <ns3:cad>80</ns3:cad>
          </ns3:TrackPointExtension>
        </extensions>
      </trkpt>
      <trkpt lat="23.0498466454446315765380859375" lon="113.3133758604526519775390625">
        <ele>2.599999904632568359375</ele>
        <time>2026-08-30T23:16:32.000Z</time>
        <extensions>
          <ns3:TrackPointExtension>
            <ns3:hr>139</ns3:hr>
            <ns3:cad>81</ns3:cad>
          </ns3:TrackPointExtension>
        </extensions>
      </trkpt>
      <trkpt lat="23.04985083639621734619140625" lon="113.313400335609912872314453125">
        <ele>2.599999904632568359375</ele>
        <time>2026-08-30T23:16:33.000Z</time>
        <extensions>
          <ns3:TrackPointExtension>
            <ns3:hr>139</ns3:hr>
            <ns3:cad>81</ns3:cad>
          </ns3:TrackPointExtension>
        </extensions>
      </trkpt>
      <trkpt lat="23.04984941147267818450927734375" lon="113.31342858262360095977783203125">
        <ele>2.7999999523162841796875</ele>
        <time>2026-08-30T23:16:34.000Z</time>
        <extensions>
          <ns3:TrackPointExtension>
            <ns3:hr>139</ns3:hr>
            <ns3:cad>81</ns3:cad>
          </ns3:TrackPointExtension>
        </extensions>
      </trkpt>
      <trkpt lat="23.04985377006232738494873046875" lon="113.31344484351575374603271484375">
        <ele>2.7999999523162841796875</ele>
        <time>2026-08-30T23:16:35.000Z</time>
        <extensions>
          <ns3:TrackPointExtension>
            <ns3:hr>138</ns3:hr>
            <ns3:cad>81</ns3:cad>
          </ns3:TrackPointExtension>
        </extensions>
      </trkpt>
      <trkpt lat="23.0498556979000568389892578125" lon="113.313471414148807525634765625">
        <ele>2.599999904632568359375</ele>
        <time>2026-08-30T23:16:36.000Z</time>
        <extensions>
          <ns3:TrackPointExtension>
            <ns3:hr>138</ns3:hr>
            <ns3:cad>81</ns3:cad>
          </ns3:TrackPointExtension>
        </extensions>
      </trkpt>
      <trkpt lat="23.0498567037284374237060546875" lon="113.31349563784897327423095703125">
        <ele>2.599999904632568359375</ele>
        <time>2026-08-30T23:16:37.000Z</time>
        <extensions>
          <ns3:TrackPointExtension>
            <ns3:hr>138</ns3:hr>
            <ns3:cad>81</ns3:cad>
          </ns3:TrackPointExtension>
        </extensions>
      </trkpt>
      <trkpt lat="23.0498603917658329010009765625" lon="113.31351525150239467620849609375">
        <ele>2.599999904632568359375</ele>
        <time>2026-08-30T23:16:38.000Z</time>
        <extensions>
          <ns3:TrackPointExtension>
            <ns3:hr>138</ns3:hr>
            <ns3:cad>81</ns3:cad>
          </ns3:TrackPointExtension>
        </extensions>
      </trkpt>
      <trkpt lat="23.0498570390045642852783203125" lon="113.31354592926800251007080078125">
        <ele>2.599999904632568359375</ele>
        <time>2026-08-30T23:16:39.000Z</time>
        <extensions>
          <ns3:TrackPointExtension>
            <ns3:hr>138</ns3:hr>
            <ns3:cad>81</ns3:cad>
          </ns3:TrackPointExtension>
        </extensions>
      </trkpt>
      <trkpt lat="23.04985276423394680023193359375" lon="113.3135647885501384735107421875">
        <ele>2.599999904632568359375</ele>
        <time>2026-08-30T23:16:40.000Z</time>
        <extensions>
          <ns3:TrackPointExtension>
            <ns3:hr>138</ns3:hr>
            <ns3:cad>81</ns3:cad>
          </ns3:TrackPointExtension>
        </extensions>
      </trkpt>
      <trkpt lat="23.049851842224597930908203125" lon="113.31357845105230808258056640625">
        <ele>2.599999904632568359375</ele>
        <time>2026-08-30T23:16:41.000Z</time>
        <extensions>
          <ns3:TrackPointExtension>
            <ns3:hr>138</ns3:hr>
            <ns3:cad>81</ns3:cad>
          </ns3:TrackPointExtension>
        </extensions>
      </trkpt>
      <trkpt lat="23.049847148358821868896484375" lon="113.31361130811274051666259765625">
        <ele>2.599999904632568359375</ele>
        <time>2026-08-30T23:16:42.000Z</time>
        <extensions>
          <ns3:TrackPointExtension>
            <ns3:hr>138</ns3:hr>
            <ns3:cad>81</ns3:cad>
          </ns3:TrackPointExtension>
        </extensions>
      </trkpt>
      <trkpt lat="23.0498419515788555145263671875" lon="113.31362807191908359527587890625">
        <ele>2.599999904632568359375</ele>
        <time>2026-08-30T23:16:43.000Z</time>
        <extensions>
          <ns3:TrackPointExtension>
            <ns3:hr>138</ns3:hr>
            <ns3:cad>81</ns3:cad>
          </ns3:TrackPointExtension>
        </extensions>
      </trkpt>
      <trkpt lat="23.0498409457504749298095703125" lon="113.31365170888602733612060546875">
        <ele>2.599999904632568359375</ele>
        <time>2026-08-30T23:16:44.000Z</time>
        <extensions>
          <ns3:TrackPointExtension>
            <ns3:hr>138</ns3:hr>
            <ns3:cad>81</ns3:cad>
          </ns3:TrackPointExtension>
        </extensions>
      </trkpt>
      <trkpt lat="23.0498375929892063140869140625" lon="113.313679955899715423583984375">
        <ele>2.599999904632568359375</ele>
        <time>2026-08-30T23:16:45.000Z</time>
        <extensions>
          <ns3:TrackPointExtension>
            <ns3:hr>137</ns3:hr>
            <ns3:cad>81</ns3:cad>
          </ns3:TrackPointExtension>
        </extensions>
      </trkpt>
      <trkpt lat="23.0498392693698406219482421875" lon="113.31369060091674327850341796875">
        <ele>2.599999904632568359375</ele>
        <time>2026-08-30T23:16:46.000Z</time>
        <extensions>
          <ns3:TrackPointExtension>
            <ns3:hr>137</ns3:hr>
            <ns3:cad>81</ns3:cad>
          </ns3:TrackPointExtension>
        </extensions>
      </trkpt>
      <trkpt lat="23.0498399399220943450927734375" lon="113.31372161395847797393798828125">
        <ele>2.599999904632568359375</ele>
        <time>2026-08-30T23:16:47.000Z</time>
        <extensions>
          <ns3:TrackPointExtension>
            <ns3:hr>137</ns3:hr>
            <ns3:cad>81</ns3:cad>
          </ns3:TrackPointExtension>
        </extensions>
      </trkpt>
      <trkpt lat="23.04984002374112606048583984375" lon="113.31374592147767543792724609375">
        <ele>2.599999904632568359375</ele>
        <time>2026-08-30T23:16:48.000Z</time>
        <extensions>
          <ns3:TrackPointExtension>
            <ns3:hr>137</ns3:hr>
            <ns3:cad>81</ns3:cad>
          </ns3:TrackPointExtension>
        </extensions>
      </trkpt>
      <trkpt lat="23.04984413087368011474609375" lon="113.31376151181757450103759765625">
        <ele>2.599999904632568359375</ele>
        <time>2026-08-30T23:16:49.000Z</time>
        <extensions>
          <ns3:TrackPointExtension>
            <ns3:hr>136</ns3:hr>
            <ns3:cad>81</ns3:cad>
          </ns3:TrackPointExtension>
        </extensions>
      </trkpt>
      <trkpt lat="23.0498422868549823760986328125" lon="113.3137900941073894500732421875">
        <ele>2.599999904632568359375</ele>
        <time>2026-08-30T23:16:50.000Z</time>
        <extensions>
          <ns3:TrackPointExtension>
            <ns3:hr>136</ns3:hr>
            <ns3:cad>81</ns3:cad>
          </ns3:TrackPointExtension>
        </extensions>
      </trkpt>
      <trkpt lat="23.049841113388538360595703125" lon="113.31380627118051052093505859375">
        <ele>2.599999904632568359375</ele>
        <time>2026-08-30T23:16:51.000Z</time>
        <extensions>
          <ns3:TrackPointExtension>
            <ns3:hr>136</ns3:hr>
            <ns3:cad>81</ns3:cad>
          </ns3:TrackPointExtension>
        </extensions>
      </trkpt>
      <trkpt lat="23.04984681308269500732421875" lon="113.3138276450335979461669921875">
        <ele>2.400000095367431640625</ele>
        <time>2026-08-30T23:16:52.000Z</time>
        <extensions>
          <ns3:TrackPointExtension>
            <ns3:hr>136</ns3:hr>
            <ns3:cad>81</ns3:cad>
          </ns3:TrackPointExtension>
        </extensions>
      </trkpt>
      <trkpt lat="23.0498459748923778533935546875" lon="113.3138638548552989959716796875">
        <ele>2.599999904632568359375</ele>
        <time>2026-08-30T23:16:53.000Z</time>
        <extensions>
          <ns3:TrackPointExtension>
            <ns3:hr>135</ns3:hr>
            <ns3:cad>81</ns3:cad>
          </ns3:TrackPointExtension>
        </extensions>
      </trkpt>
      <trkpt lat="23.0498446337878704071044921875" lon="113.3138786070048809051513671875">
        <ele>2.599999904632568359375</ele>
        <time>2026-08-30T23:16:54.000Z</time>
        <extensions>
          <ns3:TrackPointExtension>
            <ns3:hr>135</ns3:hr>
            <ns3:cad>81</ns3:cad>
          </ns3:TrackPointExtension>
        </extensions>
      </trkpt>
      <trkpt lat="23.04984505288302898406982421875" lon="113.3139024116098880767822265625">
        <ele>2.599999904632568359375</ele>
        <time>2026-08-30T23:16:55.000Z</time>
        <extensions>
          <ns3:TrackPointExtension>
            <ns3:hr>135</ns3:hr>
            <ns3:cad>81</ns3:cad>
          </ns3:TrackPointExtension>
        </extensions>
      </trkpt>
      <trkpt lat="23.049843795597553253173828125" lon="113.3139325864613056182861328125">
        <ele>2.599999904632568359375</ele>
        <time>2026-08-30T23:16:56.000Z</time>
        <extensions>
          <ns3:TrackPointExtension>
            <ns3:hr>135</ns3:hr>
            <ns3:cad>81</ns3:cad>
          </ns3:TrackPointExtension>
        </extensions>
      </trkpt>
      <trkpt lat="23.0498463101685047149658203125" lon="113.313949517905712127685546875">
        <ele>2.599999904632568359375</ele>
        <time>2026-08-30T23:16:57.000Z</time>
        <extensions>
          <ns3:TrackPointExtension>
            <ns3:hr>135</ns3:hr>
            <ns3:cad>81</ns3:cad>
          </ns3:TrackPointExtension>
        </extensions>
      </trkpt>
      <trkpt lat="23.0498463101685047149658203125" lon="113.3139768429100513458251953125">
        <ele>2.7999999523162841796875</ele>
        <time>2026-08-30T23:16:58.000Z</time>
        <extensions>
          <ns3:TrackPointExtension>
            <ns3:hr>135</ns3:hr>
            <ns3:cad>81</ns3:cad>
          </ns3:TrackPointExtension>
        </extensions>
      </trkpt>
      <trkpt lat="23.0498456396162509918212890625" lon="113.31400156952440738677978515625">
        <ele>2.7999999523162841796875</ele>
        <time>2026-08-30T23:16:59.000Z</time>
        <extensions>
          <ns3:TrackPointExtension>
            <ns3:hr>135</ns3:hr>
            <ns3:cad>81</ns3:cad>
          </ns3:TrackPointExtension>
        </extensions>
      </trkpt>
      <trkpt lat="23.0498434603214263916015625" lon="113.31402369774878025054931640625">
        <ele>2.7999999523162841796875</ele>
        <time>2026-08-30T23:17:00.000Z</time>
        <extensions>
          <ns3:TrackPointExtension>
            <ns3:hr>135</ns3:hr>
            <ns3:cad>81</ns3:cad>
          </ns3:TrackPointExtension>
        </extensions>
      </trkpt>
      <trkpt lat="23.04984538815915584564208984375" lon="113.31405303440988063812255859375">
        <ele>2.599999904632568359375</ele>
        <time>2026-08-30T23:17:01.000Z</time>
        <extensions>
          <ns3:TrackPointExtension>
            <ns3:hr>135</ns3:hr>
            <ns3:cad>81</ns3:cad>
          </ns3:TrackPointExtension>
        </extensions>
      </trkpt>
      <trkpt lat="23.04984555579721927642822265625" lon="113.31407600082457065582275390625">
        <ele>2.599999904632568359375</ele>
        <time>2026-08-30T23:17:02.000Z</time>
        <extensions>
          <ns3:TrackPointExtension>
            <ns3:hr>135</ns3:hr>
            <ns3:cad>82</ns3:cad>
          </ns3:TrackPointExtension>
        </extensions>
      </trkpt>
      <trkpt lat="23.0498496629297733306884765625" lon="113.31409460864961147308349609375">
        <ele>2.599999904632568359375</ele>
        <time>2026-08-30T23:17:03.000Z</time>
        <extensions>
          <ns3:TrackPointExtension>
            <ns3:hr>135</ns3:hr>
            <ns3:cad>82</ns3:cad>
          </ns3:TrackPointExtension>
        </extensions>
      </trkpt>
      <trkpt lat="23.0498486571013927459716796875" lon="113.31412344239652156829833984375">
        <ele>2.599999904632568359375</ele>
        <time>2026-08-30T23:17:04.000Z</time>
        <extensions>
          <ns3:TrackPointExtension>
            <ns3:hr>135</ns3:hr>
            <ns3:cad>81</ns3:cad>
          </ns3:TrackPointExtension>
        </extensions>
      </trkpt>
      <trkpt lat="23.0498483218252658843994140625" lon="113.314140625298023223876953125">
        <ele>2.599999904632568359375</ele>
        <time>2026-08-30T23:17:05.000Z</time>
        <extensions>
          <ns3:TrackPointExtension>
            <ns3:hr>135</ns3:hr>
            <ns3:cad>81</ns3:cad>
          </ns3:TrackPointExtension>
        </extensions>
      </trkpt>
      <trkpt lat="23.0498523451387882232666015625" lon="113.31416116096079349517822265625">
        <ele>2.7999999523162841796875</ele>
        <time>2026-08-30T23:17:06.000Z</time>
        <extensions>
          <ns3:TrackPointExtension>
            <ns3:hr>135</ns3:hr>
            <ns3:cad>80</ns3:cad>
          </ns3:TrackPointExtension>
        </extensions>
      </trkpt>
      <trkpt lat="23.0498530156910419464111328125" lon="113.31418446265161037445068359375">
        <ele>2.7999999523162841796875</ele>
        <time>2026-08-30T23:17:07.000Z</time>
        <extensions>
          <ns3:TrackPointExtension>
            <ns3:hr>135</ns3:hr>
            <ns3:cad>80</ns3:cad>
          </ns3:TrackPointExtension>
        </extensions>
      </trkpt>
      <trkpt lat="23.04984890855848789215087890625" lon="113.31420206464827060699462890625">
        <ele>2.7999999523162841796875</ele>
        <time>2026-08-30T23:17:08.000Z</time>
        <extensions>
          <ns3:TrackPointExtension>
            <ns3:hr>135</ns3:hr>
            <ns3:cad>80</ns3:cad>
          </ns3:TrackPointExtension>
        </extensions>
      </trkpt>
      <trkpt lat="23.04984815418720245361328125" lon="113.31422251649200916290283203125">
        <ele>2.599999904632568359375</ele>
        <time>2026-08-30T23:17:09.000Z</time>
        <extensions>
          <ns3:TrackPointExtension>
            <ns3:hr>136</ns3:hr>
            <ns3:cad>81</ns3:cad>
          </ns3:TrackPointExtension>
        </extensions>
      </trkpt>
      <trkpt lat="23.04984438233077526092529296875" lon="113.31424715928733348846435546875">
        <ele>2.599999904632568359375</ele>
        <time>2026-08-30T23:17:10.000Z</time>
        <extensions>
          <ns3:TrackPointExtension>
            <ns3:hr>136</ns3:hr>
            <ns3:cad>81</ns3:cad>
          </ns3:TrackPointExtension>
        </extensions>
      </trkpt>
      <trkpt lat="23.04984019137918949127197265625" lon="113.31426610238850116729736328125">
        <ele>2.599999904632568359375</ele>
        <time>2026-08-30T23:17:11.000Z</time>
        <extensions>
          <ns3:TrackPointExtension>
            <ns3:hr>136</ns3:hr>
            <ns3:cad>81</ns3:cad>
          </ns3:TrackPointExtension>
        </extensions>
      </trkpt>
      <trkpt lat="23.04983600042760372161865234375" lon="113.31428839825093746185302734375">
        <ele>2.400000095367431640625</ele>
        <time>2026-08-30T23:17:12.000Z</time>
        <extensions>
          <ns3:TrackPointExtension>
            <ns3:hr>136</ns3:hr>
            <ns3:cad>81</ns3:cad>
          </ns3:TrackPointExtension>
        </extensions>
      </trkpt>
      <trkpt lat="23.04983281530439853668212890625" lon="113.314314968883991241455078125">
        <ele>2.400000095367431640625</ele>
        <time>2026-08-30T23:17:13.000Z</time>
        <extensions>
          <ns3:TrackPointExtension>
            <ns3:hr>137</ns3:hr>
            <ns3:cad>81</ns3:cad>
          </ns3:TrackPointExtension>
        </extensions>
      </trkpt>
      <trkpt lat="23.04983742535114288330078125" lon="113.3143295533955097198486328125">
        <ele>2.400000095367431640625</ele>
        <time>2026-08-30T23:17:14.000Z</time>
        <extensions>
          <ns3:TrackPointExtension>
            <ns3:hr>137</ns3:hr>
            <ns3:cad>81</ns3:cad>
          </ns3:TrackPointExtension>
        </extensions>
      </trkpt>
      <trkpt lat="23.04983432404696941375732421875" lon="113.31435293890535831451416015625">
        <ele>2.400000095367431640625</ele>
        <time>2026-08-30T23:17:15.000Z</time>
        <extensions>
          <ns3:TrackPointExtension>
            <ns3:hr>137</ns3:hr>
            <ns3:cad>81</ns3:cad>
          </ns3:TrackPointExtension>
        </extensions>
      </trkpt>
      <trkpt lat="23.0498362518846988677978515625" lon="113.31437833607196807861328125">
        <ele>2.400000095367431640625</ele>
        <time>2026-08-30T23:17:16.000Z</time>
        <extensions>
          <ns3:TrackPointExtension>
            <ns3:hr>137</ns3:hr>
            <ns3:cad>81</ns3:cad>
          </ns3:TrackPointExtension>
        </extensions>
      </trkpt>
      <trkpt lat="23.0498382635414600372314453125" lon="113.31440121866762638092041015625">
        <ele>2.400000095367431640625</ele>
        <time>2026-08-30T23:17:17.000Z</time>
        <extensions>
          <ns3:TrackPointExtension>
            <ns3:hr>138</ns3:hr>
            <ns3:cad>81</ns3:cad>
          </ns3:TrackPointExtension>
        </extensions>
      </trkpt>
      <trkpt lat="23.04983968846499919891357421875" lon="113.3144331537187099456787109375">
        <ele>2.400000095367431640625</ele>
        <time>2026-08-30T23:17:18.000Z</time>
        <extensions>
          <ns3:TrackPointExtension>
            <ns3:hr>138</ns3:hr>
            <ns3:cad>81</ns3:cad>
          </ns3:TrackPointExtension>
        </extensions>
      </trkpt>
      <trkpt lat="23.049841783940792083740234375" lon="113.31445218063890933990478515625">
        <ele>2.400000095367431640625</ele>
        <time>2026-08-30T23:17:19.000Z</time>
        <extensions>
          <ns3:TrackPointExtension>
            <ns3:hr>138</ns3:hr>
            <ns3:cad>81</ns3:cad>
          </ns3:TrackPointExtension>
        </extensions>
      </trkpt>
      <trkpt lat="23.04984471760690212249755859375" lon="113.31447112374007701873779296875">
        <ele>2.400000095367431640625</ele>
        <time>2026-08-30T23:17:20.000Z</time>
        <extensions>
          <ns3:TrackPointExtension>
            <ns3:hr>137</ns3:hr>
            <ns3:cad>81</ns3:cad>
          </ns3:TrackPointExtension>
        </extensions>
      </trkpt>
      <trkpt lat="23.04984136484563350677490234375" lon="113.31450280733406543731689453125">
        <ele>2.400000095367431640625</ele>
        <time>2026-08-30T23:17:21.000Z</time>
        <extensions>
          <ns3:TrackPointExtension>
            <ns3:hr>138</ns3:hr>
            <ns3:cad>81</ns3:cad>
          </ns3:TrackPointExtension>
        </extensions>
      </trkpt>
      <trkpt lat="23.0498412810266017913818359375" lon="113.314520157873630523681640625">
        <ele>2.599999904632568359375</ele>
        <time>2026-08-30T23:17:22.000Z</time>
        <extensions>
          <ns3:TrackPointExtension>
            <ns3:hr>138</ns3:hr>
            <ns3:cad>81</ns3:cad>
          </ns3:TrackPointExtension>
        </extensions>
      </trkpt>
      <trkpt lat="23.049845136702060699462890625" lon="113.31453884951770305633544921875">
        <ele>2.400000095367431640625</ele>
        <time>2026-08-30T23:17:23.000Z</time>
        <extensions>
          <ns3:TrackPointExtension>
            <ns3:hr>138</ns3:hr>
            <ns3:cad>81</ns3:cad>
          </ns3:TrackPointExtension>
        </extensions>
      </trkpt>
      <trkpt lat="23.04984035901725292205810546875" lon="113.31457120366394519805908203125">
        <ele>2.599999904632568359375</ele>
        <time>2026-08-30T23:17:24.000Z</time>
        <extensions>
          <ns3:TrackPointExtension>
            <ns3:hr>138</ns3:hr>
            <ns3:cad>80</ns3:cad>
          </ns3:TrackPointExtension>
        </extensions>
      </trkpt>
      <trkpt lat="23.04983935318887233734130859375" lon="113.31458310596644878387451171875">
        <ele>2.599999904632568359375</ele>
        <time>2026-08-30T23:17:25.000Z</time>
        <extensions>
          <ns3:TrackPointExtension>
            <ns3:hr>138</ns3:hr>
            <ns3:cad>80</ns3:cad>
          </ns3:TrackPointExtension>
        </extensions>
      </trkpt>
      <trkpt lat="23.04983876645565032958984375" lon="113.3146014623343944549560546875">
        <ele>2.599999904632568359375</ele>
        <time>2026-08-30T23:17:26.000Z</time>
        <extensions>
          <ns3:TrackPointExtension>
            <ns3:hr>137</ns3:hr>
            <ns3:cad>80</ns3:cad>
          </ns3:TrackPointExtension>
        </extensions>
      </trkpt>
      <trkpt lat="23.0498325638473033905029296875" lon="113.31463540904223918914794921875">
        <ele>2.599999904632568359375</ele>
        <time>2026-08-30T23:17:27.000Z</time>
        <extensions>
          <ns3:TrackPointExtension>
            <ns3:hr>138</ns3:hr>
            <ns3:cad>81</ns3:cad>
          </ns3:TrackPointExtension>
        </extensions>
      </trkpt>
      <trkpt lat="23.04983080364763736724853515625" lon="113.31464613787829875946044921875">
        <ele>2.599999904632568359375</ele>
        <time>2026-08-30T23:17:28.000Z</time>
        <extensions>
          <ns3:TrackPointExtension>
            <ns3:hr>138</ns3:hr>
            <ns3:cad>81</ns3:cad>
          </ns3:TrackPointExtension>
        </extensions>
      </trkpt>
      <trkpt lat="23.04983130656182765960693359375" lon="113.3146728761494159698486328125">
        <ele>2.599999904632568359375</ele>
        <time>2026-08-30T23:17:29.000Z</time>
        <extensions>
          <ns3:TrackPointExtension>
            <ns3:hr>137</ns3:hr>
            <ns3:cad>80</ns3:cad>
          </ns3:TrackPointExtension>
        </extensions>
      </trkpt>
      <trkpt lat="23.0498308874666690826416015625" lon="113.3147008717060089111328125">
        <ele>2.599999904632568359375</ele>
        <time>2026-08-30T23:17:30.000Z</time>
        <extensions>
          <ns3:TrackPointExtension>
            <ns3:hr>137</ns3:hr>
            <ns3:cad>80</ns3:cad>
          </ns3:TrackPointExtension>
        </extensions>
      </trkpt>
      <trkpt lat="23.049835078418254852294921875" lon="113.31471755169332027435302734375">
        <ele>2.599999904632568359375</ele>
        <time>2026-08-30T23:17:31.000Z</time>
        <extensions>
          <ns3:TrackPointExtension>
            <ns3:hr>137</ns3:hr>
            <ns3:cad>80</ns3:cad>
          </ns3:TrackPointExtension>
        </extensions>
      </trkpt>
      <trkpt lat="23.04983532987534999847412109375" lon="113.31474169157445430755615234375">
        <ele>2.599999904632568359375</ele>
        <time>2026-08-30T23:17:32.000Z</time>
        <extensions>
          <ns3:TrackPointExtension>
            <ns3:hr>137</ns3:hr>
            <ns3:cad>81</ns3:cad>
          </ns3:TrackPointExtension>
        </extensions>
      </trkpt>
      <trkpt lat="23.0498308874666690826416015625" lon="113.314766921103000640869140625">
        <ele>2.7999999523162841796875</ele>
        <time>2026-08-30T23:17:33.000Z</time>
        <extensions>
          <ns3:TrackPointExtension>
            <ns3:hr>138</ns3:hr>
            <ns3:cad>81</ns3:cad>
          </ns3:TrackPointExtension>
        </extensions>
      </trkpt>
      <trkpt lat="23.04983499459922313690185546875" lon="113.31478812731802463531494140625">
        <ele>2.599999904632568359375</ele>
        <time>2026-08-30T23:17:34.000Z</time>
        <extensions>
          <ns3:TrackPointExtension>
            <ns3:hr>138</ns3:hr>
            <ns3:cad>81</ns3:cad>
          </ns3:TrackPointExtension>
        </extensions>
      </trkpt>
      <trkpt lat="23.0498339049518108367919921875" lon="113.31481796689331531524658203125">
        <ele>2.599999904632568359375</ele>
        <time>2026-08-30T23:17:35.000Z</time>
        <extensions>
          <ns3:TrackPointExtension>
            <ns3:hr>138</ns3:hr>
            <ns3:cad>80</ns3:cad>
          </ns3:TrackPointExtension>
        </extensions>
      </trkpt>
      <trkpt lat="23.04983197711408138275146484375" lon="113.31484344787895679473876953125">
        <ele>2.400000095367431640625</ele>
        <time>2026-08-30T23:17:36.000Z</time>
        <extensions>
          <ns3:TrackPointExtension>
            <ns3:hr>137</ns3:hr>
            <ns3:cad>80</ns3:cad>
          </ns3:TrackPointExtension>
        </extensions>
      </trkpt>
      <trkpt lat="23.04982862435281276702880859375" lon="113.31486892886459827423095703125">
        <ele>2.599999904632568359375</ele>
        <time>2026-08-30T23:17:37.000Z</time>
        <extensions>
          <ns3:TrackPointExtension>
            <ns3:hr>137</ns3:hr>
            <ns3:cad>80</ns3:cad>
          </ns3:TrackPointExtension>
        </extensions>
      </trkpt>
      <trkpt lat="23.0498300492763519287109375" lon="113.31489273346960544586181640625">
        <ele>2.599999904632568359375</ele>
        <time>2026-08-30T23:17:38.000Z</time>
        <extensions>
          <ns3:TrackPointExtension>
            <ns3:hr>137</ns3:hr>
            <ns3:cad>81</ns3:cad>
          </ns3:TrackPointExtension>
        </extensions>
      </trkpt>
      <trkpt lat="23.04982937872409820556640625" lon="113.31491536460816860198974609375">
        <ele>2.7999999523162841796875</ele>
        <time>2026-08-30T23:17:39.000Z</time>
        <extensions>
          <ns3:TrackPointExtension>
            <ns3:hr>137</ns3:hr>
            <ns3:cad>81</ns3:cad>
          </ns3:TrackPointExtension>
        </extensions>
      </trkpt>
      <trkpt lat="23.04983071982860565185546875" lon="113.31493430770933628082275390625">
        <ele>2.7999999523162841796875</ele>
        <time>2026-08-30T23:17:40.000Z</time>
        <extensions>
          <ns3:TrackPointExtension>
            <ns3:hr>137</ns3:hr>
            <ns3:cad>82</ns3:cad>
          </ns3:TrackPointExtension>
        </extensions>
      </trkpt>
      <trkpt lat="23.0498302169144153594970703125" lon="113.3149561844766139984130859375">
        <ele>2.7999999523162841796875</ele>
        <time>2026-08-30T23:17:41.000Z</time>
        <extensions>
          <ns3:TrackPointExtension>
            <ns3:hr>137</ns3:hr>
            <ns3:cad>82</ns3:cad>
          </ns3:TrackPointExtension>
        </extensions>
      </trkpt>
      <trkpt lat="23.0498318932950496673583984375" lon="113.3149742893874645233154296875">
        <ele>2.599999904632568359375</ele>
        <time>2026-08-30T23:17:42.000Z</time>
        <extensions>
          <ns3:TrackPointExtension>
            <ns3:hr>137</ns3:hr>
            <ns3:cad>82</ns3:cad>
          </ns3:TrackPointExtension>
        </extensions>
      </trkpt>
      <trkpt lat="23.04983465932309627532958984375" lon="113.3150012791156768798828125">
        <ele>2.400000095367431640625</ele>
        <time>2026-08-30T23:17:43.000Z</time>
        <extensions>
          <ns3:TrackPointExtension>
            <ns3:hr>137</ns3:hr>
            <ns3:cad>82</ns3:cad>
          </ns3:TrackPointExtension>
        </extensions>
      </trkpt>
      <trkpt lat="23.04983013309538364410400390625" lon="113.31502315588295459747314453125">
        <ele>2.400000095367431640625</ele>
        <time>2026-08-30T23:17:44.000Z</time>
        <extensions>
          <ns3:TrackPointExtension>
            <ns3:hr>136</ns3:hr>
            <ns3:cad>82</ns3:cad>
          </ns3:TrackPointExtension>
        </extensions>
      </trkpt>
      <trkpt lat="23.0498292110860347747802734375" lon="113.3150400035083293914794921875">
        <ele>2.400000095367431640625</ele>
        <time>2026-08-30T23:17:45.000Z</time>
        <extensions>
          <ns3:TrackPointExtension>
            <ns3:hr>137</ns3:hr>
            <ns3:cad>82</ns3:cad>
          </ns3:TrackPointExtension>
        </extensions>
      </trkpt>
      <trkpt lat="23.04982041008770465850830078125" lon="113.31506389193236827850341796875">
        <ele>2.400000095367431640625</ele>
        <time>2026-08-30T23:17:46.000Z</time>
        <extensions>
          <ns3:TrackPointExtension>
            <ns3:hr>137</ns3:hr>
            <ns3:cad>80</ns3:cad>
          </ns3:TrackPointExtension>
        </extensions>
      </trkpt>
      <trkpt lat="23.04981420747935771942138671875" lon="113.3150882832705974578857421875">
        <ele>2.400000095367431640625</ele>
        <time>2026-08-30T23:17:47.000Z</time>
        <extensions>
          <ns3:TrackPointExtension>
            <ns3:hr>136</ns3:hr>
            <ns3:cad>80</ns3:cad>
          </ns3:TrackPointExtension>
        </extensions>
      </trkpt>
      <trkpt lat="23.04981487803161144256591796875" lon="113.3151090703904628753662109375">
        <ele>2.400000095367431640625</ele>
        <time>2026-08-30T23:17:48.000Z</time>
        <extensions>
          <ns3:TrackPointExtension>
            <ns3:hr>137</ns3:hr>
            <ns3:cad>80</ns3:cad>
          </ns3:TrackPointExtension>
        </extensions>
      </trkpt>
      <trkpt lat="23.04981152527034282684326171875" lon="113.31514318473637104034423828125">
        <ele>2.400000095367431640625</ele>
        <time>2026-08-30T23:17:49.000Z</time>
        <extensions>
          <ns3:TrackPointExtension>
            <ns3:hr>136</ns3:hr>
            <ns3:cad>81</ns3:cad>
          </ns3:TrackPointExtension>
        </extensions>
      </trkpt>
      <trkpt lat="23.049809932708740234375" lon="113.31516564823687076568603515625">
        <ele>2.599999904632568359375</ele>
        <time>2026-08-30T23:17:50.000Z</time>
        <extensions>
          <ns3:TrackPointExtension>
            <ns3:hr>136</ns3:hr>
            <ns3:cad>81</ns3:cad>
          </ns3:TrackPointExtension>
        </extensions>
      </trkpt>
      <trkpt lat="23.049819655716419219970703125" lon="113.31519012339413166046142578125">
        <ele>2.599999904632568359375</ele>
        <time>2026-08-30T23:17:51.000Z</time>
        <extensions>
          <ns3:TrackPointExtension>
            <ns3:hr>136</ns3:hr>
            <ns3:cad>81</ns3:cad>
          </ns3:TrackPointExtension>
        </extensions>
      </trkpt>
      <trkpt lat="23.04982443340122699737548828125" lon="113.31522113643586635589599609375">
        <ele>2.599999904632568359375</ele>
        <time>2026-08-30T23:17:52.000Z</time>
        <extensions>
          <ns3:TrackPointExtension>
            <ns3:hr>136</ns3:hr>
            <ns3:cad>81</ns3:cad>
          </ns3:TrackPointExtension>
        </extensions>
      </trkpt>
      <trkpt lat="23.04982678033411502838134765625" lon="113.3152341283857822418212890625">
        <ele>2.599999904632568359375</ele>
        <time>2026-08-30T23:17:53.000Z</time>
        <extensions>
          <ns3:TrackPointExtension>
            <ns3:hr>136</ns3:hr>
            <ns3:cad>80</ns3:cad>
          </ns3:TrackPointExtension>
        </extensions>
      </trkpt>
      <trkpt lat="23.0498322285711765289306640625" lon="113.31525768153369426727294921875">
        <ele>2.599999904632568359375</ele>
        <time>2026-08-30T23:17:54.000Z</time>
        <extensions>
          <ns3:TrackPointExtension>
            <ns3:hr>135</ns3:hr>
            <ns3:cad>80</ns3:cad>
          </ns3:TrackPointExtension>
        </extensions>
      </trkpt>
      <trkpt lat="23.04982895962893962860107421875" lon="113.3152874372899532318115234375">
        <ele>2.599999904632568359375</ele>
        <time>2026-08-30T23:17:55.000Z</time>
        <extensions>
          <ns3:TrackPointExtension>
            <ns3:hr>135</ns3:hr>
            <ns3:cad>80</ns3:cad>
          </ns3:TrackPointExtension>
        </extensions>
      </trkpt>
      <trkpt lat="23.0498312227427959442138671875" lon="113.3153072185814380645751953125">
        <ele>2.599999904632568359375</ele>
        <time>2026-08-30T23:17:56.000Z</time>
        <extensions>
          <ns3:TrackPointExtension>
            <ns3:hr>134</ns3:hr>
            <ns3:cad>81</ns3:cad>
          </ns3:TrackPointExtension>
        </extensions>
      </trkpt>
      <trkpt lat="23.04983340203762054443359375" lon="113.31533881835639476776123046875">
        <ele>2.599999904632568359375</ele>
        <time>2026-08-30T23:17:57.000Z</time>
        <extensions>
          <ns3:TrackPointExtension>
            <ns3:hr>134</ns3:hr>
            <ns3:cad>81</ns3:cad>
          </ns3:TrackPointExtension>
        </extensions>
      </trkpt>
      <trkpt lat="23.0498318932950496673583984375" lon="113.31536538898944854736328125">
        <ele>2.599999904632568359375</ele>
        <time>2026-08-30T23:17:58.000Z</time>
        <extensions>
          <ns3:TrackPointExtension>
            <ns3:hr>134</ns3:hr>
            <ns3:cad>81</ns3:cad>
          </ns3:TrackPointExtension>
        </extensions>
      </trkpt>
      <trkpt lat="23.04983331821858882904052734375" lon="113.31538391299545764923095703125">
        <ele>2.400000095367431640625</ele>
        <time>2026-08-30T23:17:59.000Z</time>
        <extensions>
          <ns3:TrackPointExtension>
            <ns3:hr>134</ns3:hr>
            <ns3:cad>81</ns3:cad>
          </ns3:TrackPointExtension>
        </extensions>
      </trkpt>
      <trkpt lat="23.0498339049518108367919921875" lon="113.315414674580097198486328125">
        <ele>2.400000095367431640625</ele>
        <time>2026-08-30T23:18:00.000Z</time>
        <extensions>
          <ns3:TrackPointExtension>
            <ns3:hr>134</ns3:hr>
            <ns3:cad>81</ns3:cad>
          </ns3:TrackPointExtension>
        </extensions>
      </trkpt>
      <trkpt lat="23.0498369224369525909423828125" lon="113.315437138080596923828125">
        <ele>2.400000095367431640625</ele>
        <time>2026-08-30T23:18:01.000Z</time>
        <extensions>
          <ns3:TrackPointExtension>
            <ns3:hr>133</ns3:hr>
            <ns3:cad>82</ns3:cad>
          </ns3:TrackPointExtension>
        </extensions>
      </trkpt>
      <trkpt lat="23.0498436279594898223876953125" lon="113.31545968540012836456298828125">
        <ele>2.400000095367431640625</ele>
        <time>2026-08-30T23:18:02.000Z</time>
        <extensions>
          <ns3:TrackPointExtension>
            <ns3:hr>133</ns3:hr>
            <ns3:cad>82</ns3:cad>
          </ns3:TrackPointExtension>
        </extensions>
      </trkpt>
      <trkpt lat="23.049847148358821868896484375" lon="113.3154867589473724365234375">
        <ele>2.400000095367431640625</ele>
        <time>2026-08-30T23:18:03.000Z</time>
        <extensions>
          <ns3:TrackPointExtension>
            <ns3:hr>133</ns3:hr>
            <ns3:cad>80</ns3:cad>
          </ns3:TrackPointExtension>
        </extensions>
      </trkpt>
      <trkpt lat="23.04984547197818756103515625" lon="113.31550276838243007659912109375">
        <ele>2.400000095367431640625</ele>
        <time>2026-08-30T23:18:04.000Z</time>
        <extensions>
          <ns3:TrackPointExtension>
            <ns3:hr>133</ns3:hr>
            <ns3:cad>80</ns3:cad>
          </ns3:TrackPointExtension>
        </extensions>
      </trkpt>
      <trkpt lat="23.049852512776851654052734375" lon="113.31552556715905666351318359375">
        <ele>2.400000095367431640625</ele>
        <time>2026-08-30T23:18:05.000Z</time>
        <extensions>
          <ns3:TrackPointExtension>
            <ns3:hr>133</ns3:hr>
            <ns3:cad>81</ns3:cad>
          </ns3:TrackPointExtension>
        </extensions>
      </trkpt>
      <trkpt lat="23.04985796101391315460205078125" lon="113.315550126135349273681640625">
        <ele>2.400000095367431640625</ele>
        <time>2026-08-30T23:18:06.000Z</time>
        <extensions>
          <ns3:TrackPointExtension>
            <ns3:hr>132</ns3:hr>
            <ns3:cad>81</ns3:cad>
          </ns3:TrackPointExtension>
        </extensions>
      </trkpt>
      <trkpt lat="23.0498573742806911468505859375" lon="113.3155603520572185516357421875">
        <ele>2.400000095367431640625</ele>
        <time>2026-08-30T23:18:07.000Z</time>
        <extensions>
          <ns3:TrackPointExtension>
            <ns3:hr>132</ns3:hr>
            <ns3:cad>81</ns3:cad>
          </ns3:TrackPointExtension>
        </extensions>
      </trkpt>
      <trkpt lat="23.04986047558486461639404296875" lon="113.31558055244386196136474609375">
        <ele>2.400000095367431640625</ele>
        <time>2026-08-30T23:18:08.000Z</time>
        <extensions>
          <ns3:TrackPointExtension>
            <ns3:hr>132</ns3:hr>
            <ns3:cad>81</ns3:cad>
          </ns3:TrackPointExtension>
        </extensions>
      </trkpt>
      <trkpt lat="23.0498568713665008544921875" lon="113.3156049437820911407470703125">
        <ele>2.400000095367431640625</ele>
        <time>2026-08-30T23:18:09.000Z</time>
        <extensions>
          <ns3:TrackPointExtension>
            <ns3:hr>133</ns3:hr>
            <ns3:cad>81</ns3:cad>
          </ns3:TrackPointExtension>
        </extensions>
      </trkpt>
      <trkpt lat="23.04985946975648403167724609375" lon="113.31562195904552936553955078125">
        <ele>2.599999904632568359375</ele>
        <time>2026-08-30T23:18:10.000Z</time>
        <extensions>
          <ns3:TrackPointExtension>
            <ns3:hr>133</ns3:hr>
            <ns3:cad>80</ns3:cad>
          </ns3:TrackPointExtension>
        </extensions>
      </trkpt>
      <trkpt lat="23.04985888302326202392578125" lon="113.3156455121934413909912109375">
        <ele>2.599999904632568359375</ele>
        <time>2026-08-30T23:18:11.000Z</time>
        <extensions>
          <ns3:TrackPointExtension>
            <ns3:hr>133</ns3:hr>
            <ns3:cad>80</ns3:cad>
          </ns3:TrackPointExtension>
        </extensions>
      </trkpt>
      <trkpt lat="23.0498543567955493927001953125" lon="113.31567359156906604766845703125">
        <ele>2.599999904632568359375</ele>
        <time>2026-08-30T23:18:12.000Z</time>
        <extensions>
          <ns3:TrackPointExtension>
            <ns3:hr>134</ns3:hr>
            <ns3:cad>80</ns3:cad>
          </ns3:TrackPointExtension>
        </extensions>
      </trkpt>
      <trkpt lat="23.04985477589070796966552734375" lon="113.3156917802989482879638671875">
        <ele>2.599999904632568359375</ele>
        <time>2026-08-30T23:18:13.000Z</time>
        <extensions>
          <ns3:TrackPointExtension>
            <ns3:hr>134</ns3:hr>
            <ns3:cad>81</ns3:cad>
          </ns3:TrackPointExtension>
        </extensions>
      </trkpt>
      <trkpt lat="23.04985226131975650787353515625" lon="113.3157196082174777984619140625">
        <ele>2.400000095367431640625</ele>
        <time>2026-08-30T23:18:14.000Z</time>
        <extensions>
          <ns3:TrackPointExtension>
            <ns3:hr>134</ns3:hr>
            <ns3:cad>81</ns3:cad>
          </ns3:TrackPointExtension>
        </extensions>
      </trkpt>
      <trkpt lat="23.04985024966299533843994140625" lon="113.31574098207056522369384765625">
        <ele>2.400000095367431640625</ele>
        <time>2026-08-30T23:18:15.000Z</time>
        <extensions>
          <ns3:TrackPointExtension>
            <ns3:hr>135</ns3:hr>
            <ns3:cad>80</ns3:cad>
          </ns3:TrackPointExtension>
        </extensions>
      </trkpt>
      <trkpt lat="23.04985159076750278472900390625" lon="113.3157558180391788482666015625">
        <ele>2.400000095367431640625</ele>
        <time>2026-08-30T23:18:16.000Z</time>
        <extensions>
          <ns3:TrackPointExtension>
            <ns3:hr>135</ns3:hr>
            <ns3:cad>80</ns3:cad>
          </ns3:TrackPointExtension>
        </extensions>
      </trkpt>
      <trkpt lat="23.0498515069484710693359375" lon="113.31578649580478668212890625">
        <ele>2.400000095367431640625</ele>
        <time>2026-08-30T23:18:17.000Z</time>
        <extensions>
          <ns3:TrackPointExtension>
            <ns3:hr>135</ns3:hr>
            <ns3:cad>80</ns3:cad>
          </ns3:TrackPointExtension>
        </extensions>
      </trkpt>
      <trkpt lat="23.04985142312943935394287109375" lon="113.31580351106822490692138671875">
        <ele>2.400000095367431640625</ele>
        <time>2026-08-30T23:18:18.000Z</time>
        <extensions>
          <ns3:TrackPointExtension>
            <ns3:hr>136</ns3:hr>
            <ns3:cad>81</ns3:cad>
          </ns3:TrackPointExtension>
        </extensions>
      </trkpt>
      <trkpt lat="23.0498587153851985931396484375" lon="113.31582765094935894012451171875">
        <ele>2.400000095367431640625</ele>
        <time>2026-08-30T23:18:19.000Z</time>
        <extensions>
          <ns3:TrackPointExtension>
            <ns3:hr>136</ns3:hr>
            <ns3:cad>81</ns3:cad>
          </ns3:TrackPointExtension>
        </extensions>
      </trkpt>
      <trkpt lat="23.0498607270419597625732421875" lon="113.3158624358475208282470703125">
        <ele>2.400000095367431640625</ele>
        <time>2026-08-30T23:18:20.000Z</time>
        <extensions>
          <ns3:TrackPointExtension>
            <ns3:hr>136</ns3:hr>
            <ns3:cad>81</ns3:cad>
          </ns3:TrackPointExtension>
        </extensions>
      </trkpt>
      <trkpt lat="23.04986617527902126312255859375" lon="113.31588196568191051483154296875">
        <ele>2.400000095367431640625</ele>
        <time>2026-08-30T23:18:21.000Z</time>
        <extensions>
          <ns3:TrackPointExtension>
            <ns3:hr>137</ns3:hr>
            <ns3:cad>80</ns3:cad>
          </ns3:TrackPointExtension>
        </extensions>
      </trkpt>
      <trkpt lat="23.04987363517284393310546875" lon="113.315908201038837432861328125">
        <ele>2.400000095367431640625</ele>
        <time>2026-08-30T23:18:22.000Z</time>
        <extensions>
          <ns3:TrackPointExtension>
            <ns3:hr>137</ns3:hr>
            <ns3:cad>80</ns3:cad>
          </ns3:TrackPointExtension>
        </extensions>
      </trkpt>
      <trkpt lat="23.0498727969825267791748046875" lon="113.31593661569058895111083984375">
        <ele>2.400000095367431640625</ele>
        <time>2026-08-30T23:18:23.000Z</time>
        <extensions>
          <ns3:TrackPointExtension>
            <ns3:hr>137</ns3:hr>
            <ns3:cad>81</ns3:cad>
          </ns3:TrackPointExtension>
        </extensions>
      </trkpt>
      <trkpt lat="23.04987556301057338714599609375" lon="113.315956480801105499267578125">
        <ele>2.400000095367431640625</ele>
        <time>2026-08-30T23:18:24.000Z</time>
        <extensions>
          <ns3:TrackPointExtension>
            <ns3:hr>137</ns3:hr>
            <ns3:cad>81</ns3:cad>
          </ns3:TrackPointExtension>
        </extensions>
      </trkpt>
      <trkpt lat="23.04987673647701740264892578125" lon="113.31598774529993534088134765625">
        <ele>2.599999904632568359375</ele>
        <time>2026-08-30T23:18:25.000Z</time>
        <extensions>
          <ns3:TrackPointExtension>
            <ns3:hr>136</ns3:hr>
            <ns3:cad>82</ns3:cad>
          </ns3:TrackPointExtension>
        </extensions>
      </trkpt>
      <trkpt lat="23.04987321607768535614013671875" lon="113.31601657904684543609619140625">
        <ele>2.599999904632568359375</ele>
        <time>2026-08-30T23:18:26.000Z</time>
        <extensions>
          <ns3:TrackPointExtension>
            <ns3:hr>137</ns3:hr>
            <ns3:cad>82</ns3:cad>
          </ns3:TrackPointExtension>
        </extensions>
      </trkpt>
      <trkpt lat="23.04988226853311061859130859375" lon="113.31603552214801311492919921875">
        <ele>2.400000095367431640625</ele>
        <time>2026-08-30T23:18:27.000Z</time>
        <extensions>
          <ns3:TrackPointExtension>
            <ns3:hr>137</ns3:hr>
            <ns3:cad>81</ns3:cad>
          </ns3:TrackPointExtension>
        </extensions>
      </trkpt>
      <trkpt lat="23.049884028732776641845703125" lon="113.31606720574200153350830078125">
        <ele>2.400000095367431640625</ele>
        <time>2026-08-30T23:18:28.000Z</time>
        <extensions>
          <ns3:TrackPointExtension>
            <ns3:hr>137</ns3:hr>
            <ns3:cad>81</ns3:cad>
          </ns3:TrackPointExtension>
        </extensions>
      </trkpt>
      <trkpt lat="23.0498862080276012420654296875" lon="113.31608556210994720458984375">
        <ele>2.400000095367431640625</ele>
        <time>2026-08-30T23:18:29.000Z</time>
        <extensions>
          <ns3:TrackPointExtension>
            <ns3:hr>137</ns3:hr>
            <ns3:cad>81</ns3:cad>
          </ns3:TrackPointExtension>
        </extensions>
      </trkpt>
      <trkpt lat="23.0498935841023921966552734375" lon="113.31610609777271747589111328125">
        <ele>2.400000095367431640625</ele>
        <time>2026-08-30T23:18:30.000Z</time>
        <extensions>
          <ns3:TrackPointExtension>
            <ns3:hr>137</ns3:hr>
            <ns3:cad>81</ns3:cad>
          </ns3:TrackPointExtension>
        </extensions>
      </trkpt>
      <trkpt lat="23.04989366792142391204833984375" lon="113.316136188805103302001953125">
        <ele>2.400000095367431640625</ele>
        <time>2026-08-30T23:18:31.000Z</time>
        <extensions>
          <ns3:TrackPointExtension>
            <ns3:hr>137</ns3:hr>
            <ns3:cad>81</ns3:cad>
          </ns3:TrackPointExtension>
        </extensions>
      </trkpt>
      <trkpt lat="23.04989215917885303497314453125" lon="113.31615169532597064971923828125">
        <ele>2.599999904632568359375</ele>
        <time>2026-08-30T23:18:32.000Z</time>
        <extensions>
          <ns3:TrackPointExtension>
            <ns3:hr>137</ns3:hr>
            <ns3:cad>81</ns3:cad>
          </ns3:TrackPointExtension>
        </extensions>
      </trkpt>
      <trkpt lat="23.04989567957818508148193359375" lon="113.3161749131977558135986328125">
        <ele>2.599999904632568359375</ele>
        <time>2026-08-30T23:18:33.000Z</time>
        <extensions>
          <ns3:TrackPointExtension>
            <ns3:hr>136</ns3:hr>
            <ns3:cad>81</ns3:cad>
          </ns3:TrackPointExtension>
        </extensions>
      </trkpt>
      <trkpt lat="23.04989031516015529632568359375" lon="113.31620601005852222442626953125">
        <ele>2.599999904632568359375</ele>
        <time>2026-08-30T23:18:34.000Z</time>
        <extensions>
          <ns3:TrackPointExtension>
            <ns3:hr>137</ns3:hr>
            <ns3:cad>81</ns3:cad>
          </ns3:TrackPointExtension>
        </extensions>
      </trkpt>
      <trkpt lat="23.0498882196843624114990234375" lon="113.31622042693197727203369140625">
        <ele>2.599999904632568359375</ele>
        <time>2026-08-30T23:18:35.000Z</time>
        <extensions>
          <ns3:TrackPointExtension>
            <ns3:hr>137</ns3:hr>
            <ns3:cad>81</ns3:cad>
          </ns3:TrackPointExtension>
        </extensions>
      </trkpt>
      <trkpt lat="23.049881346523761749267578125" lon="113.31624825485050678253173828125">
        <ele>2.599999904632568359375</ele>
        <time>2026-08-30T23:18:36.000Z</time>
        <extensions>
          <ns3:TrackPointExtension>
            <ns3:hr>136</ns3:hr>
            <ns3:cad>81</ns3:cad>
          </ns3:TrackPointExtension>
        </extensions>
      </trkpt>
      <trkpt lat="23.04987371899187564849853515625" lon="113.316271640360355377197265625">
        <ele>2.599999904632568359375</ele>
        <time>2026-08-30T23:18:37.000Z</time>
        <extensions>
          <ns3:TrackPointExtension>
            <ns3:hr>137</ns3:hr>
            <ns3:cad>81</ns3:cad>
          </ns3:TrackPointExtension>
        </extensions>
      </trkpt>
      <trkpt lat="23.04987229406833648681640625" lon="113.31629133783280849456787109375">
        <ele>2.599999904632568359375</ele>
        <time>2026-08-30T23:18:38.000Z</time>
        <extensions>
          <ns3:TrackPointExtension>
            <ns3:hr>137</ns3:hr>
            <ns3:cad>81</ns3:cad>
          </ns3:TrackPointExtension>
        </extensions>
      </trkpt>
      <trkpt lat="23.04985745809972286224365234375" lon="113.31631480716168880462646484375">
        <ele>2.400000095367431640625</ele>
        <time>2026-08-30T23:18:39.000Z</time>
        <extensions>
          <ns3:TrackPointExtension>
            <ns3:hr>136</ns3:hr>
            <ns3:cad>81</ns3:cad>
          </ns3:TrackPointExtension>
        </extensions>
      </trkpt>
      <trkpt lat="23.0498456396162509918212890625" lon="113.31633173860609531402587890625">
        <ele>2.400000095367431640625</ele>
        <time>2026-08-30T23:18:40.000Z</time>
        <extensions>
          <ns3:TrackPointExtension>
            <ns3:hr>136</ns3:hr>
            <ns3:cad>81</ns3:cad>
          </ns3:TrackPointExtension>
        </extensions>
      </trkpt>
      <trkpt lat="23.04983432404696941375732421875" lon="113.31635110080242156982421875">
        <ele>2.2000000476837158203125</ele>
        <time>2026-08-30T23:18:41.000Z</time>
        <extensions>
          <ns3:TrackPointExtension>
            <ns3:hr>136</ns3:hr>
            <ns3:cad>81</ns3:cad>
          </ns3:TrackPointExtension>
        </extensions>
      </trkpt>
      <trkpt lat="23.04981035180389881134033203125" lon="113.3163730613887310028076171875">
        <ele>2.2000000476837158203125</ele>
        <time>2026-08-30T23:18:42.000Z</time>
        <extensions>
          <ns3:TrackPointExtension>
            <ns3:hr>136</ns3:hr>
            <ns3:cad>81</ns3:cad>
          </ns3:TrackPointExtension>
        </extensions>
      </trkpt>
      <trkpt lat="23.0497946776449680328369140625" lon="113.31638370640575885772705078125">
        <ele>2.2000000476837158203125</ele>
        <time>2026-08-30T23:18:43.000Z</time>
        <extensions>
          <ns3:TrackPointExtension>
            <ns3:hr>137</ns3:hr>
            <ns3:cad>81</ns3:cad>
          </ns3:TrackPointExtension>
        </extensions>
      </trkpt>
      <trkpt lat="23.04978168569505214691162109375" lon="113.31639544107019901275634765625">
        <ele>2.400000095367431640625</ele>
        <time>2026-08-30T23:18:44.000Z</time>
        <extensions>
          <ns3:TrackPointExtension>
            <ns3:hr>137</ns3:hr>
            <ns3:cad>80</ns3:cad>
          </ns3:TrackPointExtension>
        </extensions>
      </trkpt>
      <trkpt lat="23.0497551150619983673095703125" lon="113.3164079301059246063232421875">
        <ele>2.400000095367431640625</ele>
        <time>2026-08-30T23:18:45.000Z</time>
        <extensions>
          <ns3:TrackPointExtension>
            <ns3:hr>137</ns3:hr>
            <ns3:cad>80</ns3:cad>
          </ns3:TrackPointExtension>
        </extensions>
      </trkpt>
      <trkpt lat="23.04973642341792583465576171875" lon="113.3164136298000812530517578125">
        <ele>2.400000095367431640625</ele>
        <time>2026-08-30T23:18:46.000Z</time>
        <extensions>
          <ns3:TrackPointExtension>
            <ns3:hr>136</ns3:hr>
            <ns3:cad>80</ns3:cad>
          </ns3:TrackPointExtension>
        </extensions>
      </trkpt>
      <trkpt lat="23.0497173964977264404296875" lon="113.31642796285450458526611328125">
        <ele>2.400000095367431640625</ele>
        <time>2026-08-30T23:18:47.000Z</time>
        <extensions>
          <ns3:TrackPointExtension>
            <ns3:hr>137</ns3:hr>
            <ns3:cad>81</ns3:cad>
          </ns3:TrackPointExtension>
        </extensions>
      </trkpt>
      <trkpt lat="23.049689568579196929931640625" lon="113.3164206705987453460693359375">
        <ele>2.400000095367431640625</ele>
        <time>2026-08-30T23:18:48.000Z</time>
        <extensions>
          <ns3:TrackPointExtension>
            <ns3:hr>137</ns3:hr>
            <ns3:cad>81</ns3:cad>
          </ns3:TrackPointExtension>
        </extensions>
      </trkpt>
      <trkpt lat="23.04967288859188556671142578125" lon="113.316425196826457977294921875">
        <ele>2.400000095367431640625</ele>
        <time>2026-08-30T23:18:49.000Z</time>
        <extensions>
          <ns3:TrackPointExtension>
            <ns3:hr>137</ns3:hr>
            <ns3:cad>81</ns3:cad>
          </ns3:TrackPointExtension>
        </extensions>
      </trkpt>
      <trkpt lat="23.04964832961559295654296875" lon="113.31642880104482173919677734375">
        <ele>2.400000095367431640625</ele>
        <time>2026-08-30T23:18:50.000Z</time>
        <extensions>
          <ns3:TrackPointExtension>
            <ns3:hr>137</ns3:hr>
            <ns3:cad>81</ns3:cad>
          </ns3:TrackPointExtension>
        </extensions>
      </trkpt>
      <trkpt lat="23.04962594993412494659423828125" lon="113.31642511300742626190185546875">
        <ele>2.400000095367431640625</ele>
        <time>2026-08-30T23:18:51.000Z</time>
        <extensions>
          <ns3:TrackPointExtension>
            <ns3:hr>138</ns3:hr>
            <ns3:cad>81</ns3:cad>
          </ns3:TrackPointExtension>
        </extensions>
      </trkpt>
      <trkpt lat="23.04960935376584529876708984375" lon="113.31643248908221721649169921875">
        <ele>2.400000095367431640625</ele>
        <time>2026-08-30T23:18:52.000Z</time>
        <extensions>
          <ns3:TrackPointExtension>
            <ns3:hr>137</ns3:hr>
            <ns3:cad>81</ns3:cad>
          </ns3:TrackPointExtension>
        </extensions>
      </trkpt>
      <trkpt lat="23.0495831184089183807373046875" lon="113.31643835641443729400634765625">
        <ele>2.400000095367431640625</ele>
        <time>2026-08-30T23:18:53.000Z</time>
        <extensions>
          <ns3:TrackPointExtension>
            <ns3:hr>138</ns3:hr>
            <ns3:cad>81</ns3:cad>
          </ns3:TrackPointExtension>
        </extensions>
      </trkpt>
      <trkpt lat="23.04956308566033840179443359375" lon="113.31644036807119846343994140625">
        <ele>2.400000095367431640625</ele>
        <time>2026-08-30T23:18:54.000Z</time>
        <extensions>
          <ns3:TrackPointExtension>
            <ns3:hr>138</ns3:hr>
            <ns3:cad>81</ns3:cad>
          </ns3:TrackPointExtension>
        </extensions>
      </trkpt>
      <trkpt lat="23.04954749532043933868408203125" lon="113.316451013088226318359375">
        <ele>2.400000095367431640625</ele>
        <time>2026-08-30T23:18:55.000Z</time>
        <extensions>
          <ns3:TrackPointExtension>
            <ns3:hr>138</ns3:hr>
            <ns3:cad>81</ns3:cad>
          </ns3:TrackPointExtension>
        </extensions>
      </trkpt>
      <trkpt lat="23.0495242774486541748046875" lon="113.3164672739803791046142578125">
        <ele>2.400000095367431640625</ele>
        <time>2026-08-30T23:18:56.000Z</time>
        <extensions>
          <ns3:TrackPointExtension>
            <ns3:hr>138</ns3:hr>
            <ns3:cad>81</ns3:cad>
          </ns3:TrackPointExtension>
        </extensions>
      </trkpt>
      <trkpt lat="23.049512542784214019775390625" lon="113.31647691316902637481689453125">
        <ele>2.400000095367431640625</ele>
        <time>2026-08-30T23:18:57.000Z</time>
        <extensions>
          <ns3:TrackPointExtension>
            <ns3:hr>138</ns3:hr>
            <ns3:cad>80</ns3:cad>
          </ns3:TrackPointExtension>
        </extensions>
      </trkpt>
      <trkpt lat="23.04950374178588390350341796875" lon="113.316493593156337738037109375">
        <ele>2.400000095367431640625</ele>
        <time>2026-08-30T23:18:58.000Z</time>
        <extensions>
          <ns3:TrackPointExtension>
            <ns3:hr>138</ns3:hr>
            <ns3:cad>80</ns3:cad>
          </ns3:TrackPointExtension>
        </extensions>
      </trkpt>
      <trkpt lat="23.0494902469217777252197265625" lon="113.31651731394231319427490234375">
        <ele>2.400000095367431640625</ele>
        <time>2026-08-30T23:18:59.000Z</time>
        <extensions>
          <ns3:TrackPointExtension>
            <ns3:hr>138</ns3:hr>
            <ns3:cad>80</ns3:cad>
          </ns3:TrackPointExtension>
        </extensions>
      </trkpt>
      <trkpt lat="23.04948613978922367095947265625" lon="113.3165289647877216339111328125">
        <ele>2.400000095367431640625</ele>
        <time>2026-08-30T23:19:00.000Z</time>
        <extensions>
          <ns3:TrackPointExtension>
            <ns3:hr>138</ns3:hr>
            <ns3:cad>81</ns3:cad>
          </ns3:TrackPointExtension>
        </extensions>
      </trkpt>
      <trkpt lat="23.0494724772870540618896484375" lon="113.3165470696985721588134765625">
        <ele>2.400000095367431640625</ele>
        <time>2026-08-30T23:19:01.000Z</time>
        <extensions>
          <ns3:TrackPointExtension>
            <ns3:hr>138</ns3:hr>
            <ns3:cad>81</ns3:cad>
          </ns3:TrackPointExtension>
        </extensions>
      </trkpt>
      <trkpt lat="23.04946518503129482269287109375" lon="113.316574394702911376953125">
        <ele>2.400000095367431640625</ele>
        <time>2026-08-30T23:19:02.000Z</time>
        <extensions>
          <ns3:TrackPointExtension>
            <ns3:hr>139</ns3:hr>
            <ns3:cad>81</ns3:cad>
          </ns3:TrackPointExtension>
        </extensions>
      </trkpt>
      <trkpt lat="23.049460910260677337646484375" lon="113.31659308634698390960693359375">
        <ele>2.400000095367431640625</ele>
        <time>2026-08-30T23:19:03.000Z</time>
        <extensions>
          <ns3:TrackPointExtension>
            <ns3:hr>139</ns3:hr>
            <ns3:cad>81</ns3:cad>
          </ns3:TrackPointExtension>
        </extensions>
      </trkpt>
      <trkpt lat="23.04946250282227993011474609375" lon="113.31662141717970371246337890625">
        <ele>2.599999904632568359375</ele>
        <time>2026-08-30T23:19:04.000Z</time>
        <extensions>
          <ns3:TrackPointExtension>
            <ns3:hr>139</ns3:hr>
            <ns3:cad>81</ns3:cad>
          </ns3:TrackPointExtension>
        </extensions>
      </trkpt>
      <trkpt lat="23.0494577251374721527099609375" lon="113.31665284931659698486328125">
        <ele>2.599999904632568359375</ele>
        <time>2026-08-30T23:19:05.000Z</time>
        <extensions>
          <ns3:TrackPointExtension>
            <ns3:hr>139</ns3:hr>
            <ns3:cad>81</ns3:cad>
          </ns3:TrackPointExtension>
        </extensions>
      </trkpt>
      <trkpt lat="23.049456886947154998779296875" lon="113.31667296588420867919921875">
        <ele>2.599999904632568359375</ele>
        <time>2026-08-30T23:19:06.000Z</time>
        <extensions>
          <ns3:TrackPointExtension>
            <ns3:hr>139</ns3:hr>
            <ns3:cad>80</ns3:cad>
          </ns3:TrackPointExtension>
        </extensions>
      </trkpt>
      <trkpt lat="23.04946132935583591461181640625" lon="113.31669853068888187408447265625">
        <ele>2.599999904632568359375</ele>
        <time>2026-08-30T23:19:07.000Z</time>
        <extensions>
          <ns3:TrackPointExtension>
            <ns3:hr>140</ns3:hr>
            <ns3:cad>80</ns3:cad>
          </ns3:TrackPointExtension>
        </extensions>
      </trkpt>
      <trkpt lat="23.04946317337453365325927734375" lon="113.31672535277903079986572265625">
        <ele>2.599999904632568359375</ele>
        <time>2026-08-30T23:19:08.000Z</time>
        <extensions>
          <ns3:TrackPointExtension>
            <ns3:hr>140</ns3:hr>
            <ns3:cad>80</ns3:cad>
          </ns3:TrackPointExtension>
        </extensions>
      </trkpt>
      <trkpt lat="23.0494652688503265380859375" lon="113.31674396060407161712646484375">
        <ele>2.599999904632568359375</ele>
        <time>2026-08-30T23:19:09.000Z</time>
        <extensions>
          <ns3:TrackPointExtension>
            <ns3:hr>140</ns3:hr>
            <ns3:cad>80</ns3:cad>
          </ns3:TrackPointExtension>
        </extensions>
      </trkpt>
      <trkpt lat="23.04947574622929096221923828125" lon="113.31677061505615711212158203125">
        <ele>2.599999904632568359375</ele>
        <time>2026-08-30T23:19:10.000Z</time>
        <extensions>
          <ns3:TrackPointExtension>
            <ns3:hr>140</ns3:hr>
            <ns3:cad>80</ns3:cad>
          </ns3:TrackPointExtension>
        </extensions>
      </trkpt>
      <trkpt lat="23.04948630742728710174560546875" lon="113.3168008737266063690185546875">
        <ele>2.400000095367431640625</ele>
        <time>2026-08-30T23:19:11.000Z</time>
        <extensions>
          <ns3:TrackPointExtension>
            <ns3:hr>141</ns3:hr>
            <ns3:cad>80</ns3:cad>
          </ns3:TrackPointExtension>
        </extensions>
      </trkpt>
      <trkpt lat="23.049501143395900726318359375" lon="113.31681470386683940887451171875">
        <ele>2.2000000476837158203125</ele>
        <time>2026-08-30T23:19:12.000Z</time>
        <extensions>
          <ns3:TrackPointExtension>
            <ns3:hr>141</ns3:hr>
            <ns3:cad>80</ns3:cad>
          </ns3:TrackPointExtension>
        </extensions>
      </trkpt>
      <trkpt lat="23.04952167905867099761962890625" lon="113.31683549098670482635498046875">
        <ele>2.2000000476837158203125</ele>
        <time>2026-08-30T23:19:13.000Z</time>
        <extensions>
          <ns3:TrackPointExtension>
            <ns3:hr>141</ns3:hr>
            <ns3:cad>80</ns3:cad>
          </ns3:TrackPointExtension>
        </extensions>
      </trkpt>
      <trkpt lat="23.04954104125499725341796875" lon="113.31685242243111133575439453125">
        <ele>2</ele>
        <time>2026-08-30T23:19:14.000Z</time>
        <extensions>
          <ns3:TrackPointExtension>
            <ns3:hr>141</ns3:hr>
            <ns3:cad>81</ns3:cad>
          </ns3:TrackPointExtension>
        </extensions>
      </trkpt>
      <trkpt lat="23.04956358857452869415283203125" lon="113.316865079104900360107421875">
        <ele>2</ele>
        <time>2026-08-30T23:19:15.000Z</time>
        <extensions>
          <ns3:TrackPointExtension>
            <ns3:hr>142</ns3:hr>
            <ns3:cad>81</ns3:cad>
          </ns3:TrackPointExtension>
        </extensions>
      </trkpt>
      <trkpt lat="23.04959359578788280487060546875" lon="113.31688310019671916961669921875">
        <ele>2</ele>
        <time>2026-08-30T23:19:16.000Z</time>
        <extensions>
          <ns3:TrackPointExtension>
            <ns3:hr>142</ns3:hr>
            <ns3:cad>81</ns3:cad>
          </ns3:TrackPointExtension>
        </extensions>
      </trkpt>
      <trkpt lat="23.0496159754693508148193359375" lon="113.31689894199371337890625">
        <ele>2</ele>
        <time>2026-08-30T23:19:17.000Z</time>
        <extensions>
          <ns3:TrackPointExtension>
            <ns3:hr>142</ns3:hr>
            <ns3:cad>80</ns3:cad>
          </ns3:TrackPointExtension>
        </extensions>
      </trkpt>
      <trkpt lat="23.04963869042694568634033203125" lon="113.31690707243978977203369140625">
        <ele>2</ele>
        <time>2026-08-30T23:19:18.000Z</time>
        <extensions>
          <ns3:TrackPointExtension>
            <ns3:hr>142</ns3:hr>
            <ns3:cad>80</ns3:cad>
          </ns3:TrackPointExtension>
        </extensions>
      </trkpt>
      <trkpt lat="23.04967381060123443603515625" lon="113.31691713072359561920166015625">
        <ele>2</ele>
        <time>2026-08-30T23:19:19.000Z</time>
        <extensions>
          <ns3:TrackPointExtension>
            <ns3:hr>142</ns3:hr>
            <ns3:cad>81</ns3:cad>
          </ns3:TrackPointExtension>
        </extensions>
      </trkpt>
      <trkpt lat="23.04968998767435550689697265625" lon="113.31692148931324481964111328125">
        <ele>2</ele>
        <time>2026-08-30T23:19:20.000Z</time>
        <extensions>
          <ns3:TrackPointExtension>
            <ns3:hr>142</ns3:hr>
            <ns3:cad>81</ns3:cad>
          </ns3:TrackPointExtension>
        </extensions>
      </trkpt>
      <trkpt lat="23.04969870485365390777587890625" lon="113.316917717456817626953125">
        <ele>2</ele>
        <time>2026-08-30T23:19:21.000Z</time>
        <extensions>
          <ns3:TrackPointExtension>
            <ns3:hr>142</ns3:hr>
            <ns3:cad>80</ns3:cad>
          </ns3:TrackPointExtension>
        </extensions>
      </trkpt>
      <trkpt lat="23.0497279576957225799560546875" lon="113.31692316569387912750244140625">
        <ele>2.2000000476837158203125</ele>
        <time>2026-08-30T23:19:22.000Z</time>
        <extensions>
          <ns3:TrackPointExtension>
            <ns3:hr>143</ns3:hr>
            <ns3:cad>80</ns3:cad>
          </ns3:TrackPointExtension>
        </extensions>
      </trkpt>
      <trkpt lat="23.04974413476884365081787109375" lon="113.316922076046466827392578125">
        <ele>2.2000000476837158203125</ele>
        <time>2026-08-30T23:19:23.000Z</time>
        <extensions>
          <ns3:TrackPointExtension>
            <ns3:hr>143</ns3:hr>
            <ns3:cad>81</ns3:cad>
          </ns3:TrackPointExtension>
        </extensions>
      </trkpt>
      <trkpt lat="23.04976609535515308380126953125" lon="113.31692031584680080413818359375">
        <ele>2.2000000476837158203125</ele>
        <time>2026-08-30T23:19:24.000Z</time>
        <extensions>
          <ns3:TrackPointExtension>
            <ns3:hr>143</ns3:hr>
            <ns3:cad>81</ns3:cad>
          </ns3:TrackPointExtension>
        </extensions>
      </trkpt>
      <trkpt lat="23.04979627020657062530517578125" lon="113.3169249258935451507568359375">
        <ele>2.2000000476837158203125</ele>
        <time>2026-08-30T23:19:25.000Z</time>
        <extensions>
          <ns3:TrackPointExtension>
            <ns3:hr>144</ns3:hr>
            <ns3:cad>81</ns3:cad>
          </ns3:TrackPointExtension>
        </extensions>
      </trkpt>
      <trkpt lat="23.04980917833745479583740234375" lon="113.3169255964457988739013671875">
        <ele>2</ele>
        <time>2026-08-30T23:19:26.000Z</time>
        <extensions>
          <ns3:TrackPointExtension>
            <ns3:hr>144</ns3:hr>
            <ns3:cad>81</ns3:cad>
          </ns3:TrackPointExtension>
        </extensions>
      </trkpt>
      <trkpt lat="23.04983315058052539825439453125" lon="113.31692651845514774322509765625">
        <ele>2</ele>
        <time>2026-08-30T23:19:27.000Z</time>
        <extensions>
          <ns3:TrackPointExtension>
            <ns3:hr>144</ns3:hr>
            <ns3:cad>81</ns3:cad>
          </ns3:TrackPointExtension>
        </extensions>
      </trkpt>
      <trkpt lat="23.04986047558486461639404296875" lon="113.31693976186215877532958984375">
        <ele>2</ele>
        <time>2026-08-30T23:19:28.000Z</time>
        <extensions>
          <ns3:TrackPointExtension>
            <ns3:hr>144</ns3:hr>
            <ns3:cad>80</ns3:cad>
          </ns3:TrackPointExtension>
        </extensions>
      </trkpt>
      <trkpt lat="23.04987430572509765625" lon="113.31693439744412899017333984375">
        <ele>2</ele>
        <time>2026-08-30T23:19:29.000Z</time>
        <extensions>
          <ns3:TrackPointExtension>
            <ns3:hr>145</ns3:hr>
            <ns3:cad>80</ns3:cad>
          </ns3:TrackPointExtension>
        </extensions>
      </trkpt>
      <trkpt lat="23.04989785887300968170166015625" lon="113.316936492919921875">
        <ele>2.2000000476837158203125</ele>
        <time>2026-08-30T23:19:30.000Z</time>
        <extensions>
          <ns3:TrackPointExtension>
            <ns3:hr>144</ns3:hr>
            <ns3:cad>80</ns3:cad>
          </ns3:TrackPointExtension>
        </extensions>
      </trkpt>
      <trkpt lat="23.0499197356402873992919921875" lon="113.31694847904145717620849609375">
        <ele>2.2000000476837158203125</ele>
        <time>2026-08-30T23:19:31.000Z</time>
        <extensions>
          <ns3:TrackPointExtension>
            <ns3:hr>144</ns3:hr>
            <ns3:cad>81</ns3:cad>
          </ns3:TrackPointExtension>
        </extensions>
      </trkpt>
      <trkpt lat="23.04993406869471073150634765625" lon="113.316948898136615753173828125">
        <ele>2.2000000476837158203125</ele>
        <time>2026-08-30T23:19:32.000Z</time>
        <extensions>
          <ns3:TrackPointExtension>
            <ns3:hr>144</ns3:hr>
            <ns3:cad>81</ns3:cad>
          </ns3:TrackPointExtension>
        </extensions>
      </trkpt>
      <trkpt lat="23.04995032958686351776123046875" lon="113.316955603659152984619140625">
        <ele>2</ele>
        <time>2026-08-30T23:19:33.000Z</time>
        <extensions>
          <ns3:TrackPointExtension>
            <ns3:hr>144</ns3:hr>
            <ns3:cad>81</ns3:cad>
          </ns3:TrackPointExtension>
        </extensions>
      </trkpt>
      <trkpt lat="23.0499539338052272796630859375" lon="113.316965997219085693359375">
        <ele>2</ele>
        <time>2026-08-30T23:19:34.000Z</time>
        <extensions>
          <ns3:TrackPointExtension>
            <ns3:hr>143</ns3:hr>
            <ns3:cad>81</ns3:cad>
          </ns3:TrackPointExtension>
        </extensions>
      </trkpt>
      <trkpt lat="23.04997027851641178131103515625" lon="113.31697312183678150177001953125">
        <ele>2</ele>
        <time>2026-08-30T23:19:35.000Z</time>
        <extensions>
          <ns3:TrackPointExtension>
            <ns3:hr>143</ns3:hr>
            <ns3:cad>81</ns3:cad>
          </ns3:TrackPointExtension>
        </extensions>
      </trkpt>
      <trkpt lat="23.049985282123088836669921875" lon="113.31699709407985210418701171875">
        <ele>2</ele>
        <time>2026-08-30T23:19:36.000Z</time>
        <extensions>
          <ns3:TrackPointExtension>
            <ns3:hr>143</ns3:hr>
            <ns3:cad>81</ns3:cad>
          </ns3:TrackPointExtension>
        </extensions>
      </trkpt>
      <trkpt lat="23.0499914847314357757568359375" lon="113.31701385788619518280029296875">
        <ele>2.2000000476837158203125</ele>
        <time>2026-08-30T23:19:37.000Z</time>
        <extensions>
          <ns3:TrackPointExtension>
            <ns3:hr>143</ns3:hr>
            <ns3:cad>81</ns3:cad>
          </ns3:TrackPointExtension>
        </extensions>
      </trkpt>
      <trkpt lat="23.05000632070004940032958984375" lon="113.31702768802642822265625">
        <ele>2.2000000476837158203125</ele>
        <time>2026-08-30T23:19:38.000Z</time>
        <extensions>
          <ns3:TrackPointExtension>
            <ns3:hr>142</ns3:hr>
            <ns3:cad>81</ns3:cad>
          </ns3:TrackPointExtension>
        </extensions>
      </trkpt>
      <trkpt lat="23.0500116012990474700927734375" lon="113.31705761142075061798095703125">
        <ele>2.2000000476837158203125</ele>
        <time>2026-08-30T23:19:39.000Z</time>
        <extensions>
          <ns3:TrackPointExtension>
            <ns3:hr>142</ns3:hr>
            <ns3:cad>81</ns3:cad>
          </ns3:TrackPointExtension>
        </extensions>
      </trkpt>
      <trkpt lat="23.05000900290906429290771484375" lon="113.31706850789487361907958984375">
        <ele>2.2000000476837158203125</ele>
        <time>2026-08-30T23:19:40.000Z</time>
        <extensions>
          <ns3:TrackPointExtension>
            <ns3:hr>142</ns3:hr>
            <ns3:cad>81</ns3:cad>
          </ns3:TrackPointExtension>
        </extensions>
      </trkpt>
      <trkpt lat="23.05001721717417240142822265625" lon="113.3170865289866924285888671875">
        <ele>2.2000000476837158203125</ele>
        <time>2026-08-30T23:19:41.000Z</time>
        <extensions>
          <ns3:TrackPointExtension>
            <ns3:hr>142</ns3:hr>
            <ns3:cad>81</ns3:cad>
          </ns3:TrackPointExtension>
        </extensions>
      </trkpt>
      <trkpt lat="23.05001587606966495513916015625" lon="113.3171153627336025238037109375">
        <ele>2.2000000476837158203125</ele>
        <time>2026-08-30T23:19:42.000Z</time>
        <extensions>
          <ns3:TrackPointExtension>
            <ns3:hr>142</ns3:hr>
            <ns3:cad>81</ns3:cad>
          </ns3:TrackPointExtension>
        </extensions>
      </trkpt>
      <trkpt lat="23.0500146187841892242431640625" lon="113.31713271327316761016845703125">
        <ele>2.2000000476837158203125</ele>
        <time>2026-08-30T23:19:43.000Z</time>
        <extensions>
          <ns3:TrackPointExtension>
            <ns3:hr>142</ns3:hr>
            <ns3:cad>80</ns3:cad>
          </ns3:TrackPointExtension>
        </extensions>
      </trkpt>
      <trkpt lat="23.05001973174512386322021484375" lon="113.3171562664210796356201171875">
        <ele>2.2000000476837158203125</ele>
        <time>2026-08-30T23:19:44.000Z</time>
        <extensions>
          <ns3:TrackPointExtension>
            <ns3:hr>141</ns3:hr>
            <ns3:cad>80</ns3:cad>
          </ns3:TrackPointExtension>
        </extensions>
      </trkpt>
      <trkpt lat="23.05001604370772838592529296875" lon="113.31717797555029392242431640625">
        <ele>2.2000000476837158203125</ele>
        <time>2026-08-30T23:19:45.000Z</time>
        <extensions>
          <ns3:TrackPointExtension>
            <ns3:hr>141</ns3:hr>
            <ns3:cad>80</ns3:cad>
          </ns3:TrackPointExtension>
        </extensions>
      </trkpt>
      <trkpt lat="23.050019480288028717041015625" lon="113.31719490699470043182373046875">
        <ele>2.2000000476837158203125</ele>
        <time>2026-08-30T23:19:46.000Z</time>
        <extensions>
          <ns3:TrackPointExtension>
            <ns3:hr>141</ns3:hr>
            <ns3:cad>80</ns3:cad>
          </ns3:TrackPointExtension>
        </extensions>
      </trkpt>
      <trkpt lat="23.05002140812575817108154296875" lon="113.3172290213406085968017578125">
        <ele>2.2000000476837158203125</ele>
        <time>2026-08-30T23:19:47.000Z</time>
        <extensions>
          <ns3:TrackPointExtension>
            <ns3:hr>140</ns3:hr>
            <ns3:cad>81</ns3:cad>
          </ns3:TrackPointExtension>
        </extensions>
      </trkpt>
      <trkpt lat="23.05002341978251934051513671875" lon="113.3172514848411083221435546875">
        <ele>2.2000000476837158203125</ele>
        <time>2026-08-30T23:19:48.000Z</time>
        <extensions>
          <ns3:TrackPointExtension>
            <ns3:hr>140</ns3:hr>
            <ns3:cad>81</ns3:cad>
          </ns3:TrackPointExtension>
        </extensions>
      </trkpt>
      <trkpt lat="23.05002761073410511016845703125" lon="113.31727034412324428558349609375">
        <ele>2.2000000476837158203125</ele>
        <time>2026-08-30T23:19:49.000Z</time>
        <extensions>
          <ns3:TrackPointExtension>
            <ns3:hr>140</ns3:hr>
            <ns3:cad>81</ns3:cad>
          </ns3:TrackPointExtension>
        </extensions>
      </trkpt>
      <trkpt lat="23.05002383887767791748046875" lon="113.3173037879168987274169921875">
        <ele>2.2000000476837158203125</ele>
        <time>2026-08-30T23:19:50.000Z</time>
        <extensions>
          <ns3:TrackPointExtension>
            <ns3:hr>140</ns3:hr>
            <ns3:cad>81</ns3:cad>
          </ns3:TrackPointExtension>
        </extensions>
      </trkpt>
      <trkpt lat="23.05002652108669281005859375" lon="113.317319713532924652099609375">
        <ele>2.2000000476837158203125</ele>
        <time>2026-08-30T23:19:51.000Z</time>
        <extensions>
          <ns3:TrackPointExtension>
            <ns3:hr>139</ns3:hr>
            <ns3:cad>81</ns3:cad>
          </ns3:TrackPointExtension>
        </extensions>
      </trkpt>
      <trkpt lat="23.05003096349537372589111328125" lon="113.31734008155763149261474609375">
        <ele>2.2000000476837158203125</ele>
        <time>2026-08-30T23:19:52.000Z</time>
        <extensions>
          <ns3:TrackPointExtension>
            <ns3:hr>139</ns3:hr>
            <ns3:cad>82</ns3:cad>
          </ns3:TrackPointExtension>
        </extensions>
      </trkpt>
      <trkpt lat="23.050026185810565948486328125" lon="113.31737168133258819580078125">
        <ele>2.2000000476837158203125</ele>
        <time>2026-08-30T23:19:53.000Z</time>
        <extensions>
          <ns3:TrackPointExtension>
            <ns3:hr>139</ns3:hr>
            <ns3:cad>82</ns3:cad>
          </ns3:TrackPointExtension>
        </extensions>
      </trkpt>
      <trkpt lat="23.05002258159220218658447265625" lon="113.317386098206043243408203125">
        <ele>2.2000000476837158203125</ele>
        <time>2026-08-30T23:19:54.000Z</time>
        <extensions>
          <ns3:TrackPointExtension>
            <ns3:hr>139</ns3:hr>
            <ns3:cad>82</ns3:cad>
          </ns3:TrackPointExtension>
        </extensions>
      </trkpt>
      <trkpt lat="23.05002249777317047119140625" lon="113.31740713678300380706787109375">
        <ele>2.2000000476837158203125</ele>
        <time>2026-08-30T23:19:55.000Z</time>
        <extensions>
          <ns3:TrackPointExtension>
            <ns3:hr>138</ns3:hr>
            <ns3:cad>80</ns3:cad>
          </ns3:TrackPointExtension>
        </extensions>
      </trkpt>
      <trkpt lat="23.050012104213237762451171875" lon="113.317425660789012908935546875">
        <ele>2.2000000476837158203125</ele>
        <time>2026-08-30T23:19:56.000Z</time>
        <extensions>
          <ns3:TrackPointExtension>
            <ns3:hr>138</ns3:hr>
            <ns3:cad>80</ns3:cad>
          </ns3:TrackPointExtension>
        </extensions>
      </trkpt>
      <trkpt lat="23.05000598542392253875732421875" lon="113.31743513233959674835205078125">
        <ele>2.2000000476837158203125</ele>
        <time>2026-08-30T23:19:57.000Z</time>
        <extensions>
          <ns3:TrackPointExtension>
            <ns3:hr>138</ns3:hr>
            <ns3:cad>80</ns3:cad>
          </ns3:TrackPointExtension>
        </extensions>
      </trkpt>
      <trkpt lat="23.050002716481685638427734375" lon="113.31745575182139873504638671875">
        <ele>2.2000000476837158203125</ele>
        <time>2026-08-30T23:19:58.000Z</time>
        <extensions>
          <ns3:TrackPointExtension>
            <ns3:hr>138</ns3:hr>
            <ns3:cad>81</ns3:cad>
          </ns3:TrackPointExtension>
        </extensions>
      </trkpt>
      <trkpt lat="23.04999492131173610687255859375" lon="113.31748123280704021453857421875">
        <ele>2.2000000476837158203125</ele>
        <time>2026-08-30T23:19:59.000Z</time>
        <extensions>
          <ns3:TrackPointExtension>
            <ns3:hr>139</ns3:hr>
            <ns3:cad>81</ns3:cad>
          </ns3:TrackPointExtension>
        </extensions>
      </trkpt>
      <trkpt lat="23.0499951727688312530517578125" lon="113.31750235520303249359130859375">
        <ele>2.2000000476837158203125</ele>
        <time>2026-08-30T23:20:00.000Z</time>
        <extensions>
          <ns3:TrackPointExtension>
            <ns3:hr>138</ns3:hr>
            <ns3:cad>81</ns3:cad>
          </ns3:TrackPointExtension>
        </extensions>
      </trkpt>
      <trkpt lat="23.049989975988864898681640625" lon="113.31753068603575229644775390625">
        <ele>2.2000000476837158203125</ele>
        <time>2026-08-30T23:20:01.000Z</time>
        <extensions>
          <ns3:TrackPointExtension>
            <ns3:hr>139</ns3:hr>
            <ns3:cad>80</ns3:cad>
          </ns3:TrackPointExtension>
        </extensions>
      </trkpt>
      <trkpt lat="23.0499856173992156982421875" lon="113.3175559155642986297607421875">
        <ele>2.2000000476837158203125</ele>
        <time>2026-08-30T23:20:02.000Z</time>
        <extensions>
          <ns3:TrackPointExtension>
            <ns3:hr>139</ns3:hr>
            <ns3:cad>80</ns3:cad>
          </ns3:TrackPointExtension>
        </extensions>
      </trkpt>
      <trkpt lat="23.04998989216983318328857421875" lon="113.317575193941593170166015625">
        <ele>2</ele>
        <time>2026-08-30T23:20:03.000Z</time>
        <extensions>
          <ns3:TrackPointExtension>
            <ns3:hr>139</ns3:hr>
            <ns3:cad>81</ns3:cad>
          </ns3:TrackPointExtension>
        </extensions>
      </trkpt>
      <trkpt lat="23.04998553358018398284912109375" lon="113.31760427914559841156005859375">
        <ele>2</ele>
        <time>2026-08-30T23:20:04.000Z</time>
        <extensions>
          <ns3:TrackPointExtension>
            <ns3:hr>139</ns3:hr>
            <ns3:cad>81</ns3:cad>
          </ns3:TrackPointExtension>
        </extensions>
      </trkpt>
      <trkpt lat="23.049980588257312774658203125" lon="113.31762246787548065185546875">
        <ele>2.2000000476837158203125</ele>
        <time>2026-08-30T23:20:05.000Z</time>
        <extensions>
          <ns3:TrackPointExtension>
            <ns3:hr>139</ns3:hr>
            <ns3:cad>81</ns3:cad>
          </ns3:TrackPointExtension>
        </extensions>
      </trkpt>
      <trkpt lat="23.04998301900923252105712890625" lon="113.31764551810920238494873046875">
        <ele>2.2000000476837158203125</ele>
        <time>2026-08-30T23:20:06.000Z</time>
        <extensions>
          <ns3:TrackPointExtension>
            <ns3:hr>140</ns3:hr>
            <ns3:cad>81</ns3:cad>
          </ns3:TrackPointExtension>
        </extensions>
      </trkpt>
      <trkpt lat="23.04998100735247135162353515625" lon="113.31767736934125423431396484375">
        <ele>2.2000000476837158203125</ele>
        <time>2026-08-30T23:20:07.000Z</time>
        <extensions>
          <ns3:TrackPointExtension>
            <ns3:hr>140</ns3:hr>
            <ns3:cad>81</ns3:cad>
          </ns3:TrackPointExtension>
        </extensions>
      </trkpt>
      <trkpt lat="23.049969859421253204345703125" lon="113.3176920376718044281005859375">
        <ele>2.400000095367431640625</ele>
        <time>2026-08-30T23:20:08.000Z</time>
        <extensions>
          <ns3:TrackPointExtension>
            <ns3:hr>140</ns3:hr>
            <ns3:cad>81</ns3:cad>
          </ns3:TrackPointExtension>
        </extensions>
      </trkpt>
      <trkpt lat="23.0499656684696674346923828125" lon="113.31771424971520900726318359375">
        <ele>2.400000095367431640625</ele>
        <time>2026-08-30T23:20:09.000Z</time>
        <extensions>
          <ns3:TrackPointExtension>
            <ns3:hr>140</ns3:hr>
            <ns3:cad>81</ns3:cad>
          </ns3:TrackPointExtension>
        </extensions>
      </trkpt>
      <trkpt lat="23.04995787329971790313720703125" lon="113.31773788668215274810791015625">
        <ele>2.400000095367431640625</ele>
        <time>2026-08-30T23:20:10.000Z</time>
        <extensions>
          <ns3:TrackPointExtension>
            <ns3:hr>140</ns3:hr>
            <ns3:cad>81</ns3:cad>
          </ns3:TrackPointExtension>
        </extensions>
      </trkpt>
      <trkpt lat="23.04996223188936710357666015625" lon="113.317760936915874481201171875">
        <ele>2.2000000476837158203125</ele>
        <time>2026-08-30T23:20:11.000Z</time>
        <extensions>
          <ns3:TrackPointExtension>
            <ns3:hr>140</ns3:hr>
            <ns3:cad>81</ns3:cad>
          </ns3:TrackPointExtension>
        </extensions>
      </trkpt>
      <trkpt lat="23.0499636568129062652587890625" lon="113.3177949674427509307861328125">
        <ele>2.2000000476837158203125</ele>
        <time>2026-08-30T23:20:12.000Z</time>
        <extensions>
          <ns3:TrackPointExtension>
            <ns3:hr>140</ns3:hr>
            <ns3:cad>81</ns3:cad>
          </ns3:TrackPointExtension>
        </extensions>
      </trkpt>
      <trkpt lat="23.0499643273651599884033203125" lon="113.31782170571386814117431640625">
        <ele>2.2000000476837158203125</ele>
        <time>2026-08-30T23:20:13.000Z</time>
        <extensions>
          <ns3:TrackPointExtension>
            <ns3:hr>140</ns3:hr>
            <ns3:cad>81</ns3:cad>
          </ns3:TrackPointExtension>
        </extensions>
      </trkpt>
      <trkpt lat="23.04997145198285579681396484375" lon="113.31784266047179698944091796875">
        <ele>2.2000000476837158203125</ele>
        <time>2026-08-30T23:20:14.000Z</time>
        <extensions>
          <ns3:TrackPointExtension>
            <ns3:hr>140</ns3:hr>
            <ns3:cad>81</ns3:cad>
          </ns3:TrackPointExtension>
        </extensions>
      </trkpt>
      <trkpt lat="23.04997027851641178131103515625" lon="113.31787451170384883880615234375">
        <ele>2.2000000476837158203125</ele>
        <time>2026-08-30T23:20:15.000Z</time>
        <extensions>
          <ns3:TrackPointExtension>
            <ns3:hr>140</ns3:hr>
            <ns3:cad>81</ns3:cad>
          </ns3:TrackPointExtension>
        </extensions>
      </trkpt>
      <trkpt lat="23.04996927268803119659423828125" lon="113.31789278425276279449462890625">
        <ele>2.2000000476837158203125</ele>
        <time>2026-08-30T23:20:16.000Z</time>
        <extensions>
          <ns3:TrackPointExtension>
            <ns3:hr>140</ns3:hr>
            <ns3:cad>81</ns3:cad>
          </ns3:TrackPointExtension>
        </extensions>
      </trkpt>
      <trkpt lat="23.049969859421253204345703125" lon="113.317911811172962188720703125">
        <ele>2.2000000476837158203125</ele>
        <time>2026-08-30T23:20:17.000Z</time>
        <extensions>
          <ns3:TrackPointExtension>
            <ns3:hr>141</ns3:hr>
            <ns3:cad>81</ns3:cad>
          </ns3:TrackPointExtension>
        </extensions>
      </trkpt>
      <trkpt lat="23.049969188868999481201171875" lon="113.317944668233394622802734375">
        <ele>2.2000000476837158203125</ele>
        <time>2026-08-30T23:20:18.000Z</time>
        <extensions>
          <ns3:TrackPointExtension>
            <ns3:hr>140</ns3:hr>
            <ns3:cad>81</ns3:cad>
          </ns3:TrackPointExtension>
        </extensions>
      </trkpt>
      <trkpt lat="23.04996591992676258087158203125" lon="113.3179629407823085784912109375">
        <ele>2.2000000476837158203125</ele>
        <time>2026-08-30T23:20:19.000Z</time>
        <extensions>
          <ns3:TrackPointExtension>
            <ns3:hr>140</ns3:hr>
            <ns3:cad>82</ns3:cad>
          </ns3:TrackPointExtension>
        </extensions>
      </trkpt>
      <trkpt lat="23.04996843449771404266357421875" lon="113.3179887570440769195556640625">
        <ele>2.2000000476837158203125</ele>
        <time>2026-08-30T23:20:20.000Z</time>
        <extensions>
          <ns3:TrackPointExtension>
            <ns3:hr>140</ns3:hr>
            <ns3:cad>82</ns3:cad>
          </ns3:TrackPointExtension>
        </extensions>
      </trkpt>
      <trkpt lat="23.0499646626412868499755859375" lon="113.318020440638065338134765625">
        <ele>2.2000000476837158203125</ele>
        <time>2026-08-30T23:20:21.000Z</time>
        <extensions>
          <ns3:TrackPointExtension>
            <ns3:hr>140</ns3:hr>
            <ns3:cad>81</ns3:cad>
          </ns3:TrackPointExtension>
        </extensions>
      </trkpt>
      <trkpt lat="23.04995653219521045684814453125" lon="113.3180356957018375396728515625">
        <ele>2.2000000476837158203125</ele>
        <time>2026-08-30T23:20:22.000Z</time>
        <extensions>
          <ns3:TrackPointExtension>
            <ns3:hr>140</ns3:hr>
            <ns3:cad>81</ns3:cad>
          </ns3:TrackPointExtension>
        </extensions>
      </trkpt>
      <trkpt lat="23.0499603040516376495361328125" lon="113.3180595003068447113037109375">
        <ele>2.2000000476837158203125</ele>
        <time>2026-08-30T23:20:23.000Z</time>
        <extensions>
          <ns3:TrackPointExtension>
            <ns3:hr>140</ns3:hr>
            <ns3:cad>80</ns3:cad>
          </ns3:TrackPointExtension>
        </extensions>
      </trkpt>
      <trkpt lat="23.0499542690813541412353515625" lon="113.3180856518447399139404296875">
        <ele>2.2000000476837158203125</ele>
        <time>2026-08-30T23:20:24.000Z</time>
        <extensions>
          <ns3:TrackPointExtension>
            <ns3:hr>140</ns3:hr>
            <ns3:cad>80</ns3:cad>
          </ns3:TrackPointExtension>
        </extensions>
      </trkpt>
      <trkpt lat="23.04995418526232242584228515625" lon="113.318102248013019561767578125">
        <ele>2.2000000476837158203125</ele>
        <time>2026-08-30T23:20:25.000Z</time>
        <extensions>
          <ns3:TrackPointExtension>
            <ns3:hr>140</ns3:hr>
            <ns3:cad>80</ns3:cad>
          </ns3:TrackPointExtension>
        </extensions>
      </trkpt>
      <trkpt lat="23.049950413405895233154296875" lon="113.31812932156026363372802734375">
        <ele>2.2000000476837158203125</ele>
        <time>2026-08-30T23:20:26.000Z</time>
        <extensions>
          <ns3:TrackPointExtension>
            <ns3:hr>140</ns3:hr>
            <ns3:cad>80</ns3:cad>
          </ns3:TrackPointExtension>
        </extensions>
      </trkpt>
      <trkpt lat="23.049945048987865447998046875" lon="113.31815346144139766693115234375">
        <ele>2.2000000476837158203125</ele>
        <time>2026-08-30T23:20:27.000Z</time>
        <extensions>
          <ns3:TrackPointExtension>
            <ns3:hr>139</ns3:hr>
            <ns3:cad>80</ns3:cad>
          </ns3:TrackPointExtension>
        </extensions>
      </trkpt>
      <trkpt lat="23.049947060644626617431640625" lon="113.31817592494189739227294921875">
        <ele>2.2000000476837158203125</ele>
        <time>2026-08-30T23:20:28.000Z</time>
        <extensions>
          <ns3:TrackPointExtension>
            <ns3:hr>140</ns3:hr>
            <ns3:cad>81</ns3:cad>
          </ns3:TrackPointExtension>
        </extensions>
      </trkpt>
      <trkpt lat="23.04994245059788227081298828125" lon="113.318202160298824310302734375">
        <ele>2.2000000476837158203125</ele>
        <time>2026-08-30T23:20:29.000Z</time>
        <extensions>
          <ns3:TrackPointExtension>
            <ns3:hr>140</ns3:hr>
            <ns3:cad>81</ns3:cad>
          </ns3:TrackPointExtension>
        </extensions>
      </trkpt>
      <trkpt lat="23.049937002360820770263671875" lon="113.31822487525641918182373046875">
        <ele>2.2000000476837158203125</ele>
        <time>2026-08-30T23:20:30.000Z</time>
        <extensions>
          <ns3:TrackPointExtension>
            <ns3:hr>140</ns3:hr>
            <ns3:cad>81</ns3:cad>
          </ns3:TrackPointExtension>
        </extensions>
      </trkpt>
      <trkpt lat="23.049940355122089385986328125" lon="113.3182512782514095306396484375">
        <ele>2</ele>
        <time>2026-08-30T23:20:31.000Z</time>
        <extensions>
          <ns3:TrackPointExtension>
            <ns3:hr>140</ns3:hr>
            <ns3:cad>81</ns3:cad>
          </ns3:TrackPointExtension>
        </extensions>
      </trkpt>
      <trkpt lat="23.0499321408569812774658203125" lon="113.31827935762703418731689453125">
        <ele>2</ele>
        <time>2026-08-30T23:20:32.000Z</time>
        <extensions>
          <ns3:TrackPointExtension>
            <ns3:hr>140</ns3:hr>
            <ns3:cad>81</ns3:cad>
          </ns3:TrackPointExtension>
        </extensions>
      </trkpt>
      <trkpt lat="23.04992803372442722320556640625" lon="113.318296708166599273681640625">
        <ele>2</ele>
        <time>2026-08-30T23:20:33.000Z</time>
        <extensions>
          <ns3:TrackPointExtension>
            <ns3:hr>140</ns3:hr>
            <ns3:cad>81</ns3:cad>
          </ns3:TrackPointExtension>
        </extensions>
      </trkpt>
      <trkpt lat="23.04992920719087123870849609375" lon="113.31832109950482845306396484375">
        <ele>1.7999999523162841796875</ele>
        <time>2026-08-30T23:20:34.000Z</time>
        <extensions>
          <ns3:TrackPointExtension>
            <ns3:hr>140</ns3:hr>
            <ns3:cad>81</ns3:cad>
          </ns3:TrackPointExtension>
        </extensions>
      </trkpt>
      <trkpt lat="23.04991713725030422210693359375" lon="113.31834943033754825592041015625">
        <ele>2</ele>
        <time>2026-08-30T23:20:35.000Z</time>
        <extensions>
          <ns3:TrackPointExtension>
            <ns3:hr>139</ns3:hr>
            <ns3:cad>81</ns3:cad>
          </ns3:TrackPointExtension>
        </extensions>
      </trkpt>
      <trkpt lat="23.049914203584194183349609375" lon="113.3183647692203521728515625">
        <ele>2</ele>
        <time>2026-08-30T23:20:36.000Z</time>
        <extensions>
          <ns3:TrackPointExtension>
            <ns3:hr>140</ns3:hr>
            <ns3:cad>81</ns3:cad>
          </ns3:TrackPointExtension>
        </extensions>
      </trkpt>
      <trkpt lat="23.049909174442291259765625" lon="113.318390585482120513916015625">
        <ele>2.2000000476837158203125</ele>
        <time>2026-08-30T23:20:37.000Z</time>
        <extensions>
          <ns3:TrackPointExtension>
            <ns3:hr>140</ns3:hr>
            <ns3:cad>81</ns3:cad>
          </ns3:TrackPointExtension>
        </extensions>
      </trkpt>
      <trkpt lat="23.0498952604830265045166015625" lon="113.3184184134006500244140625">
        <ele>2.2000000476837158203125</ele>
        <time>2026-08-30T23:20:38.000Z</time>
        <extensions>
          <ns3:TrackPointExtension>
            <ns3:hr>139</ns3:hr>
            <ns3:cad>81</ns3:cad>
          </ns3:TrackPointExtension>
        </extensions>
      </trkpt>
      <trkpt lat="23.0498905666172504425048828125" lon="113.3184363506734371185302734375">
        <ele>2.2000000476837158203125</ele>
        <time>2026-08-30T23:20:39.000Z</time>
        <extensions>
          <ns3:TrackPointExtension>
            <ns3:hr>139</ns3:hr>
            <ns3:cad>81</ns3:cad>
          </ns3:TrackPointExtension>
        </extensions>
      </trkpt>
      <trkpt lat="23.04988394491374492645263671875" lon="113.318466357886791229248046875">
        <ele>2.2000000476837158203125</ele>
        <time>2026-08-30T23:20:40.000Z</time>
        <extensions>
          <ns3:TrackPointExtension>
            <ns3:hr>139</ns3:hr>
            <ns3:cad>81</ns3:cad>
          </ns3:TrackPointExtension>
        </extensions>
      </trkpt>
      <trkpt lat="23.04986969567835330963134765625" lon="113.31849024631083011627197265625">
        <ele>2.2000000476837158203125</ele>
        <time>2026-08-30T23:20:41.000Z</time>
        <extensions>
          <ns3:TrackPointExtension>
            <ns3:hr>139</ns3:hr>
            <ns3:cad>81</ns3:cad>
          </ns3:TrackPointExtension>
        </extensions>
      </trkpt>
      <trkpt lat="23.0498660914599895477294921875" lon="113.318512625992298126220703125">
        <ele>2</ele>
        <time>2026-08-30T23:20:42.000Z</time>
        <extensions>
          <ns3:TrackPointExtension>
            <ns3:hr>140</ns3:hr>
            <ns3:cad>80</ns3:cad>
          </ns3:TrackPointExtension>
        </extensions>
      </trkpt>
      <trkpt lat="23.0498550273478031158447265625" lon="113.31854254938662052154541015625">
        <ele>2</ele>
        <time>2026-08-30T23:20:43.000Z</time>
        <extensions>
          <ns3:TrackPointExtension>
            <ns3:hr>139</ns3:hr>
            <ns3:cad>80</ns3:cad>
          </ns3:TrackPointExtension>
        </extensions>
      </trkpt>
      <trkpt lat="23.04984203539788722991943359375" lon="113.318566270172595977783203125">
        <ele>2</ele>
        <time>2026-08-30T23:20:44.000Z</time>
        <extensions>
          <ns3:TrackPointExtension>
            <ns3:hr>139</ns3:hr>
            <ns3:cad>81</ns3:cad>
          </ns3:TrackPointExtension>
        </extensions>
      </trkpt>
      <trkpt lat="23.049842454493045806884765625" lon="113.3185852132737636566162109375">
        <ele>2</ele>
        <time>2026-08-30T23:20:45.000Z</time>
        <extensions>
          <ns3:TrackPointExtension>
            <ns3:hr>139</ns3:hr>
            <ns3:cad>81</ns3:cad>
          </ns3:TrackPointExtension>
        </extensions>
      </trkpt>
      <trkpt lat="23.04984404705464839935302734375" lon="113.31861027516424655914306640625">
        <ele>2</ele>
        <time>2026-08-30T23:20:46.000Z</time>
        <extensions>
          <ns3:TrackPointExtension>
            <ns3:hr>139</ns3:hr>
            <ns3:cad>81</ns3:cad>
          </ns3:TrackPointExtension>
        </extensions>
      </trkpt>
      <trkpt lat="23.04985863156616687774658203125" lon="113.31862754188477993011474609375">
        <ele>2</ele>
        <time>2026-08-30T23:20:47.000Z</time>
        <extensions>
          <ns3:TrackPointExtension>
            <ns3:hr>139</ns3:hr>
            <ns3:cad>80</ns3:cad>
          </ns3:TrackPointExtension>
        </extensions>
      </trkpt>
      <trkpt lat="23.0498687736690044403076171875" lon="113.3186200819909572601318359375">
        <ele>2</ele>
        <time>2026-08-30T23:20:48.000Z</time>
        <extensions>
          <ns3:TrackPointExtension>
            <ns3:hr>140</ns3:hr>
            <ns3:cad>80</ns3:cad>
          </ns3:TrackPointExtension>
        </extensions>
      </trkpt>
      <trkpt lat="23.04989333264529705047607421875" lon="113.31860641948878765106201171875">
        <ele>1.7999999523162841796875</ele>
        <time>2026-08-30T23:20:49.000Z</time>
        <extensions>
          <ns3:TrackPointExtension>
            <ns3:hr>140</ns3:hr>
            <ns3:cad>81</ns3:cad>
          </ns3:TrackPointExtension>
        </extensions>
      </trkpt>
      <trkpt lat="23.04990104399621486663818359375" lon="113.318593762814998626708984375">
        <ele>1.7999999523162841796875</ele>
        <time>2026-08-30T23:20:50.000Z</time>
        <extensions>
          <ns3:TrackPointExtension>
            <ns3:hr>139</ns3:hr>
            <ns3:cad>81</ns3:cad>
          </ns3:TrackPointExtension>
        </extensions>
      </trkpt>
      <trkpt lat="23.049902133643627166748046875" lon="113.31857507117092609405517578125">
        <ele>1.7999999523162841796875</ele>
        <time>2026-08-30T23:20:51.000Z</time>
        <extensions>
          <ns3:TrackPointExtension>
            <ns3:hr>139</ns3:hr>
            <ns3:cad>81</ns3:cad>
          </ns3:TrackPointExtension>
        </extensions>
      </trkpt>
      <trkpt lat="23.0499126948416233062744140625" lon="113.31854858435690402984619140625">
        <ele>1.7999999523162841796875</ele>
        <time>2026-08-30T23:20:52.000Z</time>
        <extensions>
          <ns3:TrackPointExtension>
            <ns3:hr>139</ns3:hr>
            <ns3:cad>81</ns3:cad>
          </ns3:TrackPointExtension>
        </extensions>
      </trkpt>
      <trkpt lat="23.04991194047033786773681640625" lon="113.31853031180799007415771484375">
        <ele>1.7999999523162841796875</ele>
        <time>2026-08-30T23:20:53.000Z</time>
        <extensions>
          <ns3:TrackPointExtension>
            <ns3:hr>140</ns3:hr>
            <ns3:cad>81</ns3:cad>
          </ns3:TrackPointExtension>
        </extensions>
      </trkpt>
      <trkpt lat="23.049914874136447906494140625" lon="113.31850684247910976409912109375">
        <ele>2</ele>
        <time>2026-08-30T23:20:54.000Z</time>
        <extensions>
          <ns3:TrackPointExtension>
            <ns3:hr>139</ns3:hr>
            <ns3:cad>81</ns3:cad>
          </ns3:TrackPointExtension>
        </extensions>
      </trkpt>
      <trkpt lat="23.04992753081023693084716796875" lon="113.31848370842635631561279296875">
        <ele>2</ele>
        <time>2026-08-30T23:20:55.000Z</time>
        <extensions>
          <ns3:TrackPointExtension>
            <ns3:hr>139</ns3:hr>
            <ns3:cad>81</ns3:cad>
          </ns3:TrackPointExtension>
        </extensions>
      </trkpt>
      <trkpt lat="23.049926944077014923095703125" lon="113.3184692077338695526123046875">
        <ele>2</ele>
        <time>2026-08-30T23:20:56.000Z</time>
        <extensions>
          <ns3:TrackPointExtension>
            <ns3:hr>140</ns3:hr>
            <ns3:cad>81</ns3:cad>
          </ns3:TrackPointExtension>
        </extensions>
      </trkpt>
      <trkpt lat="23.0499304644763469696044921875" lon="113.3184440620243549346923828125">
        <ele>2</ele>
        <time>2026-08-30T23:20:57.000Z</time>
        <extensions>
          <ns3:TrackPointExtension>
            <ns3:hr>139</ns3:hr>
            <ns3:cad>81</ns3:cad>
          </ns3:TrackPointExtension>
        </extensions>
      </trkpt>
      <trkpt lat="23.04993800818920135498046875" lon="113.3184212632477283477783203125">
        <ele>2.2000000476837158203125</ele>
        <time>2026-08-30T23:20:58.000Z</time>
        <extensions>
          <ns3:TrackPointExtension>
            <ns3:hr>139</ns3:hr>
            <ns3:cad>80</ns3:cad>
          </ns3:TrackPointExtension>
        </extensions>
      </trkpt>
      <trkpt lat="23.049937002360820770263671875" lon="113.31840726546943187713623046875">
        <ele>2.2000000476837158203125</ele>
        <time>2026-08-30T23:20:59.000Z</time>
        <extensions>
          <ns3:TrackPointExtension>
            <ns3:hr>139</ns3:hr>
            <ns3:cad>80</ns3:cad>
          </ns3:TrackPointExtension>
        </extensions>
      </trkpt>
      <trkpt lat="23.04993859492242336273193359375" lon="113.31837893463671207427978515625">
        <ele>2</ele>
        <time>2026-08-30T23:21:00.000Z</time>
        <extensions>
          <ns3:TrackPointExtension>
            <ns3:hr>140</ns3:hr>
            <ns3:cad>81</ns3:cad>
          </ns3:TrackPointExtension>
        </extensions>
      </trkpt>
      <trkpt lat="23.049944378435611724853515625" lon="113.31835697405040264129638671875">
        <ele>2</ele>
        <time>2026-08-30T23:21:01.000Z</time>
        <extensions>
          <ns3:TrackPointExtension>
            <ns3:hr>139</ns3:hr>
            <ns3:cad>81</ns3:cad>
          </ns3:TrackPointExtension>
        </extensions>
      </trkpt>
      <trkpt lat="23.04994161240756511688232421875" lon="113.318340964615345001220703125">
        <ele>2</ele>
        <time>2026-08-30T23:21:02.000Z</time>
        <extensions>
          <ns3:TrackPointExtension>
            <ns3:hr>139</ns3:hr>
            <ns3:cad>80</ns3:cad>
          </ns3:TrackPointExtension>
        </extensions>
      </trkpt>
      <trkpt lat="23.04994337260723114013671875" lon="113.3183099515736103057861328125">
        <ele>2</ele>
        <time>2026-08-30T23:21:03.000Z</time>
        <extensions>
          <ns3:TrackPointExtension>
            <ns3:hr>140</ns3:hr>
            <ns3:cad>80</ns3:cad>
          </ns3:TrackPointExtension>
        </extensions>
      </trkpt>
      <trkpt lat="23.0499452166259288787841796875" lon="113.31828773953020572662353515625">
        <ele>2</ele>
        <time>2026-08-30T23:21:04.000Z</time>
        <extensions>
          <ns3:TrackPointExtension>
            <ns3:hr>140</ns3:hr>
            <ns3:cad>80</ns3:cad>
          </ns3:TrackPointExtension>
        </extensions>
      </trkpt>
      <trkpt lat="23.0499425344169139862060546875" lon="113.31826728768646717071533203125">
        <ele>2</ele>
        <time>2026-08-30T23:21:05.000Z</time>
        <extensions>
          <ns3:TrackPointExtension>
            <ns3:hr>140</ns3:hr>
            <ns3:cad>81</ns3:cad>
          </ns3:TrackPointExtension>
        </extensions>
      </trkpt>
      <trkpt lat="23.049947060644626617431640625" lon="113.3182385377585887908935546875">
        <ele>2</ele>
        <time>2026-08-30T23:21:06.000Z</time>
        <extensions>
          <ns3:TrackPointExtension>
            <ns3:hr>140</ns3:hr>
            <ns3:cad>81</ns3:cad>
          </ns3:TrackPointExtension>
        </extensions>
      </trkpt>
      <trkpt lat="23.04995133541524410247802734375" lon="113.3182241208851337432861328125">
        <ele>2</ele>
        <time>2026-08-30T23:21:07.000Z</time>
        <extensions>
          <ns3:TrackPointExtension>
            <ns3:hr>140</ns3:hr>
            <ns3:cad>80</ns3:cad>
          </ns3:TrackPointExtension>
        </extensions>
      </trkpt>
      <trkpt lat="23.04995384998619556427001953125" lon="113.31819922663271427154541015625">
        <ele>2</ele>
        <time>2026-08-30T23:21:08.000Z</time>
        <extensions>
          <ns3:TrackPointExtension>
            <ns3:hr>140</ns3:hr>
            <ns3:cad>80</ns3:cad>
          </ns3:TrackPointExtension>
        </extensions>
      </trkpt>
      <trkpt lat="23.0499619804322719573974609375" lon="113.31817441619932651519775390625">
        <ele>2</ele>
        <time>2026-08-30T23:21:09.000Z</time>
        <extensions>
          <ns3:TrackPointExtension>
            <ns3:hr>140</ns3:hr>
            <ns3:cad>81</ns3:cad>
          </ns3:TrackPointExtension>
        </extensions>
      </trkpt>
      <trkpt lat="23.0499629862606525421142578125" lon="113.3181555569171905517578125">
        <ele>2</ele>
        <time>2026-08-30T23:21:10.000Z</time>
        <extensions>
          <ns3:TrackPointExtension>
            <ns3:hr>141</ns3:hr>
            <ns3:cad>81</ns3:cad>
          </ns3:TrackPointExtension>
        </extensions>
      </trkpt>
      <trkpt lat="23.04996809922158718109130859375" lon="113.31812965683639049530029296875">
        <ele>2</ele>
        <time>2026-08-30T23:21:11.000Z</time>
        <extensions>
          <ns3:TrackPointExtension>
            <ns3:hr>141</ns3:hr>
            <ns3:cad>81</ns3:cad>
          </ns3:TrackPointExtension>
        </extensions>
      </trkpt>
      <trkpt lat="23.04997622966766357421875" lon="113.318105600774288177490234375">
        <ele>2</ele>
        <time>2026-08-30T23:21:12.000Z</time>
        <extensions>
          <ns3:TrackPointExtension>
            <ns3:hr>141</ns3:hr>
            <ns3:cad>81</ns3:cad>
          </ns3:TrackPointExtension>
        </extensions>
      </trkpt>
      <trkpt lat="23.04997212253510951995849609375" lon="113.31808649003505706787109375">
        <ele>2</ele>
        <time>2026-08-30T23:21:13.000Z</time>
        <extensions>
          <ns3:TrackPointExtension>
            <ns3:hr>141</ns3:hr>
            <ns3:cad>81</ns3:cad>
          </ns3:TrackPointExtension>
        </extensions>
      </trkpt>
      <trkpt lat="23.0499713681638240814208984375" lon="113.318056650459766387939453125">
        <ele>2</ele>
        <time>2026-08-30T23:21:14.000Z</time>
        <extensions>
          <ns3:TrackPointExtension>
            <ns3:hr>141</ns3:hr>
            <ns3:cad>81</ns3:cad>
          </ns3:TrackPointExtension>
        </extensions>
      </trkpt>
      <trkpt lat="23.049976564943790435791015625" lon="113.31803343258798122406005859375">
        <ele>2</ele>
        <time>2026-08-30T23:21:15.000Z</time>
        <extensions>
          <ns3:TrackPointExtension>
            <ns3:hr>141</ns3:hr>
            <ns3:cad>81</ns3:cad>
          </ns3:TrackPointExtension>
        </extensions>
      </trkpt>
      <trkpt lat="23.0499730445444583892822265625" lon="113.31801650114357471466064453125">
        <ele>1.7999999523162841796875</ele>
        <time>2026-08-30T23:21:16.000Z</time>
        <extensions>
          <ns3:TrackPointExtension>
            <ns3:hr>141</ns3:hr>
            <ns3:cad>81</ns3:cad>
          </ns3:TrackPointExtension>
        </extensions>
      </trkpt>
      <trkpt lat="23.0499740503728389739990234375" lon="113.31798590719699859619140625">
        <ele>1.7999999523162841796875</ele>
        <time>2026-08-30T23:21:17.000Z</time>
        <extensions>
          <ns3:TrackPointExtension>
            <ns3:hr>141</ns3:hr>
            <ns3:cad>81</ns3:cad>
          </ns3:TrackPointExtension>
        </extensions>
      </trkpt>
      <trkpt lat="23.0499760620296001434326171875" lon="113.317966125905513763427734375">
        <ele>1.7999999523162841796875</ele>
        <time>2026-08-30T23:21:18.000Z</time>
        <extensions>
          <ns3:TrackPointExtension>
            <ns3:hr>141</ns3:hr>
            <ns3:cad>81</ns3:cad>
          </ns3:TrackPointExtension>
        </extensions>
      </trkpt>
      <trkpt lat="23.0499740503728389739990234375" lon="113.3179468475282192230224609375">
        <ele>1.7999999523162841796875</ele>
        <time>2026-08-30T23:21:19.000Z</time>
        <extensions>
          <ns3:TrackPointExtension>
            <ns3:hr>141</ns3:hr>
            <ns3:cad>81</ns3:cad>
          </ns3:TrackPointExtension>
        </extensions>
      </trkpt>
      <trkpt lat="23.04997161962091922760009765625" lon="113.31792379729449748992919921875">
        <ele>1.7999999523162841796875</ele>
        <time>2026-08-30T23:21:20.000Z</time>
        <extensions>
          <ns3:TrackPointExtension>
            <ns3:hr>141</ns3:hr>
            <ns3:cad>82</ns3:cad>
          </ns3:TrackPointExtension>
        </extensions>
      </trkpt>
      <trkpt lat="23.049968518316745758056640625" lon="113.3179042674601078033447265625">
        <ele>2</ele>
        <time>2026-08-30T23:21:21.000Z</time>
        <extensions>
          <ns3:TrackPointExtension>
            <ns3:hr>141</ns3:hr>
            <ns3:cad>82</ns3:cad>
          </ns3:TrackPointExtension>
        </extensions>
      </trkpt>
      <trkpt lat="23.0499683506786823272705078125" lon="113.31788021139800548553466796875">
        <ele>2</ele>
        <time>2026-08-30T23:21:22.000Z</time>
        <extensions>
          <ns3:TrackPointExtension>
            <ns3:hr>141</ns3:hr>
            <ns3:cad>82</ns3:cad>
          </ns3:TrackPointExtension>
        </extensions>
      </trkpt>
      <trkpt lat="23.04997622966766357421875" lon="113.3178556524217128753662109375">
        <ele>2</ele>
        <time>2026-08-30T23:21:23.000Z</time>
        <extensions>
          <ns3:TrackPointExtension>
            <ns3:hr>141</ns3:hr>
            <ns3:cad>82</ns3:cad>
          </ns3:TrackPointExtension>
        </extensions>
      </trkpt>
      <trkpt lat="23.04997681640088558197021484375" lon="113.31783897243440151214599609375">
        <ele>2</ele>
        <time>2026-08-30T23:21:24.000Z</time>
        <extensions>
          <ns3:TrackPointExtension>
            <ns3:hr>141</ns3:hr>
            <ns3:cad>81</ns3:cad>
          </ns3:TrackPointExtension>
        </extensions>
      </trkpt>
      <trkpt lat="23.0499753914773464202880859375" lon="113.31781147979199886322021484375">
        <ele>2</ele>
        <time>2026-08-30T23:21:25.000Z</time>
        <extensions>
          <ns3:TrackPointExtension>
            <ns3:hr>141</ns3:hr>
            <ns3:cad>81</ns3:cad>
          </ns3:TrackPointExtension>
        </extensions>
      </trkpt>
      <trkpt lat="23.04997798986732959747314453125" lon="113.31778901629149913787841796875">
        <ele>1.7999999523162841796875</ele>
        <time>2026-08-30T23:21:26.000Z</time>
        <extensions>
          <ns3:TrackPointExtension>
            <ns3:hr>141</ns3:hr>
            <ns3:cad>81</ns3:cad>
          </ns3:TrackPointExtension>
        </extensions>
      </trkpt>
      <trkpt lat="23.04997530765831470489501953125" lon="113.3177720010280609130859375">
        <ele>1.7999999523162841796875</ele>
        <time>2026-08-30T23:21:27.000Z</time>
        <extensions>
          <ns3:TrackPointExtension>
            <ns3:hr>141</ns3:hr>
            <ns3:cad>81</ns3:cad>
          </ns3:TrackPointExtension>
        </extensions>
      </trkpt>
      <trkpt lat="23.0499767325818538665771484375" lon="113.3177450112998485565185546875">
        <ele>1.7999999523162841796875</ele>
        <time>2026-08-30T23:21:28.000Z</time>
        <extensions>
          <ns3:TrackPointExtension>
            <ns3:hr>142</ns3:hr>
            <ns3:cad>81</ns3:cad>
          </ns3:TrackPointExtension>
        </extensions>
      </trkpt>
      <trkpt lat="23.04997555911540985107421875" lon="113.31772497855126857757568359375">
        <ele>1.7999999523162841796875</ele>
        <time>2026-08-30T23:21:29.000Z</time>
        <extensions>
          <ns3:TrackPointExtension>
            <ns3:hr>142</ns3:hr>
            <ns3:cad>81</ns3:cad>
          </ns3:TrackPointExtension>
        </extensions>
      </trkpt>
      <trkpt lat="23.0499720387160778045654296875" lon="113.31770888529717922210693359375">
        <ele>2</ele>
        <time>2026-08-30T23:21:30.000Z</time>
        <extensions>
          <ns3:TrackPointExtension>
            <ns3:hr>142</ns3:hr>
            <ns3:cad>81</ns3:cad>
          </ns3:TrackPointExtension>
        </extensions>
      </trkpt>
      <trkpt lat="23.0499807558953762054443359375" lon="113.31767468713223934173583984375">
        <ele>1.7999999523162841796875</ele>
        <time>2026-08-30T23:21:31.000Z</time>
        <extensions>
          <ns3:TrackPointExtension>
            <ns3:hr>141</ns3:hr>
            <ns3:cad>81</ns3:cad>
          </ns3:TrackPointExtension>
        </extensions>
      </trkpt>
      <trkpt lat="23.049981929361820220947265625" lon="113.31765658222138881683349609375">
        <ele>1.7999999523162841796875</ele>
        <time>2026-08-30T23:21:32.000Z</time>
        <extensions>
          <ns3:TrackPointExtension>
            <ns3:hr>141</ns3:hr>
            <ns3:cad>81</ns3:cad>
          </ns3:TrackPointExtension>
        </extensions>
      </trkpt>
      <trkpt lat="23.0499763973057270050048828125" lon="113.3176363818347454071044921875">
        <ele>1.7999999523162841796875</ele>
        <time>2026-08-30T23:21:33.000Z</time>
        <extensions>
          <ns3:TrackPointExtension>
            <ns3:hr>141</ns3:hr>
            <ns3:cad>81</ns3:cad>
          </ns3:TrackPointExtension>
        </extensions>
      </trkpt>
      <trkpt lat="23.04997379891574382781982421875" lon="113.3176052011549472808837890625">
        <ele>1.7999999523162841796875</ele>
        <time>2026-08-30T23:21:34.000Z</time>
        <extensions>
          <ns3:TrackPointExtension>
            <ns3:hr>141</ns3:hr>
            <ns3:cad>81</ns3:cad>
          </ns3:TrackPointExtension>
        </extensions>
      </trkpt>
      <trkpt lat="23.04997396655380725860595703125" lon="113.3175874315202236175537109375">
        <ele>1.7999999523162841796875</ele>
        <time>2026-08-30T23:21:35.000Z</time>
        <extensions>
          <ns3:TrackPointExtension>
            <ns3:hr>141</ns3:hr>
            <ns3:cad>80</ns3:cad>
          </ns3:TrackPointExtension>
        </extensions>
      </trkpt>
      <trkpt lat="23.049969188868999481201171875" lon="113.31756790168583393096923828125">
        <ele>1.7999999523162841796875</ele>
        <time>2026-08-30T23:21:36.000Z</time>
        <extensions>
          <ns3:TrackPointExtension>
            <ns3:hr>141</ns3:hr>
            <ns3:cad>80</ns3:cad>
          </ns3:TrackPointExtension>
        </extensions>
      </trkpt>
      <trkpt lat="23.04996608756482601165771484375" lon="113.317536972463130950927734375">
        <ele>1.7999999523162841796875</ele>
        <time>2026-08-30T23:21:37.000Z</time>
        <extensions>
          <ns3:TrackPointExtension>
            <ns3:hr>141</ns3:hr>
            <ns3:cad>81</ns3:cad>
          </ns3:TrackPointExtension>
        </extensions>
      </trkpt>
      <trkpt lat="23.04996105842292308807373046875" lon="113.3175180293619632720947265625">
        <ele>2</ele>
        <time>2026-08-30T23:21:38.000Z</time>
        <extensions>
          <ns3:TrackPointExtension>
            <ns3:hr>141</ns3:hr>
            <ns3:cad>81</ns3:cad>
          </ns3:TrackPointExtension>
        </extensions>
      </trkpt>
      <trkpt lat="23.04995351471006870269775390625" lon="113.3174979127943515777587890625">
        <ele>2</ele>
        <time>2026-08-30T23:21:39.000Z</time>
        <extensions>
          <ns3:TrackPointExtension>
            <ns3:hr>141</ns3:hr>
            <ns3:cad>81</ns3:cad>
          </ns3:TrackPointExtension>
        </extensions>
      </trkpt>
      <trkpt lat="23.04995519109070301055908203125" lon="113.31747117452323436737060546875">
        <ele>2</ele>
        <time>2026-08-30T23:21:40.000Z</time>
        <extensions>
          <ns3:TrackPointExtension>
            <ns3:hr>141</ns3:hr>
            <ns3:cad>80</ns3:cad>
          </ns3:TrackPointExtension>
        </extensions>
      </trkpt>
      <trkpt lat="23.0499499104917049407958984375" lon="113.3174556680023670196533203125">
        <ele>2</ele>
        <time>2026-08-30T23:21:41.000Z</time>
        <extensions>
          <ns3:TrackPointExtension>
            <ns3:hr>141</ns3:hr>
            <ns3:cad>80</ns3:cad>
          </ns3:TrackPointExtension>
        </extensions>
      </trkpt>
      <trkpt lat="23.0499453842639923095703125" lon="113.31743010319769382476806640625">
        <ele>1.7999999523162841796875</ele>
        <time>2026-08-30T23:21:42.000Z</time>
        <extensions>
          <ns3:TrackPointExtension>
            <ns3:hr>141</ns3:hr>
            <ns3:cad>80</ns3:cad>
          </ns3:TrackPointExtension>
        </extensions>
      </trkpt>
      <trkpt lat="23.0499482341110706329345703125" lon="113.31740495748817920684814453125">
        <ele>1.7999999523162841796875</ele>
        <time>2026-08-30T23:21:43.000Z</time>
        <extensions>
          <ns3:TrackPointExtension>
            <ns3:hr>141</ns3:hr>
            <ns3:cad>80</ns3:cad>
          </ns3:TrackPointExtension>
        </extensions>
      </trkpt>
      <trkpt lat="23.04994865320622920989990234375" lon="113.31738383509218692779541015625">
        <ele>1.7999999523162841796875</ele>
        <time>2026-08-30T23:21:44.000Z</time>
        <extensions>
          <ns3:TrackPointExtension>
            <ns3:hr>141</ns3:hr>
            <ns3:cad>81</ns3:cad>
          </ns3:TrackPointExtension>
        </extensions>
      </trkpt>
      <trkpt lat="23.0499468930065631866455078125" lon="113.31735835410654544830322265625">
        <ele>1.7999999523162841796875</ele>
        <time>2026-08-30T23:21:45.000Z</time>
        <extensions>
          <ns3:TrackPointExtension>
            <ns3:hr>141</ns3:hr>
            <ns3:cad>81</ns3:cad>
          </ns3:TrackPointExtension>
        </extensions>
      </trkpt>
      <trkpt lat="23.04995066486299037933349609375" lon="113.31733656115829944610595703125">
        <ele>1.7999999523162841796875</ele>
        <time>2026-08-30T23:21:46.000Z</time>
        <extensions>
          <ns3:TrackPointExtension>
            <ns3:hr>141</ns3:hr>
            <ns3:cad>81</ns3:cad>
          </ns3:TrackPointExtension>
        </extensions>
      </trkpt>
      <trkpt lat="23.04995200596749782562255859375" lon="113.31731677986681461334228515625">
        <ele>1.7999999523162841796875</ele>
        <time>2026-08-30T23:21:47.000Z</time>
        <extensions>
          <ns3:TrackPointExtension>
            <ns3:hr>142</ns3:hr>
            <ns3:cad>80</ns3:cad>
          </ns3:TrackPointExtension>
        </extensions>
      </trkpt>
      <trkpt lat="23.0499535985291004180908203125" lon="113.3172900415956974029541015625">
        <ele>1.7999999523162841796875</ele>
        <time>2026-08-30T23:21:48.000Z</time>
        <extensions>
          <ns3:TrackPointExtension>
            <ns3:hr>142</ns3:hr>
            <ns3:cad>80</ns3:cad>
          </ns3:TrackPointExtension>
        </extensions>
      </trkpt>
      <trkpt lat="23.0499562807381153106689453125" lon="113.3172709308564662933349609375">
        <ele>1.7999999523162841796875</ele>
        <time>2026-08-30T23:21:49.000Z</time>
        <extensions>
          <ns3:TrackPointExtension>
            <ns3:hr>142</ns3:hr>
            <ns3:cad>80</ns3:cad>
          </ns3:TrackPointExtension>
        </extensions>
      </trkpt>
      <trkpt lat="23.04995368234813213348388671875" lon="113.3172541670501232147216796875">
        <ele>1.7999999523162841796875</ele>
        <time>2026-08-30T23:21:50.000Z</time>
        <extensions>
          <ns3:TrackPointExtension>
            <ns3:hr>141</ns3:hr>
            <ns3:cad>80</ns3:cad>
          </ns3:TrackPointExtension>
        </extensions>
      </trkpt>
      <trkpt lat="23.0499549396336078643798828125" lon="113.3172275125980377197265625">
        <ele>1.7999999523162841796875</ele>
        <time>2026-08-30T23:21:51.000Z</time>
        <extensions>
          <ns3:TrackPointExtension>
            <ns3:hr>141</ns3:hr>
            <ns3:cad>81</ns3:cad>
          </ns3:TrackPointExtension>
        </extensions>
      </trkpt>
      <trkpt lat="23.04995636455714702606201171875" lon="113.31721183843910694122314453125">
        <ele>1.7999999523162841796875</ele>
        <time>2026-08-30T23:21:52.000Z</time>
        <extensions>
          <ns3:TrackPointExtension>
            <ns3:hr>141</ns3:hr>
            <ns3:cad>81</ns3:cad>
          </ns3:TrackPointExtension>
        </extensions>
      </trkpt>
      <trkpt lat="23.04995150305330753326416015625" lon="113.31719465553760528564453125">
        <ele>1.7999999523162841796875</ele>
        <time>2026-08-30T23:21:53.000Z</time>
        <extensions>
          <ns3:TrackPointExtension>
            <ns3:hr>141</ns3:hr>
            <ns3:cad>81</ns3:cad>
          </ns3:TrackPointExtension>
        </extensions>
      </trkpt>
      <trkpt lat="23.04995351471006870269775390625" lon="113.3171676658093929290771484375">
        <ele>1.7999999523162841796875</ele>
        <time>2026-08-30T23:21:54.000Z</time>
        <extensions>
          <ns3:TrackPointExtension>
            <ns3:hr>141</ns3:hr>
            <ns3:cad>81</ns3:cad>
          </ns3:TrackPointExtension>
        </extensions>
      </trkpt>
      <trkpt lat="23.04994605481624603271484375" lon="113.31715266220271587371826171875">
        <ele>1.7999999523162841796875</ele>
        <time>2026-08-30T23:21:55.000Z</time>
        <extensions>
          <ns3:TrackPointExtension>
            <ns3:hr>141</ns3:hr>
            <ns3:cad>81</ns3:cad>
          </ns3:TrackPointExtension>
        </extensions>
      </trkpt>
      <trkpt lat="23.049943037331104278564453125" lon="113.31712919287383556365966796875">
        <ele>1.7999999523162841796875</ele>
        <time>2026-08-30T23:21:56.000Z</time>
        <extensions>
          <ns3:TrackPointExtension>
            <ns3:hr>140</ns3:hr>
            <ns3:cad>81</ns3:cad>
          </ns3:TrackPointExtension>
        </extensions>
      </trkpt>
      <trkpt lat="23.049945719540119171142578125" lon="113.31711159087717533111572265625">
        <ele>1.7999999523162841796875</ele>
        <time>2026-08-30T23:21:57.000Z</time>
        <extensions>
          <ns3:TrackPointExtension>
            <ns3:hr>140</ns3:hr>
            <ns3:cad>81</ns3:cad>
          </ns3:TrackPointExtension>
        </extensions>
      </trkpt>
      <trkpt lat="23.04994605481624603271484375" lon="113.317097090184688568115234375">
        <ele>1.7999999523162841796875</ele>
        <time>2026-08-30T23:21:58.000Z</time>
        <extensions>
          <ns3:TrackPointExtension>
            <ns3:hr>140</ns3:hr>
            <ns3:cad>81</ns3:cad>
          </ns3:TrackPointExtension>
        </extensions>
      </trkpt>
      <trkpt lat="23.04994379170238971710205078125" lon="113.317071609199047088623046875">
        <ele>1.60000002384185791015625</ele>
        <time>2026-08-30T23:21:59.000Z</time>
        <extensions>
          <ns3:TrackPointExtension>
            <ns3:hr>140</ns3:hr>
            <ns3:cad>81</ns3:cad>
          </ns3:TrackPointExtension>
        </extensions>
      </trkpt>
      <trkpt lat="23.049945048987865447998046875" lon="113.31705224700272083282470703125">
        <ele>1.60000002384185791015625</ele>
        <time>2026-08-30T23:22:00.000Z</time>
        <extensions>
          <ns3:TrackPointExtension>
            <ns3:hr>140</ns3:hr>
            <ns3:cad>81</ns3:cad>
          </ns3:TrackPointExtension>
        </extensions>
      </trkpt>
      <trkpt lat="23.04994077421724796295166015625" lon="113.317035734653472900390625">
        <ele>1.60000002384185791015625</ele>
        <time>2026-08-30T23:22:01.000Z</time>
        <extensions>
          <ns3:TrackPointExtension>
            <ns3:hr>140</ns3:hr>
            <ns3:cad>81</ns3:cad>
          </ns3:TrackPointExtension>
        </extensions>
      </trkpt>
      <trkpt lat="23.04993264377117156982421875" lon="113.31700958311557769775390625">
        <ele>1.60000002384185791015625</ele>
        <time>2026-08-30T23:22:02.000Z</time>
        <extensions>
          <ns3:TrackPointExtension>
            <ns3:hr>140</ns3:hr>
            <ns3:cad>81</ns3:cad>
          </ns3:TrackPointExtension>
        </extensions>
      </trkpt>
      <trkpt lat="23.04993222467601299285888671875" lon="113.3169901371002197265625">
        <ele>1.60000002384185791015625</ele>
        <time>2026-08-30T23:22:03.000Z</time>
        <extensions>
          <ns3:TrackPointExtension>
            <ns3:hr>140</ns3:hr>
            <ns3:cad>81</ns3:cad>
          </ns3:TrackPointExtension>
        </extensions>
      </trkpt>
      <trkpt lat="23.04992459714412689208984375" lon="113.31697873771190643310546875">
        <ele>1.60000002384185791015625</ele>
        <time>2026-08-30T23:22:04.000Z</time>
        <extensions>
          <ns3:TrackPointExtension>
            <ns3:hr>140</ns3:hr>
            <ns3:cad>81</ns3:cad>
          </ns3:TrackPointExtension>
        </extensions>
      </trkpt>
      <trkpt lat="23.04991110228002071380615234375" lon="113.3169547654688358306884765625">
        <ele>1.60000002384185791015625</ele>
        <time>2026-08-30T23:22:05.000Z</time>
        <extensions>
          <ns3:TrackPointExtension>
            <ns3:hr>140</ns3:hr>
            <ns3:cad>81</ns3:cad>
          </ns3:TrackPointExtension>
        </extensions>
      </trkpt>
      <trkpt lat="23.04990557022392749786376953125" lon="113.31693942658603191375732421875">
        <ele>1.60000002384185791015625</ele>
        <time>2026-08-30T23:22:06.000Z</time>
        <extensions>
          <ns3:TrackPointExtension>
            <ns3:hr>140</ns3:hr>
            <ns3:cad>81</ns3:cad>
          </ns3:TrackPointExtension>
        </extensions>
      </trkpt>
      <trkpt lat="23.049888722598552703857421875" lon="113.3169292844831943511962890625">
        <ele>1.60000002384185791015625</ele>
        <time>2026-08-30T23:22:07.000Z</time>
        <extensions>
          <ns3:TrackPointExtension>
            <ns3:hr>140</ns3:hr>
            <ns3:cad>81</ns3:cad>
          </ns3:TrackPointExtension>
        </extensions>
      </trkpt>
      <trkpt lat="23.04987430572509765625" lon="113.316910676658153533935546875">
        <ele>1.60000002384185791015625</ele>
        <time>2026-08-30T23:22:08.000Z</time>
        <extensions>
          <ns3:TrackPointExtension>
            <ns3:hr>140</ns3:hr>
            <ns3:cad>81</ns3:cad>
          </ns3:TrackPointExtension>
        </extensions>
      </trkpt>
      <trkpt lat="23.04985796101391315460205078125" lon="113.31690673716366291046142578125">
        <ele>1.60000002384185791015625</ele>
        <time>2026-08-30T23:22:09.000Z</time>
        <extensions>
          <ns3:TrackPointExtension>
            <ns3:hr>140</ns3:hr>
            <ns3:cad>81</ns3:cad>
          </ns3:TrackPointExtension>
        </extensions>
      </trkpt>
      <trkpt lat="23.0498385988175868988037109375" lon="113.3168957568705081939697265625">
        <ele>1.60000002384185791015625</ele>
        <time>2026-08-30T23:22:10.000Z</time>
        <extensions>
          <ns3:TrackPointExtension>
            <ns3:hr>141</ns3:hr>
            <ns3:cad>81</ns3:cad>
          </ns3:TrackPointExtension>
        </extensions>
      </trkpt>
      <trkpt lat="23.04981890134513378143310546875" lon="113.31688083708286285400390625">
        <ele>1.7999999523162841796875</ele>
        <time>2026-08-30T23:22:11.000Z</time>
        <extensions>
          <ns3:TrackPointExtension>
            <ns3:hr>141</ns3:hr>
            <ns3:cad>81</ns3:cad>
          </ns3:TrackPointExtension>
        </extensions>
      </trkpt>
      <trkpt lat="23.0498057417571544647216796875" lon="113.3168856985867023468017578125">
        <ele>1.7999999523162841796875</ele>
        <time>2026-08-30T23:22:12.000Z</time>
        <extensions>
          <ns3:TrackPointExtension>
            <ns3:hr>141</ns3:hr>
            <ns3:cad>81</ns3:cad>
          </ns3:TrackPointExtension>
        </extensions>
      </trkpt>
      <trkpt lat="23.04978855885565280914306640625" lon="113.3168796636164188385009765625">
        <ele>1.60000002384185791015625</ele>
        <time>2026-08-30T23:22:13.000Z</time>
        <extensions>
          <ns3:TrackPointExtension>
            <ns3:hr>141</ns3:hr>
            <ns3:cad>81</ns3:cad>
          </ns3:TrackPointExtension>
        </extensions>
      </trkpt>
      <trkpt lat="23.04977112449705600738525390625" lon="113.3168709464371204376220703125">
        <ele>1.60000002384185791015625</ele>
        <time>2026-08-30T23:22:14.000Z</time>
        <extensions>
          <ns3:TrackPointExtension>
            <ns3:hr>141</ns3:hr>
            <ns3:cad>81</ns3:cad>
          </ns3:TrackPointExtension>
        </extensions>
      </trkpt>
      <trkpt lat="23.049754612147808074951171875" lon="113.316867090761661529541015625">
        <ele>1.60000002384185791015625</ele>
        <time>2026-08-30T23:22:15.000Z</time>
        <extensions>
          <ns3:TrackPointExtension>
            <ns3:hr>141</ns3:hr>
            <ns3:cad>82</ns3:cad>
          </ns3:TrackPointExtension>
        </extensions>
      </trkpt>
      <trkpt lat="23.04972879588603973388671875" lon="113.3168565295636653900146484375">
        <ele>1.60000002384185791015625</ele>
        <time>2026-08-30T23:22:16.000Z</time>
        <extensions>
          <ns3:TrackPointExtension>
            <ns3:hr>141</ns3:hr>
            <ns3:cad>82</ns3:cad>
          </ns3:TrackPointExtension>
        </extensions>
      </trkpt>
      <trkpt lat="23.0497088469564914703369140625" lon="113.31685133278369903564453125">
        <ele>1.60000002384185791015625</ele>
        <time>2026-08-30T23:22:17.000Z</time>
        <extensions>
          <ns3:TrackPointExtension>
            <ns3:hr>141</ns3:hr>
            <ns3:cad>81</ns3:cad>
          </ns3:TrackPointExtension>
        </extensions>
      </trkpt>
      <trkpt lat="23.0496830306947231292724609375" lon="113.31685669720172882080078125">
        <ele>1.60000002384185791015625</ele>
        <time>2026-08-30T23:22:18.000Z</time>
        <extensions>
          <ns3:TrackPointExtension>
            <ns3:hr>141</ns3:hr>
            <ns3:cad>81</ns3:cad>
          </ns3:TrackPointExtension>
        </extensions>
      </trkpt>
      <trkpt lat="23.04965428076684474945068359375" lon="113.31685309298336505889892578125">
        <ele>1.60000002384185791015625</ele>
        <time>2026-08-30T23:22:19.000Z</time>
        <extensions>
          <ns3:TrackPointExtension>
            <ns3:hr>141</ns3:hr>
            <ns3:cad>81</ns3:cad>
          </ns3:TrackPointExtension>
        </extensions>
      </trkpt>
      <trkpt lat="23.0496384389698505401611328125" lon="113.31685527227818965911865234375">
        <ele>1.60000002384185791015625</ele>
        <time>2026-08-30T23:22:20.000Z</time>
        <extensions>
          <ns3:TrackPointExtension>
            <ns3:hr>141</ns3:hr>
            <ns3:cad>81</ns3:cad>
          </ns3:TrackPointExtension>
        </extensions>
      </trkpt>
      <trkpt lat="23.04961480200290679931640625" lon="113.3168582059442996978759765625">
        <ele>1.60000002384185791015625</ele>
        <time>2026-08-30T23:22:21.000Z</time>
        <extensions>
          <ns3:TrackPointExtension>
            <ns3:hr>141</ns3:hr>
            <ns3:cad>81</ns3:cad>
          </ns3:TrackPointExtension>
        </extensions>
      </trkpt>
      <trkpt lat="23.04958588443696498870849609375" lon="113.3168558590114116668701171875">
        <ele>1.60000002384185791015625</ele>
        <time>2026-08-30T23:22:22.000Z</time>
        <extensions>
          <ns3:TrackPointExtension>
            <ns3:hr>141</ns3:hr>
            <ns3:cad>81</ns3:cad>
          </ns3:TrackPointExtension>
        </extensions>
      </trkpt>
      <trkpt lat="23.049572892487049102783203125" lon="113.316861726343631744384765625">
        <ele>1.60000002384185791015625</ele>
        <time>2026-08-30T23:22:23.000Z</time>
        <extensions>
          <ns3:TrackPointExtension>
            <ns3:hr>141</ns3:hr>
            <ns3:cad>81</ns3:cad>
          </ns3:TrackPointExtension>
        </extensions>
      </trkpt>
      <trkpt lat="23.0495492555201053619384765625" lon="113.316858373582363128662109375">
        <ele>1.60000002384185791015625</ele>
        <time>2026-08-30T23:22:24.000Z</time>
        <extensions>
          <ns3:TrackPointExtension>
            <ns3:hr>141</ns3:hr>
            <ns3:cad>81</ns3:cad>
          </ns3:TrackPointExtension>
        </extensions>
      </trkpt>
      <trkpt lat="23.04952184669673442840576171875" lon="113.3168518356978893280029296875">
        <ele>1.60000002384185791015625</ele>
        <time>2026-08-30T23:22:25.000Z</time>
        <extensions>
          <ns3:TrackPointExtension>
            <ns3:hr>141</ns3:hr>
            <ns3:cad>81</ns3:cad>
          </ns3:TrackPointExtension>
        </extensions>
      </trkpt>
      <trkpt lat="23.0495108664035797119140625" lon="113.31684873439371585845947265625">
        <ele>1.60000002384185791015625</ele>
        <time>2026-08-30T23:22:26.000Z</time>
        <extensions>
          <ns3:TrackPointExtension>
            <ns3:hr>141</ns3:hr>
            <ns3:cad>81</ns3:cad>
          </ns3:TrackPointExtension>
        </extensions>
      </trkpt>
      <trkpt lat="23.0494868941605091094970703125" lon="113.3168283663690090179443359375">
        <ele>1.39999997615814208984375</ele>
        <time>2026-08-30T23:22:27.000Z</time>
        <extensions>
          <ns3:TrackPointExtension>
            <ns3:hr>141</ns3:hr>
            <ns3:cad>81</ns3:cad>
          </ns3:TrackPointExtension>
        </extensions>
      </trkpt>
      <trkpt lat="23.0494708009064197540283203125" lon="113.31681621260941028594970703125">
        <ele>1.39999997615814208984375</ele>
        <time>2026-08-30T23:22:28.000Z</time>
        <extensions>
          <ns3:TrackPointExtension>
            <ns3:hr>141</ns3:hr>
            <ns3:cad>81</ns3:cad>
          </ns3:TrackPointExtension>
        </extensions>
      </trkpt>
      <trkpt lat="23.04945697076618671417236328125" lon="113.316802717745304107666015625">
        <ele>1.39999997615814208984375</ele>
        <time>2026-08-30T23:22:29.000Z</time>
        <extensions>
          <ns3:TrackPointExtension>
            <ns3:hr>141</ns3:hr>
            <ns3:cad>81</ns3:cad>
          </ns3:TrackPointExtension>
        </extensions>
      </trkpt>
      <trkpt lat="23.04944138042628765106201171875" lon="113.31678159534931182861328125">
        <ele>1.39999997615814208984375</ele>
        <time>2026-08-30T23:22:30.000Z</time>
        <extensions>
          <ns3:TrackPointExtension>
            <ns3:hr>141</ns3:hr>
            <ns3:cad>81</ns3:cad>
          </ns3:TrackPointExtension>
        </extensions>
      </trkpt>
      <trkpt lat="23.04943467490375041961669921875" lon="113.31676139496266841888427734375">
        <ele>1.39999997615814208984375</ele>
        <time>2026-08-30T23:22:31.000Z</time>
        <extensions>
          <ns3:TrackPointExtension>
            <ns3:hr>141</ns3:hr>
            <ns3:cad>81</ns3:cad>
          </ns3:TrackPointExtension>
        </extensions>
      </trkpt>
      <trkpt lat="23.04942444898188114166259765625" lon="113.31673893146216869354248046875">
        <ele>1.60000002384185791015625</ele>
        <time>2026-08-30T23:22:32.000Z</time>
        <extensions>
          <ns3:TrackPointExtension>
            <ns3:hr>142</ns3:hr>
            <ns3:cad>81</ns3:cad>
          </ns3:TrackPointExtension>
        </extensions>
      </trkpt>
      <trkpt lat="23.0494252033531665802001953125" lon="113.3167093433439731597900390625">
        <ele>1.60000002384185791015625</ele>
        <time>2026-08-30T23:22:33.000Z</time>
        <extensions>
          <ns3:TrackPointExtension>
            <ns3:hr>141</ns3:hr>
            <ns3:cad>81</ns3:cad>
          </ns3:TrackPointExtension>
        </extensions>
      </trkpt>
      <trkpt lat="23.04942168295383453369140625" lon="113.3166902326047420501708984375">
        <ele>1.60000002384185791015625</ele>
        <time>2026-08-30T23:22:34.000Z</time>
        <extensions>
          <ns3:TrackPointExtension>
            <ns3:hr>141</ns3:hr>
            <ns3:cad>81</ns3:cad>
          </ns3:TrackPointExtension>
        </extensions>
      </trkpt>
      <trkpt lat="23.04941824637353420257568359375" lon="113.31666148267686367034912109375">
        <ele>1.60000002384185791015625</ele>
        <time>2026-08-30T23:22:35.000Z</time>
        <extensions>
          <ns3:TrackPointExtension>
            <ns3:hr>141</ns3:hr>
            <ns3:cad>80</ns3:cad>
          </ns3:TrackPointExtension>
        </extensions>
      </trkpt>
      <trkpt lat="23.049414642155170440673828125" lon="113.31663466058671474456787109375">
        <ele>1.7999999523162841796875</ele>
        <time>2026-08-30T23:22:36.000Z</time>
        <extensions>
          <ns3:TrackPointExtension>
            <ns3:hr>142</ns3:hr>
            <ns3:cad>80</ns3:cad>
          </ns3:TrackPointExtension>
        </extensions>
      </trkpt>
      <trkpt lat="23.04940558969974517822265625" lon="113.31661420874297618865966796875">
        <ele>1.7999999523162841796875</ele>
        <time>2026-08-30T23:22:37.000Z</time>
        <extensions>
          <ns3:TrackPointExtension>
            <ns3:hr>142</ns3:hr>
            <ns3:cad>80</ns3:cad>
          </ns3:TrackPointExtension>
        </extensions>
      </trkpt>
      <trkpt lat="23.04940165020525455474853515625" lon="113.3165816031396389007568359375">
        <ele>1.7999999523162841796875</ele>
        <time>2026-08-30T23:22:38.000Z</time>
        <extensions>
          <ns3:TrackPointExtension>
            <ns3:hr>142</ns3:hr>
            <ns3:cad>80</ns3:cad>
          </ns3:TrackPointExtension>
        </extensions>
      </trkpt>
      <trkpt lat="23.04941229522228240966796875" lon="113.3165534399449825286865234375">
        <ele>1.60000002384185791015625</ele>
        <time>2026-08-30T23:22:39.000Z</time>
        <extensions>
          <ns3:TrackPointExtension>
            <ns3:hr>142</ns3:hr>
            <ns3:cad>80</ns3:cad>
          </ns3:TrackPointExtension>
        </extensions>
      </trkpt>
      <trkpt lat="23.0494129657745361328125" lon="113.31653441302478313446044921875">
        <ele>1.60000002384185791015625</ele>
        <time>2026-08-30T23:22:40.000Z</time>
        <extensions>
          <ns3:TrackPointExtension>
            <ns3:hr>142</ns3:hr>
            <ns3:cad>80</ns3:cad>
          </ns3:TrackPointExtension>
        </extensions>
      </trkpt>
      <trkpt lat="23.04942905902862548828125" lon="113.316494934260845184326171875">
        <ele>1.60000002384185791015625</ele>
        <time>2026-08-30T23:22:41.000Z</time>
        <extensions>
          <ns3:TrackPointExtension>
            <ns3:hr>142</ns3:hr>
            <ns3:cad>81</ns3:cad>
          </ns3:TrackPointExtension>
        </extensions>
      </trkpt>
      <trkpt lat="23.04944003932178020477294921875" lon="113.31647557206451892852783203125">
        <ele>1.60000002384185791015625</ele>
        <time>2026-08-30T23:22:42.000Z</time>
        <extensions>
          <ns3:TrackPointExtension>
            <ns3:hr>142</ns3:hr>
            <ns3:cad>81</ns3:cad>
          </ns3:TrackPointExtension>
        </extensions>
      </trkpt>
      <trkpt lat="23.0494567193090915679931640625" lon="113.3164525218307971954345703125">
        <ele>1.39999997615814208984375</ele>
        <time>2026-08-30T23:22:43.000Z</time>
        <extensions>
          <ns3:TrackPointExtension>
            <ns3:hr>143</ns3:hr>
            <ns3:cad>81</ns3:cad>
          </ns3:TrackPointExtension>
        </extensions>
      </trkpt>
      <trkpt lat="23.049480356276035308837890625" lon="113.31643366254866123199462890625">
        <ele>1.39999997615814208984375</ele>
        <time>2026-08-30T23:22:44.000Z</time>
        <extensions>
          <ns3:TrackPointExtension>
            <ns3:hr>142</ns3:hr>
            <ns3:cad>81</ns3:cad>
          </ns3:TrackPointExtension>
        </extensions>
      </trkpt>
      <trkpt lat="23.04950340650975704193115234375" lon="113.31642360426485538482666015625">
        <ele>1.39999997615814208984375</ele>
        <time>2026-08-30T23:22:45.000Z</time>
        <extensions>
          <ns3:TrackPointExtension>
            <ns3:hr>142</ns3:hr>
            <ns3:cad>81</ns3:cad>
          </ns3:TrackPointExtension>
        </extensions>
      </trkpt>
      <trkpt lat="23.0495264567434787750244140625" lon="113.31641807220876216888427734375">
        <ele>1.60000002384185791015625</ele>
        <time>2026-08-30T23:22:46.000Z</time>
        <extensions>
          <ns3:TrackPointExtension>
            <ns3:hr>141</ns3:hr>
            <ns3:cad>81</ns3:cad>
          </ns3:TrackPointExtension>
        </extensions>
      </trkpt>
      <trkpt lat="23.04955068044364452362060546875" lon="113.31641941331326961517333984375">
        <ele>1.60000002384185791015625</ele>
        <time>2026-08-30T23:22:47.000Z</time>
        <extensions>
          <ns3:TrackPointExtension>
            <ns3:hr>141</ns3:hr>
            <ns3:cad>81</ns3:cad>
          </ns3:TrackPointExtension>
        </extensions>
      </trkpt>
      <trkpt lat="23.0495740659534931182861328125" lon="113.3164146356284618377685546875">
        <ele>1.7999999523162841796875</ele>
        <time>2026-08-30T23:22:48.000Z</time>
        <extensions>
          <ns3:TrackPointExtension>
            <ns3:hr>142</ns3:hr>
            <ns3:cad>81</ns3:cad>
          </ns3:TrackPointExtension>
        </extensions>
      </trkpt>
      <trkpt lat="23.0496045760810375213623046875" lon="113.31641220487654209136962890625">
        <ele>1.7999999523162841796875</ele>
        <time>2026-08-30T23:22:49.000Z</time>
        <extensions>
          <ns3:TrackPointExtension>
            <ns3:hr>142</ns3:hr>
            <ns3:cad>81</ns3:cad>
          </ns3:TrackPointExtension>
        </extensions>
      </trkpt>
      <trkpt lat="23.04963433183729648590087890625" lon="113.3164159767329692840576171875">
        <ele>1.60000002384185791015625</ele>
        <time>2026-08-30T23:22:50.000Z</time>
        <extensions>
          <ns3:TrackPointExtension>
            <ns3:hr>142</ns3:hr>
            <ns3:cad>81</ns3:cad>
          </ns3:TrackPointExtension>
        </extensions>
      </trkpt>
      <trkpt lat="23.0496568791568279266357421875" lon="113.31641086377203464508056640625">
        <ele>1.39999997615814208984375</ele>
        <time>2026-08-30T23:22:51.000Z</time>
        <extensions>
          <ns3:TrackPointExtension>
            <ns3:hr>142</ns3:hr>
            <ns3:cad>81</ns3:cad>
          </ns3:TrackPointExtension>
        </extensions>
      </trkpt>
      <trkpt lat="23.0496833659708499908447265625" lon="113.31640147604048252105712890625">
        <ele>1.39999997615814208984375</ele>
        <time>2026-08-30T23:22:52.000Z</time>
        <extensions>
          <ns3:TrackPointExtension>
            <ns3:hr>142</ns3:hr>
            <ns3:cad>81</ns3:cad>
          </ns3:TrackPointExtension>
        </extensions>
      </trkpt>
      <trkpt lat="23.04970909841358661651611328125" lon="113.31640030257403850555419921875">
        <ele>1.2000000476837158203125</ele>
        <time>2026-08-30T23:22:53.000Z</time>
        <extensions>
          <ns3:TrackPointExtension>
            <ns3:hr>141</ns3:hr>
            <ns3:cad>81</ns3:cad>
          </ns3:TrackPointExtension>
        </extensions>
      </trkpt>
      <trkpt lat="23.0497323162853717803955078125" lon="113.3163904957473278045654296875">
        <ele>1.2000000476837158203125</ele>
        <time>2026-08-30T23:22:54.000Z</time>
        <extensions>
          <ns3:TrackPointExtension>
            <ns3:hr>141</ns3:hr>
            <ns3:cad>82</ns3:cad>
          </ns3:TrackPointExtension>
        </extensions>
      </trkpt>
      <trkpt lat="23.04976089857518672943115234375" lon="113.31637716852128505706787109375">
        <ele>1.2000000476837158203125</ele>
        <time>2026-08-30T23:22:55.000Z</time>
        <extensions>
          <ns3:TrackPointExtension>
            <ns3:hr>141</ns3:hr>
            <ns3:cad>82</ns3:cad>
          </ns3:TrackPointExtension>
        </extensions>
      </trkpt>
      <trkpt lat="23.0497738905251026153564453125" lon="113.3163673616945743560791015625">
        <ele>1.2000000476837158203125</ele>
        <time>2026-08-30T23:22:56.000Z</time>
        <extensions>
          <ns3:TrackPointExtension>
            <ns3:hr>142</ns3:hr>
            <ns3:cad>82</ns3:cad>
          </ns3:TrackPointExtension>
        </extensions>
      </trkpt>
      <trkpt lat="23.04978839121758937835693359375" lon="113.316348083317279815673828125">
        <ele>1.2000000476837158203125</ele>
        <time>2026-08-30T23:22:57.000Z</time>
        <extensions>
          <ns3:TrackPointExtension>
            <ns3:hr>141</ns3:hr>
            <ns3:cad>81</ns3:cad>
          </ns3:TrackPointExtension>
        </extensions>
      </trkpt>
      <trkpt lat="23.04980766959488391876220703125" lon="113.31633224152028560638427734375">
        <ele>1.39999997615814208984375</ele>
        <time>2026-08-30T23:22:58.000Z</time>
        <extensions>
          <ns3:TrackPointExtension>
            <ns3:hr>141</ns3:hr>
            <ns3:cad>81</ns3:cad>
          </ns3:TrackPointExtension>
        </extensions>
      </trkpt>
      <trkpt lat="23.04982560686767101287841796875" lon="113.31632033921778202056884765625">
        <ele>1.39999997615814208984375</ele>
        <time>2026-08-30T23:22:59.000Z</time>
        <extensions>
          <ns3:TrackPointExtension>
            <ns3:hr>140</ns3:hr>
            <ns3:cad>81</ns3:cad>
          </ns3:TrackPointExtension>
        </extensions>
      </trkpt>
      <trkpt lat="23.04983968846499919891357421875" lon="113.316301144659519195556640625">
        <ele>1.39999997615814208984375</ele>
        <time>2026-08-30T23:23:00.000Z</time>
        <extensions>
          <ns3:TrackPointExtension>
            <ns3:hr>140</ns3:hr>
            <ns3:cad>81</ns3:cad>
          </ns3:TrackPointExtension>
        </extensions>
      </trkpt>
      <trkpt lat="23.04985217750072479248046875" lon="113.3162828721106052398681640625">
        <ele>1.39999997615814208984375</ele>
        <time>2026-08-30T23:23:01.000Z</time>
        <extensions>
          <ns3:TrackPointExtension>
            <ns3:hr>140</ns3:hr>
            <ns3:cad>81</ns3:cad>
          </ns3:TrackPointExtension>
        </extensions>
      </trkpt>
      <trkpt lat="23.04985393770039081573486328125" lon="113.31626317463815212249755859375">
        <ele>1.39999997615814208984375</ele>
        <time>2026-08-30T23:23:02.000Z</time>
        <extensions>
          <ns3:TrackPointExtension>
            <ns3:hr>141</ns3:hr>
            <ns3:cad>81</ns3:cad>
          </ns3:TrackPointExtension>
        </extensions>
      </trkpt>
      <trkpt lat="23.0498657561838626861572265625" lon="113.31623450852930545806884765625">
        <ele>1.39999997615814208984375</ele>
        <time>2026-08-30T23:23:03.000Z</time>
        <extensions>
          <ns3:TrackPointExtension>
            <ns3:hr>141</ns3:hr>
            <ns3:cad>81</ns3:cad>
          </ns3:TrackPointExtension>
        </extensions>
      </trkpt>
      <trkpt lat="23.04987497627735137939453125" lon="113.3162148110568523406982421875">
        <ele>1.39999997615814208984375</ele>
        <time>2026-08-30T23:23:04.000Z</time>
        <extensions>
          <ns3:TrackPointExtension>
            <ns3:hr>140</ns3:hr>
            <ns3:cad>81</ns3:cad>
          </ns3:TrackPointExtension>
        </extensions>
      </trkpt>
      <trkpt lat="23.04987506009638309478759765625" lon="113.3161923475563526153564453125">
        <ele>1.39999997615814208984375</ele>
        <time>2026-08-30T23:23:05.000Z</time>
        <extensions>
          <ns3:TrackPointExtension>
            <ns3:hr>140</ns3:hr>
            <ns3:cad>81</ns3:cad>
          </ns3:TrackPointExtension>
        </extensions>
      </trkpt>
      <trkpt lat="23.04988176561892032623291015625" lon="113.31616393290460109710693359375">
        <ele>1.39999997615814208984375</ele>
        <time>2026-08-30T23:23:06.000Z</time>
        <extensions>
          <ns3:TrackPointExtension>
            <ns3:hr>140</ns3:hr>
            <ns3:cad>81</ns3:cad>
          </ns3:TrackPointExtension>
        </extensions>
      </trkpt>
      <trkpt lat="23.049884699285030364990234375" lon="113.31614297814667224884033203125">
        <ele>1.39999997615814208984375</ele>
        <time>2026-08-30T23:23:07.000Z</time>
        <extensions>
          <ns3:TrackPointExtension>
            <ns3:hr>140</ns3:hr>
            <ns3:cad>81</ns3:cad>
          </ns3:TrackPointExtension>
        </extensions>
      </trkpt>
      <trkpt lat="23.04988075979053974151611328125" lon="113.3161199279129505157470703125">
        <ele>1.39999997615814208984375</ele>
        <time>2026-08-30T23:23:08.000Z</time>
        <extensions>
          <ns3:TrackPointExtension>
            <ns3:hr>139</ns3:hr>
            <ns3:cad>81</ns3:cad>
          </ns3:TrackPointExtension>
        </extensions>
      </trkpt>
      <trkpt lat="23.04988344199955463409423828125" lon="113.316089250147342681884765625">
        <ele>1.39999997615814208984375</ele>
        <time>2026-08-30T23:23:09.000Z</time>
        <extensions>
          <ns3:TrackPointExtension>
            <ns3:hr>140</ns3:hr>
            <ns3:cad>81</ns3:cad>
          </ns3:TrackPointExtension>
        </extensions>
      </trkpt>
      <trkpt lat="23.04987723939120769500732421875" lon="113.3160642720758914947509765625">
        <ele>1.39999997615814208984375</ele>
        <time>2026-08-30T23:23:10.000Z</time>
        <extensions>
          <ns3:TrackPointExtension>
            <ns3:hr>140</ns3:hr>
            <ns3:cad>81</ns3:cad>
          </ns3:TrackPointExtension>
        </extensions>
      </trkpt>
      <trkpt lat="23.0498761497437953948974609375" lon="113.31603770144283771514892578125">
        <ele>1.39999997615814208984375</ele>
        <time>2026-08-30T23:23:11.000Z</time>
        <extensions>
          <ns3:TrackPointExtension>
            <ns3:hr>139</ns3:hr>
            <ns3:cad>81</ns3:cad>
          </ns3:TrackPointExtension>
        </extensions>
      </trkpt>
      <trkpt lat="23.0498774908483028411865234375" lon="113.3160097897052764892578125">
        <ele>1.39999997615814208984375</ele>
        <time>2026-08-30T23:23:12.000Z</time>
        <extensions>
          <ns3:TrackPointExtension>
            <ns3:hr>140</ns3:hr>
            <ns3:cad>81</ns3:cad>
          </ns3:TrackPointExtension>
        </extensions>
      </trkpt>
      <trkpt lat="23.04987304843962192535400390625" lon="113.315995037555694580078125">
        <ele>1.39999997615814208984375</ele>
        <time>2026-08-30T23:23:13.000Z</time>
        <extensions>
          <ns3:TrackPointExtension>
            <ns3:hr>140</ns3:hr>
            <ns3:cad>81</ns3:cad>
          </ns3:TrackPointExtension>
        </extensions>
      </trkpt>
      <trkpt lat="23.04986885748803615570068359375" lon="113.31596888601779937744140625">
        <ele>1.60000002384185791015625</ele>
        <time>2026-08-30T23:23:14.000Z</time>
        <extensions>
          <ns3:TrackPointExtension>
            <ns3:hr>139</ns3:hr>
            <ns3:cad>81</ns3:cad>
          </ns3:TrackPointExtension>
        </extensions>
      </trkpt>
      <trkpt lat="23.0498734675347805023193359375" lon="113.3159455843269824981689453125">
        <ele>1.39999997615814208984375</ele>
        <time>2026-08-30T23:23:15.000Z</time>
        <extensions>
          <ns3:TrackPointExtension>
            <ns3:hr>140</ns3:hr>
            <ns3:cad>81</ns3:cad>
          </ns3:TrackPointExtension>
        </extensions>
      </trkpt>
      <trkpt lat="23.04986936040222644805908203125" lon="113.31593024544417858123779296875">
        <ele>1.39999997615814208984375</ele>
        <time>2026-08-30T23:23:16.000Z</time>
        <extensions>
          <ns3:TrackPointExtension>
            <ns3:hr>140</ns3:hr>
            <ns3:cad>81</ns3:cad>
          </ns3:TrackPointExtension>
        </extensions>
      </trkpt>
      <trkpt lat="23.049871288239955902099609375" lon="113.31590292043983936309814453125">
        <ele>1.2000000476837158203125</ele>
        <time>2026-08-30T23:23:17.000Z</time>
        <extensions>
          <ns3:TrackPointExtension>
            <ns3:hr>139</ns3:hr>
            <ns3:cad>81</ns3:cad>
          </ns3:TrackPointExtension>
        </extensions>
      </trkpt>
      <trkpt lat="23.0498764850199222564697265625" lon="113.3158848993480205535888671875">
        <ele>1.2000000476837158203125</ele>
        <time>2026-08-30T23:23:18.000Z</time>
        <extensions>
          <ns3:TrackPointExtension>
            <ns3:hr>140</ns3:hr>
            <ns3:cad>81</ns3:cad>
          </ns3:TrackPointExtension>
        </extensions>
      </trkpt>
      <trkpt lat="23.04987070150673389434814453125" lon="113.31586939282715320587158203125">
        <ele>1.2000000476837158203125</ele>
        <time>2026-08-30T23:23:19.000Z</time>
        <extensions>
          <ns3:TrackPointExtension>
            <ns3:hr>139</ns3:hr>
            <ns3:cad>81</ns3:cad>
          </ns3:TrackPointExtension>
        </extensions>
      </trkpt>
      <trkpt lat="23.04986332543194293975830078125" lon="113.3158386312425136566162109375">
        <ele>1.2000000476837158203125</ele>
        <time>2026-08-30T23:23:20.000Z</time>
        <extensions>
          <ns3:TrackPointExtension>
            <ns3:hr>139</ns3:hr>
            <ns3:cad>81</ns3:cad>
          </ns3:TrackPointExtension>
        </extensions>
      </trkpt>
      <trkpt lat="23.0498674325644969940185546875" lon="113.31581893377006053924560546875">
        <ele>1.2000000476837158203125</ele>
        <time>2026-08-30T23:23:21.000Z</time>
        <extensions>
          <ns3:TrackPointExtension>
            <ns3:hr>139</ns3:hr>
            <ns3:cad>81</ns3:cad>
          </ns3:TrackPointExtension>
        </extensions>
      </trkpt>
      <trkpt lat="23.0498627386987209320068359375" lon="113.31579722464084625244140625">
        <ele>1.2000000476837158203125</ele>
        <time>2026-08-30T23:23:22.000Z</time>
        <extensions>
          <ns3:TrackPointExtension>
            <ns3:hr>140</ns3:hr>
            <ns3:cad>81</ns3:cad>
          </ns3:TrackPointExtension>
        </extensions>
      </trkpt>
      <trkpt lat="23.04985888302326202392578125" lon="113.31576906144618988037109375">
        <ele>1.39999997615814208984375</ele>
        <time>2026-08-30T23:23:23.000Z</time>
        <extensions>
          <ns3:TrackPointExtension>
            <ns3:hr>139</ns3:hr>
            <ns3:cad>81</ns3:cad>
          </ns3:TrackPointExtension>
        </extensions>
      </trkpt>
      <trkpt lat="23.049852512776851654052734375" lon="113.31575422547757625579833984375">
        <ele>1.39999997615814208984375</ele>
        <time>2026-08-30T23:23:24.000Z</time>
        <extensions>
          <ns3:TrackPointExtension>
            <ns3:hr>139</ns3:hr>
            <ns3:cad>81</ns3:cad>
          </ns3:TrackPointExtension>
        </extensions>
      </trkpt>
      <trkpt lat="23.04984681308269500732421875" lon="113.31573058851063251495361328125">
        <ele>1.39999997615814208984375</ele>
        <time>2026-08-30T23:23:25.000Z</time>
        <extensions>
          <ns3:TrackPointExtension>
            <ns3:hr>139</ns3:hr>
            <ns3:cad>81</ns3:cad>
          </ns3:TrackPointExtension>
        </extensions>
      </trkpt>
      <trkpt lat="23.049846477806568145751953125" lon="113.3157048560678958892822265625">
        <ele>1.39999997615814208984375</ele>
        <time>2026-08-30T23:23:26.000Z</time>
        <extensions>
          <ns3:TrackPointExtension>
            <ns3:hr>139</ns3:hr>
            <ns3:cad>81</ns3:cad>
          </ns3:TrackPointExtension>
        </extensions>
      </trkpt>
      <trkpt lat="23.04984086193144321441650390625" lon="113.3156870864331722259521484375">
        <ele>1.39999997615814208984375</ele>
        <time>2026-08-30T23:23:27.000Z</time>
        <extensions>
          <ns3:TrackPointExtension>
            <ns3:hr>139</ns3:hr>
            <ns3:cad>80</ns3:cad>
          </ns3:TrackPointExtension>
        </extensions>
      </trkpt>
      <trkpt lat="23.04983264766633510589599609375" lon="113.3156592585146427154541015625">
        <ele>1.39999997615814208984375</ele>
        <time>2026-08-30T23:23:28.000Z</time>
        <extensions>
          <ns3:TrackPointExtension>
            <ns3:hr>139</ns3:hr>
            <ns3:cad>80</ns3:cad>
          </ns3:TrackPointExtension>
        </extensions>
      </trkpt>
      <trkpt lat="23.0498379282653331756591796875" lon="113.3156341128051280975341796875">
        <ele>1.39999997615814208984375</ele>
        <time>2026-08-30T23:23:29.000Z</time>
        <extensions>
          <ns3:TrackPointExtension>
            <ns3:hr>139</ns3:hr>
            <ns3:cad>80</ns3:cad>
          </ns3:TrackPointExtension>
        </extensions>
      </trkpt>
      <trkpt lat="23.049838431179523468017578125" lon="113.31561542116105556488037109375">
        <ele>1.2000000476837158203125</ele>
        <time>2026-08-30T23:23:30.000Z</time>
        <extensions>
          <ns3:TrackPointExtension>
            <ns3:hr>139</ns3:hr>
            <ns3:cad>80</ns3:cad>
          </ns3:TrackPointExtension>
        </extensions>
      </trkpt>
      <trkpt lat="23.0498342402279376983642578125" lon="113.31558608449995517730712890625">
        <ele>1.2000000476837158203125</ele>
        <time>2026-08-30T23:23:31.000Z</time>
        <extensions>
          <ns3:TrackPointExtension>
            <ns3:hr>140</ns3:hr>
            <ns3:cad>81</ns3:cad>
          </ns3:TrackPointExtension>
        </extensions>
      </trkpt>
      <trkpt lat="23.0498369224369525909423828125" lon="113.3155591785907745361328125">
        <ele>1.2000000476837158203125</ele>
        <time>2026-08-30T23:23:32.000Z</time>
        <extensions>
          <ns3:TrackPointExtension>
            <ns3:hr>140</ns3:hr>
            <ns3:cad>81</ns3:cad>
          </ns3:TrackPointExtension>
        </extensions>
      </trkpt>
      <trkpt lat="23.0498328991234302520751953125" lon="113.31553839147090911865234375">
        <ele>1.2000000476837158203125</ele>
        <time>2026-08-30T23:23:33.000Z</time>
        <extensions>
          <ns3:TrackPointExtension>
            <ns3:hr>141</ns3:hr>
            <ns3:cad>80</ns3:cad>
          </ns3:TrackPointExtension>
        </extensions>
      </trkpt>
      <trkpt lat="23.049831390380859375" lon="113.31550419330596923828125">
        <ele>1.2000000476837158203125</ele>
        <time>2026-08-30T23:23:34.000Z</time>
        <extensions>
          <ns3:TrackPointExtension>
            <ns3:hr>141</ns3:hr>
            <ns3:cad>80</ns3:cad>
          </ns3:TrackPointExtension>
        </extensions>
      </trkpt>
      <trkpt lat="23.049831055104732513427734375" lon="113.31548332236707210540771484375">
        <ele>1.2000000476837158203125</ele>
        <time>2026-08-30T23:23:35.000Z</time>
        <extensions>
          <ns3:TrackPointExtension>
            <ns3:hr>142</ns3:hr>
            <ns3:cad>80</ns3:cad>
          </ns3:TrackPointExtension>
        </extensions>
      </trkpt>
      <trkpt lat="23.0498288758099079132080078125" lon="113.31546320579946041107177734375">
        <ele>1</ele>
        <time>2026-08-30T23:23:36.000Z</time>
        <extensions>
          <ns3:TrackPointExtension>
            <ns3:hr>142</ns3:hr>
            <ns3:cad>80</ns3:cad>
          </ns3:TrackPointExtension>
        </extensions>
      </trkpt>
      <trkpt lat="23.0498251877725124359130859375" lon="113.31542749889194965362548828125">
        <ele>1.2000000476837158203125</ele>
        <time>2026-08-30T23:23:37.000Z</time>
        <extensions>
          <ns3:TrackPointExtension>
            <ns3:hr>141</ns3:hr>
            <ns3:cad>81</ns3:cad>
          </ns3:TrackPointExtension>
        </extensions>
      </trkpt>
      <trkpt lat="23.049829714000225067138671875" lon="113.31540922634303569793701171875">
        <ele>1.2000000476837158203125</ele>
        <time>2026-08-30T23:23:38.000Z</time>
        <extensions>
          <ns3:TrackPointExtension>
            <ns3:hr>141</ns3:hr>
            <ns3:cad>81</ns3:cad>
          </ns3:TrackPointExtension>
        </extensions>
      </trkpt>
      <trkpt lat="23.0498246848583221435546875" lon="113.3153920434415340423583984375">
        <ele>1.2000000476837158203125</ele>
        <time>2026-08-30T23:23:39.000Z</time>
        <extensions>
          <ns3:TrackPointExtension>
            <ns3:hr>142</ns3:hr>
            <ns3:cad>81</ns3:cad>
          </ns3:TrackPointExtension>
        </extensions>
      </trkpt>
      <trkpt lat="23.04982644505798816680908203125" lon="113.31535809673368930816650390625">
        <ele>1.2000000476837158203125</ele>
        <time>2026-08-30T23:23:40.000Z</time>
        <extensions>
          <ns3:TrackPointExtension>
            <ns3:hr>142</ns3:hr>
            <ns3:cad>81</ns3:cad>
          </ns3:TrackPointExtension>
        </extensions>
      </trkpt>
      <trkpt lat="23.04982359521090984344482421875" lon="113.3153378963470458984375">
        <ele>1.2000000476837158203125</ele>
        <time>2026-08-30T23:23:41.000Z</time>
        <extensions>
          <ns3:TrackPointExtension>
            <ns3:hr>142</ns3:hr>
            <ns3:cad>81</ns3:cad>
          </ns3:TrackPointExtension>
        </extensions>
      </trkpt>
      <trkpt lat="23.04982292465865612030029296875" lon="113.31530981697142124176025390625">
        <ele>1.2000000476837158203125</ele>
        <time>2026-08-30T23:23:42.000Z</time>
        <extensions>
          <ns3:TrackPointExtension>
            <ns3:hr>142</ns3:hr>
            <ns3:cad>81</ns3:cad>
          </ns3:TrackPointExtension>
        </extensions>
      </trkpt>
      <trkpt lat="23.0498335696756839752197265625" lon="113.31528232432901859283447265625">
        <ele>1.2000000476837158203125</ele>
        <time>2026-08-30T23:23:43.000Z</time>
        <extensions>
          <ns3:TrackPointExtension>
            <ns3:hr>142</ns3:hr>
            <ns3:cad>81</ns3:cad>
          </ns3:TrackPointExtension>
        </extensions>
      </trkpt>
      <trkpt lat="23.049828372895717620849609375" lon="113.31526103429496288299560546875">
        <ele>1.2000000476837158203125</ele>
        <time>2026-08-30T23:23:44.000Z</time>
        <extensions>
          <ns3:TrackPointExtension>
            <ns3:hr>142</ns3:hr>
            <ns3:cad>81</ns3:cad>
          </ns3:TrackPointExtension>
        </extensions>
      </trkpt>
      <trkpt lat="23.04982267320156097412109375" lon="113.3152254112064838409423828125">
        <ele>1.2000000476837158203125</ele>
        <time>2026-08-30T23:23:45.000Z</time>
        <extensions>
          <ns3:TrackPointExtension>
            <ns3:hr>142</ns3:hr>
            <ns3:cad>81</ns3:cad>
          </ns3:TrackPointExtension>
        </extensions>
      </trkpt>
      <trkpt lat="23.0498246848583221435546875" lon="113.31519682891666889190673828125">
        <ele>1.2000000476837158203125</ele>
        <time>2026-08-30T23:23:46.000Z</time>
        <extensions>
          <ns3:TrackPointExtension>
            <ns3:hr>143</ns3:hr>
            <ns3:cad>81</ns3:cad>
          </ns3:TrackPointExtension>
        </extensions>
      </trkpt>
      <trkpt lat="23.04981730878353118896484375" lon="113.3151767961680889129638671875">
        <ele>1.2000000476837158203125</ele>
        <time>2026-08-30T23:23:47.000Z</time>
        <extensions>
          <ns3:TrackPointExtension>
            <ns3:hr>143</ns3:hr>
            <ns3:cad>81</ns3:cad>
          </ns3:TrackPointExtension>
        </extensions>
      </trkpt>
      <trkpt lat="23.0498131178319454193115234375" lon="113.31514452584087848663330078125">
        <ele>1.2000000476837158203125</ele>
        <time>2026-08-30T23:23:48.000Z</time>
        <extensions>
          <ns3:TrackPointExtension>
            <ns3:hr>143</ns3:hr>
            <ns3:cad>81</ns3:cad>
          </ns3:TrackPointExtension>
        </extensions>
      </trkpt>
      <trkpt lat="23.0498114414513111114501953125" lon="113.31512105651199817657470703125">
        <ele>1.2000000476837158203125</ele>
        <time>2026-08-30T23:23:49.000Z</time>
        <extensions>
          <ns3:TrackPointExtension>
            <ns3:hr>143</ns3:hr>
            <ns3:cad>81</ns3:cad>
          </ns3:TrackPointExtension>
        </extensions>
      </trkpt>
      <trkpt lat="23.0498060770332813262939453125" lon="113.31509809009730815887451171875">
        <ele>1.2000000476837158203125</ele>
        <time>2026-08-30T23:23:50.000Z</time>
        <extensions>
          <ns3:TrackPointExtension>
            <ns3:hr>142</ns3:hr>
            <ns3:cad>81</ns3:cad>
          </ns3:TrackPointExtension>
        </extensions>
      </trkpt>
      <trkpt lat="23.04980565793812274932861328125" lon="113.3150654844939708709716796875">
        <ele>1.2000000476837158203125</ele>
        <time>2026-08-30T23:23:51.000Z</time>
        <extensions>
          <ns3:TrackPointExtension>
            <ns3:hr>143</ns3:hr>
            <ns3:cad>81</ns3:cad>
          </ns3:TrackPointExtension>
        </extensions>
      </trkpt>
      <trkpt lat="23.0498000420629978179931640625" lon="113.3150470443069934844970703125">
        <ele>1.2000000476837158203125</ele>
        <time>2026-08-30T23:23:52.000Z</time>
        <extensions>
          <ns3:TrackPointExtension>
            <ns3:hr>143</ns3:hr>
            <ns3:cad>81</ns3:cad>
          </ns3:TrackPointExtension>
        </extensions>
      </trkpt>
      <trkpt lat="23.0497950129210948944091796875" lon="113.31502550281584262847900390625">
        <ele>1.2000000476837158203125</ele>
        <time>2026-08-30T23:23:53.000Z</time>
        <extensions>
          <ns3:TrackPointExtension>
            <ns3:hr>142</ns3:hr>
            <ns3:cad>81</ns3:cad>
          </ns3:TrackPointExtension>
        </extensions>
      </trkpt>
      <trkpt lat="23.0497953481972217559814453125" lon="113.3150001056492328643798828125">
        <ele>1.2000000476837158203125</ele>
        <time>2026-08-30T23:23:54.000Z</time>
        <extensions>
          <ns3:TrackPointExtension>
            <ns3:hr>142</ns3:hr>
            <ns3:cad>81</ns3:cad>
          </ns3:TrackPointExtension>
        </extensions>
      </trkpt>
      <trkpt lat="23.04978805594146251678466796875" lon="113.3149813301861286163330078125">
        <ele>1.2000000476837158203125</ele>
        <time>2026-08-30T23:23:55.000Z</time>
        <extensions>
          <ns3:TrackPointExtension>
            <ns3:hr>142</ns3:hr>
            <ns3:cad>81</ns3:cad>
          </ns3:TrackPointExtension>
        </extensions>
      </trkpt>
      <trkpt lat="23.04978000931441783905029296875" lon="113.31495903432369232177734375">
        <ele>1.2000000476837158203125</ele>
        <time>2026-08-30T23:23:56.000Z</time>
        <extensions>
          <ns3:TrackPointExtension>
            <ns3:hr>143</ns3:hr>
            <ns3:cad>81</ns3:cad>
          </ns3:TrackPointExtension>
        </extensions>
      </trkpt>
      <trkpt lat="23.0497876368463039398193359375" lon="113.314923159778118133544921875">
        <ele>1.2000000476837158203125</ele>
        <time>2026-08-30T23:23:57.000Z</time>
        <extensions>
          <ns3:TrackPointExtension>
            <ns3:hr>142</ns3:hr>
            <ns3:cad>81</ns3:cad>
          </ns3:TrackPointExtension>
        </extensions>
      </trkpt>
      <trkpt lat="23.04978235624730587005615234375" lon="113.3149079047143459320068359375">
        <ele>1.2000000476837158203125</ele>
        <time>2026-08-30T23:23:58.000Z</time>
        <extensions>
          <ns3:TrackPointExtension>
            <ns3:hr>142</ns3:hr>
            <ns3:cad>81</ns3:cad>
          </ns3:TrackPointExtension>
        </extensions>
      </trkpt>
      <trkpt lat="23.04978118278086185455322265625" lon="113.31487915478646755218505859375">
        <ele>1.2000000476837158203125</ele>
        <time>2026-08-30T23:23:59.000Z</time>
        <extensions>
          <ns3:TrackPointExtension>
            <ns3:hr>142</ns3:hr>
            <ns3:cad>80</ns3:cad>
          </ns3:TrackPointExtension>
        </extensions>
      </trkpt>
      <trkpt lat="23.049786128103733062744140625" lon="113.31485551781952381134033203125">
        <ele>1.2000000476837158203125</ele>
        <time>2026-08-30T23:24:00.000Z</time>
        <extensions>
          <ns3:TrackPointExtension>
            <ns3:hr>141</ns3:hr>
            <ns3:cad>80</ns3:cad>
          </ns3:TrackPointExtension>
        </extensions>
      </trkpt>
      <trkpt lat="23.04978109896183013916015625" lon="113.31484043039381504058837890625">
        <ele>1.2000000476837158203125</ele>
        <time>2026-08-30T23:24:01.000Z</time>
        <extensions>
          <ns3:TrackPointExtension>
            <ns3:hr>141</ns3:hr>
            <ns3:cad>80</ns3:cad>
          </ns3:TrackPointExtension>
        </extensions>
      </trkpt>
      <trkpt lat="23.0497817695140838623046875" lon="113.31480505876243114471435546875">
        <ele>1</ele>
        <time>2026-08-30T23:24:02.000Z</time>
        <extensions>
          <ns3:TrackPointExtension>
            <ns3:hr>141</ns3:hr>
            <ns3:cad>80</ns3:cad>
          </ns3:TrackPointExtension>
        </extensions>
      </trkpt>
      <trkpt lat="23.04978311061859130859375" lon="113.31478544510900974273681640625">
        <ele>1</ele>
        <time>2026-08-30T23:24:03.000Z</time>
        <extensions>
          <ns3:TrackPointExtension>
            <ns3:hr>141</ns3:hr>
            <ns3:cad>80</ns3:cad>
          </ns3:TrackPointExtension>
        </extensions>
      </trkpt>
      <trkpt lat="23.04977439343929290771484375" lon="113.31476549617946147918701171875">
        <ele>1</ele>
        <time>2026-08-30T23:24:04.000Z</time>
        <extensions>
          <ns3:TrackPointExtension>
            <ns3:hr>140</ns3:hr>
            <ns3:cad>81</ns3:cad>
          </ns3:TrackPointExtension>
        </extensions>
      </trkpt>
      <trkpt lat="23.04976844228804111480712890625" lon="113.31473599188029766082763671875">
        <ele>1.2000000476837158203125</ele>
        <time>2026-08-30T23:24:05.000Z</time>
        <extensions>
          <ns3:TrackPointExtension>
            <ns3:hr>140</ns3:hr>
            <ns3:cad>81</ns3:cad>
          </ns3:TrackPointExtension>
        </extensions>
      </trkpt>
      <trkpt lat="23.049765340983867645263671875" lon="113.3147097565233707427978515625">
        <ele>1.39999997615814208984375</ele>
        <time>2026-08-30T23:24:06.000Z</time>
        <extensions>
          <ns3:TrackPointExtension>
            <ns3:hr>140</ns3:hr>
            <ns3:cad>80</ns3:cad>
          </ns3:TrackPointExtension>
        </extensions>
      </trkpt>
      <trkpt lat="23.0497603118419647216796875" lon="113.3146874606609344482421875">
        <ele>1.39999997615814208984375</ele>
        <time>2026-08-30T23:24:07.000Z</time>
        <extensions>
          <ns3:TrackPointExtension>
            <ns3:hr>140</ns3:hr>
            <ns3:cad>80</ns3:cad>
          </ns3:TrackPointExtension>
        </extensions>
      </trkpt>
      <trkpt lat="23.04977933876216411590576171875" lon="113.3146561123430728912353515625">
        <ele>1.39999997615814208984375</ele>
        <time>2026-08-30T23:24:08.000Z</time>
        <extensions>
          <ns3:TrackPointExtension>
            <ns3:hr>141</ns3:hr>
            <ns3:cad>81</ns3:cad>
          </ns3:TrackPointExtension>
        </extensions>
      </trkpt>
      <trkpt lat="23.04977699182927608489990234375" lon="113.3146363310515880584716796875">
        <ele>1.39999997615814208984375</ele>
        <time>2026-08-30T23:24:09.000Z</time>
        <extensions>
          <ns3:TrackPointExtension>
            <ns3:hr>141</ns3:hr>
            <ns3:cad>81</ns3:cad>
          </ns3:TrackPointExtension>
        </extensions>
      </trkpt>
      <trkpt lat="23.04977648891508579254150390625" lon="113.31461369991302490234375">
        <ele>1.2000000476837158203125</ele>
        <time>2026-08-30T23:24:10.000Z</time>
        <extensions>
          <ns3:TrackPointExtension>
            <ns3:hr>141</ns3:hr>
            <ns3:cad>82</ns3:cad>
          </ns3:TrackPointExtension>
        </extensions>
      </trkpt>
      <trkpt lat="23.04977531544864177703857421875" lon="113.31457011401653289794921875">
        <ele>1.2000000476837158203125</ele>
        <time>2026-08-30T23:24:11.000Z</time>
        <extensions>
          <ns3:TrackPointExtension>
            <ns3:hr>141</ns3:hr>
            <ns3:cad>82</ns3:cad>
          </ns3:TrackPointExtension>
        </extensions>
      </trkpt>
      <trkpt lat="23.04977531544864177703857421875" lon="113.31457011401653289794921875">
        <ele>1</ele>
        <time>2026-08-30T23:24:12.000Z</time>
        <extensions>
          <ns3:TrackPointExtension>
            <ns3:hr>141</ns3:hr>
            <ns3:cad>81</ns3:cad>
          </ns3:TrackPointExtension>
        </extensions>
      </trkpt>
      <trkpt lat="23.04977548308670520782470703125" lon="113.31454136408865451812744140625">
        <ele>1</ele>
        <time>2026-08-30T23:24:13.000Z</time>
        <extensions>
          <ns3:TrackPointExtension>
            <ns3:hr>141</ns3:hr>
            <ns3:cad>81</ns3:cad>
          </ns3:TrackPointExtension>
        </extensions>
      </trkpt>
      <trkpt lat="23.0497799254953861236572265625" lon="113.31451621837913990020751953125">
        <ele>1</ele>
        <time>2026-08-30T23:24:14.000Z</time>
        <extensions>
          <ns3:TrackPointExtension>
            <ns3:hr>141</ns3:hr>
            <ns3:cad>81</ns3:cad>
          </ns3:TrackPointExtension>
        </extensions>
      </trkpt>
      <trkpt lat="23.0497710406780242919921875" lon="113.314499370753765106201171875">
        <ele>1</ele>
        <time>2026-08-30T23:24:15.000Z</time>
        <extensions>
          <ns3:TrackPointExtension>
            <ns3:hr>141</ns3:hr>
            <ns3:cad>81</ns3:cad>
          </ns3:TrackPointExtension>
        </extensions>
      </trkpt>
      <trkpt lat="23.04977045394480228424072265625" lon="113.31446810625493526458740234375">
        <ele>1</ele>
        <time>2026-08-30T23:24:16.000Z</time>
        <extensions>
          <ns3:TrackPointExtension>
            <ns3:hr>141</ns3:hr>
            <ns3:cad>82</ns3:cad>
          </ns3:TrackPointExtension>
        </extensions>
      </trkpt>
      <trkpt lat="23.04976643063127994537353515625" lon="113.3144465647637844085693359375">
        <ele>1</ele>
        <time>2026-08-30T23:24:17.000Z</time>
        <extensions>
          <ns3:TrackPointExtension>
            <ns3:hr>141</ns3:hr>
            <ns3:cad>82</ns3:cad>
          </ns3:TrackPointExtension>
        </extensions>
      </trkpt>
      <trkpt lat="23.049758970737457275390625" lon="113.31442586146295070648193359375">
        <ele>1</ele>
        <time>2026-08-30T23:24:18.000Z</time>
        <extensions>
          <ns3:TrackPointExtension>
            <ns3:hr>141</ns3:hr>
            <ns3:cad>82</ns3:cad>
          </ns3:TrackPointExtension>
        </extensions>
      </trkpt>
      <trkpt lat="23.0497591383755207061767578125" lon="113.31439535133540630340576171875">
        <ele>1</ele>
        <time>2026-08-30T23:24:19.000Z</time>
        <extensions>
          <ns3:TrackPointExtension>
            <ns3:hr>141</ns3:hr>
            <ns3:cad>82</ns3:cad>
          </ns3:TrackPointExtension>
        </extensions>
      </trkpt>
      <trkpt lat="23.04975561797618865966796875" lon="113.3143744803965091705322265625">
        <ele>1</ele>
        <time>2026-08-30T23:24:20.000Z</time>
        <extensions>
          <ns3:TrackPointExtension>
            <ns3:hr>141</ns3:hr>
            <ns3:cad>82</ns3:cad>
          </ns3:TrackPointExtension>
        </extensions>
      </trkpt>
      <trkpt lat="23.04975084029138088226318359375" lon="113.31435444764792919158935546875">
        <ele>1</ele>
        <time>2026-08-30T23:24:21.000Z</time>
        <extensions>
          <ns3:TrackPointExtension>
            <ns3:hr>142</ns3:hr>
            <ns3:cad>81</ns3:cad>
          </ns3:TrackPointExtension>
        </extensions>
      </trkpt>
      <trkpt lat="23.0497477389872074127197265625" lon="113.31432712264358997344970703125">
        <ele>1</ele>
        <time>2026-08-30T23:24:22.000Z</time>
        <extensions>
          <ns3:TrackPointExtension>
            <ns3:hr>141</ns3:hr>
            <ns3:cad>81</ns3:cad>
          </ns3:TrackPointExtension>
        </extensions>
      </trkpt>
      <trkpt lat="23.0497453920543193817138671875" lon="113.31430993974208831787109375">
        <ele>1</ele>
        <time>2026-08-30T23:24:23.000Z</time>
        <extensions>
          <ns3:TrackPointExtension>
            <ns3:hr>141</ns3:hr>
            <ns3:cad>81</ns3:cad>
          </ns3:TrackPointExtension>
        </extensions>
      </trkpt>
      <trkpt lat="23.049743212759494781494140625" lon="113.31428722478449344635009765625">
        <ele>1</ele>
        <time>2026-08-30T23:24:24.000Z</time>
        <extensions>
          <ns3:TrackPointExtension>
            <ns3:hr>141</ns3:hr>
            <ns3:cad>81</ns3:cad>
          </ns3:TrackPointExtension>
        </extensions>
      </trkpt>
      <trkpt lat="23.04974983446300029754638671875" lon="113.3142583072185516357421875">
        <ele>1</ele>
        <time>2026-08-30T23:24:25.000Z</time>
        <extensions>
          <ns3:TrackPointExtension>
            <ns3:hr>141</ns3:hr>
            <ns3:cad>81</ns3:cad>
          </ns3:TrackPointExtension>
        </extensions>
      </trkpt>
      <trkpt lat="23.049747236073017120361328125" lon="113.31423894502222537994384765625">
        <ele>1</ele>
        <time>2026-08-30T23:24:26.000Z</time>
        <extensions>
          <ns3:TrackPointExtension>
            <ns3:hr>142</ns3:hr>
            <ns3:cad>81</ns3:cad>
          </ns3:TrackPointExtension>
        </extensions>
      </trkpt>
      <trkpt lat="23.04974916391074657440185546875" lon="113.31420927308499813079833984375">
        <ele>1</ele>
        <time>2026-08-30T23:24:27.000Z</time>
        <extensions>
          <ns3:TrackPointExtension>
            <ns3:hr>142</ns3:hr>
            <ns3:cad>81</ns3:cad>
          </ns3:TrackPointExtension>
        </extensions>
      </trkpt>
      <trkpt lat="23.04975561797618865966796875" lon="113.31418580375611782073974609375">
        <ele>1</ele>
        <time>2026-08-30T23:24:28.000Z</time>
        <extensions>
          <ns3:TrackPointExtension>
            <ns3:hr>142</ns3:hr>
            <ns3:cad>81</ns3:cad>
          </ns3:TrackPointExtension>
        </extensions>
      </trkpt>
      <trkpt lat="23.04974832572042942047119140625" lon="113.314171135425567626953125">
        <ele>1</ele>
        <time>2026-08-30T23:24:29.000Z</time>
        <extensions>
          <ns3:TrackPointExtension>
            <ns3:hr>143</ns3:hr>
            <ns3:cad>81</ns3:cad>
          </ns3:TrackPointExtension>
        </extensions>
      </trkpt>
      <trkpt lat="23.0497524328529834747314453125" lon="113.31414422951638698577880859375">
        <ele>1</ele>
        <time>2026-08-30T23:24:30.000Z</time>
        <extensions>
          <ns3:TrackPointExtension>
            <ns3:hr>143</ns3:hr>
            <ns3:cad>81</ns3:cad>
          </ns3:TrackPointExtension>
        </extensions>
      </trkpt>
      <trkpt lat="23.04975653998553752899169921875" lon="113.314122855663299560546875">
        <ele>1</ele>
        <time>2026-08-30T23:24:31.000Z</time>
        <extensions>
          <ns3:TrackPointExtension>
            <ns3:hr>143</ns3:hr>
            <ns3:cad>81</ns3:cad>
          </ns3:TrackPointExtension>
        </extensions>
      </trkpt>
      <trkpt lat="23.049756623804569244384765625" lon="113.31410332582890987396240234375">
        <ele>1</ele>
        <time>2026-08-30T23:24:32.000Z</time>
        <extensions>
          <ns3:TrackPointExtension>
            <ns3:hr>143</ns3:hr>
            <ns3:cad>80</ns3:cad>
          </ns3:TrackPointExtension>
        </extensions>
      </trkpt>
      <trkpt lat="23.04975804872810840606689453125" lon="113.31407122313976287841796875">
        <ele>1</ele>
        <time>2026-08-30T23:24:33.000Z</time>
        <extensions>
          <ns3:TrackPointExtension>
            <ns3:hr>144</ns3:hr>
            <ns3:cad>80</ns3:cad>
          </ns3:TrackPointExtension>
        </extensions>
      </trkpt>
      <trkpt lat="23.049753606319427490234375" lon="113.3140544593334197998046875">
        <ele>1</ele>
        <time>2026-08-30T23:24:34.000Z</time>
        <extensions>
          <ns3:TrackPointExtension>
            <ns3:hr>144</ns3:hr>
            <ns3:cad>80</ns3:cad>
          </ns3:TrackPointExtension>
        </extensions>
      </trkpt>
      <trkpt lat="23.0497537739574909210205078125" lon="113.3140335045754909515380859375">
        <ele>1</ele>
        <time>2026-08-30T23:24:35.000Z</time>
        <extensions>
          <ns3:TrackPointExtension>
            <ns3:hr>144</ns3:hr>
            <ns3:cad>81</ns3:cad>
          </ns3:TrackPointExtension>
        </extensions>
      </trkpt>
      <trkpt lat="23.04975804872810840606689453125" lon="113.31400508992373943328857421875">
        <ele>1</ele>
        <time>2026-08-30T23:24:36.000Z</time>
        <extensions>
          <ns3:TrackPointExtension>
            <ns3:hr>144</ns3:hr>
            <ns3:cad>81</ns3:cad>
          </ns3:TrackPointExtension>
        </extensions>
      </trkpt>
      <trkpt lat="23.0497514270246028900146484375" lon="113.3139905892312526702880859375">
        <ele>1</ele>
        <time>2026-08-30T23:24:37.000Z</time>
        <extensions>
          <ns3:TrackPointExtension>
            <ns3:hr>144</ns3:hr>
            <ns3:cad>81</ns3:cad>
          </ns3:TrackPointExtension>
        </extensions>
      </trkpt>
      <trkpt lat="23.049745894968509674072265625" lon="113.31397072412073612213134765625">
        <ele>1</ele>
        <time>2026-08-30T23:24:38.000Z</time>
        <extensions>
          <ns3:TrackPointExtension>
            <ns3:hr>144</ns3:hr>
            <ns3:cad>81</ns3:cad>
          </ns3:TrackPointExtension>
        </extensions>
      </trkpt>
      <trkpt lat="23.04975335486233234405517578125" lon="113.3139453269541263580322265625">
        <ele>1</ele>
        <time>2026-08-30T23:24:39.000Z</time>
        <extensions>
          <ns3:TrackPointExtension>
            <ns3:hr>144</ns3:hr>
            <ns3:cad>81</ns3:cad>
          </ns3:TrackPointExtension>
        </extensions>
      </trkpt>
      <trkpt lat="23.049754612147808074951171875" lon="113.313929736614227294921875">
        <ele>1</ele>
        <time>2026-08-30T23:24:40.000Z</time>
        <extensions>
          <ns3:TrackPointExtension>
            <ns3:hr>143</ns3:hr>
            <ns3:cad>81</ns3:cad>
          </ns3:TrackPointExtension>
        </extensions>
      </trkpt>
      <trkpt lat="23.0497561208903789520263671875" lon="113.31390148960053920745849609375">
        <ele>1</ele>
        <time>2026-08-30T23:24:41.000Z</time>
        <extensions>
          <ns3:TrackPointExtension>
            <ns3:hr>143</ns3:hr>
            <ns3:cad>81</ns3:cad>
          </ns3:TrackPointExtension>
        </extensions>
      </trkpt>
      <trkpt lat="23.04975754581391811370849609375" lon="113.3138759247958660125732421875">
        <ele>1</ele>
        <time>2026-08-30T23:24:42.000Z</time>
        <extensions>
          <ns3:TrackPointExtension>
            <ns3:hr>143</ns3:hr>
            <ns3:cad>82</ns3:cad>
          </ns3:TrackPointExtension>
        </extensions>
      </trkpt>
      <trkpt lat="23.04975830018520355224609375" lon="113.31385798752307891845703125">
        <ele>1</ele>
        <time>2026-08-30T23:24:43.000Z</time>
        <extensions>
          <ns3:TrackPointExtension>
            <ns3:hr>142</ns3:hr>
            <ns3:cad>82</ns3:cad>
          </ns3:TrackPointExtension>
        </extensions>
      </trkpt>
      <trkpt lat="23.0497591383755207061767578125" lon="113.31382739357650279998779296875">
        <ele>1</ele>
        <time>2026-08-30T23:24:44.000Z</time>
        <extensions>
          <ns3:TrackPointExtension>
            <ns3:hr>142</ns3:hr>
            <ns3:cad>81</ns3:cad>
          </ns3:TrackPointExtension>
        </extensions>
      </trkpt>
      <trkpt lat="23.0497584678232669830322265625" lon="113.31380828283727169036865234375">
        <ele>1</ele>
        <time>2026-08-30T23:24:45.000Z</time>
        <extensions>
          <ns3:TrackPointExtension>
            <ns3:hr>142</ns3:hr>
            <ns3:cad>81</ns3:cad>
          </ns3:TrackPointExtension>
        </extensions>
      </trkpt>
      <trkpt lat="23.04975888691842555999755859375" lon="113.3137889206409454345703125">
        <ele>1</ele>
        <time>2026-08-30T23:24:46.000Z</time>
        <extensions>
          <ns3:TrackPointExtension>
            <ns3:hr>142</ns3:hr>
            <ns3:cad>81</ns3:cad>
          </ns3:TrackPointExtension>
        </extensions>
      </trkpt>
      <trkpt lat="23.04976525716483592987060546875" lon="113.31375698558986186981201171875">
        <ele>1</ele>
        <time>2026-08-30T23:24:47.000Z</time>
        <extensions>
          <ns3:TrackPointExtension>
            <ns3:hr>142</ns3:hr>
            <ns3:cad>81</ns3:cad>
          </ns3:TrackPointExtension>
        </extensions>
      </trkpt>
      <trkpt lat="23.04976324550807476043701171875" lon="113.31373988650739192962646484375">
        <ele>1</ele>
        <time>2026-08-30T23:24:48.000Z</time>
        <extensions>
          <ns3:TrackPointExtension>
            <ns3:hr>142</ns3:hr>
            <ns3:cad>81</ns3:cad>
          </ns3:TrackPointExtension>
        </extensions>
      </trkpt>
      <trkpt lat="23.0497618205845355987548828125" lon="113.31371624954044818878173828125">
        <ele>1</ele>
        <time>2026-08-30T23:24:49.000Z</time>
        <extensions>
          <ns3:TrackPointExtension>
            <ns3:hr>142</ns3:hr>
            <ns3:cad>81</ns3:cad>
          </ns3:TrackPointExtension>
        </extensions>
      </trkpt>
      <trkpt lat="23.049768693745136260986328125" lon="113.3136881701648235321044921875">
        <ele>1</ele>
        <time>2026-08-30T23:24:50.000Z</time>
        <extensions>
          <ns3:TrackPointExtension>
            <ns3:hr>142</ns3:hr>
            <ns3:cad>81</ns3:cad>
          </ns3:TrackPointExtension>
        </extensions>
      </trkpt>
      <trkpt lat="23.04976358078420162200927734375" lon="113.3136717416346073150634765625">
        <ele>1</ele>
        <time>2026-08-30T23:24:51.000Z</time>
        <extensions>
          <ns3:TrackPointExtension>
            <ns3:hr>141</ns3:hr>
            <ns3:cad>81</ns3:cad>
          </ns3:TrackPointExtension>
        </extensions>
      </trkpt>
      <trkpt lat="23.04976089857518672943115234375" lon="113.31364810466766357421875">
        <ele>1</ele>
        <time>2026-08-30T23:24:52.000Z</time>
        <extensions>
          <ns3:TrackPointExtension>
            <ns3:hr>141</ns3:hr>
            <ns3:cad>81</ns3:cad>
          </ns3:TrackPointExtension>
        </extensions>
      </trkpt>
      <trkpt lat="23.049768023192882537841796875" lon="113.31362329423427581787109375">
        <ele>1</ele>
        <time>2026-08-30T23:24:53.000Z</time>
        <extensions>
          <ns3:TrackPointExtension>
            <ns3:hr>141</ns3:hr>
            <ns3:cad>81</ns3:cad>
          </ns3:TrackPointExtension>
        </extensions>
      </trkpt>
      <trkpt lat="23.0497688613831996917724609375" lon="113.313597477972507476806640625">
        <ele>1</ele>
        <time>2026-08-30T23:24:54.000Z</time>
        <extensions>
          <ns3:TrackPointExtension>
            <ns3:hr>141</ns3:hr>
            <ns3:cad>81</ns3:cad>
          </ns3:TrackPointExtension>
        </extensions>
      </trkpt>
      <trkpt lat="23.049768693745136260986328125" lon="113.31356520764529705047607421875">
        <ele>1</ele>
        <time>2026-08-30T23:24:55.000Z</time>
        <extensions>
          <ns3:TrackPointExtension>
            <ns3:hr>141</ns3:hr>
            <ns3:cad>81</ns3:cad>
          </ns3:TrackPointExtension>
        </extensions>
      </trkpt>
      <trkpt lat="23.049775063991546630859375" lon="113.31353939138352870941162109375">
        <ele>1</ele>
        <time>2026-08-30T23:24:56.000Z</time>
        <extensions>
          <ns3:TrackPointExtension>
            <ns3:hr>141</ns3:hr>
            <ns3:cad>81</ns3:cad>
          </ns3:TrackPointExtension>
        </extensions>
      </trkpt>
      <trkpt lat="23.04976978339254856109619140625" lon="113.313519693911075592041015625">
        <ele>0.800000011920928955078125</ele>
        <time>2026-08-30T23:24:57.000Z</time>
        <extensions>
          <ns3:TrackPointExtension>
            <ns3:hr>141</ns3:hr>
            <ns3:cad>81</ns3:cad>
          </ns3:TrackPointExtension>
        </extensions>
      </trkpt>
      <trkpt lat="23.04977011866867542266845703125" lon="113.31348792649805545806884765625">
        <ele>0.800000011920928955078125</ele>
        <time>2026-08-30T23:24:58.000Z</time>
        <extensions>
          <ns3:TrackPointExtension>
            <ns3:hr>141</ns3:hr>
            <ns3:cad>81</ns3:cad>
          </ns3:TrackPointExtension>
        </extensions>
      </trkpt>
      <trkpt lat="23.04976777173578739166259765625" lon="113.31346713937819004058837890625">
        <ele>1</ele>
        <time>2026-08-30T23:24:59.000Z</time>
        <extensions>
          <ns3:TrackPointExtension>
            <ns3:hr>141</ns3:hr>
            <ns3:cad>80</ns3:cad>
          </ns3:TrackPointExtension>
        </extensions>
      </trkpt>
      <trkpt lat="23.049764670431613922119140625" lon="113.31344719044864177703857421875">
        <ele>1</ele>
        <time>2026-08-30T23:25:00.000Z</time>
        <extensions>
          <ns3:TrackPointExtension>
            <ns3:hr>141</ns3:hr>
            <ns3:cad>80</ns3:cad>
          </ns3:TrackPointExtension>
        </extensions>
      </trkpt>
      <trkpt lat="23.04977229796350002288818359375" lon="113.3134125731885433197021484375">
        <ele>1</ele>
        <time>2026-08-30T23:25:01.000Z</time>
        <extensions>
          <ns3:TrackPointExtension>
            <ns3:hr>140</ns3:hr>
            <ns3:cad>81</ns3:cad>
          </ns3:TrackPointExtension>
        </extensions>
      </trkpt>
      <trkpt lat="23.04977715946733951568603515625" lon="113.3133941330015659332275390625">
        <ele>1</ele>
        <time>2026-08-30T23:25:02.000Z</time>
        <extensions>
          <ns3:TrackPointExtension>
            <ns3:hr>141</ns3:hr>
            <ns3:cad>81</ns3:cad>
          </ns3:TrackPointExtension>
        </extensions>
      </trkpt>
      <trkpt lat="23.0497775785624980926513671875" lon="113.3133733458817005157470703125">
        <ele>1</ele>
        <time>2026-08-30T23:25:03.000Z</time>
        <extensions>
          <ns3:TrackPointExtension>
            <ns3:hr>141</ns3:hr>
            <ns3:cad>81</ns3:cad>
          </ns3:TrackPointExtension>
        </extensions>
      </trkpt>
      <trkpt lat="23.0497792549431324005126953125" lon="113.31334769725799560546875">
        <ele>1</ele>
        <time>2026-08-30T23:25:04.000Z</time>
        <extensions>
          <ns3:TrackPointExtension>
            <ns3:hr>141</ns3:hr>
            <ns3:cad>81</ns3:cad>
          </ns3:TrackPointExtension>
        </extensions>
      </trkpt>
      <trkpt lat="23.04977841675281524658203125" lon="113.3133304305374622344970703125">
        <ele>1</ele>
        <time>2026-08-30T23:25:05.000Z</time>
        <extensions>
          <ns3:TrackPointExtension>
            <ns3:hr>140</ns3:hr>
            <ns3:cad>81</ns3:cad>
          </ns3:TrackPointExtension>
        </extensions>
      </trkpt>
      <trkpt lat="23.04977799765765666961669921875" lon="113.3133083023130893707275390625">
        <ele>1</ele>
        <time>2026-08-30T23:25:06.000Z</time>
        <extensions>
          <ns3:TrackPointExtension>
            <ns3:hr>141</ns3:hr>
            <ns3:cad>81</ns3:cad>
          </ns3:TrackPointExtension>
        </extensions>
      </trkpt>
      <trkpt lat="23.04978235624730587005615234375" lon="113.31328541971743106842041015625">
        <ele>1</ele>
        <time>2026-08-30T23:25:07.000Z</time>
        <extensions>
          <ns3:TrackPointExtension>
            <ns3:hr>141</ns3:hr>
            <ns3:cad>81</ns3:cad>
          </ns3:TrackPointExtension>
        </extensions>
      </trkpt>
      <trkpt lat="23.0497772432863712310791015625" lon="113.3132680691778659820556640625">
        <ele>1</ele>
        <time>2026-08-30T23:25:08.000Z</time>
        <extensions>
          <ns3:TrackPointExtension>
            <ns3:hr>141</ns3:hr>
            <ns3:cad>81</ns3:cad>
          </ns3:TrackPointExtension>
        </extensions>
      </trkpt>
      <trkpt lat="23.0497755669057369232177734375" lon="113.31324049271643161773681640625">
        <ele>1.2000000476837158203125</ele>
        <time>2026-08-30T23:25:09.000Z</time>
        <extensions>
          <ns3:TrackPointExtension>
            <ns3:hr>142</ns3:hr>
            <ns3:cad>80</ns3:cad>
          </ns3:TrackPointExtension>
        </extensions>
      </trkpt>
      <trkpt lat="23.04977975785732269287109375" lon="113.313209898769855499267578125">
        <ele>1</ele>
        <time>2026-08-30T23:25:10.000Z</time>
        <extensions>
          <ns3:TrackPointExtension>
            <ns3:hr>142</ns3:hr>
            <ns3:cad>80</ns3:cad>
          </ns3:TrackPointExtension>
        </extensions>
      </trkpt>
      <trkpt lat="23.0497799254953861236572265625" lon="113.3131916262209415435791015625">
        <ele>1</ele>
        <time>2026-08-30T23:25:11.000Z</time>
        <extensions>
          <ns3:TrackPointExtension>
            <ns3:hr>142</ns3:hr>
            <ns3:cad>80</ns3:cad>
          </ns3:TrackPointExtension>
        </extensions>
      </trkpt>
      <trkpt lat="23.04978269152343273162841796875" lon="113.31316019408404827117919921875">
        <ele>1</ele>
        <time>2026-08-30T23:25:12.000Z</time>
        <extensions>
          <ns3:TrackPointExtension>
            <ns3:hr>143</ns3:hr>
            <ns3:cad>80</ns3:cad>
          </ns3:TrackPointExtension>
        </extensions>
      </trkpt>
      <trkpt lat="23.04978537373244762420654296875" lon="113.313137479126453399658203125">
        <ele>1</ele>
        <time>2026-08-30T23:25:13.000Z</time>
        <extensions>
          <ns3:TrackPointExtension>
            <ns3:hr>143</ns3:hr>
            <ns3:cad>81</ns3:cad>
          </ns3:TrackPointExtension>
        </extensions>
      </trkpt>
      <trkpt lat="23.0497789196670055389404296875" lon="113.31312130205333232879638671875">
        <ele>1</ele>
        <time>2026-08-30T23:25:14.000Z</time>
        <extensions>
          <ns3:TrackPointExtension>
            <ns3:hr>143</ns3:hr>
            <ns3:cad>81</ns3:cad>
          </ns3:TrackPointExtension>
        </extensions>
      </trkpt>
      <trkpt lat="23.049778081476688385009765625" lon="113.31308995373547077178955078125">
        <ele>1</ele>
        <time>2026-08-30T23:25:15.000Z</time>
        <extensions>
          <ns3:TrackPointExtension>
            <ns3:hr>143</ns3:hr>
            <ns3:cad>81</ns3:cad>
          </ns3:TrackPointExtension>
        </extensions>
      </trkpt>
      <trkpt lat="23.04978067986667156219482421875" lon="113.3130665682256221771240234375">
        <ele>1</ele>
        <time>2026-08-30T23:25:16.000Z</time>
        <extensions>
          <ns3:TrackPointExtension>
            <ns3:hr>143</ns3:hr>
            <ns3:cad>80</ns3:cad>
          </ns3:TrackPointExtension>
        </extensions>
      </trkpt>
      <trkpt lat="23.04977833293378353118896484375" lon="113.313048966228961944580078125">
        <ele>1</ele>
        <time>2026-08-30T23:25:17.000Z</time>
        <extensions>
          <ns3:TrackPointExtension>
            <ns3:hr>143</ns3:hr>
            <ns3:cad>80</ns3:cad>
          </ns3:TrackPointExtension>
        </extensions>
      </trkpt>
      <trkpt lat="23.04978017695248126983642578125" lon="113.3130189590156078338623046875">
        <ele>1</ele>
        <time>2026-08-30T23:25:18.000Z</time>
        <extensions>
          <ns3:TrackPointExtension>
            <ns3:hr>143</ns3:hr>
            <ns3:cad>80</ns3:cad>
          </ns3:TrackPointExtension>
        </extensions>
      </trkpt>
      <trkpt lat="23.04977866820991039276123046875" lon="113.31299825571477413177490234375">
        <ele>1</ele>
        <time>2026-08-30T23:25:19.000Z</time>
        <extensions>
          <ns3:TrackPointExtension>
            <ns3:hr>143</ns3:hr>
            <ns3:cad>80</ns3:cad>
          </ns3:TrackPointExtension>
        </extensions>
      </trkpt>
      <trkpt lat="23.0497745610773563385009765625" lon="113.31297931261360645294189453125">
        <ele>1.2000000476837158203125</ele>
        <time>2026-08-30T23:25:20.000Z</time>
        <extensions>
          <ns3:TrackPointExtension>
            <ns3:hr>143</ns3:hr>
            <ns3:cad>80</ns3:cad>
          </ns3:TrackPointExtension>
        </extensions>
      </trkpt>
      <trkpt lat="23.0497805960476398468017578125" lon="113.31295114941895008087158203125">
        <ele>1.2000000476837158203125</ele>
        <time>2026-08-30T23:25:21.000Z</time>
        <extensions>
          <ns3:TrackPointExtension>
            <ns3:hr>143</ns3:hr>
            <ns3:cad>81</ns3:cad>
          </ns3:TrackPointExtension>
        </extensions>
      </trkpt>
      <trkpt lat="23.0497769080102443695068359375" lon="113.3129301108419895172119140625">
        <ele>1.2000000476837158203125</ele>
        <time>2026-08-30T23:25:22.000Z</time>
        <extensions>
          <ns3:TrackPointExtension>
            <ns3:hr>143</ns3:hr>
            <ns3:cad>81</ns3:cad>
          </ns3:TrackPointExtension>
        </extensions>
      </trkpt>
      <trkpt lat="23.0497738905251026153564453125" lon="113.31290873698890209197998046875">
        <ele>1</ele>
        <time>2026-08-30T23:25:23.000Z</time>
        <extensions>
          <ns3:TrackPointExtension>
            <ns3:hr>143</ns3:hr>
            <ns3:cad>81</ns3:cad>
          </ns3:TrackPointExtension>
        </extensions>
      </trkpt>
      <trkpt lat="23.04977246560156345367431640625" lon="113.3128781430423259735107421875">
        <ele>1</ele>
        <time>2026-08-30T23:25:24.000Z</time>
        <extensions>
          <ns3:TrackPointExtension>
            <ns3:hr>143</ns3:hr>
            <ns3:cad>81</ns3:cad>
          </ns3:TrackPointExtension>
        </extensions>
      </trkpt>
      <trkpt lat="23.04977866820991039276123046875" lon="113.31286129541695117950439453125">
        <ele>1</ele>
        <time>2026-08-30T23:25:25.000Z</time>
        <extensions>
          <ns3:TrackPointExtension>
            <ns3:hr>143</ns3:hr>
            <ns3:cad>81</ns3:cad>
          </ns3:TrackPointExtension>
        </extensions>
      </trkpt>
      <trkpt lat="23.04977816529572010040283203125" lon="113.31283614970743656158447265625">
        <ele>0.800000011920928955078125</ele>
        <time>2026-08-30T23:25:26.000Z</time>
        <extensions>
          <ns3:TrackPointExtension>
            <ns3:hr>142</ns3:hr>
            <ns3:cad>81</ns3:cad>
          </ns3:TrackPointExtension>
        </extensions>
      </trkpt>
      <trkpt lat="23.04977095685899257659912109375" lon="113.31280513666570186614990234375">
        <ele>1</ele>
        <time>2026-08-30T23:25:27.000Z</time>
        <extensions>
          <ns3:TrackPointExtension>
            <ns3:hr>143</ns3:hr>
            <ns3:cad>81</ns3:cad>
          </ns3:TrackPointExtension>
        </extensions>
      </trkpt>
      <trkpt lat="23.04977573454380035400390625" lon="113.312786109745502471923828125">
        <ele>1</ele>
        <time>2026-08-30T23:25:28.000Z</time>
        <extensions>
          <ns3:TrackPointExtension>
            <ns3:hr>143</ns3:hr>
            <ns3:cad>81</ns3:cad>
          </ns3:TrackPointExtension>
        </extensions>
      </trkpt>
      <trkpt lat="23.0497748963534832000732421875" lon="113.31275694072246551513671875">
        <ele>1</ele>
        <time>2026-08-30T23:25:29.000Z</time>
        <extensions>
          <ns3:TrackPointExtension>
            <ns3:hr>142</ns3:hr>
            <ns3:cad>81</ns3:cad>
          </ns3:TrackPointExtension>
        </extensions>
      </trkpt>
      <trkpt lat="23.0497795902192592620849609375" lon="113.31272634677588939666748046875">
        <ele>1</ele>
        <time>2026-08-30T23:25:30.000Z</time>
        <extensions>
          <ns3:TrackPointExtension>
            <ns3:hr>143</ns3:hr>
            <ns3:cad>81</ns3:cad>
          </ns3:TrackPointExtension>
        </extensions>
      </trkpt>
      <trkpt lat="23.04977615363895893096923828125" lon="113.31270597875118255615234375">
        <ele>1</ele>
        <time>2026-08-30T23:25:31.000Z</time>
        <extensions>
          <ns3:TrackPointExtension>
            <ns3:hr>143</ns3:hr>
            <ns3:cad>80</ns3:cad>
          </ns3:TrackPointExtension>
        </extensions>
      </trkpt>
      <trkpt lat="23.04977162741124629974365234375" lon="113.3126776479184627532958984375">
        <ele>1</ele>
        <time>2026-08-30T23:25:32.000Z</time>
        <extensions>
          <ns3:TrackPointExtension>
            <ns3:hr>143</ns3:hr>
            <ns3:cad>80</ns3:cad>
          </ns3:TrackPointExtension>
        </extensions>
      </trkpt>
      <trkpt lat="23.049775399267673492431640625" lon="113.31264604814350605010986328125">
        <ele>1</ele>
        <time>2026-08-30T23:25:33.000Z</time>
        <extensions>
          <ns3:TrackPointExtension>
            <ns3:hr>143</ns3:hr>
            <ns3:cad>80</ns3:cad>
          </ns3:TrackPointExtension>
        </extensions>
      </trkpt>
      <trkpt lat="23.04977078922092914581298828125" lon="113.312627859413623809814453125">
        <ele>1</ele>
        <time>2026-08-30T23:25:34.000Z</time>
        <extensions>
          <ns3:TrackPointExtension>
            <ns3:hr>143</ns3:hr>
            <ns3:cad>81</ns3:cad>
          </ns3:TrackPointExtension>
        </extensions>
      </trkpt>
      <trkpt lat="23.04976978339254856109619140625" lon="113.31260547973215579986572265625">
        <ele>1</ele>
        <time>2026-08-30T23:25:35.000Z</time>
        <extensions>
          <ns3:TrackPointExtension>
            <ns3:hr>143</ns3:hr>
            <ns3:cad>81</ns3:cad>
          </ns3:TrackPointExtension>
        </extensions>
      </trkpt>
      <trkpt lat="23.04978000931441783905029296875" lon="113.31258050166070461273193359375">
        <ele>1</ele>
        <time>2026-08-30T23:25:36.000Z</time>
        <extensions>
          <ns3:TrackPointExtension>
            <ns3:hr>144</ns3:hr>
            <ns3:cad>81</ns3:cad>
          </ns3:TrackPointExtension>
        </extensions>
      </trkpt>
      <trkpt lat="23.0497775785624980926513671875" lon="113.31256289966404438018798828125">
        <ele>1</ele>
        <time>2026-08-30T23:25:37.000Z</time>
        <extensions>
          <ns3:TrackPointExtension>
            <ns3:hr>145</ns3:hr>
            <ns3:cad>81</ns3:cad>
          </ns3:TrackPointExtension>
        </extensions>
      </trkpt>
      <trkpt lat="23.04977548308670520782470703125" lon="113.31253440119326114654541015625">
        <ele>1</ele>
        <time>2026-08-30T23:25:38.000Z</time>
        <extensions>
          <ns3:TrackPointExtension>
            <ns3:hr>146</ns3:hr>
            <ns3:cad>81</ns3:cad>
          </ns3:TrackPointExtension>
        </extensions>
      </trkpt>
      <trkpt lat="23.049780093133449554443359375" lon="113.31251026131212711334228515625">
        <ele>0.800000011920928955078125</ele>
        <time>2026-08-30T23:25:39.000Z</time>
        <extensions>
          <ns3:TrackPointExtension>
            <ns3:hr>147</ns3:hr>
            <ns3:cad>81</ns3:cad>
          </ns3:TrackPointExtension>
        </extensions>
      </trkpt>
      <trkpt lat="23.0497755669057369232177734375" lon="113.3124888874590396881103515625">
        <ele>0.800000011920928955078125</ele>
        <time>2026-08-30T23:25:40.000Z</time>
        <extensions>
          <ns3:TrackPointExtension>
            <ns3:hr>147</ns3:hr>
            <ns3:cad>81</ns3:cad>
          </ns3:TrackPointExtension>
        </extensions>
      </trkpt>
      <trkpt lat="23.0497799254953861236572265625" lon="113.3124530129134654998779296875">
        <ele>1</ele>
        <time>2026-08-30T23:25:41.000Z</time>
        <extensions>
          <ns3:TrackPointExtension>
            <ns3:hr>148</ns3:hr>
            <ns3:cad>81</ns3:cad>
          </ns3:TrackPointExtension>
        </extensions>
      </trkpt>
      <trkpt lat="23.04977900348603725433349609375" lon="113.31242577172815799713134765625">
        <ele>1</ele>
        <time>2026-08-30T23:25:42.000Z</time>
        <extensions>
          <ns3:TrackPointExtension>
            <ns3:hr>148</ns3:hr>
            <ns3:cad>80</ns3:cad>
          </ns3:TrackPointExtension>
        </extensions>
      </trkpt>
      <trkpt lat="23.04977648891508579254150390625" lon="113.31240347586572170257568359375">
        <ele>0.800000011920928955078125</ele>
        <time>2026-08-30T23:25:43.000Z</time>
        <extensions>
          <ns3:TrackPointExtension>
            <ns3:hr>148</ns3:hr>
            <ns3:cad>80</ns3:cad>
          </ns3:TrackPointExtension>
        </extensions>
      </trkpt>
      <trkpt lat="23.04978000931441783905029296875" lon="113.31236927770078182220458984375">
        <ele>0.800000011920928955078125</ele>
        <time>2026-08-30T23:25:44.000Z</time>
        <extensions>
          <ns3:TrackPointExtension>
            <ns3:hr>148</ns3:hr>
            <ns3:cad>80</ns3:cad>
          </ns3:TrackPointExtension>
        </extensions>
      </trkpt>
      <trkpt lat="23.04977632127702236175537109375" lon="113.3123551122844219207763671875">
        <ele>0.800000011920928955078125</ele>
        <time>2026-08-30T23:25:45.000Z</time>
        <extensions>
          <ns3:TrackPointExtension>
            <ns3:hr>147</ns3:hr>
            <ns3:cad>81</ns3:cad>
          </ns3:TrackPointExtension>
        </extensions>
      </trkpt>
      <trkpt lat="23.0497737228870391845703125" lon="113.31233491189777851104736328125">
        <ele>0.800000011920928955078125</ele>
        <time>2026-08-30T23:25:46.000Z</time>
        <extensions>
          <ns3:TrackPointExtension>
            <ns3:hr>147</ns3:hr>
            <ns3:cad>81</ns3:cad>
          </ns3:TrackPointExtension>
        </extensions>
      </trkpt>
      <trkpt lat="23.049775399267673492431640625" lon="113.31230658106505870819091796875">
        <ele>0.800000011920928955078125</ele>
        <time>2026-08-30T23:25:47.000Z</time>
        <extensions>
          <ns3:TrackPointExtension>
            <ns3:hr>148</ns3:hr>
            <ns3:cad>81</ns3:cad>
          </ns3:TrackPointExtension>
        </extensions>
      </trkpt>
      <trkpt lat="23.04977363906800746917724609375" lon="113.312291242182254791259765625">
        <ele>0.800000011920928955078125</ele>
        <time>2026-08-30T23:25:48.000Z</time>
        <extensions>
          <ns3:TrackPointExtension>
            <ns3:hr>148</ns3:hr>
            <ns3:cad>81</ns3:cad>
          </ns3:TrackPointExtension>
        </extensions>
      </trkpt>
      <trkpt lat="23.04977045394480228424072265625" lon="113.31227087415754795074462890625">
        <ele>0.800000011920928955078125</ele>
        <time>2026-08-30T23:25:49.000Z</time>
        <extensions>
          <ns3:TrackPointExtension>
            <ns3:hr>148</ns3:hr>
            <ns3:cad>80</ns3:cad>
          </ns3:TrackPointExtension>
        </extensions>
      </trkpt>
      <trkpt lat="23.049780763685703277587890625" lon="113.31224136985838413238525390625">
        <ele>0.800000011920928955078125</ele>
        <time>2026-08-30T23:25:50.000Z</time>
        <extensions>
          <ns3:TrackPointExtension>
            <ns3:hr>148</ns3:hr>
            <ns3:cad>81</ns3:cad>
          </ns3:TrackPointExtension>
        </extensions>
      </trkpt>
      <trkpt lat="23.0497764050960540771484375" lon="113.3122240193188190460205078125">
        <ele>0.800000011920928955078125</ele>
        <time>2026-08-30T23:25:51.000Z</time>
        <extensions>
          <ns3:TrackPointExtension>
            <ns3:hr>149</ns3:hr>
            <ns3:cad>81</ns3:cad>
          </ns3:TrackPointExtension>
        </extensions>
      </trkpt>
      <trkpt lat="23.0497722141444683074951171875" lon="113.31219778396189212799072265625">
        <ele>1</ele>
        <time>2026-08-30T23:25:52.000Z</time>
        <extensions>
          <ns3:TrackPointExtension>
            <ns3:hr>149</ns3:hr>
            <ns3:cad>81</ns3:cad>
          </ns3:TrackPointExtension>
        </extensions>
      </trkpt>
      <trkpt lat="23.0497759021818637847900390625" lon="113.31216626800596714019775390625">
        <ele>1</ele>
        <time>2026-08-30T23:25:53.000Z</time>
        <extensions>
          <ns3:TrackPointExtension>
            <ns3:hr>149</ns3:hr>
            <ns3:cad>81</ns3:cad>
          </ns3:TrackPointExtension>
        </extensions>
      </trkpt>
      <trkpt lat="23.049775063991546630859375" lon="113.3121479116380214691162109375">
        <ele>1</ele>
        <time>2026-08-30T23:25:54.000Z</time>
        <extensions>
          <ns3:TrackPointExtension>
            <ns3:hr>149</ns3:hr>
            <ns3:cad>81</ns3:cad>
          </ns3:TrackPointExtension>
        </extensions>
      </trkpt>
      <trkpt lat="23.0497738905251026153564453125" lon="113.31212083809077739715576171875">
        <ele>1</ele>
        <time>2026-08-30T23:25:55.000Z</time>
        <extensions>
          <ns3:TrackPointExtension>
            <ns3:hr>148</ns3:hr>
            <ns3:cad>81</ns3:cad>
          </ns3:TrackPointExtension>
        </extensions>
      </trkpt>
      <trkpt lat="23.04977447725832462310791015625" lon="113.312096111476421356201171875">
        <ele>1</ele>
        <time>2026-08-30T23:25:56.000Z</time>
        <extensions>
          <ns3:TrackPointExtension>
            <ns3:hr>149</ns3:hr>
            <ns3:cad>81</ns3:cad>
          </ns3:TrackPointExtension>
        </extensions>
      </trkpt>
      <trkpt lat="23.04976508952677249908447265625" lon="113.31207976676523685455322265625">
        <ele>1</ele>
        <time>2026-08-30T23:25:57.000Z</time>
        <extensions>
          <ns3:TrackPointExtension>
            <ns3:hr>148</ns3:hr>
            <ns3:cad>81</ns3:cad>
          </ns3:TrackPointExtension>
        </extensions>
      </trkpt>
      <trkpt lat="23.04975293576717376708984375" lon="113.31205529160797595977783203125">
        <ele>0.800000011920928955078125</ele>
        <time>2026-08-30T23:25:58.000Z</time>
        <extensions>
          <ns3:TrackPointExtension>
            <ns3:hr>148</ns3:hr>
            <ns3:cad>81</ns3:cad>
          </ns3:TrackPointExtension>
        </extensions>
      </trkpt>
      <trkpt lat="23.04974933154881000518798828125" lon="113.3120315708220005035400390625">
        <ele>0.800000011920928955078125</ele>
        <time>2026-08-30T23:25:59.000Z</time>
        <extensions>
          <ns3:TrackPointExtension>
            <ns3:hr>148</ns3:hr>
            <ns3:cad>81</ns3:cad>
          </ns3:TrackPointExtension>
        </extensions>
      </trkpt>
      <trkpt lat="23.04973625577986240386962890625" lon="113.312019668519496917724609375">
        <ele>0.800000011920928955078125</ele>
        <time>2026-08-30T23:26:00.000Z</time>
        <extensions>
          <ns3:TrackPointExtension>
            <ns3:hr>149</ns3:hr>
            <ns3:cad>81</ns3:cad>
          </ns3:TrackPointExtension>
        </extensions>
      </trkpt>
      <trkpt lat="23.04971806704998016357421875" lon="113.31199787557125091552734375">
        <ele>1</ele>
        <time>2026-08-30T23:26:01.000Z</time>
        <extensions>
          <ns3:TrackPointExtension>
            <ns3:hr>149</ns3:hr>
            <ns3:cad>80</ns3:cad>
          </ns3:TrackPointExtension>
        </extensions>
      </trkpt>
      <trkpt lat="23.04970826022326946258544921875" lon="113.31198580563068389892578125">
        <ele>1</ele>
        <time>2026-08-30T23:26:02.000Z</time>
        <extensions>
          <ns3:TrackPointExtension>
            <ns3:hr>149</ns3:hr>
            <ns3:cad>80</ns3:cad>
          </ns3:TrackPointExtension>
        </extensions>
      </trkpt>
      <trkpt lat="23.04969233460724353790283203125" lon="113.311978764832019805908203125">
        <ele>1</ele>
        <time>2026-08-30T23:26:03.000Z</time>
        <extensions>
          <ns3:TrackPointExtension>
            <ns3:hr>149</ns3:hr>
            <ns3:cad>81</ns3:cad>
          </ns3:TrackPointExtension>
        </extensions>
      </trkpt>
      <trkpt lat="23.04967121221125125885009765625" lon="113.3119551278650760650634765625">
        <ele>1</ele>
        <time>2026-08-30T23:26:04.000Z</time>
        <extensions>
          <ns3:TrackPointExtension>
            <ns3:hr>149</ns3:hr>
            <ns3:cad>81</ns3:cad>
          </ns3:TrackPointExtension>
        </extensions>
      </trkpt>
      <trkpt lat="23.04966014809906482696533203125" lon="113.31194154918193817138671875">
        <ele>1</ele>
        <time>2026-08-30T23:26:05.000Z</time>
        <extensions>
          <ns3:TrackPointExtension>
            <ns3:hr>149</ns3:hr>
            <ns3:cad>81</ns3:cad>
          </ns3:TrackPointExtension>
        </extensions>
      </trkpt>
      <trkpt lat="23.04964221082627773284912109375" lon="113.3119286410510540008544921875">
        <ele>1</ele>
        <time>2026-08-30T23:26:06.000Z</time>
        <extensions>
          <ns3:TrackPointExtension>
            <ns3:hr>148</ns3:hr>
            <ns3:cad>81</ns3:cad>
          </ns3:TrackPointExtension>
        </extensions>
      </trkpt>
      <trkpt lat="23.04962150752544403076171875" lon="113.31191296689212322235107421875">
        <ele>1</ele>
        <time>2026-08-30T23:26:07.000Z</time>
        <extensions>
          <ns3:TrackPointExtension>
            <ns3:hr>149</ns3:hr>
            <ns3:cad>80</ns3:cad>
          </ns3:TrackPointExtension>
        </extensions>
      </trkpt>
      <trkpt lat="23.0496025644242763519287109375" lon="113.3119071833789348602294921875">
        <ele>1</ele>
        <time>2026-08-30T23:26:08.000Z</time>
        <extensions>
          <ns3:TrackPointExtension>
            <ns3:hr>149</ns3:hr>
            <ns3:cad>80</ns3:cad>
          </ns3:TrackPointExtension>
        </extensions>
      </trkpt>
      <trkpt lat="23.0495858006179332733154296875" lon="113.311896957457065582275390625">
        <ele>1</ele>
        <time>2026-08-30T23:26:09.000Z</time>
        <extensions>
          <ns3:TrackPointExtension>
            <ns3:hr>148</ns3:hr>
            <ns3:cad>80</ns3:cad>
          </ns3:TrackPointExtension>
        </extensions>
      </trkpt>
      <trkpt lat="23.0495583079755306243896484375" lon="113.3118820376694202423095703125">
        <ele>1</ele>
        <time>2026-08-30T23:26:10.000Z</time>
        <extensions>
          <ns3:TrackPointExtension>
            <ns3:hr>148</ns3:hr>
            <ns3:cad>81</ns3:cad>
          </ns3:TrackPointExtension>
        </extensions>
      </trkpt>
      <trkpt lat="23.04954732768237590789794921875" lon="113.31188254058361053466796875">
        <ele>1</ele>
        <time>2026-08-30T23:26:11.000Z</time>
        <extensions>
          <ns3:TrackPointExtension>
            <ns3:hr>148</ns3:hr>
            <ns3:cad>81</ns3:cad>
          </ns3:TrackPointExtension>
        </extensions>
      </trkpt>
      <trkpt lat="23.04952369071543216705322265625" lon="113.3118716441094875335693359375">
        <ele>1</ele>
        <time>2026-08-30T23:26:12.000Z</time>
        <extensions>
          <ns3:TrackPointExtension>
            <ns3:hr>148</ns3:hr>
            <ns3:cad>81</ns3:cad>
          </ns3:TrackPointExtension>
        </extensions>
      </trkpt>
      <trkpt lat="23.0494992993772029876708984375" lon="113.311861418187618255615234375">
        <ele>1</ele>
        <time>2026-08-30T23:26:13.000Z</time>
        <extensions>
          <ns3:TrackPointExtension>
            <ns3:hr>148</ns3:hr>
            <ns3:cad>81</ns3:cad>
          </ns3:TrackPointExtension>
        </extensions>
      </trkpt>
      <trkpt lat="23.04948270320892333984375" lon="113.31185664050281047821044921875">
        <ele>1</ele>
        <time>2026-08-30T23:26:14.000Z</time>
        <extensions>
          <ns3:TrackPointExtension>
            <ns3:hr>147</ns3:hr>
            <ns3:cad>81</ns3:cad>
          </ns3:TrackPointExtension>
        </extensions>
      </trkpt>
      <trkpt lat="23.04945663549005985260009765625" lon="113.3118443191051483154296875">
        <ele>0.800000011920928955078125</ele>
        <time>2026-08-30T23:26:15.000Z</time>
        <extensions>
          <ns3:TrackPointExtension>
            <ns3:hr>147</ns3:hr>
            <ns3:cad>81</ns3:cad>
          </ns3:TrackPointExtension>
        </extensions>
      </trkpt>
      <trkpt lat="23.04943802766501903533935546875" lon="113.3118340931832790374755859375">
        <ele>0.800000011920928955078125</ele>
        <time>2026-08-30T23:26:16.000Z</time>
        <extensions>
          <ns3:TrackPointExtension>
            <ns3:hr>147</ns3:hr>
            <ns3:cad>81</ns3:cad>
          </ns3:TrackPointExtension>
        </extensions>
      </trkpt>
      <trkpt lat="23.049424700438976287841796875" lon="113.31183451227843761444091796875">
        <ele>0.60000002384185791015625</ele>
        <time>2026-08-30T23:26:17.000Z</time>
        <extensions>
          <ns3:TrackPointExtension>
            <ns3:hr>147</ns3:hr>
            <ns3:cad>81</ns3:cad>
          </ns3:TrackPointExtension>
        </extensions>
      </trkpt>
      <trkpt lat="23.04939662106335163116455078125" lon="113.31182562746107578277587890625">
        <ele>0.60000002384185791015625</ele>
        <time>2026-08-30T23:26:18.000Z</time>
        <extensions>
          <ns3:TrackPointExtension>
            <ns3:hr>147</ns3:hr>
            <ns3:cad>81</ns3:cad>
          </ns3:TrackPointExtension>
        </extensions>
      </trkpt>
      <trkpt lat="23.049377761781215667724609375" lon="113.311817161738872528076171875">
        <ele>0.60000002384185791015625</ele>
        <time>2026-08-30T23:26:19.000Z</time>
        <extensions>
          <ns3:TrackPointExtension>
            <ns3:hr>147</ns3:hr>
            <ns3:cad>80</ns3:cad>
          </ns3:TrackPointExtension>
        </extensions>
      </trkpt>
      <trkpt lat="23.04935940541326999664306640625" lon="113.31181489862501621246337890625">
        <ele>0.60000002384185791015625</ele>
        <time>2026-08-30T23:26:20.000Z</time>
        <extensions>
          <ns3:TrackPointExtension>
            <ns3:hr>146</ns3:hr>
            <ns3:cad>80</ns3:cad>
          </ns3:TrackPointExtension>
        </extensions>
      </trkpt>
      <trkpt lat="23.0493283085525035858154296875" lon="113.31181355752050876617431640625">
        <ele>0.60000002384185791015625</ele>
        <time>2026-08-30T23:26:21.000Z</time>
        <extensions>
          <ns3:TrackPointExtension>
            <ns3:hr>147</ns3:hr>
            <ns3:cad>80</ns3:cad>
          </ns3:TrackPointExtension>
        </extensions>
      </trkpt>
      <trkpt lat="23.04931129328906536102294921875" lon="113.31180735491216182708740234375">
        <ele>0.60000002384185791015625</ele>
        <time>2026-08-30T23:26:22.000Z</time>
        <extensions>
          <ns3:TrackPointExtension>
            <ns3:hr>147</ns3:hr>
            <ns3:cad>80</ns3:cad>
          </ns3:TrackPointExtension>
        </extensions>
      </trkpt>
      <trkpt lat="23.04929117672145366668701171875" lon="113.311807774007320404052734375">
        <ele>0.4000000059604644775390625</ele>
        <time>2026-08-30T23:26:23.000Z</time>
        <extensions>
          <ns3:TrackPointExtension>
            <ns3:hr>147</ns3:hr>
            <ns3:cad>80</ns3:cad>
          </ns3:TrackPointExtension>
        </extensions>
      </trkpt>
      <trkpt lat="23.04925940930843353271484375" lon="113.3118015713989734649658203125">
        <ele>0.4000000059604644775390625</ele>
        <time>2026-08-30T23:26:24.000Z</time>
        <extensions>
          <ns3:TrackPointExtension>
            <ns3:hr>146</ns3:hr>
            <ns3:cad>80</ns3:cad>
          </ns3:TrackPointExtension>
        </extensions>
      </trkpt>
      <trkpt lat="23.04923971183598041534423828125" lon="113.31179075874388217926025390625">
        <ele>0.4000000059604644775390625</ele>
        <time>2026-08-30T23:26:25.000Z</time>
        <extensions>
          <ns3:TrackPointExtension>
            <ns3:hr>146</ns3:hr>
            <ns3:cad>81</ns3:cad>
          </ns3:TrackPointExtension>
        </extensions>
      </trkpt>
      <trkpt lat="23.04921825416386127471923828125" lon="113.31178505904972553253173828125">
        <ele>0.4000000059604644775390625</ele>
        <time>2026-08-30T23:26:26.000Z</time>
        <extensions>
          <ns3:TrackPointExtension>
            <ns3:hr>146</ns3:hr>
            <ns3:cad>81</ns3:cad>
          </ns3:TrackPointExtension>
        </extensions>
      </trkpt>
      <trkpt lat="23.04919243790209293365478515625" lon="113.31176997162401676177978515625">
        <ele>0.4000000059604644775390625</ele>
        <time>2026-08-30T23:26:27.000Z</time>
        <extensions>
          <ns3:TrackPointExtension>
            <ns3:hr>146</ns3:hr>
            <ns3:cad>81</ns3:cad>
          </ns3:TrackPointExtension>
        </extensions>
      </trkpt>
      <trkpt lat="23.0491737462580204010009765625" lon="113.31175823695957660675048828125">
        <ele>0.4000000059604644775390625</ele>
        <time>2026-08-30T23:26:28.000Z</time>
        <extensions>
          <ns3:TrackPointExtension>
            <ns3:hr>146</ns3:hr>
            <ns3:cad>81</ns3:cad>
          </ns3:TrackPointExtension>
        </extensions>
      </trkpt>
      <trkpt lat="23.04915237240493297576904296875" lon="113.311737366020679473876953125">
        <ele>0.4000000059604644775390625</ele>
        <time>2026-08-30T23:26:29.000Z</time>
        <extensions>
          <ns3:TrackPointExtension>
            <ns3:hr>145</ns3:hr>
            <ns3:cad>81</ns3:cad>
          </ns3:TrackPointExtension>
        </extensions>
      </trkpt>
      <trkpt lat="23.0491361953318119049072265625" lon="113.31171096302568912506103515625">
        <ele>0.4000000059604644775390625</ele>
        <time>2026-08-30T23:26:30.000Z</time>
        <extensions>
          <ns3:TrackPointExtension>
            <ns3:hr>146</ns3:hr>
            <ns3:cad>81</ns3:cad>
          </ns3:TrackPointExtension>
        </extensions>
      </trkpt>
      <trkpt lat="23.049123287200927734375" lon="113.31169285811483860015869140625">
        <ele>0.4000000059604644775390625</ele>
        <time>2026-08-30T23:26:31.000Z</time>
        <extensions>
          <ns3:TrackPointExtension>
            <ns3:hr>146</ns3:hr>
            <ns3:cad>81</ns3:cad>
          </ns3:TrackPointExtension>
        </extensions>
      </trkpt>
      <trkpt lat="23.04912689141929149627685546875" lon="113.31166016869246959686279296875">
        <ele>0.4000000059604644775390625</ele>
        <time>2026-08-30T23:26:32.000Z</time>
        <extensions>
          <ns3:TrackPointExtension>
            <ns3:hr>145</ns3:hr>
            <ns3:cad>81</ns3:cad>
          </ns3:TrackPointExtension>
        </extensions>
      </trkpt>
      <trkpt lat="23.04914197884500026702880859375" lon="113.31164441071450710296630859375">
        <ele>0.4000000059604644775390625</ele>
        <time>2026-08-30T23:26:33.000Z</time>
        <extensions>
          <ns3:TrackPointExtension>
            <ns3:hr>145</ns3:hr>
            <ns3:cad>81</ns3:cad>
          </ns3:TrackPointExtension>
        </extensions>
      </trkpt>
      <trkpt lat="23.04914717562496662139892578125" lon="113.3116238750517368316650390625">
        <ele>0.4000000059604644775390625</ele>
        <time>2026-08-30T23:26:34.000Z</time>
        <extensions>
          <ns3:TrackPointExtension>
            <ns3:hr>145</ns3:hr>
            <ns3:cad>81</ns3:cad>
          </ns3:TrackPointExtension>
        </extensions>
      </trkpt>
      <trkpt lat="23.049155808985233306884765625" lon="113.31159763969480991363525390625">
        <ele>0.60000002384185791015625</ele>
        <time>2026-08-30T23:26:35.000Z</time>
        <extensions>
          <ns3:TrackPointExtension>
            <ns3:hr>145</ns3:hr>
            <ns3:cad>81</ns3:cad>
          </ns3:TrackPointExtension>
        </extensions>
      </trkpt>
      <trkpt lat="23.04916360415518283843994140625" lon="113.3115828037261962890625">
        <ele>0.60000002384185791015625</ele>
        <time>2026-08-30T23:26:36.000Z</time>
        <extensions>
          <ns3:TrackPointExtension>
            <ns3:hr>146</ns3:hr>
            <ns3:cad>81</ns3:cad>
          </ns3:TrackPointExtension>
        </extensions>
      </trkpt>
      <trkpt lat="23.04916745983064174652099609375" lon="113.31156830303370952606201171875">
        <ele>0.60000002384185791015625</ele>
        <time>2026-08-30T23:26:37.000Z</time>
        <extensions>
          <ns3:TrackPointExtension>
            <ns3:hr>145</ns3:hr>
            <ns3:cad>82</ns3:cad>
          </ns3:TrackPointExtension>
        </extensions>
      </trkpt>
      <trkpt lat="23.04917433299124240875244140625" lon="113.31155036576092243194580078125">
        <ele>1</ele>
        <time>2026-08-30T23:26:38.000Z</time>
        <extensions>
          <ns3:TrackPointExtension>
            <ns3:hr>144</ns3:hr>
            <ns3:cad>82</ns3:cad>
          </ns3:TrackPointExtension>
        </extensions>
      </trkpt>
      <trkpt lat="23.04918338544666767120361328125" lon="113.31153175793588161468505859375">
        <ele>1.2000000476837158203125</ele>
        <time>2026-08-30T23:26:39.000Z</time>
        <extensions>
          <ns3:TrackPointExtension>
            <ns3:hr>144</ns3:hr>
            <ns3:cad>81</ns3:cad>
          </ns3:TrackPointExtension>
        </extensions>
      </trkpt>
      <trkpt lat="23.04918623529374599456787109375" lon="113.31151767633855342864990234375">
        <ele>1.39999997615814208984375</ele>
        <time>2026-08-30T23:26:40.000Z</time>
        <extensions>
          <ns3:TrackPointExtension>
            <ns3:hr>143</ns3:hr>
            <ns3:cad>80</ns3:cad>
          </ns3:TrackPointExtension>
        </extensions>
      </trkpt>
      <trkpt lat="23.049191348254680633544921875" lon="113.3115001581609249114990234375">
        <ele>1.39999997615814208984375</ele>
        <time>2026-08-30T23:26:41.000Z</time>
        <extensions>
          <ns3:TrackPointExtension>
            <ns3:hr>142</ns3:hr>
            <ns3:cad>80</ns3:cad>
          </ns3:TrackPointExtension>
        </extensions>
      </trkpt>
      <trkpt lat="23.04919235408306121826171875" lon="113.31148465164005756378173828125">
        <ele>1.39999997615814208984375</ele>
        <time>2026-08-30T23:26:42.000Z</time>
        <extensions>
          <ns3:TrackPointExtension>
            <ns3:hr>142</ns3:hr>
            <ns3:cad>80</ns3:cad>
          </ns3:TrackPointExtension>
        </extensions>
      </trkpt>
      <trkpt lat="23.049195371568202972412109375" lon="113.31146822310984134674072265625">
        <ele>1.39999997615814208984375</ele>
        <time>2026-08-30T23:26:43.000Z</time>
        <extensions>
          <ns3:TrackPointExtension>
            <ns3:hr>143</ns3:hr>
            <ns3:cad>80</ns3:cad>
          </ns3:TrackPointExtension>
        </extensions>
      </trkpt>
      <trkpt lat="23.04921439848840236663818359375" lon="113.311440311372280120849609375">
        <ele>1.2000000476837158203125</ele>
        <time>2026-08-30T23:26:44.000Z</time>
        <extensions>
          <ns3:TrackPointExtension>
            <ns3:hr>143</ns3:hr>
            <ns3:cad>81</ns3:cad>
          </ns3:TrackPointExtension>
        </extensions>
      </trkpt>
      <trkpt lat="23.049222864210605621337890625" lon="113.31142631359398365020751953125">
        <ele>1</ele>
        <time>2026-08-30T23:26:45.000Z</time>
        <extensions>
          <ns3:TrackPointExtension>
            <ns3:hr>142</ns3:hr>
            <ns3:cad>81</ns3:cad>
          </ns3:TrackPointExtension>
        </extensions>
      </trkpt>
      <trkpt lat="23.049233257770538330078125" lon="113.3113962225615978240966796875">
        <ele>0.800000011920928955078125</ele>
        <time>2026-08-30T23:26:46.000Z</time>
        <extensions>
          <ns3:TrackPointExtension>
            <ns3:hr>142</ns3:hr>
            <ns3:cad>80</ns3:cad>
          </ns3:TrackPointExtension>
        </extensions>
      </trkpt>
      <trkpt lat="23.049247004091739654541015625" lon="113.31137049011886119842529296875">
        <ele>0.60000002384185791015625</ele>
        <time>2026-08-30T23:26:47.000Z</time>
        <extensions>
          <ns3:TrackPointExtension>
            <ns3:hr>142</ns3:hr>
            <ns3:cad>80</ns3:cad>
          </ns3:TrackPointExtension>
        </extensions>
      </trkpt>
      <trkpt lat="23.04925211705267429351806640625" lon="113.31134920008480548858642578125">
        <ele>0.4000000059604644775390625</ele>
        <time>2026-08-30T23:26:48.000Z</time>
        <extensions>
          <ns3:TrackPointExtension>
            <ns3:hr>142</ns3:hr>
            <ns3:cad>80</ns3:cad>
          </ns3:TrackPointExtension>
        </extensions>
      </trkpt>
      <trkpt lat="23.049261085689067840576171875" lon="113.3113248087465763092041015625">
        <ele>0.20000000298023223876953125</ele>
        <time>2026-08-30T23:26:49.000Z</time>
        <extensions>
          <ns3:TrackPointExtension>
            <ns3:hr>142</ns3:hr>
            <ns3:cad>80</ns3:cad>
          </ns3:TrackPointExtension>
        </extensions>
      </trkpt>
      <trkpt lat="23.0492749996483325958251953125" lon="113.311300165951251983642578125">
        <ele>0.20000000298023223876953125</ele>
        <time>2026-08-30T23:26:50.000Z</time>
        <extensions>
          <ns3:TrackPointExtension>
            <ns3:hr>141</ns3:hr>
            <ns3:cad>80</ns3:cad>
          </ns3:TrackPointExtension>
        </extensions>
      </trkpt>
      <trkpt lat="23.0492813698947429656982421875" lon="113.31128516234457492828369140625">
        <ele>0</ele>
        <time>2026-08-30T23:26:51.000Z</time>
        <extensions>
          <ns3:TrackPointExtension>
            <ns3:hr>141</ns3:hr>
            <ns3:cad>80</ns3:cad>
          </ns3:TrackPointExtension>
        </extensions>
      </trkpt>
      <trkpt lat="23.04929033853113651275634765625" lon="113.31126102246344089508056640625">
        <ele>-0.20000000298023223876953125</ele>
        <time>2026-08-30T23:26:52.000Z</time>
        <extensions>
          <ns3:TrackPointExtension>
            <ns3:hr>141</ns3:hr>
            <ns3:cad>81</ns3:cad>
          </ns3:TrackPointExtension>
        </extensions>
      </trkpt>
      <trkpt lat="23.0493091978132724761962890625" lon="113.31123805604875087738037109375">
        <ele>-0.20000000298023223876953125</ele>
        <time>2026-08-30T23:26:53.000Z</time>
        <extensions>
          <ns3:TrackPointExtension>
            <ns3:hr>141</ns3:hr>
            <ns3:cad>81</ns3:cad>
          </ns3:TrackPointExtension>
        </extensions>
      </trkpt>
      <trkpt lat="23.0493128858506679534912109375" lon="113.31121877767145633697509765625">
        <ele>-0.4000000059604644775390625</ele>
        <time>2026-08-30T23:26:54.000Z</time>
        <extensions>
          <ns3:TrackPointExtension>
            <ns3:hr>142</ns3:hr>
            <ns3:cad>81</ns3:cad>
          </ns3:TrackPointExtension>
        </extensions>
      </trkpt>
      <trkpt lat="23.049321435391902923583984375" lon="113.31119162030518054962158203125">
        <ele>-0.60000002384185791015625</ele>
        <time>2026-08-30T23:26:55.000Z</time>
        <extensions>
          <ns3:TrackPointExtension>
            <ns3:hr>141</ns3:hr>
            <ns3:cad>81</ns3:cad>
          </ns3:TrackPointExtension>
        </extensions>
      </trkpt>
      <trkpt lat="23.04933442734181880950927734375" lon="113.31116731278598308563232421875">
        <ele>-0.60000002384185791015625</ele>
        <time>2026-08-30T23:26:56.000Z</time>
        <extensions>
          <ns3:TrackPointExtension>
            <ns3:hr>141</ns3:hr>
            <ns3:cad>81</ns3:cad>
          </ns3:TrackPointExtension>
        </extensions>
      </trkpt>
      <trkpt lat="23.04934046231210231781005859375" lon="113.31114551983773708343505859375">
        <ele>-0.800000011920928955078125</ele>
        <time>2026-08-30T23:26:57.000Z</time>
        <extensions>
          <ns3:TrackPointExtension>
            <ns3:hr>141</ns3:hr>
            <ns3:cad>80</ns3:cad>
          </ns3:TrackPointExtension>
        </extensions>
      </trkpt>
      <trkpt lat="23.049347586929798126220703125" lon="113.31112003885209560394287109375">
        <ele>-0.800000011920928955078125</ele>
        <time>2026-08-30T23:26:58.000Z</time>
        <extensions>
          <ns3:TrackPointExtension>
            <ns3:hr>141</ns3:hr>
            <ns3:cad>80</ns3:cad>
          </ns3:TrackPointExtension>
        </extensions>
      </trkpt>
      <trkpt lat="23.04935437627136707305908203125" lon="113.3110995031893253326416015625">
        <ele>-0.800000011920928955078125</ele>
        <time>2026-08-30T23:26:59.000Z</time>
        <extensions>
          <ns3:TrackPointExtension>
            <ns3:hr>141</ns3:hr>
            <ns3:cad>81</ns3:cad>
          </ns3:TrackPointExtension>
        </extensions>
      </trkpt>
      <trkpt lat="23.04935907013714313507080078125" lon="113.31108114682137966156005859375">
        <ele>-0.800000011920928955078125</ele>
        <time>2026-08-30T23:27:00.000Z</time>
        <extensions>
          <ns3:TrackPointExtension>
            <ns3:hr>141</ns3:hr>
            <ns3:cad>81</ns3:cad>
          </ns3:TrackPointExtension>
        </extensions>
      </trkpt>
      <trkpt lat="23.04936326108872890472412109375" lon="113.311055414378643035888671875">
        <ele>-0.800000011920928955078125</ele>
        <time>2026-08-30T23:27:01.000Z</time>
        <extensions>
          <ns3:TrackPointExtension>
            <ns3:hr>141</ns3:hr>
            <ns3:cad>80</ns3:cad>
          </ns3:TrackPointExtension>
        </extensions>
      </trkpt>
      <trkpt lat="23.0493675358593463897705078125" lon="113.31103420816361904144287109375">
        <ele>-0.800000011920928955078125</ele>
        <time>2026-08-30T23:27:02.000Z</time>
        <extensions>
          <ns3:TrackPointExtension>
            <ns3:hr>141</ns3:hr>
            <ns3:cad>80</ns3:cad>
          </ns3:TrackPointExtension>
        </extensions>
      </trkpt>
      <trkpt lat="23.04936929605901241302490234375" lon="113.3110181987285614013671875">
        <ele>-0.800000011920928955078125</ele>
        <time>2026-08-30T23:27:03.000Z</time>
        <extensions>
          <ns3:TrackPointExtension>
            <ns3:hr>141</ns3:hr>
            <ns3:cad>81</ns3:cad>
          </ns3:TrackPointExtension>
        </extensions>
      </trkpt>
      <trkpt lat="23.04937516339123249053955078125" lon="113.310994394123554229736328125">
        <ele>-0.800000011920928955078125</ele>
        <time>2026-08-30T23:27:04.000Z</time>
        <extensions>
          <ns3:TrackPointExtension>
            <ns3:hr>140</ns3:hr>
            <ns3:cad>81</ns3:cad>
          </ns3:TrackPointExtension>
        </extensions>
      </trkpt>
      <trkpt lat="23.049378432333469390869140625" lon="113.31097922287881374359130859375">
        <ele>-0.800000011920928955078125</ele>
        <time>2026-08-30T23:27:05.000Z</time>
        <extensions>
          <ns3:TrackPointExtension>
            <ns3:hr>140</ns3:hr>
            <ns3:cad>81</ns3:cad>
          </ns3:TrackPointExtension>
        </extensions>
      </trkpt>
      <trkpt lat="23.0493826232850551605224609375" lon="113.31095826812088489532470703125">
        <ele>-0.800000011920928955078125</ele>
        <time>2026-08-30T23:27:06.000Z</time>
        <extensions>
          <ns3:TrackPointExtension>
            <ns3:hr>140</ns3:hr>
            <ns3:cad>81</ns3:cad>
          </ns3:TrackPointExtension>
        </extensions>
      </trkpt>
      <trkpt lat="23.0493859760463237762451171875" lon="113.31093261949717998504638671875">
        <ele>-1</ele>
        <time>2026-08-30T23:27:07.000Z</time>
        <extensions>
          <ns3:TrackPointExtension>
            <ns3:hr>140</ns3:hr>
            <ns3:cad>81</ns3:cad>
          </ns3:TrackPointExtension>
        </extensions>
      </trkpt>
      <trkpt lat="23.04939343594014644622802734375" lon="113.310905210673809051513671875">
        <ele>-0.800000011920928955078125</ele>
        <time>2026-08-30T23:27:08.000Z</time>
        <extensions>
          <ns3:TrackPointExtension>
            <ns3:hr>140</ns3:hr>
            <ns3:cad>81</ns3:cad>
          </ns3:TrackPointExtension>
        </extensions>
      </trkpt>
      <trkpt lat="23.049394525587558746337890625" lon="113.31088249571621417999267578125">
        <ele>-0.800000011920928955078125</ele>
        <time>2026-08-30T23:27:09.000Z</time>
        <extensions>
          <ns3:TrackPointExtension>
            <ns3:hr>141</ns3:hr>
            <ns3:cad>80</ns3:cad>
          </ns3:TrackPointExtension>
        </extensions>
      </trkpt>
      <trkpt lat="23.049395196139812469482421875" lon="113.3108617924153804779052734375">
        <ele>-0.800000011920928955078125</ele>
        <time>2026-08-30T23:27:10.000Z</time>
        <extensions>
          <ns3:TrackPointExtension>
            <ns3:hr>141</ns3:hr>
            <ns3:cad>80</ns3:cad>
          </ns3:TrackPointExtension>
        </extensions>
      </trkpt>
      <trkpt lat="23.0493896640837192535400390625" lon="113.31084377132356166839599609375">
        <ele>-0.800000011920928955078125</ele>
        <time>2026-08-30T23:27:11.000Z</time>
        <extensions>
          <ns3:TrackPointExtension>
            <ns3:hr>141</ns3:hr>
            <ns3:cad>80</ns3:cad>
          </ns3:TrackPointExtension>
        </extensions>
      </trkpt>
      <trkpt lat="23.04939410649240016937255859375" lon="113.31081795506179332733154296875">
        <ele>-0.800000011920928955078125</ele>
        <time>2026-08-30T23:27:12.000Z</time>
        <extensions>
          <ns3:TrackPointExtension>
            <ns3:hr>142</ns3:hr>
            <ns3:cad>81</ns3:cad>
          </ns3:TrackPointExtension>
        </extensions>
      </trkpt>
      <trkpt lat="23.04940064437687397003173828125" lon="113.31078962422907352447509765625">
        <ele>-0.800000011920928955078125</ele>
        <time>2026-08-30T23:27:13.000Z</time>
        <extensions>
          <ns3:TrackPointExtension>
            <ns3:hr>142</ns3:hr>
            <ns3:cad>81</ns3:cad>
          </ns3:TrackPointExtension>
        </extensions>
      </trkpt>
      <trkpt lat="23.0493980459868907928466796875" lon="113.31076917238533496856689453125">
        <ele>-0.800000011920928955078125</ele>
        <time>2026-08-30T23:27:14.000Z</time>
        <extensions>
          <ns3:TrackPointExtension>
            <ns3:hr>142</ns3:hr>
            <ns3:cad>81</ns3:cad>
          </ns3:TrackPointExtension>
        </extensions>
      </trkpt>
      <trkpt lat="23.0493874847888946533203125" lon="113.31074788235127925872802734375">
        <ele>-1</ele>
        <time>2026-08-30T23:27:15.000Z</time>
        <extensions>
          <ns3:TrackPointExtension>
            <ns3:hr>141</ns3:hr>
            <ns3:cad>81</ns3:cad>
          </ns3:TrackPointExtension>
        </extensions>
      </trkpt>
      <trkpt lat="23.049389161169528961181640625" lon="113.31071971915662288665771484375">
        <ele>-0.800000011920928955078125</ele>
        <time>2026-08-30T23:27:16.000Z</time>
        <extensions>
          <ns3:TrackPointExtension>
            <ns3:hr>142</ns3:hr>
            <ns3:cad>81</ns3:cad>
          </ns3:TrackPointExtension>
        </extensions>
      </trkpt>
      <trkpt lat="23.04938974790275096893310546875" lon="113.31069692037999629974365234375">
        <ele>-0.800000011920928955078125</ele>
        <time>2026-08-30T23:27:17.000Z</time>
        <extensions>
          <ns3:TrackPointExtension>
            <ns3:hr>142</ns3:hr>
            <ns3:cad>81</ns3:cad>
          </ns3:TrackPointExtension>
        </extensions>
      </trkpt>
      <trkpt lat="23.04938958026468753814697265625" lon="113.3106659911572933197021484375">
        <ele>-0.800000011920928955078125</ele>
        <time>2026-08-30T23:27:18.000Z</time>
        <extensions>
          <ns3:TrackPointExtension>
            <ns3:hr>143</ns3:hr>
            <ns3:cad>81</ns3:cad>
          </ns3:TrackPointExtension>
        </extensions>
      </trkpt>
      <trkpt lat="23.04938572458922863006591796875" lon="113.31063858233392238616943359375">
        <ele>-0.800000011920928955078125</ele>
        <time>2026-08-30T23:27:19.000Z</time>
        <extensions>
          <ns3:TrackPointExtension>
            <ns3:hr>143</ns3:hr>
            <ns3:cad>81</ns3:cad>
          </ns3:TrackPointExtension>
        </extensions>
      </trkpt>
      <trkpt lat="23.04938304238021373748779296875" lon="113.31061176024377346038818359375">
        <ele>-0.800000011920928955078125</ele>
        <time>2026-08-30T23:27:20.000Z</time>
        <extensions>
          <ns3:TrackPointExtension>
            <ns3:hr>143</ns3:hr>
            <ns3:cad>80</ns3:cad>
          </ns3:TrackPointExtension>
        </extensions>
      </trkpt>
      <trkpt lat="23.04938203655183315277099609375" lon="113.31058192066848278045654296875">
        <ele>-0.800000011920928955078125</ele>
        <time>2026-08-30T23:27:21.000Z</time>
        <extensions>
          <ns3:TrackPointExtension>
            <ns3:hr>143</ns3:hr>
            <ns3:cad>80</ns3:cad>
          </ns3:TrackPointExtension>
        </extensions>
      </trkpt>
      <trkpt lat="23.04938471876084804534912109375" lon="113.310554511845111846923828125">
        <ele>-0.800000011920928955078125</ele>
        <time>2026-08-30T23:27:22.000Z</time>
        <extensions>
          <ns3:TrackPointExtension>
            <ns3:hr>143</ns3:hr>
            <ns3:cad>80</ns3:cad>
          </ns3:TrackPointExtension>
        </extensions>
      </trkpt>
      <trkpt lat="23.049386478960514068603515625" lon="113.31052794121205806732177734375">
        <ele>-0.800000011920928955078125</ele>
        <time>2026-08-30T23:27:23.000Z</time>
        <extensions>
          <ns3:TrackPointExtension>
            <ns3:hr>143</ns3:hr>
            <ns3:cad>80</ns3:cad>
          </ns3:TrackPointExtension>
        </extensions>
      </trkpt>
      <trkpt lat="23.049394525587558746337890625" lon="113.310496509075164794921875">
        <ele>-0.800000011920928955078125</ele>
        <time>2026-08-30T23:27:24.000Z</time>
        <extensions>
          <ns3:TrackPointExtension>
            <ns3:hr>143</ns3:hr>
            <ns3:cad>81</ns3:cad>
          </ns3:TrackPointExtension>
        </extensions>
      </trkpt>
      <trkpt lat="23.049410283565521240234375" lon="113.31046893261373043060302734375">
        <ele>-0.800000011920928955078125</ele>
        <time>2026-08-30T23:27:25.000Z</time>
        <extensions>
          <ns3:TrackPointExtension>
            <ns3:hr>143</ns3:hr>
            <ns3:cad>81</ns3:cad>
          </ns3:TrackPointExtension>
        </extensions>
      </trkpt>
      <trkpt lat="23.0494285561144351959228515625" lon="113.31044646911323070526123046875">
        <ele>-0.800000011920928955078125</ele>
        <time>2026-08-30T23:27:26.000Z</time>
        <extensions>
          <ns3:TrackPointExtension>
            <ns3:hr>142</ns3:hr>
            <ns3:cad>81</ns3:cad>
          </ns3:TrackPointExtension>
        </extensions>
      </trkpt>
      <trkpt lat="23.04946283809840679168701171875" lon="113.3104361593723297119140625">
        <ele>-0.800000011920928955078125</ele>
        <time>2026-08-30T23:27:27.000Z</time>
        <extensions>
          <ns3:TrackPointExtension>
            <ns3:hr>143</ns3:hr>
            <ns3:cad>81</ns3:cad>
          </ns3:TrackPointExtension>
        </extensions>
      </trkpt>
      <trkpt lat="23.0494775064289569854736328125" lon="113.31042878329753875732421875">
        <ele>-0.800000011920928955078125</ele>
        <time>2026-08-30T23:27:28.000Z</time>
        <extensions>
          <ns3:TrackPointExtension>
            <ns3:hr>143</ns3:hr>
            <ns3:cad>81</ns3:cad>
          </ns3:TrackPointExtension>
        </extensions>
      </trkpt>
      <trkpt lat="23.04950240068137645721435546875" lon="113.31042316742241382598876953125">
        <ele>-0.800000011920928955078125</ele>
        <time>2026-08-30T23:27:29.000Z</time>
        <extensions>
          <ns3:TrackPointExtension>
            <ns3:hr>142</ns3:hr>
            <ns3:cad>81</ns3:cad>
          </ns3:TrackPointExtension>
        </extensions>
      </trkpt>
      <trkpt lat="23.04953039623796939849853515625" lon="113.3104319684207439422607421875">
        <ele>-0.60000002384185791015625</ele>
        <time>2026-08-30T23:27:30.000Z</time>
        <extensions>
          <ns3:TrackPointExtension>
            <ns3:hr>143</ns3:hr>
            <ns3:cad>81</ns3:cad>
          </ns3:TrackPointExtension>
        </extensions>
      </trkpt>
      <trkpt lat="23.0495526082813739776611328125" lon="113.31043708138167858123779296875">
        <ele>-0.60000002384185791015625</ele>
        <time>2026-08-30T23:27:31.000Z</time>
        <extensions>
          <ns3:TrackPointExtension>
            <ns3:hr>143</ns3:hr>
            <ns3:cad>81</ns3:cad>
          </ns3:TrackPointExtension>
        </extensions>
      </trkpt>
      <trkpt lat="23.049576245248317718505859375" lon="113.31043682992458343505859375">
        <ele>-0.60000002384185791015625</ele>
        <time>2026-08-30T23:27:32.000Z</time>
        <extensions>
          <ns3:TrackPointExtension>
            <ns3:hr>143</ns3:hr>
            <ns3:cad>81</ns3:cad>
          </ns3:TrackPointExtension>
        </extensions>
      </trkpt>
      <trkpt lat="23.04960331879556179046630859375" lon="113.310443200170993804931640625">
        <ele>-0.60000002384185791015625</ele>
        <time>2026-08-30T23:27:33.000Z</time>
        <extensions>
          <ns3:TrackPointExtension>
            <ns3:hr>143</ns3:hr>
            <ns3:cad>80</ns3:cad>
          </ns3:TrackPointExtension>
        </extensions>
      </trkpt>
      <trkpt lat="23.04962226189672946929931640625" lon="113.3104470558464527130126953125">
        <ele>-0.60000002384185791015625</ele>
        <time>2026-08-30T23:27:34.000Z</time>
        <extensions>
          <ns3:TrackPointExtension>
            <ns3:hr>143</ns3:hr>
            <ns3:cad>80</ns3:cad>
          </ns3:TrackPointExtension>
        </extensions>
      </trkpt>
      <trkpt lat="23.049643300473690032958984375" lon="113.3104450441896915435791015625">
        <ele>-0.60000002384185791015625</ele>
        <time>2026-08-30T23:27:35.000Z</time>
        <extensions>
          <ns3:TrackPointExtension>
            <ns3:hr>143</ns3:hr>
            <ns3:cad>81</ns3:cad>
          </ns3:TrackPointExtension>
        </extensions>
      </trkpt>
      <trkpt lat="23.04967003874480724334716796875" lon="113.3104527555406093597412109375">
        <ele>-0.60000002384185791015625</ele>
        <time>2026-08-30T23:27:36.000Z</time>
        <extensions>
          <ns3:TrackPointExtension>
            <ns3:hr>143</ns3:hr>
            <ns3:cad>81</ns3:cad>
          </ns3:TrackPointExtension>
        </extensions>
      </trkpt>
      <trkpt lat="23.0496867187321186065673828125" lon="113.31045216880738735198974609375">
        <ele>-0.4000000059604644775390625</ele>
        <time>2026-08-30T23:27:37.000Z</time>
        <extensions>
          <ns3:TrackPointExtension>
            <ns3:hr>143</ns3:hr>
            <ns3:cad>81</ns3:cad>
          </ns3:TrackPointExtension>
        </extensions>
      </trkpt>
      <trkpt lat="23.0497065000236034393310546875" lon="113.31045292317867279052734375">
        <ele>-0.4000000059604644775390625</ele>
        <time>2026-08-30T23:27:38.000Z</time>
        <extensions>
          <ns3:TrackPointExtension>
            <ns3:hr>144</ns3:hr>
            <ns3:cad>81</ns3:cad>
          </ns3:TrackPointExtension>
        </extensions>
      </trkpt>
      <trkpt lat="23.04973726160824298858642578125" lon="113.310458958148956298828125">
        <ele>-0.4000000059604644775390625</ele>
        <time>2026-08-30T23:27:39.000Z</time>
        <extensions>
          <ns3:TrackPointExtension>
            <ns3:hr>144</ns3:hr>
            <ns3:cad>80</ns3:cad>
          </ns3:TrackPointExtension>
        </extensions>
      </trkpt>
      <trkpt lat="23.0497514270246028900146484375" lon="113.31046172417700290679931640625">
        <ele>-0.4000000059604644775390625</ele>
        <time>2026-08-30T23:27:40.000Z</time>
        <extensions>
          <ns3:TrackPointExtension>
            <ns3:hr>144</ns3:hr>
            <ns3:cad>80</ns3:cad>
          </ns3:TrackPointExtension>
        </extensions>
      </trkpt>
      <trkpt lat="23.04977447725832462310791015625" lon="113.310461975634098052978515625">
        <ele>-0.20000000298023223876953125</ele>
        <time>2026-08-30T23:27:41.000Z</time>
        <extensions>
          <ns3:TrackPointExtension>
            <ns3:hr>144</ns3:hr>
            <ns3:cad>81</ns3:cad>
          </ns3:TrackPointExtension>
        </extensions>
      </trkpt>
      <trkpt lat="23.04979844950139522552490234375" lon="113.310464657843112945556640625">
        <ele>0</ele>
        <time>2026-08-30T23:27:42.000Z</time>
        <extensions>
          <ns3:TrackPointExtension>
            <ns3:hr>144</ns3:hr>
            <ns3:cad>81</ns3:cad>
          </ns3:TrackPointExtension>
        </extensions>
      </trkpt>
      <trkpt lat="23.04981269873678684234619140625" lon="113.3104594610631465911865234375">
        <ele>0</ele>
        <time>2026-08-30T23:27:43.000Z</time>
        <extensions>
          <ns3:TrackPointExtension>
            <ns3:hr>144</ns3:hr>
            <ns3:cad>80</ns3:cad>
          </ns3:TrackPointExtension>
        </extensions>
      </trkpt>
      <trkpt lat="23.0498315580189228057861328125" lon="113.310453258454799652099609375">
        <ele>0.20000000298023223876953125</ele>
        <time>2026-08-30T23:27:44.000Z</time>
        <extensions>
          <ns3:TrackPointExtension>
            <ns3:hr>144</ns3:hr>
            <ns3:cad>80</ns3:cad>
          </ns3:TrackPointExtension>
        </extensions>
      </trkpt>
      <trkpt lat="23.0498513393104076385498046875" lon="113.31045292317867279052734375">
        <ele>0.60000002384185791015625</ele>
        <time>2026-08-30T23:27:45.000Z</time>
        <extensions>
          <ns3:TrackPointExtension>
            <ns3:hr>144</ns3:hr>
            <ns3:cad>80</ns3:cad>
          </ns3:TrackPointExtension>
        </extensions>
      </trkpt>
      <trkpt lat="23.04985946975648403167724609375" lon="113.31044487655162811279296875">
        <ele>0.800000011920928955078125</ele>
        <time>2026-08-30T23:27:46.000Z</time>
        <extensions>
          <ns3:TrackPointExtension>
            <ns3:hr>145</ns3:hr>
            <ns3:cad>80</ns3:cad>
          </ns3:TrackPointExtension>
        </extensions>
      </trkpt>
      <trkpt lat="23.049876652657985687255859375" lon="113.3104276098310947418212890625">
        <ele>1</ele>
        <time>2026-08-30T23:27:47.000Z</time>
        <extensions>
          <ns3:TrackPointExtension>
            <ns3:hr>145</ns3:hr>
            <ns3:cad>80</ns3:cad>
          </ns3:TrackPointExtension>
        </extensions>
      </trkpt>
      <trkpt lat="23.04989065043628215789794921875" lon="113.31041562370955944061279296875">
        <ele>1.2000000476837158203125</ele>
        <time>2026-08-30T23:27:48.000Z</time>
        <extensions>
          <ns3:TrackPointExtension>
            <ns3:hr>145</ns3:hr>
            <ns3:cad>81</ns3:cad>
          </ns3:TrackPointExtension>
        </extensions>
      </trkpt>
      <trkpt lat="23.04989953525364398956298828125" lon="113.31040204502642154693603515625">
        <ele>1.2000000476837158203125</ele>
        <time>2026-08-30T23:27:49.000Z</time>
        <extensions>
          <ns3:TrackPointExtension>
            <ns3:hr>145</ns3:hr>
            <ns3:cad>81</ns3:cad>
          </ns3:TrackPointExtension>
        </extensions>
      </trkpt>
      <trkpt lat="23.0499103479087352752685546875" lon="113.31037639640271663665771484375">
        <ele>1.39999997615814208984375</ele>
        <time>2026-08-30T23:27:50.000Z</time>
        <extensions>
          <ns3:TrackPointExtension>
            <ns3:hr>146</ns3:hr>
            <ns3:cad>81</ns3:cad>
          </ns3:TrackPointExtension>
        </extensions>
      </trkpt>
      <trkpt lat="23.049914538860321044921875" lon="113.310354687273502349853515625">
        <ele>1.39999997615814208984375</ele>
        <time>2026-08-30T23:27:51.000Z</time>
        <extensions>
          <ns3:TrackPointExtension>
            <ns3:hr>146</ns3:hr>
            <ns3:cad>81</ns3:cad>
          </ns3:TrackPointExtension>
        </extensions>
      </trkpt>
      <trkpt lat="23.04991730488836765289306640625" lon="113.31033230759203433990478515625">
        <ele>1.39999997615814208984375</ele>
        <time>2026-08-30T23:27:52.000Z</time>
        <extensions>
          <ns3:TrackPointExtension>
            <ns3:hr>146</ns3:hr>
            <ns3:cad>81</ns3:cad>
          </ns3:TrackPointExtension>
        </extensions>
      </trkpt>
      <trkpt lat="23.04992333985865116119384765625" lon="113.3103032223880290985107421875">
        <ele>1.39999997615814208984375</ele>
        <time>2026-08-30T23:27:53.000Z</time>
        <extensions>
          <ns3:TrackPointExtension>
            <ns3:hr>146</ns3:hr>
            <ns3:cad>81</ns3:cad>
          </ns3:TrackPointExtension>
        </extensions>
      </trkpt>
      <trkpt lat="23.0499277822673320770263671875" lon="113.31028184853494167327880859375">
        <ele>1.60000002384185791015625</ele>
        <time>2026-08-30T23:27:54.000Z</time>
        <extensions>
          <ns3:TrackPointExtension>
            <ns3:hr>146</ns3:hr>
            <ns3:cad>82</ns3:cad>
          </ns3:TrackPointExtension>
        </extensions>
      </trkpt>
      <trkpt lat="23.04993138648569583892822265625" lon="113.31025619991123676300048828125">
        <ele>1.60000002384185791015625</ele>
        <time>2026-08-30T23:27:55.000Z</time>
        <extensions>
          <ns3:TrackPointExtension>
            <ns3:hr>146</ns3:hr>
            <ns3:cad>82</ns3:cad>
          </ns3:TrackPointExtension>
        </extensions>
      </trkpt>
      <trkpt lat="23.0499344877898693084716796875" lon="113.3102358318865299224853515625">
        <ele>1.60000002384185791015625</ele>
        <time>2026-08-30T23:27:56.000Z</time>
        <extensions>
          <ns3:TrackPointExtension>
            <ns3:hr>146</ns3:hr>
            <ns3:cad>80</ns3:cad>
          </ns3:TrackPointExtension>
        </extensions>
      </trkpt>
      <trkpt lat="23.04993188939988613128662109375" lon="113.31021764315664768218994140625">
        <ele>1.60000002384185791015625</ele>
        <time>2026-08-30T23:27:57.000Z</time>
        <extensions>
          <ns3:TrackPointExtension>
            <ns3:hr>147</ns3:hr>
            <ns3:cad>80</ns3:cad>
          </ns3:TrackPointExtension>
        </extensions>
      </trkpt>
      <trkpt lat="23.04992987774312496185302734375" lon="113.31018847413361072540283203125">
        <ele>1.60000002384185791015625</ele>
        <time>2026-08-30T23:27:58.000Z</time>
        <extensions>
          <ns3:TrackPointExtension>
            <ns3:hr>147</ns3:hr>
            <ns3:cad>81</ns3:cad>
          </ns3:TrackPointExtension>
        </extensions>
      </trkpt>
      <trkpt lat="23.04992937482893466949462890625" lon="113.31016534008085727691650390625">
        <ele>1.60000002384185791015625</ele>
        <time>2026-08-30T23:27:59.000Z</time>
        <extensions>
          <ns3:TrackPointExtension>
            <ns3:hr>147</ns3:hr>
            <ns3:cad>81</ns3:cad>
          </ns3:TrackPointExtension>
        </extensions>
      </trkpt>
      <trkpt lat="23.04992116056382656097412109375" lon="113.31014606170356273651123046875">
        <ele>1.60000002384185791015625</ele>
        <time>2026-08-30T23:28:00.000Z</time>
        <extensions>
          <ns3:TrackPointExtension>
            <ns3:hr>147</ns3:hr>
            <ns3:cad>81</ns3:cad>
          </ns3:TrackPointExtension>
        </extensions>
      </trkpt>
      <trkpt lat="23.0499172210693359375" lon="113.31012007780373096466064453125">
        <ele>1.60000002384185791015625</ele>
        <time>2026-08-30T23:28:01.000Z</time>
        <extensions>
          <ns3:TrackPointExtension>
            <ns3:hr>146</ns3:hr>
            <ns3:cad>81</ns3:cad>
          </ns3:TrackPointExtension>
        </extensions>
      </trkpt>
      <trkpt lat="23.0499190650880336761474609375" lon="113.31010155379772186279296875">
        <ele>1.60000002384185791015625</ele>
        <time>2026-08-30T23:28:02.000Z</time>
        <extensions>
          <ns3:TrackPointExtension>
            <ns3:hr>146</ns3:hr>
            <ns3:cad>81</ns3:cad>
          </ns3:TrackPointExtension>
        </extensions>
      </trkpt>
      <trkpt lat="23.04991613142192363739013671875" lon="113.31008135341107845306396484375">
        <ele>1.60000002384185791015625</ele>
        <time>2026-08-30T23:28:03.000Z</time>
        <extensions>
          <ns3:TrackPointExtension>
            <ns3:hr>146</ns3:hr>
            <ns3:cad>80</ns3:cad>
          </ns3:TrackPointExtension>
        </extensions>
      </trkpt>
      <trkpt lat="23.0499167181551456451416015625" lon="113.3100541122257709503173828125">
        <ele>1.60000002384185791015625</ele>
        <time>2026-08-30T23:28:04.000Z</time>
        <extensions>
          <ns3:TrackPointExtension>
            <ns3:hr>147</ns3:hr>
            <ns3:cad>80</ns3:cad>
          </ns3:TrackPointExtension>
        </extensions>
      </trkpt>
      <trkpt lat="23.0499143712222576141357421875" lon="113.31003592349588871002197265625">
        <ele>1.60000002384185791015625</ele>
        <time>2026-08-30T23:28:05.000Z</time>
        <extensions>
          <ns3:TrackPointExtension>
            <ns3:hr>146</ns3:hr>
            <ns3:cad>80</ns3:cad>
          </ns3:TrackPointExtension>
        </extensions>
      </trkpt>
      <trkpt lat="23.0499100126326084136962890625" lon="113.31001446582376956939697265625">
        <ele>1.7999999523162841796875</ele>
        <time>2026-08-30T23:28:06.000Z</time>
        <extensions>
          <ns3:TrackPointExtension>
            <ns3:hr>146</ns3:hr>
            <ns3:cad>81</ns3:cad>
          </ns3:TrackPointExtension>
        </extensions>
      </trkpt>
      <trkpt lat="23.04991361685097217559814453125" lon="113.3099857158958911895751953125">
        <ele>1.7999999523162841796875</ele>
        <time>2026-08-30T23:28:07.000Z</time>
        <extensions>
          <ns3:TrackPointExtension>
            <ns3:hr>146</ns3:hr>
            <ns3:cad>81</ns3:cad>
          </ns3:TrackPointExtension>
        </extensions>
      </trkpt>
      <trkpt lat="23.04991294629871845245361328125" lon="113.30996585078537464141845703125">
        <ele>1.7999999523162841796875</ele>
        <time>2026-08-30T23:28:08.000Z</time>
        <extensions>
          <ns3:TrackPointExtension>
            <ns3:hr>145</ns3:hr>
            <ns3:cad>81</ns3:cad>
          </ns3:TrackPointExtension>
        </extensions>
      </trkpt>
      <trkpt lat="23.0499073304235935211181640625" lon="113.3099399507045745849609375">
        <ele>1.7999999523162841796875</ele>
        <time>2026-08-30T23:28:09.000Z</time>
        <extensions>
          <ns3:TrackPointExtension>
            <ns3:hr>145</ns3:hr>
            <ns3:cad>82</ns3:cad>
          </ns3:TrackPointExtension>
        </extensions>
      </trkpt>
      <trkpt lat="23.0499116890132427215576171875" lon="113.3099143020808696746826171875">
        <ele>2</ele>
        <time>2026-08-30T23:28:10.000Z</time>
        <extensions>
          <ns3:TrackPointExtension>
            <ns3:hr>145</ns3:hr>
            <ns3:cad>82</ns3:cad>
          </ns3:TrackPointExtension>
        </extensions>
      </trkpt>
      <trkpt lat="23.0499086715281009674072265625" lon="113.309889324009418487548828125">
        <ele>2</ele>
        <time>2026-08-30T23:28:11.000Z</time>
        <extensions>
          <ns3:TrackPointExtension>
            <ns3:hr>145</ns3:hr>
            <ns3:cad>82</ns3:cad>
          </ns3:TrackPointExtension>
        </extensions>
      </trkpt>
      <trkpt lat="23.04990791715681552886962890625" lon="113.30986275337636470794677734375">
        <ele>2</ele>
        <time>2026-08-30T23:28:12.000Z</time>
        <extensions>
          <ns3:TrackPointExtension>
            <ns3:hr>145</ns3:hr>
            <ns3:cad>82</ns3:cad>
          </ns3:TrackPointExtension>
        </extensions>
      </trkpt>
      <trkpt lat="23.04991043172776699066162109375" lon="113.30984280444681644439697265625">
        <ele>2</ele>
        <time>2026-08-30T23:28:13.000Z</time>
        <extensions>
          <ns3:TrackPointExtension>
            <ns3:hr>145</ns3:hr>
            <ns3:cad>82</ns3:cad>
          </ns3:TrackPointExtension>
        </extensions>
      </trkpt>
      <trkpt lat="23.0499051511287689208984375" lon="113.30982134677469730377197265625">
        <ele>2</ele>
        <time>2026-08-30T23:28:14.000Z</time>
        <extensions>
          <ns3:TrackPointExtension>
            <ns3:hr>145</ns3:hr>
            <ns3:cad>81</ns3:cad>
          </ns3:TrackPointExtension>
        </extensions>
      </trkpt>
      <trkpt lat="23.04990791715681552886962890625" lon="113.3097912557423114776611328125">
        <ele>2</ele>
        <time>2026-08-30T23:28:15.000Z</time>
        <extensions>
          <ns3:TrackPointExtension>
            <ns3:hr>145</ns3:hr>
            <ns3:cad>81</ns3:cad>
          </ns3:TrackPointExtension>
        </extensions>
      </trkpt>
      <trkpt lat="23.049906156957149505615234375" lon="113.3097711391746997833251953125">
        <ele>1.7999999523162841796875</ele>
        <time>2026-08-30T23:28:16.000Z</time>
        <extensions>
          <ns3:TrackPointExtension>
            <ns3:hr>144</ns3:hr>
            <ns3:cad>80</ns3:cad>
          </ns3:TrackPointExtension>
        </extensions>
      </trkpt>
      <trkpt lat="23.0499019660055637359619140625" lon="113.3097468316555023193359375">
        <ele>2</ele>
        <time>2026-08-30T23:28:17.000Z</time>
        <extensions>
          <ns3:TrackPointExtension>
            <ns3:hr>144</ns3:hr>
            <ns3:cad>80</ns3:cad>
          </ns3:TrackPointExtension>
        </extensions>
      </trkpt>
      <trkpt lat="23.04990322329103946685791015625" lon="113.30970953218638896942138671875">
        <ele>2</ele>
        <time>2026-08-30T23:28:18.000Z</time>
        <extensions>
          <ns3:TrackPointExtension>
            <ns3:hr>145</ns3:hr>
            <ns3:cad>81</ns3:cad>
          </ns3:TrackPointExtension>
        </extensions>
      </trkpt>
      <trkpt lat="23.0499024689197540283203125" lon="113.3096893317997455596923828125">
        <ele>2</ele>
        <time>2026-08-30T23:28:19.000Z</time>
        <extensions>
          <ns3:TrackPointExtension>
            <ns3:hr>145</ns3:hr>
            <ns3:cad>81</ns3:cad>
          </ns3:TrackPointExtension>
        </extensions>
      </trkpt>
      <trkpt lat="23.0498976074159145355224609375" lon="113.30966426990926265716552734375">
        <ele>2</ele>
        <time>2026-08-30T23:28:20.000Z</time>
        <extensions>
          <ns3:TrackPointExtension>
            <ns3:hr>145</ns3:hr>
            <ns3:cad>81</ns3:cad>
          </ns3:TrackPointExtension>
        </extensions>
      </trkpt>
      <trkpt lat="23.049896769225597381591796875" lon="113.30963493324816226959228515625">
        <ele>2</ele>
        <time>2026-08-30T23:28:21.000Z</time>
        <extensions>
          <ns3:TrackPointExtension>
            <ns3:hr>145</ns3:hr>
            <ns3:cad>80</ns3:cad>
          </ns3:TrackPointExtension>
        </extensions>
      </trkpt>
      <trkpt lat="23.0498919077217578887939453125" lon="113.3096185885369777679443359375">
        <ele>2</ele>
        <time>2026-08-30T23:28:22.000Z</time>
        <extensions>
          <ns3:TrackPointExtension>
            <ns3:hr>145</ns3:hr>
            <ns3:cad>80</ns3:cad>
          </ns3:TrackPointExtension>
        </extensions>
      </trkpt>
      <trkpt lat="23.04988880641758441925048828125" lon="113.30959151498973369598388671875">
        <ele>2</ele>
        <time>2026-08-30T23:28:23.000Z</time>
        <extensions>
          <ns3:TrackPointExtension>
            <ns3:hr>145</ns3:hr>
            <ns3:cad>80</ns3:cad>
          </ns3:TrackPointExtension>
        </extensions>
      </trkpt>
      <trkpt lat="23.04989635013043880462646484375" lon="113.30956284888088703155517578125">
        <ele>2</ele>
        <time>2026-08-30T23:28:24.000Z</time>
        <extensions>
          <ns3:TrackPointExtension>
            <ns3:hr>145</ns3:hr>
            <ns3:cad>81</ns3:cad>
          </ns3:TrackPointExtension>
        </extensions>
      </trkpt>
      <trkpt lat="23.0498850345611572265625" lon="113.3095443248748779296875">
        <ele>2.2000000476837158203125</ele>
        <time>2026-08-30T23:28:25.000Z</time>
        <extensions>
          <ns3:TrackPointExtension>
            <ns3:hr>145</ns3:hr>
            <ns3:cad>81</ns3:cad>
          </ns3:TrackPointExtension>
        </extensions>
      </trkpt>
      <trkpt lat="23.0498778261244297027587890625" lon="113.309515826404094696044921875">
        <ele>2.2000000476837158203125</ele>
        <time>2026-08-30T23:28:26.000Z</time>
        <extensions>
          <ns3:TrackPointExtension>
            <ns3:hr>145</ns3:hr>
            <ns3:cad>81</ns3:cad>
          </ns3:TrackPointExtension>
        </extensions>
      </trkpt>
      <trkpt lat="23.0498791672289371490478515625" lon="113.309492357075214385986328125">
        <ele>2.2000000476837158203125</ele>
        <time>2026-08-30T23:28:27.000Z</time>
        <extensions>
          <ns3:TrackPointExtension>
            <ns3:hr>145</ns3:hr>
            <ns3:cad>81</ns3:cad>
          </ns3:TrackPointExtension>
        </extensions>
      </trkpt>
      <trkpt lat="23.0498714558780193328857421875" lon="113.30947517417371273040771484375">
        <ele>2</ele>
        <time>2026-08-30T23:28:28.000Z</time>
        <extensions>
          <ns3:TrackPointExtension>
            <ns3:hr>145</ns3:hr>
            <ns3:cad>80</ns3:cad>
          </ns3:TrackPointExtension>
        </extensions>
      </trkpt>
      <trkpt lat="23.0498684383928775787353515625" lon="113.30944298766553401947021484375">
        <ele>2</ele>
        <time>2026-08-30T23:28:29.000Z</time>
        <extensions>
          <ns3:TrackPointExtension>
            <ns3:hr>145</ns3:hr>
            <ns3:cad>80</ns3:cad>
          </ns3:TrackPointExtension>
        </extensions>
      </trkpt>
      <trkpt lat="23.04986785165965557098388671875" lon="113.30942085944116115570068359375">
        <ele>2</ele>
        <time>2026-08-30T23:28:30.000Z</time>
        <extensions>
          <ns3:TrackPointExtension>
            <ns3:hr>146</ns3:hr>
            <ns3:cad>80</ns3:cad>
          </ns3:TrackPointExtension>
        </extensions>
      </trkpt>
      <trkpt lat="23.0498617328703403472900390625" lon="113.30939856357872486114501953125">
        <ele>2</ele>
        <time>2026-08-30T23:28:31.000Z</time>
        <extensions>
          <ns3:TrackPointExtension>
            <ns3:hr>146</ns3:hr>
            <ns3:cad>81</ns3:cad>
          </ns3:TrackPointExtension>
        </extensions>
      </trkpt>
      <trkpt lat="23.04986751638352870941162109375" lon="113.30936319194734096527099609375">
        <ele>2</ele>
        <time>2026-08-30T23:28:32.000Z</time>
        <extensions>
          <ns3:TrackPointExtension>
            <ns3:hr>146</ns3:hr>
            <ns3:cad>81</ns3:cad>
          </ns3:TrackPointExtension>
        </extensions>
      </trkpt>
      <trkpt lat="23.04986516945064067840576171875" lon="113.309342153370380401611328125">
        <ele>2.2000000476837158203125</ele>
        <time>2026-08-30T23:28:33.000Z</time>
        <extensions>
          <ns3:TrackPointExtension>
            <ns3:hr>146</ns3:hr>
            <ns3:cad>81</ns3:cad>
          </ns3:TrackPointExtension>
        </extensions>
      </trkpt>
      <trkpt lat="23.0498624034225940704345703125" lon="113.30931809730827808380126953125">
        <ele>2.2000000476837158203125</ele>
        <time>2026-08-30T23:28:34.000Z</time>
        <extensions>
          <ns3:TrackPointExtension>
            <ns3:hr>145</ns3:hr>
            <ns3:cad>81</ns3:cad>
          </ns3:TrackPointExtension>
        </extensions>
      </trkpt>
      <trkpt lat="23.049866259098052978515625" lon="113.309293203055858612060546875">
        <ele>2.400000095367431640625</ele>
        <time>2026-08-30T23:28:35.000Z</time>
        <extensions>
          <ns3:TrackPointExtension>
            <ns3:hr>145</ns3:hr>
            <ns3:cad>81</ns3:cad>
          </ns3:TrackPointExtension>
        </extensions>
      </trkpt>
      <trkpt lat="23.04986667819321155548095703125" lon="113.30927602015435695648193359375">
        <ele>2.400000095367431640625</ele>
        <time>2026-08-30T23:28:36.000Z</time>
        <extensions>
          <ns3:TrackPointExtension>
            <ns3:hr>145</ns3:hr>
            <ns3:cad>81</ns3:cad>
          </ns3:TrackPointExtension>
        </extensions>
      </trkpt>
      <trkpt lat="23.0498635768890380859375" lon="113.309251964092254638671875">
        <ele>2.2000000476837158203125</ele>
        <time>2026-08-30T23:28:37.000Z</time>
        <extensions>
          <ns3:TrackPointExtension>
            <ns3:hr>145</ns3:hr>
            <ns3:cad>81</ns3:cad>
          </ns3:TrackPointExtension>
        </extensions>
      </trkpt>
      <trkpt lat="23.0498647503554821014404296875" lon="113.30922371707856655120849609375">
        <ele>2.2000000476837158203125</ele>
        <time>2026-08-30T23:28:38.000Z</time>
        <extensions>
          <ns3:TrackPointExtension>
            <ns3:hr>145</ns3:hr>
            <ns3:cad>81</ns3:cad>
          </ns3:TrackPointExtension>
        </extensions>
      </trkpt>
      <trkpt lat="23.04985695518553256988525390625" lon="113.3092018403112888336181640625">
        <ele>2</ele>
        <time>2026-08-30T23:28:39.000Z</time>
        <extensions>
          <ns3:TrackPointExtension>
            <ns3:hr>145</ns3:hr>
            <ns3:cad>81</ns3:cad>
          </ns3:TrackPointExtension>
        </extensions>
      </trkpt>
      <trkpt lat="23.049852512776851654052734375" lon="113.3091743476688861846923828125">
        <ele>2</ele>
        <time>2026-08-30T23:28:40.000Z</time>
        <extensions>
          <ns3:TrackPointExtension>
            <ns3:hr>144</ns3:hr>
            <ns3:cad>81</ns3:cad>
          </ns3:TrackPointExtension>
        </extensions>
      </trkpt>
      <trkpt lat="23.04985980503261089324951171875" lon="113.30915079452097415924072265625">
        <ele>2</ele>
        <time>2026-08-30T23:28:41.000Z</time>
        <extensions>
          <ns3:TrackPointExtension>
            <ns3:hr>144</ns3:hr>
            <ns3:cad>81</ns3:cad>
          </ns3:TrackPointExtension>
        </extensions>
      </trkpt>
      <trkpt lat="23.04985754191875457763671875" lon="113.3091357909142971038818359375">
        <ele>2.2000000476837158203125</ele>
        <time>2026-08-30T23:28:42.000Z</time>
        <extensions>
          <ns3:TrackPointExtension>
            <ns3:hr>144</ns3:hr>
            <ns3:cad>80</ns3:cad>
          </ns3:TrackPointExtension>
        </extensions>
      </trkpt>
      <trkpt lat="23.04985821247100830078125" lon="113.30911173485219478607177734375">
        <ele>2.2000000476837158203125</ele>
        <time>2026-08-30T23:28:43.000Z</time>
        <extensions>
          <ns3:TrackPointExtension>
            <ns3:hr>144</ns3:hr>
            <ns3:cad>80</ns3:cad>
          </ns3:TrackPointExtension>
        </extensions>
      </trkpt>
      <trkpt lat="23.049871958792209625244140625" lon="113.309091366827487945556640625">
        <ele>2.2000000476837158203125</ele>
        <time>2026-08-30T23:28:44.000Z</time>
        <extensions>
          <ns3:TrackPointExtension>
            <ns3:hr>144</ns3:hr>
            <ns3:cad>80</ns3:cad>
          </ns3:TrackPointExtension>
        </extensions>
      </trkpt>
      <trkpt lat="23.0498721264302730560302734375" lon="113.30907267518341541290283203125">
        <ele>2.2000000476837158203125</ele>
        <time>2026-08-30T23:28:45.000Z</time>
        <extensions>
          <ns3:TrackPointExtension>
            <ns3:hr>144</ns3:hr>
            <ns3:cad>80</ns3:cad>
          </ns3:TrackPointExtension>
        </extensions>
      </trkpt>
      <trkpt lat="23.04987371899187564849853515625" lon="113.30904501490294933319091796875">
        <ele>2.2000000476837158203125</ele>
        <time>2026-08-30T23:28:46.000Z</time>
        <extensions>
          <ns3:TrackPointExtension>
            <ns3:hr>144</ns3:hr>
            <ns3:cad>80</ns3:cad>
          </ns3:TrackPointExtension>
        </extensions>
      </trkpt>
      <trkpt lat="23.04988034069538116455078125" lon="113.3090191148221492767333984375">
        <ele>2.2000000476837158203125</ele>
        <time>2026-08-30T23:28:47.000Z</time>
        <extensions>
          <ns3:TrackPointExtension>
            <ns3:hr>144</ns3:hr>
            <ns3:cad>80</ns3:cad>
          </ns3:TrackPointExtension>
        </extensions>
      </trkpt>
      <trkpt lat="23.049878664314746856689453125" lon="113.30899505876004695892333984375">
        <ele>2.2000000476837158203125</ele>
        <time>2026-08-30T23:28:48.000Z</time>
        <extensions>
          <ns3:TrackPointExtension>
            <ns3:hr>144</ns3:hr>
            <ns3:cad>81</ns3:cad>
          </ns3:TrackPointExtension>
        </extensions>
      </trkpt>
      <trkpt lat="23.04988210089504718780517578125" lon="113.308965973556041717529296875">
        <ele>2.2000000476837158203125</ele>
        <time>2026-08-30T23:28:49.000Z</time>
        <extensions>
          <ns3:TrackPointExtension>
            <ns3:hr>144</ns3:hr>
            <ns3:cad>81</ns3:cad>
          </ns3:TrackPointExtension>
        </extensions>
      </trkpt>
      <trkpt lat="23.04988704621791839599609375" lon="113.30894409678876399993896484375">
        <ele>2.2000000476837158203125</ele>
        <time>2026-08-30T23:28:50.000Z</time>
        <extensions>
          <ns3:TrackPointExtension>
            <ns3:hr>144</ns3:hr>
            <ns3:cad>81</ns3:cad>
          </ns3:TrackPointExtension>
        </extensions>
      </trkpt>
      <trkpt lat="23.0498838610947132110595703125" lon="113.308924734592437744140625">
        <ele>2.2000000476837158203125</ele>
        <time>2026-08-30T23:28:51.000Z</time>
        <extensions>
          <ns3:TrackPointExtension>
            <ns3:hr>144</ns3:hr>
            <ns3:cad>81</ns3:cad>
          </ns3:TrackPointExtension>
        </extensions>
      </trkpt>
      <trkpt lat="23.0498898960649967193603515625" lon="113.3088965713977813720703125">
        <ele>2.2000000476837158203125</ele>
        <time>2026-08-30T23:28:52.000Z</time>
        <extensions>
          <ns3:TrackPointExtension>
            <ns3:hr>144</ns3:hr>
            <ns3:cad>81</ns3:cad>
          </ns3:TrackPointExtension>
        </extensions>
      </trkpt>
      <trkpt lat="23.04989417083561420440673828125" lon="113.30887653864920139312744140625">
        <ele>2.2000000476837158203125</ele>
        <time>2026-08-30T23:28:53.000Z</time>
        <extensions>
          <ns3:TrackPointExtension>
            <ns3:hr>144</ns3:hr>
            <ns3:cad>81</ns3:cad>
          </ns3:TrackPointExtension>
        </extensions>
      </trkpt>
      <trkpt lat="23.04989718832075595855712890625" lon="113.30885566771030426025390625">
        <ele>2.400000095367431640625</ele>
        <time>2026-08-30T23:28:54.000Z</time>
        <extensions>
          <ns3:TrackPointExtension>
            <ns3:hr>144</ns3:hr>
            <ns3:cad>81</ns3:cad>
          </ns3:TrackPointExtension>
        </extensions>
      </trkpt>
      <trkpt lat="23.04990523494780063629150390625" lon="113.30882524140179157257080078125">
        <ele>2.400000095367431640625</ele>
        <time>2026-08-30T23:28:55.000Z</time>
        <extensions>
          <ns3:TrackPointExtension>
            <ns3:hr>144</ns3:hr>
            <ns3:cad>80</ns3:cad>
          </ns3:TrackPointExtension>
        </extensions>
      </trkpt>
      <trkpt lat="23.04990791715681552886962890625" lon="113.30880663357675075531005859375">
        <ele>2.400000095367431640625</ele>
        <time>2026-08-30T23:28:56.000Z</time>
        <extensions>
          <ns3:TrackPointExtension>
            <ns3:hr>144</ns3:hr>
            <ns3:cad>80</ns3:cad>
          </ns3:TrackPointExtension>
        </extensions>
      </trkpt>
      <trkpt lat="23.04990850389003753662109375" lon="113.3087866008281707763671875">
        <ele>2.400000095367431640625</ele>
        <time>2026-08-30T23:28:57.000Z</time>
        <extensions>
          <ns3:TrackPointExtension>
            <ns3:hr>144</ns3:hr>
            <ns3:cad>80</ns3:cad>
          </ns3:TrackPointExtension>
        </extensions>
      </trkpt>
      <trkpt lat="23.04990489967167377471923828125" lon="113.30875885672867298126220703125">
        <ele>2.400000095367431640625</ele>
        <time>2026-08-30T23:28:58.000Z</time>
        <extensions>
          <ns3:TrackPointExtension>
            <ns3:hr>144</ns3:hr>
            <ns3:cad>80</ns3:cad>
          </ns3:TrackPointExtension>
        </extensions>
      </trkpt>
      <trkpt lat="23.049903474748134613037109375" lon="113.308740667998790740966796875">
        <ele>2.400000095367431640625</ele>
        <time>2026-08-30T23:28:59.000Z</time>
        <extensions>
          <ns3:TrackPointExtension>
            <ns3:hr>144</ns3:hr>
            <ns3:cad>81</ns3:cad>
          </ns3:TrackPointExtension>
        </extensions>
      </trkpt>
      <trkpt lat="23.04990322329103946685791015625" lon="113.3087187074124813079833984375">
        <ele>2.400000095367431640625</ele>
        <time>2026-08-30T23:29:00.000Z</time>
        <extensions>
          <ns3:TrackPointExtension>
            <ns3:hr>144</ns3:hr>
            <ns3:cad>81</ns3:cad>
          </ns3:TrackPointExtension>
        </extensions>
      </trkpt>
      <trkpt lat="23.0499080009758472442626953125" lon="113.3086922205984592437744140625">
        <ele>2.400000095367431640625</ele>
        <time>2026-08-30T23:29:01.000Z</time>
        <extensions>
          <ns3:TrackPointExtension>
            <ns3:hr>144</ns3:hr>
            <ns3:cad>81</ns3:cad>
          </ns3:TrackPointExtension>
        </extensions>
      </trkpt>
      <trkpt lat="23.0499090068042278289794921875" lon="113.30867604352533817291259765625">
        <ele>2.599999904632568359375</ele>
        <time>2026-08-30T23:29:02.000Z</time>
        <extensions>
          <ns3:TrackPointExtension>
            <ns3:hr>144</ns3:hr>
            <ns3:cad>81</ns3:cad>
          </ns3:TrackPointExtension>
        </extensions>
      </trkpt>
      <trkpt lat="23.04990716278553009033203125" lon="113.30865005962550640106201171875">
        <ele>2.599999904632568359375</ele>
        <time>2026-08-30T23:29:03.000Z</time>
        <extensions>
          <ns3:TrackPointExtension>
            <ns3:hr>144</ns3:hr>
            <ns3:cad>81</ns3:cad>
          </ns3:TrackPointExtension>
        </extensions>
      </trkpt>
      <trkpt lat="23.04991646669805049896240234375" lon="113.3086238242685794830322265625">
        <ele>2.599999904632568359375</ele>
        <time>2026-08-30T23:29:04.000Z</time>
        <extensions>
          <ns3:TrackPointExtension>
            <ns3:hr>144</ns3:hr>
            <ns3:cad>80</ns3:cad>
          </ns3:TrackPointExtension>
        </extensions>
      </trkpt>
      <trkpt lat="23.049912191927433013916015625" lon="113.30860530026257038116455078125">
        <ele>2.599999904632568359375</ele>
        <time>2026-08-30T23:29:05.000Z</time>
        <extensions>
          <ns3:TrackPointExtension>
            <ns3:hr>144</ns3:hr>
            <ns3:cad>80</ns3:cad>
          </ns3:TrackPointExtension>
        </extensions>
      </trkpt>
      <trkpt lat="23.0499100126326084136962890625" lon="113.308576382696628570556640625">
        <ele>2.7999999523162841796875</ele>
        <time>2026-08-30T23:29:06.000Z</time>
        <extensions>
          <ns3:TrackPointExtension>
            <ns3:hr>144</ns3:hr>
            <ns3:cad>80</ns3:cad>
          </ns3:TrackPointExtension>
        </extensions>
      </trkpt>
      <trkpt lat="23.049914874136447906494140625" lon="113.30855316482484340667724609375">
        <ele>2.7999999523162841796875</ele>
        <time>2026-08-30T23:29:07.000Z</time>
        <extensions>
          <ns3:TrackPointExtension>
            <ns3:hr>144</ns3:hr>
            <ns3:cad>80</ns3:cad>
          </ns3:TrackPointExtension>
        </extensions>
      </trkpt>
      <trkpt lat="23.04990992881357669830322265625" lon="113.3085336349904537200927734375">
        <ele>2.7999999523162841796875</ele>
        <time>2026-08-30T23:29:08.000Z</time>
        <extensions>
          <ns3:TrackPointExtension>
            <ns3:hr>144</ns3:hr>
            <ns3:cad>80</ns3:cad>
          </ns3:TrackPointExtension>
        </extensions>
      </trkpt>
      <trkpt lat="23.0499076656997203826904296875" lon="113.30850429832935333251953125">
        <ele>2.7999999523162841796875</ele>
        <time>2026-08-30T23:29:09.000Z</time>
        <extensions>
          <ns3:TrackPointExtension>
            <ns3:hr>144</ns3:hr>
            <ns3:cad>81</ns3:cad>
          </ns3:TrackPointExtension>
        </extensions>
      </trkpt>
      <trkpt lat="23.04990892298519611358642578125" lon="113.3084843493998050689697265625">
        <ele>2.7999999523162841796875</ele>
        <time>2026-08-30T23:29:10.000Z</time>
        <extensions>
          <ns3:TrackPointExtension>
            <ns3:hr>144</ns3:hr>
            <ns3:cad>81</ns3:cad>
          </ns3:TrackPointExtension>
        </extensions>
      </trkpt>
      <trkpt lat="23.0499090068042278289794921875" lon="113.3084618858993053436279296875">
        <ele>2.7999999523162841796875</ele>
        <time>2026-08-30T23:29:11.000Z</time>
        <extensions>
          <ns3:TrackPointExtension>
            <ns3:hr>144</ns3:hr>
            <ns3:cad>81</ns3:cad>
          </ns3:TrackPointExtension>
        </extensions>
      </trkpt>
      <trkpt lat="23.04991395212709903717041015625" lon="113.30842827446758747100830078125">
        <ele>2.7999999523162841796875</ele>
        <time>2026-08-30T23:29:12.000Z</time>
        <extensions>
          <ns3:TrackPointExtension>
            <ns3:hr>144</ns3:hr>
            <ns3:cad>81</ns3:cad>
          </ns3:TrackPointExtension>
        </extensions>
      </trkpt>
      <trkpt lat="23.04991663433611392974853515625" lon="113.30840245820581912994384765625">
        <ele>2.7999999523162841796875</ele>
        <time>2026-08-30T23:29:13.000Z</time>
        <extensions>
          <ns3:TrackPointExtension>
            <ns3:hr>144</ns3:hr>
            <ns3:cad>81</ns3:cad>
          </ns3:TrackPointExtension>
        </extensions>
      </trkpt>
      <trkpt lat="23.04991923272609710693359375" lon="113.30838016234338283538818359375">
        <ele>2.7999999523162841796875</ele>
        <time>2026-08-30T23:29:14.000Z</time>
        <extensions>
          <ns3:TrackPointExtension>
            <ns3:hr>144</ns3:hr>
            <ns3:cad>81</ns3:cad>
          </ns3:TrackPointExtension>
        </extensions>
      </trkpt>
      <trkpt lat="23.04992652498185634613037109375" lon="113.30834479071199893951416015625">
        <ele>2.7999999523162841796875</ele>
        <time>2026-08-30T23:29:15.000Z</time>
        <extensions>
          <ns3:TrackPointExtension>
            <ns3:hr>144</ns3:hr>
            <ns3:cad>81</ns3:cad>
          </ns3:TrackPointExtension>
        </extensions>
      </trkpt>
      <trkpt lat="23.0499257706105709075927734375" lon="113.30832459032535552978515625">
        <ele>3</ele>
        <time>2026-08-30T23:29:16.000Z</time>
        <extensions>
          <ns3:TrackPointExtension>
            <ns3:hr>144</ns3:hr>
            <ns3:cad>81</ns3:cad>
          </ns3:TrackPointExtension>
        </extensions>
      </trkpt>
      <trkpt lat="23.04992568679153919219970703125" lon="113.30830036662518978118896484375">
        <ele>3</ele>
        <time>2026-08-30T23:29:17.000Z</time>
        <extensions>
          <ns3:TrackPointExtension>
            <ns3:hr>144</ns3:hr>
            <ns3:cad>81</ns3:cad>
          </ns3:TrackPointExtension>
        </extensions>
      </trkpt>
      <trkpt lat="23.04993423633277416229248046875" lon="113.30827362835407257080078125">
        <ele>3</ele>
        <time>2026-08-30T23:29:18.000Z</time>
        <extensions>
          <ns3:TrackPointExtension>
            <ns3:hr>144</ns3:hr>
            <ns3:cad>80</ns3:cad>
          </ns3:TrackPointExtension>
        </extensions>
      </trkpt>
      <trkpt lat="23.0499279499053955078125" lon="113.3082550205290317535400390625">
        <ele>3.2000000476837158203125</ele>
        <time>2026-08-30T23:29:19.000Z</time>
        <extensions>
          <ns3:TrackPointExtension>
            <ns3:hr>144</ns3:hr>
            <ns3:cad>80</ns3:cad>
          </ns3:TrackPointExtension>
        </extensions>
      </trkpt>
      <trkpt lat="23.04992719553411006927490234375" lon="113.30822878517210483551025390625">
        <ele>3.2000000476837158203125</ele>
        <time>2026-08-30T23:29:20.000Z</time>
        <extensions>
          <ns3:TrackPointExtension>
            <ns3:hr>145</ns3:hr>
            <ns3:cad>81</ns3:cad>
          </ns3:TrackPointExtension>
        </extensions>
      </trkpt>
      <trkpt lat="23.049935661256313323974609375" lon="113.30820296891033649444580078125">
        <ele>3.2000000476837158203125</ele>
        <time>2026-08-30T23:29:21.000Z</time>
        <extensions>
          <ns3:TrackPointExtension>
            <ns3:hr>144</ns3:hr>
            <ns3:cad>81</ns3:cad>
          </ns3:TrackPointExtension>
        </extensions>
      </trkpt>
      <trkpt lat="23.04993289522826671600341796875" lon="113.30818033777177333831787109375">
        <ele>3.400000095367431640625</ele>
        <time>2026-08-30T23:29:22.000Z</time>
        <extensions>
          <ns3:TrackPointExtension>
            <ns3:hr>144</ns3:hr>
            <ns3:cad>81</ns3:cad>
          </ns3:TrackPointExtension>
        </extensions>
      </trkpt>
      <trkpt lat="23.04993725381791591644287109375" lon="113.30815963447093963623046875">
        <ele>3.400000095367431640625</ele>
        <time>2026-08-30T23:29:23.000Z</time>
        <extensions>
          <ns3:TrackPointExtension>
            <ns3:hr>144</ns3:hr>
            <ns3:cad>81</ns3:cad>
          </ns3:TrackPointExtension>
        </extensions>
      </trkpt>
      <trkpt lat="23.0499475635588169097900390625" lon="113.308139853179454803466796875">
        <ele>3.400000095367431640625</ele>
        <time>2026-08-30T23:29:24.000Z</time>
        <extensions>
          <ns3:TrackPointExtension>
            <ns3:hr>144</ns3:hr>
            <ns3:cad>81</ns3:cad>
          </ns3:TrackPointExtension>
        </extensions>
      </trkpt>
      <trkpt lat="23.04994739592075347900390625" lon="113.3081235922873020172119140625">
        <ele>3.2000000476837158203125</ele>
        <time>2026-08-30T23:29:25.000Z</time>
        <extensions>
          <ns3:TrackPointExtension>
            <ns3:hr>145</ns3:hr>
            <ns3:cad>81</ns3:cad>
          </ns3:TrackPointExtension>
        </extensions>
      </trkpt>
      <trkpt lat="23.04995141923427581787109375" lon="113.3080984465777873992919921875">
        <ele>3.2000000476837158203125</ele>
        <time>2026-08-30T23:29:26.000Z</time>
        <extensions>
          <ns3:TrackPointExtension>
            <ns3:hr>145</ns3:hr>
            <ns3:cad>81</ns3:cad>
          </ns3:TrackPointExtension>
        </extensions>
      </trkpt>
      <trkpt lat="23.04996080696582794189453125" lon="113.30807916820049285888671875">
        <ele>3.2000000476837158203125</ele>
        <time>2026-08-30T23:29:27.000Z</time>
        <extensions>
          <ns3:TrackPointExtension>
            <ns3:hr>145</ns3:hr>
            <ns3:cad>81</ns3:cad>
          </ns3:TrackPointExtension>
        </extensions>
      </trkpt>
      <trkpt lat="23.04996307007968425750732421875" lon="113.30805997364223003387451171875">
        <ele>3.2000000476837158203125</ele>
        <time>2026-08-30T23:29:28.000Z</time>
        <extensions>
          <ns3:TrackPointExtension>
            <ns3:hr>145</ns3:hr>
            <ns3:cad>81</ns3:cad>
          </ns3:TrackPointExtension>
        </extensions>
      </trkpt>
      <trkpt lat="23.04996759630739688873291015625" lon="113.30802862532436847686767578125">
        <ele>3.2000000476837158203125</ele>
        <time>2026-08-30T23:29:29.000Z</time>
        <extensions>
          <ns3:TrackPointExtension>
            <ns3:hr>146</ns3:hr>
            <ns3:cad>80</ns3:cad>
          </ns3:TrackPointExtension>
        </extensions>
      </trkpt>
      <trkpt lat="23.0499713681638240814208984375" lon="113.30801269970834255218505859375">
        <ele>3.2000000476837158203125</ele>
        <time>2026-08-30T23:29:30.000Z</time>
        <extensions>
          <ns3:TrackPointExtension>
            <ns3:hr>145</ns3:hr>
            <ns3:cad>80</ns3:cad>
          </ns3:TrackPointExtension>
        </extensions>
      </trkpt>
      <trkpt lat="23.04997279308736324310302734375" lon="113.30799073912203311920166015625">
        <ele>3.2000000476837158203125</ele>
        <time>2026-08-30T23:29:31.000Z</time>
        <extensions>
          <ns3:TrackPointExtension>
            <ns3:hr>145</ns3:hr>
            <ns3:cad>80</ns3:cad>
          </ns3:TrackPointExtension>
        </extensions>
      </trkpt>
      <trkpt lat="23.0499814264476299285888671875" lon="113.3079556189477443695068359375">
        <ele>3.2000000476837158203125</ele>
        <time>2026-08-30T23:29:32.000Z</time>
        <extensions>
          <ns3:TrackPointExtension>
            <ns3:hr>145</ns3:hr>
            <ns3:cad>80</ns3:cad>
          </ns3:TrackPointExtension>
        </extensions>
      </trkpt>
      <trkpt lat="23.04998201318085193634033203125" lon="113.30793625675141811370849609375">
        <ele>3.2000000476837158203125</ele>
        <time>2026-08-30T23:29:33.000Z</time>
        <extensions>
          <ns3:TrackPointExtension>
            <ns3:hr>145</ns3:hr>
            <ns3:cad>81</ns3:cad>
          </ns3:TrackPointExtension>
        </extensions>
      </trkpt>
      <trkpt lat="23.0499787442386150360107421875" lon="113.30791555345058441162109375">
        <ele>3.2000000476837158203125</ele>
        <time>2026-08-30T23:29:34.000Z</time>
        <extensions>
          <ns3:TrackPointExtension>
            <ns3:hr>145</ns3:hr>
            <ns3:cad>81</ns3:cad>
          </ns3:TrackPointExtension>
        </extensions>
      </trkpt>
      <trkpt lat="23.04998670704662799835205078125" lon="113.307888396084308624267578125">
        <ele>3.2000000476837158203125</ele>
        <time>2026-08-30T23:29:35.000Z</time>
        <extensions>
          <ns3:TrackPointExtension>
            <ns3:hr>145</ns3:hr>
            <ns3:cad>81</ns3:cad>
          </ns3:TrackPointExtension>
        </extensions>
      </trkpt>
      <trkpt lat="23.0499841086566448211669921875" lon="113.30787003971636295318603515625">
        <ele>3.2000000476837158203125</ele>
        <time>2026-08-30T23:29:36.000Z</time>
        <extensions>
          <ns3:TrackPointExtension>
            <ns3:hr>145</ns3:hr>
            <ns3:cad>81</ns3:cad>
          </ns3:TrackPointExtension>
        </extensions>
      </trkpt>
      <trkpt lat="23.0499831028282642364501953125" lon="113.3078456483781337738037109375">
        <ele>3.400000095367431640625</ele>
        <time>2026-08-30T23:29:37.000Z</time>
        <extensions>
          <ns3:TrackPointExtension>
            <ns3:hr>145</ns3:hr>
            <ns3:cad>81</ns3:cad>
          </ns3:TrackPointExtension>
        </extensions>
      </trkpt>
      <trkpt lat="23.04999726824462413787841796875" lon="113.30782008357346057891845703125">
        <ele>3.400000095367431640625</ele>
        <time>2026-08-30T23:29:38.000Z</time>
        <extensions>
          <ns3:TrackPointExtension>
            <ns3:hr>145</ns3:hr>
            <ns3:cad>80</ns3:cad>
          </ns3:TrackPointExtension>
        </extensions>
      </trkpt>
      <trkpt lat="23.04999835789203643798828125" lon="113.3078020624816417694091796875">
        <ele>3.400000095367431640625</ele>
        <time>2026-08-30T23:29:39.000Z</time>
        <extensions>
          <ns3:TrackPointExtension>
            <ns3:hr>146</ns3:hr>
            <ns3:cad>80</ns3:cad>
          </ns3:TrackPointExtension>
        </extensions>
      </trkpt>
      <trkpt lat="23.049999363720417022705078125" lon="113.30777498893439769744873046875">
        <ele>3.400000095367431640625</ele>
        <time>2026-08-30T23:29:40.000Z</time>
        <extensions>
          <ns3:TrackPointExtension>
            <ns3:hr>145</ns3:hr>
            <ns3:cad>80</ns3:cad>
          </ns3:TrackPointExtension>
        </extensions>
      </trkpt>
      <trkpt lat="23.05000883527100086212158203125" lon="113.30775403417646884918212890625">
        <ele>3.400000095367431640625</ele>
        <time>2026-08-30T23:29:41.000Z</time>
        <extensions>
          <ns3:TrackPointExtension>
            <ns3:hr>145</ns3:hr>
            <ns3:cad>81</ns3:cad>
          </ns3:TrackPointExtension>
        </extensions>
      </trkpt>
      <trkpt lat="23.05000816471874713897705078125" lon="113.30773190595209598541259765625">
        <ele>3.400000095367431640625</ele>
        <time>2026-08-30T23:29:42.000Z</time>
        <extensions>
          <ns3:TrackPointExtension>
            <ns3:hr>145</ns3:hr>
            <ns3:cad>81</ns3:cad>
          </ns3:TrackPointExtension>
        </extensions>
      </trkpt>
      <trkpt lat="23.0500126071274280548095703125" lon="113.30770231783390045166015625">
        <ele>3.400000095367431640625</ele>
        <time>2026-08-30T23:29:43.000Z</time>
        <extensions>
          <ns3:TrackPointExtension>
            <ns3:hr>145</ns3:hr>
            <ns3:cad>81</ns3:cad>
          </ns3:TrackPointExtension>
        </extensions>
      </trkpt>
      <trkpt lat="23.050012774765491485595703125" lon="113.307681865990161895751953125">
        <ele>3.400000095367431640625</ele>
        <time>2026-08-30T23:29:44.000Z</time>
        <extensions>
          <ns3:TrackPointExtension>
            <ns3:hr>146</ns3:hr>
            <ns3:cad>81</ns3:cad>
          </ns3:TrackPointExtension>
        </extensions>
      </trkpt>
      <trkpt lat="23.05000950582325458526611328125" lon="113.3076622523367404937744140625">
        <ele>3.400000095367431640625</ele>
        <time>2026-08-30T23:29:45.000Z</time>
        <extensions>
          <ns3:TrackPointExtension>
            <ns3:hr>145</ns3:hr>
            <ns3:cad>81</ns3:cad>
          </ns3:TrackPointExtension>
        </extensions>
      </trkpt>
      <trkpt lat="23.05001889355480670928955078125" lon="113.30763467587530612945556640625">
        <ele>3.400000095367431640625</ele>
        <time>2026-08-30T23:29:46.000Z</time>
        <extensions>
          <ns3:TrackPointExtension>
            <ns3:hr>145</ns3:hr>
            <ns3:cad>81</ns3:cad>
          </ns3:TrackPointExtension>
        </extensions>
      </trkpt>
      <trkpt lat="23.05002207867801189422607421875" lon="113.3076163195073604583740234375">
        <ele>3.400000095367431640625</ele>
        <time>2026-08-30T23:29:47.000Z</time>
        <extensions>
          <ns3:TrackPointExtension>
            <ns3:hr>145</ns3:hr>
            <ns3:cad>81</ns3:cad>
          </ns3:TrackPointExtension>
        </extensions>
      </trkpt>
      <trkpt lat="23.05002040229737758636474609375" lon="113.307598046958446502685546875">
        <ele>3.400000095367431640625</ele>
        <time>2026-08-30T23:29:48.000Z</time>
        <extensions>
          <ns3:TrackPointExtension>
            <ns3:hr>144</ns3:hr>
            <ns3:cad>81</ns3:cad>
          </ns3:TrackPointExtension>
        </extensions>
      </trkpt>
      <trkpt lat="23.05002995766699314117431640625" lon="113.30757231451570987701416015625">
        <ele>3.400000095367431640625</ele>
        <time>2026-08-30T23:29:49.000Z</time>
        <extensions>
          <ns3:TrackPointExtension>
            <ns3:hr>145</ns3:hr>
            <ns3:cad>81</ns3:cad>
          </ns3:TrackPointExtension>
        </extensions>
      </trkpt>
      <trkpt lat="23.05003046058118343353271484375" lon="113.30755622126162052154541015625">
        <ele>3.599999904632568359375</ele>
        <time>2026-08-30T23:29:50.000Z</time>
        <extensions>
          <ns3:TrackPointExtension>
            <ns3:hr>145</ns3:hr>
            <ns3:cad>81</ns3:cad>
          </ns3:TrackPointExtension>
        </extensions>
      </trkpt>
      <trkpt lat="23.05003431625664234161376953125" lon="113.3075304888188838958740234375">
        <ele>3.599999904632568359375</ele>
        <time>2026-08-30T23:29:51.000Z</time>
        <extensions>
          <ns3:TrackPointExtension>
            <ns3:hr>145</ns3:hr>
            <ns3:cad>81</ns3:cad>
          </ns3:TrackPointExtension>
        </extensions>
      </trkpt>
      <trkpt lat="23.05004596710205078125" lon="113.307508192956447601318359375">
        <ele>3.599999904632568359375</ele>
        <time>2026-08-30T23:29:52.000Z</time>
        <extensions>
          <ns3:TrackPointExtension>
            <ns3:hr>145</ns3:hr>
            <ns3:cad>81</ns3:cad>
          </ns3:TrackPointExtension>
        </extensions>
      </trkpt>
      <trkpt lat="23.05004202760756015777587890625" lon="113.307488746941089630126953125">
        <ele>3.599999904632568359375</ele>
        <time>2026-08-30T23:29:53.000Z</time>
        <extensions>
          <ns3:TrackPointExtension>
            <ns3:hr>146</ns3:hr>
            <ns3:cad>81</ns3:cad>
          </ns3:TrackPointExtension>
        </extensions>
      </trkpt>
      <trkpt lat="23.0500419437885284423828125" lon="113.30746049992740154266357421875">
        <ele>3.7999999523162841796875</ele>
        <time>2026-08-30T23:29:54.000Z</time>
        <extensions>
          <ns3:TrackPointExtension>
            <ns3:hr>145</ns3:hr>
            <ns3:cad>81</ns3:cad>
          </ns3:TrackPointExtension>
        </extensions>
      </trkpt>
      <trkpt lat="23.0500518344342708587646484375" lon="113.3074402995407581329345703125">
        <ele>3.7999999523162841796875</ele>
        <time>2026-08-30T23:29:55.000Z</time>
        <extensions>
          <ns3:TrackPointExtension>
            <ns3:hr>145</ns3:hr>
            <ns3:cad>81</ns3:cad>
          </ns3:TrackPointExtension>
        </extensions>
      </trkpt>
      <trkpt lat="23.05005040951073169708251953125" lon="113.3074215240776538848876953125">
        <ele>3.599999904632568359375</ele>
        <time>2026-08-30T23:29:56.000Z</time>
        <extensions>
          <ns3:TrackPointExtension>
            <ns3:hr>145</ns3:hr>
            <ns3:cad>82</ns3:cad>
          </ns3:TrackPointExtension>
        </extensions>
      </trkpt>
      <trkpt lat="23.05005275644361972808837890625" lon="113.30739579163491725921630859375">
        <ele>3.599999904632568359375</ele>
        <time>2026-08-30T23:29:57.000Z</time>
        <extensions>
          <ns3:TrackPointExtension>
            <ns3:hr>145</ns3:hr>
            <ns3:cad>82</ns3:cad>
          </ns3:TrackPointExtension>
        </extensions>
      </trkpt>
      <trkpt lat="23.05005778558552265167236328125" lon="113.30737508833408355712890625">
        <ele>3.599999904632568359375</ele>
        <time>2026-08-30T23:29:58.000Z</time>
        <extensions>
          <ns3:TrackPointExtension>
            <ns3:hr>145</ns3:hr>
            <ns3:cad>81</ns3:cad>
          </ns3:TrackPointExtension>
        </extensions>
      </trkpt>
      <trkpt lat="23.0500561930239200592041015625" lon="113.30735337920486927032470703125">
        <ele>3.599999904632568359375</ele>
        <time>2026-08-30T23:29:59.000Z</time>
        <extensions>
          <ns3:TrackPointExtension>
            <ns3:hr>145</ns3:hr>
            <ns3:cad>81</ns3:cad>
          </ns3:TrackPointExtension>
        </extensions>
      </trkpt>
      <trkpt lat="23.050063066184520721435546875" lon="113.30732219852507114410400390625">
        <ele>3.599999904632568359375</ele>
        <time>2026-08-30T23:30:00.000Z</time>
        <extensions>
          <ns3:TrackPointExtension>
            <ns3:hr>146</ns3:hr>
            <ns3:cad>81</ns3:cad>
          </ns3:TrackPointExtension>
        </extensions>
      </trkpt>
      <trkpt lat="23.05006675422191619873046875" lon="113.3073021657764911651611328125">
        <ele>3.7999999523162841796875</ele>
        <time>2026-08-30T23:30:01.000Z</time>
        <extensions>
          <ns3:TrackPointExtension>
            <ns3:hr>145</ns3:hr>
            <ns3:cad>81</ns3:cad>
          </ns3:TrackPointExtension>
        </extensions>
      </trkpt>
      <trkpt lat="23.05006809532642364501953125" lon="113.30728045664727687835693359375">
        <ele>3.7999999523162841796875</ele>
        <time>2026-08-30T23:30:02.000Z</time>
        <extensions>
          <ns3:TrackPointExtension>
            <ns3:hr>145</ns3:hr>
            <ns3:cad>82</ns3:cad>
          </ns3:TrackPointExtension>
        </extensions>
      </trkpt>
      <trkpt lat="23.05007840506732463836669921875" lon="113.30724843777716159820556640625">
        <ele>3.7999999523162841796875</ele>
        <time>2026-08-30T23:30:03.000Z</time>
        <extensions>
          <ns3:TrackPointExtension>
            <ns3:hr>146</ns3:hr>
            <ns3:cad>82</ns3:cad>
          </ns3:TrackPointExtension>
        </extensions>
      </trkpt>
      <trkpt lat="23.05008812807500362396240234375" lon="113.30722647719085216522216796875">
        <ele>3.7999999523162841796875</ele>
        <time>2026-08-30T23:30:04.000Z</time>
        <extensions>
          <ns3:TrackPointExtension>
            <ns3:hr>146</ns3:hr>
            <ns3:cad>81</ns3:cad>
          </ns3:TrackPointExtension>
        </extensions>
      </trkpt>
      <trkpt lat="23.05008821189403533935546875" lon="113.30720351077616214752197265625">
        <ele>3.7999999523162841796875</ele>
        <time>2026-08-30T23:30:05.000Z</time>
        <extensions>
          <ns3:TrackPointExtension>
            <ns3:hr>146</ns3:hr>
            <ns3:cad>81</ns3:cad>
          </ns3:TrackPointExtension>
        </extensions>
      </trkpt>
      <trkpt lat="23.050095923244953155517578125" lon="113.3071799576282501220703125">
        <ele>3.7999999523162841796875</ele>
        <time>2026-08-30T23:30:06.000Z</time>
        <extensions>
          <ns3:TrackPointExtension>
            <ns3:hr>147</ns3:hr>
            <ns3:cad>81</ns3:cad>
          </ns3:TrackPointExtension>
        </extensions>
      </trkpt>
      <trkpt lat="23.05010220967233180999755859375" lon="113.307162858545780181884765625">
        <ele>4</ele>
        <time>2026-08-30T23:30:07.000Z</time>
        <extensions>
          <ns3:TrackPointExtension>
            <ns3:hr>147</ns3:hr>
            <ns3:cad>81</ns3:cad>
          </ns3:TrackPointExtension>
        </extensions>
      </trkpt>
      <trkpt lat="23.05010522715747356414794921875" lon="113.30713913775980472564697265625">
        <ele>4</ele>
        <time>2026-08-30T23:30:08.000Z</time>
        <extensions>
          <ns3:TrackPointExtension>
            <ns3:hr>147</ns3:hr>
            <ns3:cad>81</ns3:cad>
          </ns3:TrackPointExtension>
        </extensions>
      </trkpt>
      <trkpt lat="23.05011696182191371917724609375" lon="113.3071160875260829925537109375">
        <ele>4</ele>
        <time>2026-08-30T23:30:09.000Z</time>
        <extensions>
          <ns3:TrackPointExtension>
            <ns3:hr>147</ns3:hr>
            <ns3:cad>81</ns3:cad>
          </ns3:TrackPointExtension>
        </extensions>
      </trkpt>
      <trkpt lat="23.050113022327423095703125" lon="113.3070963062345981597900390625">
        <ele>4</ele>
        <time>2026-08-30T23:30:10.000Z</time>
        <extensions>
          <ns3:TrackPointExtension>
            <ns3:hr>148</ns3:hr>
            <ns3:cad>80</ns3:cad>
          </ns3:TrackPointExtension>
        </extensions>
      </trkpt>
      <trkpt lat="23.05011210031807422637939453125" lon="113.30707007087767124176025390625">
        <ele>4</ele>
        <time>2026-08-30T23:30:11.000Z</time>
        <extensions>
          <ns3:TrackPointExtension>
            <ns3:hr>148</ns3:hr>
            <ns3:cad>80</ns3:cad>
          </ns3:TrackPointExtension>
        </extensions>
      </trkpt>
      <trkpt lat="23.050118051469326019287109375" lon="113.30704945139586925506591796875">
        <ele>4</ele>
        <time>2026-08-30T23:30:12.000Z</time>
        <extensions>
          <ns3:TrackPointExtension>
            <ns3:hr>148</ns3:hr>
            <ns3:cad>80</ns3:cad>
          </ns3:TrackPointExtension>
        </extensions>
      </trkpt>
      <trkpt lat="23.050114028155803680419921875" lon="113.30702413804829120635986328125">
        <ele>4</ele>
        <time>2026-08-30T23:30:13.000Z</time>
        <extensions>
          <ns3:TrackPointExtension>
            <ns3:hr>148</ns3:hr>
            <ns3:cad>80</ns3:cad>
          </ns3:TrackPointExtension>
        </extensions>
      </trkpt>
      <trkpt lat="23.0501170456409454345703125" lon="113.3069957233965396881103515625">
        <ele>4</ele>
        <time>2026-08-30T23:30:14.000Z</time>
        <extensions>
          <ns3:TrackPointExtension>
            <ns3:hr>148</ns3:hr>
            <ns3:cad>81</ns3:cad>
          </ns3:TrackPointExtension>
        </extensions>
      </trkpt>
      <trkpt lat="23.0501192249357700347900390625" lon="113.3069762773811817169189453125">
        <ele>4</ele>
        <time>2026-08-30T23:30:15.000Z</time>
        <extensions>
          <ns3:TrackPointExtension>
            <ns3:hr>148</ns3:hr>
            <ns3:cad>81</ns3:cad>
          </ns3:TrackPointExtension>
        </extensions>
      </trkpt>
      <trkpt lat="23.050119392573833465576171875" lon="113.30695490352809429168701171875">
        <ele>4</ele>
        <time>2026-08-30T23:30:16.000Z</time>
        <extensions>
          <ns3:TrackPointExtension>
            <ns3:hr>149</ns3:hr>
            <ns3:cad>81</ns3:cad>
          </ns3:TrackPointExtension>
        </extensions>
      </trkpt>
      <trkpt lat="23.0501277744770050048828125" lon="113.3069249801337718963623046875">
        <ele>4</ele>
        <time>2026-08-30T23:30:17.000Z</time>
        <extensions>
          <ns3:TrackPointExtension>
            <ns3:hr>148</ns3:hr>
            <ns3:cad>81</ns3:cad>
          </ns3:TrackPointExtension>
        </extensions>
      </trkpt>
      <trkpt lat="23.05013087578117847442626953125" lon="113.306905366480350494384765625">
        <ele>4</ele>
        <time>2026-08-30T23:30:18.000Z</time>
        <extensions>
          <ns3:TrackPointExtension>
            <ns3:hr>148</ns3:hr>
            <ns3:cad>81</ns3:cad>
          </ns3:TrackPointExtension>
        </extensions>
      </trkpt>
      <trkpt lat="23.0501329712569713592529296875" lon="113.306881226599216461181640625">
        <ele>4</ele>
        <time>2026-08-30T23:30:19.000Z</time>
        <extensions>
          <ns3:TrackPointExtension>
            <ns3:hr>149</ns3:hr>
            <ns3:cad>82</ns3:cad>
          </ns3:TrackPointExtension>
        </extensions>
      </trkpt>
      <trkpt lat="23.05014445446431636810302734375" lon="113.3068498782813549041748046875">
        <ele>4</ele>
        <time>2026-08-30T23:30:20.000Z</time>
        <extensions>
          <ns3:TrackPointExtension>
            <ns3:hr>148</ns3:hr>
            <ns3:cad>82</ns3:cad>
          </ns3:TrackPointExtension>
        </extensions>
      </trkpt>
      <trkpt lat="23.05014193989336490631103515625" lon="113.3068321086466312408447265625">
        <ele>4</ele>
        <time>2026-08-30T23:30:21.000Z</time>
        <extensions>
          <ns3:TrackPointExtension>
            <ns3:hr>148</ns3:hr>
            <ns3:cad>81</ns3:cad>
          </ns3:TrackPointExtension>
        </extensions>
      </trkpt>
      <trkpt lat="23.05014562793076038360595703125" lon="113.3068044483661651611328125">
        <ele>4</ele>
        <time>2026-08-30T23:30:22.000Z</time>
        <extensions>
          <ns3:TrackPointExtension>
            <ns3:hr>149</ns3:hr>
            <ns3:cad>81</ns3:cad>
          </ns3:TrackPointExtension>
        </extensions>
      </trkpt>
      <trkpt lat="23.05015719495713710784912109375" lon="113.30678257159888744354248046875">
        <ele>4</ele>
        <time>2026-08-30T23:30:23.000Z</time>
        <extensions>
          <ns3:TrackPointExtension>
            <ns3:hr>148</ns3:hr>
            <ns3:cad>81</ns3:cad>
          </ns3:TrackPointExtension>
        </extensions>
      </trkpt>
      <trkpt lat="23.0501567758619785308837890625" lon="113.306763209402561187744140625">
        <ele>4</ele>
        <time>2026-08-30T23:30:24.000Z</time>
        <extensions>
          <ns3:TrackPointExtension>
            <ns3:hr>148</ns3:hr>
            <ns3:cad>81</ns3:cad>
          </ns3:TrackPointExtension>
        </extensions>
      </trkpt>
      <trkpt lat="23.05016373284161090850830078125" lon="113.30673269927501678466796875">
        <ele>4</ele>
        <time>2026-08-30T23:30:25.000Z</time>
        <extensions>
          <ns3:TrackPointExtension>
            <ns3:hr>148</ns3:hr>
            <ns3:cad>82</ns3:cad>
          </ns3:TrackPointExtension>
        </extensions>
      </trkpt>
      <trkpt lat="23.05017001926898956298828125" lon="113.30671526491641998291015625">
        <ele>4</ele>
        <time>2026-08-30T23:30:26.000Z</time>
        <extensions>
          <ns3:TrackPointExtension>
            <ns3:hr>149</ns3:hr>
            <ns3:cad>82</ns3:cad>
          </ns3:TrackPointExtension>
        </extensions>
      </trkpt>
      <trkpt lat="23.05017513222992420196533203125" lon="113.30669908784329891204833984375">
        <ele>4</ele>
        <time>2026-08-30T23:30:27.000Z</time>
        <extensions>
          <ns3:TrackPointExtension>
            <ns3:hr>148</ns3:hr>
            <ns3:cad>82</ns3:cad>
          </ns3:TrackPointExtension>
        </extensions>
      </trkpt>
      <trkpt lat="23.050185106694698333740234375" lon="113.30667058937251567840576171875">
        <ele>4</ele>
        <time>2026-08-30T23:30:28.000Z</time>
        <extensions>
          <ns3:TrackPointExtension>
            <ns3:hr>148</ns3:hr>
            <ns3:cad>81</ns3:cad>
          </ns3:TrackPointExtension>
        </extensions>
      </trkpt>
      <trkpt lat="23.05018753744661808013916015625" lon="113.3066513948142528533935546875">
        <ele>4</ele>
        <time>2026-08-30T23:30:29.000Z</time>
        <extensions>
          <ns3:TrackPointExtension>
            <ns3:hr>148</ns3:hr>
            <ns3:cad>81</ns3:cad>
          </ns3:TrackPointExtension>
        </extensions>
      </trkpt>
      <trkpt lat="23.05019072256982326507568359375" lon="113.3066279254853725433349609375">
        <ele>4</ele>
        <time>2026-08-30T23:30:30.000Z</time>
        <extensions>
          <ns3:TrackPointExtension>
            <ns3:hr>148</ns3:hr>
            <ns3:cad>81</ns3:cad>
          </ns3:TrackPointExtension>
        </extensions>
      </trkpt>
      <trkpt lat="23.0502027086913585662841796875" lon="113.30660336650907993316650390625">
        <ele>4.19999980926513671875</ele>
        <time>2026-08-30T23:30:31.000Z</time>
        <extensions>
          <ns3:TrackPointExtension>
            <ns3:hr>148</ns3:hr>
            <ns3:cad>81</ns3:cad>
          </ns3:TrackPointExtension>
        </extensions>
      </trkpt>
      <trkpt lat="23.05020128376781940460205078125" lon="113.30658392049372196197509765625">
        <ele>4.19999980926513671875</ele>
        <time>2026-08-30T23:30:32.000Z</time>
        <extensions>
          <ns3:TrackPointExtension>
            <ns3:hr>148</ns3:hr>
            <ns3:cad>81</ns3:cad>
          </ns3:TrackPointExtension>
        </extensions>
      </trkpt>
      <trkpt lat="23.050204217433929443359375" lon="113.30656145699322223663330078125">
        <ele>4.19999980926513671875</ele>
        <time>2026-08-30T23:30:33.000Z</time>
        <extensions>
          <ns3:TrackPointExtension>
            <ns3:hr>148</ns3:hr>
            <ns3:cad>81</ns3:cad>
          </ns3:TrackPointExtension>
        </extensions>
      </trkpt>
      <trkpt lat="23.0502174608409404754638671875" lon="113.30653932876884937286376953125">
        <ele>4.19999980926513671875</ele>
        <time>2026-08-30T23:30:34.000Z</time>
        <extensions>
          <ns3:TrackPointExtension>
            <ns3:hr>148</ns3:hr>
            <ns3:cad>81</ns3:cad>
          </ns3:TrackPointExtension>
        </extensions>
      </trkpt>
      <trkpt lat="23.05021586827933788299560546875" lon="113.306519128382205963134765625">
        <ele>4.400000095367431640625</ele>
        <time>2026-08-30T23:30:35.000Z</time>
        <extensions>
          <ns3:TrackPointExtension>
            <ns3:hr>147</ns3:hr>
            <ns3:cad>81</ns3:cad>
          </ns3:TrackPointExtension>
        </extensions>
      </trkpt>
      <trkpt lat="23.0502188019454479217529296875" lon="113.30649423412978649139404296875">
        <ele>4.400000095367431640625</ele>
        <time>2026-08-30T23:30:36.000Z</time>
        <extensions>
          <ns3:TrackPointExtension>
            <ns3:hr>147</ns3:hr>
            <ns3:cad>81</ns3:cad>
          </ns3:TrackPointExtension>
        </extensions>
      </trkpt>
      <trkpt lat="23.05022190324962139129638671875" lon="113.30647227354347705841064453125">
        <ele>4.19999980926513671875</ele>
        <time>2026-08-30T23:30:37.000Z</time>
        <extensions>
          <ns3:TrackPointExtension>
            <ns3:hr>147</ns3:hr>
            <ns3:cad>81</ns3:cad>
          </ns3:TrackPointExtension>
        </extensions>
      </trkpt>
      <trkpt lat="23.0502216517925262451171875" lon="113.30645182169973850250244140625">
        <ele>4.19999980926513671875</ele>
        <time>2026-08-30T23:30:38.000Z</time>
        <extensions>
          <ns3:TrackPointExtension>
            <ns3:hr>147</ns3:hr>
            <ns3:cad>81</ns3:cad>
          </ns3:TrackPointExtension>
        </extensions>
      </trkpt>
      <trkpt lat="23.0502275191247463226318359375" lon="113.3064247481524944305419921875">
        <ele>4.19999980926513671875</ele>
        <time>2026-08-30T23:30:39.000Z</time>
        <extensions>
          <ns3:TrackPointExtension>
            <ns3:hr>147</ns3:hr>
            <ns3:cad>81</ns3:cad>
          </ns3:TrackPointExtension>
        </extensions>
      </trkpt>
      <trkpt lat="23.05022743530571460723876953125" lon="113.3064049668610095977783203125">
        <ele>4.19999980926513671875</ele>
        <time>2026-08-30T23:30:40.000Z</time>
        <extensions>
          <ns3:TrackPointExtension>
            <ns3:hr>147</ns3:hr>
            <ns3:cad>82</ns3:cad>
          </ns3:TrackPointExtension>
        </extensions>
      </trkpt>
      <trkpt lat="23.05022525601089000701904296875" lon="113.30638132989406585693359375">
        <ele>4.400000095367431640625</ele>
        <time>2026-08-30T23:30:41.000Z</time>
        <extensions>
          <ns3:TrackPointExtension>
            <ns3:hr>146</ns3:hr>
            <ns3:cad>82</ns3:cad>
          </ns3:TrackPointExtension>
        </extensions>
      </trkpt>
      <trkpt lat="23.05023707449436187744140625" lon="113.3063546754419803619384765625">
        <ele>4.400000095367431640625</ele>
        <time>2026-08-30T23:30:42.000Z</time>
        <extensions>
          <ns3:TrackPointExtension>
            <ns3:hr>146</ns3:hr>
            <ns3:cad>82</ns3:cad>
          </ns3:TrackPointExtension>
        </extensions>
      </trkpt>
      <trkpt lat="23.05023464374244213104248046875" lon="113.30633640289306640625">
        <ele>4.400000095367431640625</ele>
        <time>2026-08-30T23:30:43.000Z</time>
        <extensions>
          <ns3:TrackPointExtension>
            <ns3:hr>146</ns3:hr>
            <ns3:cad>82</ns3:cad>
          </ns3:TrackPointExtension>
        </extensions>
      </trkpt>
      <trkpt lat="23.05023581720888614654541015625" lon="113.30630647949874401092529296875">
        <ele>4.400000095367431640625</ele>
        <time>2026-08-30T23:30:44.000Z</time>
        <extensions>
          <ns3:TrackPointExtension>
            <ns3:hr>146</ns3:hr>
            <ns3:cad>82</ns3:cad>
          </ns3:TrackPointExtension>
        </extensions>
      </trkpt>
      <trkpt lat="23.0502446182072162628173828125" lon="113.30628074705600738525390625">
        <ele>4.599999904632568359375</ele>
        <time>2026-08-30T23:30:45.000Z</time>
        <extensions>
          <ns3:TrackPointExtension>
            <ns3:hr>146</ns3:hr>
            <ns3:cad>82</ns3:cad>
          </ns3:TrackPointExtension>
        </extensions>
      </trkpt>
      <trkpt lat="23.050239421427249908447265625" lon="113.30626222304999828338623046875">
        <ele>4.599999904632568359375</ele>
        <time>2026-08-30T23:30:46.000Z</time>
        <extensions>
          <ns3:TrackPointExtension>
            <ns3:hr>146</ns3:hr>
            <ns3:cad>82</ns3:cad>
          </ns3:TrackPointExtension>
        </extensions>
      </trkpt>
      <trkpt lat="23.0502392537891864776611328125" lon="113.30623355694115161895751953125">
        <ele>4.400000095367431640625</ele>
        <time>2026-08-30T23:30:47.000Z</time>
        <extensions>
          <ns3:TrackPointExtension>
            <ns3:hr>147</ns3:hr>
            <ns3:cad>82</ns3:cad>
          </ns3:TrackPointExtension>
        </extensions>
      </trkpt>
      <trkpt lat="23.05024621076881885528564453125" lon="113.30621377564966678619384765625">
        <ele>4.400000095367431640625</ele>
        <time>2026-08-30T23:30:48.000Z</time>
        <extensions>
          <ns3:TrackPointExtension>
            <ns3:hr>147</ns3:hr>
            <ns3:cad>81</ns3:cad>
          </ns3:TrackPointExtension>
        </extensions>
      </trkpt>
      <trkpt lat="23.05024453438818454742431640625" lon="113.306191898882389068603515625">
        <ele>4.400000095367431640625</ele>
        <time>2026-08-30T23:30:49.000Z</time>
        <extensions>
          <ns3:TrackPointExtension>
            <ns3:hr>147</ns3:hr>
            <ns3:cad>80</ns3:cad>
          </ns3:TrackPointExtension>
        </extensions>
      </trkpt>
      <trkpt lat="23.050252161920070648193359375" lon="113.30616197548806667327880859375">
        <ele>4.400000095367431640625</ele>
        <time>2026-08-30T23:30:50.000Z</time>
        <extensions>
          <ns3:TrackPointExtension>
            <ns3:hr>147</ns3:hr>
            <ns3:cad>80</ns3:cad>
          </ns3:TrackPointExtension>
        </extensions>
      </trkpt>
      <trkpt lat="23.0502536706626415252685546875" lon="113.30614169128239154815673828125">
        <ele>4.400000095367431640625</ele>
        <time>2026-08-30T23:30:51.000Z</time>
        <extensions>
          <ns3:TrackPointExtension>
            <ns3:hr>147</ns3:hr>
            <ns3:cad>81</ns3:cad>
          </ns3:TrackPointExtension>
        </extensions>
      </trkpt>
      <trkpt lat="23.050253503024578094482421875" lon="113.306121490895748138427734375">
        <ele>4.400000095367431640625</ele>
        <time>2026-08-30T23:30:52.000Z</time>
        <extensions>
          <ns3:TrackPointExtension>
            <ns3:hr>147</ns3:hr>
            <ns3:cad>81</ns3:cad>
          </ns3:TrackPointExtension>
        </extensions>
      </trkpt>
      <trkpt lat="23.05025660432875156402587890625" lon="113.30609223805367946624755859375">
        <ele>4.400000095367431640625</ele>
        <time>2026-08-30T23:30:53.000Z</time>
        <extensions>
          <ns3:TrackPointExtension>
            <ns3:hr>147</ns3:hr>
            <ns3:cad>81</ns3:cad>
          </ns3:TrackPointExtension>
        </extensions>
      </trkpt>
      <trkpt lat="23.05025408975780010223388671875" lon="113.30607128329575061798095703125">
        <ele>4.599999904632568359375</ele>
        <time>2026-08-30T23:30:54.000Z</time>
        <extensions>
          <ns3:TrackPointExtension>
            <ns3:hr>147</ns3:hr>
            <ns3:cad>81</ns3:cad>
          </ns3:TrackPointExtension>
        </extensions>
      </trkpt>
      <trkpt lat="23.050253503024578094482421875" lon="113.3060462214052677154541015625">
        <ele>4.599999904632568359375</ele>
        <time>2026-08-30T23:30:55.000Z</time>
        <extensions>
          <ns3:TrackPointExtension>
            <ns3:hr>148</ns3:hr>
            <ns3:cad>81</ns3:cad>
          </ns3:TrackPointExtension>
        </extensions>
      </trkpt>
      <trkpt lat="23.05026431567966938018798828125" lon="113.30601629801094532012939453125">
        <ele>4.599999904632568359375</ele>
        <time>2026-08-30T23:30:56.000Z</time>
        <extensions>
          <ns3:TrackPointExtension>
            <ns3:hr>148</ns3:hr>
            <ns3:cad>82</ns3:cad>
          </ns3:TrackPointExtension>
        </extensions>
      </trkpt>
      <trkpt lat="23.0502600409090518951416015625" lon="113.30599819310009479522705078125">
        <ele>4.599999904632568359375</ele>
        <time>2026-08-30T23:30:57.000Z</time>
        <extensions>
          <ns3:TrackPointExtension>
            <ns3:hr>148</ns3:hr>
            <ns3:cad>82</ns3:cad>
          </ns3:TrackPointExtension>
        </extensions>
      </trkpt>
      <trkpt lat="23.05026196874678134918212890625" lon="113.3059701137244701385498046875">
        <ele>4.599999904632568359375</ele>
        <time>2026-08-30T23:30:58.000Z</time>
        <extensions>
          <ns3:TrackPointExtension>
            <ns3:hr>148</ns3:hr>
            <ns3:cad>82</ns3:cad>
          </ns3:TrackPointExtension>
        </extensions>
      </trkpt>
      <trkpt lat="23.05026666261255741119384765625" lon="113.305950500071048736572265625">
        <ele>4.599999904632568359375</ele>
        <time>2026-08-30T23:30:59.000Z</time>
        <extensions>
          <ns3:TrackPointExtension>
            <ns3:hr>148</ns3:hr>
            <ns3:cad>82</ns3:cad>
          </ns3:TrackPointExtension>
        </extensions>
      </trkpt>
      <trkpt lat="23.05026146583259105682373046875" lon="113.30592962913215160369873046875">
        <ele>4.599999904632568359375</ele>
        <time>2026-08-30T23:31:00.000Z</time>
        <extensions>
          <ns3:TrackPointExtension>
            <ns3:hr>148</ns3:hr>
            <ns3:cad>82</ns3:cad>
          </ns3:TrackPointExtension>
        </extensions>
      </trkpt>
      <trkpt lat="23.05026817135512828826904296875" lon="113.3058983646333217620849609375">
        <ele>4.599999904632568359375</ele>
        <time>2026-08-30T23:31:01.000Z</time>
        <extensions>
          <ns3:TrackPointExtension>
            <ns3:hr>148</ns3:hr>
            <ns3:cad>81</ns3:cad>
          </ns3:TrackPointExtension>
        </extensions>
      </trkpt>
      <trkpt lat="23.05027621798217296600341796875" lon="113.305875398218631744384765625">
        <ele>4.599999904632568359375</ele>
        <time>2026-08-30T23:31:02.000Z</time>
        <extensions>
          <ns3:TrackPointExtension>
            <ns3:hr>148</ns3:hr>
            <ns3:cad>81</ns3:cad>
          </ns3:TrackPointExtension>
        </extensions>
      </trkpt>
      <trkpt lat="23.05027504451572895050048828125" lon="113.30585519783198833465576171875">
        <ele>4.599999904632568359375</ele>
        <time>2026-08-30T23:31:03.000Z</time>
        <extensions>
          <ns3:TrackPointExtension>
            <ns3:hr>149</ns3:hr>
            <ns3:cad>80</ns3:cad>
          </ns3:TrackPointExtension>
        </extensions>
      </trkpt>
      <trkpt lat="23.0502757988870143890380859375" lon="113.3058266155421733856201171875">
        <ele>4.599999904632568359375</ele>
        <time>2026-08-30T23:31:04.000Z</time>
        <extensions>
          <ns3:TrackPointExtension>
            <ns3:hr>148</ns3:hr>
            <ns3:cad>80</ns3:cad>
          </ns3:TrackPointExtension>
        </extensions>
      </trkpt>
      <trkpt lat="23.05028057657182216644287109375" lon="113.305809013545513153076171875">
        <ele>4.599999904632568359375</ele>
        <time>2026-08-30T23:31:05.000Z</time>
        <extensions>
          <ns3:TrackPointExtension>
            <ns3:hr>148</ns3:hr>
            <ns3:cad>81</ns3:cad>
          </ns3:TrackPointExtension>
        </extensions>
      </trkpt>
      <trkpt lat="23.050278313457965850830078125" lon="113.30578646622598171234130859375">
        <ele>4.80000019073486328125</ele>
        <time>2026-08-30T23:31:06.000Z</time>
        <extensions>
          <ns3:TrackPointExtension>
            <ns3:hr>148</ns3:hr>
            <ns3:cad>81</ns3:cad>
          </ns3:TrackPointExtension>
        </extensions>
      </trkpt>
      <trkpt lat="23.050285689532756805419921875" lon="113.305759392678737640380859375">
        <ele>4.80000019073486328125</ele>
        <time>2026-08-30T23:31:07.000Z</time>
        <extensions>
          <ns3:TrackPointExtension>
            <ns3:hr>147</ns3:hr>
            <ns3:cad>81</ns3:cad>
          </ns3:TrackPointExtension>
        </extensions>
      </trkpt>
      <trkpt lat="23.050283007323741912841796875" lon="113.30574086867272853851318359375">
        <ele>4.80000019073486328125</ele>
        <time>2026-08-30T23:31:08.000Z</time>
        <extensions>
          <ns3:TrackPointExtension>
            <ns3:hr>147</ns3:hr>
            <ns3:cad>81</ns3:cad>
          </ns3:TrackPointExtension>
        </extensions>
      </trkpt>
      <trkpt lat="23.05028409697115421295166015625" lon="113.30571186728775501251220703125">
        <ele>4.80000019073486328125</ele>
        <time>2026-08-30T23:31:09.000Z</time>
        <extensions>
          <ns3:TrackPointExtension>
            <ns3:hr>147</ns3:hr>
            <ns3:cad>81</ns3:cad>
          </ns3:TrackPointExtension>
        </extensions>
      </trkpt>
      <trkpt lat="23.05029340088367462158203125" lon="113.305686973035335540771484375">
        <ele>4.80000019073486328125</ele>
        <time>2026-08-30T23:31:10.000Z</time>
        <extensions>
          <ns3:TrackPointExtension>
            <ns3:hr>147</ns3:hr>
            <ns3:cad>81</ns3:cad>
          </ns3:TrackPointExtension>
        </extensions>
      </trkpt>
      <trkpt lat="23.050295077264308929443359375" lon="113.30566878430545330047607421875">
        <ele>4.80000019073486328125</ele>
        <time>2026-08-30T23:31:11.000Z</time>
        <extensions>
          <ns3:TrackPointExtension>
            <ns3:hr>147</ns3:hr>
            <ns3:cad>81</ns3:cad>
          </ns3:TrackPointExtension>
        </extensions>
      </trkpt>
      <trkpt lat="23.05029734037816524505615234375" lon="113.30563961528241634368896484375">
        <ele>4.80000019073486328125</ele>
        <time>2026-08-30T23:31:12.000Z</time>
        <extensions>
          <ns3:TrackPointExtension>
            <ns3:hr>146</ns3:hr>
            <ns3:cad>81</ns3:cad>
          </ns3:TrackPointExtension>
        </extensions>
      </trkpt>
      <trkpt lat="23.0503006093204021453857421875" lon="113.30561958253383636474609375">
        <ele>4.80000019073486328125</ele>
        <time>2026-08-30T23:31:13.000Z</time>
        <extensions>
          <ns3:TrackPointExtension>
            <ns3:hr>146</ns3:hr>
            <ns3:cad>81</ns3:cad>
          </ns3:TrackPointExtension>
        </extensions>
      </trkpt>
      <trkpt lat="23.05029616691172122955322265625" lon="113.305599130690097808837890625">
        <ele>4.80000019073486328125</ele>
        <time>2026-08-30T23:31:14.000Z</time>
        <extensions>
          <ns3:TrackPointExtension>
            <ns3:hr>146</ns3:hr>
            <ns3:cad>81</ns3:cad>
          </ns3:TrackPointExtension>
        </extensions>
      </trkpt>
      <trkpt lat="23.05029449053108692169189453125" lon="113.30556803382933139801025390625">
        <ele>4.80000019073486328125</ele>
        <time>2026-08-30T23:31:15.000Z</time>
        <extensions>
          <ns3:TrackPointExtension>
            <ns3:hr>146</ns3:hr>
            <ns3:cad>81</ns3:cad>
          </ns3:TrackPointExtension>
        </extensions>
      </trkpt>
      <trkpt lat="23.05030035786330699920654296875" lon="113.30555311404168605804443359375">
        <ele>5</ele>
        <time>2026-08-30T23:31:16.000Z</time>
        <extensions>
          <ns3:TrackPointExtension>
            <ns3:hr>146</ns3:hr>
            <ns3:cad>81</ns3:cad>
          </ns3:TrackPointExtension>
        </extensions>
      </trkpt>
      <trkpt lat="23.0503022857010364532470703125" lon="113.30552713014185428619384765625">
        <ele>5</ele>
        <time>2026-08-30T23:31:17.000Z</time>
        <extensions>
          <ns3:TrackPointExtension>
            <ns3:hr>146</ns3:hr>
            <ns3:cad>81</ns3:cad>
          </ns3:TrackPointExtension>
        </extensions>
      </trkpt>
      <trkpt lat="23.05031427182257175445556640625" lon="113.3054940216243267059326171875">
        <ele>5</ele>
        <time>2026-08-30T23:31:18.000Z</time>
        <extensions>
          <ns3:TrackPointExtension>
            <ns3:hr>146</ns3:hr>
            <ns3:cad>81</ns3:cad>
          </ns3:TrackPointExtension>
        </extensions>
      </trkpt>
      <trkpt lat="23.050321228802204132080078125" lon="113.30547432415187358856201171875">
        <ele>5</ele>
        <time>2026-08-30T23:31:19.000Z</time>
        <extensions>
          <ns3:TrackPointExtension>
            <ns3:hr>146</ns3:hr>
            <ns3:cad>81</ns3:cad>
          </ns3:TrackPointExtension>
        </extensions>
      </trkpt>
      <trkpt lat="23.05032047443091869354248046875" lon="113.30545001663267612457275390625">
        <ele>5</ele>
        <time>2026-08-30T23:31:20.000Z</time>
        <extensions>
          <ns3:TrackPointExtension>
            <ns3:hr>146</ns3:hr>
            <ns3:cad>81</ns3:cad>
          </ns3:TrackPointExtension>
        </extensions>
      </trkpt>
      <trkpt lat="23.0503235757350921630859375" lon="113.30542822368443012237548828125">
        <ele>5</ele>
        <time>2026-08-30T23:31:21.000Z</time>
        <extensions>
          <ns3:TrackPointExtension>
            <ns3:hr>145</ns3:hr>
            <ns3:cad>81</ns3:cad>
          </ns3:TrackPointExtension>
        </extensions>
      </trkpt>
      <trkpt lat="23.05032047443091869354248046875" lon="113.3054125495254993438720703125">
        <ele>5</ele>
        <time>2026-08-30T23:31:22.000Z</time>
        <extensions>
          <ns3:TrackPointExtension>
            <ns3:hr>146</ns3:hr>
            <ns3:cad>81</ns3:cad>
          </ns3:TrackPointExtension>
        </extensions>
      </trkpt>
      <trkpt lat="23.0503197200596332550048828125" lon="113.30538581125438213348388671875">
        <ele>5</ele>
        <time>2026-08-30T23:31:23.000Z</time>
        <extensions>
          <ns3:TrackPointExtension>
            <ns3:hr>146</ns3:hr>
            <ns3:cad>81</ns3:cad>
          </ns3:TrackPointExtension>
        </extensions>
      </trkpt>
      <trkpt lat="23.05032826960086822509765625" lon="113.30537022091448307037353515625">
        <ele>5</ele>
        <time>2026-08-30T23:31:24.000Z</time>
        <extensions>
          <ns3:TrackPointExtension>
            <ns3:hr>145</ns3:hr>
            <ns3:cad>81</ns3:cad>
          </ns3:TrackPointExtension>
        </extensions>
      </trkpt>
      <trkpt lat="23.0503287725150585174560546875" lon="113.30535002052783966064453125">
        <ele>5.19999980926513671875</ele>
        <time>2026-08-30T23:31:25.000Z</time>
        <extensions>
          <ns3:TrackPointExtension>
            <ns3:hr>146</ns3:hr>
            <ns3:cad>81</ns3:cad>
          </ns3:TrackPointExtension>
        </extensions>
      </trkpt>
      <trkpt lat="23.05033891461789608001708984375" lon="113.3052945323288440704345703125">
        <ele>5.19999980926513671875</ele>
        <time>2026-08-30T23:31:26.000Z</time>
        <extensions>
          <ns3:TrackPointExtension>
            <ns3:hr>146</ns3:hr>
            <ns3:cad>81</ns3:cad>
          </ns3:TrackPointExtension>
        </extensions>
      </trkpt>
      <trkpt lat="23.05033707059919834136962890625" lon="113.3052687160670757293701171875">
        <ele>5.19999980926513671875</ele>
        <time>2026-08-30T23:31:27.000Z</time>
        <extensions>
          <ns3:TrackPointExtension>
            <ns3:hr>145</ns3:hr>
            <ns3:cad>81</ns3:cad>
          </ns3:TrackPointExtension>
        </extensions>
      </trkpt>
      <trkpt lat="23.050340674817562103271484375" lon="113.30523669719696044921875">
        <ele>5.19999980926513671875</ele>
        <time>2026-08-30T23:31:28.000Z</time>
        <extensions>
          <ns3:TrackPointExtension>
            <ns3:hr>146</ns3:hr>
            <ns3:cad>81</ns3:cad>
          </ns3:TrackPointExtension>
        </extensions>
      </trkpt>
      <trkpt lat="23.050340674817562103271484375" lon="113.30523669719696044921875">
        <ele>5.19999980926513671875</ele>
        <time>2026-08-30T23:31:29.000Z</time>
        <extensions>
          <ns3:TrackPointExtension>
            <ns3:hr>146</ns3:hr>
            <ns3:cad>82</ns3:cad>
          </ns3:TrackPointExtension>
        </extensions>
      </trkpt>
      <trkpt lat="23.0503431893885135650634765625" lon="113.305217586457729339599609375">
        <ele>5.400000095367431640625</ele>
        <time>2026-08-30T23:31:30.000Z</time>
        <extensions>
          <ns3:TrackPointExtension>
            <ns3:hr>146</ns3:hr>
            <ns3:cad>82</ns3:cad>
          </ns3:TrackPointExtension>
        </extensions>
      </trkpt>
      <trkpt lat="23.05034444667398929595947265625" lon="113.3051919378340244293212890625">
        <ele>5.400000095367431640625</ele>
        <time>2026-08-30T23:31:31.000Z</time>
        <extensions>
          <ns3:TrackPointExtension>
            <ns3:hr>145</ns3:hr>
            <ns3:cad>81</ns3:cad>
          </ns3:TrackPointExtension>
        </extensions>
      </trkpt>
      <trkpt lat="23.05035634897649288177490234375" lon="113.30516553483903408050537109375">
        <ele>5.400000095367431640625</ele>
        <time>2026-08-30T23:31:32.000Z</time>
        <extensions>
          <ns3:TrackPointExtension>
            <ns3:hr>146</ns3:hr>
            <ns3:cad>81</ns3:cad>
          </ns3:TrackPointExtension>
        </extensions>
      </trkpt>
      <trkpt lat="23.05035618133842945098876953125" lon="113.30514592118561267852783203125">
        <ele>5.599999904632568359375</ele>
        <time>2026-08-30T23:31:33.000Z</time>
        <extensions>
          <ns3:TrackPointExtension>
            <ns3:hr>146</ns3:hr>
            <ns3:cad>81</ns3:cad>
          </ns3:TrackPointExtension>
        </extensions>
      </trkpt>
      <trkpt lat="23.0503579415380954742431640625" lon="113.30511909909546375274658203125">
        <ele>5.599999904632568359375</ele>
        <time>2026-08-30T23:31:34.000Z</time>
        <extensions>
          <ns3:TrackPointExtension>
            <ns3:hr>146</ns3:hr>
            <ns3:cad>81</ns3:cad>
          </ns3:TrackPointExtension>
        </extensions>
      </trkpt>
      <trkpt lat="23.050368838012218475341796875" lon="113.3050779439508914947509765625">
        <ele>5.599999904632568359375</ele>
        <time>2026-08-30T23:31:35.000Z</time>
        <extensions>
          <ns3:TrackPointExtension>
            <ns3:hr>147</ns3:hr>
            <ns3:cad>82</ns3:cad>
          </ns3:TrackPointExtension>
        </extensions>
      </trkpt>
      <trkpt lat="23.050368838012218475341796875" lon="113.3050779439508914947509765625">
        <ele>5.599999904632568359375</ele>
        <time>2026-08-30T23:31:36.000Z</time>
        <extensions>
          <ns3:TrackPointExtension>
            <ns3:hr>147</ns3:hr>
            <ns3:cad>82</ns3:cad>
          </ns3:TrackPointExtension>
        </extensions>
      </trkpt>
      <trkpt lat="23.05037428624927997589111328125" lon="113.305047936737537384033203125">
        <ele>5.599999904632568359375</ele>
        <time>2026-08-30T23:31:37.000Z</time>
        <extensions>
          <ns3:TrackPointExtension>
            <ns3:hr>147</ns3:hr>
            <ns3:cad>82</ns3:cad>
          </ns3:TrackPointExtension>
        </extensions>
      </trkpt>
      <trkpt lat="23.05038585327565670013427734375" lon="113.30500627867877483367919921875">
        <ele>5.400000095367431640625</ele>
        <time>2026-08-30T23:31:38.000Z</time>
        <extensions>
          <ns3:TrackPointExtension>
            <ns3:hr>147</ns3:hr>
            <ns3:cad>81</ns3:cad>
          </ns3:TrackPointExtension>
        </extensions>
      </trkpt>
      <trkpt lat="23.05038585327565670013427734375" lon="113.30500627867877483367919921875">
        <ele>5.400000095367431640625</ele>
        <time>2026-08-30T23:31:39.000Z</time>
        <extensions>
          <ns3:TrackPointExtension>
            <ns3:hr>148</ns3:hr>
            <ns3:cad>81</ns3:cad>
          </ns3:TrackPointExtension>
        </extensions>
      </trkpt>
      <trkpt lat="23.05039691738784313201904296875" lon="113.30497442744672298431396484375">
        <ele>5.599999904632568359375</ele>
        <time>2026-08-30T23:31:40.000Z</time>
        <extensions>
          <ns3:TrackPointExtension>
            <ns3:hr>147</ns3:hr>
            <ns3:cad>81</ns3:cad>
          </ns3:TrackPointExtension>
        </extensions>
      </trkpt>
      <trkpt lat="23.05040110833942890167236328125" lon="113.30495347268879413604736328125">
        <ele>5.599999904632568359375</ele>
        <time>2026-08-30T23:31:41.000Z</time>
        <extensions>
          <ns3:TrackPointExtension>
            <ns3:hr>147</ns3:hr>
            <ns3:cad>81</ns3:cad>
          </ns3:TrackPointExtension>
        </extensions>
      </trkpt>
      <trkpt lat="23.05040563456714153289794921875" lon="113.3049295842647552490234375">
        <ele>5.599999904632568359375</ele>
        <time>2026-08-30T23:31:42.000Z</time>
        <extensions>
          <ns3:TrackPointExtension>
            <ns3:hr>147</ns3:hr>
            <ns3:cad>81</ns3:cad>
          </ns3:TrackPointExtension>
        </extensions>
      </trkpt>
      <trkpt lat="23.050415106117725372314453125" lon="113.30490083433687686920166015625">
        <ele>5.80000019073486328125</ele>
        <time>2026-08-30T23:31:43.000Z</time>
        <extensions>
          <ns3:TrackPointExtension>
            <ns3:hr>147</ns3:hr>
            <ns3:cad>81</ns3:cad>
          </ns3:TrackPointExtension>
        </extensions>
      </trkpt>
      <trkpt lat="23.05041636340320110321044921875" lon="113.30487904138863086700439453125">
        <ele>5.80000019073486328125</ele>
        <time>2026-08-30T23:31:44.000Z</time>
        <extensions>
          <ns3:TrackPointExtension>
            <ns3:hr>147</ns3:hr>
            <ns3:cad>81</ns3:cad>
          </ns3:TrackPointExtension>
        </extensions>
      </trkpt>
      <trkpt lat="23.0504192970693111419677734375" lon="113.3048526383936405181884765625">
        <ele>5.80000019073486328125</ele>
        <time>2026-08-30T23:31:45.000Z</time>
        <extensions>
          <ns3:TrackPointExtension>
            <ns3:hr>147</ns3:hr>
            <ns3:cad>81</ns3:cad>
          </ns3:TrackPointExtension>
        </extensions>
      </trkpt>
      <trkpt lat="23.05043153464794158935546875" lon="113.30482724122703075408935546875">
        <ele>5.80000019073486328125</ele>
        <time>2026-08-30T23:31:46.000Z</time>
        <extensions>
          <ns3:TrackPointExtension>
            <ns3:hr>147</ns3:hr>
            <ns3:cad>81</ns3:cad>
          </ns3:TrackPointExtension>
        </extensions>
      </trkpt>
      <trkpt lat="23.05042843334376811981201171875" lon="113.30480821430683135986328125">
        <ele>5.80000019073486328125</ele>
        <time>2026-08-30T23:31:47.000Z</time>
        <extensions>
          <ns3:TrackPointExtension>
            <ns3:hr>147</ns3:hr>
            <ns3:cad>81</ns3:cad>
          </ns3:TrackPointExtension>
        </extensions>
      </trkpt>
      <trkpt lat="23.05043128319084644317626953125" lon="113.30478365533053874969482421875">
        <ele>5.80000019073486328125</ele>
        <time>2026-08-30T23:31:48.000Z</time>
        <extensions>
          <ns3:TrackPointExtension>
            <ns3:hr>147</ns3:hr>
            <ns3:cad>82</ns3:cad>
          </ns3:TrackPointExtension>
        </extensions>
      </trkpt>
      <trkpt lat="23.0504370667040348052978515625" lon="113.30476018600165843963623046875">
        <ele>5.80000019073486328125</ele>
        <time>2026-08-30T23:31:49.000Z</time>
        <extensions>
          <ns3:TrackPointExtension>
            <ns3:hr>147</ns3:hr>
            <ns3:cad>82</ns3:cad>
          </ns3:TrackPointExtension>
        </extensions>
      </trkpt>
      <trkpt lat="23.0504524894058704376220703125" lon="113.3047091402113437652587890625">
        <ele>5.80000019073486328125</ele>
        <time>2026-08-30T23:31:50.000Z</time>
        <extensions>
          <ns3:TrackPointExtension>
            <ns3:hr>147</ns3:hr>
            <ns3:cad>82</ns3:cad>
          </ns3:TrackPointExtension>
        </extensions>
      </trkpt>
      <trkpt lat="23.0504524894058704376220703125" lon="113.3047091402113437652587890625">
        <ele>5.80000019073486328125</ele>
        <time>2026-08-30T23:31:51.000Z</time>
        <extensions>
          <ns3:TrackPointExtension>
            <ns3:hr>147</ns3:hr>
            <ns3:cad>82</ns3:cad>
          </ns3:TrackPointExtension>
        </extensions>
      </trkpt>
      <trkpt lat="23.05045877583324909210205078125" lon="113.30469028092920780181884765625">
        <ele>5.80000019073486328125</ele>
        <time>2026-08-30T23:31:52.000Z</time>
        <extensions>
          <ns3:TrackPointExtension>
            <ns3:hr>147</ns3:hr>
            <ns3:cad>81</ns3:cad>
          </ns3:TrackPointExtension>
        </extensions>
      </trkpt>
      <trkpt lat="23.0504561774432659149169921875" lon="113.30467066727578639984130859375">
        <ele>5.80000019073486328125</ele>
        <time>2026-08-30T23:31:53.000Z</time>
        <extensions>
          <ns3:TrackPointExtension>
            <ns3:hr>147</ns3:hr>
            <ns3:cad>81</ns3:cad>
          </ns3:TrackPointExtension>
        </extensions>
      </trkpt>
      <trkpt lat="23.05045508779585361480712890625" lon="113.3046390675008296966552734375">
        <ele>5.80000019073486328125</ele>
        <time>2026-08-30T23:31:54.000Z</time>
        <extensions>
          <ns3:TrackPointExtension>
            <ns3:hr>147</ns3:hr>
            <ns3:cad>81</ns3:cad>
          </ns3:TrackPointExtension>
        </extensions>
      </trkpt>
      <trkpt lat="23.05045492015779018402099609375" lon="113.30461953766644001007080078125">
        <ele>5.80000019073486328125</ele>
        <time>2026-08-30T23:31:55.000Z</time>
        <extensions>
          <ns3:TrackPointExtension>
            <ns3:hr>147</ns3:hr>
            <ns3:cad>81</ns3:cad>
          </ns3:TrackPointExtension>
        </extensions>
      </trkpt>
      <trkpt lat="23.0504521541297435760498046875" lon="113.3045954816043376922607421875">
        <ele>5.80000019073486328125</ele>
        <time>2026-08-30T23:31:56.000Z</time>
        <extensions>
          <ns3:TrackPointExtension>
            <ns3:hr>146</ns3:hr>
            <ns3:cad>81</ns3:cad>
          </ns3:TrackPointExtension>
        </extensions>
      </trkpt>
      <trkpt lat="23.05045994929969310760498046875" lon="113.3045663125813007354736328125">
        <ele>5.80000019073486328125</ele>
        <time>2026-08-30T23:31:57.000Z</time>
        <extensions>
          <ns3:TrackPointExtension>
            <ns3:hr>146</ns3:hr>
            <ns3:cad>81</ns3:cad>
          </ns3:TrackPointExtension>
        </extensions>
      </trkpt>
      <trkpt lat="23.05046078749001026153564453125" lon="113.30454309470951557159423828125">
        <ele>5.80000019073486328125</ele>
        <time>2026-08-30T23:31:58.000Z</time>
        <extensions>
          <ns3:TrackPointExtension>
            <ns3:hr>146</ns3:hr>
            <ns3:cad>82</ns3:cad>
          </ns3:TrackPointExtension>
        </extensions>
      </trkpt>
      <trkpt lat="23.0504638887941837310791015625" lon="113.3045192062854766845703125">
        <ele>5.80000019073486328125</ele>
        <time>2026-08-30T23:31:59.000Z</time>
        <extensions>
          <ns3:TrackPointExtension>
            <ns3:hr>146</ns3:hr>
            <ns3:cad>82</ns3:cad>
          </ns3:TrackPointExtension>
        </extensions>
      </trkpt>
      <trkpt lat="23.0504692532122135162353515625" lon="113.304495401680469512939453125">
        <ele>5.80000019073486328125</ele>
        <time>2026-08-30T23:32:00.000Z</time>
        <extensions>
          <ns3:TrackPointExtension>
            <ns3:hr>146</ns3:hr>
            <ns3:cad>82</ns3:cad>
          </ns3:TrackPointExtension>
        </extensions>
      </trkpt>
      <trkpt lat="23.0504682473838329315185546875" lon="113.30447469837963581085205078125">
        <ele>5.80000019073486328125</ele>
        <time>2026-08-30T23:32:01.000Z</time>
        <extensions>
          <ns3:TrackPointExtension>
            <ns3:hr>147</ns3:hr>
            <ns3:cad>82</ns3:cad>
          </ns3:TrackPointExtension>
        </extensions>
      </trkpt>
      <trkpt lat="23.05047134868800640106201171875" lon="113.304442428052425384521484375">
        <ele>5.80000019073486328125</ele>
        <time>2026-08-30T23:32:02.000Z</time>
        <extensions>
          <ns3:TrackPointExtension>
            <ns3:hr>147</ns3:hr>
            <ns3:cad>81</ns3:cad>
          </ns3:TrackPointExtension>
        </extensions>
      </trkpt>
      <trkpt lat="23.05047336034476757049560546875" lon="113.3044184558093547821044921875">
        <ele>5.80000019073486328125</ele>
        <time>2026-08-30T23:32:03.000Z</time>
        <extensions>
          <ns3:TrackPointExtension>
            <ns3:hr>147</ns3:hr>
            <ns3:cad>81</ns3:cad>
          </ns3:TrackPointExtension>
        </extensions>
      </trkpt>
      <trkpt lat="23.05046782828867435455322265625" lon="113.30439590848982334136962890625">
        <ele>5.80000019073486328125</ele>
        <time>2026-08-30T23:32:04.000Z</time>
        <extensions>
          <ns3:TrackPointExtension>
            <ns3:hr>147</ns3:hr>
            <ns3:cad>80</ns3:cad>
          </ns3:TrackPointExtension>
        </extensions>
      </trkpt>
      <trkpt lat="23.05047788657248020172119140625" lon="113.30436229705810546875">
        <ele>5.80000019073486328125</ele>
        <time>2026-08-30T23:32:05.000Z</time>
        <extensions>
          <ns3:TrackPointExtension>
            <ns3:hr>147</ns3:hr>
            <ns3:cad>80</ns3:cad>
          </ns3:TrackPointExtension>
        </extensions>
      </trkpt>
      <trkpt lat="23.05047713220119476318359375" lon="113.304339833557605743408203125">
        <ele>5.80000019073486328125</ele>
        <time>2026-08-30T23:32:06.000Z</time>
        <extensions>
          <ns3:TrackPointExtension>
            <ns3:hr>147</ns3:hr>
            <ns3:cad>80</ns3:cad>
          </ns3:TrackPointExtension>
        </extensions>
      </trkpt>
      <trkpt lat="23.05048107169568538665771484375" lon="113.3043175376951694488525390625">
        <ele>5.80000019073486328125</ele>
        <time>2026-08-30T23:32:07.000Z</time>
        <extensions>
          <ns3:TrackPointExtension>
            <ns3:hr>147</ns3:hr>
            <ns3:cad>80</ns3:cad>
          </ns3:TrackPointExtension>
        </extensions>
      </trkpt>
      <trkpt lat="23.05049096234142780303955078125" lon="113.304284848272800445556640625">
        <ele>6</ele>
        <time>2026-08-30T23:32:08.000Z</time>
        <extensions>
          <ns3:TrackPointExtension>
            <ns3:hr>147</ns3:hr>
            <ns3:cad>80</ns3:cad>
          </ns3:TrackPointExtension>
        </extensions>
      </trkpt>
      <trkpt lat="23.0504897050559520721435546875" lon="113.3042662404477596282958984375">
        <ele>6</ele>
        <time>2026-08-30T23:32:09.000Z</time>
        <extensions>
          <ns3:TrackPointExtension>
            <ns3:hr>147</ns3:hr>
            <ns3:cad>80</ns3:cad>
          </ns3:TrackPointExtension>
        </extensions>
      </trkpt>
      <trkpt lat="23.05049599148333072662353515625" lon="113.30424151383340358734130859375">
        <ele>6</ele>
        <time>2026-08-30T23:32:10.000Z</time>
        <extensions>
          <ns3:TrackPointExtension>
            <ns3:hr>147</ns3:hr>
            <ns3:cad>81</ns3:cad>
          </ns3:TrackPointExtension>
        </extensions>
      </trkpt>
      <trkpt lat="23.05050638504326343536376953125" lon="113.30421603284776210784912109375">
        <ele>6</ele>
        <time>2026-08-30T23:32:11.000Z</time>
        <extensions>
          <ns3:TrackPointExtension>
            <ns3:hr>147</ns3:hr>
            <ns3:cad>81</ns3:cad>
          </ns3:TrackPointExtension>
        </extensions>
      </trkpt>
      <trkpt lat="23.05050588212907314300537109375" lon="113.30419826321303844451904296875">
        <ele>6</ele>
        <time>2026-08-30T23:32:12.000Z</time>
        <extensions>
          <ns3:TrackPointExtension>
            <ns3:hr>148</ns3:hr>
            <ns3:cad>81</ns3:cad>
          </ns3:TrackPointExtension>
        </extensions>
      </trkpt>
      <trkpt lat="23.05050588212907314300537109375" lon="113.3041720278561115264892578125">
        <ele>6</ele>
        <time>2026-08-30T23:32:13.000Z</time>
        <extensions>
          <ns3:TrackPointExtension>
            <ns3:hr>147</ns3:hr>
            <ns3:cad>81</ns3:cad>
          </ns3:TrackPointExtension>
        </extensions>
      </trkpt>
      <trkpt lat="23.050510995090007781982421875" lon="113.30414478667080402374267578125">
        <ele>6.19999980926513671875</ele>
        <time>2026-08-30T23:32:14.000Z</time>
        <extensions>
          <ns3:TrackPointExtension>
            <ns3:hr>147</ns3:hr>
            <ns3:cad>81</ns3:cad>
          </ns3:TrackPointExtension>
        </extensions>
      </trkpt>
      <trkpt lat="23.0505047924816608428955078125" lon="113.30412718467414379119873046875">
        <ele>6.19999980926513671875</ele>
        <time>2026-08-30T23:32:15.000Z</time>
        <extensions>
          <ns3:TrackPointExtension>
            <ns3:hr>148</ns3:hr>
            <ns3:cad>81</ns3:cad>
          </ns3:TrackPointExtension>
        </extensions>
      </trkpt>
      <trkpt lat="23.05049951188266277313232421875" lon="113.30409868620336055755615234375">
        <ele>6.19999980926513671875</ele>
        <time>2026-08-30T23:32:16.000Z</time>
        <extensions>
          <ns3:TrackPointExtension>
            <ns3:hr>148</ns3:hr>
            <ns3:cad>81</ns3:cad>
          </ns3:TrackPointExtension>
        </extensions>
      </trkpt>
      <trkpt lat="23.0504950694739818572998046875" lon="113.3040734566748142242431640625">
        <ele>6.19999980926513671875</ele>
        <time>2026-08-30T23:32:17.000Z</time>
        <extensions>
          <ns3:TrackPointExtension>
            <ns3:hr>148</ns3:hr>
            <ns3:cad>81</ns3:cad>
          </ns3:TrackPointExtension>
        </extensions>
      </trkpt>
      <trkpt lat="23.05048777721822261810302734375" lon="113.30405451357364654541015625">
        <ele>6.19999980926513671875</ele>
        <time>2026-08-30T23:32:18.000Z</time>
        <extensions>
          <ns3:TrackPointExtension>
            <ns3:hr>148</ns3:hr>
            <ns3:cad>81</ns3:cad>
          </ns3:TrackPointExtension>
        </extensions>
      </trkpt>
      <trkpt lat="23.05049129761755466461181640625" lon="113.30402207560837268829345703125">
        <ele>6</ele>
        <time>2026-08-30T23:32:19.000Z</time>
        <extensions>
          <ns3:TrackPointExtension>
            <ns3:hr>148</ns3:hr>
            <ns3:cad>80</ns3:cad>
          </ns3:TrackPointExtension>
        </extensions>
      </trkpt>
      <trkpt lat="23.05049456655979156494140625" lon="113.30399818718433380126953125">
        <ele>6</ele>
        <time>2026-08-30T23:32:20.000Z</time>
        <extensions>
          <ns3:TrackPointExtension>
            <ns3:hr>148</ns3:hr>
            <ns3:cad>80</ns3:cad>
          </ns3:TrackPointExtension>
        </extensions>
      </trkpt>
      <trkpt lat="23.0504950694739818572998046875" lon="113.3039758913218975067138671875">
        <ele>6</ele>
        <time>2026-08-30T23:32:21.000Z</time>
        <extensions>
          <ns3:TrackPointExtension>
            <ns3:hr>148</ns3:hr>
            <ns3:cad>81</ns3:cad>
          </ns3:TrackPointExtension>
        </extensions>
      </trkpt>
      <trkpt lat="23.0505037866532802581787109375" lon="113.30394320189952850341796875">
        <ele>6.19999980926513671875</ele>
        <time>2026-08-30T23:32:22.000Z</time>
        <extensions>
          <ns3:TrackPointExtension>
            <ns3:hr>148</ns3:hr>
            <ns3:cad>81</ns3:cad>
          </ns3:TrackPointExtension>
        </extensions>
      </trkpt>
      <trkpt lat="23.0505014397203922271728515625" lon="113.30392266623675823211669921875">
        <ele>6.19999980926513671875</ele>
        <time>2026-08-30T23:32:23.000Z</time>
        <extensions>
          <ns3:TrackPointExtension>
            <ns3:hr>149</ns3:hr>
            <ns3:cad>80</ns3:cad>
          </ns3:TrackPointExtension>
        </extensions>
      </trkpt>
      <trkpt lat="23.05050261318683624267578125" lon="113.30390037037432193756103515625">
        <ele>6.19999980926513671875</ele>
        <time>2026-08-30T23:32:24.000Z</time>
        <extensions>
          <ns3:TrackPointExtension>
            <ns3:hr>148</ns3:hr>
            <ns3:cad>80</ns3:cad>
          </ns3:TrackPointExtension>
        </extensions>
      </trkpt>
      <trkpt lat="23.05051292292773723602294921875" lon="113.30386835150420665740966796875">
        <ele>6.19999980926513671875</ele>
        <time>2026-08-30T23:32:25.000Z</time>
        <extensions>
          <ns3:TrackPointExtension>
            <ns3:hr>148</ns3:hr>
            <ns3:cad>80</ns3:cad>
          </ns3:TrackPointExtension>
        </extensions>
      </trkpt>
      <trkpt lat="23.0505178682506084442138671875" lon="113.3038486540317535400390625">
        <ele>6.19999980926513671875</ele>
        <time>2026-08-30T23:32:26.000Z</time>
        <extensions>
          <ns3:TrackPointExtension>
            <ns3:hr>149</ns3:hr>
            <ns3:cad>80</ns3:cad>
          </ns3:TrackPointExtension>
        </extensions>
      </trkpt>
      <trkpt lat="23.050520382821559906005859375" lon="113.30382593907415866851806640625">
        <ele>6.400000095367431640625</ele>
        <time>2026-08-30T23:32:27.000Z</time>
        <extensions>
          <ns3:TrackPointExtension>
            <ns3:hr>149</ns3:hr>
            <ns3:cad>80</ns3:cad>
          </ns3:TrackPointExtension>
        </extensions>
      </trkpt>
      <trkpt lat="23.0505275912582874298095703125" lon="113.30379702150821685791015625">
        <ele>6.400000095367431640625</ele>
        <time>2026-08-30T23:32:28.000Z</time>
        <extensions>
          <ns3:TrackPointExtension>
            <ns3:hr>149</ns3:hr>
            <ns3:cad>81</ns3:cad>
          </ns3:TrackPointExtension>
        </extensions>
      </trkpt>
      <trkpt lat="23.0505262501537799835205078125" lon="113.3037800900638103485107421875">
        <ele>6.400000095367431640625</ele>
        <time>2026-08-30T23:32:29.000Z</time>
        <extensions>
          <ns3:TrackPointExtension>
            <ns3:hr>148</ns3:hr>
            <ns3:cad>81</ns3:cad>
          </ns3:TrackPointExtension>
        </extensions>
      </trkpt>
      <trkpt lat="23.0505262501537799835205078125" lon="113.30375553108751773834228515625">
        <ele>6.400000095367431640625</ele>
        <time>2026-08-30T23:32:30.000Z</time>
        <extensions>
          <ns3:TrackPointExtension>
            <ns3:hr>149</ns3:hr>
            <ns3:cad>80</ns3:cad>
          </ns3:TrackPointExtension>
        </extensions>
      </trkpt>
      <trkpt lat="23.050530441105365753173828125" lon="113.3037297986447811126708984375">
        <ele>6.400000095367431640625</ele>
        <time>2026-08-30T23:32:31.000Z</time>
        <extensions>
          <ns3:TrackPointExtension>
            <ns3:hr>149</ns3:hr>
            <ns3:cad>80</ns3:cad>
          </ns3:TrackPointExtension>
        </extensions>
      </trkpt>
      <trkpt lat="23.05052733980119228363037109375" lon="113.30370993353426456451416015625">
        <ele>6.400000095367431640625</ele>
        <time>2026-08-30T23:32:32.000Z</time>
        <extensions>
          <ns3:TrackPointExtension>
            <ns3:hr>148</ns3:hr>
            <ns3:cad>80</ns3:cad>
          </ns3:TrackPointExtension>
        </extensions>
      </trkpt>
      <trkpt lat="23.05052767507731914520263671875" lon="113.30368193797767162322998046875">
        <ele>6.400000095367431640625</ele>
        <time>2026-08-30T23:32:33.000Z</time>
        <extensions>
          <ns3:TrackPointExtension>
            <ns3:hr>149</ns3:hr>
            <ns3:cad>80</ns3:cad>
          </ns3:TrackPointExtension>
        </extensions>
      </trkpt>
      <trkpt lat="23.050533123314380645751953125" lon="113.3036600612103939056396484375">
        <ele>6.400000095367431640625</ele>
        <time>2026-08-30T23:32:34.000Z</time>
        <extensions>
          <ns3:TrackPointExtension>
            <ns3:hr>149</ns3:hr>
            <ns3:cad>80</ns3:cad>
          </ns3:TrackPointExtension>
        </extensions>
      </trkpt>
      <trkpt lat="23.0505369789898395538330078125" lon="113.30363935790956020355224609375">
        <ele>6.400000095367431640625</ele>
        <time>2026-08-30T23:32:35.000Z</time>
        <extensions>
          <ns3:TrackPointExtension>
            <ns3:hr>149</ns3:hr>
            <ns3:cad>81</ns3:cad>
          </ns3:TrackPointExtension>
        </extensions>
      </trkpt>
      <trkpt lat="23.0505406670272350311279296875" lon="113.30361102707684040069580078125">
        <ele>6.400000095367431640625</ele>
        <time>2026-08-30T23:32:36.000Z</time>
        <extensions>
          <ns3:TrackPointExtension>
            <ns3:hr>150</ns3:hr>
            <ns3:cad>81</ns3:cad>
          </ns3:TrackPointExtension>
        </extensions>
      </trkpt>
      <trkpt lat="23.0505435168743133544921875" lon="113.30359049141407012939453125">
        <ele>6.400000095367431640625</ele>
        <time>2026-08-30T23:32:37.000Z</time>
        <extensions>
          <ns3:TrackPointExtension>
            <ns3:hr>150</ns3:hr>
            <ns3:cad>81</ns3:cad>
          </ns3:TrackPointExtension>
        </extensions>
      </trkpt>
      <trkpt lat="23.050546534359455108642578125" lon="113.3035723865032196044921875">
        <ele>6.400000095367431640625</ele>
        <time>2026-08-30T23:32:38.000Z</time>
        <extensions>
          <ns3:TrackPointExtension>
            <ns3:hr>150</ns3:hr>
            <ns3:cad>82</ns3:cad>
          </ns3:TrackPointExtension>
        </extensions>
      </trkpt>
      <trkpt lat="23.0505483783781528472900390625" lon="113.30354363657534122467041015625">
        <ele>6.400000095367431640625</ele>
        <time>2026-08-30T23:32:39.000Z</time>
        <extensions>
          <ns3:TrackPointExtension>
            <ns3:hr>150</ns3:hr>
            <ns3:cad>82</ns3:cad>
          </ns3:TrackPointExtension>
        </extensions>
      </trkpt>
      <trkpt lat="23.05054661817848682403564453125" lon="113.30352343618869781494140625">
        <ele>6.400000095367431640625</ele>
        <time>2026-08-30T23:32:40.000Z</time>
        <extensions>
          <ns3:TrackPointExtension>
            <ns3:hr>150</ns3:hr>
            <ns3:cad>82</ns3:cad>
          </ns3:TrackPointExtension>
        </extensions>
      </trkpt>
      <trkpt lat="23.050543181598186492919921875" lon="113.30350239761173725128173828125">
        <ele>6.400000095367431640625</ele>
        <time>2026-08-30T23:32:41.000Z</time>
        <extensions>
          <ns3:TrackPointExtension>
            <ns3:hr>150</ns3:hr>
            <ns3:cad>81</ns3:cad>
          </ns3:TrackPointExtension>
        </extensions>
      </trkpt>
      <trkpt lat="23.05054142139852046966552734375" lon="113.30347524024546146392822265625">
        <ele>6.599999904632568359375</ele>
        <time>2026-08-30T23:32:42.000Z</time>
        <extensions>
          <ns3:TrackPointExtension>
            <ns3:hr>150</ns3:hr>
            <ns3:cad>81</ns3:cad>
          </ns3:TrackPointExtension>
        </extensions>
      </trkpt>
      <trkpt lat="23.050537146627902984619140625" lon="113.30345730297267436981201171875">
        <ele>6.599999904632568359375</ele>
        <time>2026-08-30T23:32:43.000Z</time>
        <extensions>
          <ns3:TrackPointExtension>
            <ns3:hr>149</ns3:hr>
            <ns3:cad>81</ns3:cad>
          </ns3:TrackPointExtension>
        </extensions>
      </trkpt>
      <trkpt lat="23.05054259486496448516845703125" lon="113.3034317381680011749267578125">
        <ele>6.599999904632568359375</ele>
        <time>2026-08-30T23:32:44.000Z</time>
        <extensions>
          <ns3:TrackPointExtension>
            <ns3:hr>150</ns3:hr>
            <ns3:cad>81</ns3:cad>
          </ns3:TrackPointExtension>
        </extensions>
      </trkpt>
      <trkpt lat="23.05054678581655025482177734375" lon="113.30340810120105743408203125">
        <ele>6.599999904632568359375</ele>
        <time>2026-08-30T23:32:45.000Z</time>
        <extensions>
          <ns3:TrackPointExtension>
            <ns3:hr>150</ns3:hr>
            <ns3:cad>81</ns3:cad>
          </ns3:TrackPointExtension>
        </extensions>
      </trkpt>
      <trkpt lat="23.05053739808499813079833984375" lon="113.30339024774730205535888671875">
        <ele>6.599999904632568359375</ele>
        <time>2026-08-30T23:32:46.000Z</time>
        <extensions>
          <ns3:TrackPointExtension>
            <ns3:hr>149</ns3:hr>
            <ns3:cad>81</ns3:cad>
          </ns3:TrackPointExtension>
        </extensions>
      </trkpt>
      <trkpt lat="23.050539828836917877197265625" lon="113.303360156714916229248046875">
        <ele>6.400000095367431640625</ele>
        <time>2026-08-30T23:32:47.000Z</time>
        <extensions>
          <ns3:TrackPointExtension>
            <ns3:hr>150</ns3:hr>
            <ns3:cad>81</ns3:cad>
          </ns3:TrackPointExtension>
        </extensions>
      </trkpt>
      <trkpt lat="23.050539158284664154052734375" lon="113.30333769321441650390625">
        <ele>6.400000095367431640625</ele>
        <time>2026-08-30T23:32:48.000Z</time>
        <extensions>
          <ns3:TrackPointExtension>
            <ns3:hr>150</ns3:hr>
            <ns3:cad>81</ns3:cad>
          </ns3:TrackPointExtension>
        </extensions>
      </trkpt>
      <trkpt lat="23.050541840493679046630859375" lon="113.30331883393228054046630859375">
        <ele>6.400000095367431640625</ele>
        <time>2026-08-30T23:32:49.000Z</time>
        <extensions>
          <ns3:TrackPointExtension>
            <ns3:hr>149</ns3:hr>
            <ns3:cad>81</ns3:cad>
          </ns3:TrackPointExtension>
        </extensions>
      </trkpt>
      <trkpt lat="23.05054293014109134674072265625" lon="113.3032902516424655914306640625">
        <ele>6.400000095367431640625</ele>
        <time>2026-08-30T23:32:50.000Z</time>
        <extensions>
          <ns3:TrackPointExtension>
            <ns3:hr>149</ns3:hr>
            <ns3:cad>81</ns3:cad>
          </ns3:TrackPointExtension>
        </extensions>
      </trkpt>
      <trkpt lat="23.05054477415978908538818359375" lon="113.3032718114554882049560546875">
        <ele>6.599999904632568359375</ele>
        <time>2026-08-30T23:32:51.000Z</time>
        <extensions>
          <ns3:TrackPointExtension>
            <ns3:hr>149</ns3:hr>
            <ns3:cad>81</ns3:cad>
          </ns3:TrackPointExtension>
        </extensions>
      </trkpt>
      <trkpt lat="23.05054309777915477752685546875" lon="113.3032493479549884796142578125">
        <ele>6.599999904632568359375</ele>
        <time>2026-08-30T23:32:52.000Z</time>
        <extensions>
          <ns3:TrackPointExtension>
            <ns3:hr>149</ns3:hr>
            <ns3:cad>81</ns3:cad>
          </ns3:TrackPointExtension>
        </extensions>
      </trkpt>
      <trkpt lat="23.05053706280887126922607421875" lon="113.3032201789319515228271484375">
        <ele>6.599999904632568359375</ele>
        <time>2026-08-30T23:32:53.000Z</time>
        <extensions>
          <ns3:TrackPointExtension>
            <ns3:hr>149</ns3:hr>
            <ns3:cad>81</ns3:cad>
          </ns3:TrackPointExtension>
        </extensions>
      </trkpt>
      <trkpt lat="23.05052767507731914520263671875" lon="113.30320081673562526702880859375">
        <ele>6.80000019073486328125</ele>
        <time>2026-08-30T23:32:54.000Z</time>
        <extensions>
          <ns3:TrackPointExtension>
            <ns3:hr>149</ns3:hr>
            <ns3:cad>81</ns3:cad>
          </ns3:TrackPointExtension>
        </extensions>
      </trkpt>
      <trkpt lat="23.05052197538316249847412109375" lon="113.30317935906350612640380859375">
        <ele>6.80000019073486328125</ele>
        <time>2026-08-30T23:32:55.000Z</time>
        <extensions>
          <ns3:TrackPointExtension>
            <ns3:hr>149</ns3:hr>
            <ns3:cad>81</ns3:cad>
          </ns3:TrackPointExtension>
        </extensions>
      </trkpt>
      <trkpt lat="23.05052029900252819061279296875" lon="113.30315086059272289276123046875">
        <ele>6.80000019073486328125</ele>
        <time>2026-08-30T23:32:56.000Z</time>
        <extensions>
          <ns3:TrackPointExtension>
            <ns3:hr>149</ns3:hr>
            <ns3:cad>81</ns3:cad>
          </ns3:TrackPointExtension>
        </extensions>
      </trkpt>
      <trkpt lat="23.0505086481571197509765625" lon="113.30313174985349178314208984375">
        <ele>6.80000019073486328125</ele>
        <time>2026-08-30T23:32:57.000Z</time>
        <extensions>
          <ns3:TrackPointExtension>
            <ns3:hr>149</ns3:hr>
            <ns3:cad>81</ns3:cad>
          </ns3:TrackPointExtension>
        </extensions>
      </trkpt>
      <trkpt lat="23.050504960119724273681640625" lon="113.303104005753993988037109375">
        <ele>6.80000019073486328125</ele>
        <time>2026-08-30T23:32:58.000Z</time>
        <extensions>
          <ns3:TrackPointExtension>
            <ns3:hr>149</ns3:hr>
            <ns3:cad>81</ns3:cad>
          </ns3:TrackPointExtension>
        </extensions>
      </trkpt>
      <trkpt lat="23.0505131743848323822021484375" lon="113.30307743512094020843505859375">
        <ele>6.80000019073486328125</ele>
        <time>2026-08-30T23:32:59.000Z</time>
        <extensions>
          <ns3:TrackPointExtension>
            <ns3:hr>149</ns3:hr>
            <ns3:cad>81</ns3:cad>
          </ns3:TrackPointExtension>
        </extensions>
      </trkpt>
      <trkpt lat="23.05051334202289581298828125" lon="113.303057067096233367919921875">
        <ele>6.80000019073486328125</ele>
        <time>2026-08-30T23:33:00.000Z</time>
        <extensions>
          <ns3:TrackPointExtension>
            <ns3:hr>149</ns3:hr>
            <ns3:cad>81</ns3:cad>
          </ns3:TrackPointExtension>
        </extensions>
      </trkpt>
      <trkpt lat="23.0505182035267353057861328125" lon="113.3030270598828792572021484375">
        <ele>6.80000019073486328125</ele>
        <time>2026-08-30T23:33:01.000Z</time>
        <extensions>
          <ns3:TrackPointExtension>
            <ns3:hr>149</ns3:hr>
            <ns3:cad>81</ns3:cad>
          </ns3:TrackPointExtension>
        </extensions>
      </trkpt>
      <trkpt lat="23.050519712269306182861328125" lon="113.30300669185817241668701171875">
        <ele>6.80000019073486328125</ele>
        <time>2026-08-30T23:33:02.000Z</time>
        <extensions>
          <ns3:TrackPointExtension>
            <ns3:hr>150</ns3:hr>
            <ns3:cad>81</ns3:cad>
          </ns3:TrackPointExtension>
        </extensions>
      </trkpt>
      <trkpt lat="23.05052164010703563690185546875" lon="113.3029874972999095916748046875">
        <ele>6.80000019073486328125</ele>
        <time>2026-08-30T23:33:03.000Z</time>
        <extensions>
          <ns3:TrackPointExtension>
            <ns3:hr>150</ns3:hr>
            <ns3:cad>81</ns3:cad>
          </ns3:TrackPointExtension>
        </extensions>
      </trkpt>
      <trkpt lat="23.050527758896350860595703125" lon="113.30295790918171405792236328125">
        <ele>6.80000019073486328125</ele>
        <time>2026-08-30T23:33:04.000Z</time>
        <extensions>
          <ns3:TrackPointExtension>
            <ns3:hr>150</ns3:hr>
            <ns3:cad>81</ns3:cad>
          </ns3:TrackPointExtension>
        </extensions>
      </trkpt>
      <trkpt lat="23.050539493560791015625" lon="113.3029365353286266326904296875">
        <ele>6.80000019073486328125</ele>
        <time>2026-08-30T23:33:05.000Z</time>
        <extensions>
          <ns3:TrackPointExtension>
            <ns3:hr>149</ns3:hr>
            <ns3:cad>81</ns3:cad>
          </ns3:TrackPointExtension>
        </extensions>
      </trkpt>
      <trkpt lat="23.050538487732410430908203125" lon="113.3029154129326343536376953125">
        <ele>6.80000019073486328125</ele>
        <time>2026-08-30T23:33:06.000Z</time>
        <extensions>
          <ns3:TrackPointExtension>
            <ns3:hr>149</ns3:hr>
            <ns3:cad>81</ns3:cad>
          </ns3:TrackPointExtension>
        </extensions>
      </trkpt>
      <trkpt lat="23.0505453608930110931396484375" lon="113.30288431607186794281005859375">
        <ele>7</ele>
        <time>2026-08-30T23:33:07.000Z</time>
        <extensions>
          <ns3:TrackPointExtension>
            <ns3:hr>149</ns3:hr>
            <ns3:cad>81</ns3:cad>
          </ns3:TrackPointExtension>
        </extensions>
      </trkpt>
      <trkpt lat="23.0505393259227275848388671875" lon="113.30286202020943164825439453125">
        <ele>7</ele>
        <time>2026-08-30T23:33:08.000Z</time>
        <extensions>
          <ns3:TrackPointExtension>
            <ns3:hr>150</ns3:hr>
            <ns3:cad>81</ns3:cad>
          </ns3:TrackPointExtension>
        </extensions>
      </trkpt>
      <trkpt lat="23.05053421296179294586181640625" lon="113.3028356172144412994384765625">
        <ele>7</ele>
        <time>2026-08-30T23:33:09.000Z</time>
        <extensions>
          <ns3:TrackPointExtension>
            <ns3:hr>150</ns3:hr>
            <ns3:cad>81</ns3:cad>
          </ns3:TrackPointExtension>
        </extensions>
      </trkpt>
      <trkpt lat="23.050536476075649261474609375" lon="113.3028087951242923736572265625">
        <ele>7</ele>
        <time>2026-08-30T23:33:10.000Z</time>
        <extensions>
          <ns3:TrackPointExtension>
            <ns3:hr>150</ns3:hr>
            <ns3:cad>81</ns3:cad>
          </ns3:TrackPointExtension>
        </extensions>
      </trkpt>
      <trkpt lat="23.05053354240953922271728515625" lon="113.3027927018702030181884765625">
        <ele>7</ele>
        <time>2026-08-30T23:33:11.000Z</time>
        <extensions>
          <ns3:TrackPointExtension>
            <ns3:hr>150</ns3:hr>
            <ns3:cad>81</ns3:cad>
          </ns3:TrackPointExtension>
        </extensions>
      </trkpt>
      <trkpt lat="23.05053706280887126922607421875" lon="113.30276839435100555419921875">
        <ele>7</ele>
        <time>2026-08-30T23:33:12.000Z</time>
        <extensions>
          <ns3:TrackPointExtension>
            <ns3:hr>150</ns3:hr>
            <ns3:cad>81</ns3:cad>
          </ns3:TrackPointExtension>
        </extensions>
      </trkpt>
      <trkpt lat="23.0505336262285709381103515625" lon="113.30274702049791812896728515625">
        <ele>7</ele>
        <time>2026-08-30T23:33:13.000Z</time>
        <extensions>
          <ns3:TrackPointExtension>
            <ns3:hr>150</ns3:hr>
            <ns3:cad>81</ns3:cad>
          </ns3:TrackPointExtension>
        </extensions>
      </trkpt>
      <trkpt lat="23.05053303949534893035888671875" lon="113.3027296699583530426025390625">
        <ele>7</ele>
        <time>2026-08-30T23:33:14.000Z</time>
        <extensions>
          <ns3:TrackPointExtension>
            <ns3:hr>150</ns3:hr>
            <ns3:cad>81</ns3:cad>
          </ns3:TrackPointExtension>
        </extensions>
      </trkpt>
      <trkpt lat="23.0505359731614589691162109375" lon="113.3027005009353160858154296875">
        <ele>7</ele>
        <time>2026-08-30T23:33:15.000Z</time>
        <extensions>
          <ns3:TrackPointExtension>
            <ns3:hr>150</ns3:hr>
            <ns3:cad>81</ns3:cad>
          </ns3:TrackPointExtension>
        </extensions>
      </trkpt>
      <trkpt lat="23.0505354702472686767578125" lon="113.30267912708222866058349609375">
        <ele>7</ele>
        <time>2026-08-30T23:33:16.000Z</time>
        <extensions>
          <ns3:TrackPointExtension>
            <ns3:hr>150</ns3:hr>
            <ns3:cad>81</ns3:cad>
          </ns3:TrackPointExtension>
        </extensions>
      </trkpt>
      <trkpt lat="23.05053303949534893035888671875" lon="113.30265850760042667388916015625">
        <ele>7</ele>
        <time>2026-08-30T23:33:17.000Z</time>
        <extensions>
          <ns3:TrackPointExtension>
            <ns3:hr>150</ns3:hr>
            <ns3:cad>81</ns3:cad>
          </ns3:TrackPointExtension>
        </extensions>
      </trkpt>
      <trkpt lat="23.05054284632205963134765625" lon="113.3026237227022647857666015625">
        <ele>7.19999980926513671875</ele>
        <time>2026-08-30T23:33:18.000Z</time>
        <extensions>
          <ns3:TrackPointExtension>
            <ns3:hr>150</ns3:hr>
            <ns3:cad>81</ns3:cad>
          </ns3:TrackPointExtension>
        </extensions>
      </trkpt>
      <trkpt lat="23.05053907446563243865966796875" lon="113.3026019297540187835693359375">
        <ele>7.19999980926513671875</ele>
        <time>2026-08-30T23:33:19.000Z</time>
        <extensions>
          <ns3:TrackPointExtension>
            <ns3:hr>150</ns3:hr>
            <ns3:cad>81</ns3:cad>
          </ns3:TrackPointExtension>
        </extensions>
      </trkpt>
      <trkpt lat="23.05053572170436382293701171875" lon="113.30257452093064785003662109375">
        <ele>7.19999980926513671875</ele>
        <time>2026-08-30T23:33:20.000Z</time>
        <extensions>
          <ns3:TrackPointExtension>
            <ns3:hr>150</ns3:hr>
            <ns3:cad>81</ns3:cad>
          </ns3:TrackPointExtension>
        </extensions>
      </trkpt>
      <trkpt lat="23.05053748190402984619140625" lon="113.302540741860866546630859375">
        <ele>7.19999980926513671875</ele>
        <time>2026-08-30T23:33:21.000Z</time>
        <extensions>
          <ns3:TrackPointExtension>
            <ns3:hr>150</ns3:hr>
            <ns3:cad>81</ns3:cad>
          </ns3:TrackPointExtension>
        </extensions>
      </trkpt>
      <trkpt lat="23.05052918381989002227783203125" lon="113.30252121202647686004638671875">
        <ele>7.400000095367431640625</ele>
        <time>2026-08-30T23:33:22.000Z</time>
        <extensions>
          <ns3:TrackPointExtension>
            <ns3:hr>150</ns3:hr>
            <ns3:cad>81</ns3:cad>
          </ns3:TrackPointExtension>
        </extensions>
      </trkpt>
      <trkpt lat="23.0505262501537799835205078125" lon="113.302499167621135711669921875">
        <ele>7.400000095367431640625</ele>
        <time>2026-08-30T23:33:23.000Z</time>
        <extensions>
          <ns3:TrackPointExtension>
            <ns3:hr>150</ns3:hr>
            <ns3:cad>81</ns3:cad>
          </ns3:TrackPointExtension>
        </extensions>
      </trkpt>
      <trkpt lat="23.0505192093551158905029296875" lon="113.30247108824551105499267578125">
        <ele>7.400000095367431640625</ele>
        <time>2026-08-30T23:33:24.000Z</time>
        <extensions>
          <ns3:TrackPointExtension>
            <ns3:hr>149</ns3:hr>
            <ns3:cad>81</ns3:cad>
          </ns3:TrackPointExtension>
        </extensions>
      </trkpt>
      <trkpt lat="23.05051744915544986724853515625" lon="113.3024503849446773529052734375">
        <ele>7.400000095367431640625</ele>
        <time>2026-08-30T23:33:25.000Z</time>
        <extensions>
          <ns3:TrackPointExtension>
            <ns3:hr>150</ns3:hr>
            <ns3:cad>81</ns3:cad>
          </ns3:TrackPointExtension>
        </extensions>
      </trkpt>
      <trkpt lat="23.05051594041287899017333984375" lon="113.30242733471095561981201171875">
        <ele>7.400000095367431640625</ele>
        <time>2026-08-30T23:33:26.000Z</time>
        <extensions>
          <ns3:TrackPointExtension>
            <ns3:hr>150</ns3:hr>
            <ns3:cad>81</ns3:cad>
          </ns3:TrackPointExtension>
        </extensions>
      </trkpt>
      <trkpt lat="23.0505175329744815826416015625" lon="113.3024004288017749786376953125">
        <ele>7.400000095367431640625</ele>
        <time>2026-08-30T23:33:27.000Z</time>
        <extensions>
          <ns3:TrackPointExtension>
            <ns3:hr>149</ns3:hr>
            <ns3:cad>81</ns3:cad>
          </ns3:TrackPointExtension>
        </extensions>
      </trkpt>
      <trkpt lat="23.05052063427865505218505859375" lon="113.3023840002715587615966796875">
        <ele>7.400000095367431640625</ele>
        <time>2026-08-30T23:33:28.000Z</time>
        <extensions>
          <ns3:TrackPointExtension>
            <ns3:hr>149</ns3:hr>
            <ns3:cad>81</ns3:cad>
          </ns3:TrackPointExtension>
        </extensions>
      </trkpt>
      <trkpt lat="23.05052013136446475982666015625" lon="113.3023605309426784515380859375">
        <ele>7.19999980926513671875</ele>
        <time>2026-08-30T23:33:29.000Z</time>
        <extensions>
          <ns3:TrackPointExtension>
            <ns3:hr>149</ns3:hr>
            <ns3:cad>81</ns3:cad>
          </ns3:TrackPointExtension>
        </extensions>
      </trkpt>
      <trkpt lat="23.0505148507654666900634765625" lon="113.3023377321660518646240234375">
        <ele>7</ele>
        <time>2026-08-30T23:33:30.000Z</time>
        <extensions>
          <ns3:TrackPointExtension>
            <ns3:hr>149</ns3:hr>
            <ns3:cad>81</ns3:cad>
          </ns3:TrackPointExtension>
        </extensions>
      </trkpt>
      <trkpt lat="23.05050931870937347412109375" lon="113.30231769941747188568115234375">
        <ele>6.80000019073486328125</ele>
        <time>2026-08-30T23:33:31.000Z</time>
        <extensions>
          <ns3:TrackPointExtension>
            <ns3:hr>148</ns3:hr>
            <ns3:cad>81</ns3:cad>
          </ns3:TrackPointExtension>
        </extensions>
      </trkpt>
      <trkpt lat="23.05050487630069255828857421875" lon="113.3022844232618808746337890625">
        <ele>6.400000095367431640625</ele>
        <time>2026-08-30T23:33:32.000Z</time>
        <extensions>
          <ns3:TrackPointExtension>
            <ns3:hr>148</ns3:hr>
            <ns3:cad>81</ns3:cad>
          </ns3:TrackPointExtension>
        </extensions>
      </trkpt>
      <trkpt lat="23.05050672031939029693603515625" lon="113.30225802026689052581787109375">
        <ele>6.400000095367431640625</ele>
        <time>2026-08-30T23:33:33.000Z</time>
        <extensions>
          <ns3:TrackPointExtension>
            <ns3:hr>148</ns3:hr>
            <ns3:cad>81</ns3:cad>
          </ns3:TrackPointExtension>
        </extensions>
      </trkpt>
      <trkpt lat="23.05050420574843883514404296875" lon="113.3022388257086277008056640625">
        <ele>6.19999980926513671875</ele>
        <time>2026-08-30T23:33:34.000Z</time>
        <extensions>
          <ns3:TrackPointExtension>
            <ns3:hr>147</ns3:hr>
            <ns3:cad>81</ns3:cad>
          </ns3:TrackPointExtension>
        </extensions>
      </trkpt>
      <trkpt lat="23.050507642328739166259765625" lon="113.30220772884786128997802734375">
        <ele>6.19999980926513671875</ele>
        <time>2026-08-30T23:33:35.000Z</time>
        <extensions>
          <ns3:TrackPointExtension>
            <ns3:hr>147</ns3:hr>
            <ns3:cad>81</ns3:cad>
          </ns3:TrackPointExtension>
        </extensions>
      </trkpt>
      <trkpt lat="23.05051459930837154388427734375" lon="113.30218476243317127227783203125">
        <ele>6.19999980926513671875</ele>
        <time>2026-08-30T23:33:36.000Z</time>
        <extensions>
          <ns3:TrackPointExtension>
            <ns3:hr>147</ns3:hr>
            <ns3:cad>81</ns3:cad>
          </ns3:TrackPointExtension>
        </extensions>
      </trkpt>
      <trkpt lat="23.05051200091838836669921875" lon="113.30216514877974987030029296875">
        <ele>6.19999980926513671875</ele>
        <time>2026-08-30T23:33:37.000Z</time>
        <extensions>
          <ns3:TrackPointExtension>
            <ns3:hr>147</ns3:hr>
            <ns3:cad>80</ns3:cad>
          </ns3:TrackPointExtension>
        </extensions>
      </trkpt>
      <trkpt lat="23.0505202151834964752197265625" lon="113.30213463865220546722412109375">
        <ele>6.19999980926513671875</ele>
        <time>2026-08-30T23:33:38.000Z</time>
        <extensions>
          <ns3:TrackPointExtension>
            <ns3:hr>147</ns3:hr>
            <ns3:cad>80</ns3:cad>
          </ns3:TrackPointExtension>
        </extensions>
      </trkpt>
      <trkpt lat="23.05051627568900585174560546875" lon="113.30211460590362548828125">
        <ele>6.19999980926513671875</ele>
        <time>2026-08-30T23:33:39.000Z</time>
        <extensions>
          <ns3:TrackPointExtension>
            <ns3:hr>147</ns3:hr>
            <ns3:cad>80</ns3:cad>
          </ns3:TrackPointExtension>
        </extensions>
      </trkpt>
      <trkpt lat="23.0505140125751495361328125" lon="113.30209272913634777069091796875">
        <ele>6.19999980926513671875</ele>
        <time>2026-08-30T23:33:40.000Z</time>
        <extensions>
          <ns3:TrackPointExtension>
            <ns3:hr>147</ns3:hr>
            <ns3:cad>81</ns3:cad>
          </ns3:TrackPointExtension>
        </extensions>
      </trkpt>
      <trkpt lat="23.05052415467798709869384765625" lon="113.30207127146422863006591796875">
        <ele>6.19999980926513671875</ele>
        <time>2026-08-30T23:33:41.000Z</time>
        <extensions>
          <ns3:TrackPointExtension>
            <ns3:hr>147</ns3:hr>
            <ns3:cad>81</ns3:cad>
          </ns3:TrackPointExtension>
        </extensions>
      </trkpt>
      <trkpt lat="23.05052733980119228363037109375" lon="113.3020410127937793731689453125">
        <ele>6.400000095367431640625</ele>
        <time>2026-08-30T23:33:42.000Z</time>
        <extensions>
          <ns3:TrackPointExtension>
            <ns3:hr>147</ns3:hr>
            <ns3:cad>81</ns3:cad>
          </ns3:TrackPointExtension>
        </extensions>
      </trkpt>
      <trkpt lat="23.0505289323627948760986328125" lon="113.302009664475917816162109375">
        <ele>6.400000095367431640625</ele>
        <time>2026-08-30T23:33:43.000Z</time>
        <extensions>
          <ns3:TrackPointExtension>
            <ns3:hr>147</ns3:hr>
            <ns3:cad>81</ns3:cad>
          </ns3:TrackPointExtension>
        </extensions>
      </trkpt>
      <trkpt lat="23.05053890682756900787353515625" lon="113.30198845826089382171630859375">
        <ele>6.400000095367431640625</ele>
        <time>2026-08-30T23:33:44.000Z</time>
        <extensions>
          <ns3:TrackPointExtension>
            <ns3:hr>147</ns3:hr>
            <ns3:cad>82</ns3:cad>
          </ns3:TrackPointExtension>
        </extensions>
      </trkpt>
      <trkpt lat="23.05054242722690105438232421875" lon="113.3019659109413623809814453125">
        <ele>6.400000095367431640625</ele>
        <time>2026-08-30T23:33:45.000Z</time>
        <extensions>
          <ns3:TrackPointExtension>
            <ns3:hr>147</ns3:hr>
            <ns3:cad>82</ns3:cad>
          </ns3:TrackPointExtension>
        </extensions>
      </trkpt>
      <trkpt lat="23.05054259486496448516845703125" lon="113.301937915384769439697265625">
        <ele>6.400000095367431640625</ele>
        <time>2026-08-30T23:33:46.000Z</time>
        <extensions>
          <ns3:TrackPointExtension>
            <ns3:hr>146</ns3:hr>
            <ns3:cad>81</ns3:cad>
          </ns3:TrackPointExtension>
        </extensions>
      </trkpt>
      <trkpt lat="23.05054821074008941650390625" lon="113.30191570334136486053466796875">
        <ele>6.19999980926513671875</ele>
        <time>2026-08-30T23:33:47.000Z</time>
        <extensions>
          <ns3:TrackPointExtension>
            <ns3:hr>146</ns3:hr>
            <ns3:cad>81</ns3:cad>
          </ns3:TrackPointExtension>
        </extensions>
      </trkpt>
      <trkpt lat="23.0505520664155483245849609375" lon="113.30189525149762630462646484375">
        <ele>6.19999980926513671875</ele>
        <time>2026-08-30T23:33:48.000Z</time>
        <extensions>
          <ns3:TrackPointExtension>
            <ns3:hr>146</ns3:hr>
            <ns3:cad>81</ns3:cad>
          </ns3:TrackPointExtension>
        </extensions>
      </trkpt>
      <trkpt lat="23.0505574308335781097412109375" lon="113.3018653281033039093017578125">
        <ele>6.19999980926513671875</ele>
        <time>2026-08-30T23:33:49.000Z</time>
        <extensions>
          <ns3:TrackPointExtension>
            <ns3:hr>146</ns3:hr>
            <ns3:cad>81</ns3:cad>
          </ns3:TrackPointExtension>
        </extensions>
      </trkpt>
      <trkpt lat="23.05056455545127391815185546875" lon="113.301841355860233306884765625">
        <ele>6.400000095367431640625</ele>
        <time>2026-08-30T23:33:50.000Z</time>
        <extensions>
          <ns3:TrackPointExtension>
            <ns3:hr>145</ns3:hr>
            <ns3:cad>81</ns3:cad>
          </ns3:TrackPointExtension>
        </extensions>
      </trkpt>
      <trkpt lat="23.05056589655578136444091796875" lon="113.30182291567325592041015625">
        <ele>6.400000095367431640625</ele>
        <time>2026-08-30T23:33:51.000Z</time>
        <extensions>
          <ns3:TrackPointExtension>
            <ns3:hr>146</ns3:hr>
            <ns3:cad>81</ns3:cad>
          </ns3:TrackPointExtension>
        </extensions>
      </trkpt>
      <trkpt lat="23.0505705066025257110595703125" lon="113.3017932437360286712646484375">
        <ele>6.400000095367431640625</ele>
        <time>2026-08-30T23:33:52.000Z</time>
        <extensions>
          <ns3:TrackPointExtension>
            <ns3:hr>145</ns3:hr>
            <ns3:cad>80</ns3:cad>
          </ns3:TrackPointExtension>
        </extensions>
      </trkpt>
      <trkpt lat="23.050576038658618927001953125" lon="113.3017741329967975616455078125">
        <ele>6.400000095367431640625</ele>
        <time>2026-08-30T23:33:53.000Z</time>
        <extensions>
          <ns3:TrackPointExtension>
            <ns3:hr>145</ns3:hr>
            <ns3:cad>80</ns3:cad>
          </ns3:TrackPointExtension>
        </extensions>
      </trkpt>
      <trkpt lat="23.05057545192539691925048828125" lon="113.30175376497209072113037109375">
        <ele>6.400000095367431640625</ele>
        <time>2026-08-30T23:33:54.000Z</time>
        <extensions>
          <ns3:TrackPointExtension>
            <ns3:hr>145</ns3:hr>
            <ns3:cad>80</ns3:cad>
          </ns3:TrackPointExtension>
        </extensions>
      </trkpt>
      <trkpt lat="23.0505738593637943267822265625" lon="113.301721327006816864013671875">
        <ele>6.400000095367431640625</ele>
        <time>2026-08-30T23:33:55.000Z</time>
        <extensions>
          <ns3:TrackPointExtension>
            <ns3:hr>146</ns3:hr>
            <ns3:cad>80</ns3:cad>
          </ns3:TrackPointExtension>
        </extensions>
      </trkpt>
      <trkpt lat="23.050581403076648712158203125" lon="113.30169408582150936126708984375">
        <ele>6.400000095367431640625</ele>
        <time>2026-08-30T23:33:56.000Z</time>
        <extensions>
          <ns3:TrackPointExtension>
            <ns3:hr>146</ns3:hr>
            <ns3:cad>80</ns3:cad>
          </ns3:TrackPointExtension>
        </extensions>
      </trkpt>
      <trkpt lat="23.0505842529237270355224609375" lon="113.30166793428361415863037109375">
        <ele>6.400000095367431640625</ele>
        <time>2026-08-30T23:33:57.000Z</time>
        <extensions>
          <ns3:TrackPointExtension>
            <ns3:hr>146</ns3:hr>
            <ns3:cad>80</ns3:cad>
          </ns3:TrackPointExtension>
        </extensions>
      </trkpt>
      <trkpt lat="23.05059288628399372100830078125" lon="113.30163273029029369354248046875">
        <ele>6.400000095367431640625</ele>
        <time>2026-08-30T23:33:58.000Z</time>
        <extensions>
          <ns3:TrackPointExtension>
            <ns3:hr>146</ns3:hr>
            <ns3:cad>80</ns3:cad>
          </ns3:TrackPointExtension>
        </extensions>
      </trkpt>
      <trkpt lat="23.05059590376913547515869140625" lon="113.30161361955106258392333984375">
        <ele>6.400000095367431640625</ele>
        <time>2026-08-30T23:33:59.000Z</time>
        <extensions>
          <ns3:TrackPointExtension>
            <ns3:hr>146</ns3:hr>
            <ns3:cad>80</ns3:cad>
          </ns3:TrackPointExtension>
        </extensions>
      </trkpt>
      <trkpt lat="23.050593473017215728759765625" lon="113.3015927486121654510498046875">
        <ele>6.400000095367431640625</ele>
        <time>2026-08-30T23:34:00.000Z</time>
        <extensions>
          <ns3:TrackPointExtension>
            <ns3:hr>146</ns3:hr>
            <ns3:cad>81</ns3:cad>
          </ns3:TrackPointExtension>
        </extensions>
      </trkpt>
      <trkpt lat="23.050588779151439666748046875" lon="113.30156165175139904022216796875">
        <ele>6.400000095367431640625</ele>
        <time>2026-08-30T23:34:01.000Z</time>
        <extensions>
          <ns3:TrackPointExtension>
            <ns3:hr>146</ns3:hr>
            <ns3:cad>81</ns3:cad>
          </ns3:TrackPointExtension>
        </extensions>
      </trkpt>
      <trkpt lat="23.05058249272406101226806640625" lon="113.30154237337410449981689453125">
        <ele>6.400000095367431640625</ele>
        <time>2026-08-30T23:34:02.000Z</time>
        <extensions>
          <ns3:TrackPointExtension>
            <ns3:hr>146</ns3:hr>
            <ns3:cad>80</ns3:cad>
          </ns3:TrackPointExtension>
        </extensions>
      </trkpt>
      <trkpt lat="23.0505872704088687896728515625" lon="113.301514126360416412353515625">
        <ele>6.599999904632568359375</ele>
        <time>2026-08-30T23:34:03.000Z</time>
        <extensions>
          <ns3:TrackPointExtension>
            <ns3:hr>146</ns3:hr>
            <ns3:cad>80</ns3:cad>
          </ns3:TrackPointExtension>
        </extensions>
      </trkpt>
      <trkpt lat="23.05059992708265781402587890625" lon="113.30147691071033477783203125">
        <ele>6.599999904632568359375</ele>
        <time>2026-08-30T23:34:04.000Z</time>
        <extensions>
          <ns3:TrackPointExtension>
            <ns3:hr>145</ns3:hr>
            <ns3:cad>80</ns3:cad>
          </ns3:TrackPointExtension>
        </extensions>
      </trkpt>
      <trkpt lat="23.05059858597815036773681640625" lon="113.3014505915343761444091796875">
        <ele>6.599999904632568359375</ele>
        <time>2026-08-30T23:34:05.000Z</time>
        <extensions>
          <ns3:TrackPointExtension>
            <ns3:hr>146</ns3:hr>
            <ns3:cad>79</ns3:cad>
          </ns3:TrackPointExtension>
        </extensions>
      </trkpt>
      <trkpt lat="23.050595484673976898193359375" lon="113.301426954567432403564453125">
        <ele>6.599999904632568359375</ele>
        <time>2026-08-30T23:34:06.000Z</time>
        <extensions>
          <ns3:TrackPointExtension>
            <ns3:hr>146</ns3:hr>
            <ns3:cad>79</ns3:cad>
          </ns3:TrackPointExtension>
        </extensions>
      </trkpt>
      <trkpt lat="23.050573356449604034423828125" lon="113.30140088684856891632080078125">
        <ele>6.80000019073486328125</ele>
        <time>2026-08-30T23:34:07.000Z</time>
        <extensions>
          <ns3:TrackPointExtension>
            <ns3:hr>146</ns3:hr>
            <ns3:cad>81</ns3:cad>
          </ns3:TrackPointExtension>
        </extensions>
      </trkpt>
      <trkpt lat="23.05055935867130756378173828125" lon="113.30138848163187503814697265625">
        <ele>6.80000019073486328125</ele>
        <time>2026-08-30T23:34:08.000Z</time>
        <extensions>
          <ns3:TrackPointExtension>
            <ns3:hr>146</ns3:hr>
            <ns3:cad>81</ns3:cad>
          </ns3:TrackPointExtension>
        </extensions>
      </trkpt>
      <trkpt lat="23.05053840391337871551513671875" lon="113.3013771660625934600830078125">
        <ele>6.80000019073486328125</ele>
        <time>2026-08-30T23:34:09.000Z</time>
        <extensions>
          <ns3:TrackPointExtension>
            <ns3:hr>146</ns3:hr>
            <ns3:cad>80</ns3:cad>
          </ns3:TrackPointExtension>
        </extensions>
      </trkpt>
      <trkpt lat="23.0505094863474369049072265625" lon="113.3013622462749481201171875">
        <ele>6.80000019073486328125</ele>
        <time>2026-08-30T23:34:10.000Z</time>
        <extensions>
          <ns3:TrackPointExtension>
            <ns3:hr>146</ns3:hr>
            <ns3:cad>80</ns3:cad>
          </ns3:TrackPointExtension>
        </extensions>
      </trkpt>
      <trkpt lat="23.05048786103725433349609375" lon="113.30136065371334552764892578125">
        <ele>6.80000019073486328125</ele>
        <time>2026-08-30T23:34:11.000Z</time>
        <extensions>
          <ns3:TrackPointExtension>
            <ns3:hr>146</ns3:hr>
            <ns3:cad>80</ns3:cad>
          </ns3:TrackPointExtension>
        </extensions>
      </trkpt>
      <trkpt lat="23.05047168396413326263427734375" lon="113.301351852715015411376953125">
        <ele>6.80000019073486328125</ele>
        <time>2026-08-30T23:34:12.000Z</time>
        <extensions>
          <ns3:TrackPointExtension>
            <ns3:hr>146</ns3:hr>
            <ns3:cad>81</ns3:cad>
          </ns3:TrackPointExtension>
        </extensions>
      </trkpt>
      <trkpt lat="23.05045089684426784515380859375" lon="113.3013439737260341644287109375">
        <ele>6.80000019073486328125</ele>
        <time>2026-08-30T23:34:13.000Z</time>
        <extensions>
          <ns3:TrackPointExtension>
            <ns3:hr>146</ns3:hr>
            <ns3:cad>81</ns3:cad>
          </ns3:TrackPointExtension>
        </extensions>
      </trkpt>
      <trkpt lat="23.050428517162799835205078125" lon="113.30134145915508270263671875">
        <ele>6.80000019073486328125</ele>
        <time>2026-08-30T23:34:14.000Z</time>
        <extensions>
          <ns3:TrackPointExtension>
            <ns3:hr>146</ns3:hr>
            <ns3:cad>81</ns3:cad>
          </ns3:TrackPointExtension>
        </extensions>
      </trkpt>
      <trkpt lat="23.050408400595188140869140625" lon="113.301335088908672332763671875">
        <ele>6.599999904632568359375</ele>
        <time>2026-08-30T23:34:15.000Z</time>
        <extensions>
          <ns3:TrackPointExtension>
            <ns3:hr>146</ns3:hr>
            <ns3:cad>81</ns3:cad>
          </ns3:TrackPointExtension>
        </extensions>
      </trkpt>
      <trkpt lat="23.0503824166953563690185546875" lon="113.3013235218822956085205078125">
        <ele>6.599999904632568359375</ele>
        <time>2026-08-30T23:34:16.000Z</time>
        <extensions>
          <ns3:TrackPointExtension>
            <ns3:hr>146</ns3:hr>
            <ns3:cad>81</ns3:cad>
          </ns3:TrackPointExtension>
        </extensions>
      </trkpt>
      <trkpt lat="23.050338327884674072265625" lon="113.3013221807777881622314453125">
        <ele>6.599999904632568359375</ele>
        <time>2026-08-30T23:34:17.000Z</time>
        <extensions>
          <ns3:TrackPointExtension>
            <ns3:hr>146</ns3:hr>
            <ns3:cad>81</ns3:cad>
          </ns3:TrackPointExtension>
        </extensions>
      </trkpt>
      <trkpt lat="23.050338327884674072265625" lon="113.3013221807777881622314453125">
        <ele>6.599999904632568359375</ele>
        <time>2026-08-30T23:34:18.000Z</time>
        <extensions>
          <ns3:TrackPointExtension>
            <ns3:hr>146</ns3:hr>
            <ns3:cad>81</ns3:cad>
          </ns3:TrackPointExtension>
        </extensions>
      </trkpt>
      <trkpt lat="23.0503150261938571929931640625" lon="113.30131731927394866943359375">
        <ele>6.599999904632568359375</ele>
        <time>2026-08-30T23:34:19.000Z</time>
        <extensions>
          <ns3:TrackPointExtension>
            <ns3:hr>146</ns3:hr>
            <ns3:cad>81</ns3:cad>
          </ns3:TrackPointExtension>
        </extensions>
      </trkpt>
      <trkpt lat="23.0502828396856784820556640625" lon="113.3013325743377208709716796875">
        <ele>6.599999904632568359375</ele>
        <time>2026-08-30T23:34:20.000Z</time>
        <extensions>
          <ns3:TrackPointExtension>
            <ns3:hr>146</ns3:hr>
            <ns3:cad>80</ns3:cad>
          </ns3:TrackPointExtension>
        </extensions>
      </trkpt>
      <trkpt lat="23.0502788163721561431884765625" lon="113.3013483323156833648681640625">
        <ele>6.599999904632568359375</ele>
        <time>2026-08-30T23:34:21.000Z</time>
        <extensions>
          <ns3:TrackPointExtension>
            <ns3:hr>146</ns3:hr>
            <ns3:cad>80</ns3:cad>
          </ns3:TrackPointExtension>
        </extensions>
      </trkpt>
      <trkpt lat="23.0502788163721561431884765625" lon="113.3013483323156833648681640625">
        <ele>6.599999904632568359375</ele>
        <time>2026-08-30T23:34:22.000Z</time>
        <extensions>
          <ns3:TrackPointExtension>
            <ns3:hr>147</ns3:hr>
            <ns3:cad>80</ns3:cad>
          </ns3:TrackPointExtension>
        </extensions>
      </trkpt>
      <trkpt lat="23.05027018301188945770263671875" lon="113.30136031843721866607666015625">
        <ele>6.599999904632568359375</ele>
        <time>2026-08-30T23:34:23.000Z</time>
        <extensions>
          <ns3:TrackPointExtension>
            <ns3:hr>146</ns3:hr>
            <ns3:cad>80</ns3:cad>
          </ns3:TrackPointExtension>
        </extensions>
      </trkpt>
      <trkpt lat="23.05025157518684864044189453125" lon="113.30137942917644977569580078125">
        <ele>6.400000095367431640625</ele>
        <time>2026-08-30T23:34:24.000Z</time>
        <extensions>
          <ns3:TrackPointExtension>
            <ns3:hr>147</ns3:hr>
            <ns3:cad>80</ns3:cad>
          </ns3:TrackPointExtension>
        </extensions>
      </trkpt>
      <trkpt lat="23.0502359010279178619384765625" lon="113.30139853991568088531494140625">
        <ele>6.599999904632568359375</ele>
        <time>2026-08-30T23:34:25.000Z</time>
        <extensions>
          <ns3:TrackPointExtension>
            <ns3:hr>147</ns3:hr>
            <ns3:cad>81</ns3:cad>
          </ns3:TrackPointExtension>
        </extensions>
      </trkpt>
      <trkpt lat="23.0502224899828433990478515625" lon="113.30141924321651458740234375">
        <ele>6.599999904632568359375</ele>
        <time>2026-08-30T23:34:26.000Z</time>
        <extensions>
          <ns3:TrackPointExtension>
            <ns3:hr>147</ns3:hr>
            <ns3:cad>81</ns3:cad>
          </ns3:TrackPointExtension>
        </extensions>
      </trkpt>
      <trkpt lat="23.05020681582391262054443359375" lon="113.30144497565925121307373046875">
        <ele>6.599999904632568359375</ele>
        <time>2026-08-30T23:34:27.000Z</time>
        <extensions>
          <ns3:TrackPointExtension>
            <ns3:hr>147</ns3:hr>
            <ns3:cad>81</ns3:cad>
          </ns3:TrackPointExtension>
        </extensions>
      </trkpt>
      <trkpt lat="23.05019474588334560394287109375" lon="113.3014710433781147003173828125">
        <ele>6.599999904632568359375</ele>
        <time>2026-08-30T23:34:28.000Z</time>
        <extensions>
          <ns3:TrackPointExtension>
            <ns3:hr>148</ns3:hr>
            <ns3:cad>81</ns3:cad>
          </ns3:TrackPointExtension>
        </extensions>
      </trkpt>
      <trkpt lat="23.0501778982579708099365234375" lon="113.301489651203155517578125">
        <ele>6.599999904632568359375</ele>
        <time>2026-08-30T23:34:29.000Z</time>
        <extensions>
          <ns3:TrackPointExtension>
            <ns3:hr>149</ns3:hr>
            <ns3:cad>81</ns3:cad>
          </ns3:TrackPointExtension>
        </extensions>
      </trkpt>
      <trkpt lat="23.05015417747199535369873046875" lon="113.3014971949160099029541015625">
        <ele>6.599999904632568359375</ele>
        <time>2026-08-30T23:34:30.000Z</time>
        <extensions>
          <ns3:TrackPointExtension>
            <ns3:hr>149</ns3:hr>
            <ns3:cad>81</ns3:cad>
          </ns3:TrackPointExtension>
        </extensions>
      </trkpt>
      <trkpt lat="23.05013372562825679779052734375" lon="113.3015109412372112274169921875">
        <ele>6.599999904632568359375</ele>
        <time>2026-08-30T23:34:31.000Z</time>
        <extensions>
          <ns3:TrackPointExtension>
            <ns3:hr>150</ns3:hr>
            <ns3:cad>81</ns3:cad>
          </ns3:TrackPointExtension>
        </extensions>
      </trkpt>
      <trkpt lat="23.05010036565363407135009765625" lon="113.3015240170061588287353515625">
        <ele>6.400000095367431640625</ele>
        <time>2026-08-30T23:34:32.000Z</time>
        <extensions>
          <ns3:TrackPointExtension>
            <ns3:hr>150</ns3:hr>
            <ns3:cad>81</ns3:cad>
          </ns3:TrackPointExtension>
        </extensions>
      </trkpt>
      <trkpt lat="23.05007304064929485321044921875" lon="113.30152778886258602142333984375">
        <ele>6.400000095367431640625</ele>
        <time>2026-08-30T23:34:33.000Z</time>
        <extensions>
          <ns3:TrackPointExtension>
            <ns3:hr>150</ns3:hr>
            <ns3:cad>81</ns3:cad>
          </ns3:TrackPointExtension>
        </extensions>
      </trkpt>
      <trkpt lat="23.05003498680889606475830078125" lon="113.301528207957744598388671875">
        <ele>6.599999904632568359375</ele>
        <time>2026-08-30T23:34:34.000Z</time>
        <extensions>
          <ns3:TrackPointExtension>
            <ns3:hr>150</ns3:hr>
            <ns3:cad>81</ns3:cad>
          </ns3:TrackPointExtension>
        </extensions>
      </trkpt>
      <trkpt lat="23.0500116012990474700927734375" lon="113.30152795650064945220947265625">
        <ele>6.599999904632568359375</ele>
        <time>2026-08-30T23:34:35.000Z</time>
        <extensions>
          <ns3:TrackPointExtension>
            <ns3:hr>151</ns3:hr>
            <ns3:cad>81</ns3:cad>
          </ns3:TrackPointExtension>
        </extensions>
      </trkpt>
      <trkpt lat="23.0500012077391147613525390625" lon="113.30152611248195171356201171875">
        <ele>6.599999904632568359375</ele>
        <time>2026-08-30T23:34:36.000Z</time>
        <extensions>
          <ns3:TrackPointExtension>
            <ns3:hr>151</ns3:hr>
            <ns3:cad>81</ns3:cad>
          </ns3:TrackPointExtension>
        </extensions>
      </trkpt>
      <trkpt lat="23.04997798986732959747314453125" lon="113.30151638947427272796630859375">
        <ele>6.599999904632568359375</ele>
        <time>2026-08-30T23:34:37.000Z</time>
        <extensions>
          <ns3:TrackPointExtension>
            <ns3:hr>151</ns3:hr>
            <ns3:cad>81</ns3:cad>
          </ns3:TrackPointExtension>
        </extensions>
      </trkpt>
      <trkpt lat="23.04995678365230560302734375" lon="113.30150918103754520416259765625">
        <ele>6.599999904632568359375</ele>
        <time>2026-08-30T23:34:38.000Z</time>
        <extensions>
          <ns3:TrackPointExtension>
            <ns3:hr>150</ns3:hr>
            <ns3:cad>81</ns3:cad>
          </ns3:TrackPointExtension>
        </extensions>
      </trkpt>
      <trkpt lat="23.049937672913074493408203125" lon="113.30150683410465717315673828125">
        <ele>6.400000095367431640625</ele>
        <time>2026-08-30T23:34:39.000Z</time>
        <extensions>
          <ns3:TrackPointExtension>
            <ns3:hr>150</ns3:hr>
            <ns3:cad>80</ns3:cad>
          </ns3:TrackPointExtension>
        </extensions>
      </trkpt>
      <trkpt lat="23.0499133653938770294189453125" lon="113.30149845220148563385009765625">
        <ele>6.400000095367431640625</ele>
        <time>2026-08-30T23:34:40.000Z</time>
        <extensions>
          <ns3:TrackPointExtension>
            <ns3:hr>150</ns3:hr>
            <ns3:cad>80</ns3:cad>
          </ns3:TrackPointExtension>
        </extensions>
      </trkpt>
      <trkpt lat="23.04988847114145755767822265625" lon="113.3014936745166778564453125">
        <ele>6.400000095367431640625</ele>
        <time>2026-08-30T23:34:41.000Z</time>
        <extensions>
          <ns3:TrackPointExtension>
            <ns3:hr>150</ns3:hr>
            <ns3:cad>81</ns3:cad>
          </ns3:TrackPointExtension>
        </extensions>
      </trkpt>
      <trkpt lat="23.04986751638352870941162109375" lon="113.30149828456342220306396484375">
        <ele>6.599999904632568359375</ele>
        <time>2026-08-30T23:34:42.000Z</time>
        <extensions>
          <ns3:TrackPointExtension>
            <ns3:hr>150</ns3:hr>
            <ns3:cad>81</ns3:cad>
          </ns3:TrackPointExtension>
        </extensions>
      </trkpt>
      <trkpt lat="23.04983608424663543701171875" lon="113.3014935068786144256591796875">
        <ele>6.599999904632568359375</ele>
        <time>2026-08-30T23:34:43.000Z</time>
        <extensions>
          <ns3:TrackPointExtension>
            <ns3:hr>150</ns3:hr>
            <ns3:cad>80</ns3:cad>
          </ns3:TrackPointExtension>
        </extensions>
      </trkpt>
      <trkpt lat="23.049810938537120819091796875" lon="113.30148361623287200927734375">
        <ele>6.599999904632568359375</ele>
        <time>2026-08-30T23:34:44.000Z</time>
        <extensions>
          <ns3:TrackPointExtension>
            <ns3:hr>150</ns3:hr>
            <ns3:cad>80</ns3:cad>
          </ns3:TrackPointExtension>
        </extensions>
      </trkpt>
      <trkpt lat="23.0497896485030651092529296875" lon="113.301484286785125732421875">
        <ele>6.599999904632568359375</ele>
        <time>2026-08-30T23:34:45.000Z</time>
        <extensions>
          <ns3:TrackPointExtension>
            <ns3:hr>150</ns3:hr>
            <ns3:cad>80</ns3:cad>
          </ns3:TrackPointExtension>
        </extensions>
      </trkpt>
      <trkpt lat="23.04975754581391811370849609375" lon="113.30147263593971729278564453125">
        <ele>6.599999904632568359375</ele>
        <time>2026-08-30T23:34:46.000Z</time>
        <extensions>
          <ns3:TrackPointExtension>
            <ns3:hr>150</ns3:hr>
            <ns3:cad>80</ns3:cad>
          </ns3:TrackPointExtension>
        </extensions>
      </trkpt>
      <trkpt lat="23.04973457939922809600830078125" lon="113.301473222672939300537109375">
        <ele>6.80000019073486328125</ele>
        <time>2026-08-30T23:34:47.000Z</time>
        <extensions>
          <ns3:TrackPointExtension>
            <ns3:hr>150</ns3:hr>
            <ns3:cad>80</ns3:cad>
          </ns3:TrackPointExtension>
        </extensions>
      </trkpt>
      <trkpt lat="23.04972217418253421783447265625" lon="113.301478922367095947265625">
        <ele>6.599999904632568359375</ele>
        <time>2026-08-30T23:34:48.000Z</time>
        <extensions>
          <ns3:TrackPointExtension>
            <ns3:hr>150</ns3:hr>
            <ns3:cad>80</ns3:cad>
          </ns3:TrackPointExtension>
        </extensions>
      </trkpt>
      <trkpt lat="23.04969300515949726104736328125" lon="113.3014814369380474090576171875">
        <ele>6.599999904632568359375</ele>
        <time>2026-08-30T23:34:49.000Z</time>
        <extensions>
          <ns3:TrackPointExtension>
            <ns3:hr>150</ns3:hr>
            <ns3:cad>80</ns3:cad>
          </ns3:TrackPointExtension>
        </extensions>
      </trkpt>
      <trkpt lat="23.0496743135154247283935546875" lon="113.3014935068786144256591796875">
        <ele>6.599999904632568359375</ele>
        <time>2026-08-30T23:34:50.000Z</time>
        <extensions>
          <ns3:TrackPointExtension>
            <ns3:hr>150</ns3:hr>
            <ns3:cad>80</ns3:cad>
          </ns3:TrackPointExtension>
        </extensions>
      </trkpt>
      <trkpt lat="23.04966534487903118133544921875" lon="113.30150146968662738800048828125">
        <ele>6.599999904632568359375</ele>
        <time>2026-08-30T23:34:51.000Z</time>
        <extensions>
          <ns3:TrackPointExtension>
            <ns3:hr>150</ns3:hr>
            <ns3:cad>80</ns3:cad>
          </ns3:TrackPointExtension>
        </extensions>
      </trkpt>
      <trkpt lat="23.0496411211788654327392578125" lon="113.3015049062669277191162109375">
        <ele>6.599999904632568359375</ele>
        <time>2026-08-30T23:34:52.000Z</time>
        <extensions>
          <ns3:TrackPointExtension>
            <ns3:hr>149</ns3:hr>
            <ns3:cad>80</ns3:cad>
          </ns3:TrackPointExtension>
        </extensions>
      </trkpt>
      <trkpt lat="23.049617819488048553466796875" lon="113.3015173114836215972900390625">
        <ele>6.599999904632568359375</ele>
        <time>2026-08-30T23:34:53.000Z</time>
        <extensions>
          <ns3:TrackPointExtension>
            <ns3:hr>149</ns3:hr>
            <ns3:cad>80</ns3:cad>
          </ns3:TrackPointExtension>
        </extensions>
      </trkpt>
      <trkpt lat="23.0495948530733585357666015625" lon="113.30152653157711029052734375">
        <ele>6.599999904632568359375</ele>
        <time>2026-08-30T23:34:54.000Z</time>
        <extensions>
          <ns3:TrackPointExtension>
            <ns3:hr>149</ns3:hr>
            <ns3:cad>80</ns3:cad>
          </ns3:TrackPointExtension>
        </extensions>
      </trkpt>
      <trkpt lat="23.049569539725780487060546875" lon="113.3015323989093303680419921875">
        <ele>6.599999904632568359375</ele>
        <time>2026-08-30T23:34:55.000Z</time>
        <extensions>
          <ns3:TrackPointExtension>
            <ns3:hr>149</ns3:hr>
            <ns3:cad>80</ns3:cad>
          </ns3:TrackPointExtension>
        </extensions>
      </trkpt>
      <trkpt lat="23.0495505966246128082275390625" lon="113.30152845941483974456787109375">
        <ele>6.599999904632568359375</ele>
        <time>2026-08-30T23:34:56.000Z</time>
        <extensions>
          <ns3:TrackPointExtension>
            <ns3:hr>150</ns3:hr>
            <ns3:cad>80</ns3:cad>
          </ns3:TrackPointExtension>
        </extensions>
      </trkpt>
      <trkpt lat="23.049534000456333160400390625" lon="113.3015280403196811676025390625">
        <ele>6.599999904632568359375</ele>
        <time>2026-08-30T23:34:57.000Z</time>
        <extensions>
          <ns3:TrackPointExtension>
            <ns3:hr>150</ns3:hr>
            <ns3:cad>80</ns3:cad>
          </ns3:TrackPointExtension>
        </extensions>
      </trkpt>
      <trkpt lat="23.04951380006968975067138671875" lon="113.3015285432338714599609375">
        <ele>6.599999904632568359375</ele>
        <time>2026-08-30T23:34:58.000Z</time>
        <extensions>
          <ns3:TrackPointExtension>
            <ns3:hr>150</ns3:hr>
            <ns3:cad>80</ns3:cad>
          </ns3:TrackPointExtension>
        </extensions>
      </trkpt>
      <trkpt lat="23.04949720390141010284423828125" lon="113.30152921378612518310546875">
        <ele>6.80000019073486328125</ele>
        <time>2026-08-30T23:34:59.000Z</time>
        <extensions>
          <ns3:TrackPointExtension>
            <ns3:hr>150</ns3:hr>
            <ns3:cad>80</ns3:cad>
          </ns3:TrackPointExtension>
        </extensions>
      </trkpt>
      <trkpt lat="23.0494773387908935546875" lon="113.30152762122452259063720703125">
        <ele>6.80000019073486328125</ele>
        <time>2026-08-30T23:35:00.000Z</time>
        <extensions>
          <ns3:TrackPointExtension>
            <ns3:hr>150</ns3:hr>
            <ns3:cad>80</ns3:cad>
          </ns3:TrackPointExtension>
        </extensions>
      </trkpt>
      <trkpt lat="23.049461580812931060791015625" lon="113.301532566547393798828125">
        <ele>6.80000019073486328125</ele>
        <time>2026-08-30T23:35:01.000Z</time>
        <extensions>
          <ns3:TrackPointExtension>
            <ns3:hr>150</ns3:hr>
            <ns3:cad>80</ns3:cad>
          </ns3:TrackPointExtension>
        </extensions>
      </trkpt>
      <trkpt lat="23.0494496785104274749755859375" lon="113.30153969116508960723876953125">
        <ele>6.80000019073486328125</ele>
        <time>2026-08-30T23:35:02.000Z</time>
        <extensions>
          <ns3:TrackPointExtension>
            <ns3:hr>150</ns3:hr>
            <ns3:cad>80</ns3:cad>
          </ns3:TrackPointExtension>
        </extensions>
      </trkpt>
      <trkpt lat="23.04942679591476917266845703125" lon="113.301542289555072784423828125">
        <ele>6.599999904632568359375</ele>
        <time>2026-08-30T23:35:03.000Z</time>
        <extensions>
          <ns3:TrackPointExtension>
            <ns3:hr>150</ns3:hr>
            <ns3:cad>80</ns3:cad>
          </ns3:TrackPointExtension>
        </extensions>
      </trkpt>
      <trkpt lat="23.049397207796573638916015625" lon="113.30153700895607471466064453125">
        <ele>6.599999904632568359375</ele>
        <time>2026-08-30T23:35:04.000Z</time>
        <extensions>
          <ns3:TrackPointExtension>
            <ns3:hr>150</ns3:hr>
            <ns3:cad>81</ns3:cad>
          </ns3:TrackPointExtension>
        </extensions>
      </trkpt>
      <trkpt lat="23.04937013424932956695556640625" lon="113.30153860151767730712890625">
        <ele>6.599999904632568359375</ele>
        <time>2026-08-30T23:35:05.000Z</time>
        <extensions>
          <ns3:TrackPointExtension>
            <ns3:hr>150</ns3:hr>
            <ns3:cad>81</ns3:cad>
          </ns3:TrackPointExtension>
        </extensions>
      </trkpt>
      <trkpt lat="23.0493433959782123565673828125" lon="113.30154254101216793060302734375">
        <ele>6.599999904632568359375</ele>
        <time>2026-08-30T23:35:06.000Z</time>
        <extensions>
          <ns3:TrackPointExtension>
            <ns3:hr>150</ns3:hr>
            <ns3:cad>81</ns3:cad>
          </ns3:TrackPointExtension>
        </extensions>
      </trkpt>
      <trkpt lat="23.0493231117725372314453125" lon="113.3015387691557407379150390625">
        <ele>6.599999904632568359375</ele>
        <time>2026-08-30T23:35:07.000Z</time>
        <extensions>
          <ns3:TrackPointExtension>
            <ns3:hr>151</ns3:hr>
            <ns3:cad>81</ns3:cad>
          </ns3:TrackPointExtension>
        </extensions>
      </trkpt>
      <trkpt lat="23.04931246675550937652587890625" lon="113.30153801478445529937744140625">
        <ele>6.599999904632568359375</ele>
        <time>2026-08-30T23:35:08.000Z</time>
        <extensions>
          <ns3:TrackPointExtension>
            <ns3:hr>151</ns3:hr>
            <ns3:cad>81</ns3:cad>
          </ns3:TrackPointExtension>
        </extensions>
      </trkpt>
      <trkpt lat="23.04928430356085300445556640625" lon="113.30157355405390262603759765625">
        <ele>6.599999904632568359375</ele>
        <time>2026-08-30T23:35:09.000Z</time>
        <extensions>
          <ns3:TrackPointExtension>
            <ns3:hr>151</ns3:hr>
            <ns3:cad>81</ns3:cad>
          </ns3:TrackPointExtension>
        </extensions>
      </trkpt>
      <trkpt lat="23.04926603101193904876708984375" lon="113.3015924133360385894775390625">
        <ele>6.599999904632568359375</ele>
        <time>2026-08-30T23:35:10.000Z</time>
        <extensions>
          <ns3:TrackPointExtension>
            <ns3:hr>152</ns3:hr>
            <ns3:cad>81</ns3:cad>
          </ns3:TrackPointExtension>
        </extensions>
      </trkpt>
      <trkpt lat="23.049246333539485931396484375" lon="113.3016091771423816680908203125">
        <ele>6.599999904632568359375</ele>
        <time>2026-08-30T23:35:11.000Z</time>
        <extensions>
          <ns3:TrackPointExtension>
            <ns3:hr>152</ns3:hr>
            <ns3:cad>81</ns3:cad>
          </ns3:TrackPointExtension>
        </extensions>
      </trkpt>
      <trkpt lat="23.04921557195484638214111328125" lon="113.30162501893937587738037109375">
        <ele>6.599999904632568359375</ele>
        <time>2026-08-30T23:35:12.000Z</time>
        <extensions>
          <ns3:TrackPointExtension>
            <ns3:hr>152</ns3:hr>
            <ns3:cad>81</ns3:cad>
          </ns3:TrackPointExtension>
        </extensions>
      </trkpt>
      <trkpt lat="23.0491911806166172027587890625" lon="113.301637507975101470947265625">
        <ele>6.599999904632568359375</ele>
        <time>2026-08-30T23:35:13.000Z</time>
        <extensions>
          <ns3:TrackPointExtension>
            <ns3:hr>152</ns3:hr>
            <ns3:cad>81</ns3:cad>
          </ns3:TrackPointExtension>
        </extensions>
      </trkpt>
      <trkpt lat="23.049169220030307769775390625" lon="113.3016473986208438873291015625">
        <ele>6.599999904632568359375</ele>
        <time>2026-08-30T23:35:14.000Z</time>
        <extensions>
          <ns3:TrackPointExtension>
            <ns3:hr>152</ns3:hr>
            <ns3:cad>81</ns3:cad>
          </ns3:TrackPointExtension>
        </extensions>
      </trkpt>
      <trkpt lat="23.04914868436753749847412109375" lon="113.3016524277627468109130859375">
        <ele>6.599999904632568359375</ele>
        <time>2026-08-30T23:35:15.000Z</time>
        <extensions>
          <ns3:TrackPointExtension>
            <ns3:hr>152</ns3:hr>
            <ns3:cad>81</ns3:cad>
          </ns3:TrackPointExtension>
        </extensions>
      </trkpt>
      <trkpt lat="23.04912638850510120391845703125" lon="113.3016591332852840423583984375">
        <ele>6.599999904632568359375</ele>
        <time>2026-08-30T23:35:16.000Z</time>
        <extensions>
          <ns3:TrackPointExtension>
            <ns3:hr>152</ns3:hr>
            <ns3:cad>81</ns3:cad>
          </ns3:TrackPointExtension>
        </extensions>
      </trkpt>
      <trkpt lat="23.04910275153815746307373046875" lon="113.30166340805590152740478515625">
        <ele>6.599999904632568359375</ele>
        <time>2026-08-30T23:35:17.000Z</time>
        <extensions>
          <ns3:TrackPointExtension>
            <ns3:hr>152</ns3:hr>
            <ns3:cad>81</ns3:cad>
          </ns3:TrackPointExtension>
        </extensions>
      </trkpt>
      <trkpt lat="23.04908079095184803009033203125" lon="113.3016651682555675506591796875">
        <ele>6.599999904632568359375</ele>
        <time>2026-08-30T23:35:18.000Z</time>
        <extensions>
          <ns3:TrackPointExtension>
            <ns3:hr>153</ns3:hr>
            <ns3:cad>81</ns3:cad>
          </ns3:TrackPointExtension>
        </extensions>
      </trkpt>
      <trkpt lat="23.049056567251682281494140625" lon="113.301670365035533905029296875">
        <ele>6.599999904632568359375</ele>
        <time>2026-08-30T23:35:19.000Z</time>
        <extensions>
          <ns3:TrackPointExtension>
            <ns3:hr>153</ns3:hr>
            <ns3:cad>81</ns3:cad>
          </ns3:TrackPointExtension>
        </extensions>
      </trkpt>
      <trkpt lat="23.04903670214116573333740234375" lon="113.30166927538812160491943359375">
        <ele>6.80000019073486328125</ele>
        <time>2026-08-30T23:35:20.000Z</time>
        <extensions>
          <ns3:TrackPointExtension>
            <ns3:hr>153</ns3:hr>
            <ns3:cad>81</ns3:cad>
          </ns3:TrackPointExtension>
        </extensions>
      </trkpt>
      <trkpt lat="23.04901323281228542327880859375" lon="113.30166491679847240447998046875">
        <ele>6.80000019073486328125</ele>
        <time>2026-08-30T23:35:21.000Z</time>
        <extensions>
          <ns3:TrackPointExtension>
            <ns3:hr>153</ns3:hr>
            <ns3:cad>81</ns3:cad>
          </ns3:TrackPointExtension>
        </extensions>
      </trkpt>
      <trkpt lat="23.04899361915886402130126953125" lon="113.30167246051132678985595703125">
        <ele>6.80000019073486328125</ele>
        <time>2026-08-30T23:35:22.000Z</time>
        <extensions>
          <ns3:TrackPointExtension>
            <ns3:hr>152</ns3:hr>
            <ns3:cad>81</ns3:cad>
          </ns3:TrackPointExtension>
        </extensions>
      </trkpt>
      <trkpt lat="23.0489744246006011962890625" lon="113.30167472362518310546875">
        <ele>6.80000019073486328125</ele>
        <time>2026-08-30T23:35:23.000Z</time>
        <extensions>
          <ns3:TrackPointExtension>
            <ns3:hr>152</ns3:hr>
            <ns3:cad>81</ns3:cad>
          </ns3:TrackPointExtension>
        </extensions>
      </trkpt>
      <trkpt lat="23.04895900189876556396484375" lon="113.30167413689196109771728515625">
        <ele>6.599999904632568359375</ele>
        <time>2026-08-30T23:35:24.000Z</time>
        <extensions>
          <ns3:TrackPointExtension>
            <ns3:hr>152</ns3:hr>
            <ns3:cad>81</ns3:cad>
          </ns3:TrackPointExtension>
        </extensions>
      </trkpt>
      <trkpt lat="23.04895900189876556396484375" lon="113.30167413689196109771728515625">
        <ele>6.599999904632568359375</ele>
        <time>2026-08-30T23:35:25.000Z</time>
        <extensions>
          <ns3:TrackPointExtension>
            <ns3:hr>152</ns3:hr>
            <ns3:cad>80</ns3:cad>
          </ns3:TrackPointExtension>
        </extensions>
      </trkpt>
      <trkpt lat="23.048922121524810791015625" lon="113.30166290514171123504638671875">
        <ele>6.599999904632568359375</ele>
        <time>2026-08-30T23:35:26.000Z</time>
        <extensions>
          <ns3:TrackPointExtension>
            <ns3:hr>152</ns3:hr>
            <ns3:cad>80</ns3:cad>
          </ns3:TrackPointExtension>
        </extensions>
      </trkpt>
      <trkpt lat="23.04890812374651432037353515625" lon="113.3016678504645824432373046875">
        <ele>6.400000095367431640625</ele>
        <time>2026-08-30T23:35:27.000Z</time>
        <extensions>
          <ns3:TrackPointExtension>
            <ns3:hr>152</ns3:hr>
            <ns3:cad>80</ns3:cad>
          </ns3:TrackPointExtension>
        </extensions>
      </trkpt>
      <trkpt lat="23.04887694306671619415283203125" lon="113.301660977303981781005859375">
        <ele>6.400000095367431640625</ele>
        <time>2026-08-30T23:35:28.000Z</time>
        <extensions>
          <ns3:TrackPointExtension>
            <ns3:hr>152</ns3:hr>
            <ns3:cad>80</ns3:cad>
          </ns3:TrackPointExtension>
        </extensions>
      </trkpt>
      <trkpt lat="23.048851378262042999267578125" lon="113.301644213497638702392578125">
        <ele>6.400000095367431640625</ele>
        <time>2026-08-30T23:35:29.000Z</time>
        <extensions>
          <ns3:TrackPointExtension>
            <ns3:hr>151</ns3:hr>
            <ns3:cad>80</ns3:cad>
          </ns3:TrackPointExtension>
        </extensions>
      </trkpt>
      <trkpt lat="23.04883235134184360504150390625" lon="113.30163205973803997039794921875">
        <ele>6.400000095367431640625</ele>
        <time>2026-08-30T23:35:30.000Z</time>
        <extensions>
          <ns3:TrackPointExtension>
            <ns3:hr>152</ns3:hr>
            <ns3:cad>80</ns3:cad>
          </ns3:TrackPointExtension>
        </extensions>
      </trkpt>
      <trkpt lat="23.0488059483468532562255859375" lon="113.30159953795373439788818359375">
        <ele>6.400000095367431640625</ele>
        <time>2026-08-30T23:35:31.000Z</time>
        <extensions>
          <ns3:TrackPointExtension>
            <ns3:hr>151</ns3:hr>
            <ns3:cad>81</ns3:cad>
          </ns3:TrackPointExtension>
        </extensions>
      </trkpt>
      <trkpt lat="23.04879396222531795501708984375" lon="113.30157338641583919525146484375">
        <ele>6.400000095367431640625</ele>
        <time>2026-08-30T23:35:32.000Z</time>
        <extensions>
          <ns3:TrackPointExtension>
            <ns3:hr>151</ns3:hr>
            <ns3:cad>82</ns3:cad>
          </ns3:TrackPointExtension>
        </extensions>
      </trkpt>
      <trkpt lat="23.0487973988056182861328125" lon="113.30154933035373687744140625">
        <ele>6.400000095367431640625</ele>
        <time>2026-08-30T23:35:33.000Z</time>
        <extensions>
          <ns3:TrackPointExtension>
            <ns3:hr>151</ns3:hr>
            <ns3:cad>82</ns3:cad>
          </ns3:TrackPointExtension>
        </extensions>
      </trkpt>
      <trkpt lat="23.04880603216588497161865234375" lon="113.3015256933867931365966796875">
        <ele>6.599999904632568359375</ele>
        <time>2026-08-30T23:35:34.000Z</time>
        <extensions>
          <ns3:TrackPointExtension>
            <ns3:hr>152</ns3:hr>
            <ns3:cad>82</ns3:cad>
          </ns3:TrackPointExtension>
        </extensions>
      </trkpt>
      <trkpt lat="23.04881282150745391845703125" lon="113.3015059120953083038330078125">
        <ele>6.599999904632568359375</ele>
        <time>2026-08-30T23:35:35.000Z</time>
        <extensions>
          <ns3:TrackPointExtension>
            <ns3:hr>152</ns3:hr>
            <ns3:cad>82</ns3:cad>
          </ns3:TrackPointExtension>
        </extensions>
      </trkpt>
      <trkpt lat="23.04880770854651927947998046875" lon="113.30148638226091861724853515625">
        <ele>6.599999904632568359375</ele>
        <time>2026-08-30T23:35:36.000Z</time>
        <extensions>
          <ns3:TrackPointExtension>
            <ns3:hr>152</ns3:hr>
            <ns3:cad>81</ns3:cad>
          </ns3:TrackPointExtension>
        </extensions>
      </trkpt>
      <trkpt lat="23.04881072603166103363037109375" lon="113.30145436339080333709716796875">
        <ele>6.599999904632568359375</ele>
        <time>2026-08-30T23:35:37.000Z</time>
        <extensions>
          <ns3:TrackPointExtension>
            <ns3:hr>152</ns3:hr>
            <ns3:cad>81</ns3:cad>
          </ns3:TrackPointExtension>
        </extensions>
      </trkpt>
      <trkpt lat="23.0488029308617115020751953125" lon="113.30143894068896770477294921875">
        <ele>6.599999904632568359375</ele>
        <time>2026-08-30T23:35:38.000Z</time>
        <extensions>
          <ns3:TrackPointExtension>
            <ns3:hr>152</ns3:hr>
            <ns3:cad>81</ns3:cad>
          </ns3:TrackPointExtension>
        </extensions>
      </trkpt>
      <trkpt lat="23.048789016902446746826171875" lon="113.30142058432102203369140625">
        <ele>6.400000095367431640625</ele>
        <time>2026-08-30T23:35:39.000Z</time>
        <extensions>
          <ns3:TrackPointExtension>
            <ns3:hr>152</ns3:hr>
            <ns3:cad>81</ns3:cad>
          </ns3:TrackPointExtension>
        </extensions>
      </trkpt>
      <trkpt lat="23.04877568967640399932861328125" lon="113.30139518715441226959228515625">
        <ele>6.400000095367431640625</ele>
        <time>2026-08-30T23:35:40.000Z</time>
        <extensions>
          <ns3:TrackPointExtension>
            <ns3:hr>152</ns3:hr>
            <ns3:cad>81</ns3:cad>
          </ns3:TrackPointExtension>
        </extensions>
      </trkpt>
      <trkpt lat="23.04876680485904216766357421875" lon="113.3013837039470672607421875">
        <ele>6.400000095367431640625</ele>
        <time>2026-08-30T23:35:41.000Z</time>
        <extensions>
          <ns3:TrackPointExtension>
            <ns3:hr>152</ns3:hr>
            <ns3:cad>81</ns3:cad>
          </ns3:TrackPointExtension>
        </extensions>
      </trkpt>
      <trkpt lat="23.04876680485904216766357421875" lon="113.3013837039470672607421875">
        <ele>6.400000095367431640625</ele>
        <time>2026-08-30T23:35:42.000Z</time>
        <extensions>
          <ns3:TrackPointExtension>
            <ns3:hr>152</ns3:hr>
            <ns3:cad>81</ns3:cad>
          </ns3:TrackPointExtension>
        </extensions>
      </trkpt>
      <trkpt lat="23.0487452633678913116455078125" lon="113.3013689517974853515625">
        <ele>6.400000095367431640625</ele>
        <time>2026-08-30T23:35:43.000Z</time>
        <extensions>
          <ns3:TrackPointExtension>
            <ns3:hr>152</ns3:hr>
            <ns3:cad>81</ns3:cad>
          </ns3:TrackPointExtension>
        </extensions>
      </trkpt>
      <trkpt lat="23.0487238056957721710205078125" lon="113.30135042779147624969482421875">
        <ele>6.400000095367431640625</ele>
        <time>2026-08-30T23:35:44.000Z</time>
        <extensions>
          <ns3:TrackPointExtension>
            <ns3:hr>152</ns3:hr>
            <ns3:cad>81</ns3:cad>
          </ns3:TrackPointExtension>
        </extensions>
      </trkpt>
      <trkpt lat="23.0487124063074588775634765625" lon="113.3013422973453998565673828125">
        <ele>6.400000095367431640625</ele>
        <time>2026-08-30T23:35:45.000Z</time>
        <extensions>
          <ns3:TrackPointExtension>
            <ns3:hr>152</ns3:hr>
            <ns3:cad>81</ns3:cad>
          </ns3:TrackPointExtension>
        </extensions>
      </trkpt>
      <trkpt lat="23.04866337217390537261962890625" lon="113.3013141341507434844970703125">
        <ele>6.400000095367431640625</ele>
        <time>2026-08-30T23:35:46.000Z</time>
        <extensions>
          <ns3:TrackPointExtension>
            <ns3:hr>152</ns3:hr>
            <ns3:cad>81</ns3:cad>
          </ns3:TrackPointExtension>
        </extensions>
      </trkpt>
      <trkpt lat="23.04866337217390537261962890625" lon="113.3013141341507434844970703125">
        <ele>6.400000095367431640625</ele>
        <time>2026-08-30T23:35:47.000Z</time>
        <extensions>
          <ns3:TrackPointExtension>
            <ns3:hr>152</ns3:hr>
            <ns3:cad>81</ns3:cad>
          </ns3:TrackPointExtension>
        </extensions>
      </trkpt>
      <trkpt lat="23.04864409379661083221435546875" lon="113.301318325102329254150390625">
        <ele>6.400000095367431640625</ele>
        <time>2026-08-30T23:35:48.000Z</time>
        <extensions>
          <ns3:TrackPointExtension>
            <ns3:hr>152</ns3:hr>
            <ns3:cad>80</ns3:cad>
          </ns3:TrackPointExtension>
        </extensions>
      </trkpt>
      <trkpt lat="23.04861576296389102935791015625" lon="113.3013121224939823150634765625">
        <ele>6.400000095367431640625</ele>
        <time>2026-08-30T23:35:49.000Z</time>
        <extensions>
          <ns3:TrackPointExtension>
            <ns3:hr>152</ns3:hr>
            <ns3:cad>80</ns3:cad>
          </ns3:TrackPointExtension>
        </extensions>
      </trkpt>
      <trkpt lat="23.0485960654914379119873046875" lon="113.301306255161762237548828125">
        <ele>6.400000095367431640625</ele>
        <time>2026-08-30T23:35:50.000Z</time>
        <extensions>
          <ns3:TrackPointExtension>
            <ns3:hr>152</ns3:hr>
            <ns3:cad>80</ns3:cad>
          </ns3:TrackPointExtension>
        </extensions>
      </trkpt>
      <trkpt lat="23.0485474504530429840087890625" lon="113.301304243505001068115234375">
        <ele>6.400000095367431640625</ele>
        <time>2026-08-30T23:35:51.000Z</time>
        <extensions>
          <ns3:TrackPointExtension>
            <ns3:hr>152</ns3:hr>
            <ns3:cad>80</ns3:cad>
          </ns3:TrackPointExtension>
        </extensions>
      </trkpt>
      <trkpt lat="23.0485474504530429840087890625" lon="113.301304243505001068115234375">
        <ele>6.400000095367431640625</ele>
        <time>2026-08-30T23:35:52.000Z</time>
        <extensions>
          <ns3:TrackPointExtension>
            <ns3:hr>152</ns3:hr>
            <ns3:cad>80</ns3:cad>
          </ns3:TrackPointExtension>
        </extensions>
      </trkpt>
      <trkpt lat="23.048530854284763336181640625" lon="113.30129879526793956756591796875">
        <ele>6.400000095367431640625</ele>
        <time>2026-08-30T23:35:53.000Z</time>
        <extensions>
          <ns3:TrackPointExtension>
            <ns3:hr>152</ns3:hr>
            <ns3:cad>81</ns3:cad>
          </ns3:TrackPointExtension>
        </extensions>
      </trkpt>
      <trkpt lat="23.0485132522881031036376953125" lon="113.3013005554676055908203125">
        <ele>6.400000095367431640625</ele>
        <time>2026-08-30T23:35:54.000Z</time>
        <extensions>
          <ns3:TrackPointExtension>
            <ns3:hr>152</ns3:hr>
            <ns3:cad>81</ns3:cad>
          </ns3:TrackPointExtension>
        </extensions>
      </trkpt>
      <trkpt lat="23.04849070496857166290283203125" lon="113.3012970350682735443115234375">
        <ele>6.400000095367431640625</ele>
        <time>2026-08-30T23:35:55.000Z</time>
        <extensions>
          <ns3:TrackPointExtension>
            <ns3:hr>151</ns3:hr>
            <ns3:cad>81</ns3:cad>
          </ns3:TrackPointExtension>
        </extensions>
      </trkpt>
      <trkpt lat="23.048471510410308837890625" lon="113.30129577778279781341552734375">
        <ele>6.400000095367431640625</ele>
        <time>2026-08-30T23:35:56.000Z</time>
        <extensions>
          <ns3:TrackPointExtension>
            <ns3:hr>152</ns3:hr>
            <ns3:cad>81</ns3:cad>
          </ns3:TrackPointExtension>
        </extensions>
      </trkpt>
      <trkpt lat="23.04845164529979228973388671875" lon="113.3012960292398929595947265625">
        <ele>6.400000095367431640625</ele>
        <time>2026-08-30T23:35:57.000Z</time>
        <extensions>
          <ns3:TrackPointExtension>
            <ns3:hr>152</ns3:hr>
            <ns3:cad>81</ns3:cad>
          </ns3:TrackPointExtension>
        </extensions>
      </trkpt>
      <trkpt lat="23.04843597114086151123046875" lon="113.3012896589934825897216796875">
        <ele>6.400000095367431640625</ele>
        <time>2026-08-30T23:35:58.000Z</time>
        <extensions>
          <ns3:TrackPointExtension>
            <ns3:hr>151</ns3:hr>
            <ns3:cad>81</ns3:cad>
          </ns3:TrackPointExtension>
        </extensions>
      </trkpt>
      <trkpt lat="23.04839439690113067626953125" lon="113.30128018744289875030517578125">
        <ele>6.400000095367431640625</ele>
        <time>2026-08-30T23:35:59.000Z</time>
        <extensions>
          <ns3:TrackPointExtension>
            <ns3:hr>151</ns3:hr>
            <ns3:cad>81</ns3:cad>
          </ns3:TrackPointExtension>
        </extensions>
      </trkpt>
      <trkpt lat="23.04837352596223354339599609375" lon="113.30127700231969356536865234375">
        <ele>6.400000095367431640625</ele>
        <time>2026-08-30T23:36:00.000Z</time>
        <extensions>
          <ns3:TrackPointExtension>
            <ns3:hr>151</ns3:hr>
            <ns3:cad>81</ns3:cad>
          </ns3:TrackPointExtension>
        </extensions>
      </trkpt>
      <trkpt lat="23.048363216221332550048828125" lon="113.30127599649131298065185546875">
        <ele>6.400000095367431640625</ele>
        <time>2026-08-30T23:36:01.000Z</time>
        <extensions>
          <ns3:TrackPointExtension>
            <ns3:hr>151</ns3:hr>
            <ns3:cad>81</ns3:cad>
          </ns3:TrackPointExtension>
        </extensions>
      </trkpt>
      <trkpt lat="23.04833899252116680145263671875" lon="113.30127063207328319549560546875">
        <ele>6.400000095367431640625</ele>
        <time>2026-08-30T23:36:02.000Z</time>
        <extensions>
          <ns3:TrackPointExtension>
            <ns3:hr>151</ns3:hr>
            <ns3:cad>81</ns3:cad>
          </ns3:TrackPointExtension>
        </extensions>
      </trkpt>
      <trkpt lat="23.0483171157538890838623046875" lon="113.30126426182687282562255859375">
        <ele>6.400000095367431640625</ele>
        <time>2026-08-30T23:36:03.000Z</time>
        <extensions>
          <ns3:TrackPointExtension>
            <ns3:hr>151</ns3:hr>
            <ns3:cad>81</ns3:cad>
          </ns3:TrackPointExtension>
        </extensions>
      </trkpt>
      <trkpt lat="23.0482993461191654205322265625" lon="113.30125990323722362518310546875">
        <ele>6.400000095367431640625</ele>
        <time>2026-08-30T23:36:04.000Z</time>
        <extensions>
          <ns3:TrackPointExtension>
            <ns3:hr>150</ns3:hr>
            <ns3:cad>81</ns3:cad>
          </ns3:TrackPointExtension>
        </extensions>
      </trkpt>
      <trkpt lat="23.04827646352350711822509765625" lon="113.3012584783136844635009765625">
        <ele>6.400000095367431640625</ele>
        <time>2026-08-30T23:36:05.000Z</time>
        <extensions>
          <ns3:TrackPointExtension>
            <ns3:hr>150</ns3:hr>
            <ns3:cad>81</ns3:cad>
          </ns3:TrackPointExtension>
        </extensions>
      </trkpt>
      <trkpt lat="23.04827646352350711822509765625" lon="113.3012584783136844635009765625">
        <ele>6.400000095367431640625</ele>
        <time>2026-08-30T23:36:06.000Z</time>
        <extensions>
          <ns3:TrackPointExtension>
            <ns3:hr>150</ns3:hr>
            <ns3:cad>82</ns3:cad>
          </ns3:TrackPointExtension>
        </extensions>
      </trkpt>
      <trkpt lat="23.04823673330247402191162109375" lon="113.30125722102820873260498046875">
        <ele>6.400000095367431640625</ele>
        <time>2026-08-30T23:36:07.000Z</time>
        <extensions>
          <ns3:TrackPointExtension>
            <ns3:hr>150</ns3:hr>
            <ns3:cad>82</ns3:cad>
          </ns3:TrackPointExtension>
        </extensions>
      </trkpt>
      <trkpt lat="23.04821678437292575836181640625" lon="113.30125068314373493194580078125">
        <ele>6.400000095367431640625</ele>
        <time>2026-08-30T23:36:08.000Z</time>
        <extensions>
          <ns3:TrackPointExtension>
            <ns3:hr>149</ns3:hr>
            <ns3:cad>82</ns3:cad>
          </ns3:TrackPointExtension>
        </extensions>
      </trkpt>
      <trkpt lat="23.04821678437292575836181640625" lon="113.30125068314373493194580078125">
        <ele>6.400000095367431640625</ele>
        <time>2026-08-30T23:36:09.000Z</time>
        <extensions>
          <ns3:TrackPointExtension>
            <ns3:hr>149</ns3:hr>
            <ns3:cad>82</ns3:cad>
          </ns3:TrackPointExtension>
        </extensions>
      </trkpt>
      <trkpt lat="23.0481860227882862091064453125" lon="113.3012361824512481689453125">
        <ele>6.599999904632568359375</ele>
        <time>2026-08-30T23:36:10.000Z</time>
        <extensions>
          <ns3:TrackPointExtension>
            <ns3:hr>149</ns3:hr>
            <ns3:cad>82</ns3:cad>
          </ns3:TrackPointExtension>
        </extensions>
      </trkpt>
      <trkpt lat="23.04817018099129199981689453125" lon="113.3012293092906475067138671875">
        <ele>6.599999904632568359375</ele>
        <time>2026-08-30T23:36:11.000Z</time>
        <extensions>
          <ns3:TrackPointExtension>
            <ns3:hr>148</ns3:hr>
            <ns3:cad>82</ns3:cad>
          </ns3:TrackPointExtension>
        </extensions>
      </trkpt>
      <trkpt lat="23.0481555126607418060302734375" lon="113.3012343384325504302978515625">
        <ele>6.599999904632568359375</ele>
        <time>2026-08-30T23:36:12.000Z</time>
        <extensions>
          <ns3:TrackPointExtension>
            <ns3:hr>148</ns3:hr>
            <ns3:cad>82</ns3:cad>
          </ns3:TrackPointExtension>
        </extensions>
      </trkpt>
      <trkpt lat="23.04813380353152751922607421875" lon="113.3012316562235355377197265625">
        <ele>6.599999904632568359375</ele>
        <time>2026-08-30T23:36:13.000Z</time>
        <extensions>
          <ns3:TrackPointExtension>
            <ns3:hr>148</ns3:hr>
            <ns3:cad>81</ns3:cad>
          </ns3:TrackPointExtension>
        </extensions>
      </trkpt>
      <trkpt lat="23.0481146089732646942138671875" lon="113.301227800548076629638671875">
        <ele>6.599999904632568359375</ele>
        <time>2026-08-30T23:36:14.000Z</time>
        <extensions>
          <ns3:TrackPointExtension>
            <ns3:hr>147</ns3:hr>
            <ns3:cad>81</ns3:cad>
          </ns3:TrackPointExtension>
        </extensions>
      </trkpt>
      <trkpt lat="23.0480871163308620452880859375" lon="113.30122704617679119110107421875">
        <ele>6.599999904632568359375</ele>
        <time>2026-08-30T23:36:15.000Z</time>
        <extensions>
          <ns3:TrackPointExtension>
            <ns3:hr>147</ns3:hr>
            <ns3:cad>81</ns3:cad>
          </ns3:TrackPointExtension>
        </extensions>
      </trkpt>
      <trkpt lat="23.0480539239943027496337890625" lon="113.30121514387428760528564453125">
        <ele>6.599999904632568359375</ele>
        <time>2026-08-30T23:36:16.000Z</time>
        <extensions>
          <ns3:TrackPointExtension>
            <ns3:hr>147</ns3:hr>
            <ns3:cad>81</ns3:cad>
          </ns3:TrackPointExtension>
        </extensions>
      </trkpt>
      <trkpt lat="23.04802198894321918487548828125" lon="113.30120407976210117340087890625">
        <ele>6.599999904632568359375</ele>
        <time>2026-08-30T23:36:17.000Z</time>
        <extensions>
          <ns3:TrackPointExtension>
            <ns3:hr>146</ns3:hr>
            <ns3:cad>81</ns3:cad>
          </ns3:TrackPointExtension>
        </extensions>
      </trkpt>
      <trkpt lat="23.04799717850983142852783203125" lon="113.30120776779949665069580078125">
        <ele>6.599999904632568359375</ele>
        <time>2026-08-30T23:36:18.000Z</time>
        <extensions>
          <ns3:TrackPointExtension>
            <ns3:hr>146</ns3:hr>
            <ns3:cad>81</ns3:cad>
          </ns3:TrackPointExtension>
        </extensions>
      </trkpt>
      <trkpt lat="23.04796046577394008636474609375" lon="113.30121581442654132843017578125">
        <ele>6.599999904632568359375</ele>
        <time>2026-08-30T23:36:19.000Z</time>
        <extensions>
          <ns3:TrackPointExtension>
            <ns3:hr>146</ns3:hr>
            <ns3:cad>81</ns3:cad>
          </ns3:TrackPointExtension>
        </extensions>
      </trkpt>
      <trkpt lat="23.04794169031083583831787109375" lon="113.30123140476644039154052734375">
        <ele>6.599999904632568359375</ele>
        <time>2026-08-30T23:36:20.000Z</time>
        <extensions>
          <ns3:TrackPointExtension>
            <ns3:hr>146</ns3:hr>
            <ns3:cad>81</ns3:cad>
          </ns3:TrackPointExtension>
        </extensions>
      </trkpt>
      <trkpt lat="23.04794169031083583831787109375" lon="113.30123140476644039154052734375">
        <ele>6.599999904632568359375</ele>
        <time>2026-08-30T23:36:21.000Z</time>
        <extensions>
          <ns3:TrackPointExtension>
            <ns3:hr>146</ns3:hr>
            <ns3:cad>81</ns3:cad>
          </ns3:TrackPointExtension>
        </extensions>
      </trkpt>
      <trkpt lat="23.04789206944406032562255859375" lon="113.30127180553972721099853515625">
        <ele>6.599999904632568359375</ele>
        <time>2026-08-30T23:36:22.000Z</time>
        <extensions>
          <ns3:TrackPointExtension>
            <ns3:hr>146</ns3:hr>
            <ns3:cad>82</ns3:cad>
          </ns3:TrackPointExtension>
        </extensions>
      </trkpt>
      <trkpt lat="23.04789206944406032562255859375" lon="113.30127180553972721099853515625">
        <ele>6.599999904632568359375</ele>
        <time>2026-08-30T23:36:23.000Z</time>
        <extensions>
          <ns3:TrackPointExtension>
            <ns3:hr>146</ns3:hr>
            <ns3:cad>82</ns3:cad>
          </ns3:TrackPointExtension>
        </extensions>
      </trkpt>
      <trkpt lat="23.0478772334754467010498046875" lon="113.30128655768930912017822265625">
        <ele>6.599999904632568359375</ele>
        <time>2026-08-30T23:36:24.000Z</time>
        <extensions>
          <ns3:TrackPointExtension>
            <ns3:hr>146</ns3:hr>
            <ns3:cad>82</ns3:cad>
          </ns3:TrackPointExtension>
        </extensions>
      </trkpt>
      <trkpt lat="23.0478631518781185150146484375" lon="113.30129845999181270599365234375">
        <ele>6.599999904632568359375</ele>
        <time>2026-08-30T23:36:25.000Z</time>
        <extensions>
          <ns3:TrackPointExtension>
            <ns3:hr>147</ns3:hr>
            <ns3:cad>82</ns3:cad>
          </ns3:TrackPointExtension>
        </extensions>
      </trkpt>
      <trkpt lat="23.047852255403995513916015625" lon="113.30131924711167812347412109375">
        <ele>6.599999904632568359375</ele>
        <time>2026-08-30T23:36:26.000Z</time>
        <extensions>
          <ns3:TrackPointExtension>
            <ns3:hr>147</ns3:hr>
            <ns3:cad>82</ns3:cad>
          </ns3:TrackPointExtension>
        </extensions>
      </trkpt>
      <trkpt lat="23.04784513078629970550537109375" lon="113.301324360072612762451171875">
        <ele>6.80000019073486328125</ele>
        <time>2026-08-30T23:36:27.000Z</time>
        <extensions>
          <ns3:TrackPointExtension>
            <ns3:hr>147</ns3:hr>
            <ns3:cad>0</ns3:cad>
          </ns3:TrackPointExtension>
        </extensions>
      </trkpt>
      <trkpt lat="23.0478346534073352813720703125" lon="113.301341123878955841064453125">
        <ele>6.80000019073486328125</ele>
        <time>2026-08-30T23:36:28.000Z</time>
        <extensions>
          <ns3:TrackPointExtension>
            <ns3:hr>147</ns3:hr>
            <ns3:cad>0</ns3:cad>
          </ns3:TrackPointExtension>
        </extensions>
      </trkpt>
      <trkpt lat="23.0478279478847980499267578125" lon="113.30134942196309566497802734375">
        <ele>6.80000019073486328125</ele>
        <time>2026-08-30T23:36:29.000Z</time>
        <extensions>
          <ns3:TrackPointExtension>
            <ns3:hr>146</ns3:hr>
            <ns3:cad>77</ns3:cad>
          </ns3:TrackPointExtension>
        </extensions>
      </trkpt>
      <trkpt lat="23.0478279478847980499267578125" lon="113.30134942196309566497802734375">
        <ele>6.80000019073486328125</ele>
        <time>2026-08-30T23:36:30.000Z</time>
        <extensions>
          <ns3:TrackPointExtension>
            <ns3:hr>146</ns3:hr>
            <ns3:cad>77</ns3:cad>
          </ns3:TrackPointExtension>
        </extensions>
      </trkpt>
      <trkpt lat="23.0478237569332122802734375" lon="113.30135880969464778900146484375">
        <ele>6.80000019073486328125</ele>
        <time>2026-08-30T23:36:31.000Z</time>
        <extensions>
          <ns3:TrackPointExtension>
            <ns3:hr>146</ns3:hr>
            <ns3:cad>0</ns3:cad>
          </ns3:TrackPointExtension>
        </extensions>
      </trkpt>
      <trkpt lat="23.04782367311418056488037109375" lon="113.301393091678619384765625">
        <ele>6.80000019073486328125</ele>
        <time>2026-08-30T23:36:32.000Z</time>
        <extensions>
          <ns3:TrackPointExtension>
            <ns3:hr>145</ns3:hr>
            <ns3:cad>0</ns3:cad>
          </ns3:TrackPointExtension>
        </extensions>
      </trkpt>
      <trkpt lat="23.04782819934189319610595703125" lon="113.30141245387494564056396484375">
        <ele>6.80000019073486328125</ele>
        <time>2026-08-30T23:36:33.000Z</time>
        <extensions>
          <ns3:TrackPointExtension>
            <ns3:hr>146</ns3:hr>
            <ns3:cad>79</ns3:cad>
          </ns3:TrackPointExtension>
        </extensions>
      </trkpt>
      <trkpt lat="23.04782216437160968780517578125" lon="113.30144262872636318206787109375">
        <ele>6.80000019073486328125</ele>
        <time>2026-08-30T23:36:34.000Z</time>
        <extensions>
          <ns3:TrackPointExtension>
            <ns3:hr>146</ns3:hr>
            <ns3:cad>81</ns3:cad>
          </ns3:TrackPointExtension>
        </extensions>
      </trkpt>
      <trkpt lat="23.04781462065875530242919921875" lon="113.30147825181484222412109375">
        <ele>7</ele>
        <time>2026-08-30T23:36:35.000Z</time>
        <extensions>
          <ns3:TrackPointExtension>
            <ns3:hr>146</ns3:hr>
            <ns3:cad>81</ns3:cad>
          </ns3:TrackPointExtension>
        </extensions>
      </trkpt>
      <trkpt lat="23.04781562648713588714599609375" lon="113.30150264315307140350341796875">
        <ele>7</ele>
        <time>2026-08-30T23:36:36.000Z</time>
        <extensions>
          <ns3:TrackPointExtension>
            <ns3:hr>146</ns3:hr>
            <ns3:cad>81</ns3:cad>
          </ns3:TrackPointExtension>
        </extensions>
      </trkpt>
      <trkpt lat="23.04781143553555011749267578125" lon="113.301532901823520660400390625">
        <ele>7</ele>
        <time>2026-08-30T23:36:37.000Z</time>
        <extensions>
          <ns3:TrackPointExtension>
            <ns3:hr>146</ns3:hr>
            <ns3:cad>81</ns3:cad>
          </ns3:TrackPointExtension>
        </extensions>
      </trkpt>
      <trkpt lat="23.04781177081167697906494140625" lon="113.30155964009463787078857421875">
        <ele>7</ele>
        <time>2026-08-30T23:36:38.000Z</time>
        <extensions>
          <ns3:TrackPointExtension>
            <ns3:hr>146</ns3:hr>
            <ns3:cad>81</ns3:cad>
          </ns3:TrackPointExtension>
        </extensions>
      </trkpt>
      <trkpt lat="23.047810010612010955810546875" lon="113.30158076249063014984130859375">
        <ele>7</ele>
        <time>2026-08-30T23:36:39.000Z</time>
        <extensions>
          <ns3:TrackPointExtension>
            <ns3:hr>146</ns3:hr>
            <ns3:cad>81</ns3:cad>
          </ns3:TrackPointExtension>
        </extensions>
      </trkpt>
      <trkpt lat="23.04780573584139347076416015625" lon="113.30160892568528652191162109375">
        <ele>7</ele>
        <time>2026-08-30T23:36:40.000Z</time>
        <extensions>
          <ns3:TrackPointExtension>
            <ns3:hr>146</ns3:hr>
            <ns3:cad>81</ns3:cad>
          </ns3:TrackPointExtension>
        </extensions>
      </trkpt>
      <trkpt lat="23.0477960966527462005615234375" lon="113.30163071863353252410888671875">
        <ele>7</ele>
        <time>2026-08-30T23:36:41.000Z</time>
        <extensions>
          <ns3:TrackPointExtension>
            <ns3:hr>146</ns3:hr>
            <ns3:cad>81</ns3:cad>
          </ns3:TrackPointExtension>
        </extensions>
      </trkpt>
      <trkpt lat="23.04778947494924068450927734375" lon="113.30165251158177852630615234375">
        <ele>7</ele>
        <time>2026-08-30T23:36:42.000Z</time>
        <extensions>
          <ns3:TrackPointExtension>
            <ns3:hr>147</ns3:hr>
            <ns3:cad>81</ns3:cad>
          </ns3:TrackPointExtension>
        </extensions>
      </trkpt>
      <trkpt lat="23.0477769859135150909423828125" lon="113.30167883075773715972900390625">
        <ele>7</ele>
        <time>2026-08-30T23:36:43.000Z</time>
        <extensions>
          <ns3:TrackPointExtension>
            <ns3:hr>147</ns3:hr>
            <ns3:cad>82</ns3:cad>
          </ns3:TrackPointExtension>
        </extensions>
      </trkpt>
      <trkpt lat="23.047761060297489166259765625" lon="113.30169609747827053070068359375">
        <ele>7</ele>
        <time>2026-08-30T23:36:44.000Z</time>
        <extensions>
          <ns3:TrackPointExtension>
            <ns3:hr>147</ns3:hr>
            <ns3:cad>82</ns3:cad>
          </ns3:TrackPointExtension>
        </extensions>
      </trkpt>
      <trkpt lat="23.04774798452854156494140625" lon="113.30171353183686733245849609375">
        <ele>7</ele>
        <time>2026-08-30T23:36:45.000Z</time>
        <extensions>
          <ns3:TrackPointExtension>
            <ns3:hr>147</ns3:hr>
            <ns3:cad>81</ns3:cad>
          </ns3:TrackPointExtension>
        </extensions>
      </trkpt>
      <trkpt lat="23.04772384464740753173828125" lon="113.3017216622829437255859375">
        <ele>7</ele>
        <time>2026-08-30T23:36:46.000Z</time>
        <extensions>
          <ns3:TrackPointExtension>
            <ns3:hr>146</ns3:hr>
            <ns3:cad>80</ns3:cad>
          </ns3:TrackPointExtension>
        </extensions>
      </trkpt>
      <trkpt lat="23.0477075837552547454833984375" lon="113.30173172056674957275390625">
        <ele>7</ele>
        <time>2026-08-30T23:36:47.000Z</time>
        <extensions>
          <ns3:TrackPointExtension>
            <ns3:hr>147</ns3:hr>
            <ns3:cad>80</ns3:cad>
          </ns3:TrackPointExtension>
        </extensions>
      </trkpt>
      <trkpt lat="23.04769056849181652069091796875" lon="113.30173431895673274993896484375">
        <ele>7</ele>
        <time>2026-08-30T23:36:48.000Z</time>
        <extensions>
          <ns3:TrackPointExtension>
            <ns3:hr>147</ns3:hr>
            <ns3:cad>81</ns3:cad>
          </ns3:TrackPointExtension>
        </extensions>
      </trkpt>
      <trkpt lat="23.04767296649515628814697265625" lon="113.30174018628895282745361328125">
        <ele>7</ele>
        <time>2026-08-30T23:36:49.000Z</time>
        <extensions>
          <ns3:TrackPointExtension>
            <ns3:hr>148</ns3:hr>
            <ns3:cad>81</ns3:cad>
          </ns3:TrackPointExtension>
        </extensions>
      </trkpt>
      <trkpt lat="23.04766307584941387176513671875" lon="113.301750160753726959228515625">
        <ele>7</ele>
        <time>2026-08-30T23:36:50.000Z</time>
        <extensions>
          <ns3:TrackPointExtension>
            <ns3:hr>148</ns3:hr>
            <ns3:cad>81</ns3:cad>
          </ns3:TrackPointExtension>
        </extensions>
      </trkpt>
      <trkpt lat="23.04764111526310443878173828125" lon="113.3017543517053127288818359375">
        <ele>7</ele>
        <time>2026-08-30T23:36:51.000Z</time>
        <extensions>
          <ns3:TrackPointExtension>
            <ns3:hr>148</ns3:hr>
            <ns3:cad>81</ns3:cad>
          </ns3:TrackPointExtension>
        </extensions>
      </trkpt>
      <trkpt lat="23.0476224236190319061279296875" lon="113.30175242386758327484130859375">
        <ele>7</ele>
        <time>2026-08-30T23:36:52.000Z</time>
        <extensions>
          <ns3:TrackPointExtension>
            <ns3:hr>148</ns3:hr>
            <ns3:cad>81</ns3:cad>
          </ns3:TrackPointExtension>
        </extensions>
      </trkpt>
      <trkpt lat="23.0476036481559276580810546875" lon="113.30175477080047130584716796875">
        <ele>7</ele>
        <time>2026-08-30T23:36:53.000Z</time>
        <extensions>
          <ns3:TrackPointExtension>
            <ns3:hr>149</ns3:hr>
            <ns3:cad>81</ns3:cad>
          </ns3:TrackPointExtension>
        </extensions>
      </trkpt>
      <trkpt lat="23.04757229983806610107421875" lon="113.30176332034170627593994140625">
        <ele>7.19999980926513671875</ele>
        <time>2026-08-30T23:36:54.000Z</time>
        <extensions>
          <ns3:TrackPointExtension>
            <ns3:hr>149</ns3:hr>
            <ns3:cad>81</ns3:cad>
          </ns3:TrackPointExtension>
        </extensions>
      </trkpt>
      <trkpt lat="23.0475443042814731597900390625" lon="113.3017761446535587310791015625">
        <ele>7.19999980926513671875</ele>
        <time>2026-08-30T23:36:55.000Z</time>
        <extensions>
          <ns3:TrackPointExtension>
            <ns3:hr>149</ns3:hr>
            <ns3:cad>81</ns3:cad>
          </ns3:TrackPointExtension>
        </extensions>
      </trkpt>
      <trkpt lat="23.04752544499933719635009765625" lon="113.30178611911833286285400390625">
        <ele>7.400000095367431640625</ele>
        <time>2026-08-30T23:36:56.000Z</time>
        <extensions>
          <ns3:TrackPointExtension>
            <ns3:hr>150</ns3:hr>
            <ns3:cad>81</ns3:cad>
          </ns3:TrackPointExtension>
        </extensions>
      </trkpt>
      <trkpt lat="23.04750415496528148651123046875" lon="113.30179148353636264801025390625">
        <ele>7.599999904632568359375</ele>
        <time>2026-08-30T23:36:57.000Z</time>
        <extensions>
          <ns3:TrackPointExtension>
            <ns3:hr>150</ns3:hr>
            <ns3:cad>81</ns3:cad>
          </ns3:TrackPointExtension>
        </extensions>
      </trkpt>
      <trkpt lat="23.04748554714024066925048828125" lon="113.30179936252534389495849609375">
        <ele>7.599999904632568359375</ele>
        <time>2026-08-30T23:36:58.000Z</time>
        <extensions>
          <ns3:TrackPointExtension>
            <ns3:hr>150</ns3:hr>
            <ns3:cad>81</ns3:cad>
          </ns3:TrackPointExtension>
        </extensions>
      </trkpt>
      <trkpt lat="23.04746760986745357513427734375" lon="113.3018086664378643035888671875">
        <ele>7.599999904632568359375</ele>
        <time>2026-08-30T23:36:59.000Z</time>
        <extensions>
          <ns3:TrackPointExtension>
            <ns3:hr>151</ns3:hr>
            <ns3:cad>81</ns3:cad>
          </ns3:TrackPointExtension>
        </extensions>
      </trkpt>
      <trkpt lat="23.0474510975182056427001953125" lon="113.30181461758911609649658203125">
        <ele>7.400000095367431640625</ele>
        <time>2026-08-30T23:37:00.000Z</time>
        <extensions>
          <ns3:TrackPointExtension>
            <ns3:hr>151</ns3:hr>
            <ns3:cad>81</ns3:cad>
          </ns3:TrackPointExtension>
        </extensions>
      </trkpt>
      <trkpt lat="23.04743659682571887969970703125" lon="113.30181880854070186614990234375">
        <ele>7.400000095367431640625</ele>
        <time>2026-08-30T23:37:01.000Z</time>
        <extensions>
          <ns3:TrackPointExtension>
            <ns3:hr>152</ns3:hr>
            <ns3:cad>81</ns3:cad>
          </ns3:TrackPointExtension>
        </extensions>
      </trkpt>
      <trkpt lat="23.047419078648090362548828125" lon="113.3018237538635730743408203125">
        <ele>7.19999980926513671875</ele>
        <time>2026-08-30T23:37:02.000Z</time>
        <extensions>
          <ns3:TrackPointExtension>
            <ns3:hr>152</ns3:hr>
            <ns3:cad>80</ns3:cad>
          </ns3:TrackPointExtension>
        </extensions>
      </trkpt>
      <trkpt lat="23.04740441031754016876220703125" lon="113.3018287830054759979248046875">
        <ele>7.19999980926513671875</ele>
        <time>2026-08-30T23:37:03.000Z</time>
        <extensions>
          <ns3:TrackPointExtension>
            <ns3:hr>152</ns3:hr>
            <ns3:cad>80</ns3:cad>
          </ns3:TrackPointExtension>
        </extensions>
      </trkpt>
      <trkpt lat="23.0473927594721317291259765625" lon="113.301838003098964691162109375">
        <ele>7</ele>
        <time>2026-08-30T23:37:04.000Z</time>
        <extensions>
          <ns3:TrackPointExtension>
            <ns3:hr>152</ns3:hr>
            <ns3:cad>80</ns3:cad>
          </ns3:TrackPointExtension>
        </extensions>
      </trkpt>
      <trkpt lat="23.047375492751598358154296875" lon="113.301842026412487030029296875">
        <ele>7</ele>
        <time>2026-08-30T23:37:05.000Z</time>
        <extensions>
          <ns3:TrackPointExtension>
            <ns3:hr>153</ns3:hr>
            <ns3:cad>81</ns3:cad>
          </ns3:TrackPointExtension>
        </extensions>
      </trkpt>
      <trkpt lat="23.04736183024942874908447265625" lon="113.3018468879163265228271484375">
        <ele>7</ele>
        <time>2026-08-30T23:37:06.000Z</time>
        <extensions>
          <ns3:TrackPointExtension>
            <ns3:hr>153</ns3:hr>
            <ns3:cad>81</ns3:cad>
          </ns3:TrackPointExtension>
        </extensions>
      </trkpt>
      <trkpt lat="23.047350011765956878662109375" lon="113.30185082741081714630126953125">
        <ele>7</ele>
        <time>2026-08-30T23:37:07.000Z</time>
        <extensions>
          <ns3:TrackPointExtension>
            <ns3:hr>152</ns3:hr>
            <ns3:cad>81</ns3:cad>
          </ns3:TrackPointExtension>
        </extensions>
      </trkpt>
      <trkpt lat="23.0473213456571102142333984375" lon="113.30185870639979839324951171875">
        <ele>7</ele>
        <time>2026-08-30T23:37:08.000Z</time>
        <extensions>
          <ns3:TrackPointExtension>
            <ns3:hr>152</ns3:hr>
            <ns3:cad>80</ns3:cad>
          </ns3:TrackPointExtension>
        </extensions>
      </trkpt>
      <trkpt lat="23.04730064235627651214599609375" lon="113.301865160465240478515625">
        <ele>7</ele>
        <time>2026-08-30T23:37:09.000Z</time>
        <extensions>
          <ns3:TrackPointExtension>
            <ns3:hr>152</ns3:hr>
            <ns3:cad>80</ns3:cad>
          </ns3:TrackPointExtension>
        </extensions>
      </trkpt>
      <trkpt lat="23.0472811125218868255615234375" lon="113.30187429673969745635986328125">
        <ele>7</ele>
        <time>2026-08-30T23:37:10.000Z</time>
        <extensions>
          <ns3:TrackPointExtension>
            <ns3:hr>152</ns3:hr>
            <ns3:cad>80</ns3:cad>
          </ns3:TrackPointExtension>
        </extensions>
      </trkpt>
      <trkpt lat="23.04725303314626216888427734375" lon="113.30188569612801074981689453125">
        <ele>7</ele>
        <time>2026-08-30T23:37:11.000Z</time>
        <extensions>
          <ns3:TrackPointExtension>
            <ns3:hr>151</ns3:hr>
            <ns3:cad>81</ns3:cad>
          </ns3:TrackPointExtension>
        </extensions>
      </trkpt>
      <trkpt lat="23.0472251214087009429931640625" lon="113.30189491622149944305419921875">
        <ele>7</ele>
        <time>2026-08-30T23:37:12.000Z</time>
        <extensions>
          <ns3:TrackPointExtension>
            <ns3:hr>151</ns3:hr>
            <ns3:cad>81</ns3:cad>
          </ns3:TrackPointExtension>
        </extensions>
      </trkpt>
      <trkpt lat="23.0472023226320743560791015625" lon="113.301902376115322113037109375">
        <ele>7</ele>
        <time>2026-08-30T23:37:13.000Z</time>
        <extensions>
          <ns3:TrackPointExtension>
            <ns3:hr>151</ns3:hr>
            <ns3:cad>81</ns3:cad>
          </ns3:TrackPointExtension>
        </extensions>
      </trkpt>
      <trkpt lat="23.04717910476028919219970703125" lon="113.3019136078655719757080078125">
        <ele>7</ele>
        <time>2026-08-30T23:37:14.000Z</time>
        <extensions>
          <ns3:TrackPointExtension>
            <ns3:hr>152</ns3:hr>
            <ns3:cad>81</ns3:cad>
          </ns3:TrackPointExtension>
        </extensions>
      </trkpt>
      <trkpt lat="23.04716192185878753662109375" lon="113.30193229950964450836181640625">
        <ele>7</ele>
        <time>2026-08-30T23:37:15.000Z</time>
        <extensions>
          <ns3:TrackPointExtension>
            <ns3:hr>152</ns3:hr>
            <ns3:cad>80</ns3:cad>
          </ns3:TrackPointExtension>
        </extensions>
      </trkpt>
      <trkpt lat="23.0471426434814929962158203125" lon="113.30194805748760700225830078125">
        <ele>7</ele>
        <time>2026-08-30T23:37:16.000Z</time>
        <extensions>
          <ns3:TrackPointExtension>
            <ns3:hr>152</ns3:hr>
            <ns3:cad>80</ns3:cad>
          </ns3:TrackPointExtension>
        </extensions>
      </trkpt>
      <trkpt lat="23.0471263825893402099609375" lon="113.30196163617074489593505859375">
        <ele>7</ele>
        <time>2026-08-30T23:37:17.000Z</time>
        <extensions>
          <ns3:TrackPointExtension>
            <ns3:hr>152</ns3:hr>
            <ns3:cad>80</ns3:cad>
          </ns3:TrackPointExtension>
        </extensions>
      </trkpt>
      <trkpt lat="23.0471102893352508544921875" lon="113.301970772445201873779296875">
        <ele>7</ele>
        <time>2026-08-30T23:37:18.000Z</time>
        <extensions>
          <ns3:TrackPointExtension>
            <ns3:hr>152</ns3:hr>
            <ns3:cad>80</ns3:cad>
          </ns3:TrackPointExtension>
        </extensions>
      </trkpt>
      <trkpt lat="23.0470940284430980682373046875" lon="113.301978819072246551513671875">
        <ele>7</ele>
        <time>2026-08-30T23:37:19.000Z</time>
        <extensions>
          <ns3:TrackPointExtension>
            <ns3:hr>151</ns3:hr>
            <ns3:cad>81</ns3:cad>
          </ns3:TrackPointExtension>
        </extensions>
      </trkpt>
      <trkpt lat="23.0470755882561206817626953125" lon="113.3019913919270038604736328125">
        <ele>7</ele>
        <time>2026-08-30T23:37:20.000Z</time>
        <extensions>
          <ns3:TrackPointExtension>
            <ns3:hr>151</ns3:hr>
            <ns3:cad>81</ns3:cad>
          </ns3:TrackPointExtension>
        </extensions>
      </trkpt>
      <trkpt lat="23.0470608361065387725830078125" lon="113.30200421623885631561279296875">
        <ele>7</ele>
        <time>2026-08-30T23:37:21.000Z</time>
        <extensions>
          <ns3:TrackPointExtension>
            <ns3:hr>151</ns3:hr>
            <ns3:cad>81</ns3:cad>
          </ns3:TrackPointExtension>
        </extensions>
      </trkpt>
      <trkpt lat="23.04703728295862674713134765625" lon="113.30202215351164340972900390625">
        <ele>7</ele>
        <time>2026-08-30T23:37:22.000Z</time>
        <extensions>
          <ns3:TrackPointExtension>
            <ns3:hr>151</ns3:hr>
            <ns3:cad>81</ns3:cad>
          </ns3:TrackPointExtension>
        </extensions>
      </trkpt>
      <trkpt lat="23.047014735639095306396484375" lon="113.3020390011370182037353515625">
        <ele>7</ele>
        <time>2026-08-30T23:37:23.000Z</time>
        <extensions>
          <ns3:TrackPointExtension>
            <ns3:hr>151</ns3:hr>
            <ns3:cad>81</ns3:cad>
          </ns3:TrackPointExtension>
        </extensions>
      </trkpt>
      <trkpt lat="23.04699554108083248138427734375" lon="113.3020534180104732513427734375">
        <ele>7.19999980926513671875</ele>
        <time>2026-08-30T23:37:24.000Z</time>
        <extensions>
          <ns3:TrackPointExtension>
            <ns3:hr>150</ns3:hr>
            <ns3:cad>81</ns3:cad>
          </ns3:TrackPointExtension>
        </extensions>
      </trkpt>
      <trkpt lat="23.0469713173806667327880859375" lon="113.30206775106489658355712890625">
        <ele>7.19999980926513671875</ele>
        <time>2026-08-30T23:37:25.000Z</time>
        <extensions>
          <ns3:TrackPointExtension>
            <ns3:hr>150</ns3:hr>
            <ns3:cad>81</ns3:cad>
          </ns3:TrackPointExtension>
        </extensions>
      </trkpt>
      <trkpt lat="23.04695069789886474609375" lon="113.30208166502416133880615234375">
        <ele>7.19999980926513671875</ele>
        <time>2026-08-30T23:37:26.000Z</time>
        <extensions>
          <ns3:TrackPointExtension>
            <ns3:hr>150</ns3:hr>
            <ns3:cad>81</ns3:cad>
          </ns3:TrackPointExtension>
        </extensions>
      </trkpt>
      <trkpt lat="23.04693452082574367523193359375" lon="113.3020985126495361328125">
        <ele>7.19999980926513671875</ele>
        <time>2026-08-30T23:37:27.000Z</time>
        <extensions>
          <ns3:TrackPointExtension>
            <ns3:hr>150</ns3:hr>
            <ns3:cad>81</ns3:cad>
          </ns3:TrackPointExtension>
        </extensions>
      </trkpt>
      <trkpt lat="23.0469156615436077117919921875" lon="113.30211703665554523468017578125">
        <ele>7.19999980926513671875</ele>
        <time>2026-08-30T23:37:28.000Z</time>
        <extensions>
          <ns3:TrackPointExtension>
            <ns3:hr>150</ns3:hr>
            <ns3:cad>81</ns3:cad>
          </ns3:TrackPointExtension>
        </extensions>
      </trkpt>
      <trkpt lat="23.04689981974661350250244140625" lon="113.3021328784525394439697265625">
        <ele>7.19999980926513671875</ele>
        <time>2026-08-30T23:37:29.000Z</time>
        <extensions>
          <ns3:TrackPointExtension>
            <ns3:hr>150</ns3:hr>
            <ns3:cad>81</ns3:cad>
          </ns3:TrackPointExtension>
        </extensions>
      </trkpt>
      <trkpt lat="23.0468849837779998779296875" lon="113.30215006135404109954833984375">
        <ele>7.19999980926513671875</ele>
        <time>2026-08-30T23:37:30.000Z</time>
        <extensions>
          <ns3:TrackPointExtension>
            <ns3:hr>150</ns3:hr>
            <ns3:cad>81</ns3:cad>
          </ns3:TrackPointExtension>
        </extensions>
      </trkpt>
      <trkpt lat="23.04686930961906909942626953125" lon="113.30216498114168643951416015625">
        <ele>7.19999980926513671875</ele>
        <time>2026-08-30T23:37:31.000Z</time>
        <extensions>
          <ns3:TrackPointExtension>
            <ns3:hr>150</ns3:hr>
            <ns3:cad>81</ns3:cad>
          </ns3:TrackPointExtension>
        </extensions>
      </trkpt>
      <trkpt lat="23.0468566529452800750732421875" lon="113.3021794818341732025146484375">
        <ele>7.19999980926513671875</ele>
        <time>2026-08-30T23:37:32.000Z</time>
        <extensions>
          <ns3:TrackPointExtension>
            <ns3:hr>150</ns3:hr>
            <ns3:cad>81</ns3:cad>
          </ns3:TrackPointExtension>
        </extensions>
      </trkpt>
      <trkpt lat="23.04683871567249298095703125" lon="113.30220219679176807403564453125">
        <ele>7.19999980926513671875</ele>
        <time>2026-08-30T23:37:33.000Z</time>
        <extensions>
          <ns3:TrackPointExtension>
            <ns3:hr>150</ns3:hr>
            <ns3:cad>80</ns3:cad>
          </ns3:TrackPointExtension>
        </extensions>
      </trkpt>
      <trkpt lat="23.046817593276500701904296875" lon="113.30221778713166713714599609375">
        <ele>7.19999980926513671875</ele>
        <time>2026-08-30T23:37:34.000Z</time>
        <extensions>
          <ns3:TrackPointExtension>
            <ns3:hr>150</ns3:hr>
            <ns3:cad>80</ns3:cad>
          </ns3:TrackPointExtension>
        </extensions>
      </trkpt>
      <trkpt lat="23.04679588414728641510009765625" lon="113.30223270691931247711181640625">
        <ele>7</ele>
        <time>2026-08-30T23:37:35.000Z</time>
        <extensions>
          <ns3:TrackPointExtension>
            <ns3:hr>149</ns3:hr>
            <ns3:cad>80</ns3:cad>
          </ns3:TrackPointExtension>
        </extensions>
      </trkpt>
      <trkpt lat="23.04677166044712066650390625" lon="113.3022468723356723785400390625">
        <ele>7</ele>
        <time>2026-08-30T23:37:36.000Z</time>
        <extensions>
          <ns3:TrackPointExtension>
            <ns3:hr>150</ns3:hr>
            <ns3:cad>80</ns3:cad>
          </ns3:TrackPointExtension>
        </extensions>
      </trkpt>
      <trkpt lat="23.0467510409653186798095703125" lon="113.30225869081914424896240234375">
        <ele>7</ele>
        <time>2026-08-30T23:37:37.000Z</time>
        <extensions>
          <ns3:TrackPointExtension>
            <ns3:hr>150</ns3:hr>
            <ns3:cad>81</ns3:cad>
          </ns3:TrackPointExtension>
        </extensions>
      </trkpt>
      <trkpt lat="23.04673545062541961669921875" lon="113.30227193422615528106689453125">
        <ele>7</ele>
        <time>2026-08-30T23:37:38.000Z</time>
        <extensions>
          <ns3:TrackPointExtension>
            <ns3:hr>150</ns3:hr>
            <ns3:cad>81</ns3:cad>
          </ns3:TrackPointExtension>
        </extensions>
      </trkpt>
      <trkpt lat="23.04671390913426876068115234375" lon="113.30228584818542003631591796875">
        <ele>7</ele>
        <time>2026-08-30T23:37:39.000Z</time>
        <extensions>
          <ns3:TrackPointExtension>
            <ns3:hr>150</ns3:hr>
            <ns3:cad>81</ns3:cad>
          </ns3:TrackPointExtension>
        </extensions>
      </trkpt>
      <trkpt lat="23.0466953851282596588134765625" lon="113.30229439772665500640869140625">
        <ele>7</ele>
        <time>2026-08-30T23:37:40.000Z</time>
        <extensions>
          <ns3:TrackPointExtension>
            <ns3:hr>150</ns3:hr>
            <ns3:cad>81</ns3:cad>
          </ns3:TrackPointExtension>
        </extensions>
      </trkpt>
      <trkpt lat="23.04667166434228420257568359375" lon="113.302304036915302276611328125">
        <ele>7.19999980926513671875</ele>
        <time>2026-08-30T23:37:41.000Z</time>
        <extensions>
          <ns3:TrackPointExtension>
            <ns3:hr>150</ns3:hr>
            <ns3:cad>81</ns3:cad>
          </ns3:TrackPointExtension>
        </extensions>
      </trkpt>
      <trkpt lat="23.04665339179337024688720703125" lon="113.3023129217326641082763671875">
        <ele>7</ele>
        <time>2026-08-30T23:37:42.000Z</time>
        <extensions>
          <ns3:TrackPointExtension>
            <ns3:hr>151</ns3:hr>
            <ns3:cad>81</ns3:cad>
          </ns3:TrackPointExtension>
        </extensions>
      </trkpt>
      <trkpt lat="23.04663620889186859130859375" lon="113.30231912434101104736328125">
        <ele>7</ele>
        <time>2026-08-30T23:37:43.000Z</time>
        <extensions>
          <ns3:TrackPointExtension>
            <ns3:hr>151</ns3:hr>
            <ns3:cad>81</ns3:cad>
          </ns3:TrackPointExtension>
        </extensions>
      </trkpt>
      <trkpt lat="23.04662170819938182830810546875" lon="113.30232742242515087127685546875">
        <ele>7</ele>
        <time>2026-08-30T23:37:44.000Z</time>
        <extensions>
          <ns3:TrackPointExtension>
            <ns3:hr>152</ns3:hr>
            <ns3:cad>81</ns3:cad>
          </ns3:TrackPointExtension>
        </extensions>
      </trkpt>
      <trkpt lat="23.04660259746015071868896484375" lon="113.30233513377606868743896484375">
        <ele>7</ele>
        <time>2026-08-30T23:37:45.000Z</time>
        <extensions>
          <ns3:TrackPointExtension>
            <ns3:hr>152</ns3:hr>
            <ns3:cad>80</ns3:cad>
          </ns3:TrackPointExtension>
        </extensions>
      </trkpt>
      <trkpt lat="23.04658248089253902435302734375" lon="113.30233848653733730316162109375">
        <ele>7</ele>
        <time>2026-08-30T23:37:46.000Z</time>
        <extensions>
          <ns3:TrackPointExtension>
            <ns3:hr>152</ns3:hr>
            <ns3:cad>81</ns3:cad>
          </ns3:TrackPointExtension>
        </extensions>
      </trkpt>
    </trkseg>
  </trk>
</gpx>
