<gpx xmlns:ns3="http://www.garmin.com/xmlschemas/TrackPointExtension/v1" xmlns="http://www.topografix.com/GPX/1/1" xmlns:xsi="http://www.w3.org/2001/XMLSchema-instance" xmlns:ns2="http://www.garmin.com/xmlschemas/GpxExtensions/v3" creator="Garmin Connect" version="1.1" xsi:schemaLocation="http://www.topografix.com/GPX/1/1 http://www.topografix.com/GPX/11.xsd">
  <extensions>
<distance>5135.65</distance>
<average_hr>137.0</average_hr>
<average_speed>2.2090001106262207</average_speed>
<start_time>2026-08-24T22:45:25+00:00</start_time>
<end_time>2026-08-24T23:24:09.881000+00:00</end_time>
<moving_time>2317.058</moving_time>
<elapsed_time>2324.881</elapsed_time>
</extensions>
<metadata>
    <link href="connect.garmin.com">
      <text>Garmin Connect</text>
    </link>
    <time>2026-08-24T22:45:25.000Z</time>
  </metadata>
  <trk>
    <name>Guangzhou Running</name>
    <type>running</type>
    <trkseg>
      <trkpt lat="23.05053186602890491485595703125" lon="113.30340248532593250274658203125">
        <ele>6.19999980926513671875</ele>
        <time>2026-08-24T22:52:34.000Z</time>
        <extensions>
          <ns3:TrackPointExtension>
            <ns3:hr>132</ns3:hr>
            <ns3:cad>79</ns3:cad>
          </ns3:TrackPointExtension>
        </extensions>
      </trkpt>
      <trkpt lat="23.0505299381911754608154296875" lon="113.30341723747551441192626953125">
        <ele>6.400000095367431640625</ele>
        <time>2026-08-24T22:52:35.000Z</time>
        <extensions>
          <ns3:TrackPointExtension>
            <ns3:hr>132</ns3:hr>
            <ns3:cad>79</ns3:cad>
          </ns3:TrackPointExtension>
        </extensions>
      </trkpt>
      <trkpt lat="23.050548546016216278076171875" lon="113.3034528605639934539794921875">
        <ele>6.19999980926513671875</ele>
        <time>2026-08-24T22:52:36.000Z</time>
        <extensions>
          <ns3:TrackPointExtension>
            <ns3:hr>132</ns3:hr>
            <ns3:cad>79</ns3:cad>
          </ns3:TrackPointExtension>
        </extensions>
      </trkpt>
      <trkpt lat="23.05055181495845317840576171875" lon="113.30347741954028606414794921875">
        <ele>6.19999980926513671875</ele>
        <time>2026-08-24T22:52:37.000Z</time>
        <extensions>
          <ns3:TrackPointExtension>
            <ns3:hr>132</ns3:hr>
            <ns3:cad>79</ns3:cad>
          </ns3:TrackPointExtension>
        </extensions>
      </trkpt>
      <trkpt lat="23.05053488351404666900634765625" lon="113.30349233932793140411376953125">
        <ele>6.19999980926513671875</ele>
        <time>2026-08-24T22:52:38.000Z</time>
        <extensions>
          <ns3:TrackPointExtension>
            <ns3:hr>132</ns3:hr>
            <ns3:cad>79</ns3:cad>
          </ns3:TrackPointExtension>
        </extensions>
      </trkpt>
      <trkpt lat="23.0505316145718097686767578125" lon="113.30350759439170360565185546875">
        <ele>6.19999980926513671875</ele>
        <time>2026-08-24T22:52:39.000Z</time>
        <extensions>
          <ns3:TrackPointExtension>
            <ns3:hr>132</ns3:hr>
            <ns3:cad>79</ns3:cad>
          </ns3:TrackPointExtension>
        </extensions>
      </trkpt>
      <trkpt lat="23.0505316145718097686767578125" lon="113.30350759439170360565185546875">
        <ele>6.19999980926513671875</ele>
        <time>2026-08-24T22:52:40.000Z</time>
        <extensions>
          <ns3:TrackPointExtension>
            <ns3:hr>133</ns3:hr>
            <ns3:cad>80</ns3:cad>
          </ns3:TrackPointExtension>
        </extensions>
      </trkpt>
      <trkpt lat="23.05053974501788616180419921875" lon="113.30353307537734508514404296875">
        <ele>6.19999980926513671875</ele>
        <time>2026-08-24T22:52:41.000Z</time>
        <extensions>
          <ns3:TrackPointExtension>
            <ns3:hr>133</ns3:hr>
            <ns3:cad>79</ns3:cad>
          </ns3:TrackPointExtension>
        </extensions>
      </trkpt>
      <trkpt lat="23.050548546016216278076171875" lon="113.30356827937066555023193359375">
        <ele>6.19999980926513671875</ele>
        <time>2026-08-24T22:52:42.000Z</time>
        <extensions>
          <ns3:TrackPointExtension>
            <ns3:hr>133</ns3:hr>
            <ns3:cad>79</ns3:cad>
          </ns3:TrackPointExtension>
        </extensions>
      </trkpt>
      <trkpt lat="23.050548546016216278076171875" lon="113.30356827937066555023193359375">
        <ele>6</ele>
        <time>2026-08-24T22:52:43.000Z</time>
        <extensions>
          <ns3:TrackPointExtension>
            <ns3:hr>133</ns3:hr>
            <ns3:cad>79</ns3:cad>
          </ns3:TrackPointExtension>
        </extensions>
      </trkpt>
      <trkpt lat="23.05054829455912113189697265625" lon="113.30361773259937763214111328125">
        <ele>6</ele>
        <time>2026-08-24T22:52:44.000Z</time>
        <extensions>
          <ns3:TrackPointExtension>
            <ns3:hr>133</ns3:hr>
            <ns3:cad>79</ns3:cad>
          </ns3:TrackPointExtension>
        </extensions>
      </trkpt>
      <trkpt lat="23.05054779164493083953857421875" lon="113.3036365918815135955810546875">
        <ele>6</ele>
        <time>2026-08-24T22:52:45.000Z</time>
        <extensions>
          <ns3:TrackPointExtension>
            <ns3:hr>133</ns3:hr>
            <ns3:cad>79</ns3:cad>
          </ns3:TrackPointExtension>
        </extensions>
      </trkpt>
      <trkpt lat="23.05054309777915477752685546875" lon="113.30366735346615314483642578125">
        <ele>6</ele>
        <time>2026-08-24T22:52:46.000Z</time>
        <extensions>
          <ns3:TrackPointExtension>
            <ns3:hr>133</ns3:hr>
            <ns3:cad>79</ns3:cad>
          </ns3:TrackPointExtension>
        </extensions>
      </trkpt>
      <trkpt lat="23.05054158903658390045166015625" lon="113.303682021796703338623046875">
        <ele>6</ele>
        <time>2026-08-24T22:52:47.000Z</time>
        <extensions>
          <ns3:TrackPointExtension>
            <ns3:hr>133</ns3:hr>
            <ns3:cad>79</ns3:cad>
          </ns3:TrackPointExtension>
        </extensions>
      </trkpt>
      <trkpt lat="23.05054158903658390045166015625" lon="113.303682021796703338623046875">
        <ele>6</ele>
        <time>2026-08-24T22:52:48.000Z</time>
        <extensions>
          <ns3:TrackPointExtension>
            <ns3:hr>134</ns3:hr>
            <ns3:cad>80</ns3:cad>
          </ns3:TrackPointExtension>
        </extensions>
      </trkpt>
      <trkpt lat="23.05054812692105770111083984375" lon="113.30369803123176097869873046875">
        <ele>6</ele>
        <time>2026-08-24T22:52:49.000Z</time>
        <extensions>
          <ns3:TrackPointExtension>
            <ns3:hr>134</ns3:hr>
            <ns3:cad>80</ns3:cad>
          </ns3:TrackPointExtension>
        </extensions>
      </trkpt>
      <trkpt lat="23.05054209195077419281005859375" lon="113.303726613521575927734375">
        <ele>6</ele>
        <time>2026-08-24T22:52:50.000Z</time>
        <extensions>
          <ns3:TrackPointExtension>
            <ns3:hr>134</ns3:hr>
            <ns3:cad>80</ns3:cad>
          </ns3:TrackPointExtension>
        </extensions>
      </trkpt>
      <trkpt lat="23.05053479969501495361328125" lon="113.3037422038614749908447265625">
        <ele>6</ele>
        <time>2026-08-24T22:52:51.000Z</time>
        <extensions>
          <ns3:TrackPointExtension>
            <ns3:hr>134</ns3:hr>
            <ns3:cad>80</ns3:cad>
          </ns3:TrackPointExtension>
        </extensions>
      </trkpt>
      <trkpt lat="23.0505274236202239990234375" lon="113.3037854544818401336669921875">
        <ele>6</ele>
        <time>2026-08-24T22:52:52.000Z</time>
        <extensions>
          <ns3:TrackPointExtension>
            <ns3:hr>134</ns3:hr>
            <ns3:cad>80</ns3:cad>
          </ns3:TrackPointExtension>
        </extensions>
      </trkpt>
      <trkpt lat="23.050524406135082244873046875" lon="113.30380029045045375823974609375">
        <ele>6</ele>
        <time>2026-08-24T22:52:53.000Z</time>
        <extensions>
          <ns3:TrackPointExtension>
            <ns3:hr>133</ns3:hr>
            <ns3:cad>79</ns3:cad>
          </ns3:TrackPointExtension>
        </extensions>
      </trkpt>
      <trkpt lat="23.050524406135082244873046875" lon="113.30380029045045375823974609375">
        <ele>6</ele>
        <time>2026-08-24T22:52:54.000Z</time>
        <extensions>
          <ns3:TrackPointExtension>
            <ns3:hr>134</ns3:hr>
            <ns3:cad>79</ns3:cad>
          </ns3:TrackPointExtension>
        </extensions>
      </trkpt>
      <trkpt lat="23.0505255796015262603759765625" lon="113.3038427866995334625244140625">
        <ele>6</ele>
        <time>2026-08-24T22:52:55.000Z</time>
        <extensions>
          <ns3:TrackPointExtension>
            <ns3:hr>133</ns3:hr>
            <ns3:cad>79</ns3:cad>
          </ns3:TrackPointExtension>
        </extensions>
      </trkpt>
      <trkpt lat="23.0505255796015262603759765625" lon="113.3038427866995334625244140625">
        <ele>6</ele>
        <time>2026-08-24T22:52:56.000Z</time>
        <extensions>
          <ns3:TrackPointExtension>
            <ns3:hr>133</ns3:hr>
            <ns3:cad>79</ns3:cad>
          </ns3:TrackPointExtension>
        </extensions>
      </trkpt>
      <trkpt lat="23.05052541196346282958984375" lon="113.3038558624684810638427734375">
        <ele>6</ele>
        <time>2026-08-24T22:52:57.000Z</time>
        <extensions>
          <ns3:TrackPointExtension>
            <ns3:hr>133</ns3:hr>
            <ns3:cad>79</ns3:cad>
          </ns3:TrackPointExtension>
        </extensions>
      </trkpt>
      <trkpt lat="23.05052331648766994476318359375" lon="113.3039078302681446075439453125">
        <ele>6</ele>
        <time>2026-08-24T22:52:58.000Z</time>
        <extensions>
          <ns3:TrackPointExtension>
            <ns3:hr>133</ns3:hr>
            <ns3:cad>80</ns3:cad>
          </ns3:TrackPointExtension>
        </extensions>
      </trkpt>
      <trkpt lat="23.05052331648766994476318359375" lon="113.3039078302681446075439453125">
        <ele>6</ele>
        <time>2026-08-24T22:52:59.000Z</time>
        <extensions>
          <ns3:TrackPointExtension>
            <ns3:hr>133</ns3:hr>
            <ns3:cad>80</ns3:cad>
          </ns3:TrackPointExtension>
        </extensions>
      </trkpt>
      <trkpt lat="23.0505239032208919525146484375" lon="113.30392736010253429412841796875">
        <ele>6</ele>
        <time>2026-08-24T22:53:00.000Z</time>
        <extensions>
          <ns3:TrackPointExtension>
            <ns3:hr>133</ns3:hr>
            <ns3:cad>80</ns3:cad>
          </ns3:TrackPointExtension>
        </extensions>
      </trkpt>
      <trkpt lat="23.050526417791843414306640625" lon="113.30395116470754146575927734375">
        <ele>6.19999980926513671875</ele>
        <time>2026-08-24T22:53:01.000Z</time>
        <extensions>
          <ns3:TrackPointExtension>
            <ns3:hr>133</ns3:hr>
            <ns3:cad>80</ns3:cad>
          </ns3:TrackPointExtension>
        </extensions>
      </trkpt>
      <trkpt lat="23.05051359347999095916748046875" lon="113.30397672951221466064453125">
        <ele>6.19999980926513671875</ele>
        <time>2026-08-24T22:53:02.000Z</time>
        <extensions>
          <ns3:TrackPointExtension>
            <ns3:hr>133</ns3:hr>
            <ns3:cad>80</ns3:cad>
          </ns3:TrackPointExtension>
        </extensions>
      </trkpt>
      <trkpt lat="23.05051191709935665130615234375" lon="113.303991816937923431396484375">
        <ele>6.19999980926513671875</ele>
        <time>2026-08-24T22:53:03.000Z</time>
        <extensions>
          <ns3:TrackPointExtension>
            <ns3:hr>133</ns3:hr>
            <ns3:cad>80</ns3:cad>
          </ns3:TrackPointExtension>
        </extensions>
      </trkpt>
      <trkpt lat="23.05049934424459934234619140625" lon="113.30404554493725299835205078125">
        <ele>6.19999980926513671875</ele>
        <time>2026-08-24T22:53:04.000Z</time>
        <extensions>
          <ns3:TrackPointExtension>
            <ns3:hr>133</ns3:hr>
            <ns3:cad>80</ns3:cad>
          </ns3:TrackPointExtension>
        </extensions>
      </trkpt>
      <trkpt lat="23.05049934424459934234619140625" lon="113.30404554493725299835205078125">
        <ele>6.19999980926513671875</ele>
        <time>2026-08-24T22:53:05.000Z</time>
        <extensions>
          <ns3:TrackPointExtension>
            <ns3:hr>133</ns3:hr>
            <ns3:cad>80</ns3:cad>
          </ns3:TrackPointExtension>
        </extensions>
      </trkpt>
      <trkpt lat="23.05050252936780452728271484375" lon="113.30407865345478057861328125">
        <ele>6.19999980926513671875</ele>
        <time>2026-08-24T22:53:06.000Z</time>
        <extensions>
          <ns3:TrackPointExtension>
            <ns3:hr>133</ns3:hr>
            <ns3:cad>80</ns3:cad>
          </ns3:TrackPointExtension>
        </extensions>
      </trkpt>
      <trkpt lat="23.0504937283694744110107421875" lon="113.3041063137352466583251953125">
        <ele>6</ele>
        <time>2026-08-24T22:53:07.000Z</time>
        <extensions>
          <ns3:TrackPointExtension>
            <ns3:hr>133</ns3:hr>
            <ns3:cad>79</ns3:cad>
          </ns3:TrackPointExtension>
        </extensions>
      </trkpt>
      <trkpt lat="23.050499595701694488525390625" lon="113.3041257597506046295166015625">
        <ele>6</ele>
        <time>2026-08-24T22:53:08.000Z</time>
        <extensions>
          <ns3:TrackPointExtension>
            <ns3:hr>133</ns3:hr>
            <ns3:cad>79</ns3:cad>
          </ns3:TrackPointExtension>
        </extensions>
      </trkpt>
      <trkpt lat="23.050499595701694488525390625" lon="113.3041257597506046295166015625">
        <ele>6</ele>
        <time>2026-08-24T22:53:09.000Z</time>
        <extensions>
          <ns3:TrackPointExtension>
            <ns3:hr>133</ns3:hr>
            <ns3:cad>79</ns3:cad>
          </ns3:TrackPointExtension>
        </extensions>
      </trkpt>
      <trkpt lat="23.05049615912139415740966796875" lon="113.30417613498866558074951171875">
        <ele>6</ele>
        <time>2026-08-24T22:53:10.000Z</time>
        <extensions>
          <ns3:TrackPointExtension>
            <ns3:hr>133</ns3:hr>
            <ns3:cad>79</ns3:cad>
          </ns3:TrackPointExtension>
        </extensions>
      </trkpt>
      <trkpt lat="23.05049456655979156494140625" lon="113.304194323718547821044921875">
        <ele>6</ele>
        <time>2026-08-24T22:53:11.000Z</time>
        <extensions>
          <ns3:TrackPointExtension>
            <ns3:hr>133</ns3:hr>
            <ns3:cad>79</ns3:cad>
          </ns3:TrackPointExtension>
        </extensions>
      </trkpt>
      <trkpt lat="23.0504943989217281341552734375" lon="113.30421586520969867706298828125">
        <ele>6</ele>
        <time>2026-08-24T22:53:12.000Z</time>
        <extensions>
          <ns3:TrackPointExtension>
            <ns3:hr>134</ns3:hr>
            <ns3:cad>79</ns3:cad>
          </ns3:TrackPointExtension>
        </extensions>
      </trkpt>
      <trkpt lat="23.0504943989217281341552734375" lon="113.30421586520969867706298828125">
        <ele>6</ele>
        <time>2026-08-24T22:53:13.000Z</time>
        <extensions>
          <ns3:TrackPointExtension>
            <ns3:hr>133</ns3:hr>
            <ns3:cad>79</ns3:cad>
          </ns3:TrackPointExtension>
        </extensions>
      </trkpt>
      <trkpt lat="23.050477802753448486328125" lon="113.30425702035427093505859375">
        <ele>6</ele>
        <time>2026-08-24T22:53:14.000Z</time>
        <extensions>
          <ns3:TrackPointExtension>
            <ns3:hr>133</ns3:hr>
            <ns3:cad>79</ns3:cad>
          </ns3:TrackPointExtension>
        </extensions>
      </trkpt>
      <trkpt lat="23.0504799820482730865478515625" lon="113.30427722074091434478759765625">
        <ele>6</ele>
        <time>2026-08-24T22:53:15.000Z</time>
        <extensions>
          <ns3:TrackPointExtension>
            <ns3:hr>134</ns3:hr>
            <ns3:cad>80</ns3:cad>
          </ns3:TrackPointExtension>
        </extensions>
      </trkpt>
      <trkpt lat="23.0504799820482730865478515625" lon="113.30427722074091434478759765625">
        <ele>6</ele>
        <time>2026-08-24T22:53:16.000Z</time>
        <extensions>
          <ns3:TrackPointExtension>
            <ns3:hr>134</ns3:hr>
            <ns3:cad>80</ns3:cad>
          </ns3:TrackPointExtension>
        </extensions>
      </trkpt>
      <trkpt lat="23.0504695884883403778076171875" lon="113.30430538393557071685791015625">
        <ele>5.80000019073486328125</ele>
        <time>2026-08-24T22:53:17.000Z</time>
        <extensions>
          <ns3:TrackPointExtension>
            <ns3:hr>134</ns3:hr>
            <ns3:cad>80</ns3:cad>
          </ns3:TrackPointExtension>
        </extensions>
      </trkpt>
      <trkpt lat="23.0504682473838329315185546875" lon="113.3043232373893260955810546875">
        <ele>5.80000019073486328125</ele>
        <time>2026-08-24T22:53:18.000Z</time>
        <extensions>
          <ns3:TrackPointExtension>
            <ns3:hr>134</ns3:hr>
            <ns3:cad>79</ns3:cad>
          </ns3:TrackPointExtension>
        </extensions>
      </trkpt>
      <trkpt lat="23.05045525543391704559326171875" lon="113.30436556600034236907958984375">
        <ele>5.80000019073486328125</ele>
        <time>2026-08-24T22:53:19.000Z</time>
        <extensions>
          <ns3:TrackPointExtension>
            <ns3:hr>134</ns3:hr>
            <ns3:cad>79</ns3:cad>
          </ns3:TrackPointExtension>
        </extensions>
      </trkpt>
      <trkpt lat="23.0504551716148853302001953125" lon="113.30438316799700260162353515625">
        <ele>5.80000019073486328125</ele>
        <time>2026-08-24T22:53:20.000Z</time>
        <extensions>
          <ns3:TrackPointExtension>
            <ns3:hr>134</ns3:hr>
            <ns3:cad>79</ns3:cad>
          </ns3:TrackPointExtension>
        </extensions>
      </trkpt>
      <trkpt lat="23.0504551716148853302001953125" lon="113.30438316799700260162353515625">
        <ele>5.80000019073486328125</ele>
        <time>2026-08-24T22:53:21.000Z</time>
        <extensions>
          <ns3:TrackPointExtension>
            <ns3:hr>133</ns3:hr>
            <ns3:cad>80</ns3:cad>
          </ns3:TrackPointExtension>
        </extensions>
      </trkpt>
      <trkpt lat="23.05044821463525295257568359375" lon="113.30443010665476322174072265625">
        <ele>5.80000019073486328125</ele>
        <time>2026-08-24T22:53:22.000Z</time>
        <extensions>
          <ns3:TrackPointExtension>
            <ns3:hr>134</ns3:hr>
            <ns3:cad>80</ns3:cad>
          </ns3:TrackPointExtension>
        </extensions>
      </trkpt>
      <trkpt lat="23.05044771172106266021728515625" lon="113.304446451365947723388671875">
        <ele>5.80000019073486328125</ele>
        <time>2026-08-24T22:53:23.000Z</time>
        <extensions>
          <ns3:TrackPointExtension>
            <ns3:hr>134</ns3:hr>
            <ns3:cad>80</ns3:cad>
          </ns3:TrackPointExtension>
        </extensions>
      </trkpt>
      <trkpt lat="23.05044771172106266021728515625" lon="113.304446451365947723388671875">
        <ele>5.80000019073486328125</ele>
        <time>2026-08-24T22:53:24.000Z</time>
        <extensions>
          <ns3:TrackPointExtension>
            <ns3:hr>134</ns3:hr>
            <ns3:cad>79</ns3:cad>
          </ns3:TrackPointExtension>
        </extensions>
      </trkpt>
      <trkpt lat="23.0504420958459377288818359375" lon="113.3044945634901523590087890625">
        <ele>5.80000019073486328125</ele>
        <time>2026-08-24T22:53:25.000Z</time>
        <extensions>
          <ns3:TrackPointExtension>
            <ns3:hr>134</ns3:hr>
            <ns3:cad>79</ns3:cad>
          </ns3:TrackPointExtension>
        </extensions>
      </trkpt>
      <trkpt lat="23.05044352076947689056396484375" lon="113.30451392568647861480712890625">
        <ele>5.80000019073486328125</ele>
        <time>2026-08-24T22:53:26.000Z</time>
        <extensions>
          <ns3:TrackPointExtension>
            <ns3:hr>134</ns3:hr>
            <ns3:cad>79</ns3:cad>
          </ns3:TrackPointExtension>
        </extensions>
      </trkpt>
      <trkpt lat="23.05044352076947689056396484375" lon="113.30451392568647861480712890625">
        <ele>5.80000019073486328125</ele>
        <time>2026-08-24T22:53:27.000Z</time>
        <extensions>
          <ns3:TrackPointExtension>
            <ns3:hr>134</ns3:hr>
            <ns3:cad>79</ns3:cad>
          </ns3:TrackPointExtension>
        </extensions>
      </trkpt>
      <trkpt lat="23.0504343844950199127197265625" lon="113.30456438474357128143310546875">
        <ele>5.80000019073486328125</ele>
        <time>2026-08-24T22:53:28.000Z</time>
        <extensions>
          <ns3:TrackPointExtension>
            <ns3:hr>134</ns3:hr>
            <ns3:cad>79</ns3:cad>
          </ns3:TrackPointExtension>
        </extensions>
      </trkpt>
      <trkpt lat="23.05043631233274936676025390625" lon="113.30457997508347034454345703125">
        <ele>5.80000019073486328125</ele>
        <time>2026-08-24T22:53:29.000Z</time>
        <extensions>
          <ns3:TrackPointExtension>
            <ns3:hr>134</ns3:hr>
            <ns3:cad>79</ns3:cad>
          </ns3:TrackPointExtension>
        </extensions>
      </trkpt>
      <trkpt lat="23.05043916217982769012451171875" lon="113.30460160039365291595458984375">
        <ele>5.80000019073486328125</ele>
        <time>2026-08-24T22:53:30.000Z</time>
        <extensions>
          <ns3:TrackPointExtension>
            <ns3:hr>133</ns3:hr>
            <ns3:cad>79</ns3:cad>
          </ns3:TrackPointExtension>
        </extensions>
      </trkpt>
      <trkpt lat="23.05043916217982769012451171875" lon="113.30460160039365291595458984375">
        <ele>5.80000019073486328125</ele>
        <time>2026-08-24T22:53:31.000Z</time>
        <extensions>
          <ns3:TrackPointExtension>
            <ns3:hr>134</ns3:hr>
            <ns3:cad>79</ns3:cad>
          </ns3:TrackPointExtension>
        </extensions>
      </trkpt>
      <trkpt lat="23.0504293553531169891357421875" lon="113.30462892539799213409423828125">
        <ele>5.80000019073486328125</ele>
        <time>2026-08-24T22:53:32.000Z</time>
        <extensions>
          <ns3:TrackPointExtension>
            <ns3:hr>133</ns3:hr>
            <ns3:cad>79</ns3:cad>
          </ns3:TrackPointExtension>
        </extensions>
      </trkpt>
      <trkpt lat="23.05042943917214870452880859375" lon="113.30464099533855915069580078125">
        <ele>5.80000019073486328125</ele>
        <time>2026-08-24T22:53:33.000Z</time>
        <extensions>
          <ns3:TrackPointExtension>
            <ns3:hr>133</ns3:hr>
            <ns3:cad>79</ns3:cad>
          </ns3:TrackPointExtension>
        </extensions>
      </trkpt>
      <trkpt lat="23.05043421685695648193359375" lon="113.304658345878124237060546875">
        <ele>5.80000019073486328125</ele>
        <time>2026-08-24T22:53:34.000Z</time>
        <extensions>
          <ns3:TrackPointExtension>
            <ns3:hr>133</ns3:hr>
            <ns3:cad>80</ns3:cad>
          </ns3:TrackPointExtension>
        </extensions>
      </trkpt>
      <trkpt lat="23.05042323656380176544189453125" lon="113.3047010935842990875244140625">
        <ele>5.80000019073486328125</ele>
        <time>2026-08-24T22:53:35.000Z</time>
        <extensions>
          <ns3:TrackPointExtension>
            <ns3:hr>134</ns3:hr>
            <ns3:cad>79</ns3:cad>
          </ns3:TrackPointExtension>
        </extensions>
      </trkpt>
      <trkpt lat="23.05042323656380176544189453125" lon="113.3047010935842990875244140625">
        <ele>5.80000019073486328125</ele>
        <time>2026-08-24T22:53:36.000Z</time>
        <extensions>
          <ns3:TrackPointExtension>
            <ns3:hr>133</ns3:hr>
            <ns3:cad>79</ns3:cad>
          </ns3:TrackPointExtension>
        </extensions>
      </trkpt>
      <trkpt lat="23.05042617022991180419921875" lon="113.30472380854189395904541015625">
        <ele>5.80000019073486328125</ele>
        <time>2026-08-24T22:53:37.000Z</time>
        <extensions>
          <ns3:TrackPointExtension>
            <ns3:hr>133</ns3:hr>
            <ns3:cad>79</ns3:cad>
          </ns3:TrackPointExtension>
        </extensions>
      </trkpt>
      <trkpt lat="23.05041468702256679534912109375" lon="113.3047525584697723388671875">
        <ele>5.80000019073486328125</ele>
        <time>2026-08-24T22:53:38.000Z</time>
        <extensions>
          <ns3:TrackPointExtension>
            <ns3:hr>133</ns3:hr>
            <ns3:cad>79</ns3:cad>
          </ns3:TrackPointExtension>
        </extensions>
      </trkpt>
      <trkpt lat="23.05041116662323474884033203125" lon="113.3047718368470668792724609375">
        <ele>5.80000019073486328125</ele>
        <time>2026-08-24T22:53:39.000Z</time>
        <extensions>
          <ns3:TrackPointExtension>
            <ns3:hr>134</ns3:hr>
            <ns3:cad>80</ns3:cad>
          </ns3:TrackPointExtension>
        </extensions>
      </trkpt>
      <trkpt lat="23.05041217245161533355712890625" lon="113.304788433015346527099609375">
        <ele>5.80000019073486328125</ele>
        <time>2026-08-24T22:53:40.000Z</time>
        <extensions>
          <ns3:TrackPointExtension>
            <ns3:hr>133</ns3:hr>
            <ns3:cad>80</ns3:cad>
          </ns3:TrackPointExtension>
        </extensions>
      </trkpt>
      <trkpt lat="23.05039892904460430145263671875" lon="113.30481399782001972198486328125">
        <ele>5.80000019073486328125</ele>
        <time>2026-08-24T22:53:41.000Z</time>
        <extensions>
          <ns3:TrackPointExtension>
            <ns3:hr>133</ns3:hr>
            <ns3:cad>80</ns3:cad>
          </ns3:TrackPointExtension>
        </extensions>
      </trkpt>
      <trkpt lat="23.05040077306330204010009765625" lon="113.304831683635711669921875">
        <ele>5.80000019073486328125</ele>
        <time>2026-08-24T22:53:42.000Z</time>
        <extensions>
          <ns3:TrackPointExtension>
            <ns3:hr>133</ns3:hr>
            <ns3:cad>80</ns3:cad>
          </ns3:TrackPointExtension>
        </extensions>
      </trkpt>
      <trkpt lat="23.050405718386173248291015625" lon="113.304852806031703948974609375">
        <ele>5.80000019073486328125</ele>
        <time>2026-08-24T22:53:43.000Z</time>
        <extensions>
          <ns3:TrackPointExtension>
            <ns3:hr>134</ns3:hr>
            <ns3:cad>80</ns3:cad>
          </ns3:TrackPointExtension>
        </extensions>
      </trkpt>
      <trkpt lat="23.0503897927701473236083984375" lon="113.30489396117627620697021484375">
        <ele>5.80000019073486328125</ele>
        <time>2026-08-24T22:53:44.000Z</time>
        <extensions>
          <ns3:TrackPointExtension>
            <ns3:hr>133</ns3:hr>
            <ns3:cad>80</ns3:cad>
          </ns3:TrackPointExtension>
        </extensions>
      </trkpt>
      <trkpt lat="23.0503897927701473236083984375" lon="113.30489396117627620697021484375">
        <ele>5.80000019073486328125</ele>
        <time>2026-08-24T22:53:45.000Z</time>
        <extensions>
          <ns3:TrackPointExtension>
            <ns3:hr>133</ns3:hr>
            <ns3:cad>80</ns3:cad>
          </ns3:TrackPointExtension>
        </extensions>
      </trkpt>
      <trkpt lat="23.05038166232407093048095703125" lon="113.30493905581533908843994140625">
        <ele>6</ele>
        <time>2026-08-24T22:53:46.000Z</time>
        <extensions>
          <ns3:TrackPointExtension>
            <ns3:hr>133</ns3:hr>
            <ns3:cad>80</ns3:cad>
          </ns3:TrackPointExtension>
        </extensions>
      </trkpt>
      <trkpt lat="23.05038166232407093048095703125" lon="113.30493905581533908843994140625">
        <ele>6</ele>
        <time>2026-08-24T22:53:47.000Z</time>
        <extensions>
          <ns3:TrackPointExtension>
            <ns3:hr>133</ns3:hr>
            <ns3:cad>80</ns3:cad>
          </ns3:TrackPointExtension>
        </extensions>
      </trkpt>
      <trkpt lat="23.05037512443959712982177734375" lon="113.304949700832366943359375">
        <ele>6</ele>
        <time>2026-08-24T22:53:48.000Z</time>
        <extensions>
          <ns3:TrackPointExtension>
            <ns3:hr>132</ns3:hr>
            <ns3:cad>80</ns3:cad>
          </ns3:TrackPointExtension>
        </extensions>
      </trkpt>
      <trkpt lat="23.0503747053444385528564453125" lon="113.30497057177126407623291015625">
        <ele>6</ele>
        <time>2026-08-24T22:53:49.000Z</time>
        <extensions>
          <ns3:TrackPointExtension>
            <ns3:hr>132</ns3:hr>
            <ns3:cad>80</ns3:cad>
          </ns3:TrackPointExtension>
        </extensions>
      </trkpt>
      <trkpt lat="23.0503643117845058441162109375" lon="113.30499521456658840179443359375">
        <ele>6</ele>
        <time>2026-08-24T22:53:50.000Z</time>
        <extensions>
          <ns3:TrackPointExtension>
            <ns3:hr>131</ns3:hr>
            <ns3:cad>80</ns3:cad>
          </ns3:TrackPointExtension>
        </extensions>
      </trkpt>
      <trkpt lat="23.05036984384059906005859375" lon="113.30501164309680461883544921875">
        <ele>6</ele>
        <time>2026-08-24T22:53:51.000Z</time>
        <extensions>
          <ns3:TrackPointExtension>
            <ns3:hr>130</ns3:hr>
            <ns3:cad>80</ns3:cad>
          </ns3:TrackPointExtension>
        </extensions>
      </trkpt>
      <trkpt lat="23.05036959238350391387939453125" lon="113.3050377108156681060791015625">
        <ele>6</ele>
        <time>2026-08-24T22:53:52.000Z</time>
        <extensions>
          <ns3:TrackPointExtension>
            <ns3:hr>130</ns3:hr>
            <ns3:cad>80</ns3:cad>
          </ns3:TrackPointExtension>
        </extensions>
      </trkpt>
      <trkpt lat="23.05036087520420551300048828125" lon="113.30505573190748691558837890625">
        <ele>6</ele>
        <time>2026-08-24T22:53:53.000Z</time>
        <extensions>
          <ns3:TrackPointExtension>
            <ns3:hr>130</ns3:hr>
            <ns3:cad>80</ns3:cad>
          </ns3:TrackPointExtension>
        </extensions>
      </trkpt>
      <trkpt lat="23.050368167459964752197265625" lon="113.3050732500851154327392578125">
        <ele>6</ele>
        <time>2026-08-24T22:53:54.000Z</time>
        <extensions>
          <ns3:TrackPointExtension>
            <ns3:hr>130</ns3:hr>
            <ns3:cad>80</ns3:cad>
          </ns3:TrackPointExtension>
        </extensions>
      </trkpt>
      <trkpt lat="23.05037126876413822174072265625" lon="113.3050937019288539886474609375">
        <ele>6</ele>
        <time>2026-08-24T22:53:55.000Z</time>
        <extensions>
          <ns3:TrackPointExtension>
            <ns3:hr>130</ns3:hr>
            <ns3:cad>80</ns3:cad>
          </ns3:TrackPointExtension>
        </extensions>
      </trkpt>
      <trkpt lat="23.05036447942256927490234375" lon="113.3051138184964656829833984375">
        <ele>6</ele>
        <time>2026-08-24T22:53:56.000Z</time>
        <extensions>
          <ns3:TrackPointExtension>
            <ns3:hr>131</ns3:hr>
            <ns3:cad>80</ns3:cad>
          </ns3:TrackPointExtension>
        </extensions>
      </trkpt>
      <trkpt lat="23.05036707781255245208740234375" lon="113.3051366172730922698974609375">
        <ele>6</ele>
        <time>2026-08-24T22:53:57.000Z</time>
        <extensions>
          <ns3:TrackPointExtension>
            <ns3:hr>131</ns3:hr>
            <ns3:cad>80</ns3:cad>
          </ns3:TrackPointExtension>
        </extensions>
      </trkpt>
      <trkpt lat="23.050364814698696136474609375" lon="113.30516469664871692657470703125">
        <ele>5.80000019073486328125</ele>
        <time>2026-08-24T22:53:58.000Z</time>
        <extensions>
          <ns3:TrackPointExtension>
            <ns3:hr>131</ns3:hr>
            <ns3:cad>80</ns3:cad>
          </ns3:TrackPointExtension>
        </extensions>
      </trkpt>
      <trkpt lat="23.05035509169101715087890625" lon="113.30518196336925029754638671875">
        <ele>5.80000019073486328125</ele>
        <time>2026-08-24T22:53:59.000Z</time>
        <extensions>
          <ns3:TrackPointExtension>
            <ns3:hr>131</ns3:hr>
            <ns3:cad>80</ns3:cad>
          </ns3:TrackPointExtension>
        </extensions>
      </trkpt>
      <trkpt lat="23.0503576062619686126708984375" lon="113.30520442686975002288818359375">
        <ele>5.80000019073486328125</ele>
        <time>2026-08-24T22:54:00.000Z</time>
        <extensions>
          <ns3:TrackPointExtension>
            <ns3:hr>131</ns3:hr>
            <ns3:cad>80</ns3:cad>
          </ns3:TrackPointExtension>
        </extensions>
      </trkpt>
      <trkpt lat="23.05035500787198543548583984375" lon="113.30522856675088405609130859375">
        <ele>5.80000019073486328125</ele>
        <time>2026-08-24T22:54:01.000Z</time>
        <extensions>
          <ns3:TrackPointExtension>
            <ns3:hr>131</ns3:hr>
            <ns3:cad>80</ns3:cad>
          </ns3:TrackPointExtension>
        </extensions>
      </trkpt>
      <trkpt lat="23.050349056720733642578125" lon="113.3052492700517177581787109375">
        <ele>5.80000019073486328125</ele>
        <time>2026-08-24T22:54:02.000Z</time>
        <extensions>
          <ns3:TrackPointExtension>
            <ns3:hr>130</ns3:hr>
            <ns3:cad>80</ns3:cad>
          </ns3:TrackPointExtension>
        </extensions>
      </trkpt>
      <trkpt lat="23.05035484023392200469970703125" lon="113.30526678822934627532958984375">
        <ele>5.80000019073486328125</ele>
        <time>2026-08-24T22:54:03.000Z</time>
        <extensions>
          <ns3:TrackPointExtension>
            <ns3:hr>131</ns3:hr>
            <ns3:cad>80</ns3:cad>
          </ns3:TrackPointExtension>
        </extensions>
      </trkpt>
      <trkpt lat="23.05035014636814594268798828125" lon="113.3052938617765903472900390625">
        <ele>5.80000019073486328125</ele>
        <time>2026-08-24T22:54:04.000Z</time>
        <extensions>
          <ns3:TrackPointExtension>
            <ns3:hr>131</ns3:hr>
            <ns3:cad>80</ns3:cad>
          </ns3:TrackPointExtension>
        </extensions>
      </trkpt>
      <trkpt lat="23.0503425188362598419189453125" lon="113.30531523562967777252197265625">
        <ele>5.80000019073486328125</ele>
        <time>2026-08-24T22:54:05.000Z</time>
        <extensions>
          <ns3:TrackPointExtension>
            <ns3:hr>131</ns3:hr>
            <ns3:cad>80</ns3:cad>
          </ns3:TrackPointExtension>
        </extensions>
      </trkpt>
      <trkpt lat="23.05034302175045013427734375" lon="113.30533518455922603607177734375">
        <ele>5.80000019073486328125</ele>
        <time>2026-08-24T22:54:06.000Z</time>
        <extensions>
          <ns3:TrackPointExtension>
            <ns3:hr>130</ns3:hr>
            <ns3:cad>80</ns3:cad>
          </ns3:TrackPointExtension>
        </extensions>
      </trkpt>
      <trkpt lat="23.05033790878951549530029296875" lon="113.3053632639348506927490234375">
        <ele>5.80000019073486328125</ele>
        <time>2026-08-24T22:54:07.000Z</time>
        <extensions>
          <ns3:TrackPointExtension>
            <ns3:hr>131</ns3:hr>
            <ns3:cad>80</ns3:cad>
          </ns3:TrackPointExtension>
        </extensions>
      </trkpt>
      <trkpt lat="23.05033103562891483306884765625" lon="113.3053853921592235565185546875">
        <ele>5.599999904632568359375</ele>
        <time>2026-08-24T22:54:08.000Z</time>
        <extensions>
          <ns3:TrackPointExtension>
            <ns3:hr>131</ns3:hr>
            <ns3:cad>80</ns3:cad>
          </ns3:TrackPointExtension>
        </extensions>
      </trkpt>
      <trkpt lat="23.05033472366631031036376953125" lon="113.30540098249912261962890625">
        <ele>5.599999904632568359375</ele>
        <time>2026-08-24T22:54:09.000Z</time>
        <extensions>
          <ns3:TrackPointExtension>
            <ns3:hr>131</ns3:hr>
            <ns3:cad>80</ns3:cad>
          </ns3:TrackPointExtension>
        </extensions>
      </trkpt>
      <trkpt lat="23.05033422075212001800537109375" lon="113.305424787104129791259765625">
        <ele>5.599999904632568359375</ele>
        <time>2026-08-24T22:54:10.000Z</time>
        <extensions>
          <ns3:TrackPointExtension>
            <ns3:hr>130</ns3:hr>
            <ns3:cad>80</ns3:cad>
          </ns3:TrackPointExtension>
        </extensions>
      </trkpt>
      <trkpt lat="23.0503281019628047943115234375" lon="113.3054454065859317779541015625">
        <ele>5.80000019073486328125</ele>
        <time>2026-08-24T22:54:11.000Z</time>
        <extensions>
          <ns3:TrackPointExtension>
            <ns3:hr>131</ns3:hr>
            <ns3:cad>79</ns3:cad>
          </ns3:TrackPointExtension>
        </extensions>
      </trkpt>
      <trkpt lat="23.0503338016569614410400390625" lon="113.30546326003968715667724609375">
        <ele>5.80000019073486328125</ele>
        <time>2026-08-24T22:54:12.000Z</time>
        <extensions>
          <ns3:TrackPointExtension>
            <ns3:hr>131</ns3:hr>
            <ns3:cad>79</ns3:cad>
          </ns3:TrackPointExtension>
        </extensions>
      </trkpt>
      <trkpt lat="23.05033019743859767913818359375" lon="113.3054928481578826904296875">
        <ele>5.80000019073486328125</ele>
        <time>2026-08-24T22:54:13.000Z</time>
        <extensions>
          <ns3:TrackPointExtension>
            <ns3:hr>131</ns3:hr>
            <ns3:cad>79</ns3:cad>
          </ns3:TrackPointExtension>
        </extensions>
      </trkpt>
      <trkpt lat="23.0503260903060436248779296875" lon="113.305512629449367523193359375">
        <ele>5.80000019073486328125</ele>
        <time>2026-08-24T22:54:14.000Z</time>
        <extensions>
          <ns3:TrackPointExtension>
            <ns3:hr>131</ns3:hr>
            <ns3:cad>79</ns3:cad>
          </ns3:TrackPointExtension>
        </extensions>
      </trkpt>
      <trkpt lat="23.05033103562891483306884765625" lon="113.3055325783789157867431640625">
        <ele>5.80000019073486328125</ele>
        <time>2026-08-24T22:54:15.000Z</time>
        <extensions>
          <ns3:TrackPointExtension>
            <ns3:hr>132</ns3:hr>
            <ns3:cad>79</ns3:cad>
          </ns3:TrackPointExtension>
        </extensions>
      </trkpt>
      <trkpt lat="23.050318546593189239501953125" lon="113.3055661059916019439697265625">
        <ele>5.80000019073486328125</ele>
        <time>2026-08-24T22:54:16.000Z</time>
        <extensions>
          <ns3:TrackPointExtension>
            <ns3:hr>132</ns3:hr>
            <ns3:cad>80</ns3:cad>
          </ns3:TrackPointExtension>
        </extensions>
      </trkpt>
      <trkpt lat="23.05031376890838146209716796875" lon="113.305585384368896484375">
        <ele>5.80000019073486328125</ele>
        <time>2026-08-24T22:54:17.000Z</time>
        <extensions>
          <ns3:TrackPointExtension>
            <ns3:hr>131</ns3:hr>
            <ns3:cad>80</ns3:cad>
          </ns3:TrackPointExtension>
        </extensions>
      </trkpt>
      <trkpt lat="23.0503143556416034698486328125" lon="113.30560273490846157073974609375">
        <ele>5.599999904632568359375</ele>
        <time>2026-08-24T22:54:18.000Z</time>
        <extensions>
          <ns3:TrackPointExtension>
            <ns3:hr>131</ns3:hr>
            <ns3:cad>80</ns3:cad>
          </ns3:TrackPointExtension>
        </extensions>
      </trkpt>
      <trkpt lat="23.050311841070652008056640625" lon="113.3056274615228176116943359375">
        <ele>5.599999904632568359375</ele>
        <time>2026-08-24T22:54:19.000Z</time>
        <extensions>
          <ns3:TrackPointExtension>
            <ns3:hr>131</ns3:hr>
            <ns3:cad>80</ns3:cad>
          </ns3:TrackPointExtension>
        </extensions>
      </trkpt>
      <trkpt lat="23.05030949413776397705078125" lon="113.30564145930111408233642578125">
        <ele>5.599999904632568359375</ele>
        <time>2026-08-24T22:54:20.000Z</time>
        <extensions>
          <ns3:TrackPointExtension>
            <ns3:hr>132</ns3:hr>
            <ns3:cad>80</ns3:cad>
          </ns3:TrackPointExtension>
        </extensions>
      </trkpt>
      <trkpt lat="23.05030907504260540008544921875" lon="113.30566576682031154632568359375">
        <ele>5.599999904632568359375</ele>
        <time>2026-08-24T22:54:21.000Z</time>
        <extensions>
          <ns3:TrackPointExtension>
            <ns3:hr>132</ns3:hr>
            <ns3:cad>80</ns3:cad>
          </ns3:TrackPointExtension>
        </extensions>
      </trkpt>
      <trkpt lat="23.050307817757129669189453125" lon="113.30569761805236339569091796875">
        <ele>5.599999904632568359375</ele>
        <time>2026-08-24T22:54:22.000Z</time>
        <extensions>
          <ns3:TrackPointExtension>
            <ns3:hr>132</ns3:hr>
            <ns3:cad>80</ns3:cad>
          </ns3:TrackPointExtension>
        </extensions>
      </trkpt>
      <trkpt lat="23.05031075142323970794677734375" lon="113.305713124573230743408203125">
        <ele>5.599999904632568359375</ele>
        <time>2026-08-24T22:54:23.000Z</time>
        <extensions>
          <ns3:TrackPointExtension>
            <ns3:hr>132</ns3:hr>
            <ns3:cad>80</ns3:cad>
          </ns3:TrackPointExtension>
        </extensions>
      </trkpt>
      <trkpt lat="23.05031561292707920074462890625" lon="113.30573751591145992279052734375">
        <ele>5.599999904632568359375</ele>
        <time>2026-08-24T22:54:24.000Z</time>
        <extensions>
          <ns3:TrackPointExtension>
            <ns3:hr>131</ns3:hr>
            <ns3:cad>80</ns3:cad>
          </ns3:TrackPointExtension>
        </extensions>
      </trkpt>
      <trkpt lat="23.05030941031873226165771484375" lon="113.3057749830186367034912109375">
        <ele>5.599999904632568359375</ele>
        <time>2026-08-24T22:54:25.000Z</time>
        <extensions>
          <ns3:TrackPointExtension>
            <ns3:hr>132</ns3:hr>
            <ns3:cad>81</ns3:cad>
          </ns3:TrackPointExtension>
        </extensions>
      </trkpt>
      <trkpt lat="23.0503110028803348541259765625" lon="113.305790908634662628173828125">
        <ele>5.599999904632568359375</ele>
        <time>2026-08-24T22:54:26.000Z</time>
        <extensions>
          <ns3:TrackPointExtension>
            <ns3:hr>132</ns3:hr>
            <ns3:cad>81</ns3:cad>
          </ns3:TrackPointExtension>
        </extensions>
      </trkpt>
      <trkpt lat="23.05031511001288890838623046875" lon="113.30581127665936946868896484375">
        <ele>5.599999904632568359375</ele>
        <time>2026-08-24T22:54:27.000Z</time>
        <extensions>
          <ns3:TrackPointExtension>
            <ns3:hr>132</ns3:hr>
            <ns3:cad>81</ns3:cad>
          </ns3:TrackPointExtension>
        </extensions>
      </trkpt>
      <trkpt lat="23.050304464995861053466796875" lon="113.30583977513015270233154296875">
        <ele>5.599999904632568359375</ele>
        <time>2026-08-24T22:54:28.000Z</time>
        <extensions>
          <ns3:TrackPointExtension>
            <ns3:hr>132</ns3:hr>
            <ns3:cad>81</ns3:cad>
          </ns3:TrackPointExtension>
        </extensions>
      </trkpt>
      <trkpt lat="23.05029717274010181427001953125" lon="113.305856622755527496337890625">
        <ele>5.599999904632568359375</ele>
        <time>2026-08-24T22:54:29.000Z</time>
        <extensions>
          <ns3:TrackPointExtension>
            <ns3:hr>132</ns3:hr>
            <ns3:cad>81</ns3:cad>
          </ns3:TrackPointExtension>
        </extensions>
      </trkpt>
      <trkpt lat="23.0502982623875141143798828125" lon="113.305872716009616851806640625">
        <ele>5.599999904632568359375</ele>
        <time>2026-08-24T22:54:30.000Z</time>
        <extensions>
          <ns3:TrackPointExtension>
            <ns3:hr>132</ns3:hr>
            <ns3:cad>80</ns3:cad>
          </ns3:TrackPointExtension>
        </extensions>
      </trkpt>
      <trkpt lat="23.05028459988534450531005859375" lon="113.30589895136654376983642578125">
        <ele>5.599999904632568359375</ele>
        <time>2026-08-24T22:54:31.000Z</time>
        <extensions>
          <ns3:TrackPointExtension>
            <ns3:hr>132</ns3:hr>
            <ns3:cad>80</ns3:cad>
          </ns3:TrackPointExtension>
        </extensions>
      </trkpt>
      <trkpt lat="23.05027688853442668914794921875" lon="113.30591152422130107879638671875">
        <ele>5.599999904632568359375</ele>
        <time>2026-08-24T22:54:32.000Z</time>
        <extensions>
          <ns3:TrackPointExtension>
            <ns3:hr>132</ns3:hr>
            <ns3:cad>80</ns3:cad>
          </ns3:TrackPointExtension>
        </extensions>
      </trkpt>
      <trkpt lat="23.05027688853442668914794921875" lon="113.3059342391788959503173828125">
        <ele>5.80000019073486328125</ele>
        <time>2026-08-24T22:54:33.000Z</time>
        <extensions>
          <ns3:TrackPointExtension>
            <ns3:hr>132</ns3:hr>
            <ns3:cad>80</ns3:cad>
          </ns3:TrackPointExtension>
        </extensions>
      </trkpt>
      <trkpt lat="23.05027068592607975006103515625" lon="113.3059560321271419525146484375">
        <ele>5.80000019073486328125</ele>
        <time>2026-08-24T22:54:34.000Z</time>
        <extensions>
          <ns3:TrackPointExtension>
            <ns3:hr>132</ns3:hr>
            <ns3:cad>80</ns3:cad>
          </ns3:TrackPointExtension>
        </extensions>
      </trkpt>
      <trkpt lat="23.05027806200087070465087890625" lon="113.30596466548740863800048828125">
        <ele>5.80000019073486328125</ele>
        <time>2026-08-24T22:54:35.000Z</time>
        <extensions>
          <ns3:TrackPointExtension>
            <ns3:hr>132</ns3:hr>
            <ns3:cad>80</ns3:cad>
          </ns3:TrackPointExtension>
        </extensions>
      </trkpt>
      <trkpt lat="23.05027940310537815093994140625" lon="113.30598880536854267120361328125">
        <ele>5.80000019073486328125</ele>
        <time>2026-08-24T22:54:36.000Z</time>
        <extensions>
          <ns3:TrackPointExtension>
            <ns3:hr>133</ns3:hr>
            <ns3:cad>81</ns3:cad>
          </ns3:TrackPointExtension>
        </extensions>
      </trkpt>
      <trkpt lat="23.05027135647833347320556640625" lon="113.3060150407254695892333984375">
        <ele>5.80000019073486328125</ele>
        <time>2026-08-24T22:54:37.000Z</time>
        <extensions>
          <ns3:TrackPointExtension>
            <ns3:hr>132</ns3:hr>
            <ns3:cad>81</ns3:cad>
          </ns3:TrackPointExtension>
        </extensions>
      </trkpt>
      <trkpt lat="23.0502801574766635894775390625" lon="113.3060277812182903289794921875">
        <ele>5.80000019073486328125</ele>
        <time>2026-08-24T22:54:38.000Z</time>
        <extensions>
          <ns3:TrackPointExtension>
            <ns3:hr>132</ns3:hr>
            <ns3:cad>81</ns3:cad>
          </ns3:TrackPointExtension>
        </extensions>
      </trkpt>
      <trkpt lat="23.05028325878083705902099609375" lon="113.30605200491845607757568359375">
        <ele>5.599999904632568359375</ele>
        <time>2026-08-24T22:54:39.000Z</time>
        <extensions>
          <ns3:TrackPointExtension>
            <ns3:hr>132</ns3:hr>
            <ns3:cad>81</ns3:cad>
          </ns3:TrackPointExtension>
        </extensions>
      </trkpt>
      <trkpt lat="23.05027755908668041229248046875" lon="113.30607966519892215728759765625">
        <ele>5.599999904632568359375</ele>
        <time>2026-08-24T22:54:40.000Z</time>
        <extensions>
          <ns3:TrackPointExtension>
            <ns3:hr>132</ns3:hr>
            <ns3:cad>80</ns3:cad>
          </ns3:TrackPointExtension>
        </extensions>
      </trkpt>
      <trkpt lat="23.050280325114727020263671875" lon="113.30609089694917201995849609375">
        <ele>5.599999904632568359375</ele>
        <time>2026-08-24T22:54:41.000Z</time>
        <extensions>
          <ns3:TrackPointExtension>
            <ns3:hr>132</ns3:hr>
            <ns3:cad>80</ns3:cad>
          </ns3:TrackPointExtension>
        </extensions>
      </trkpt>
      <trkpt lat="23.05028057657182216644287109375" lon="113.3061122708022594451904296875">
        <ele>5.599999904632568359375</ele>
        <time>2026-08-24T22:54:42.000Z</time>
        <extensions>
          <ns3:TrackPointExtension>
            <ns3:hr>132</ns3:hr>
            <ns3:cad>80</ns3:cad>
          </ns3:TrackPointExtension>
        </extensions>
      </trkpt>
      <trkpt lat="23.05026968009769916534423828125" lon="113.3061354048550128936767578125">
        <ele>5.599999904632568359375</ele>
        <time>2026-08-24T22:54:43.000Z</time>
        <extensions>
          <ns3:TrackPointExtension>
            <ns3:hr>132</ns3:hr>
            <ns3:cad>80</ns3:cad>
          </ns3:TrackPointExtension>
        </extensions>
      </trkpt>
      <trkpt lat="23.05027152411639690399169921875" lon="113.30615074373781681060791015625">
        <ele>5.599999904632568359375</ele>
        <time>2026-08-24T22:54:44.000Z</time>
        <extensions>
          <ns3:TrackPointExtension>
            <ns3:hr>132</ns3:hr>
            <ns3:cad>80</ns3:cad>
          </ns3:TrackPointExtension>
        </extensions>
      </trkpt>
      <trkpt lat="23.05026934482157230377197265625" lon="113.30617924220860004425048828125">
        <ele>5.599999904632568359375</ele>
        <time>2026-08-24T22:54:45.000Z</time>
        <extensions>
          <ns3:TrackPointExtension>
            <ns3:hr>132</ns3:hr>
            <ns3:cad>80</ns3:cad>
          </ns3:TrackPointExtension>
        </extensions>
      </trkpt>
      <trkpt lat="23.0502597056329250335693359375" lon="113.30620723776519298553466796875">
        <ele>5.599999904632568359375</ele>
        <time>2026-08-24T22:54:46.000Z</time>
        <extensions>
          <ns3:TrackPointExtension>
            <ns3:hr>132</ns3:hr>
            <ns3:cad>80</ns3:cad>
          </ns3:TrackPointExtension>
        </extensions>
      </trkpt>
      <trkpt lat="23.05026230402290821075439453125" lon="113.30622844398021697998046875">
        <ele>5.599999904632568359375</ele>
        <time>2026-08-24T22:54:47.000Z</time>
        <extensions>
          <ns3:TrackPointExtension>
            <ns3:hr>132</ns3:hr>
            <ns3:cad>80</ns3:cad>
          </ns3:TrackPointExtension>
        </extensions>
      </trkpt>
      <trkpt lat="23.050256855785846710205078125" lon="113.30625786446034908294677734375">
        <ele>5.599999904632568359375</ele>
        <time>2026-08-24T22:54:48.000Z</time>
        <extensions>
          <ns3:TrackPointExtension>
            <ns3:hr>132</ns3:hr>
            <ns3:cad>80</ns3:cad>
          </ns3:TrackPointExtension>
        </extensions>
      </trkpt>
      <trkpt lat="23.05024621076881885528564453125" lon="113.3062812499701976776123046875">
        <ele>5.599999904632568359375</ele>
        <time>2026-08-24T22:54:49.000Z</time>
        <extensions>
          <ns3:TrackPointExtension>
            <ns3:hr>132</ns3:hr>
            <ns3:cad>80</ns3:cad>
          </ns3:TrackPointExtension>
        </extensions>
      </trkpt>
      <trkpt lat="23.05025291629135608673095703125" lon="113.30629440955817699432373046875">
        <ele>5.599999904632568359375</ele>
        <time>2026-08-24T22:54:50.000Z</time>
        <extensions>
          <ns3:TrackPointExtension>
            <ns3:hr>132</ns3:hr>
            <ns3:cad>80</ns3:cad>
          </ns3:TrackPointExtension>
        </extensions>
      </trkpt>
      <trkpt lat="23.0502503179013729095458984375" lon="113.3063208125531673431396484375">
        <ele>5.599999904632568359375</ele>
        <time>2026-08-24T22:54:51.000Z</time>
        <extensions>
          <ns3:TrackPointExtension>
            <ns3:hr>132</ns3:hr>
            <ns3:cad>80</ns3:cad>
          </ns3:TrackPointExtension>
        </extensions>
      </trkpt>
      <trkpt lat="23.05024319328367710113525390625" lon="113.306343443691730499267578125">
        <ele>5.599999904632568359375</ele>
        <time>2026-08-24T22:54:52.000Z</time>
        <extensions>
          <ns3:TrackPointExtension>
            <ns3:hr>132</ns3:hr>
            <ns3:cad>80</ns3:cad>
          </ns3:TrackPointExtension>
        </extensions>
      </trkpt>
      <trkpt lat="23.050246797502040863037109375" lon="113.3063657395541667938232421875">
        <ele>5.599999904632568359375</ele>
        <time>2026-08-24T22:54:53.000Z</time>
        <extensions>
          <ns3:TrackPointExtension>
            <ns3:hr>132</ns3:hr>
            <ns3:cad>79</ns3:cad>
          </ns3:TrackPointExtension>
        </extensions>
      </trkpt>
      <trkpt lat="23.05024512112140655517578125" lon="113.3063967525959014892578125">
        <ele>5.599999904632568359375</ele>
        <time>2026-08-24T22:54:54.000Z</time>
        <extensions>
          <ns3:TrackPointExtension>
            <ns3:hr>132</ns3:hr>
            <ns3:cad>79</ns3:cad>
          </ns3:TrackPointExtension>
        </extensions>
      </trkpt>
      <trkpt lat="23.05023766122758388519287109375" lon="113.30641980282962322235107421875">
        <ele>5.599999904632568359375</ele>
        <time>2026-08-24T22:54:55.000Z</time>
        <extensions>
          <ns3:TrackPointExtension>
            <ns3:hr>132</ns3:hr>
            <ns3:cad>79</ns3:cad>
          </ns3:TrackPointExtension>
        </extensions>
      </trkpt>
      <trkpt lat="23.0502412654459476470947265625" lon="113.306435979902744293212890625">
        <ele>5.599999904632568359375</ele>
        <time>2026-08-24T22:54:56.000Z</time>
        <extensions>
          <ns3:TrackPointExtension>
            <ns3:hr>132</ns3:hr>
            <ns3:cad>79</ns3:cad>
          </ns3:TrackPointExtension>
        </extensions>
      </trkpt>
      <trkpt lat="23.05023715831339359283447265625" lon="113.30646338872611522674560546875">
        <ele>5.599999904632568359375</ele>
        <time>2026-08-24T22:54:57.000Z</time>
        <extensions>
          <ns3:TrackPointExtension>
            <ns3:hr>132</ns3:hr>
            <ns3:cad>79</ns3:cad>
          </ns3:TrackPointExtension>
        </extensions>
      </trkpt>
      <trkpt lat="23.050226680934429168701171875" lon="113.3064840920269489288330078125">
        <ele>5.599999904632568359375</ele>
        <time>2026-08-24T22:54:58.000Z</time>
        <extensions>
          <ns3:TrackPointExtension>
            <ns3:hr>132</ns3:hr>
            <ns3:cad>79</ns3:cad>
          </ns3:TrackPointExtension>
        </extensions>
      </trkpt>
      <trkpt lat="23.05023045279085636138916015625" lon="113.3065008558332920074462890625">
        <ele>5.80000019073486328125</ele>
        <time>2026-08-24T22:54:59.000Z</time>
        <extensions>
          <ns3:TrackPointExtension>
            <ns3:hr>132</ns3:hr>
            <ns3:cad>80</ns3:cad>
          </ns3:TrackPointExtension>
        </extensions>
      </trkpt>
      <trkpt lat="23.0502258427441120147705078125" lon="113.30652474425733089447021484375">
        <ele>5.80000019073486328125</ele>
        <time>2026-08-24T22:55:00.000Z</time>
        <extensions>
          <ns3:TrackPointExtension>
            <ns3:hr>132</ns3:hr>
            <ns3:cad>80</ns3:cad>
          </ns3:TrackPointExtension>
        </extensions>
      </trkpt>
      <trkpt lat="23.0502144433557987213134765625" lon="113.30654268153011798858642578125">
        <ele>5.80000019073486328125</ele>
        <time>2026-08-24T22:55:01.000Z</time>
        <extensions>
          <ns3:TrackPointExtension>
            <ns3:hr>133</ns3:hr>
            <ns3:cad>80</ns3:cad>
          </ns3:TrackPointExtension>
        </extensions>
      </trkpt>
      <trkpt lat="23.0502114258706569671630859375" lon="113.30655701458454132080078125">
        <ele>5.80000019073486328125</ele>
        <time>2026-08-24T22:55:02.000Z</time>
        <extensions>
          <ns3:TrackPointExtension>
            <ns3:hr>132</ns3:hr>
            <ns3:cad>80</ns3:cad>
          </ns3:TrackPointExtension>
        </extensions>
      </trkpt>
      <trkpt lat="23.05020312778651714324951171875" lon="113.306587524712085723876953125">
        <ele>5.80000019073486328125</ele>
        <time>2026-08-24T22:55:03.000Z</time>
        <extensions>
          <ns3:TrackPointExtension>
            <ns3:hr>132</ns3:hr>
            <ns3:cad>80</ns3:cad>
          </ns3:TrackPointExtension>
        </extensions>
      </trkpt>
      <trkpt lat="23.05019876919686794281005859375" lon="113.3066068030893802642822265625">
        <ele>5.80000019073486328125</ele>
        <time>2026-08-24T22:55:04.000Z</time>
        <extensions>
          <ns3:TrackPointExtension>
            <ns3:hr>133</ns3:hr>
            <ns3:cad>80</ns3:cad>
          </ns3:TrackPointExtension>
        </extensions>
      </trkpt>
      <trkpt lat="23.05019726045429706573486328125" lon="113.3066269196569919586181640625">
        <ele>5.599999904632568359375</ele>
        <time>2026-08-24T22:55:05.000Z</time>
        <extensions>
          <ns3:TrackPointExtension>
            <ns3:hr>133</ns3:hr>
            <ns3:cad>80</ns3:cad>
          </ns3:TrackPointExtension>
        </extensions>
      </trkpt>
      <trkpt lat="23.05018619634211063385009765625" lon="113.306658267974853515625">
        <ele>5.599999904632568359375</ele>
        <time>2026-08-24T22:55:06.000Z</time>
        <extensions>
          <ns3:TrackPointExtension>
            <ns3:hr>133</ns3:hr>
            <ns3:cad>80</ns3:cad>
          </ns3:TrackPointExtension>
        </extensions>
      </trkpt>
      <trkpt lat="23.0501829273998737335205078125" lon="113.306674025952816009521484375">
        <ele>5.599999904632568359375</ele>
        <time>2026-08-24T22:55:07.000Z</time>
        <extensions>
          <ns3:TrackPointExtension>
            <ns3:hr>133</ns3:hr>
            <ns3:cad>80</ns3:cad>
          </ns3:TrackPointExtension>
        </extensions>
      </trkpt>
      <trkpt lat="23.0501814186573028564453125" lon="113.30669322051107883453369140625">
        <ele>5.599999904632568359375</ele>
        <time>2026-08-24T22:55:08.000Z</time>
        <extensions>
          <ns3:TrackPointExtension>
            <ns3:hr>133</ns3:hr>
            <ns3:cad>81</ns3:cad>
          </ns3:TrackPointExtension>
        </extensions>
      </trkpt>
      <trkpt lat="23.0501701869070529937744140625" lon="113.30672590993344783782958984375">
        <ele>5.400000095367431640625</ele>
        <time>2026-08-24T22:55:09.000Z</time>
        <extensions>
          <ns3:TrackPointExtension>
            <ns3:hr>133</ns3:hr>
            <ns3:cad>81</ns3:cad>
          </ns3:TrackPointExtension>
        </extensions>
      </trkpt>
      <trkpt lat="23.0501680076122283935546875" lon="113.3067446015775203704833984375">
        <ele>5.400000095367431640625</ele>
        <time>2026-08-24T22:55:10.000Z</time>
        <extensions>
          <ns3:TrackPointExtension>
            <ns3:hr>133</ns3:hr>
            <ns3:cad>81</ns3:cad>
          </ns3:TrackPointExtension>
        </extensions>
      </trkpt>
      <trkpt lat="23.05016758851706981658935546875" lon="113.30676832236349582672119140625">
        <ele>5.400000095367431640625</ele>
        <time>2026-08-24T22:55:11.000Z</time>
        <extensions>
          <ns3:TrackPointExtension>
            <ns3:hr>133</ns3:hr>
            <ns3:cad>80</ns3:cad>
          </ns3:TrackPointExtension>
        </extensions>
      </trkpt>
      <trkpt lat="23.05015669204294681549072265625" lon="113.30680017359554767608642578125">
        <ele>5.400000095367431640625</ele>
        <time>2026-08-24T22:55:12.000Z</time>
        <extensions>
          <ns3:TrackPointExtension>
            <ns3:hr>133</ns3:hr>
            <ns3:cad>80</ns3:cad>
          </ns3:TrackPointExtension>
        </extensions>
      </trkpt>
      <trkpt lat="23.0501514114439487457275390625" lon="113.30681995488703250885009765625">
        <ele>5.400000095367431640625</ele>
        <time>2026-08-24T22:55:13.000Z</time>
        <extensions>
          <ns3:TrackPointExtension>
            <ns3:hr>134</ns3:hr>
            <ns3:cad>80</ns3:cad>
          </ns3:TrackPointExtension>
        </extensions>
      </trkpt>
      <trkpt lat="23.0501514114439487457275390625" lon="113.30684090964496135711669921875">
        <ele>5.599999904632568359375</ele>
        <time>2026-08-24T22:55:14.000Z</time>
        <extensions>
          <ns3:TrackPointExtension>
            <ns3:hr>134</ns3:hr>
            <ns3:cad>80</ns3:cad>
          </ns3:TrackPointExtension>
        </extensions>
      </trkpt>
      <trkpt lat="23.05014185607433319091796875" lon="113.30687074922025203704833984375">
        <ele>5.599999904632568359375</ele>
        <time>2026-08-24T22:55:15.000Z</time>
        <extensions>
          <ns3:TrackPointExtension>
            <ns3:hr>134</ns3:hr>
            <ns3:cad>80</ns3:cad>
          </ns3:TrackPointExtension>
        </extensions>
      </trkpt>
      <trkpt lat="23.0501416884362697601318359375" lon="113.30688667483627796173095703125">
        <ele>5.599999904632568359375</ele>
        <time>2026-08-24T22:55:16.000Z</time>
        <extensions>
          <ns3:TrackPointExtension>
            <ns3:hr>134</ns3:hr>
            <ns3:cad>80</ns3:cad>
          </ns3:TrackPointExtension>
        </extensions>
      </trkpt>
      <trkpt lat="23.0501403473317623138427734375" lon="113.3069102279841899871826171875">
        <ele>5.599999904632568359375</ele>
        <time>2026-08-24T22:55:17.000Z</time>
        <extensions>
          <ns3:TrackPointExtension>
            <ns3:hr>134</ns3:hr>
            <ns3:cad>80</ns3:cad>
          </ns3:TrackPointExtension>
        </extensions>
      </trkpt>
      <trkpt lat="23.05012852884829044342041015625" lon="113.30693361349403858184814453125">
        <ele>5.599999904632568359375</ele>
        <time>2026-08-24T22:55:18.000Z</time>
        <extensions>
          <ns3:TrackPointExtension>
            <ns3:hr>134</ns3:hr>
            <ns3:cad>80</ns3:cad>
          </ns3:TrackPointExtension>
        </extensions>
      </trkpt>
      <trkpt lat="23.0501289479434490203857421875" lon="113.30694585107266902923583984375">
        <ele>5.599999904632568359375</ele>
        <time>2026-08-24T22:55:19.000Z</time>
        <extensions>
          <ns3:TrackPointExtension>
            <ns3:hr>133</ns3:hr>
            <ns3:cad>80</ns3:cad>
          </ns3:TrackPointExtension>
        </extensions>
      </trkpt>
      <trkpt lat="23.0501279421150684356689453125" lon="113.3069675602018833160400390625">
        <ele>5.599999904632568359375</ele>
        <time>2026-08-24T22:55:20.000Z</time>
        <extensions>
          <ns3:TrackPointExtension>
            <ns3:hr>134</ns3:hr>
            <ns3:cad>80</ns3:cad>
          </ns3:TrackPointExtension>
        </extensions>
      </trkpt>
      <trkpt lat="23.0501141957938671112060546875" lon="113.306994549930095672607421875">
        <ele>5.599999904632568359375</ele>
        <time>2026-08-24T22:55:21.000Z</time>
        <extensions>
          <ns3:TrackPointExtension>
            <ns3:hr>134</ns3:hr>
            <ns3:cad>80</ns3:cad>
          </ns3:TrackPointExtension>
        </extensions>
      </trkpt>
      <trkpt lat="23.05011545307934284210205078125" lon="113.30701173283159732818603515625">
        <ele>5.80000019073486328125</ele>
        <time>2026-08-24T22:55:22.000Z</time>
        <extensions>
          <ns3:TrackPointExtension>
            <ns3:hr>134</ns3:hr>
            <ns3:cad>80</ns3:cad>
          </ns3:TrackPointExtension>
        </extensions>
      </trkpt>
      <trkpt lat="23.05011495016515254974365234375" lon="113.30703805200755596160888671875">
        <ele>5.80000019073486328125</ele>
        <time>2026-08-24T22:55:23.000Z</time>
        <extensions>
          <ns3:TrackPointExtension>
            <ns3:hr>134</ns3:hr>
            <ns3:cad>80</ns3:cad>
          </ns3:TrackPointExtension>
        </extensions>
      </trkpt>
      <trkpt lat="23.05010807700455188751220703125" lon="113.3070691488683223724365234375">
        <ele>5.80000019073486328125</ele>
        <time>2026-08-24T22:55:24.000Z</time>
        <extensions>
          <ns3:TrackPointExtension>
            <ns3:hr>134</ns3:hr>
            <ns3:cad>80</ns3:cad>
          </ns3:TrackPointExtension>
        </extensions>
      </trkpt>
      <trkpt lat="23.0501091666519641876220703125" lon="113.30709001980721950531005859375">
        <ele>5.80000019073486328125</ele>
        <time>2026-08-24T22:55:25.000Z</time>
        <extensions>
          <ns3:TrackPointExtension>
            <ns3:hr>134</ns3:hr>
            <ns3:cad>80</ns3:cad>
          </ns3:TrackPointExtension>
        </extensions>
      </trkpt>
      <trkpt lat="23.0501088313758373260498046875" lon="113.30711650662124156951904296875">
        <ele>5.80000019073486328125</ele>
        <time>2026-08-24T22:55:26.000Z</time>
        <extensions>
          <ns3:TrackPointExtension>
            <ns3:hr>134</ns3:hr>
            <ns3:cad>80</ns3:cad>
          </ns3:TrackPointExtension>
        </extensions>
      </trkpt>
      <trkpt lat="23.05009667761623859405517578125" lon="113.3071459271013736724853515625">
        <ele>5.80000019073486328125</ele>
        <time>2026-08-24T22:55:27.000Z</time>
        <extensions>
          <ns3:TrackPointExtension>
            <ns3:hr>133</ns3:hr>
            <ns3:cad>80</ns3:cad>
          </ns3:TrackPointExtension>
        </extensions>
      </trkpt>
      <trkpt lat="23.05009751580655574798583984375" lon="113.3071636967360973358154296875">
        <ele>5.599999904632568359375</ele>
        <time>2026-08-24T22:55:28.000Z</time>
        <extensions>
          <ns3:TrackPointExtension>
            <ns3:hr>134</ns3:hr>
            <ns3:cad>80</ns3:cad>
          </ns3:TrackPointExtension>
        </extensions>
      </trkpt>
      <trkpt lat="23.05009583942592144012451171875" lon="113.30719060264527797698974609375">
        <ele>5.599999904632568359375</ele>
        <time>2026-08-24T22:55:29.000Z</time>
        <extensions>
          <ns3:TrackPointExtension>
            <ns3:hr>134</ns3:hr>
            <ns3:cad>79</ns3:cad>
          </ns3:TrackPointExtension>
        </extensions>
      </trkpt>
      <trkpt lat="23.05008829571306705474853515625" lon="113.30722480081021785736083984375">
        <ele>5.80000019073486328125</ele>
        <time>2026-08-24T22:55:30.000Z</time>
        <extensions>
          <ns3:TrackPointExtension>
            <ns3:hr>133</ns3:hr>
            <ns3:cad>79</ns3:cad>
          </ns3:TrackPointExtension>
        </extensions>
      </trkpt>
      <trkpt lat="23.050086200237274169921875" lon="113.30724139697849750518798828125">
        <ele>5.80000019073486328125</ele>
        <time>2026-08-24T22:55:31.000Z</time>
        <extensions>
          <ns3:TrackPointExtension>
            <ns3:hr>133</ns3:hr>
            <ns3:cad>79</ns3:cad>
          </ns3:TrackPointExtension>
        </extensions>
      </trkpt>
      <trkpt lat="23.050087876617908477783203125" lon="113.30726520158350467681884765625">
        <ele>5.80000019073486328125</ele>
        <time>2026-08-24T22:55:32.000Z</time>
        <extensions>
          <ns3:TrackPointExtension>
            <ns3:hr>133</ns3:hr>
            <ns3:cad>79</ns3:cad>
          </ns3:TrackPointExtension>
        </extensions>
      </trkpt>
      <trkpt lat="23.050079159438610076904296875" lon="113.30728783272206783294677734375">
        <ele>5.80000019073486328125</ele>
        <time>2026-08-24T22:55:33.000Z</time>
        <extensions>
          <ns3:TrackPointExtension>
            <ns3:hr>133</ns3:hr>
            <ns3:cad>79</ns3:cad>
          </ns3:TrackPointExtension>
        </extensions>
      </trkpt>
      <trkpt lat="23.0500781536102294921875" lon="113.30730576999485492706298828125">
        <ele>5.80000019073486328125</ele>
        <time>2026-08-24T22:55:34.000Z</time>
        <extensions>
          <ns3:TrackPointExtension>
            <ns3:hr>133</ns3:hr>
            <ns3:cad>79</ns3:cad>
          </ns3:TrackPointExtension>
        </extensions>
      </trkpt>
      <trkpt lat="23.05007840506732463836669921875" lon="113.30732974223792552947998046875">
        <ele>5.80000019073486328125</ele>
        <time>2026-08-24T22:55:35.000Z</time>
        <extensions>
          <ns3:TrackPointExtension>
            <ns3:hr>133</ns3:hr>
            <ns3:cad>80</ns3:cad>
          </ns3:TrackPointExtension>
        </extensions>
      </trkpt>
      <trkpt lat="23.05006683804094791412353515625" lon="113.3073561452329158782958984375">
        <ele>5.80000019073486328125</ele>
        <time>2026-08-24T22:55:36.000Z</time>
        <extensions>
          <ns3:TrackPointExtension>
            <ns3:hr>133</ns3:hr>
            <ns3:cad>80</ns3:cad>
          </ns3:TrackPointExtension>
        </extensions>
      </trkpt>
      <trkpt lat="23.05006834678351879119873046875" lon="113.307372741401195526123046875">
        <ele>5.80000019073486328125</ele>
        <time>2026-08-24T22:55:37.000Z</time>
        <extensions>
          <ns3:TrackPointExtension>
            <ns3:hr>133</ns3:hr>
            <ns3:cad>80</ns3:cad>
          </ns3:TrackPointExtension>
        </extensions>
      </trkpt>
      <trkpt lat="23.05006549693644046783447265625" lon="113.307400234043598175048828125">
        <ele>5.80000019073486328125</ele>
        <time>2026-08-24T22:55:38.000Z</time>
        <extensions>
          <ns3:TrackPointExtension>
            <ns3:hr>133</ns3:hr>
            <ns3:cad>80</ns3:cad>
          </ns3:TrackPointExtension>
        </extensions>
      </trkpt>
      <trkpt lat="23.05005711503326892852783203125" lon="113.30742412246763706207275390625">
        <ele>5.80000019073486328125</ele>
        <time>2026-08-24T22:55:39.000Z</time>
        <extensions>
          <ns3:TrackPointExtension>
            <ns3:hr>133</ns3:hr>
            <ns3:cad>80</ns3:cad>
          </ns3:TrackPointExtension>
        </extensions>
      </trkpt>
      <trkpt lat="23.05006030015647411346435546875" lon="113.30743652768433094024658203125">
        <ele>5.80000019073486328125</ele>
        <time>2026-08-24T22:55:40.000Z</time>
        <extensions>
          <ns3:TrackPointExtension>
            <ns3:hr>133</ns3:hr>
            <ns3:cad>80</ns3:cad>
          </ns3:TrackPointExtension>
        </extensions>
      </trkpt>
      <trkpt lat="23.0500578694045543670654296875" lon="113.30746234394609928131103515625">
        <ele>5.599999904632568359375</ele>
        <time>2026-08-24T22:55:41.000Z</time>
        <extensions>
          <ns3:TrackPointExtension>
            <ns3:hr>133</ns3:hr>
            <ns3:cad>81</ns3:cad>
          </ns3:TrackPointExtension>
        </extensions>
      </trkpt>
      <trkpt lat="23.05005007423460483551025390625" lon="113.30748732201755046844482421875">
        <ele>5.599999904632568359375</ele>
        <time>2026-08-24T22:55:42.000Z</time>
        <extensions>
          <ns3:TrackPointExtension>
            <ns3:hr>133</ns3:hr>
            <ns3:cad>81</ns3:cad>
          </ns3:TrackPointExtension>
        </extensions>
      </trkpt>
      <trkpt lat="23.05005342699587345123291015625" lon="113.3075045049190521240234375">
        <ele>5.599999904632568359375</ele>
        <time>2026-08-24T22:55:43.000Z</time>
        <extensions>
          <ns3:TrackPointExtension>
            <ns3:hr>133</ns3:hr>
            <ns3:cad>81</ns3:cad>
          </ns3:TrackPointExtension>
        </extensions>
      </trkpt>
      <trkpt lat="23.05005007423460483551025390625" lon="113.30753174610435962677001953125">
        <ele>5.599999904632568359375</ele>
        <time>2026-08-24T22:55:44.000Z</time>
        <extensions>
          <ns3:TrackPointExtension>
            <ns3:hr>133</ns3:hr>
            <ns3:cad>81</ns3:cad>
          </ns3:TrackPointExtension>
        </extensions>
      </trkpt>
      <trkpt lat="23.0500468052923679351806640625" lon="113.307559825479984283447265625">
        <ele>5.599999904632568359375</ele>
        <time>2026-08-24T22:55:45.000Z</time>
        <extensions>
          <ns3:TrackPointExtension>
            <ns3:hr>133</ns3:hr>
            <ns3:cad>81</ns3:cad>
          </ns3:TrackPointExtension>
        </extensions>
      </trkpt>
      <trkpt lat="23.05004890076816082000732421875" lon="113.307578600943088531494140625">
        <ele>5.599999904632568359375</ele>
        <time>2026-08-24T22:55:46.000Z</time>
        <extensions>
          <ns3:TrackPointExtension>
            <ns3:hr>133</ns3:hr>
            <ns3:cad>80</ns3:cad>
          </ns3:TrackPointExtension>
        </extensions>
      </trkpt>
      <trkpt lat="23.050044961273670196533203125" lon="113.3076059259474277496337890625">
        <ele>5.599999904632568359375</ele>
        <time>2026-08-24T22:55:47.000Z</time>
        <extensions>
          <ns3:TrackPointExtension>
            <ns3:hr>134</ns3:hr>
            <ns3:cad>80</ns3:cad>
          </ns3:TrackPointExtension>
        </extensions>
      </trkpt>
      <trkpt lat="23.0500394292175769805908203125" lon="113.307628221809864044189453125">
        <ele>5.599999904632568359375</ele>
        <time>2026-08-24T22:55:48.000Z</time>
        <extensions>
          <ns3:TrackPointExtension>
            <ns3:hr>133</ns3:hr>
            <ns3:cad>80</ns3:cad>
          </ns3:TrackPointExtension>
        </extensions>
      </trkpt>
      <trkpt lat="23.05004127323627471923828125" lon="113.3076481707394123077392578125">
        <ele>5.599999904632568359375</ele>
        <time>2026-08-24T22:55:49.000Z</time>
        <extensions>
          <ns3:TrackPointExtension>
            <ns3:hr>133</ns3:hr>
            <ns3:cad>80</ns3:cad>
          </ns3:TrackPointExtension>
        </extensions>
      </trkpt>
      <trkpt lat="23.0500344000756740570068359375" lon="113.30768396146595478057861328125">
        <ele>5.599999904632568359375</ele>
        <time>2026-08-24T22:55:50.000Z</time>
        <extensions>
          <ns3:TrackPointExtension>
            <ns3:hr>134</ns3:hr>
            <ns3:cad>80</ns3:cad>
          </ns3:TrackPointExtension>
        </extensions>
      </trkpt>
      <trkpt lat="23.0500283651053905487060546875" lon="113.3077061735093593597412109375">
        <ele>5.80000019073486328125</ele>
        <time>2026-08-24T22:55:51.000Z</time>
        <extensions>
          <ns3:TrackPointExtension>
            <ns3:hr>133</ns3:hr>
            <ns3:cad>80</ns3:cad>
          </ns3:TrackPointExtension>
        </extensions>
      </trkpt>
      <trkpt lat="23.05003230459988117218017578125" lon="113.30772821791470050811767578125">
        <ele>5.80000019073486328125</ele>
        <time>2026-08-24T22:55:52.000Z</time>
        <extensions>
          <ns3:TrackPointExtension>
            <ns3:hr>134</ns3:hr>
            <ns3:cad>81</ns3:cad>
          </ns3:TrackPointExtension>
        </extensions>
      </trkpt>
      <trkpt lat="23.05002610199153423309326171875" lon="113.30776107497513294219970703125">
        <ele>5.80000019073486328125</ele>
        <time>2026-08-24T22:55:53.000Z</time>
        <extensions>
          <ns3:TrackPointExtension>
            <ns3:hr>134</ns3:hr>
            <ns3:cad>81</ns3:cad>
          </ns3:TrackPointExtension>
        </extensions>
      </trkpt>
      <trkpt lat="23.05002308450639247894287109375" lon="113.3077836222946643829345703125">
        <ele>5.599999904632568359375</ele>
        <time>2026-08-24T22:55:54.000Z</time>
        <extensions>
          <ns3:TrackPointExtension>
            <ns3:hr>134</ns3:hr>
            <ns3:cad>81</ns3:cad>
          </ns3:TrackPointExtension>
        </extensions>
      </trkpt>
      <trkpt lat="23.0500258505344390869140625" lon="113.3078087680041790008544921875">
        <ele>5.599999904632568359375</ele>
        <time>2026-08-24T22:55:55.000Z</time>
        <extensions>
          <ns3:TrackPointExtension>
            <ns3:hr>133</ns3:hr>
            <ns3:cad>81</ns3:cad>
          </ns3:TrackPointExtension>
        </extensions>
      </trkpt>
      <trkpt lat="23.05001487024128437042236328125" lon="113.30783751793205738067626953125">
        <ele>5.400000095367431640625</ele>
        <time>2026-08-24T22:55:56.000Z</time>
        <extensions>
          <ns3:TrackPointExtension>
            <ns3:hr>134</ns3:hr>
            <ns3:cad>81</ns3:cad>
          </ns3:TrackPointExtension>
        </extensions>
      </trkpt>
      <trkpt lat="23.05001168511807918548583984375" lon="113.30785059370100498199462890625">
        <ele>5.400000095367431640625</ele>
        <time>2026-08-24T22:55:57.000Z</time>
        <extensions>
          <ns3:TrackPointExtension>
            <ns3:hr>134</ns3:hr>
            <ns3:cad>80</ns3:cad>
          </ns3:TrackPointExtension>
        </extensions>
      </trkpt>
      <trkpt lat="23.05001185275614261627197265625" lon="113.30787540413439273834228515625">
        <ele>5.400000095367431640625</ele>
        <time>2026-08-24T22:55:58.000Z</time>
        <extensions>
          <ns3:TrackPointExtension>
            <ns3:hr>134</ns3:hr>
            <ns3:cad>80</ns3:cad>
          </ns3:TrackPointExtension>
        </extensions>
      </trkpt>
      <trkpt lat="23.05000095628201961517333984375" lon="113.30790038220584392547607421875">
        <ele>5.400000095367431640625</ele>
        <time>2026-08-24T22:55:59.000Z</time>
        <extensions>
          <ns3:TrackPointExtension>
            <ns3:hr>134</ns3:hr>
            <ns3:cad>80</ns3:cad>
          </ns3:TrackPointExtension>
        </extensions>
      </trkpt>
      <trkpt lat="23.0499938316643238067626953125" lon="113.3079187385737895965576171875">
        <ele>5.599999904632568359375</ele>
        <time>2026-08-24T22:56:00.000Z</time>
        <extensions>
          <ns3:TrackPointExtension>
            <ns3:hr>134</ns3:hr>
            <ns3:cad>80</ns3:cad>
          </ns3:TrackPointExtension>
        </extensions>
      </trkpt>
      <trkpt lat="23.0499921552836894989013671875" lon="113.30794505774974822998046875">
        <ele>5.599999904632568359375</ele>
        <time>2026-08-24T22:56:01.000Z</time>
        <extensions>
          <ns3:TrackPointExtension>
            <ns3:hr>134</ns3:hr>
            <ns3:cad>80</ns3:cad>
          </ns3:TrackPointExtension>
        </extensions>
      </trkpt>
      <trkpt lat="23.04998494684696197509765625" lon="113.3079673536121845245361328125">
        <ele>5.599999904632568359375</ele>
        <time>2026-08-24T22:56:02.000Z</time>
        <extensions>
          <ns3:TrackPointExtension>
            <ns3:hr>134</ns3:hr>
            <ns3:cad>80</ns3:cad>
          </ns3:TrackPointExtension>
        </extensions>
      </trkpt>
      <trkpt lat="23.0499894730746746063232421875" lon="113.30798529088497161865234375">
        <ele>5.599999904632568359375</ele>
        <time>2026-08-24T22:56:03.000Z</time>
        <extensions>
          <ns3:TrackPointExtension>
            <ns3:hr>134</ns3:hr>
            <ns3:cad>81</ns3:cad>
          </ns3:TrackPointExtension>
        </extensions>
      </trkpt>
      <trkpt lat="23.0499882996082305908203125" lon="113.3080116100609302520751953125">
        <ele>5.599999904632568359375</ele>
        <time>2026-08-24T22:56:04.000Z</time>
        <extensions>
          <ns3:TrackPointExtension>
            <ns3:hr>135</ns3:hr>
            <ns3:cad>81</ns3:cad>
          </ns3:TrackPointExtension>
        </extensions>
      </trkpt>
      <trkpt lat="23.0499770678579807281494140625" lon="113.30803801305592060089111328125">
        <ele>5.599999904632568359375</ele>
        <time>2026-08-24T22:56:05.000Z</time>
        <extensions>
          <ns3:TrackPointExtension>
            <ns3:hr>135</ns3:hr>
            <ns3:cad>80</ns3:cad>
          </ns3:TrackPointExtension>
        </extensions>
      </trkpt>
      <trkpt lat="23.04998335428535938262939453125" lon="113.30805310048162937164306640625">
        <ele>5.599999904632568359375</ele>
        <time>2026-08-24T22:56:06.000Z</time>
        <extensions>
          <ns3:TrackPointExtension>
            <ns3:hr>135</ns3:hr>
            <ns3:cad>80</ns3:cad>
          </ns3:TrackPointExtension>
        </extensions>
      </trkpt>
      <trkpt lat="23.04997933097183704376220703125" lon="113.30808143131434917449951171875">
        <ele>5.599999904632568359375</ele>
        <time>2026-08-24T22:56:07.000Z</time>
        <extensions>
          <ns3:TrackPointExtension>
            <ns3:hr>136</ns3:hr>
            <ns3:cad>80</ns3:cad>
          </ns3:TrackPointExtension>
        </extensions>
      </trkpt>
      <trkpt lat="23.0499713681638240814208984375" lon="113.30810674466192722320556640625">
        <ele>5.599999904632568359375</ele>
        <time>2026-08-24T22:56:08.000Z</time>
        <extensions>
          <ns3:TrackPointExtension>
            <ns3:hr>136</ns3:hr>
            <ns3:cad>80</ns3:cad>
          </ns3:TrackPointExtension>
        </extensions>
      </trkpt>
      <trkpt lat="23.0499743856489658355712890625" lon="113.30812334083020687103271484375">
        <ele>5.599999904632568359375</ele>
        <time>2026-08-24T22:56:09.000Z</time>
        <extensions>
          <ns3:TrackPointExtension>
            <ns3:hr>136</ns3:hr>
            <ns3:cad>80</ns3:cad>
          </ns3:TrackPointExtension>
        </extensions>
      </trkpt>
      <trkpt lat="23.04997153580188751220703125" lon="113.30814714543521404266357421875">
        <ele>5.599999904632568359375</ele>
        <time>2026-08-24T22:56:10.000Z</time>
        <extensions>
          <ns3:TrackPointExtension>
            <ns3:hr>137</ns3:hr>
            <ns3:cad>80</ns3:cad>
          </ns3:TrackPointExtension>
        </extensions>
      </trkpt>
      <trkpt lat="23.04996474646031856536865234375" lon="113.3081723749637603759765625">
        <ele>5.599999904632568359375</ele>
        <time>2026-08-24T22:56:11.000Z</time>
        <extensions>
          <ns3:TrackPointExtension>
            <ns3:hr>137</ns3:hr>
            <ns3:cad>81</ns3:cad>
          </ns3:TrackPointExtension>
        </extensions>
      </trkpt>
      <trkpt lat="23.04996927268803119659423828125" lon="113.3081916533410549163818359375">
        <ele>5.599999904632568359375</ele>
        <time>2026-08-24T22:56:12.000Z</time>
        <extensions>
          <ns3:TrackPointExtension>
            <ns3:hr>137</ns3:hr>
            <ns3:cad>81</ns3:cad>
          </ns3:TrackPointExtension>
        </extensions>
      </trkpt>
      <trkpt lat="23.04996441118419170379638671875" lon="113.30822023563086986541748046875">
        <ele>5.599999904632568359375</ele>
        <time>2026-08-24T22:56:13.000Z</time>
        <extensions>
          <ns3:TrackPointExtension>
            <ns3:hr>137</ns3:hr>
            <ns3:cad>81</ns3:cad>
          </ns3:TrackPointExtension>
        </extensions>
      </trkpt>
      <trkpt lat="23.04995820857584476470947265625" lon="113.30824336968362331390380859375">
        <ele>5.599999904632568359375</ele>
        <time>2026-08-24T22:56:14.000Z</time>
        <extensions>
          <ns3:TrackPointExtension>
            <ns3:hr>137</ns3:hr>
            <ns3:cad>81</ns3:cad>
          </ns3:TrackPointExtension>
        </extensions>
      </trkpt>
      <trkpt lat="23.0499603040516376495361328125" lon="113.3082635700702667236328125">
        <ele>5.599999904632568359375</ele>
        <time>2026-08-24T22:56:15.000Z</time>
        <extensions>
          <ns3:TrackPointExtension>
            <ns3:hr>137</ns3:hr>
            <ns3:cad>81</ns3:cad>
          </ns3:TrackPointExtension>
        </extensions>
      </trkpt>
      <trkpt lat="23.04995468817651271820068359375" lon="113.308291733264923095703125">
        <ele>5.599999904632568359375</ele>
        <time>2026-08-24T22:56:16.000Z</time>
        <extensions>
          <ns3:TrackPointExtension>
            <ns3:hr>137</ns3:hr>
            <ns3:cad>81</ns3:cad>
          </ns3:TrackPointExtension>
        </extensions>
      </trkpt>
      <trkpt lat="23.049949072301387786865234375" lon="113.3083118498325347900390625">
        <ele>5.80000019073486328125</ele>
        <time>2026-08-24T22:56:17.000Z</time>
        <extensions>
          <ns3:TrackPointExtension>
            <ns3:hr>136</ns3:hr>
            <ns3:cad>80</ns3:cad>
          </ns3:TrackPointExtension>
        </extensions>
      </trkpt>
      <trkpt lat="23.04995569400489330291748046875" lon="113.3083306252956390380859375">
        <ele>5.80000019073486328125</ele>
        <time>2026-08-24T22:56:18.000Z</time>
        <extensions>
          <ns3:TrackPointExtension>
            <ns3:hr>137</ns3:hr>
            <ns3:cad>80</ns3:cad>
          </ns3:TrackPointExtension>
        </extensions>
      </trkpt>
      <trkpt lat="23.049950413405895233154296875" lon="113.30836038105189800262451171875">
        <ele>5.80000019073486328125</ele>
        <time>2026-08-24T22:56:19.000Z</time>
        <extensions>
          <ns3:TrackPointExtension>
            <ns3:hr>137</ns3:hr>
            <ns3:cad>80</ns3:cad>
          </ns3:TrackPointExtension>
        </extensions>
      </trkpt>
      <trkpt lat="23.04994429461658000946044921875" lon="113.308379910886287689208984375">
        <ele>5.80000019073486328125</ele>
        <time>2026-08-24T22:56:20.000Z</time>
        <extensions>
          <ns3:TrackPointExtension>
            <ns3:hr>137</ns3:hr>
            <ns3:cad>79</ns3:cad>
          </ns3:TrackPointExtension>
        </extensions>
      </trkpt>
      <trkpt lat="23.04994462989270687103271484375" lon="113.30839340575039386749267578125">
        <ele>5.80000019073486328125</ele>
        <time>2026-08-24T22:56:21.000Z</time>
        <extensions>
          <ns3:TrackPointExtension>
            <ns3:hr>136</ns3:hr>
            <ns3:cad>79</ns3:cad>
          </ns3:TrackPointExtension>
        </extensions>
      </trkpt>
      <trkpt lat="23.0499391816556453704833984375" lon="113.3084233291447162628173828125">
        <ele>5.599999904632568359375</ele>
        <time>2026-08-24T22:56:22.000Z</time>
        <extensions>
          <ns3:TrackPointExtension>
            <ns3:hr>137</ns3:hr>
            <ns3:cad>80</ns3:cad>
          </ns3:TrackPointExtension>
        </extensions>
      </trkpt>
      <trkpt lat="23.0499331466853618621826171875" lon="113.3084410987794399261474609375">
        <ele>5.599999904632568359375</ele>
        <time>2026-08-24T22:56:23.000Z</time>
        <extensions>
          <ns3:TrackPointExtension>
            <ns3:hr>137</ns3:hr>
            <ns3:cad>80</ns3:cad>
          </ns3:TrackPointExtension>
        </extensions>
      </trkpt>
      <trkpt lat="23.04993155412375926971435546875" lon="113.30846783705055713653564453125">
        <ele>5.599999904632568359375</ele>
        <time>2026-08-24T22:56:24.000Z</time>
        <extensions>
          <ns3:TrackPointExtension>
            <ns3:hr>136</ns3:hr>
            <ns3:cad>81</ns3:cad>
          </ns3:TrackPointExtension>
        </extensions>
      </trkpt>
      <trkpt lat="23.04991847835481166839599609375" lon="113.30850622616708278656005859375">
        <ele>5.599999904632568359375</ele>
        <time>2026-08-24T22:56:25.000Z</time>
        <extensions>
          <ns3:TrackPointExtension>
            <ns3:hr>137</ns3:hr>
            <ns3:cad>81</ns3:cad>
          </ns3:TrackPointExtension>
        </extensions>
      </trkpt>
      <trkpt lat="23.04992132820188999176025390625" lon="113.3085276000201702117919921875">
        <ele>5.599999904632568359375</ele>
        <time>2026-08-24T22:56:26.000Z</time>
        <extensions>
          <ns3:TrackPointExtension>
            <ns3:hr>137</ns3:hr>
            <ns3:cad>80</ns3:cad>
          </ns3:TrackPointExtension>
        </extensions>
      </trkpt>
      <trkpt lat="23.0499239265918731689453125" lon="113.3085527457296848297119140625">
        <ele>5.400000095367431640625</ele>
        <time>2026-08-24T22:56:27.000Z</time>
        <extensions>
          <ns3:TrackPointExtension>
            <ns3:hr>136</ns3:hr>
            <ns3:cad>80</ns3:cad>
          </ns3:TrackPointExtension>
        </extensions>
      </trkpt>
      <trkpt lat="23.04992183111608028411865234375" lon="113.30859255976974964141845703125">
        <ele>5.400000095367431640625</ele>
        <time>2026-08-24T22:56:28.000Z</time>
        <extensions>
          <ns3:TrackPointExtension>
            <ns3:hr>137</ns3:hr>
            <ns3:cad>81</ns3:cad>
          </ns3:TrackPointExtension>
        </extensions>
      </trkpt>
      <trkpt lat="23.0499167181551456451416015625" lon="113.308605216443538665771484375">
        <ele>5.400000095367431640625</ele>
        <time>2026-08-24T22:56:29.000Z</time>
        <extensions>
          <ns3:TrackPointExtension>
            <ns3:hr>137</ns3:hr>
            <ns3:cad>81</ns3:cad>
          </ns3:TrackPointExtension>
        </extensions>
      </trkpt>
      <trkpt lat="23.04991546086966991424560546875" lon="113.30862910486757755279541015625">
        <ele>5.400000095367431640625</ele>
        <time>2026-08-24T22:56:30.000Z</time>
        <extensions>
          <ns3:TrackPointExtension>
            <ns3:hr>137</ns3:hr>
            <ns3:cad>81</ns3:cad>
          </ns3:TrackPointExtension>
        </extensions>
      </trkpt>
      <trkpt lat="23.04990590550005435943603515625" lon="113.30865844152867794036865234375">
        <ele>5.599999904632568359375</ele>
        <time>2026-08-24T22:56:31.000Z</time>
        <extensions>
          <ns3:TrackPointExtension>
            <ns3:hr>137</ns3:hr>
            <ns3:cad>81</ns3:cad>
          </ns3:TrackPointExtension>
        </extensions>
      </trkpt>
      <trkpt lat="23.04990582168102264404296875" lon="113.308672942221164703369140625">
        <ele>5.599999904632568359375</ele>
        <time>2026-08-24T22:56:32.000Z</time>
        <extensions>
          <ns3:TrackPointExtension>
            <ns3:hr>137</ns3:hr>
            <ns3:cad>80</ns3:cad>
          </ns3:TrackPointExtension>
        </extensions>
      </trkpt>
      <trkpt lat="23.04990850389003753662109375" lon="113.308697752654552459716796875">
        <ele>5.599999904632568359375</ele>
        <time>2026-08-24T22:56:33.000Z</time>
        <extensions>
          <ns3:TrackPointExtension>
            <ns3:hr>137</ns3:hr>
            <ns3:cad>80</ns3:cad>
          </ns3:TrackPointExtension>
        </extensions>
      </trkpt>
      <trkpt lat="23.0499012954533100128173828125" lon="113.3087213896214962005615234375">
        <ele>5.599999904632568359375</ele>
        <time>2026-08-24T22:56:34.000Z</time>
        <extensions>
          <ns3:TrackPointExtension>
            <ns3:hr>137</ns3:hr>
            <ns3:cad>80</ns3:cad>
          </ns3:TrackPointExtension>
        </extensions>
      </trkpt>
      <trkpt lat="23.04990724660456180572509765625" lon="113.30873656086623668670654296875">
        <ele>5.599999904632568359375</ele>
        <time>2026-08-24T22:56:35.000Z</time>
        <extensions>
          <ns3:TrackPointExtension>
            <ns3:hr>137</ns3:hr>
            <ns3:cad>81</ns3:cad>
          </ns3:TrackPointExtension>
        </extensions>
      </trkpt>
      <trkpt lat="23.049906156957149505615234375" lon="113.30876522697508335113525390625">
        <ele>5.599999904632568359375</ele>
        <time>2026-08-24T22:56:36.000Z</time>
        <extensions>
          <ns3:TrackPointExtension>
            <ns3:hr>137</ns3:hr>
            <ns3:cad>81</ns3:cad>
          </ns3:TrackPointExtension>
        </extensions>
      </trkpt>
      <trkpt lat="23.0498971045017242431640625" lon="113.30879406072199344635009765625">
        <ele>5.599999904632568359375</ele>
        <time>2026-08-24T22:56:37.000Z</time>
        <extensions>
          <ns3:TrackPointExtension>
            <ns3:hr>138</ns3:hr>
            <ns3:cad>81</ns3:cad>
          </ns3:TrackPointExtension>
        </extensions>
      </trkpt>
      <trkpt lat="23.0499006249010562896728515625" lon="113.30881183035671710968017578125">
        <ele>5.599999904632568359375</ele>
        <time>2026-08-24T22:56:38.000Z</time>
        <extensions>
          <ns3:TrackPointExtension>
            <ns3:hr>138</ns3:hr>
            <ns3:cad>81</ns3:cad>
          </ns3:TrackPointExtension>
        </extensions>
      </trkpt>
      <trkpt lat="23.0499006249010562896728515625" lon="113.30884091556072235107421875">
        <ele>5.599999904632568359375</ele>
        <time>2026-08-24T22:56:39.000Z</time>
        <extensions>
          <ns3:TrackPointExtension>
            <ns3:hr>138</ns3:hr>
            <ns3:cad>80</ns3:cad>
          </ns3:TrackPointExtension>
        </extensions>
      </trkpt>
      <trkpt lat="23.049897439777851104736328125" lon="113.308864720165729522705078125">
        <ele>5.599999904632568359375</ele>
        <time>2026-08-24T22:56:40.000Z</time>
        <extensions>
          <ns3:TrackPointExtension>
            <ns3:hr>138</ns3:hr>
            <ns3:cad>80</ns3:cad>
          </ns3:TrackPointExtension>
        </extensions>
      </trkpt>
      <trkpt lat="23.0499033071100711822509765625" lon="113.30888307653367519378662109375">
        <ele>5.599999904632568359375</ele>
        <time>2026-08-24T22:56:41.000Z</time>
        <extensions>
          <ns3:TrackPointExtension>
            <ns3:hr>137</ns3:hr>
            <ns3:cad>81</ns3:cad>
          </ns3:TrackPointExtension>
        </extensions>
      </trkpt>
      <trkpt lat="23.04990473203361034393310546875" lon="113.3089099824428558349609375">
        <ele>5.599999904632568359375</ele>
        <time>2026-08-24T22:56:42.000Z</time>
        <extensions>
          <ns3:TrackPointExtension>
            <ns3:hr>138</ns3:hr>
            <ns3:cad>81</ns3:cad>
          </ns3:TrackPointExtension>
        </extensions>
      </trkpt>
      <trkpt lat="23.04990037344396114349365234375" lon="113.30893454141914844512939453125">
        <ele>5.599999904632568359375</ele>
        <time>2026-08-24T22:56:43.000Z</time>
        <extensions>
          <ns3:TrackPointExtension>
            <ns3:hr>138</ns3:hr>
            <ns3:cad>81</ns3:cad>
          </ns3:TrackPointExtension>
        </extensions>
      </trkpt>
      <trkpt lat="23.04990137927234172821044921875" lon="113.3089544065296649932861328125">
        <ele>5.599999904632568359375</ele>
        <time>2026-08-24T22:56:44.000Z</time>
        <extensions>
          <ns3:TrackPointExtension>
            <ns3:hr>138</ns3:hr>
            <ns3:cad>81</ns3:cad>
          </ns3:TrackPointExtension>
        </extensions>
      </trkpt>
      <trkpt lat="23.04989467374980449676513671875" lon="113.3089852519333362579345703125">
        <ele>5.599999904632568359375</ele>
        <time>2026-08-24T22:56:45.000Z</time>
        <extensions>
          <ns3:TrackPointExtension>
            <ns3:hr>138</ns3:hr>
            <ns3:cad>81</ns3:cad>
          </ns3:TrackPointExtension>
        </extensions>
      </trkpt>
      <trkpt lat="23.0498885549604892730712890625" lon="113.30900712870061397552490234375">
        <ele>5.599999904632568359375</ele>
        <time>2026-08-24T22:56:46.000Z</time>
        <extensions>
          <ns3:TrackPointExtension>
            <ns3:hr>138</ns3:hr>
            <ns3:cad>81</ns3:cad>
          </ns3:TrackPointExtension>
        </extensions>
      </trkpt>
      <trkpt lat="23.0498929135501384735107421875" lon="113.3090281672775745391845703125">
        <ele>5.599999904632568359375</ele>
        <time>2026-08-24T22:56:47.000Z</time>
        <extensions>
          <ns3:TrackPointExtension>
            <ns3:hr>138</ns3:hr>
            <ns3:cad>81</ns3:cad>
          </ns3:TrackPointExtension>
        </extensions>
      </trkpt>
      <trkpt lat="23.049887716770172119140625" lon="113.30905742011964321136474609375">
        <ele>5.400000095367431640625</ele>
        <time>2026-08-24T22:56:48.000Z</time>
        <extensions>
          <ns3:TrackPointExtension>
            <ns3:hr>138</ns3:hr>
            <ns3:cad>81</ns3:cad>
          </ns3:TrackPointExtension>
        </extensions>
      </trkpt>
      <trkpt lat="23.0498878844082355499267578125" lon="113.30907829105854034423828125">
        <ele>5.400000095367431640625</ele>
        <time>2026-08-24T22:56:49.000Z</time>
        <extensions>
          <ns3:TrackPointExtension>
            <ns3:hr>138</ns3:hr>
            <ns3:cad>81</ns3:cad>
          </ns3:TrackPointExtension>
        </extensions>
      </trkpt>
      <trkpt lat="23.04988763295114040374755859375" lon="113.30910201184451580047607421875">
        <ele>5.400000095367431640625</ele>
        <time>2026-08-24T22:56:50.000Z</time>
        <extensions>
          <ns3:TrackPointExtension>
            <ns3:hr>138</ns3:hr>
            <ns3:cad>81</ns3:cad>
          </ns3:TrackPointExtension>
        </extensions>
      </trkpt>
      <trkpt lat="23.04988578893244266510009765625" lon="113.309132941067218780517578125">
        <ele>5.400000095367431640625</ele>
        <time>2026-08-24T22:56:51.000Z</time>
        <extensions>
          <ns3:TrackPointExtension>
            <ns3:hr>138</ns3:hr>
            <ns3:cad>81</ns3:cad>
          </ns3:TrackPointExtension>
        </extensions>
      </trkpt>
      <trkpt lat="23.04988847114145755767822265625" lon="113.309150040149688720703125">
        <ele>5.400000095367431640625</ele>
        <time>2026-08-24T22:56:52.000Z</time>
        <extensions>
          <ns3:TrackPointExtension>
            <ns3:hr>138</ns3:hr>
            <ns3:cad>81</ns3:cad>
          </ns3:TrackPointExtension>
        </extensions>
      </trkpt>
      <trkpt lat="23.049892075359821319580078125" lon="113.3091740123927593231201171875">
        <ele>5.400000095367431640625</ele>
        <time>2026-08-24T22:56:53.000Z</time>
        <extensions>
          <ns3:TrackPointExtension>
            <ns3:hr>138</ns3:hr>
            <ns3:cad>81</ns3:cad>
          </ns3:TrackPointExtension>
        </extensions>
      </trkpt>
      <trkpt lat="23.04988612420856952667236328125" lon="113.3092041872441768646240234375">
        <ele>5.400000095367431640625</ele>
        <time>2026-08-24T22:56:54.000Z</time>
        <extensions>
          <ns3:TrackPointExtension>
            <ns3:hr>139</ns3:hr>
            <ns3:cad>81</ns3:cad>
          </ns3:TrackPointExtension>
        </extensions>
      </trkpt>
      <trkpt lat="23.0498865433037281036376953125" lon="113.3092189393937587738037109375">
        <ele>5.599999904632568359375</ele>
        <time>2026-08-24T22:56:55.000Z</time>
        <extensions>
          <ns3:TrackPointExtension>
            <ns3:hr>138</ns3:hr>
            <ns3:cad>81</ns3:cad>
          </ns3:TrackPointExtension>
        </extensions>
      </trkpt>
      <trkpt lat="23.0498888902366161346435546875" lon="113.30924467183649539947509765625">
        <ele>5.599999904632568359375</ele>
        <time>2026-08-24T22:56:56.000Z</time>
        <extensions>
          <ns3:TrackPointExtension>
            <ns3:hr>138</ns3:hr>
            <ns3:cad>81</ns3:cad>
          </ns3:TrackPointExtension>
        </extensions>
      </trkpt>
      <trkpt lat="23.049885369837284088134765625" lon="113.30927199684083461761474609375">
        <ele>5.599999904632568359375</ele>
        <time>2026-08-24T22:56:57.000Z</time>
        <extensions>
          <ns3:TrackPointExtension>
            <ns3:hr>139</ns3:hr>
            <ns3:cad>81</ns3:cad>
          </ns3:TrackPointExtension>
        </extensions>
      </trkpt>
      <trkpt lat="23.0498917400836944580078125" lon="113.3092836476862430572509765625">
        <ele>5.599999904632568359375</ele>
        <time>2026-08-24T22:56:58.000Z</time>
        <extensions>
          <ns3:TrackPointExtension>
            <ns3:hr>139</ns3:hr>
            <ns3:cad>80</ns3:cad>
          </ns3:TrackPointExtension>
        </extensions>
      </trkpt>
      <trkpt lat="23.04989702068269252777099609375" lon="113.30931105650961399078369140625">
        <ele>5.599999904632568359375</ele>
        <time>2026-08-24T22:56:59.000Z</time>
        <extensions>
          <ns3:TrackPointExtension>
            <ns3:hr>139</ns3:hr>
            <ns3:cad>80</ns3:cad>
          </ns3:TrackPointExtension>
        </extensions>
      </trkpt>
      <trkpt lat="23.04989517666399478912353515625" lon="113.30933352001011371612548828125">
        <ele>5.599999904632568359375</ele>
        <time>2026-08-24T22:57:00.000Z</time>
        <extensions>
          <ns3:TrackPointExtension>
            <ns3:hr>138</ns3:hr>
            <ns3:cad>80</ns3:cad>
          </ns3:TrackPointExtension>
        </extensions>
      </trkpt>
      <trkpt lat="23.04990121163427829742431640625" lon="113.30935296602547168731689453125">
        <ele>5.599999904632568359375</ele>
        <time>2026-08-24T22:57:01.000Z</time>
        <extensions>
          <ns3:TrackPointExtension>
            <ns3:hr>139</ns3:hr>
            <ns3:cad>80</ns3:cad>
          </ns3:TrackPointExtension>
        </extensions>
      </trkpt>
      <trkpt lat="23.04990305565297603607177734375" lon="113.309381045401096343994140625">
        <ele>5.599999904632568359375</ele>
        <time>2026-08-24T22:57:02.000Z</time>
        <extensions>
          <ns3:TrackPointExtension>
            <ns3:hr>139</ns3:hr>
            <ns3:cad>81</ns3:cad>
          </ns3:TrackPointExtension>
        </extensions>
      </trkpt>
      <trkpt lat="23.0499002896249294281005859375" lon="113.30940711311995983123779296875">
        <ele>5.80000019073486328125</ele>
        <time>2026-08-24T22:57:03.000Z</time>
        <extensions>
          <ns3:TrackPointExtension>
            <ns3:hr>138</ns3:hr>
            <ns3:cad>81</ns3:cad>
          </ns3:TrackPointExtension>
        </extensions>
      </trkpt>
      <trkpt lat="23.0499064922332763671875" lon="113.30942655913531780242919921875">
        <ele>5.80000019073486328125</ele>
        <time>2026-08-24T22:57:04.000Z</time>
        <extensions>
          <ns3:TrackPointExtension>
            <ns3:hr>139</ns3:hr>
            <ns3:cad>81</ns3:cad>
          </ns3:TrackPointExtension>
        </extensions>
      </trkpt>
      <trkpt lat="23.04990774951875209808349609375" lon="113.30945438705384731292724609375">
        <ele>5.80000019073486328125</ele>
        <time>2026-08-24T22:57:05.000Z</time>
        <extensions>
          <ns3:TrackPointExtension>
            <ns3:hr>139</ns3:hr>
            <ns3:cad>80</ns3:cad>
          </ns3:TrackPointExtension>
        </extensions>
      </trkpt>
      <trkpt lat="23.04990448057651519775390625" lon="113.30947659909725189208984375">
        <ele>5.80000019073486328125</ele>
        <time>2026-08-24T22:57:06.000Z</time>
        <extensions>
          <ns3:TrackPointExtension>
            <ns3:hr>139</ns3:hr>
            <ns3:cad>80</ns3:cad>
          </ns3:TrackPointExtension>
        </extensions>
      </trkpt>
      <trkpt lat="23.049908168613910675048828125" lon="113.30949177034199237823486328125">
        <ele>5.80000019073486328125</ele>
        <time>2026-08-24T22:57:07.000Z</time>
        <extensions>
          <ns3:TrackPointExtension>
            <ns3:hr>139</ns3:hr>
            <ns3:cad>80</ns3:cad>
          </ns3:TrackPointExtension>
        </extensions>
      </trkpt>
      <trkpt lat="23.04990808479487895965576171875" lon="113.3095228672027587890625">
        <ele>5.80000019073486328125</ele>
        <time>2026-08-24T22:57:08.000Z</time>
        <extensions>
          <ns3:TrackPointExtension>
            <ns3:hr>139</ns3:hr>
            <ns3:cad>80</ns3:cad>
          </ns3:TrackPointExtension>
        </extensions>
      </trkpt>
      <trkpt lat="23.04990707896649837493896484375" lon="113.30954407341778278350830078125">
        <ele>5.80000019073486328125</ele>
        <time>2026-08-24T22:57:09.000Z</time>
        <extensions>
          <ns3:TrackPointExtension>
            <ns3:hr>139</ns3:hr>
            <ns3:cad>80</ns3:cad>
          </ns3:TrackPointExtension>
        </extensions>
      </trkpt>
      <trkpt lat="23.0499137006700038909912109375" lon="113.30956217832863330841064453125">
        <ele>5.80000019073486328125</ele>
        <time>2026-08-24T22:57:10.000Z</time>
        <extensions>
          <ns3:TrackPointExtension>
            <ns3:hr>139</ns3:hr>
            <ns3:cad>80</ns3:cad>
          </ns3:TrackPointExtension>
        </extensions>
      </trkpt>
      <trkpt lat="23.04991311393678188323974609375" lon="113.309593610465526580810546875">
        <ele>5.80000019073486328125</ele>
        <time>2026-08-24T22:57:11.000Z</time>
        <extensions>
          <ns3:TrackPointExtension>
            <ns3:hr>139</ns3:hr>
            <ns3:cad>80</ns3:cad>
          </ns3:TrackPointExtension>
        </extensions>
      </trkpt>
      <trkpt lat="23.04991059936583042144775390625" lon="113.30961431376636028289794921875">
        <ele>5.80000019073486328125</ele>
        <time>2026-08-24T22:57:12.000Z</time>
        <extensions>
          <ns3:TrackPointExtension>
            <ns3:hr>140</ns3:hr>
            <ns3:cad>80</ns3:cad>
          </ns3:TrackPointExtension>
        </extensions>
      </trkpt>
      <trkpt lat="23.04991445504128932952880859375" lon="113.30963862128555774688720703125">
        <ele>5.80000019073486328125</ele>
        <time>2026-08-24T22:57:13.000Z</time>
        <extensions>
          <ns3:TrackPointExtension>
            <ns3:hr>139</ns3:hr>
            <ns3:cad>80</ns3:cad>
          </ns3:TrackPointExtension>
        </extensions>
      </trkpt>
      <trkpt lat="23.04991495795547962188720703125" lon="113.309668041765689849853515625">
        <ele>5.80000019073486328125</ele>
        <time>2026-08-24T22:57:14.000Z</time>
        <extensions>
          <ns3:TrackPointExtension>
            <ns3:hr>140</ns3:hr>
            <ns3:cad>80</ns3:cad>
          </ns3:TrackPointExtension>
        </extensions>
      </trkpt>
      <trkpt lat="23.04991579614579677581787109375" lon="113.309684805572032928466796875">
        <ele>5.80000019073486328125</ele>
        <time>2026-08-24T22:57:15.000Z</time>
        <extensions>
          <ns3:TrackPointExtension>
            <ns3:hr>140</ns3:hr>
            <ns3:cad>80</ns3:cad>
          </ns3:TrackPointExtension>
        </extensions>
      </trkpt>
      <trkpt lat="23.04992065764963626861572265625" lon="113.309702910482883453369140625">
        <ele>5.80000019073486328125</ele>
        <time>2026-08-24T22:57:16.000Z</time>
        <extensions>
          <ns3:TrackPointExtension>
            <ns3:hr>140</ns3:hr>
            <ns3:cad>80</ns3:cad>
          </ns3:TrackPointExtension>
        </extensions>
      </trkpt>
      <trkpt lat="23.0499173887073993682861328125" lon="113.30973803065717220306396484375">
        <ele>5.80000019073486328125</ele>
        <time>2026-08-24T22:57:17.000Z</time>
        <extensions>
          <ns3:TrackPointExtension>
            <ns3:hr>140</ns3:hr>
            <ns3:cad>80</ns3:cad>
          </ns3:TrackPointExtension>
        </extensions>
      </trkpt>
      <trkpt lat="23.0499160476028919219970703125" lon="113.30975957214832305908203125">
        <ele>5.80000019073486328125</ele>
        <time>2026-08-24T22:57:18.000Z</time>
        <extensions>
          <ns3:TrackPointExtension>
            <ns3:hr>140</ns3:hr>
            <ns3:cad>80</ns3:cad>
          </ns3:TrackPointExtension>
        </extensions>
      </trkpt>
      <trkpt lat="23.04992501623928546905517578125" lon="113.3097808621823787689208984375">
        <ele>5.80000019073486328125</ele>
        <time>2026-08-24T22:57:19.000Z</time>
        <extensions>
          <ns3:TrackPointExtension>
            <ns3:hr>140</ns3:hr>
            <ns3:cad>80</ns3:cad>
          </ns3:TrackPointExtension>
        </extensions>
      </trkpt>
      <trkpt lat="23.04992191493511199951171875" lon="113.309806175529956817626953125">
        <ele>5.599999904632568359375</ele>
        <time>2026-08-24T22:57:20.000Z</time>
        <extensions>
          <ns3:TrackPointExtension>
            <ns3:hr>141</ns3:hr>
            <ns3:cad>81</ns3:cad>
          </ns3:TrackPointExtension>
        </extensions>
      </trkpt>
      <trkpt lat="23.04992258548736572265625" lon="113.30982486717402935028076171875">
        <ele>5.599999904632568359375</ele>
        <time>2026-08-24T22:57:21.000Z</time>
        <extensions>
          <ns3:TrackPointExtension>
            <ns3:hr>141</ns3:hr>
            <ns3:cad>81</ns3:cad>
          </ns3:TrackPointExtension>
        </extensions>
      </trkpt>
      <trkpt lat="23.049929626286029815673828125" lon="113.3098459057509899139404296875">
        <ele>5.599999904632568359375</ele>
        <time>2026-08-24T22:57:22.000Z</time>
        <extensions>
          <ns3:TrackPointExtension>
            <ns3:hr>141</ns3:hr>
            <ns3:cad>81</ns3:cad>
          </ns3:TrackPointExtension>
        </extensions>
      </trkpt>
      <trkpt lat="23.04993222467601299285888671875" lon="113.30987432040274143218994140625">
        <ele>5.599999904632568359375</ele>
        <time>2026-08-24T22:57:23.000Z</time>
        <extensions>
          <ns3:TrackPointExtension>
            <ns3:hr>141</ns3:hr>
            <ns3:cad>81</ns3:cad>
          </ns3:TrackPointExtension>
        </extensions>
      </trkpt>
      <trkpt lat="23.04993440397083759307861328125" lon="113.30989175476133823394775390625">
        <ele>5.599999904632568359375</ele>
        <time>2026-08-24T22:57:24.000Z</time>
        <extensions>
          <ns3:TrackPointExtension>
            <ns3:hr>141</ns3:hr>
            <ns3:cad>81</ns3:cad>
          </ns3:TrackPointExtension>
        </extensions>
      </trkpt>
      <trkpt lat="23.04993842728435993194580078125" lon="113.30991572700440883636474609375">
        <ele>5.80000019073486328125</ele>
        <time>2026-08-24T22:57:25.000Z</time>
        <extensions>
          <ns3:TrackPointExtension>
            <ns3:hr>141</ns3:hr>
            <ns3:cad>80</ns3:cad>
          </ns3:TrackPointExtension>
        </extensions>
      </trkpt>
      <trkpt lat="23.0499318055808544158935546875" lon="113.30994690768420696258544921875">
        <ele>5.80000019073486328125</ele>
        <time>2026-08-24T22:57:26.000Z</time>
        <extensions>
          <ns3:TrackPointExtension>
            <ns3:hr>141</ns3:hr>
            <ns3:cad>80</ns3:cad>
          </ns3:TrackPointExtension>
        </extensions>
      </trkpt>
      <trkpt lat="23.04993331432342529296875" lon="113.309967108070850372314453125">
        <ele>5.80000019073486328125</ele>
        <time>2026-08-24T22:57:27.000Z</time>
        <extensions>
          <ns3:TrackPointExtension>
            <ns3:hr>141</ns3:hr>
            <ns3:cad>80</ns3:cad>
          </ns3:TrackPointExtension>
        </extensions>
      </trkpt>
      <trkpt lat="23.04993976838886737823486328125" lon="113.30998781137168407440185546875">
        <ele>5.80000019073486328125</ele>
        <time>2026-08-24T22:57:28.000Z</time>
        <extensions>
          <ns3:TrackPointExtension>
            <ns3:hr>142</ns3:hr>
            <ns3:cad>80</ns3:cad>
          </ns3:TrackPointExtension>
        </extensions>
      </trkpt>
      <trkpt lat="23.049938343465328216552734375" lon="113.31001413054764270782470703125">
        <ele>5.80000019073486328125</ele>
        <time>2026-08-24T22:57:29.000Z</time>
        <extensions>
          <ns3:TrackPointExtension>
            <ns3:hr>142</ns3:hr>
            <ns3:cad>80</ns3:cad>
          </ns3:TrackPointExtension>
        </extensions>
      </trkpt>
      <trkpt lat="23.049941025674343109130859375" lon="113.31002779304981231689453125">
        <ele>5.80000019073486328125</ele>
        <time>2026-08-24T22:57:30.000Z</time>
        <extensions>
          <ns3:TrackPointExtension>
            <ns3:hr>142</ns3:hr>
            <ns3:cad>80</ns3:cad>
          </ns3:TrackPointExtension>
        </extensions>
      </trkpt>
      <trkpt lat="23.0499468930065631866455078125" lon="113.31005017273128032684326171875">
        <ele>5.80000019073486328125</ele>
        <time>2026-08-24T22:57:31.000Z</time>
        <extensions>
          <ns3:TrackPointExtension>
            <ns3:hr>142</ns3:hr>
            <ns3:cad>80</ns3:cad>
          </ns3:TrackPointExtension>
        </extensions>
      </trkpt>
      <trkpt lat="23.0499385111033916473388671875" lon="113.31007414497435092926025390625">
        <ele>5.80000019073486328125</ele>
        <time>2026-08-24T22:57:32.000Z</time>
        <extensions>
          <ns3:TrackPointExtension>
            <ns3:hr>142</ns3:hr>
            <ns3:cad>80</ns3:cad>
          </ns3:TrackPointExtension>
        </extensions>
      </trkpt>
      <trkpt lat="23.04994144476950168609619140625" lon="113.31008571200072765350341796875">
        <ele>5.80000019073486328125</ele>
        <time>2026-08-24T22:57:33.000Z</time>
        <extensions>
          <ns3:TrackPointExtension>
            <ns3:hr>142</ns3:hr>
            <ns3:cad>80</ns3:cad>
          </ns3:TrackPointExtension>
        </extensions>
      </trkpt>
      <trkpt lat="23.04994379170238971710205078125" lon="113.310105912387371063232421875">
        <ele>5.80000019073486328125</ele>
        <time>2026-08-24T22:57:34.000Z</time>
        <extensions>
          <ns3:TrackPointExtension>
            <ns3:hr>142</ns3:hr>
            <ns3:cad>80</ns3:cad>
          </ns3:TrackPointExtension>
        </extensions>
      </trkpt>
      <trkpt lat="23.04993440397083759307861328125" lon="113.31012971699237823486328125">
        <ele>5.80000019073486328125</ele>
        <time>2026-08-24T22:57:35.000Z</time>
        <extensions>
          <ns3:TrackPointExtension>
            <ns3:hr>142</ns3:hr>
            <ns3:cad>80</ns3:cad>
          </ns3:TrackPointExtension>
        </extensions>
      </trkpt>
      <trkpt lat="23.04993758909404277801513671875" lon="113.310140110552310943603515625">
        <ele>5.80000019073486328125</ele>
        <time>2026-08-24T22:57:36.000Z</time>
        <extensions>
          <ns3:TrackPointExtension>
            <ns3:hr>142</ns3:hr>
            <ns3:cad>80</ns3:cad>
          </ns3:TrackPointExtension>
        </extensions>
      </trkpt>
      <trkpt lat="23.04994295351207256317138671875" lon="113.3101637475192546844482421875">
        <ele>5.80000019073486328125</ele>
        <time>2026-08-24T22:57:37.000Z</time>
        <extensions>
          <ns3:TrackPointExtension>
            <ns3:hr>143</ns3:hr>
            <ns3:cad>80</ns3:cad>
          </ns3:TrackPointExtension>
        </extensions>
      </trkpt>
      <trkpt lat="23.04994010366499423980712890625" lon="113.31018696539103984832763671875">
        <ele>5.80000019073486328125</ele>
        <time>2026-08-24T22:57:38.000Z</time>
        <extensions>
          <ns3:TrackPointExtension>
            <ns3:hr>142</ns3:hr>
            <ns3:cad>80</ns3:cad>
          </ns3:TrackPointExtension>
        </extensions>
      </trkpt>
      <trkpt lat="23.049944378435611724853515625" lon="113.31020213663578033447265625">
        <ele>5.80000019073486328125</ele>
        <time>2026-08-24T22:57:39.000Z</time>
        <extensions>
          <ns3:TrackPointExtension>
            <ns3:hr>142</ns3:hr>
            <ns3:cad>80</ns3:cad>
          </ns3:TrackPointExtension>
        </extensions>
      </trkpt>
      <trkpt lat="23.049950413405895233154296875" lon="113.31022870726883411407470703125">
        <ele>5.80000019073486328125</ele>
        <time>2026-08-24T22:57:40.000Z</time>
        <extensions>
          <ns3:TrackPointExtension>
            <ns3:hr>143</ns3:hr>
            <ns3:cad>80</ns3:cad>
          </ns3:TrackPointExtension>
        </extensions>
      </trkpt>
      <trkpt lat="23.04994982667267322540283203125" lon="113.31025653518736362457275390625">
        <ele>5.80000019073486328125</ele>
        <time>2026-08-24T22:57:41.000Z</time>
        <extensions>
          <ns3:TrackPointExtension>
            <ns3:hr>142</ns3:hr>
            <ns3:cad>80</ns3:cad>
          </ns3:TrackPointExtension>
        </extensions>
      </trkpt>
      <trkpt lat="23.04996105842292308807373046875" lon="113.3102757297456264495849609375">
        <ele>5.80000019073486328125</ele>
        <time>2026-08-24T22:57:42.000Z</time>
        <extensions>
          <ns3:TrackPointExtension>
            <ns3:hr>142</ns3:hr>
            <ns3:cad>80</ns3:cad>
          </ns3:TrackPointExtension>
        </extensions>
      </trkpt>
      <trkpt lat="23.049963153898715972900390625" lon="113.31030766479671001434326171875">
        <ele>5.80000019073486328125</ele>
        <time>2026-08-24T22:57:43.000Z</time>
        <extensions>
          <ns3:TrackPointExtension>
            <ns3:hr>142</ns3:hr>
            <ns3:cad>80</ns3:cad>
          </ns3:TrackPointExtension>
        </extensions>
      </trkpt>
      <trkpt lat="23.04995141923427581787109375" lon="113.3103303797543048858642578125">
        <ele>5.80000019073486328125</ele>
        <time>2026-08-24T22:57:44.000Z</time>
        <extensions>
          <ns3:TrackPointExtension>
            <ns3:hr>142</ns3:hr>
            <ns3:cad>80</ns3:cad>
          </ns3:TrackPointExtension>
        </extensions>
      </trkpt>
      <trkpt lat="23.04994613863527774810791015625" lon="113.31034739501774311065673828125">
        <ele>5.80000019073486328125</ele>
        <time>2026-08-24T22:57:45.000Z</time>
        <extensions>
          <ns3:TrackPointExtension>
            <ns3:hr>142</ns3:hr>
            <ns3:cad>80</ns3:cad>
          </ns3:TrackPointExtension>
        </extensions>
      </trkpt>
      <trkpt lat="23.04993574507534503936767578125" lon="113.3103719539940357208251953125">
        <ele>5.80000019073486328125</ele>
        <time>2026-08-24T22:57:46.000Z</time>
        <extensions>
          <ns3:TrackPointExtension>
            <ns3:hr>142</ns3:hr>
            <ns3:cad>80</ns3:cad>
          </ns3:TrackPointExtension>
        </extensions>
      </trkpt>
      <trkpt lat="23.04991663433611392974853515625" lon="113.31038930453360080718994140625">
        <ele>5.599999904632568359375</ele>
        <time>2026-08-24T22:57:47.000Z</time>
        <extensions>
          <ns3:TrackPointExtension>
            <ns3:hr>143</ns3:hr>
            <ns3:cad>80</ns3:cad>
          </ns3:TrackPointExtension>
        </extensions>
      </trkpt>
      <trkpt lat="23.0498999543488025665283203125" lon="113.310396261513233184814453125">
        <ele>5.599999904632568359375</ele>
        <time>2026-08-24T22:57:48.000Z</time>
        <extensions>
          <ns3:TrackPointExtension>
            <ns3:hr>142</ns3:hr>
            <ns3:cad>80</ns3:cad>
          </ns3:TrackPointExtension>
        </extensions>
      </trkpt>
      <trkpt lat="23.04988293908536434173583984375" lon="113.310406319797039031982421875">
        <ele>5.599999904632568359375</ele>
        <time>2026-08-24T22:57:49.000Z</time>
        <extensions>
          <ns3:TrackPointExtension>
            <ns3:hr>142</ns3:hr>
            <ns3:cad>80</ns3:cad>
          </ns3:TrackPointExtension>
        </extensions>
      </trkpt>
      <trkpt lat="23.04986148141324520111083984375" lon="113.31040908582508563995361328125">
        <ele>5.400000095367431640625</ele>
        <time>2026-08-24T22:57:50.000Z</time>
        <extensions>
          <ns3:TrackPointExtension>
            <ns3:hr>142</ns3:hr>
            <ns3:cad>79</ns3:cad>
          </ns3:TrackPointExtension>
        </extensions>
      </trkpt>
      <trkpt lat="23.0498463101685047149658203125" lon="113.310416378080844879150390625">
        <ele>5.19999980926513671875</ele>
        <time>2026-08-24T22:57:51.000Z</time>
        <extensions>
          <ns3:TrackPointExtension>
            <ns3:hr>142</ns3:hr>
            <ns3:cad>79</ns3:cad>
          </ns3:TrackPointExtension>
        </extensions>
      </trkpt>
      <trkpt lat="23.04982761852443218231201171875" lon="113.3104098401963710784912109375">
        <ele>5</ele>
        <time>2026-08-24T22:57:52.000Z</time>
        <extensions>
          <ns3:TrackPointExtension>
            <ns3:hr>142</ns3:hr>
            <ns3:cad>79</ns3:cad>
          </ns3:TrackPointExtension>
        </extensions>
      </trkpt>
      <trkpt lat="23.049807585775852203369140625" lon="113.31041394732892513275146484375">
        <ele>4.80000019073486328125</ele>
        <time>2026-08-24T22:57:53.000Z</time>
        <extensions>
          <ns3:TrackPointExtension>
            <ns3:hr>142</ns3:hr>
            <ns3:cad>79</ns3:cad>
          </ns3:TrackPointExtension>
        </extensions>
      </trkpt>
      <trkpt lat="23.04978646337985992431640625" lon="113.31041797064244747161865234375">
        <ele>4.599999904632568359375</ele>
        <time>2026-08-24T22:57:54.000Z</time>
        <extensions>
          <ns3:TrackPointExtension>
            <ns3:hr>143</ns3:hr>
            <ns3:cad>79</ns3:cad>
          </ns3:TrackPointExtension>
        </extensions>
      </trkpt>
      <trkpt lat="23.04975838400423526763916015625" lon="113.3104095049202442169189453125">
        <ele>4.599999904632568359375</ele>
        <time>2026-08-24T22:57:55.000Z</time>
        <extensions>
          <ns3:TrackPointExtension>
            <ns3:hr>142</ns3:hr>
            <ns3:cad>79</ns3:cad>
          </ns3:TrackPointExtension>
        </extensions>
      </trkpt>
      <trkpt lat="23.04973223246634006500244140625" lon="113.3104001171886920928955078125">
        <ele>4.400000095367431640625</ele>
        <time>2026-08-24T22:57:56.000Z</time>
        <extensions>
          <ns3:TrackPointExtension>
            <ns3:hr>142</ns3:hr>
            <ns3:cad>80</ns3:cad>
          </ns3:TrackPointExtension>
        </extensions>
      </trkpt>
      <trkpt lat="23.0497125349938869476318359375" lon="113.31039969809353351593017578125">
        <ele>4.400000095367431640625</ele>
        <time>2026-08-24T22:57:57.000Z</time>
        <extensions>
          <ns3:TrackPointExtension>
            <ns3:hr>142</ns3:hr>
            <ns3:cad>80</ns3:cad>
          </ns3:TrackPointExtension>
        </extensions>
      </trkpt>
      <trkpt lat="23.0496843717992305755615234375" lon="113.31038863398134708404541015625">
        <ele>4.19999980926513671875</ele>
        <time>2026-08-24T22:57:58.000Z</time>
        <extensions>
          <ns3:TrackPointExtension>
            <ns3:hr>142</ns3:hr>
            <ns3:cad>81</ns3:cad>
          </ns3:TrackPointExtension>
        </extensions>
      </trkpt>
      <trkpt lat="23.0496645905077457427978515625" lon="113.310380838811397552490234375">
        <ele>4.19999980926513671875</ele>
        <time>2026-08-24T22:57:59.000Z</time>
        <extensions>
          <ns3:TrackPointExtension>
            <ns3:hr>141</ns3:hr>
            <ns3:cad>81</ns3:cad>
          </ns3:TrackPointExtension>
        </extensions>
      </trkpt>
      <trkpt lat="23.04964690469205379486083984375" lon="113.31037648022174835205078125">
        <ele>4</ele>
        <time>2026-08-24T22:58:00.000Z</time>
        <extensions>
          <ns3:TrackPointExtension>
            <ns3:hr>141</ns3:hr>
            <ns3:cad>81</ns3:cad>
          </ns3:TrackPointExtension>
        </extensions>
      </trkpt>
      <trkpt lat="23.04962762631475925445556640625" lon="113.31036717630922794342041015625">
        <ele>4</ele>
        <time>2026-08-24T22:58:01.000Z</time>
        <extensions>
          <ns3:TrackPointExtension>
            <ns3:hr>141</ns3:hr>
            <ns3:cad>80</ns3:cad>
          </ns3:TrackPointExtension>
        </extensions>
      </trkpt>
      <trkpt lat="23.04959862492978572845458984375" lon="113.31036667339503765106201171875">
        <ele>4</ele>
        <time>2026-08-24T22:58:02.000Z</time>
        <extensions>
          <ns3:TrackPointExtension>
            <ns3:hr>142</ns3:hr>
            <ns3:cad>80</ns3:cad>
          </ns3:TrackPointExtension>
        </extensions>
      </trkpt>
      <trkpt lat="23.04957582615315914154052734375" lon="113.31036633811891078948974609375">
        <ele>4</ele>
        <time>2026-08-24T22:58:03.000Z</time>
        <extensions>
          <ns3:TrackPointExtension>
            <ns3:hr>141</ns3:hr>
            <ns3:cad>80</ns3:cad>
          </ns3:TrackPointExtension>
        </extensions>
      </trkpt>
      <trkpt lat="23.0495522730052471160888671875" lon="113.310366757214069366455078125">
        <ele>4</ele>
        <time>2026-08-24T22:58:04.000Z</time>
        <extensions>
          <ns3:TrackPointExtension>
            <ns3:hr>141</ns3:hr>
            <ns3:cad>80</ns3:cad>
          </ns3:TrackPointExtension>
        </extensions>
      </trkpt>
      <trkpt lat="23.04953123442828655242919921875" lon="113.310373127460479736328125">
        <ele>4.19999980926513671875</ele>
        <time>2026-08-24T22:58:05.000Z</time>
        <extensions>
          <ns3:TrackPointExtension>
            <ns3:hr>141</ns3:hr>
            <ns3:cad>80</ns3:cad>
          </ns3:TrackPointExtension>
        </extensions>
      </trkpt>
      <trkpt lat="23.0495157279074192047119140625" lon="113.31038645468652248382568359375">
        <ele>4.19999980926513671875</ele>
        <time>2026-08-24T22:58:06.000Z</time>
        <extensions>
          <ns3:TrackPointExtension>
            <ns3:hr>141</ns3:hr>
            <ns3:cad>80</ns3:cad>
          </ns3:TrackPointExtension>
        </extensions>
      </trkpt>
      <trkpt lat="23.04949820972979068756103515625" lon="113.3103986084461212158203125">
        <ele>4.19999980926513671875</ele>
        <time>2026-08-24T22:58:07.000Z</time>
        <extensions>
          <ns3:TrackPointExtension>
            <ns3:hr>141</ns3:hr>
            <ns3:cad>81</ns3:cad>
          </ns3:TrackPointExtension>
        </extensions>
      </trkpt>
      <trkpt lat="23.04948471486568450927734375" lon="113.3104152046144008636474609375">
        <ele>4.19999980926513671875</ele>
        <time>2026-08-24T22:58:08.000Z</time>
        <extensions>
          <ns3:TrackPointExtension>
            <ns3:hr>141</ns3:hr>
            <ns3:cad>81</ns3:cad>
          </ns3:TrackPointExtension>
        </extensions>
      </trkpt>
      <trkpt lat="23.04948027245700359344482421875" lon="113.31044278107583522796630859375">
        <ele>4</ele>
        <time>2026-08-24T22:58:09.000Z</time>
        <extensions>
          <ns3:TrackPointExtension>
            <ns3:hr>141</ns3:hr>
            <ns3:cad>80</ns3:cad>
          </ns3:TrackPointExtension>
        </extensions>
      </trkpt>
      <trkpt lat="23.0494758300483226776123046875" lon="113.31046323291957378387451171875">
        <ele>4</ele>
        <time>2026-08-24T22:58:10.000Z</time>
        <extensions>
          <ns3:TrackPointExtension>
            <ns3:hr>141</ns3:hr>
            <ns3:cad>80</ns3:cad>
          </ns3:TrackPointExtension>
        </extensions>
      </trkpt>
      <trkpt lat="23.0494731478393077850341796875" lon="113.31048703752458095550537109375">
        <ele>4</ele>
        <time>2026-08-24T22:58:11.000Z</time>
        <extensions>
          <ns3:TrackPointExtension>
            <ns3:hr>140</ns3:hr>
            <ns3:cad>80</ns3:cad>
          </ns3:TrackPointExtension>
        </extensions>
      </trkpt>
      <trkpt lat="23.04947172291576862335205078125" lon="113.310510255396366119384765625">
        <ele>4</ele>
        <time>2026-08-24T22:58:12.000Z</time>
        <extensions>
          <ns3:TrackPointExtension>
            <ns3:hr>140</ns3:hr>
            <ns3:cad>80</ns3:cad>
          </ns3:TrackPointExtension>
        </extensions>
      </trkpt>
      <trkpt lat="23.0494733154773712158203125" lon="113.31053146161139011383056640625">
        <ele>4</ele>
        <time>2026-08-24T22:58:13.000Z</time>
        <extensions>
          <ns3:TrackPointExtension>
            <ns3:hr>140</ns3:hr>
            <ns3:cad>80</ns3:cad>
          </ns3:TrackPointExtension>
        </extensions>
      </trkpt>
      <trkpt lat="23.04947474040091037750244140625" lon="113.31055040471255779266357421875">
        <ele>4</ele>
        <time>2026-08-24T22:58:14.000Z</time>
        <extensions>
          <ns3:TrackPointExtension>
            <ns3:hr>140</ns3:hr>
            <ns3:cad>80</ns3:cad>
          </ns3:TrackPointExtension>
        </extensions>
      </trkpt>
      <trkpt lat="23.04947792552411556243896484375" lon="113.310569934546947479248046875">
        <ele>4</ele>
        <time>2026-08-24T22:58:15.000Z</time>
        <extensions>
          <ns3:TrackPointExtension>
            <ns3:hr>140</ns3:hr>
            <ns3:cad>81</ns3:cad>
          </ns3:TrackPointExtension>
        </extensions>
      </trkpt>
      <trkpt lat="23.04947800934314727783203125" lon="113.31059432588517665863037109375">
        <ele>4</ele>
        <time>2026-08-24T22:58:16.000Z</time>
        <extensions>
          <ns3:TrackPointExtension>
            <ns3:hr>140</ns3:hr>
            <ns3:cad>81</ns3:cad>
          </ns3:TrackPointExtension>
        </extensions>
      </trkpt>
      <trkpt lat="23.04947423748672008514404296875" lon="113.31061092205345630645751953125">
        <ele>4</ele>
        <time>2026-08-24T22:58:17.000Z</time>
        <extensions>
          <ns3:TrackPointExtension>
            <ns3:hr>140</ns3:hr>
            <ns3:cad>81</ns3:cad>
          </ns3:TrackPointExtension>
        </extensions>
      </trkpt>
      <trkpt lat="23.04947557859122753143310546875" lon="113.310634307563304901123046875">
        <ele>3.7999999523162841796875</ele>
        <time>2026-08-24T22:58:18.000Z</time>
        <extensions>
          <ns3:TrackPointExtension>
            <ns3:hr>140</ns3:hr>
            <ns3:cad>81</ns3:cad>
          </ns3:TrackPointExtension>
        </extensions>
      </trkpt>
      <trkpt lat="23.04947339929640293121337890625" lon="113.3106614649295806884765625">
        <ele>3.7999999523162841796875</ele>
        <time>2026-08-24T22:58:19.000Z</time>
        <extensions>
          <ns3:TrackPointExtension>
            <ns3:hr>140</ns3:hr>
            <ns3:cad>80</ns3:cad>
          </ns3:TrackPointExtension>
        </extensions>
      </trkpt>
      <trkpt lat="23.049473650753498077392578125" lon="113.31067294813692569732666015625">
        <ele>3.599999904632568359375</ele>
        <time>2026-08-24T22:58:20.000Z</time>
        <extensions>
          <ns3:TrackPointExtension>
            <ns3:hr>139</ns3:hr>
            <ns3:cad>80</ns3:cad>
          </ns3:TrackPointExtension>
        </extensions>
      </trkpt>
      <trkpt lat="23.049477003514766693115234375" lon="113.31069725565612316131591796875">
        <ele>3.599999904632568359375</ele>
        <time>2026-08-24T22:58:21.000Z</time>
        <extensions>
          <ns3:TrackPointExtension>
            <ns3:hr>139</ns3:hr>
            <ns3:cad>80</ns3:cad>
          </ns3:TrackPointExtension>
        </extensions>
      </trkpt>
      <trkpt lat="23.0494786798954010009765625" lon="113.31073061563074588775634765625">
        <ele>3.7999999523162841796875</ele>
        <time>2026-08-24T22:58:22.000Z</time>
        <extensions>
          <ns3:TrackPointExtension>
            <ns3:hr>139</ns3:hr>
            <ns3:cad>80</ns3:cad>
          </ns3:TrackPointExtension>
        </extensions>
      </trkpt>
      <trkpt lat="23.0494808591902256011962890625" lon="113.31074788235127925872802734375">
        <ele>3.7999999523162841796875</ele>
        <time>2026-08-24T22:58:23.000Z</time>
        <extensions>
          <ns3:TrackPointExtension>
            <ns3:hr>139</ns3:hr>
            <ns3:cad>80</ns3:cad>
          </ns3:TrackPointExtension>
        </extensions>
      </trkpt>
      <trkpt lat="23.0494822002947330474853515625" lon="113.31077210605144500732421875">
        <ele>3.7999999523162841796875</ele>
        <time>2026-08-24T22:58:24.000Z</time>
        <extensions>
          <ns3:TrackPointExtension>
            <ns3:hr>139</ns3:hr>
            <ns3:cad>80</ns3:cad>
          </ns3:TrackPointExtension>
        </extensions>
      </trkpt>
      <trkpt lat="23.04946862161159515380859375" lon="113.31079482100903987884521484375">
        <ele>3.7999999523162841796875</ele>
        <time>2026-08-24T22:58:25.000Z</time>
        <extensions>
          <ns3:TrackPointExtension>
            <ns3:hr>138</ns3:hr>
            <ns3:cad>80</ns3:cad>
          </ns3:TrackPointExtension>
        </extensions>
      </trkpt>
      <trkpt lat="23.0494627542793750762939453125" lon="113.31080789677798748016357421875">
        <ele>3.7999999523162841796875</ele>
        <time>2026-08-24T22:58:26.000Z</time>
        <extensions>
          <ns3:TrackPointExtension>
            <ns3:hr>138</ns3:hr>
            <ns3:cad>80</ns3:cad>
          </ns3:TrackPointExtension>
        </extensions>
      </trkpt>
      <trkpt lat="23.04945931769907474517822265625" lon="113.3108269236981868743896484375">
        <ele>3.7999999523162841796875</ele>
        <time>2026-08-24T22:58:27.000Z</time>
        <extensions>
          <ns3:TrackPointExtension>
            <ns3:hr>138</ns3:hr>
            <ns3:cad>80</ns3:cad>
          </ns3:TrackPointExtension>
        </extensions>
      </trkpt>
      <trkpt lat="23.049458898603916168212890625" lon="113.31085265614092350006103515625">
        <ele>3.7999999523162841796875</ele>
        <time>2026-08-24T22:58:28.000Z</time>
        <extensions>
          <ns3:TrackPointExtension>
            <ns3:hr>138</ns3:hr>
            <ns3:cad>80</ns3:cad>
          </ns3:TrackPointExtension>
        </extensions>
      </trkpt>
      <trkpt lat="23.04945680312812328338623046875" lon="113.31087402999401092529296875">
        <ele>3.7999999523162841796875</ele>
        <time>2026-08-24T22:58:29.000Z</time>
        <extensions>
          <ns3:TrackPointExtension>
            <ns3:hr>138</ns3:hr>
            <ns3:cad>80</ns3:cad>
          </ns3:TrackPointExtension>
        </extensions>
      </trkpt>
      <trkpt lat="23.04945915006101131439208984375" lon="113.3108916319906711578369140625">
        <ele>3.7999999523162841796875</ele>
        <time>2026-08-24T22:58:30.000Z</time>
        <extensions>
          <ns3:TrackPointExtension>
            <ns3:hr>138</ns3:hr>
            <ns3:cad>80</ns3:cad>
          </ns3:TrackPointExtension>
        </extensions>
      </trkpt>
      <trkpt lat="23.04945747368037700653076171875" lon="113.31091300584375858306884765625">
        <ele>3.7999999523162841796875</ele>
        <time>2026-08-24T22:58:31.000Z</time>
        <extensions>
          <ns3:TrackPointExtension>
            <ns3:hr>139</ns3:hr>
            <ns3:cad>80</ns3:cad>
          </ns3:TrackPointExtension>
        </extensions>
      </trkpt>
      <trkpt lat="23.04945562966167926788330078125" lon="113.31093245185911655426025390625">
        <ele>3.7999999523162841796875</ele>
        <time>2026-08-24T22:58:32.000Z</time>
        <extensions>
          <ns3:TrackPointExtension>
            <ns3:hr>138</ns3:hr>
            <ns3:cad>80</ns3:cad>
          </ns3:TrackPointExtension>
        </extensions>
      </trkpt>
      <trkpt lat="23.04945630021393299102783203125" lon="113.31095105968415737152099609375">
        <ele>3.7999999523162841796875</ele>
        <time>2026-08-24T22:58:33.000Z</time>
        <extensions>
          <ns3:TrackPointExtension>
            <ns3:hr>138</ns3:hr>
            <ns3:cad>80</ns3:cad>
          </ns3:TrackPointExtension>
        </extensions>
      </trkpt>
      <trkpt lat="23.04945328272879123687744140625" lon="113.3109754510223865509033203125">
        <ele>3.7999999523162841796875</ele>
        <time>2026-08-24T22:58:34.000Z</time>
        <extensions>
          <ns3:TrackPointExtension>
            <ns3:hr>138</ns3:hr>
            <ns3:cad>79</ns3:cad>
          </ns3:TrackPointExtension>
        </extensions>
      </trkpt>
      <trkpt lat="23.0494506843388080596923828125" lon="113.310998417437076568603515625">
        <ele>3.7999999523162841796875</ele>
        <time>2026-08-24T22:58:35.000Z</time>
        <extensions>
          <ns3:TrackPointExtension>
            <ns3:hr>138</ns3:hr>
            <ns3:cad>79</ns3:cad>
          </ns3:TrackPointExtension>
        </extensions>
      </trkpt>
      <trkpt lat="23.04945412091910839080810546875" lon="113.3110170252621173858642578125">
        <ele>3.7999999523162841796875</ele>
        <time>2026-08-24T22:58:36.000Z</time>
        <extensions>
          <ns3:TrackPointExtension>
            <ns3:hr>138</ns3:hr>
            <ns3:cad>80</ns3:cad>
          </ns3:TrackPointExtension>
        </extensions>
      </trkpt>
      <trkpt lat="23.0494459904730319976806640625" lon="113.31104309298098087310791015625">
        <ele>4</ele>
        <time>2026-08-24T22:58:37.000Z</time>
        <extensions>
          <ns3:TrackPointExtension>
            <ns3:hr>137</ns3:hr>
            <ns3:cad>80</ns3:cad>
          </ns3:TrackPointExtension>
        </extensions>
      </trkpt>
      <trkpt lat="23.04944314062595367431640625" lon="113.3110612817108631134033203125">
        <ele>4</ele>
        <time>2026-08-24T22:58:38.000Z</time>
        <extensions>
          <ns3:TrackPointExtension>
            <ns3:hr>138</ns3:hr>
            <ns3:cad>80</ns3:cad>
          </ns3:TrackPointExtension>
        </extensions>
      </trkpt>
      <trkpt lat="23.0494412966072559356689453125" lon="113.31108097918331623077392578125">
        <ele>4</ele>
        <time>2026-08-24T22:58:39.000Z</time>
        <extensions>
          <ns3:TrackPointExtension>
            <ns3:hr>137</ns3:hr>
            <ns3:cad>79</ns3:cad>
          </ns3:TrackPointExtension>
        </extensions>
      </trkpt>
      <trkpt lat="23.0494305677711963653564453125" lon="113.31111215986311435699462890625">
        <ele>4</ele>
        <time>2026-08-24T22:58:40.000Z</time>
        <extensions>
          <ns3:TrackPointExtension>
            <ns3:hr>137</ns3:hr>
            <ns3:cad>80</ns3:cad>
          </ns3:TrackPointExtension>
        </extensions>
      </trkpt>
      <trkpt lat="23.0494205094873905181884765625" lon="113.31113445572555065155029296875">
        <ele>4.19999980926513671875</ele>
        <time>2026-08-24T22:58:41.000Z</time>
        <extensions>
          <ns3:TrackPointExtension>
            <ns3:hr>137</ns3:hr>
            <ns3:cad>80</ns3:cad>
          </ns3:TrackPointExtension>
        </extensions>
      </trkpt>
      <trkpt lat="23.04941522888839244842529296875" lon="113.311156667768955230712890625">
        <ele>4.19999980926513671875</ele>
        <time>2026-08-24T22:58:42.000Z</time>
        <extensions>
          <ns3:TrackPointExtension>
            <ns3:hr>137</ns3:hr>
            <ns3:cad>81</ns3:cad>
          </ns3:TrackPointExtension>
        </extensions>
      </trkpt>
      <trkpt lat="23.049401901662349700927734375" lon="113.31118139438331127166748046875">
        <ele>4.19999980926513671875</ele>
        <time>2026-08-24T22:58:43.000Z</time>
        <extensions>
          <ns3:TrackPointExtension>
            <ns3:hr>138</ns3:hr>
            <ns3:cad>81</ns3:cad>
          </ns3:TrackPointExtension>
        </extensions>
      </trkpt>
      <trkpt lat="23.0493920110166072845458984375" lon="113.31119564361870288848876953125">
        <ele>4.400000095367431640625</ele>
        <time>2026-08-24T22:58:44.000Z</time>
        <extensions>
          <ns3:TrackPointExtension>
            <ns3:hr>137</ns3:hr>
            <ns3:cad>80</ns3:cad>
          </ns3:TrackPointExtension>
        </extensions>
      </trkpt>
      <trkpt lat="23.04938455112278461456298828125" lon="113.31121207214891910552978515625">
        <ele>4.400000095367431640625</ele>
        <time>2026-08-24T22:58:45.000Z</time>
        <extensions>
          <ns3:TrackPointExtension>
            <ns3:hr>138</ns3:hr>
            <ns3:cad>80</ns3:cad>
          </ns3:TrackPointExtension>
        </extensions>
      </trkpt>
      <trkpt lat="23.04936711676418781280517578125" lon="113.31123168580234050750732421875">
        <ele>4.400000095367431640625</ele>
        <time>2026-08-24T22:58:46.000Z</time>
        <extensions>
          <ns3:TrackPointExtension>
            <ns3:hr>138</ns3:hr>
            <ns3:cad>80</ns3:cad>
          </ns3:TrackPointExtension>
        </extensions>
      </trkpt>
      <trkpt lat="23.0493564717471599578857421875" lon="113.31124442629516124725341796875">
        <ele>4.400000095367431640625</ele>
        <time>2026-08-24T22:58:47.000Z</time>
        <extensions>
          <ns3:TrackPointExtension>
            <ns3:hr>138</ns3:hr>
            <ns3:cad>80</ns3:cad>
          </ns3:TrackPointExtension>
        </extensions>
      </trkpt>
      <trkpt lat="23.0493490956723690032958984375" lon="113.31126102246344089508056640625">
        <ele>4.599999904632568359375</ele>
        <time>2026-08-24T22:58:48.000Z</time>
        <extensions>
          <ns3:TrackPointExtension>
            <ns3:hr>138</ns3:hr>
            <ns3:cad>80</ns3:cad>
          </ns3:TrackPointExtension>
        </extensions>
      </trkpt>
      <trkpt lat="23.04933677427470684051513671875" lon="113.31127946265041828155517578125">
        <ele>4.80000019073486328125</ele>
        <time>2026-08-24T22:58:49.000Z</time>
        <extensions>
          <ns3:TrackPointExtension>
            <ns3:hr>138</ns3:hr>
            <ns3:cad>80</ns3:cad>
          </ns3:TrackPointExtension>
        </extensions>
      </trkpt>
      <trkpt lat="23.04932780563831329345703125" lon="113.3112946338951587677001953125">
        <ele>4.80000019073486328125</ele>
        <time>2026-08-24T22:58:50.000Z</time>
        <extensions>
          <ns3:TrackPointExtension>
            <ns3:hr>138</ns3:hr>
            <ns3:cad>80</ns3:cad>
          </ns3:TrackPointExtension>
        </extensions>
      </trkpt>
      <trkpt lat="23.0493179149925708770751953125" lon="113.3113140799105167388916015625">
        <ele>5</ele>
        <time>2026-08-24T22:58:51.000Z</time>
        <extensions>
          <ns3:TrackPointExtension>
            <ns3:hr>138</ns3:hr>
            <ns3:cad>80</ns3:cad>
          </ns3:TrackPointExtension>
        </extensions>
      </trkpt>
      <trkpt lat="23.0493078567087650299072265625" lon="113.31133268773555755615234375">
        <ele>5</ele>
        <time>2026-08-24T22:58:52.000Z</time>
        <extensions>
          <ns3:TrackPointExtension>
            <ns3:hr>138</ns3:hr>
            <ns3:cad>80</ns3:cad>
          </ns3:TrackPointExtension>
        </extensions>
      </trkpt>
      <trkpt lat="23.04930643178522586822509765625" lon="113.3113466016948223114013671875">
        <ele>5.19999980926513671875</ele>
        <time>2026-08-24T22:58:53.000Z</time>
        <extensions>
          <ns3:TrackPointExtension>
            <ns3:hr>138</ns3:hr>
            <ns3:cad>80</ns3:cad>
          </ns3:TrackPointExtension>
        </extensions>
      </trkpt>
      <trkpt lat="23.04930106736719608306884765625" lon="113.31137292087078094482421875">
        <ele>5.19999980926513671875</ele>
        <time>2026-08-24T22:58:54.000Z</time>
        <extensions>
          <ns3:TrackPointExtension>
            <ns3:hr>138</ns3:hr>
            <ns3:cad>80</ns3:cad>
          </ns3:TrackPointExtension>
        </extensions>
      </trkpt>
      <trkpt lat="23.04929788224399089813232421875" lon="113.3113948814570903778076171875">
        <ele>5.19999980926513671875</ele>
        <time>2026-08-24T22:58:55.000Z</time>
        <extensions>
          <ns3:TrackPointExtension>
            <ns3:hr>138</ns3:hr>
            <ns3:cad>80</ns3:cad>
          </ns3:TrackPointExtension>
        </extensions>
      </trkpt>
      <trkpt lat="23.04929520003497600555419921875" lon="113.31140686757862567901611328125">
        <ele>5.400000095367431640625</ele>
        <time>2026-08-24T22:58:56.000Z</time>
        <extensions>
          <ns3:TrackPointExtension>
            <ns3:hr>138</ns3:hr>
            <ns3:cad>80</ns3:cad>
          </ns3:TrackPointExtension>
        </extensions>
      </trkpt>
      <trkpt lat="23.04928514175117015838623046875" lon="113.311430253088474273681640625">
        <ele>5.400000095367431640625</ele>
        <time>2026-08-24T22:58:57.000Z</time>
        <extensions>
          <ns3:TrackPointExtension>
            <ns3:hr>139</ns3:hr>
            <ns3:cad>80</ns3:cad>
          </ns3:TrackPointExtension>
        </extensions>
      </trkpt>
      <trkpt lat="23.0492696352303028106689453125" lon="113.31144575960934162139892578125">
        <ele>5.599999904632568359375</ele>
        <time>2026-08-24T22:58:58.000Z</time>
        <extensions>
          <ns3:TrackPointExtension>
            <ns3:hr>139</ns3:hr>
            <ns3:cad>80</ns3:cad>
          </ns3:TrackPointExtension>
        </extensions>
      </trkpt>
      <trkpt lat="23.04926452226936817169189453125" lon="113.31145816482603549957275390625">
        <ele>5.80000019073486328125</ele>
        <time>2026-08-24T22:58:59.000Z</time>
        <extensions>
          <ns3:TrackPointExtension>
            <ns3:hr>139</ns3:hr>
            <ns3:cad>80</ns3:cad>
          </ns3:TrackPointExtension>
        </extensions>
      </trkpt>
      <trkpt lat="23.04925429634749889373779296875" lon="113.3114820532500743865966796875">
        <ele>5.80000019073486328125</ele>
        <time>2026-08-24T22:59:00.000Z</time>
        <extensions>
          <ns3:TrackPointExtension>
            <ns3:hr>139</ns3:hr>
            <ns3:cad>80</ns3:cad>
          </ns3:TrackPointExtension>
        </extensions>
      </trkpt>
      <trkpt lat="23.049240298569202423095703125" lon="113.31150703132152557373046875">
        <ele>6</ele>
        <time>2026-08-24T22:59:01.000Z</time>
        <extensions>
          <ns3:TrackPointExtension>
            <ns3:hr>139</ns3:hr>
            <ns3:cad>80</ns3:cad>
          </ns3:TrackPointExtension>
        </extensions>
      </trkpt>
      <trkpt lat="23.0492444895207881927490234375" lon="113.3115242980420589447021484375">
        <ele>6</ele>
        <time>2026-08-24T22:59:02.000Z</time>
        <extensions>
          <ns3:TrackPointExtension>
            <ns3:hr>139</ns3:hr>
            <ns3:cad>80</ns3:cad>
          </ns3:TrackPointExtension>
        </extensions>
      </trkpt>
      <trkpt lat="23.0492401309311389923095703125" lon="113.31155036576092243194580078125">
        <ele>5.80000019073486328125</ele>
        <time>2026-08-24T22:59:03.000Z</time>
        <extensions>
          <ns3:TrackPointExtension>
            <ns3:hr>140</ns3:hr>
            <ns3:cad>80</ns3:cad>
          </ns3:TrackPointExtension>
        </extensions>
      </trkpt>
      <trkpt lat="23.0492210201919078826904296875" lon="113.31157098524272441864013671875">
        <ele>5.80000019073486328125</ele>
        <time>2026-08-24T22:59:04.000Z</time>
        <extensions>
          <ns3:TrackPointExtension>
            <ns3:hr>140</ns3:hr>
            <ns3:cad>80</ns3:cad>
          </ns3:TrackPointExtension>
        </extensions>
      </trkpt>
      <trkpt lat="23.04921925999224185943603515625" lon="113.31158992834389209747314453125">
        <ele>5.599999904632568359375</ele>
        <time>2026-08-24T22:59:05.000Z</time>
        <extensions>
          <ns3:TrackPointExtension>
            <ns3:hr>140</ns3:hr>
            <ns3:cad>80</ns3:cad>
          </ns3:TrackPointExtension>
        </extensions>
      </trkpt>
      <trkpt lat="23.049210794270038604736328125" lon="113.311611972749233245849609375">
        <ele>5.400000095367431640625</ele>
        <time>2026-08-24T22:59:06.000Z</time>
        <extensions>
          <ns3:TrackPointExtension>
            <ns3:hr>140</ns3:hr>
            <ns3:cad>80</ns3:cad>
          </ns3:TrackPointExtension>
        </extensions>
      </trkpt>
      <trkpt lat="23.04920316673815250396728515625" lon="113.31163804046809673309326171875">
        <ele>5.400000095367431640625</ele>
        <time>2026-08-24T22:59:07.000Z</time>
        <extensions>
          <ns3:TrackPointExtension>
            <ns3:hr>140</ns3:hr>
            <ns3:cad>80</ns3:cad>
          </ns3:TrackPointExtension>
        </extensions>
      </trkpt>
      <trkpt lat="23.04921037517488002777099609375" lon="113.31165430136024951934814453125">
        <ele>5.19999980926513671875</ele>
        <time>2026-08-24T22:59:08.000Z</time>
        <extensions>
          <ns3:TrackPointExtension>
            <ns3:hr>139</ns3:hr>
            <ns3:cad>80</ns3:cad>
          </ns3:TrackPointExtension>
        </extensions>
      </trkpt>
      <trkpt lat="23.0492082796990871429443359375" lon="113.31168196164071559906005859375">
        <ele>5.19999980926513671875</ele>
        <time>2026-08-24T22:59:09.000Z</time>
        <extensions>
          <ns3:TrackPointExtension>
            <ns3:hr>139</ns3:hr>
            <ns3:cad>80</ns3:cad>
          </ns3:TrackPointExtension>
        </extensions>
      </trkpt>
      <trkpt lat="23.04920719005167484283447265625" lon="113.3117030002176761627197265625">
        <ele>5.19999980926513671875</ele>
        <time>2026-08-24T22:59:10.000Z</time>
        <extensions>
          <ns3:TrackPointExtension>
            <ns3:hr>138</ns3:hr>
            <ns3:cad>81</ns3:cad>
          </ns3:TrackPointExtension>
        </extensions>
      </trkpt>
      <trkpt lat="23.04921456612646579742431640625" lon="113.311723954975605010986328125">
        <ele>5.19999980926513671875</ele>
        <time>2026-08-24T22:59:11.000Z</time>
        <extensions>
          <ns3:TrackPointExtension>
            <ns3:hr>138</ns3:hr>
            <ns3:cad>81</ns3:cad>
          </ns3:TrackPointExtension>
        </extensions>
      </trkpt>
      <trkpt lat="23.0492280609905719757080078125" lon="113.31174440681934356689453125">
        <ele>5</ele>
        <time>2026-08-24T22:59:12.000Z</time>
        <extensions>
          <ns3:TrackPointExtension>
            <ns3:hr>138</ns3:hr>
            <ns3:cad>81</ns3:cad>
          </ns3:TrackPointExtension>
        </extensions>
      </trkpt>
      <trkpt lat="23.04923904128372669219970703125" lon="113.31175505183637142181396484375">
        <ele>5</ele>
        <time>2026-08-24T22:59:13.000Z</time>
        <extensions>
          <ns3:TrackPointExtension>
            <ns3:hr>137</ns3:hr>
            <ns3:cad>81</ns3:cad>
          </ns3:TrackPointExtension>
        </extensions>
      </trkpt>
      <trkpt lat="23.0492548830807209014892578125" lon="113.311765529215335845947265625">
        <ele>5</ele>
        <time>2026-08-24T22:59:14.000Z</time>
        <extensions>
          <ns3:TrackPointExtension>
            <ns3:hr>137</ns3:hr>
            <ns3:cad>80</ns3:cad>
          </ns3:TrackPointExtension>
        </extensions>
      </trkpt>
      <trkpt lat="23.04928162135183811187744140625" lon="113.31176854670047760009765625">
        <ele>5</ele>
        <time>2026-08-24T22:59:15.000Z</time>
        <extensions>
          <ns3:TrackPointExtension>
            <ns3:hr>137</ns3:hr>
            <ns3:cad>80</ns3:cad>
          </ns3:TrackPointExtension>
        </extensions>
      </trkpt>
      <trkpt lat="23.049301318824291229248046875" lon="113.31178103573620319366455078125">
        <ele>5</ele>
        <time>2026-08-24T22:59:16.000Z</time>
        <extensions>
          <ns3:TrackPointExtension>
            <ns3:hr>136</ns3:hr>
            <ns3:cad>80</ns3:cad>
          </ns3:TrackPointExtension>
        </extensions>
      </trkpt>
      <trkpt lat="23.04931682534515857696533203125" lon="113.311786651611328125">
        <ele>5</ele>
        <time>2026-08-24T22:59:17.000Z</time>
        <extensions>
          <ns3:TrackPointExtension>
            <ns3:hr>136</ns3:hr>
            <ns3:cad>80</ns3:cad>
          </ns3:TrackPointExtension>
        </extensions>
      </trkpt>
      <trkpt lat="23.04933677427470684051513671875" lon="113.31179226748645305633544921875">
        <ele>5.19999980926513671875</ele>
        <time>2026-08-24T22:59:18.000Z</time>
        <extensions>
          <ns3:TrackPointExtension>
            <ns3:hr>136</ns3:hr>
            <ns3:cad>80</ns3:cad>
          </ns3:TrackPointExtension>
        </extensions>
      </trkpt>
      <trkpt lat="23.04935454390943050384521484375" lon="113.31180215813219547271728515625">
        <ele>5.19999980926513671875</ele>
        <time>2026-08-24T22:59:19.000Z</time>
        <extensions>
          <ns3:TrackPointExtension>
            <ns3:hr>136</ns3:hr>
            <ns3:cad>80</ns3:cad>
          </ns3:TrackPointExtension>
        </extensions>
      </trkpt>
      <trkpt lat="23.0493672005832195281982421875" lon="113.31180098466575145721435546875">
        <ele>5.19999980926513671875</ele>
        <time>2026-08-24T22:59:20.000Z</time>
        <extensions>
          <ns3:TrackPointExtension>
            <ns3:hr>136</ns3:hr>
            <ns3:cad>80</ns3:cad>
          </ns3:TrackPointExtension>
        </extensions>
      </trkpt>
      <trkpt lat="23.0493876524269580841064453125" lon="113.3118079416453838348388671875">
        <ele>5.19999980926513671875</ele>
        <time>2026-08-24T22:59:21.000Z</time>
        <extensions>
          <ns3:TrackPointExtension>
            <ns3:hr>136</ns3:hr>
            <ns3:cad>80</ns3:cad>
          </ns3:TrackPointExtension>
        </extensions>
      </trkpt>
      <trkpt lat="23.0494081042706966400146484375" lon="113.31181657500565052032470703125">
        <ele>5.19999980926513671875</ele>
        <time>2026-08-24T22:59:22.000Z</time>
        <extensions>
          <ns3:TrackPointExtension>
            <ns3:hr>136</ns3:hr>
            <ns3:cad>80</ns3:cad>
          </ns3:TrackPointExtension>
        </extensions>
      </trkpt>
      <trkpt lat="23.04942428134381771087646484375" lon="113.311822526156902313232421875">
        <ele>5.19999980926513671875</ele>
        <time>2026-08-24T22:59:23.000Z</time>
        <extensions>
          <ns3:TrackPointExtension>
            <ns3:hr>135</ns3:hr>
            <ns3:cad>80</ns3:cad>
          </ns3:TrackPointExtension>
        </extensions>
      </trkpt>
      <trkpt lat="23.04945051670074462890625" lon="113.31184088252484798431396484375">
        <ele>5.19999980926513671875</ele>
        <time>2026-08-24T22:59:24.000Z</time>
        <extensions>
          <ns3:TrackPointExtension>
            <ns3:hr>136</ns3:hr>
            <ns3:cad>81</ns3:cad>
          </ns3:TrackPointExtension>
        </extensions>
      </trkpt>
      <trkpt lat="23.0494694598019123077392578125" lon="113.3118532039225101470947265625">
        <ele>5.400000095367431640625</ele>
        <time>2026-08-24T22:59:25.000Z</time>
        <extensions>
          <ns3:TrackPointExtension>
            <ns3:hr>136</ns3:hr>
            <ns3:cad>81</ns3:cad>
          </ns3:TrackPointExtension>
        </extensions>
      </trkpt>
      <trkpt lat="23.04948764853179454803466796875" lon="113.31186384893953800201416015625">
        <ele>5.400000095367431640625</ele>
        <time>2026-08-24T22:59:26.000Z</time>
        <extensions>
          <ns3:TrackPointExtension>
            <ns3:hr>135</ns3:hr>
            <ns3:cad>81</ns3:cad>
          </ns3:TrackPointExtension>
        </extensions>
      </trkpt>
      <trkpt lat="23.0495167337357997894287109375" lon="113.311877511441707611083984375">
        <ele>5.400000095367431640625</ele>
        <time>2026-08-24T22:59:27.000Z</time>
        <extensions>
          <ns3:TrackPointExtension>
            <ns3:hr>135</ns3:hr>
            <ns3:cad>81</ns3:cad>
          </ns3:TrackPointExtension>
        </extensions>
      </trkpt>
      <trkpt lat="23.0495304800570011138916015625" lon="113.3118860609829425811767578125">
        <ele>5.599999904632568359375</ele>
        <time>2026-08-24T22:59:28.000Z</time>
        <extensions>
          <ns3:TrackPointExtension>
            <ns3:hr>135</ns3:hr>
            <ns3:cad>81</ns3:cad>
          </ns3:TrackPointExtension>
        </extensions>
      </trkpt>
      <trkpt lat="23.0495475791394710540771484375" lon="113.3118920959532260894775390625">
        <ele>5.599999904632568359375</ele>
        <time>2026-08-24T22:59:29.000Z</time>
        <extensions>
          <ns3:TrackPointExtension>
            <ns3:hr>135</ns3:hr>
            <ns3:cad>81</ns3:cad>
          </ns3:TrackPointExtension>
        </extensions>
      </trkpt>
      <trkpt lat="23.0495680309832096099853515625" lon="113.31190927885472774505615234375">
        <ele>5.599999904632568359375</ele>
        <time>2026-08-24T22:59:30.000Z</time>
        <extensions>
          <ns3:TrackPointExtension>
            <ns3:hr>136</ns3:hr>
            <ns3:cad>80</ns3:cad>
          </ns3:TrackPointExtension>
        </extensions>
      </trkpt>
      <trkpt lat="23.04958219639956951141357421875" lon="113.311913050711154937744140625">
        <ele>5.599999904632568359375</ele>
        <time>2026-08-24T22:59:31.000Z</time>
        <extensions>
          <ns3:TrackPointExtension>
            <ns3:hr>135</ns3:hr>
            <ns3:cad>80</ns3:cad>
          </ns3:TrackPointExtension>
        </extensions>
      </trkpt>
      <trkpt lat="23.049606420099735260009765625" lon="113.311920426785945892333984375">
        <ele>5.599999904632568359375</ele>
        <time>2026-08-24T22:59:32.000Z</time>
        <extensions>
          <ns3:TrackPointExtension>
            <ns3:hr>136</ns3:hr>
            <ns3:cad>80</ns3:cad>
          </ns3:TrackPointExtension>
        </extensions>
      </trkpt>
      <trkpt lat="23.0496260337531566619873046875" lon="113.31193082034587860107421875">
        <ele>5.599999904632568359375</ele>
        <time>2026-08-24T22:59:33.000Z</time>
        <extensions>
          <ns3:TrackPointExtension>
            <ns3:hr>136</ns3:hr>
            <ns3:cad>81</ns3:cad>
          </ns3:TrackPointExtension>
        </extensions>
      </trkpt>
      <trkpt lat="23.049640953540802001953125" lon="113.31192453391849994659423828125">
        <ele>5.400000095367431640625</ele>
        <time>2026-08-24T22:59:34.000Z</time>
        <extensions>
          <ns3:TrackPointExtension>
            <ns3:hr>136</ns3:hr>
            <ns3:cad>81</ns3:cad>
          </ns3:TrackPointExtension>
        </extensions>
      </trkpt>
      <trkpt lat="23.0496659316122531890869140625" lon="113.311931155622005462646484375">
        <ele>5.400000095367431640625</ele>
        <time>2026-08-24T22:59:35.000Z</time>
        <extensions>
          <ns3:TrackPointExtension>
            <ns3:hr>135</ns3:hr>
            <ns3:cad>81</ns3:cad>
          </ns3:TrackPointExtension>
        </extensions>
      </trkpt>
      <trkpt lat="23.04968914948403835296630859375" lon="113.31194582395255565643310546875">
        <ele>5.599999904632568359375</ele>
        <time>2026-08-24T22:59:36.000Z</time>
        <extensions>
          <ns3:TrackPointExtension>
            <ns3:hr>136</ns3:hr>
            <ns3:cad>81</ns3:cad>
          </ns3:TrackPointExtension>
        </extensions>
      </trkpt>
      <trkpt lat="23.049705661833286285400390625" lon="113.31194682978093624114990234375">
        <ele>5.599999904632568359375</ele>
        <time>2026-08-24T22:59:37.000Z</time>
        <extensions>
          <ns3:TrackPointExtension>
            <ns3:hr>136</ns3:hr>
            <ns3:cad>81</ns3:cad>
          </ns3:TrackPointExtension>
        </extensions>
      </trkpt>
      <trkpt lat="23.0497269518673419952392578125" lon="113.31195705570280551910400390625">
        <ele>5.599999904632568359375</ele>
        <time>2026-08-24T22:59:38.000Z</time>
        <extensions>
          <ns3:TrackPointExtension>
            <ns3:hr>135</ns3:hr>
            <ns3:cad>81</ns3:cad>
          </ns3:TrackPointExtension>
        </extensions>
      </trkpt>
      <trkpt lat="23.04974178783595561981201171875" lon="113.3119755797088146209716796875">
        <ele>5.599999904632568359375</ele>
        <time>2026-08-24T22:59:39.000Z</time>
        <extensions>
          <ns3:TrackPointExtension>
            <ns3:hr>136</ns3:hr>
            <ns3:cad>81</ns3:cad>
          </ns3:TrackPointExtension>
        </extensions>
      </trkpt>
      <trkpt lat="23.0497584678232669830322265625" lon="113.3119904994964599609375">
        <ele>5.599999904632568359375</ele>
        <time>2026-08-24T22:59:40.000Z</time>
        <extensions>
          <ns3:TrackPointExtension>
            <ns3:hr>136</ns3:hr>
            <ns3:cad>81</ns3:cad>
          </ns3:TrackPointExtension>
        </extensions>
      </trkpt>
      <trkpt lat="23.0497732199728488922119140625" lon="113.3120141364634037017822265625">
        <ele>5.599999904632568359375</ele>
        <time>2026-08-24T22:59:41.000Z</time>
        <extensions>
          <ns3:TrackPointExtension>
            <ns3:hr>136</ns3:hr>
            <ns3:cad>81</ns3:cad>
          </ns3:TrackPointExtension>
        </extensions>
      </trkpt>
      <trkpt lat="23.0497844517230987548828125" lon="113.312032409012317657470703125">
        <ele>5.599999904632568359375</ele>
        <time>2026-08-24T22:59:42.000Z</time>
        <extensions>
          <ns3:TrackPointExtension>
            <ns3:hr>136</ns3:hr>
            <ns3:cad>81</ns3:cad>
          </ns3:TrackPointExtension>
        </extensions>
      </trkpt>
      <trkpt lat="23.04980046115815639495849609375" lon="113.312052190303802490234375">
        <ele>5.599999904632568359375</ele>
        <time>2026-08-24T22:59:43.000Z</time>
        <extensions>
          <ns3:TrackPointExtension>
            <ns3:hr>136</ns3:hr>
            <ns3:cad>80</ns3:cad>
          </ns3:TrackPointExtension>
        </extensions>
      </trkpt>
      <trkpt lat="23.049808256328105926513671875" lon="113.31208697520196437835693359375">
        <ele>5.400000095367431640625</ele>
        <time>2026-08-24T22:59:44.000Z</time>
        <extensions>
          <ns3:TrackPointExtension>
            <ns3:hr>136</ns3:hr>
            <ns3:cad>80</ns3:cad>
          </ns3:TrackPointExtension>
        </extensions>
      </trkpt>
      <trkpt lat="23.0498080886900424957275390625" lon="113.31210382282733917236328125">
        <ele>5.400000095367431640625</ele>
        <time>2026-08-24T22:59:45.000Z</time>
        <extensions>
          <ns3:TrackPointExtension>
            <ns3:hr>137</ns3:hr>
            <ns3:cad>81</ns3:cad>
          </ns3:TrackPointExtension>
        </extensions>
      </trkpt>
      <trkpt lat="23.0498178116977214813232421875" lon="113.312122933566570281982421875">
        <ele>5.400000095367431640625</ele>
        <time>2026-08-24T22:59:46.000Z</time>
        <extensions>
          <ns3:TrackPointExtension>
            <ns3:hr>137</ns3:hr>
            <ns3:cad>81</ns3:cad>
          </ns3:TrackPointExtension>
        </extensions>
      </trkpt>
      <trkpt lat="23.04982409812510013580322265625" lon="113.3121536113321781158447265625">
        <ele>5.400000095367431640625</ele>
        <time>2026-08-24T22:59:47.000Z</time>
        <extensions>
          <ns3:TrackPointExtension>
            <ns3:hr>137</ns3:hr>
            <ns3:cad>81</ns3:cad>
          </ns3:TrackPointExtension>
        </extensions>
      </trkpt>
      <trkpt lat="23.04982124827802181243896484375" lon="113.31217900849878787994384765625">
        <ele>5.599999904632568359375</ele>
        <time>2026-08-24T22:59:48.000Z</time>
        <extensions>
          <ns3:TrackPointExtension>
            <ns3:hr>137</ns3:hr>
            <ns3:cad>81</ns3:cad>
          </ns3:TrackPointExtension>
        </extensions>
      </trkpt>
      <trkpt lat="23.04982393048703670501708984375" lon="113.3121983706951141357421875">
        <ele>5.599999904632568359375</ele>
        <time>2026-08-24T22:59:49.000Z</time>
        <extensions>
          <ns3:TrackPointExtension>
            <ns3:hr>137</ns3:hr>
            <ns3:cad>80</ns3:cad>
          </ns3:TrackPointExtension>
        </extensions>
      </trkpt>
      <trkpt lat="23.04982409812510013580322265625" lon="113.312220834195613861083984375">
        <ele>5.599999904632568359375</ele>
        <time>2026-08-24T22:59:50.000Z</time>
        <extensions>
          <ns3:TrackPointExtension>
            <ns3:hr>137</ns3:hr>
            <ns3:cad>80</ns3:cad>
          </ns3:TrackPointExtension>
        </extensions>
      </trkpt>
      <trkpt lat="23.04982543922960758209228515625" lon="113.31224287860095500946044921875">
        <ele>5.599999904632568359375</ele>
        <time>2026-08-24T22:59:51.000Z</time>
        <extensions>
          <ns3:TrackPointExtension>
            <ns3:hr>137</ns3:hr>
            <ns3:cad>80</ns3:cad>
          </ns3:TrackPointExtension>
        </extensions>
      </trkpt>
      <trkpt lat="23.0498258583247661590576171875" lon="113.31226651556789875030517578125">
        <ele>5.599999904632568359375</ele>
        <time>2026-08-24T22:59:52.000Z</time>
        <extensions>
          <ns3:TrackPointExtension>
            <ns3:hr>137</ns3:hr>
            <ns3:cad>81</ns3:cad>
          </ns3:TrackPointExtension>
        </extensions>
      </trkpt>
      <trkpt lat="23.04982141591608524322509765625" lon="113.31229216419160366058349609375">
        <ele>5.599999904632568359375</ele>
        <time>2026-08-24T22:59:53.000Z</time>
        <extensions>
          <ns3:TrackPointExtension>
            <ns3:hr>137</ns3:hr>
            <ns3:cad>81</ns3:cad>
          </ns3:TrackPointExtension>
        </extensions>
      </trkpt>
      <trkpt lat="23.04982493631541728973388671875" lon="113.31231169402599334716796875">
        <ele>5.400000095367431640625</ele>
        <time>2026-08-24T22:59:54.000Z</time>
        <extensions>
          <ns3:TrackPointExtension>
            <ns3:hr>137</ns3:hr>
            <ns3:cad>81</ns3:cad>
          </ns3:TrackPointExtension>
        </extensions>
      </trkpt>
      <trkpt lat="23.0498258583247661590576171875" lon="113.312334157526493072509765625">
        <ele>5.400000095367431640625</ele>
        <time>2026-08-24T22:59:55.000Z</time>
        <extensions>
          <ns3:TrackPointExtension>
            <ns3:hr>137</ns3:hr>
            <ns3:cad>81</ns3:cad>
          </ns3:TrackPointExtension>
        </extensions>
      </trkpt>
      <trkpt lat="23.04982393048703670501708984375" lon="113.31235670484602451324462890625">
        <ele>5.400000095367431640625</ele>
        <time>2026-08-24T22:59:56.000Z</time>
        <extensions>
          <ns3:TrackPointExtension>
            <ns3:hr>137</ns3:hr>
            <ns3:cad>81</ns3:cad>
          </ns3:TrackPointExtension>
        </extensions>
      </trkpt>
      <trkpt lat="23.0498245172202587127685546875" lon="113.3123765699565410614013671875">
        <ele>5.400000095367431640625</ele>
        <time>2026-08-24T22:59:57.000Z</time>
        <extensions>
          <ns3:TrackPointExtension>
            <ns3:hr>137</ns3:hr>
            <ns3:cad>81</ns3:cad>
          </ns3:TrackPointExtension>
        </extensions>
      </trkpt>
      <trkpt lat="23.0498214997351169586181640625" lon="113.3124022185802459716796875">
        <ele>5.599999904632568359375</ele>
        <time>2026-08-24T22:59:58.000Z</time>
        <extensions>
          <ns3:TrackPointExtension>
            <ns3:hr>137</ns3:hr>
            <ns3:cad>81</ns3:cad>
          </ns3:TrackPointExtension>
        </extensions>
      </trkpt>
      <trkpt lat="23.0498231761157512664794921875" lon="113.31242392770946025848388671875">
        <ele>5.599999904632568359375</ele>
        <time>2026-08-24T22:59:59.000Z</time>
        <extensions>
          <ns3:TrackPointExtension>
            <ns3:hr>137</ns3:hr>
            <ns3:cad>80</ns3:cad>
          </ns3:TrackPointExtension>
        </extensions>
      </trkpt>
      <trkpt lat="23.04982728324830532073974609375" lon="113.31244119442999362945556640625">
        <ele>5.599999904632568359375</ele>
        <time>2026-08-24T23:00:00.000Z</time>
        <extensions>
          <ns3:TrackPointExtension>
            <ns3:hr>137</ns3:hr>
            <ns3:cad>80</ns3:cad>
          </ns3:TrackPointExtension>
        </extensions>
      </trkpt>
      <trkpt lat="23.04982610978186130523681640625" lon="113.31246382556855678558349609375">
        <ele>5.599999904632568359375</ele>
        <time>2026-08-24T23:00:01.000Z</time>
        <extensions>
          <ns3:TrackPointExtension>
            <ns3:hr>137</ns3:hr>
            <ns3:cad>80</ns3:cad>
          </ns3:TrackPointExtension>
        </extensions>
      </trkpt>
      <trkpt lat="23.0498285405337810516357421875" lon="113.3124826848506927490234375">
        <ele>5.599999904632568359375</ele>
        <time>2026-08-24T23:00:02.000Z</time>
        <extensions>
          <ns3:TrackPointExtension>
            <ns3:hr>137</ns3:hr>
            <ns3:cad>80</ns3:cad>
          </ns3:TrackPointExtension>
        </extensions>
      </trkpt>
      <trkpt lat="23.04983180947601795196533203125" lon="113.3124972693622112274169921875">
        <ele>5.599999904632568359375</ele>
        <time>2026-08-24T23:00:03.000Z</time>
        <extensions>
          <ns3:TrackPointExtension>
            <ns3:hr>138</ns3:hr>
            <ns3:cad>80</ns3:cad>
          </ns3:TrackPointExtension>
        </extensions>
      </trkpt>
      <trkpt lat="23.049832396209239959716796875" lon="113.3125261031091213226318359375">
        <ele>5.599999904632568359375</ele>
        <time>2026-08-24T23:00:04.000Z</time>
        <extensions>
          <ns3:TrackPointExtension>
            <ns3:hr>138</ns3:hr>
            <ns3:cad>80</ns3:cad>
          </ns3:TrackPointExtension>
        </extensions>
      </trkpt>
      <trkpt lat="23.0498354136943817138671875" lon="113.31254127435386180877685546875">
        <ele>5.599999904632568359375</ele>
        <time>2026-08-24T23:00:05.000Z</time>
        <extensions>
          <ns3:TrackPointExtension>
            <ns3:hr>138</ns3:hr>
            <ns3:cad>80</ns3:cad>
          </ns3:TrackPointExtension>
        </extensions>
      </trkpt>
      <trkpt lat="23.04984304122626781463623046875" lon="113.31256306730210781097412109375">
        <ele>5.599999904632568359375</ele>
        <time>2026-08-24T23:00:06.000Z</time>
        <extensions>
          <ns3:TrackPointExtension>
            <ns3:hr>138</ns3:hr>
            <ns3:cad>80</ns3:cad>
          </ns3:TrackPointExtension>
        </extensions>
      </trkpt>
      <trkpt lat="23.0498409457504749298095703125" lon="113.31258888356387615203857421875">
        <ele>5.599999904632568359375</ele>
        <time>2026-08-24T23:00:07.000Z</time>
        <extensions>
          <ns3:TrackPointExtension>
            <ns3:hr>138</ns3:hr>
            <ns3:cad>80</ns3:cad>
          </ns3:TrackPointExtension>
        </extensions>
      </trkpt>
      <trkpt lat="23.04983734153211116790771484375" lon="113.31260531209409236907958984375">
        <ele>5.80000019073486328125</ele>
        <time>2026-08-24T23:00:08.000Z</time>
        <extensions>
          <ns3:TrackPointExtension>
            <ns3:hr>139</ns3:hr>
            <ns3:cad>80</ns3:cad>
          </ns3:TrackPointExtension>
        </extensions>
      </trkpt>
      <trkpt lat="23.049840442836284637451171875" lon="113.31262861378490924835205078125">
        <ele>5.80000019073486328125</ele>
        <time>2026-08-24T23:00:09.000Z</time>
        <extensions>
          <ns3:TrackPointExtension>
            <ns3:hr>138</ns3:hr>
            <ns3:cad>80</ns3:cad>
          </ns3:TrackPointExtension>
        </extensions>
      </trkpt>
      <trkpt lat="23.04983214475214481353759765625" lon="113.31265769898891448974609375">
        <ele>5.599999904632568359375</ele>
        <time>2026-08-24T23:00:10.000Z</time>
        <extensions>
          <ns3:TrackPointExtension>
            <ns3:hr>138</ns3:hr>
            <ns3:cad>80</ns3:cad>
          </ns3:TrackPointExtension>
        </extensions>
      </trkpt>
      <trkpt lat="23.0498251877725124359130859375" lon="113.312671445310115814208984375">
        <ele>5.599999904632568359375</ele>
        <time>2026-08-24T23:00:11.000Z</time>
        <extensions>
          <ns3:TrackPointExtension>
            <ns3:hr>139</ns3:hr>
            <ns3:cad>80</ns3:cad>
          </ns3:TrackPointExtension>
        </extensions>
      </trkpt>
      <trkpt lat="23.0498273670673370361328125" lon="113.312692232429981231689453125">
        <ele>5.599999904632568359375</ele>
        <time>2026-08-24T23:00:12.000Z</time>
        <extensions>
          <ns3:TrackPointExtension>
            <ns3:hr>138</ns3:hr>
            <ns3:cad>80</ns3:cad>
          </ns3:TrackPointExtension>
        </extensions>
      </trkpt>
      <trkpt lat="23.0498282052576541900634765625" lon="113.31272215582430362701416015625">
        <ele>5.599999904632568359375</ele>
        <time>2026-08-24T23:00:13.000Z</time>
        <extensions>
          <ns3:TrackPointExtension>
            <ns3:hr>138</ns3:hr>
            <ns3:cad>81</ns3:cad>
          </ns3:TrackPointExtension>
        </extensions>
      </trkpt>
      <trkpt lat="23.04982979781925678253173828125" lon="113.31273975782096385955810546875">
        <ele>5.599999904632568359375</ele>
        <time>2026-08-24T23:00:14.000Z</time>
        <extensions>
          <ns3:TrackPointExtension>
            <ns3:hr>139</ns3:hr>
            <ns3:cad>81</ns3:cad>
          </ns3:TrackPointExtension>
        </extensions>
      </trkpt>
      <trkpt lat="23.0498332343995571136474609375" lon="113.3127591200172901153564453125">
        <ele>5.400000095367431640625</ele>
        <time>2026-08-24T23:00:15.000Z</time>
        <extensions>
          <ns3:TrackPointExtension>
            <ns3:hr>138</ns3:hr>
            <ns3:cad>81</ns3:cad>
          </ns3:TrackPointExtension>
        </extensions>
      </trkpt>
      <trkpt lat="23.04982895962893962860107421875" lon="113.31279239617288112640380859375">
        <ele>5.400000095367431640625</ele>
        <time>2026-08-24T23:00:16.000Z</time>
        <extensions>
          <ns3:TrackPointExtension>
            <ns3:hr>138</ns3:hr>
            <ns3:cad>81</ns3:cad>
          </ns3:TrackPointExtension>
        </extensions>
      </trkpt>
      <trkpt lat="23.04983683861792087554931640625" lon="113.31281284801661968231201171875">
        <ele>5.400000095367431640625</ele>
        <time>2026-08-24T23:00:17.000Z</time>
        <extensions>
          <ns3:TrackPointExtension>
            <ns3:hr>138</ns3:hr>
            <ns3:cad>80</ns3:cad>
          </ns3:TrackPointExtension>
        </extensions>
      </trkpt>
      <trkpt lat="23.04984153248369693756103515625" lon="113.31283682025969028472900390625">
        <ele>5.400000095367431640625</ele>
        <time>2026-08-24T23:00:18.000Z</time>
        <extensions>
          <ns3:TrackPointExtension>
            <ns3:hr>139</ns3:hr>
            <ns3:cad>80</ns3:cad>
          </ns3:TrackPointExtension>
        </extensions>
      </trkpt>
      <trkpt lat="23.049837090075016021728515625" lon="113.31286733038723468780517578125">
        <ele>5.400000095367431640625</ele>
        <time>2026-08-24T23:00:19.000Z</time>
        <extensions>
          <ns3:TrackPointExtension>
            <ns3:hr>138</ns3:hr>
            <ns3:cad>80</ns3:cad>
          </ns3:TrackPointExtension>
        </extensions>
      </trkpt>
      <trkpt lat="23.0498429574072360992431640625" lon="113.312883339822292327880859375">
        <ele>5.400000095367431640625</ele>
        <time>2026-08-24T23:00:20.000Z</time>
        <extensions>
          <ns3:TrackPointExtension>
            <ns3:hr>138</ns3:hr>
            <ns3:cad>80</ns3:cad>
          </ns3:TrackPointExtension>
        </extensions>
      </trkpt>
      <trkpt lat="23.04984924383461475372314453125" lon="113.31290907226502895355224609375">
        <ele>5.400000095367431640625</ele>
        <time>2026-08-24T23:00:21.000Z</time>
        <extensions>
          <ns3:TrackPointExtension>
            <ns3:hr>138</ns3:hr>
            <ns3:cad>80</ns3:cad>
          </ns3:TrackPointExtension>
        </extensions>
      </trkpt>
      <trkpt lat="23.04985226131975650787353515625" lon="113.31293589435517787933349609375">
        <ele>5.400000095367431640625</ele>
        <time>2026-08-24T23:00:22.000Z</time>
        <extensions>
          <ns3:TrackPointExtension>
            <ns3:hr>138</ns3:hr>
            <ns3:cad>80</ns3:cad>
          </ns3:TrackPointExtension>
        </extensions>
      </trkpt>
      <trkpt lat="23.04985309951007366180419921875" lon="113.31294477917253971099853515625">
        <ele>5.400000095367431640625</ele>
        <time>2026-08-24T23:00:23.000Z</time>
        <extensions>
          <ns3:TrackPointExtension>
            <ns3:hr>138</ns3:hr>
            <ns3:cad>81</ns3:cad>
          </ns3:TrackPointExtension>
        </extensions>
      </trkpt>
      <trkpt lat="23.0498573742806911468505859375" lon="113.3129690028727054595947265625">
        <ele>5.400000095367431640625</ele>
        <time>2026-08-24T23:00:24.000Z</time>
        <extensions>
          <ns3:TrackPointExtension>
            <ns3:hr>137</ns3:hr>
            <ns3:cad>81</ns3:cad>
          </ns3:TrackPointExtension>
        </extensions>
      </trkpt>
      <trkpt lat="23.0498506687581539154052734375" lon="113.31299456767737865447998046875">
        <ele>5.599999904632568359375</ele>
        <time>2026-08-24T23:00:25.000Z</time>
        <extensions>
          <ns3:TrackPointExtension>
            <ns3:hr>137</ns3:hr>
            <ns3:cad>81</ns3:cad>
          </ns3:TrackPointExtension>
        </extensions>
      </trkpt>
      <trkpt lat="23.04985393770039081573486328125" lon="113.313002698123455047607421875">
        <ele>5.599999904632568359375</ele>
        <time>2026-08-24T23:00:26.000Z</time>
        <extensions>
          <ns3:TrackPointExtension>
            <ns3:hr>137</ns3:hr>
            <ns3:cad>80</ns3:cad>
          </ns3:TrackPointExtension>
        </extensions>
      </trkpt>
      <trkpt lat="23.04985712282359600067138671875" lon="113.31302977167069911956787109375">
        <ele>5.599999904632568359375</ele>
        <time>2026-08-24T23:00:27.000Z</time>
        <extensions>
          <ns3:TrackPointExtension>
            <ns3:hr>137</ns3:hr>
            <ns3:cad>80</ns3:cad>
          </ns3:TrackPointExtension>
        </extensions>
      </trkpt>
      <trkpt lat="23.04984949529170989990234375" lon="113.3130548335611820220947265625">
        <ele>5.599999904632568359375</ele>
        <time>2026-08-24T23:00:28.000Z</time>
        <extensions>
          <ns3:TrackPointExtension>
            <ns3:hr>137</ns3:hr>
            <ns3:cad>80</ns3:cad>
          </ns3:TrackPointExtension>
        </extensions>
      </trkpt>
      <trkpt lat="23.04985024966299533843994140625" lon="113.31307318992912769317626953125">
        <ele>5.80000019073486328125</ele>
        <time>2026-08-24T23:00:29.000Z</time>
        <extensions>
          <ns3:TrackPointExtension>
            <ns3:hr>138</ns3:hr>
            <ns3:cad>79</ns3:cad>
          </ns3:TrackPointExtension>
        </extensions>
      </trkpt>
      <trkpt lat="23.04984723217785358428955078125" lon="113.31309330649673938751220703125">
        <ele>5.80000019073486328125</ele>
        <time>2026-08-24T23:00:30.000Z</time>
        <extensions>
          <ns3:TrackPointExtension>
            <ns3:hr>137</ns3:hr>
            <ns3:cad>79</ns3:cad>
          </ns3:TrackPointExtension>
        </extensions>
      </trkpt>
      <trkpt lat="23.0498439632356166839599609375" lon="113.31312029622495174407958984375">
        <ele>5.80000019073486328125</ele>
        <time>2026-08-24T23:00:31.000Z</time>
        <extensions>
          <ns3:TrackPointExtension>
            <ns3:hr>137</ns3:hr>
            <ns3:cad>79</ns3:cad>
          </ns3:TrackPointExtension>
        </extensions>
      </trkpt>
      <trkpt lat="23.0498421192169189453125" lon="113.3131386525928974151611328125">
        <ele>5.80000019073486328125</ele>
        <time>2026-08-24T23:00:32.000Z</time>
        <extensions>
          <ns3:TrackPointExtension>
            <ns3:hr>137</ns3:hr>
            <ns3:cad>79</ns3:cad>
          </ns3:TrackPointExtension>
        </extensions>
      </trkpt>
      <trkpt lat="23.0498442985117435455322265625" lon="113.313160948455333709716796875">
        <ele>5.80000019073486328125</ele>
        <time>2026-08-24T23:00:33.000Z</time>
        <extensions>
          <ns3:TrackPointExtension>
            <ns3:hr>137</ns3:hr>
            <ns3:cad>80</ns3:cad>
          </ns3:TrackPointExtension>
        </extensions>
      </trkpt>
      <trkpt lat="23.04984773509204387664794921875" lon="113.3131865970790386199951171875">
        <ele>5.80000019073486328125</ele>
        <time>2026-08-24T23:00:34.000Z</time>
        <extensions>
          <ns3:TrackPointExtension>
            <ns3:hr>137</ns3:hr>
            <ns3:cad>80</ns3:cad>
          </ns3:TrackPointExtension>
        </extensions>
      </trkpt>
      <trkpt lat="23.04985024966299533843994140625" lon="113.3132003434002399444580078125">
        <ele>5.80000019073486328125</ele>
        <time>2026-08-24T23:00:35.000Z</time>
        <extensions>
          <ns3:TrackPointExtension>
            <ns3:hr>136</ns3:hr>
            <ns3:cad>80</ns3:cad>
          </ns3:TrackPointExtension>
        </extensions>
      </trkpt>
      <trkpt lat="23.04984421469271183013916015625" lon="113.3132315240800380706787109375">
        <ele>5.599999904632568359375</ele>
        <time>2026-08-24T23:00:36.000Z</time>
        <extensions>
          <ns3:TrackPointExtension>
            <ns3:hr>136</ns3:hr>
            <ns3:cad>80</ns3:cad>
          </ns3:TrackPointExtension>
        </extensions>
      </trkpt>
      <trkpt lat="23.049840442836284637451171875" lon="113.31325524486601352691650390625">
        <ele>5.400000095367431640625</ele>
        <time>2026-08-24T23:00:37.000Z</time>
        <extensions>
          <ns3:TrackPointExtension>
            <ns3:hr>136</ns3:hr>
            <ns3:cad>80</ns3:cad>
          </ns3:TrackPointExtension>
        </extensions>
      </trkpt>
      <trkpt lat="23.04984924383461475372314453125" lon="113.31326949410140514373779296875">
        <ele>5.19999980926513671875</ele>
        <time>2026-08-24T23:00:38.000Z</time>
        <extensions>
          <ns3:TrackPointExtension>
            <ns3:hr>136</ns3:hr>
            <ns3:cad>80</ns3:cad>
          </ns3:TrackPointExtension>
        </extensions>
      </trkpt>
      <trkpt lat="23.04984605871140956878662109375" lon="113.31330101005733013153076171875">
        <ele>5.19999980926513671875</ele>
        <time>2026-08-24T23:00:39.000Z</time>
        <extensions>
          <ns3:TrackPointExtension>
            <ns3:hr>136</ns3:hr>
            <ns3:cad>80</ns3:cad>
          </ns3:TrackPointExtension>
        </extensions>
      </trkpt>
      <trkpt lat="23.0498407781124114990234375" lon="113.3133223839104175567626953125">
        <ele>5.19999980926513671875</ele>
        <time>2026-08-24T23:00:40.000Z</time>
        <extensions>
          <ns3:TrackPointExtension>
            <ns3:hr>136</ns3:hr>
            <ns3:cad>80</ns3:cad>
          </ns3:TrackPointExtension>
        </extensions>
      </trkpt>
      <trkpt lat="23.049845807254314422607421875" lon="113.313345015048980712890625">
        <ele>5.400000095367431640625</ele>
        <time>2026-08-24T23:00:41.000Z</time>
        <extensions>
          <ns3:TrackPointExtension>
            <ns3:hr>136</ns3:hr>
            <ns3:cad>80</ns3:cad>
          </ns3:TrackPointExtension>
        </extensions>
      </trkpt>
      <trkpt lat="23.04984404705464839935302734375" lon="113.3133756928145885467529296875">
        <ele>5.400000095367431640625</ele>
        <time>2026-08-24T23:00:42.000Z</time>
        <extensions>
          <ns3:TrackPointExtension>
            <ns3:hr>136</ns3:hr>
            <ns3:cad>79</ns3:cad>
          </ns3:TrackPointExtension>
        </extensions>
      </trkpt>
      <trkpt lat="23.04984304122626781463623046875" lon="113.3133981563150882720947265625">
        <ele>5.599999904632568359375</ele>
        <time>2026-08-24T23:00:43.000Z</time>
        <extensions>
          <ns3:TrackPointExtension>
            <ns3:hr>136</ns3:hr>
            <ns3:cad>79</ns3:cad>
          </ns3:TrackPointExtension>
        </extensions>
      </trkpt>
      <trkpt lat="23.04985326714813709259033203125" lon="113.3134187757968902587890625">
        <ele>5.599999904632568359375</ele>
        <time>2026-08-24T23:00:44.000Z</time>
        <extensions>
          <ns3:TrackPointExtension>
            <ns3:hr>136</ns3:hr>
            <ns3:cad>80</ns3:cad>
          </ns3:TrackPointExtension>
        </extensions>
      </trkpt>
      <trkpt lat="23.0498510040342807769775390625" lon="113.3134491182863712310791015625">
        <ele>5.599999904632568359375</ele>
        <time>2026-08-24T23:00:45.000Z</time>
        <extensions>
          <ns3:TrackPointExtension>
            <ns3:hr>136</ns3:hr>
            <ns3:cad>80</ns3:cad>
          </ns3:TrackPointExtension>
        </extensions>
      </trkpt>
      <trkpt lat="23.0498446337878704071044921875" lon="113.31347133032977581024169921875">
        <ele>5.599999904632568359375</ele>
        <time>2026-08-24T23:00:46.000Z</time>
        <extensions>
          <ns3:TrackPointExtension>
            <ns3:hr>136</ns3:hr>
            <ns3:cad>80</ns3:cad>
          </ns3:TrackPointExtension>
        </extensions>
      </trkpt>
      <trkpt lat="23.049852512776851654052734375" lon="113.31348641775548458099365234375">
        <ele>5.599999904632568359375</ele>
        <time>2026-08-24T23:00:47.000Z</time>
        <extensions>
          <ns3:TrackPointExtension>
            <ns3:hr>136</ns3:hr>
            <ns3:cad>80</ns3:cad>
          </ns3:TrackPointExtension>
        </extensions>
      </trkpt>
      <trkpt lat="23.04985276423394680023193359375" lon="113.31350787542760372161865234375">
        <ele>5.599999904632568359375</ele>
        <time>2026-08-24T23:00:48.000Z</time>
        <extensions>
          <ns3:TrackPointExtension>
            <ns3:hr>136</ns3:hr>
            <ns3:cad>80</ns3:cad>
          </ns3:TrackPointExtension>
        </extensions>
      </trkpt>
      <trkpt lat="23.04984572343528270721435546875" lon="113.31352673470973968505859375">
        <ele>5.599999904632568359375</ele>
        <time>2026-08-24T23:00:49.000Z</time>
        <extensions>
          <ns3:TrackPointExtension>
            <ns3:hr>136</ns3:hr>
            <ns3:cad>79</ns3:cad>
          </ns3:TrackPointExtension>
        </extensions>
      </trkpt>
      <trkpt lat="23.04984957911074161529541015625" lon="113.31354257650673389434814453125">
        <ele>5.599999904632568359375</ele>
        <time>2026-08-24T23:00:50.000Z</time>
        <extensions>
          <ns3:TrackPointExtension>
            <ns3:hr>136</ns3:hr>
            <ns3:cad>79</ns3:cad>
          </ns3:TrackPointExtension>
        </extensions>
      </trkpt>
      <trkpt lat="23.04985075257718563079833984375" lon="113.3135657943785190582275390625">
        <ele>5.599999904632568359375</ele>
        <time>2026-08-24T23:00:51.000Z</time>
        <extensions>
          <ns3:TrackPointExtension>
            <ns3:hr>136</ns3:hr>
            <ns3:cad>80</ns3:cad>
          </ns3:TrackPointExtension>
        </extensions>
      </trkpt>
      <trkpt lat="23.04984278976917266845703125" lon="113.31359085626900196075439453125">
        <ele>5.599999904632568359375</ele>
        <time>2026-08-24T23:00:52.000Z</time>
        <extensions>
          <ns3:TrackPointExtension>
            <ns3:hr>135</ns3:hr>
            <ns3:cad>80</ns3:cad>
          </ns3:TrackPointExtension>
        </extensions>
      </trkpt>
      <trkpt lat="23.04985008202493190765380859375" lon="113.3136093802750110626220703125">
        <ele>5.400000095367431640625</ele>
        <time>2026-08-24T23:00:53.000Z</time>
        <extensions>
          <ns3:TrackPointExtension>
            <ns3:hr>136</ns3:hr>
            <ns3:cad>79</ns3:cad>
          </ns3:TrackPointExtension>
        </extensions>
      </trkpt>
      <trkpt lat="23.049849160015583038330078125" lon="113.31363863311707973480224609375">
        <ele>5.400000095367431640625</ele>
        <time>2026-08-24T23:00:54.000Z</time>
        <extensions>
          <ns3:TrackPointExtension>
            <ns3:hr>136</ns3:hr>
            <ns3:cad>79</ns3:cad>
          </ns3:TrackPointExtension>
        </extensions>
      </trkpt>
      <trkpt lat="23.04984237067401409149169921875" lon="113.313659168779850006103515625">
        <ele>5.400000095367431640625</ele>
        <time>2026-08-24T23:00:55.000Z</time>
        <extensions>
          <ns3:TrackPointExtension>
            <ns3:hr>135</ns3:hr>
            <ns3:cad>79</ns3:cad>
          </ns3:TrackPointExtension>
        </extensions>
      </trkpt>
      <trkpt lat="23.04984857328236103057861328125" lon="113.3136781118810176849365234375">
        <ele>5.400000095367431640625</ele>
        <time>2026-08-24T23:00:56.000Z</time>
        <extensions>
          <ns3:TrackPointExtension>
            <ns3:hr>136</ns3:hr>
            <ns3:cad>79</ns3:cad>
          </ns3:TrackPointExtension>
        </extensions>
      </trkpt>
      <trkpt lat="23.04984840564429759979248046875" lon="113.31370485015213489532470703125">
        <ele>5.599999904632568359375</ele>
        <time>2026-08-24T23:00:57.000Z</time>
        <extensions>
          <ns3:TrackPointExtension>
            <ns3:hr>136</ns3:hr>
            <ns3:cad>79</ns3:cad>
          </ns3:TrackPointExtension>
        </extensions>
      </trkpt>
      <trkpt lat="23.04984371177852153778076171875" lon="113.3137287385761737823486328125">
        <ele>5.599999904632568359375</ele>
        <time>2026-08-24T23:00:58.000Z</time>
        <extensions>
          <ns3:TrackPointExtension>
            <ns3:hr>135</ns3:hr>
            <ns3:cad>79</ns3:cad>
          </ns3:TrackPointExtension>
        </extensions>
      </trkpt>
      <trkpt lat="23.04984924383461475372314453125" lon="113.3137468434870243072509765625">
        <ele>5.599999904632568359375</ele>
        <time>2026-08-24T23:00:59.000Z</time>
        <extensions>
          <ns3:TrackPointExtension>
            <ns3:hr>135</ns3:hr>
            <ns3:cad>79</ns3:cad>
          </ns3:TrackPointExtension>
        </extensions>
      </trkpt>
      <trkpt lat="23.04984689690172672271728515625" lon="113.31377190537750720977783203125">
        <ele>5.599999904632568359375</ele>
        <time>2026-08-24T23:01:00.000Z</time>
        <extensions>
          <ns3:TrackPointExtension>
            <ns3:hr>135</ns3:hr>
            <ns3:cad>80</ns3:cad>
          </ns3:TrackPointExtension>
        </extensions>
      </trkpt>
      <trkpt lat="23.04983885027468204498291015625" lon="113.3137967996299266815185546875">
        <ele>5.599999904632568359375</ele>
        <time>2026-08-24T23:01:01.000Z</time>
        <extensions>
          <ns3:TrackPointExtension>
            <ns3:hr>136</ns3:hr>
            <ns3:cad>80</ns3:cad>
          </ns3:TrackPointExtension>
        </extensions>
      </trkpt>
      <trkpt lat="23.04984488524496555328369140625" lon="113.31381079740822315216064453125">
        <ele>5.599999904632568359375</ele>
        <time>2026-08-24T23:01:02.000Z</time>
        <extensions>
          <ns3:TrackPointExtension>
            <ns3:hr>135</ns3:hr>
            <ns3:cad>80</ns3:cad>
          </ns3:TrackPointExtension>
        </extensions>
      </trkpt>
      <trkpt lat="23.0498442985117435455322265625" lon="113.31383527256548404693603515625">
        <ele>5.599999904632568359375</ele>
        <time>2026-08-24T23:01:03.000Z</time>
        <extensions>
          <ns3:TrackPointExtension>
            <ns3:hr>135</ns3:hr>
            <ns3:cad>80</ns3:cad>
          </ns3:TrackPointExtension>
        </extensions>
      </trkpt>
      <trkpt lat="23.0498332343995571136474609375" lon="113.313859999179840087890625">
        <ele>5.599999904632568359375</ele>
        <time>2026-08-24T23:01:04.000Z</time>
        <extensions>
          <ns3:TrackPointExtension>
            <ns3:hr>136</ns3:hr>
            <ns3:cad>80</ns3:cad>
          </ns3:TrackPointExtension>
        </extensions>
      </trkpt>
      <trkpt lat="23.04983784444630146026611328125" lon="113.31387835554778575897216796875">
        <ele>5.599999904632568359375</ele>
        <time>2026-08-24T23:01:05.000Z</time>
        <extensions>
          <ns3:TrackPointExtension>
            <ns3:hr>135</ns3:hr>
            <ns3:cad>79</ns3:cad>
          </ns3:TrackPointExtension>
        </extensions>
      </trkpt>
      <trkpt lat="23.04983700625598430633544921875" lon="113.3139047585427761077880859375">
        <ele>5.599999904632568359375</ele>
        <time>2026-08-24T23:01:06.000Z</time>
        <extensions>
          <ns3:TrackPointExtension>
            <ns3:hr>135</ns3:hr>
            <ns3:cad>79</ns3:cad>
          </ns3:TrackPointExtension>
        </extensions>
      </trkpt>
      <trkpt lat="23.04982711561024188995361328125" lon="113.3139295689761638641357421875">
        <ele>5.599999904632568359375</ele>
        <time>2026-08-24T23:01:07.000Z</time>
        <extensions>
          <ns3:TrackPointExtension>
            <ns3:hr>136</ns3:hr>
            <ns3:cad>79</ns3:cad>
          </ns3:TrackPointExtension>
        </extensions>
      </trkpt>
      <trkpt lat="23.04982493631541728973388671875" lon="113.31395479850471019744873046875">
        <ele>5.80000019073486328125</ele>
        <time>2026-08-24T23:01:08.000Z</time>
        <extensions>
          <ns3:TrackPointExtension>
            <ns3:hr>135</ns3:hr>
            <ns3:cad>79</ns3:cad>
          </ns3:TrackPointExtension>
        </extensions>
      </trkpt>
      <trkpt lat="23.04982602596282958984375" lon="113.3139744959771633148193359375">
        <ele>5.80000019073486328125</ele>
        <time>2026-08-24T23:01:09.000Z</time>
        <extensions>
          <ns3:TrackPointExtension>
            <ns3:hr>135</ns3:hr>
            <ns3:cad>79</ns3:cad>
          </ns3:TrackPointExtension>
        </extensions>
      </trkpt>
      <trkpt lat="23.049821667373180389404296875" lon="113.31400358118116855621337890625">
        <ele>5.599999904632568359375</ele>
        <time>2026-08-24T23:01:10.000Z</time>
        <extensions>
          <ns3:TrackPointExtension>
            <ns3:hr>135</ns3:hr>
            <ns3:cad>80</ns3:cad>
          </ns3:TrackPointExtension>
        </extensions>
      </trkpt>
      <trkpt lat="23.0498225055634975433349609375" lon="113.314023949205875396728515625">
        <ele>5.599999904632568359375</ele>
        <time>2026-08-24T23:01:11.000Z</time>
        <extensions>
          <ns3:TrackPointExtension>
            <ns3:hr>135</ns3:hr>
            <ns3:cad>79</ns3:cad>
          </ns3:TrackPointExtension>
        </extensions>
      </trkpt>
      <trkpt lat="23.04982359521090984344482421875" lon="113.31405001692473888397216796875">
        <ele>5.599999904632568359375</ele>
        <time>2026-08-24T23:01:12.000Z</time>
        <extensions>
          <ns3:TrackPointExtension>
            <ns3:hr>136</ns3:hr>
            <ns3:cad>79</ns3:cad>
          </ns3:TrackPointExtension>
        </extensions>
      </trkpt>
      <trkpt lat="23.0498181469738483428955078125" lon="113.3140740729868412017822265625">
        <ele>5.599999904632568359375</ele>
        <time>2026-08-24T23:01:13.000Z</time>
        <extensions>
          <ns3:TrackPointExtension>
            <ns3:hr>135</ns3:hr>
            <ns3:cad>79</ns3:cad>
          </ns3:TrackPointExtension>
        </extensions>
      </trkpt>
      <trkpt lat="23.049824349582195281982421875" lon="113.31409293226897716522216796875">
        <ele>5.599999904632568359375</ele>
        <time>2026-08-24T23:01:14.000Z</time>
        <extensions>
          <ns3:TrackPointExtension>
            <ns3:hr>135</ns3:hr>
            <ns3:cad>80</ns3:cad>
          </ns3:TrackPointExtension>
        </extensions>
      </trkpt>
      <trkpt lat="23.04982778616249561309814453125" lon="113.31411950290203094482421875">
        <ele>5.599999904632568359375</ele>
        <time>2026-08-24T23:01:15.000Z</time>
        <extensions>
          <ns3:TrackPointExtension>
            <ns3:hr>135</ns3:hr>
            <ns3:cad>80</ns3:cad>
          </ns3:TrackPointExtension>
        </extensions>
      </trkpt>
      <trkpt lat="23.04982426576316356658935546875" lon="113.31414238549768924713134765625">
        <ele>5.599999904632568359375</ele>
        <time>2026-08-24T23:01:16.000Z</time>
        <extensions>
          <ns3:TrackPointExtension>
            <ns3:hr>135</ns3:hr>
            <ns3:cad>80</ns3:cad>
          </ns3:TrackPointExtension>
        </extensions>
      </trkpt>
      <trkpt lat="23.0498302169144153594970703125" lon="113.31416032277047634124755859375">
        <ele>5.599999904632568359375</ele>
        <time>2026-08-24T23:01:17.000Z</time>
        <extensions>
          <ns3:TrackPointExtension>
            <ns3:hr>135</ns3:hr>
            <ns3:cad>80</ns3:cad>
          </ns3:TrackPointExtension>
        </extensions>
      </trkpt>
      <trkpt lat="23.0498318932950496673583984375" lon="113.3141860552132129669189453125">
        <ele>5.599999904632568359375</ele>
        <time>2026-08-24T23:01:18.000Z</time>
        <extensions>
          <ns3:TrackPointExtension>
            <ns3:hr>135</ns3:hr>
            <ns3:cad>80</ns3:cad>
          </ns3:TrackPointExtension>
        </extensions>
      </trkpt>
      <trkpt lat="23.04983030073344707489013671875" lon="113.31420960836112499237060546875">
        <ele>5.599999904632568359375</ele>
        <time>2026-08-24T23:01:19.000Z</time>
        <extensions>
          <ns3:TrackPointExtension>
            <ns3:hr>136</ns3:hr>
            <ns3:cad>80</ns3:cad>
          </ns3:TrackPointExtension>
        </extensions>
      </trkpt>
      <trkpt lat="23.0498328991234302520751953125" lon="113.31423492170870304107666015625">
        <ele>5.599999904632568359375</ele>
        <time>2026-08-24T23:01:20.000Z</time>
        <extensions>
          <ns3:TrackPointExtension>
            <ns3:hr>135</ns3:hr>
            <ns3:cad>80</ns3:cad>
          </ns3:TrackPointExtension>
        </extensions>
      </trkpt>
      <trkpt lat="23.0498375929892063140869140625" lon="113.31426559947431087493896484375">
        <ele>5.599999904632568359375</ele>
        <time>2026-08-24T23:01:21.000Z</time>
        <extensions>
          <ns3:TrackPointExtension>
            <ns3:hr>135</ns3:hr>
            <ns3:cad>80</ns3:cad>
          </ns3:TrackPointExtension>
        </extensions>
      </trkpt>
      <trkpt lat="23.04983474314212799072265625" lon="113.3142832852900028228759765625">
        <ele>5.599999904632568359375</ele>
        <time>2026-08-24T23:01:22.000Z</time>
        <extensions>
          <ns3:TrackPointExtension>
            <ns3:hr>136</ns3:hr>
            <ns3:cad>80</ns3:cad>
          </ns3:TrackPointExtension>
        </extensions>
      </trkpt>
      <trkpt lat="23.04984354414045810699462890625" lon="113.31430449150502681732177734375">
        <ele>5.599999904632568359375</ele>
        <time>2026-08-24T23:01:23.000Z</time>
        <extensions>
          <ns3:TrackPointExtension>
            <ns3:hr>136</ns3:hr>
            <ns3:cad>80</ns3:cad>
          </ns3:TrackPointExtension>
        </extensions>
      </trkpt>
      <trkpt lat="23.04984304122626781463623046875" lon="113.31433298997581005096435546875">
        <ele>5.599999904632568359375</ele>
        <time>2026-08-24T23:01:24.000Z</time>
        <extensions>
          <ns3:TrackPointExtension>
            <ns3:hr>136</ns3:hr>
            <ns3:cad>80</ns3:cad>
          </ns3:TrackPointExtension>
        </extensions>
      </trkpt>
      <trkpt lat="23.04984069429337978363037109375" lon="113.314351178705692291259765625">
        <ele>5.599999904632568359375</ele>
        <time>2026-08-24T23:01:25.000Z</time>
        <extensions>
          <ns3:TrackPointExtension>
            <ns3:hr>136</ns3:hr>
            <ns3:cad>80</ns3:cad>
          </ns3:TrackPointExtension>
        </extensions>
      </trkpt>
      <trkpt lat="23.0498461425304412841796875" lon="113.3143761567771434783935546875">
        <ele>5.599999904632568359375</ele>
        <time>2026-08-24T23:01:26.000Z</time>
        <extensions>
          <ns3:TrackPointExtension>
            <ns3:hr>136</ns3:hr>
            <ns3:cad>80</ns3:cad>
          </ns3:TrackPointExtension>
        </extensions>
      </trkpt>
      <trkpt lat="23.04984237067401409149169921875" lon="113.314404152333736419677734375">
        <ele>5.400000095367431640625</ele>
        <time>2026-08-24T23:01:27.000Z</time>
        <extensions>
          <ns3:TrackPointExtension>
            <ns3:hr>136</ns3:hr>
            <ns3:cad>80</ns3:cad>
          </ns3:TrackPointExtension>
        </extensions>
      </trkpt>
      <trkpt lat="23.04983985610306262969970703125" lon="113.31442368216812610626220703125">
        <ele>5.400000095367431640625</ele>
        <time>2026-08-24T23:01:28.000Z</time>
        <extensions>
          <ns3:TrackPointExtension>
            <ns3:hr>137</ns3:hr>
            <ns3:cad>80</ns3:cad>
          </ns3:TrackPointExtension>
        </extensions>
      </trkpt>
      <trkpt lat="23.0498426221311092376708984375" lon="113.314448408782482147216796875">
        <ele>5.400000095367431640625</ele>
        <time>2026-08-24T23:01:29.000Z</time>
        <extensions>
          <ns3:TrackPointExtension>
            <ns3:hr>137</ns3:hr>
            <ns3:cad>80</ns3:cad>
          </ns3:TrackPointExtension>
        </extensions>
      </trkpt>
      <trkpt lat="23.04984287358820438385009765625" lon="113.31448118202388286590576171875">
        <ele>5.400000095367431640625</ele>
        <time>2026-08-24T23:01:30.000Z</time>
        <extensions>
          <ns3:TrackPointExtension>
            <ns3:hr>137</ns3:hr>
            <ns3:cad>80</ns3:cad>
          </ns3:TrackPointExtension>
        </extensions>
      </trkpt>
      <trkpt lat="23.04984505288302898406982421875" lon="113.31450171768665313720703125">
        <ele>5.400000095367431640625</ele>
        <time>2026-08-24T23:01:31.000Z</time>
        <extensions>
          <ns3:TrackPointExtension>
            <ns3:hr>137</ns3:hr>
            <ns3:cad>81</ns3:cad>
          </ns3:TrackPointExtension>
        </extensions>
      </trkpt>
      <trkpt lat="23.0498510040342807769775390625" lon="113.3145277015864849090576171875">
        <ele>5.400000095367431640625</ele>
        <time>2026-08-24T23:01:32.000Z</time>
        <extensions>
          <ns3:TrackPointExtension>
            <ns3:hr>137</ns3:hr>
            <ns3:cad>81</ns3:cad>
          </ns3:TrackPointExtension>
        </extensions>
      </trkpt>
      <trkpt lat="23.049850501120090484619140625" lon="113.31455980427563190460205078125">
        <ele>5.400000095367431640625</ele>
        <time>2026-08-24T23:01:33.000Z</time>
        <extensions>
          <ns3:TrackPointExtension>
            <ns3:hr>138</ns3:hr>
            <ns3:cad>81</ns3:cad>
          </ns3:TrackPointExtension>
        </extensions>
      </trkpt>
      <trkpt lat="23.04985896684229373931884765625" lon="113.3145763166248798370361328125">
        <ele>5.400000095367431640625</ele>
        <time>2026-08-24T23:01:34.000Z</time>
        <extensions>
          <ns3:TrackPointExtension>
            <ns3:hr>138</ns3:hr>
            <ns3:cad>81</ns3:cad>
          </ns3:TrackPointExtension>
        </extensions>
      </trkpt>
      <trkpt lat="23.049865923821926116943359375" lon="113.3146028034389019012451171875">
        <ele>5.400000095367431640625</ele>
        <time>2026-08-24T23:01:35.000Z</time>
        <extensions>
          <ns3:TrackPointExtension>
            <ns3:hr>139</ns3:hr>
            <ns3:cad>81</ns3:cad>
          </ns3:TrackPointExtension>
        </extensions>
      </trkpt>
      <trkpt lat="23.0498681031167507171630859375" lon="113.31463205628097057342529296875">
        <ele>5.400000095367431640625</ele>
        <time>2026-08-24T23:01:36.000Z</time>
        <extensions>
          <ns3:TrackPointExtension>
            <ns3:hr>140</ns3:hr>
            <ns3:cad>81</ns3:cad>
          </ns3:TrackPointExtension>
        </extensions>
      </trkpt>
      <trkpt lat="23.0498784966766834259033203125" lon="113.31464588642120361328125">
        <ele>5.400000095367431640625</ele>
        <time>2026-08-24T23:01:37.000Z</time>
        <extensions>
          <ns3:TrackPointExtension>
            <ns3:hr>140</ns3:hr>
            <ns3:cad>81</ns3:cad>
          </ns3:TrackPointExtension>
        </extensions>
      </trkpt>
      <trkpt lat="23.04988168179988861083984375" lon="113.3146675117313861846923828125">
        <ele>5.599999904632568359375</ele>
        <time>2026-08-24T23:01:38.000Z</time>
        <extensions>
          <ns3:TrackPointExtension>
            <ns3:hr>140</ns3:hr>
            <ns3:cad>80</ns3:cad>
          </ns3:TrackPointExtension>
        </extensions>
      </trkpt>
      <trkpt lat="23.04986961185932159423828125" lon="113.314694501459598541259765625">
        <ele>5.599999904632568359375</ele>
        <time>2026-08-24T23:01:39.000Z</time>
        <extensions>
          <ns3:TrackPointExtension>
            <ns3:hr>140</ns3:hr>
            <ns3:cad>80</ns3:cad>
          </ns3:TrackPointExtension>
        </extensions>
      </trkpt>
      <trkpt lat="23.04987430572509765625" lon="113.314710594713687896728515625">
        <ele>5.599999904632568359375</ele>
        <time>2026-08-24T23:01:40.000Z</time>
        <extensions>
          <ns3:TrackPointExtension>
            <ns3:hr>140</ns3:hr>
            <ns3:cad>81</ns3:cad>
          </ns3:TrackPointExtension>
        </extensions>
      </trkpt>
      <trkpt lat="23.04986936040222644805908203125" lon="113.31473783589899539947509765625">
        <ele>5.599999904632568359375</ele>
        <time>2026-08-24T23:01:41.000Z</time>
        <extensions>
          <ns3:TrackPointExtension>
            <ns3:hr>141</ns3:hr>
            <ns3:cad>81</ns3:cad>
          </ns3:TrackPointExtension>
        </extensions>
      </trkpt>
      <trkpt lat="23.0498587153851985931396484375" lon="113.3147627301514148712158203125">
        <ele>5.599999904632568359375</ele>
        <time>2026-08-24T23:01:42.000Z</time>
        <extensions>
          <ns3:TrackPointExtension>
            <ns3:hr>140</ns3:hr>
            <ns3:cad>80</ns3:cad>
          </ns3:TrackPointExtension>
        </extensions>
      </trkpt>
      <trkpt lat="23.0498597212135791778564453125" lon="113.31478142179548740386962890625">
        <ele>5.599999904632568359375</ele>
        <time>2026-08-24T23:01:43.000Z</time>
        <extensions>
          <ns3:TrackPointExtension>
            <ns3:hr>140</ns3:hr>
            <ns3:cad>80</ns3:cad>
          </ns3:TrackPointExtension>
        </extensions>
      </trkpt>
      <trkpt lat="23.04985511116683483123779296875" lon="113.31480656750500202178955078125">
        <ele>5.599999904632568359375</ele>
        <time>2026-08-24T23:01:44.000Z</time>
        <extensions>
          <ns3:TrackPointExtension>
            <ns3:hr>141</ns3:hr>
            <ns3:cad>80</ns3:cad>
          </ns3:TrackPointExtension>
        </extensions>
      </trkpt>
      <trkpt lat="23.04984689690172672271728515625" lon="113.314829282462596893310546875">
        <ele>5.599999904632568359375</ele>
        <time>2026-08-24T23:01:45.000Z</time>
        <extensions>
          <ns3:TrackPointExtension>
            <ns3:hr>140</ns3:hr>
            <ns3:cad>80</ns3:cad>
          </ns3:TrackPointExtension>
        </extensions>
      </trkpt>
      <trkpt lat="23.0498483218252658843994140625" lon="113.31485166214406490325927734375">
        <ele>5.599999904632568359375</ele>
        <time>2026-08-24T23:01:46.000Z</time>
        <extensions>
          <ns3:TrackPointExtension>
            <ns3:hr>140</ns3:hr>
            <ns3:cad>80</ns3:cad>
          </ns3:TrackPointExtension>
        </extensions>
      </trkpt>
      <trkpt lat="23.04984471760690212249755859375" lon="113.3148827590048313140869140625">
        <ele>5.599999904632568359375</ele>
        <time>2026-08-24T23:01:47.000Z</time>
        <extensions>
          <ns3:TrackPointExtension>
            <ns3:hr>140</ns3:hr>
            <ns3:cad>81</ns3:cad>
          </ns3:TrackPointExtension>
        </extensions>
      </trkpt>
      <trkpt lat="23.04983885027468204498291015625" lon="113.31490404903888702392578125">
        <ele>5.599999904632568359375</ele>
        <time>2026-08-24T23:01:48.000Z</time>
        <extensions>
          <ns3:TrackPointExtension>
            <ns3:hr>140</ns3:hr>
            <ns3:cad>81</ns3:cad>
          </ns3:TrackPointExtension>
        </extensions>
      </trkpt>
      <trkpt lat="23.04983935318887233734130859375" lon="113.3149266801774501800537109375">
        <ele>5.599999904632568359375</ele>
        <time>2026-08-24T23:01:49.000Z</time>
        <extensions>
          <ns3:TrackPointExtension>
            <ns3:hr>141</ns3:hr>
            <ns3:cad>81</ns3:cad>
          </ns3:TrackPointExtension>
        </extensions>
      </trkpt>
      <trkpt lat="23.049835078418254852294921875" lon="113.31495660357177257537841796875">
        <ele>5.400000095367431640625</ele>
        <time>2026-08-24T23:01:50.000Z</time>
        <extensions>
          <ns3:TrackPointExtension>
            <ns3:hr>140</ns3:hr>
            <ns3:cad>81</ns3:cad>
          </ns3:TrackPointExtension>
        </extensions>
      </trkpt>
      <trkpt lat="23.04983415640890598297119140625" lon="113.3149773068726062774658203125">
        <ele>5.400000095367431640625</ele>
        <time>2026-08-24T23:01:51.000Z</time>
        <extensions>
          <ns3:TrackPointExtension>
            <ns3:hr>140</ns3:hr>
            <ns3:cad>81</ns3:cad>
          </ns3:TrackPointExtension>
        </extensions>
      </trkpt>
      <trkpt lat="23.04983876645565032958984375" lon="113.31500337459146976470947265625">
        <ele>5.400000095367431640625</ele>
        <time>2026-08-24T23:01:52.000Z</time>
        <extensions>
          <ns3:TrackPointExtension>
            <ns3:hr>141</ns3:hr>
            <ns3:cad>81</ns3:cad>
          </ns3:TrackPointExtension>
        </extensions>
      </trkpt>
      <trkpt lat="23.04982728324830532073974609375" lon="113.3150339685380458831787109375">
        <ele>5.400000095367431640625</ele>
        <time>2026-08-24T23:01:53.000Z</time>
        <extensions>
          <ns3:TrackPointExtension>
            <ns3:hr>141</ns3:hr>
            <ns3:cad>80</ns3:cad>
          </ns3:TrackPointExtension>
        </extensions>
      </trkpt>
      <trkpt lat="23.0498238466680049896240234375" lon="113.31505157053470611572265625">
        <ele>5.400000095367431640625</ele>
        <time>2026-08-24T23:01:54.000Z</time>
        <extensions>
          <ns3:TrackPointExtension>
            <ns3:hr>141</ns3:hr>
            <ns3:cad>81</ns3:cad>
          </ns3:TrackPointExtension>
        </extensions>
      </trkpt>
      <trkpt lat="23.0498248524963855743408203125" lon="113.3150755427777767181396484375">
        <ele>5.400000095367431640625</ele>
        <time>2026-08-24T23:01:55.000Z</time>
        <extensions>
          <ns3:TrackPointExtension>
            <ns3:hr>141</ns3:hr>
            <ns3:cad>81</ns3:cad>
          </ns3:TrackPointExtension>
        </extensions>
      </trkpt>
      <trkpt lat="23.0498206615447998046875" lon="113.3151080645620822906494140625">
        <ele>5.400000095367431640625</ele>
        <time>2026-08-24T23:01:56.000Z</time>
        <extensions>
          <ns3:TrackPointExtension>
            <ns3:hr>141</ns3:hr>
            <ns3:cad>81</ns3:cad>
          </ns3:TrackPointExtension>
        </extensions>
      </trkpt>
      <trkpt lat="23.04981655441224575042724609375" lon="113.3151298575103282928466796875">
        <ele>5.400000095367431640625</ele>
        <time>2026-08-24T23:01:57.000Z</time>
        <extensions>
          <ns3:TrackPointExtension>
            <ns3:hr>141</ns3:hr>
            <ns3:cad>81</ns3:cad>
          </ns3:TrackPointExtension>
        </extensions>
      </trkpt>
      <trkpt lat="23.0498191528022289276123046875" lon="113.31515617668628692626953125">
        <ele>5.400000095367431640625</ele>
        <time>2026-08-24T23:01:58.000Z</time>
        <extensions>
          <ns3:TrackPointExtension>
            <ns3:hr>141</ns3:hr>
            <ns3:cad>81</ns3:cad>
          </ns3:TrackPointExtension>
        </extensions>
      </trkpt>
      <trkpt lat="23.0498218350112438201904296875" lon="113.31518165767192840576171875">
        <ele>5.400000095367431640625</ele>
        <time>2026-08-24T23:01:59.000Z</time>
        <extensions>
          <ns3:TrackPointExtension>
            <ns3:hr>142</ns3:hr>
            <ns3:cad>80</ns3:cad>
          </ns3:TrackPointExtension>
        </extensions>
      </trkpt>
      <trkpt lat="23.04982141591608524322509765625" lon="113.3152026124298572540283203125">
        <ele>5.400000095367431640625</ele>
        <time>2026-08-24T23:02:00.000Z</time>
        <extensions>
          <ns3:TrackPointExtension>
            <ns3:hr>141</ns3:hr>
            <ns3:cad>80</ns3:cad>
          </ns3:TrackPointExtension>
        </extensions>
      </trkpt>
      <trkpt lat="23.04982476867735385894775390625" lon="113.3152319490909576416015625">
        <ele>5.400000095367431640625</ele>
        <time>2026-08-24T23:02:01.000Z</time>
        <extensions>
          <ns3:TrackPointExtension>
            <ns3:hr>142</ns3:hr>
            <ns3:cad>80</ns3:cad>
          </ns3:TrackPointExtension>
        </extensions>
      </trkpt>
      <trkpt lat="23.0498208291828632354736328125" lon="113.31525902263820171356201171875">
        <ele>5.400000095367431640625</ele>
        <time>2026-08-24T23:02:02.000Z</time>
        <extensions>
          <ns3:TrackPointExtension>
            <ns3:hr>142</ns3:hr>
            <ns3:cad>80</ns3:cad>
          </ns3:TrackPointExtension>
        </extensions>
      </trkpt>
      <trkpt lat="23.0498271994292736053466796875" lon="113.31527427770197391510009765625">
        <ele>5.400000095367431640625</ele>
        <time>2026-08-24T23:02:03.000Z</time>
        <extensions>
          <ns3:TrackPointExtension>
            <ns3:hr>142</ns3:hr>
            <ns3:cad>80</ns3:cad>
          </ns3:TrackPointExtension>
        </extensions>
      </trkpt>
      <trkpt lat="23.04982937872409820556640625" lon="113.31530244089663028717041015625">
        <ele>5.400000095367431640625</ele>
        <time>2026-08-24T23:02:04.000Z</time>
        <extensions>
          <ns3:TrackPointExtension>
            <ns3:hr>141</ns3:hr>
            <ns3:cad>80</ns3:cad>
          </ns3:TrackPointExtension>
        </extensions>
      </trkpt>
      <trkpt lat="23.04982309229671955108642578125" lon="113.31532641313970088958740234375">
        <ele>5.599999904632568359375</ele>
        <time>2026-08-24T23:02:05.000Z</time>
        <extensions>
          <ns3:TrackPointExtension>
            <ns3:hr>142</ns3:hr>
            <ns3:cad>80</ns3:cad>
          </ns3:TrackPointExtension>
        </extensions>
      </trkpt>
      <trkpt lat="23.04982661269605159759521484375" lon="113.31534351222217082977294921875">
        <ele>5.599999904632568359375</ele>
        <time>2026-08-24T23:02:06.000Z</time>
        <extensions>
          <ns3:TrackPointExtension>
            <ns3:hr>142</ns3:hr>
            <ns3:cad>80</ns3:cad>
          </ns3:TrackPointExtension>
        </extensions>
      </trkpt>
      <trkpt lat="23.049827702343463897705078125" lon="113.3153702504932880401611328125">
        <ele>5.599999904632568359375</ele>
        <time>2026-08-24T23:02:07.000Z</time>
        <extensions>
          <ns3:TrackPointExtension>
            <ns3:hr>142</ns3:hr>
            <ns3:cad>80</ns3:cad>
          </ns3:TrackPointExtension>
        </extensions>
      </trkpt>
      <trkpt lat="23.04982602596282958984375" lon="113.31539212726056575775146484375">
        <ele>5.599999904632568359375</ele>
        <time>2026-08-24T23:02:08.000Z</time>
        <extensions>
          <ns3:TrackPointExtension>
            <ns3:hr>142</ns3:hr>
            <ns3:cad>81</ns3:cad>
          </ns3:TrackPointExtension>
        </extensions>
      </trkpt>
      <trkpt lat="23.0498335696756839752197265625" lon="113.31541140563786029815673828125">
        <ele>5.400000095367431640625</ele>
        <time>2026-08-24T23:02:09.000Z</time>
        <extensions>
          <ns3:TrackPointExtension>
            <ns3:hr>142</ns3:hr>
            <ns3:cad>81</ns3:cad>
          </ns3:TrackPointExtension>
        </extensions>
      </trkpt>
      <trkpt lat="23.04983549751341342926025390625" lon="113.31543252803385257720947265625">
        <ele>5.400000095367431640625</ele>
        <time>2026-08-24T23:02:10.000Z</time>
        <extensions>
          <ns3:TrackPointExtension>
            <ns3:hr>142</ns3:hr>
            <ns3:cad>81</ns3:cad>
          </ns3:TrackPointExtension>
        </extensions>
      </trkpt>
      <trkpt lat="23.049835748970508575439453125" lon="113.31545599736273288726806640625">
        <ele>5.400000095367431640625</ele>
        <time>2026-08-24T23:02:11.000Z</time>
        <extensions>
          <ns3:TrackPointExtension>
            <ns3:hr>142</ns3:hr>
            <ns3:cad>81</ns3:cad>
          </ns3:TrackPointExtension>
        </extensions>
      </trkpt>
      <trkpt lat="23.0498456396162509918212890625" lon="113.3154741860926151275634765625">
        <ele>5.400000095367431640625</ele>
        <time>2026-08-24T23:02:12.000Z</time>
        <extensions>
          <ns3:TrackPointExtension>
            <ns3:hr>143</ns3:hr>
            <ns3:cad>80</ns3:cad>
          </ns3:TrackPointExtension>
        </extensions>
      </trkpt>
      <trkpt lat="23.04984991438686847686767578125" lon="113.3155108988285064697265625">
        <ele>5.599999904632568359375</ele>
        <time>2026-08-24T23:02:13.000Z</time>
        <extensions>
          <ns3:TrackPointExtension>
            <ns3:hr>143</ns3:hr>
            <ns3:cad>80</ns3:cad>
          </ns3:TrackPointExtension>
        </extensions>
      </trkpt>
      <trkpt lat="23.04986282251775264739990234375" lon="113.315524645149707794189453125">
        <ele>5.599999904632568359375</ele>
        <time>2026-08-24T23:02:14.000Z</time>
        <extensions>
          <ns3:TrackPointExtension>
            <ns3:hr>143</ns3:hr>
            <ns3:cad>80</ns3:cad>
          </ns3:TrackPointExtension>
        </extensions>
      </trkpt>
      <trkpt lat="23.049871288239955902099609375" lon="113.3155472762882709503173828125">
        <ele>5.599999904632568359375</ele>
        <time>2026-08-24T23:02:15.000Z</time>
        <extensions>
          <ns3:TrackPointExtension>
            <ns3:hr>143</ns3:hr>
            <ns3:cad>81</ns3:cad>
          </ns3:TrackPointExtension>
        </extensions>
      </trkpt>
      <trkpt lat="23.04987221024930477142333984375" lon="113.315576277673244476318359375">
        <ele>5.599999904632568359375</ele>
        <time>2026-08-24T23:02:16.000Z</time>
        <extensions>
          <ns3:TrackPointExtension>
            <ns3:hr>143</ns3:hr>
            <ns3:cad>82</ns3:cad>
          </ns3:TrackPointExtension>
        </extensions>
      </trkpt>
      <trkpt lat="23.0498744733631610870361328125" lon="113.31559346057474613189697265625">
        <ele>5.599999904632568359375</ele>
        <time>2026-08-24T23:02:17.000Z</time>
        <extensions>
          <ns3:TrackPointExtension>
            <ns3:hr>143</ns3:hr>
            <ns3:cad>82</ns3:cad>
          </ns3:TrackPointExtension>
        </extensions>
      </trkpt>
      <trkpt lat="23.049877993762493133544921875" lon="113.31562296487390995025634765625">
        <ele>5.599999904632568359375</ele>
        <time>2026-08-24T23:02:18.000Z</time>
        <extensions>
          <ns3:TrackPointExtension>
            <ns3:hr>143</ns3:hr>
            <ns3:cad>81</ns3:cad>
          </ns3:TrackPointExtension>
        </extensions>
      </trkpt>
      <trkpt lat="23.049871288239955902099609375" lon="113.31564970314502716064453125">
        <ele>5.599999904632568359375</ele>
        <time>2026-08-24T23:02:19.000Z</time>
        <extensions>
          <ns3:TrackPointExtension>
            <ns3:hr>143</ns3:hr>
            <ns3:cad>81</ns3:cad>
          </ns3:TrackPointExtension>
        </extensions>
      </trkpt>
      <trkpt lat="23.0498751439154148101806640625" lon="113.315664790570735931396484375">
        <ele>5.599999904632568359375</ele>
        <time>2026-08-24T23:02:20.000Z</time>
        <extensions>
          <ns3:TrackPointExtension>
            <ns3:hr>143</ns3:hr>
            <ns3:cad>81</ns3:cad>
          </ns3:TrackPointExtension>
        </extensions>
      </trkpt>
      <trkpt lat="23.04987790994346141815185546875" lon="113.3156974799931049346923828125">
        <ele>5.599999904632568359375</ele>
        <time>2026-08-24T23:02:21.000Z</time>
        <extensions>
          <ns3:TrackPointExtension>
            <ns3:hr>143</ns3:hr>
            <ns3:cad>81</ns3:cad>
          </ns3:TrackPointExtension>
        </extensions>
      </trkpt>
      <trkpt lat="23.0498738028109073638916015625" lon="113.31572455354034900665283203125">
        <ele>5.80000019073486328125</ele>
        <time>2026-08-24T23:02:22.000Z</time>
        <extensions>
          <ns3:TrackPointExtension>
            <ns3:hr>143</ns3:hr>
            <ns3:cad>81</ns3:cad>
          </ns3:TrackPointExtension>
        </extensions>
      </trkpt>
      <trkpt lat="23.049885369837284088134765625" lon="113.31573863513767719268798828125">
        <ele>5.80000019073486328125</ele>
        <time>2026-08-24T23:02:23.000Z</time>
        <extensions>
          <ns3:TrackPointExtension>
            <ns3:hr>144</ns3:hr>
            <ns3:cad>81</ns3:cad>
          </ns3:TrackPointExtension>
        </extensions>
      </trkpt>
      <trkpt lat="23.04988545365631580352783203125" lon="113.31576093100011348724365234375">
        <ele>5.80000019073486328125</ele>
        <time>2026-08-24T23:02:24.000Z</time>
        <extensions>
          <ns3:TrackPointExtension>
            <ns3:hr>144</ns3:hr>
            <ns3:cad>81</ns3:cad>
          </ns3:TrackPointExtension>
        </extensions>
      </trkpt>
      <trkpt lat="23.04988159798085689544677734375" lon="113.31578381359577178955078125">
        <ele>5.80000019073486328125</ele>
        <time>2026-08-24T23:02:25.000Z</time>
        <extensions>
          <ns3:TrackPointExtension>
            <ns3:hr>144</ns3:hr>
            <ns3:cad>81</ns3:cad>
          </ns3:TrackPointExtension>
        </extensions>
      </trkpt>
      <trkpt lat="23.04988763295114040374755859375" lon="113.31579990684986114501953125">
        <ele>5.80000019073486328125</ele>
        <time>2026-08-24T23:02:26.000Z</time>
        <extensions>
          <ns3:TrackPointExtension>
            <ns3:hr>144</ns3:hr>
            <ns3:cad>81</ns3:cad>
          </ns3:TrackPointExtension>
        </extensions>
      </trkpt>
      <trkpt lat="23.0498863756656646728515625" lon="113.31583284772932529449462890625">
        <ele>5.80000019073486328125</ele>
        <time>2026-08-24T23:02:27.000Z</time>
        <extensions>
          <ns3:TrackPointExtension>
            <ns3:hr>144</ns3:hr>
            <ns3:cad>81</ns3:cad>
          </ns3:TrackPointExtension>
        </extensions>
      </trkpt>
      <trkpt lat="23.04988645948469638824462890625" lon="113.3158547244966030120849609375">
        <ele>5.80000019073486328125</ele>
        <time>2026-08-24T23:02:28.000Z</time>
        <extensions>
          <ns3:TrackPointExtension>
            <ns3:hr>144</ns3:hr>
            <ns3:cad>81</ns3:cad>
          </ns3:TrackPointExtension>
        </extensions>
      </trkpt>
      <trkpt lat="23.04989215917885303497314453125" lon="113.31587190739810466766357421875">
        <ele>5.80000019073486328125</ele>
        <time>2026-08-24T23:02:29.000Z</time>
        <extensions>
          <ns3:TrackPointExtension>
            <ns3:hr>144</ns3:hr>
            <ns3:cad>81</ns3:cad>
          </ns3:TrackPointExtension>
        </extensions>
      </trkpt>
      <trkpt lat="23.04989165626466274261474609375" lon="113.31590308807790279388427734375">
        <ele>5.80000019073486328125</ele>
        <time>2026-08-24T23:02:30.000Z</time>
        <extensions>
          <ns3:TrackPointExtension>
            <ns3:hr>144</ns3:hr>
            <ns3:cad>81</ns3:cad>
          </ns3:TrackPointExtension>
        </extensions>
      </trkpt>
      <trkpt lat="23.04989383555948734283447265625" lon="113.31592597067356109619140625">
        <ele>5.599999904632568359375</ele>
        <time>2026-08-24T23:02:31.000Z</time>
        <extensions>
          <ns3:TrackPointExtension>
            <ns3:hr>144</ns3:hr>
            <ns3:cad>81</ns3:cad>
          </ns3:TrackPointExtension>
        </extensions>
      </trkpt>
      <trkpt lat="23.04989919997751712799072265625" lon="113.315950445830821990966796875">
        <ele>5.599999904632568359375</ele>
        <time>2026-08-24T23:02:32.000Z</time>
        <extensions>
          <ns3:TrackPointExtension>
            <ns3:hr>144</ns3:hr>
            <ns3:cad>81</ns3:cad>
          </ns3:TrackPointExtension>
        </extensions>
      </trkpt>
      <trkpt lat="23.04989651776850223541259765625" lon="113.315984308719635009765625">
        <ele>5.599999904632568359375</ele>
        <time>2026-08-24T23:02:33.000Z</time>
        <extensions>
          <ns3:TrackPointExtension>
            <ns3:hr>144</ns3:hr>
            <ns3:cad>81</ns3:cad>
          </ns3:TrackPointExtension>
        </extensions>
      </trkpt>
      <trkpt lat="23.04990255273878574371337890625" lon="113.3160049282014369964599609375">
        <ele>5.599999904632568359375</ele>
        <time>2026-08-24T23:02:34.000Z</time>
        <extensions>
          <ns3:TrackPointExtension>
            <ns3:hr>144</ns3:hr>
            <ns3:cad>81</ns3:cad>
          </ns3:TrackPointExtension>
        </extensions>
      </trkpt>
      <trkpt lat="23.04990825243294239044189453125" lon="113.31603367812931537628173828125">
        <ele>5.599999904632568359375</ele>
        <time>2026-08-24T23:02:35.000Z</time>
        <extensions>
          <ns3:TrackPointExtension>
            <ns3:hr>144</ns3:hr>
            <ns3:cad>81</ns3:cad>
          </ns3:TrackPointExtension>
        </extensions>
      </trkpt>
      <trkpt lat="23.0499006249010562896728515625" lon="113.31606184132397174835205078125">
        <ele>5.80000019073486328125</ele>
        <time>2026-08-24T23:02:36.000Z</time>
        <extensions>
          <ns3:TrackPointExtension>
            <ns3:hr>144</ns3:hr>
            <ns3:cad>81</ns3:cad>
          </ns3:TrackPointExtension>
        </extensions>
      </trkpt>
      <trkpt lat="23.04990355856716632843017578125" lon="113.31608111970126628875732421875">
        <ele>5.80000019073486328125</ele>
        <time>2026-08-24T23:02:37.000Z</time>
        <extensions>
          <ns3:TrackPointExtension>
            <ns3:hr>145</ns3:hr>
            <ns3:cad>80</ns3:cad>
          </ns3:TrackPointExtension>
        </extensions>
      </trkpt>
      <trkpt lat="23.0499053187668323516845703125" lon="113.3161048404872417449951171875">
        <ele>5.80000019073486328125</ele>
        <time>2026-08-24T23:02:38.000Z</time>
        <extensions>
          <ns3:TrackPointExtension>
            <ns3:hr>144</ns3:hr>
            <ns3:cad>80</ns3:cad>
          </ns3:TrackPointExtension>
        </extensions>
      </trkpt>
      <trkpt lat="23.0499039776623249053955078125" lon="113.31612847745418548583984375">
        <ele>6</ele>
        <time>2026-08-24T23:02:39.000Z</time>
        <extensions>
          <ns3:TrackPointExtension>
            <ns3:hr>145</ns3:hr>
            <ns3:cad>81</ns3:cad>
          </ns3:TrackPointExtension>
        </extensions>
      </trkpt>
      <trkpt lat="23.0499043129384517669677734375" lon="113.31614834256470203399658203125">
        <ele>6</ele>
        <time>2026-08-24T23:02:40.000Z</time>
        <extensions>
          <ns3:TrackPointExtension>
            <ns3:hr>145</ns3:hr>
            <ns3:cad>81</ns3:cad>
          </ns3:TrackPointExtension>
        </extensions>
      </trkpt>
      <trkpt lat="23.04990422911942005157470703125" lon="113.3161702193319797515869140625">
        <ele>6</ele>
        <time>2026-08-24T23:02:41.000Z</time>
        <extensions>
          <ns3:TrackPointExtension>
            <ns3:hr>145</ns3:hr>
            <ns3:cad>81</ns3:cad>
          </ns3:TrackPointExtension>
        </extensions>
      </trkpt>
      <trkpt lat="23.0498982779681682586669921875" lon="113.31619310192763805389404296875">
        <ele>6</ele>
        <time>2026-08-24T23:02:42.000Z</time>
        <extensions>
          <ns3:TrackPointExtension>
            <ns3:hr>145</ns3:hr>
            <ns3:cad>81</ns3:cad>
          </ns3:TrackPointExtension>
        </extensions>
      </trkpt>
      <trkpt lat="23.04990791715681552886962890625" lon="113.31621070392429828643798828125">
        <ele>5.80000019073486328125</ele>
        <time>2026-08-24T23:02:43.000Z</time>
        <extensions>
          <ns3:TrackPointExtension>
            <ns3:hr>144</ns3:hr>
            <ns3:cad>81</ns3:cad>
          </ns3:TrackPointExtension>
        </extensions>
      </trkpt>
      <trkpt lat="23.04990925826132297515869140625" lon="113.31623752601444721221923828125">
        <ele>5.80000019073486328125</ele>
        <time>2026-08-24T23:02:44.000Z</time>
        <extensions>
          <ns3:TrackPointExtension>
            <ns3:hr>145</ns3:hr>
            <ns3:cad>81</ns3:cad>
          </ns3:TrackPointExtension>
        </extensions>
      </trkpt>
      <trkpt lat="23.04989852942526340484619140625" lon="113.31625982187688350677490234375">
        <ele>5.599999904632568359375</ele>
        <time>2026-08-24T23:02:45.000Z</time>
        <extensions>
          <ns3:TrackPointExtension>
            <ns3:hr>145</ns3:hr>
            <ns3:cad>80</ns3:cad>
          </ns3:TrackPointExtension>
        </extensions>
      </trkpt>
      <trkpt lat="23.0498976074159145355224609375" lon="113.316278345882892608642578125">
        <ele>5.599999904632568359375</ele>
        <time>2026-08-24T23:02:46.000Z</time>
        <extensions>
          <ns3:TrackPointExtension>
            <ns3:hr>145</ns3:hr>
            <ns3:cad>80</ns3:cad>
          </ns3:TrackPointExtension>
        </extensions>
      </trkpt>
      <trkpt lat="23.04988511838018894195556640625" lon="113.316303826868534088134765625">
        <ele>5.80000019073486328125</ele>
        <time>2026-08-24T23:02:47.000Z</time>
        <extensions>
          <ns3:TrackPointExtension>
            <ns3:hr>146</ns3:hr>
            <ns3:cad>80</ns3:cad>
          </ns3:TrackPointExtension>
        </extensions>
      </trkpt>
      <trkpt lat="23.04987254552543163299560546875" lon="113.31632369197905063629150390625">
        <ele>5.80000019073486328125</ele>
        <time>2026-08-24T23:02:48.000Z</time>
        <extensions>
          <ns3:TrackPointExtension>
            <ns3:hr>146</ns3:hr>
            <ns3:cad>81</ns3:cad>
          </ns3:TrackPointExtension>
        </extensions>
      </trkpt>
      <trkpt lat="23.04986885748803615570068359375" lon="113.31634464673697948455810546875">
        <ele>5.80000019073486328125</ele>
        <time>2026-08-24T23:02:49.000Z</time>
        <extensions>
          <ns3:TrackPointExtension>
            <ns3:hr>146</ns3:hr>
            <ns3:cad>81</ns3:cad>
          </ns3:TrackPointExtension>
        </extensions>
      </trkpt>
      <trkpt lat="23.0498499982059001922607421875" lon="113.31636643968522548675537109375">
        <ele>5.80000019073486328125</ele>
        <time>2026-08-24T23:02:50.000Z</time>
        <extensions>
          <ns3:TrackPointExtension>
            <ns3:hr>146</ns3:hr>
            <ns3:cad>81</ns3:cad>
          </ns3:TrackPointExtension>
        </extensions>
      </trkpt>
      <trkpt lat="23.04983667097985744476318359375" lon="113.316381610929965972900390625">
        <ele>5.80000019073486328125</ele>
        <time>2026-08-24T23:02:51.000Z</time>
        <extensions>
          <ns3:TrackPointExtension>
            <ns3:hr>146</ns3:hr>
            <ns3:cad>80</ns3:cad>
          </ns3:TrackPointExtension>
        </extensions>
      </trkpt>
      <trkpt lat="23.04982426576316356658935546875" lon="113.316396363079547882080078125">
        <ele>5.599999904632568359375</ele>
        <time>2026-08-24T23:02:52.000Z</time>
        <extensions>
          <ns3:TrackPointExtension>
            <ns3:hr>146</ns3:hr>
            <ns3:cad>80</ns3:cad>
          </ns3:TrackPointExtension>
        </extensions>
      </trkpt>
      <trkpt lat="23.04979425854980945587158203125" lon="113.3164102770388126373291015625">
        <ele>5.599999904632568359375</ele>
        <time>2026-08-24T23:02:53.000Z</time>
        <extensions>
          <ns3:TrackPointExtension>
            <ns3:hr>146</ns3:hr>
            <ns3:cad>80</ns3:cad>
          </ns3:TrackPointExtension>
        </extensions>
      </trkpt>
      <trkpt lat="23.04977632127702236175537109375" lon="113.3164153061807155609130859375">
        <ele>5.599999904632568359375</ele>
        <time>2026-08-24T23:02:54.000Z</time>
        <extensions>
          <ns3:TrackPointExtension>
            <ns3:hr>146</ns3:hr>
            <ns3:cad>81</ns3:cad>
          </ns3:TrackPointExtension>
        </extensions>
      </trkpt>
      <trkpt lat="23.0497611500322818756103515625" lon="113.31642427481710910797119140625">
        <ele>5.599999904632568359375</ele>
        <time>2026-08-24T23:02:55.000Z</time>
        <extensions>
          <ns3:TrackPointExtension>
            <ns3:hr>146</ns3:hr>
            <ns3:cad>81</ns3:cad>
          </ns3:TrackPointExtension>
        </extensions>
      </trkpt>
      <trkpt lat="23.04973206482827663421630859375" lon="113.3164256997406482696533203125">
        <ele>5.599999904632568359375</ele>
        <time>2026-08-24T23:02:56.000Z</time>
        <extensions>
          <ns3:TrackPointExtension>
            <ns3:hr>147</ns3:hr>
            <ns3:cad>81</ns3:cad>
          </ns3:TrackPointExtension>
        </extensions>
      </trkpt>
      <trkpt lat="23.0497108586132526397705078125" lon="113.3164290525019168853759765625">
        <ele>5.599999904632568359375</ele>
        <time>2026-08-24T23:02:57.000Z</time>
        <extensions>
          <ns3:TrackPointExtension>
            <ns3:hr>146</ns3:hr>
            <ns3:cad>81</ns3:cad>
          </ns3:TrackPointExtension>
        </extensions>
      </trkpt>
      <trkpt lat="23.049688898026943206787109375" lon="113.31643265672028064727783203125">
        <ele>5.599999904632568359375</ele>
        <time>2026-08-24T23:02:58.000Z</time>
        <extensions>
          <ns3:TrackPointExtension>
            <ns3:hr>146</ns3:hr>
            <ns3:cad>81</ns3:cad>
          </ns3:TrackPointExtension>
        </extensions>
      </trkpt>
      <trkpt lat="23.0496609024703502655029296875" lon="113.31643215380609035491943359375">
        <ele>5.80000019073486328125</ele>
        <time>2026-08-24T23:02:59.000Z</time>
        <extensions>
          <ns3:TrackPointExtension>
            <ns3:hr>147</ns3:hr>
            <ns3:cad>81</ns3:cad>
          </ns3:TrackPointExtension>
        </extensions>
      </trkpt>
      <trkpt lat="23.04964288137853145599365234375" lon="113.31643559038639068603515625">
        <ele>5.80000019073486328125</ele>
        <time>2026-08-24T23:03:00.000Z</time>
        <extensions>
          <ns3:TrackPointExtension>
            <ns3:hr>146</ns3:hr>
            <ns3:cad>81</ns3:cad>
          </ns3:TrackPointExtension>
        </extensions>
      </trkpt>
      <trkpt lat="23.04961874149739742279052734375" lon="113.31644003279507160186767578125">
        <ele>5.80000019073486328125</ele>
        <time>2026-08-24T23:03:01.000Z</time>
        <extensions>
          <ns3:TrackPointExtension>
            <ns3:hr>146</ns3:hr>
            <ns3:cad>81</ns3:cad>
          </ns3:TrackPointExtension>
        </extensions>
      </trkpt>
      <trkpt lat="23.04959409870207309722900390625" lon="113.316456042230129241943359375">
        <ele>5.80000019073486328125</ele>
        <time>2026-08-24T23:03:02.000Z</time>
        <extensions>
          <ns3:TrackPointExtension>
            <ns3:hr>147</ns3:hr>
            <ns3:cad>81</ns3:cad>
          </ns3:TrackPointExtension>
        </extensions>
      </trkpt>
      <trkpt lat="23.0495827831327915191650390625" lon="113.31647188402712345123291015625">
        <ele>5.80000019073486328125</ele>
        <time>2026-08-24T23:03:03.000Z</time>
        <extensions>
          <ns3:TrackPointExtension>
            <ns3:hr>146</ns3:hr>
            <ns3:cad>81</ns3:cad>
          </ns3:TrackPointExtension>
        </extensions>
      </trkpt>
      <trkpt lat="23.04956459440290927886962890625" lon="113.31648965366184711456298828125">
        <ele>5.80000019073486328125</ele>
        <time>2026-08-24T23:03:04.000Z</time>
        <extensions>
          <ns3:TrackPointExtension>
            <ns3:hr>146</ns3:hr>
            <ns3:cad>81</ns3:cad>
          </ns3:TrackPointExtension>
        </extensions>
      </trkpt>
      <trkpt lat="23.04954330436885356903076171875" lon="113.3165061660110950469970703125">
        <ele>5.80000019073486328125</ele>
        <time>2026-08-24T23:03:05.000Z</time>
        <extensions>
          <ns3:TrackPointExtension>
            <ns3:hr>147</ns3:hr>
            <ns3:cad>81</ns3:cad>
          </ns3:TrackPointExtension>
        </extensions>
      </trkpt>
      <trkpt lat="23.0495391972362995147705078125" lon="113.31652142107486724853515625">
        <ele>5.80000019073486328125</ele>
        <time>2026-08-24T23:03:06.000Z</time>
        <extensions>
          <ns3:TrackPointExtension>
            <ns3:hr>147</ns3:hr>
            <ns3:cad>81</ns3:cad>
          </ns3:TrackPointExtension>
        </extensions>
      </trkpt>
      <trkpt lat="23.04952771402895450592041015625" lon="113.3165427111089229583740234375">
        <ele>5.80000019073486328125</ele>
        <time>2026-08-24T23:03:07.000Z</time>
        <extensions>
          <ns3:TrackPointExtension>
            <ns3:hr>147</ns3:hr>
            <ns3:cad>81</ns3:cad>
          </ns3:TrackPointExtension>
        </extensions>
      </trkpt>
      <trkpt lat="23.04951597936451435089111328125" lon="113.31656374968588352203369140625">
        <ele>5.80000019073486328125</ele>
        <time>2026-08-24T23:03:08.000Z</time>
        <extensions>
          <ns3:TrackPointExtension>
            <ns3:hr>147</ns3:hr>
            <ns3:cad>80</ns3:cad>
          </ns3:TrackPointExtension>
        </extensions>
      </trkpt>
      <trkpt lat="23.0495189130306243896484375" lon="113.31657699309289455413818359375">
        <ele>5.80000019073486328125</ele>
        <time>2026-08-24T23:03:09.000Z</time>
        <extensions>
          <ns3:TrackPointExtension>
            <ns3:hr>146</ns3:hr>
            <ns3:cad>80</ns3:cad>
          </ns3:TrackPointExtension>
        </extensions>
      </trkpt>
      <trkpt lat="23.04951597936451435089111328125" lon="113.31659995950758457183837890625">
        <ele>5.80000019073486328125</ele>
        <time>2026-08-24T23:03:10.000Z</time>
        <extensions>
          <ns3:TrackPointExtension>
            <ns3:hr>146</ns3:hr>
            <ns3:cad>80</ns3:cad>
          </ns3:TrackPointExtension>
        </extensions>
      </trkpt>
      <trkpt lat="23.04951153695583343505859375" lon="113.31662057898938655853271484375">
        <ele>5.80000019073486328125</ele>
        <time>2026-08-24T23:03:11.000Z</time>
        <extensions>
          <ns3:TrackPointExtension>
            <ns3:hr>146</ns3:hr>
            <ns3:cad>80</ns3:cad>
          </ns3:TrackPointExtension>
        </extensions>
      </trkpt>
      <trkpt lat="23.04951849393546581268310546875" lon="113.31664421595633029937744140625">
        <ele>5.80000019073486328125</ele>
        <time>2026-08-24T23:03:12.000Z</time>
        <extensions>
          <ns3:TrackPointExtension>
            <ns3:hr>146</ns3:hr>
            <ns3:cad>80</ns3:cad>
          </ns3:TrackPointExtension>
        </extensions>
      </trkpt>
      <trkpt lat="23.0495135486125946044921875" lon="113.3166684396564960479736328125">
        <ele>5.80000019073486328125</ele>
        <time>2026-08-24T23:03:13.000Z</time>
        <extensions>
          <ns3:TrackPointExtension>
            <ns3:hr>147</ns3:hr>
            <ns3:cad>80</ns3:cad>
          </ns3:TrackPointExtension>
        </extensions>
      </trkpt>
      <trkpt lat="23.0494992993772029876708984375" lon="113.31668905913829803466796875">
        <ele>6</ele>
        <time>2026-08-24T23:03:14.000Z</time>
        <extensions>
          <ns3:TrackPointExtension>
            <ns3:hr>146</ns3:hr>
            <ns3:cad>81</ns3:cad>
          </ns3:TrackPointExtension>
        </extensions>
      </trkpt>
      <trkpt lat="23.0494987964630126953125" lon="113.3167167194187641143798828125">
        <ele>6</ele>
        <time>2026-08-24T23:03:15.000Z</time>
        <extensions>
          <ns3:TrackPointExtension>
            <ns3:hr>146</ns3:hr>
            <ns3:cad>81</ns3:cad>
          </ns3:TrackPointExtension>
        </extensions>
      </trkpt>
      <trkpt lat="23.04949737153947353363037109375" lon="113.31674094311892986297607421875">
        <ele>6</ele>
        <time>2026-08-24T23:03:16.000Z</time>
        <extensions>
          <ns3:TrackPointExtension>
            <ns3:hr>146</ns3:hr>
            <ns3:cad>80</ns3:cad>
          </ns3:TrackPointExtension>
        </extensions>
      </trkpt>
      <trkpt lat="23.0494892410933971405029296875" lon="113.3167690224945545196533203125">
        <ele>5.80000019073486328125</ele>
        <time>2026-08-24T23:03:17.000Z</time>
        <extensions>
          <ns3:TrackPointExtension>
            <ns3:hr>146</ns3:hr>
            <ns3:cad>80</ns3:cad>
          </ns3:TrackPointExtension>
        </extensions>
      </trkpt>
      <trkpt lat="23.04949435405433177947998046875" lon="113.3167903125286102294921875">
        <ele>5.80000019073486328125</ele>
        <time>2026-08-24T23:03:18.000Z</time>
        <extensions>
          <ns3:TrackPointExtension>
            <ns3:hr>145</ns3:hr>
            <ns3:cad>80</ns3:cad>
          </ns3:TrackPointExtension>
        </extensions>
      </trkpt>
      <trkpt lat="23.04950357414782047271728515625" lon="113.31681503914296627044677734375">
        <ele>5.80000019073486328125</ele>
        <time>2026-08-24T23:03:19.000Z</time>
        <extensions>
          <ns3:TrackPointExtension>
            <ns3:hr>145</ns3:hr>
            <ns3:cad>79</ns3:cad>
          </ns3:TrackPointExtension>
        </extensions>
      </trkpt>
      <trkpt lat="23.0495127104222774505615234375" lon="113.3168374188244342803955078125">
        <ele>5.80000019073486328125</ele>
        <time>2026-08-24T23:03:20.000Z</time>
        <extensions>
          <ns3:TrackPointExtension>
            <ns3:hr>145</ns3:hr>
            <ns3:cad>79</ns3:cad>
          </ns3:TrackPointExtension>
        </extensions>
      </trkpt>
      <trkpt lat="23.049531318247318267822265625" lon="113.3168484829366207122802734375">
        <ele>5.80000019073486328125</ele>
        <time>2026-08-24T23:03:21.000Z</time>
        <extensions>
          <ns3:TrackPointExtension>
            <ns3:hr>145</ns3:hr>
            <ns3:cad>79</ns3:cad>
          </ns3:TrackPointExtension>
        </extensions>
      </trkpt>
      <trkpt lat="23.04955302737653255462646484375" lon="113.3168716169893741607666015625">
        <ele>5.599999904632568359375</ele>
        <time>2026-08-24T23:03:22.000Z</time>
        <extensions>
          <ns3:TrackPointExtension>
            <ns3:hr>145</ns3:hr>
            <ns3:cad>79</ns3:cad>
          </ns3:TrackPointExtension>
        </extensions>
      </trkpt>
      <trkpt lat="23.0495687015354633331298828125" lon="113.31688058562576770782470703125">
        <ele>5.599999904632568359375</ele>
        <time>2026-08-24T23:03:23.000Z</time>
        <extensions>
          <ns3:TrackPointExtension>
            <ns3:hr>145</ns3:hr>
            <ns3:cad>80</ns3:cad>
          </ns3:TrackPointExtension>
        </extensions>
      </trkpt>
      <trkpt lat="23.0495940148830413818359375" lon="113.31688444130122661590576171875">
        <ele>5.599999904632568359375</ele>
        <time>2026-08-24T23:03:24.000Z</time>
        <extensions>
          <ns3:TrackPointExtension>
            <ns3:hr>145</ns3:hr>
            <ns3:cad>80</ns3:cad>
          </ns3:TrackPointExtension>
        </extensions>
      </trkpt>
      <trkpt lat="23.04962863214313983917236328125" lon="113.31689299084246158599853515625">
        <ele>5.599999904632568359375</ele>
        <time>2026-08-24T23:03:25.000Z</time>
        <extensions>
          <ns3:TrackPointExtension>
            <ns3:hr>144</ns3:hr>
            <ns3:cad>80</ns3:cad>
          </ns3:TrackPointExtension>
        </extensions>
      </trkpt>
      <trkpt lat="23.0496422946453094482421875" lon="113.31689584068953990936279296875">
        <ele>5.599999904632568359375</ele>
        <time>2026-08-24T23:03:26.000Z</time>
        <extensions>
          <ns3:TrackPointExtension>
            <ns3:hr>144</ns3:hr>
            <ns3:cad>81</ns3:cad>
          </ns3:TrackPointExtension>
        </extensions>
      </trkpt>
      <trkpt lat="23.04966953583061695098876953125" lon="113.31690221093595027923583984375">
        <ele>5.599999904632568359375</ele>
        <time>2026-08-24T23:03:27.000Z</time>
        <extensions>
          <ns3:TrackPointExtension>
            <ns3:hr>144</ns3:hr>
            <ns3:cad>81</ns3:cad>
          </ns3:TrackPointExtension>
        </extensions>
      </trkpt>
      <trkpt lat="23.04969937540590763092041015625" lon="113.31690237857401371002197265625">
        <ele>5.599999904632568359375</ele>
        <time>2026-08-24T23:03:28.000Z</time>
        <extensions>
          <ns3:TrackPointExtension>
            <ns3:hr>144</ns3:hr>
            <ns3:cad>81</ns3:cad>
          </ns3:TrackPointExtension>
        </extensions>
      </trkpt>
      <trkpt lat="23.0497138760983943939208984375" lon="113.31690472550690174102783203125">
        <ele>5.599999904632568359375</ele>
        <time>2026-08-24T23:03:29.000Z</time>
        <extensions>
          <ns3:TrackPointExtension>
            <ns3:hr>144</ns3:hr>
            <ns3:cad>81</ns3:cad>
          </ns3:TrackPointExtension>
        </extensions>
      </trkpt>
      <trkpt lat="23.04973860271275043487548828125" lon="113.31689734943211078643798828125">
        <ele>5.599999904632568359375</ele>
        <time>2026-08-24T23:03:30.000Z</time>
        <extensions>
          <ns3:TrackPointExtension>
            <ns3:hr>145</ns3:hr>
            <ns3:cad>80</ns3:cad>
          </ns3:TrackPointExtension>
        </extensions>
      </trkpt>
      <trkpt lat="23.04976500570774078369140625" lon="113.316896595060825347900390625">
        <ele>5.599999904632568359375</ele>
        <time>2026-08-24T23:03:31.000Z</time>
        <extensions>
          <ns3:TrackPointExtension>
            <ns3:hr>144</ns3:hr>
            <ns3:cad>80</ns3:cad>
          </ns3:TrackPointExtension>
        </extensions>
      </trkpt>
      <trkpt lat="23.0497738905251026153564453125" lon="113.316895253956317901611328125">
        <ele>5.599999904632568359375</ele>
        <time>2026-08-24T23:03:32.000Z</time>
        <extensions>
          <ns3:TrackPointExtension>
            <ns3:hr>144</ns3:hr>
            <ns3:cad>80</ns3:cad>
          </ns3:TrackPointExtension>
        </extensions>
      </trkpt>
      <trkpt lat="23.04979744367301464080810546875" lon="113.31689483486115932464599609375">
        <ele>5.80000019073486328125</ele>
        <time>2026-08-24T23:03:33.000Z</time>
        <extensions>
          <ns3:TrackPointExtension>
            <ns3:hr>144</ns3:hr>
            <ns3:cad>80</ns3:cad>
          </ns3:TrackPointExtension>
        </extensions>
      </trkpt>
      <trkpt lat="23.0498181469738483428955078125" lon="113.316905982792377471923828125">
        <ele>5.80000019073486328125</ele>
        <time>2026-08-24T23:03:34.000Z</time>
        <extensions>
          <ns3:TrackPointExtension>
            <ns3:hr>144</ns3:hr>
            <ns3:cad>80</ns3:cad>
          </ns3:TrackPointExtension>
        </extensions>
      </trkpt>
      <trkpt lat="23.049828372895717620849609375" lon="113.31691025756299495697021484375">
        <ele>5.80000019073486328125</ele>
        <time>2026-08-24T23:03:35.000Z</time>
        <extensions>
          <ns3:TrackPointExtension>
            <ns3:hr>144</ns3:hr>
            <ns3:cad>80</ns3:cad>
          </ns3:TrackPointExtension>
        </extensions>
      </trkpt>
      <trkpt lat="23.04984748363494873046875" lon="113.316915035247802734375">
        <ele>5.80000019073486328125</ele>
        <time>2026-08-24T23:03:36.000Z</time>
        <extensions>
          <ns3:TrackPointExtension>
            <ns3:hr>144</ns3:hr>
            <ns3:cad>80</ns3:cad>
          </ns3:TrackPointExtension>
        </extensions>
      </trkpt>
      <trkpt lat="23.04987187497317790985107421875" lon="113.31692601554095745086669921875">
        <ele>5.80000019073486328125</ele>
        <time>2026-08-24T23:03:37.000Z</time>
        <extensions>
          <ns3:TrackPointExtension>
            <ns3:hr>144</ns3:hr>
            <ns3:cad>80</ns3:cad>
          </ns3:TrackPointExtension>
        </extensions>
      </trkpt>
      <trkpt lat="23.049886710941791534423828125" lon="113.31692450679838657379150390625">
        <ele>6</ele>
        <time>2026-08-24T23:03:38.000Z</time>
        <extensions>
          <ns3:TrackPointExtension>
            <ns3:hr>144</ns3:hr>
            <ns3:cad>80</ns3:cad>
          </ns3:TrackPointExtension>
        </extensions>
      </trkpt>
      <trkpt lat="23.0499183945357799530029296875" lon="113.31693506799638271331787109375">
        <ele>6</ele>
        <time>2026-08-24T23:03:39.000Z</time>
        <extensions>
          <ns3:TrackPointExtension>
            <ns3:hr>144</ns3:hr>
            <ns3:cad>80</ns3:cad>
          </ns3:TrackPointExtension>
        </extensions>
      </trkpt>
      <trkpt lat="23.0499453842639923095703125" lon="113.316950909793376922607421875">
        <ele>6</ele>
        <time>2026-08-24T23:03:40.000Z</time>
        <extensions>
          <ns3:TrackPointExtension>
            <ns3:hr>144</ns3:hr>
            <ns3:cad>80</ns3:cad>
          </ns3:TrackPointExtension>
        </extensions>
      </trkpt>
      <trkpt lat="23.04996424354612827301025390625" lon="113.31696473993360996246337890625">
        <ele>6</ele>
        <time>2026-08-24T23:03:41.000Z</time>
        <extensions>
          <ns3:TrackPointExtension>
            <ns3:hr>144</ns3:hr>
            <ns3:cad>80</ns3:cad>
          </ns3:TrackPointExtension>
        </extensions>
      </trkpt>
      <trkpt lat="23.049987293779850006103515625" lon="113.31698804162442684173583984375">
        <ele>6</ele>
        <time>2026-08-24T23:03:42.000Z</time>
        <extensions>
          <ns3:TrackPointExtension>
            <ns3:hr>144</ns3:hr>
            <ns3:cad>80</ns3:cad>
          </ns3:TrackPointExtension>
        </extensions>
      </trkpt>
      <trkpt lat="23.05000330321490764617919921875" lon="113.3170107565820217132568359375">
        <ele>6</ele>
        <time>2026-08-24T23:03:43.000Z</time>
        <extensions>
          <ns3:TrackPointExtension>
            <ns3:hr>144</ns3:hr>
            <ns3:cad>81</ns3:cad>
          </ns3:TrackPointExtension>
        </extensions>
      </trkpt>
      <trkpt lat="23.05001989938318729400634765625" lon="113.31702626310288906097412109375">
        <ele>6</ele>
        <time>2026-08-24T23:03:44.000Z</time>
        <extensions>
          <ns3:TrackPointExtension>
            <ns3:hr>144</ns3:hr>
            <ns3:cad>81</ns3:cad>
          </ns3:TrackPointExtension>
        </extensions>
      </trkpt>
      <trkpt lat="23.05003331042826175689697265625" lon="113.31705249845981597900390625">
        <ele>6</ele>
        <time>2026-08-24T23:03:45.000Z</time>
        <extensions>
          <ns3:TrackPointExtension>
            <ns3:hr>144</ns3:hr>
            <ns3:cad>80</ns3:cad>
          </ns3:TrackPointExtension>
        </extensions>
      </trkpt>
      <trkpt lat="23.0500344000756740570068359375" lon="113.317080996930599212646484375">
        <ele>5.80000019073486328125</ele>
        <time>2026-08-24T23:03:46.000Z</time>
        <extensions>
          <ns3:TrackPointExtension>
            <ns3:hr>144</ns3:hr>
            <ns3:cad>80</ns3:cad>
          </ns3:TrackPointExtension>
        </extensions>
      </trkpt>
      <trkpt lat="23.05004470981657505035400390625" lon="113.31709667108952999114990234375">
        <ele>5.80000019073486328125</ele>
        <time>2026-08-24T23:03:47.000Z</time>
        <extensions>
          <ns3:TrackPointExtension>
            <ns3:hr>145</ns3:hr>
            <ns3:cad>80</ns3:cad>
          </ns3:TrackPointExtension>
        </extensions>
      </trkpt>
      <trkpt lat="23.05005359463393688201904296875" lon="113.3171217329800128936767578125">
        <ele>5.80000019073486328125</ele>
        <time>2026-08-24T23:03:48.000Z</time>
        <extensions>
          <ns3:TrackPointExtension>
            <ns3:hr>145</ns3:hr>
            <ns3:cad>80</ns3:cad>
          </ns3:TrackPointExtension>
        </extensions>
      </trkpt>
      <trkpt lat="23.0500478111207485198974609375" lon="113.3171458728611469268798828125">
        <ele>5.80000019073486328125</ele>
        <time>2026-08-24T23:03:49.000Z</time>
        <extensions>
          <ns3:TrackPointExtension>
            <ns3:hr>145</ns3:hr>
            <ns3:cad>80</ns3:cad>
          </ns3:TrackPointExtension>
        </extensions>
      </trkpt>
      <trkpt lat="23.0500526726245880126953125" lon="113.3171596191823482513427734375">
        <ele>5.80000019073486328125</ele>
        <time>2026-08-24T23:03:50.000Z</time>
        <extensions>
          <ns3:TrackPointExtension>
            <ns3:hr>145</ns3:hr>
            <ns3:cad>80</ns3:cad>
          </ns3:TrackPointExtension>
        </extensions>
      </trkpt>
      <trkpt lat="23.0500575341284275054931640625" lon="113.3171887882053852081298828125">
        <ele>6</ele>
        <time>2026-08-24T23:03:51.000Z</time>
        <extensions>
          <ns3:TrackPointExtension>
            <ns3:hr>145</ns3:hr>
            <ns3:cad>80</ns3:cad>
          </ns3:TrackPointExtension>
        </extensions>
      </trkpt>
      <trkpt lat="23.05004538036882877349853515625" lon="113.3172156102955341339111328125">
        <ele>6</ele>
        <time>2026-08-24T23:03:52.000Z</time>
        <extensions>
          <ns3:TrackPointExtension>
            <ns3:hr>145</ns3:hr>
            <ns3:cad>79</ns3:cad>
          </ns3:TrackPointExtension>
        </extensions>
      </trkpt>
      <trkpt lat="23.050049655139446258544921875" lon="113.31723497249186038970947265625">
        <ele>6</ele>
        <time>2026-08-24T23:03:53.000Z</time>
        <extensions>
          <ns3:TrackPointExtension>
            <ns3:hr>145</ns3:hr>
            <ns3:cad>79</ns3:cad>
          </ns3:TrackPointExtension>
        </extensions>
      </trkpt>
      <trkpt lat="23.05005175061523914337158203125" lon="113.3172608725726604461669921875">
        <ele>6.19999980926513671875</ele>
        <time>2026-08-24T23:03:54.000Z</time>
        <extensions>
          <ns3:TrackPointExtension>
            <ns3:hr>145</ns3:hr>
            <ns3:cad>79</ns3:cad>
          </ns3:TrackPointExtension>
        </extensions>
      </trkpt>
      <trkpt lat="23.0500446259975433349609375" lon="113.31728224642574787139892578125">
        <ele>6.19999980926513671875</ele>
        <time>2026-08-24T23:03:55.000Z</time>
        <extensions>
          <ns3:TrackPointExtension>
            <ns3:hr>145</ns3:hr>
            <ns3:cad>79</ns3:cad>
          </ns3:TrackPointExtension>
        </extensions>
      </trkpt>
      <trkpt lat="23.05004957132041454315185546875" lon="113.3172997646033763885498046875">
        <ele>6</ele>
        <time>2026-08-24T23:03:56.000Z</time>
        <extensions>
          <ns3:TrackPointExtension>
            <ns3:hr>144</ns3:hr>
            <ns3:cad>79</ns3:cad>
          </ns3:TrackPointExtension>
        </extensions>
      </trkpt>
      <trkpt lat="23.0500484816730022430419921875" lon="113.3173292689025402069091796875">
        <ele>6</ele>
        <time>2026-08-24T23:03:57.000Z</time>
        <extensions>
          <ns3:TrackPointExtension>
            <ns3:hr>145</ns3:hr>
            <ns3:cad>80</ns3:cad>
          </ns3:TrackPointExtension>
        </extensions>
      </trkpt>
      <trkpt lat="23.0500441230833530426025390625" lon="113.31735516898334026336669921875">
        <ele>6</ele>
        <time>2026-08-24T23:03:58.000Z</time>
        <extensions>
          <ns3:TrackPointExtension>
            <ns3:hr>145</ns3:hr>
            <ns3:cad>80</ns3:cad>
          </ns3:TrackPointExtension>
        </extensions>
      </trkpt>
      <trkpt lat="23.0500488169491291046142578125" lon="113.31737704575061798095703125">
        <ele>6</ele>
        <time>2026-08-24T23:03:59.000Z</time>
        <extensions>
          <ns3:TrackPointExtension>
            <ns3:hr>144</ns3:hr>
            <ns3:cad>80</ns3:cad>
          </ns3:TrackPointExtension>
        </extensions>
      </trkpt>
      <trkpt lat="23.05004739202558994293212890625" lon="113.31740629859268665313720703125">
        <ele>5.80000019073486328125</ele>
        <time>2026-08-24T23:04:00.000Z</time>
        <extensions>
          <ns3:TrackPointExtension>
            <ns3:hr>145</ns3:hr>
            <ns3:cad>81</ns3:cad>
          </ns3:TrackPointExtension>
        </extensions>
      </trkpt>
      <trkpt lat="23.0500446259975433349609375" lon="113.31742960028350353240966796875">
        <ele>5.80000019073486328125</ele>
        <time>2026-08-24T23:04:01.000Z</time>
        <extensions>
          <ns3:TrackPointExtension>
            <ns3:hr>145</ns3:hr>
            <ns3:cad>81</ns3:cad>
          </ns3:TrackPointExtension>
        </extensions>
      </trkpt>
      <trkpt lat="23.050049655139446258544921875" lon="113.31745374016463756561279296875">
        <ele>5.80000019073486328125</ele>
        <time>2026-08-24T23:04:02.000Z</time>
        <extensions>
          <ns3:TrackPointExtension>
            <ns3:hr>145</ns3:hr>
            <ns3:cad>81</ns3:cad>
          </ns3:TrackPointExtension>
        </extensions>
      </trkpt>
      <trkpt lat="23.0500508286058902740478515625" lon="113.31748257391154766082763671875">
        <ele>5.80000019073486328125</ele>
        <time>2026-08-24T23:04:03.000Z</time>
        <extensions>
          <ns3:TrackPointExtension>
            <ns3:hr>144</ns3:hr>
            <ns3:cad>81</ns3:cad>
          </ns3:TrackPointExtension>
        </extensions>
      </trkpt>
      <trkpt lat="23.05004806257784366607666015625" lon="113.31750285811722278594970703125">
        <ele>5.80000019073486328125</ele>
        <time>2026-08-24T23:04:04.000Z</time>
        <extensions>
          <ns3:TrackPointExtension>
            <ns3:hr>145</ns3:hr>
            <ns3:cad>80</ns3:cad>
          </ns3:TrackPointExtension>
        </extensions>
      </trkpt>
      <trkpt lat="23.0500511638820171356201171875" lon="113.31752113066613674163818359375">
        <ele>5.80000019073486328125</ele>
        <time>2026-08-24T23:04:05.000Z</time>
        <extensions>
          <ns3:TrackPointExtension>
            <ns3:hr>145</ns3:hr>
            <ns3:cad>80</ns3:cad>
          </ns3:TrackPointExtension>
        </extensions>
      </trkpt>
      <trkpt lat="23.050046302378177642822265625" lon="113.3175512216985225677490234375">
        <ele>5.80000019073486328125</ele>
        <time>2026-08-24T23:04:06.000Z</time>
        <extensions>
          <ns3:TrackPointExtension>
            <ns3:hr>145</ns3:hr>
            <ns3:cad>80</ns3:cad>
          </ns3:TrackPointExtension>
        </extensions>
      </trkpt>
      <trkpt lat="23.05004571564495563507080078125" lon="113.317569158971309661865234375">
        <ele>5.80000019073486328125</ele>
        <time>2026-08-24T23:04:07.000Z</time>
        <extensions>
          <ns3:TrackPointExtension>
            <ns3:hr>145</ns3:hr>
            <ns3:cad>79</ns3:cad>
          </ns3:TrackPointExtension>
        </extensions>
      </trkpt>
      <trkpt lat="23.0500498227775096893310546875" lon="113.31758617423474788665771484375">
        <ele>5.80000019073486328125</ele>
        <time>2026-08-24T23:04:08.000Z</time>
        <extensions>
          <ns3:TrackPointExtension>
            <ns3:hr>145</ns3:hr>
            <ns3:cad>79</ns3:cad>
          </ns3:TrackPointExtension>
        </extensions>
      </trkpt>
      <trkpt lat="23.05004621855914592742919921875" lon="113.3176176063716411590576171875">
        <ele>6</ele>
        <time>2026-08-24T23:04:09.000Z</time>
        <extensions>
          <ns3:TrackPointExtension>
            <ns3:hr>145</ns3:hr>
            <ns3:cad>80</ns3:cad>
          </ns3:TrackPointExtension>
        </extensions>
      </trkpt>
      <trkpt lat="23.050044290721416473388671875" lon="113.31763478927314281463623046875">
        <ele>6</ele>
        <time>2026-08-24T23:04:10.000Z</time>
        <extensions>
          <ns3:TrackPointExtension>
            <ns3:hr>145</ns3:hr>
            <ns3:cad>80</ns3:cad>
          </ns3:TrackPointExtension>
        </extensions>
      </trkpt>
      <trkpt lat="23.05004605092108249664306640625" lon="113.3176605217158794403076171875">
        <ele>5.80000019073486328125</ele>
        <time>2026-08-24T23:04:11.000Z</time>
        <extensions>
          <ns3:TrackPointExtension>
            <ns3:hr>145</ns3:hr>
            <ns3:cad>80</ns3:cad>
          </ns3:TrackPointExtension>
        </extensions>
      </trkpt>
      <trkpt lat="23.050044961273670196533203125" lon="113.3176913671195507049560546875">
        <ele>5.80000019073486328125</ele>
        <time>2026-08-24T23:04:12.000Z</time>
        <extensions>
          <ns3:TrackPointExtension>
            <ns3:hr>145</ns3:hr>
            <ns3:cad>80</ns3:cad>
          </ns3:TrackPointExtension>
        </extensions>
      </trkpt>
      <trkpt lat="23.050048314034938812255859375" lon="113.31771056167781352996826171875">
        <ele>5.80000019073486328125</ele>
        <time>2026-08-24T23:04:13.000Z</time>
        <extensions>
          <ns3:TrackPointExtension>
            <ns3:hr>145</ns3:hr>
            <ns3:cad>80</ns3:cad>
          </ns3:TrackPointExtension>
        </extensions>
      </trkpt>
      <trkpt lat="23.05005141533911228179931640625" lon="113.317733444273471832275390625">
        <ele>5.80000019073486328125</ele>
        <time>2026-08-24T23:04:14.000Z</time>
        <extensions>
          <ns3:TrackPointExtension>
            <ns3:hr>145</ns3:hr>
            <ns3:cad>80</ns3:cad>
          </ns3:TrackPointExtension>
        </extensions>
      </trkpt>
      <trkpt lat="23.05004663765430450439453125" lon="113.3177684806287288665771484375">
        <ele>5.80000019073486328125</ele>
        <time>2026-08-24T23:04:15.000Z</time>
        <extensions>
          <ns3:TrackPointExtension>
            <ns3:hr>145</ns3:hr>
            <ns3:cad>80</ns3:cad>
          </ns3:TrackPointExtension>
        </extensions>
      </trkpt>
      <trkpt lat="23.05005208589136600494384765625" lon="113.31778750754892826080322265625">
        <ele>5.80000019073486328125</ele>
        <time>2026-08-24T23:04:16.000Z</time>
        <extensions>
          <ns3:TrackPointExtension>
            <ns3:hr>145</ns3:hr>
            <ns3:cad>80</ns3:cad>
          </ns3:TrackPointExtension>
        </extensions>
      </trkpt>
      <trkpt lat="23.050057701766490936279296875" lon="113.31781013868749141693115234375">
        <ele>5.80000019073486328125</ele>
        <time>2026-08-24T23:04:17.000Z</time>
        <extensions>
          <ns3:TrackPointExtension>
            <ns3:hr>145</ns3:hr>
            <ns3:cad>80</ns3:cad>
          </ns3:TrackPointExtension>
        </extensions>
      </trkpt>
      <trkpt lat="23.050050996243953704833984375" lon="113.317836709320545196533203125">
        <ele>5.80000019073486328125</ele>
        <time>2026-08-24T23:04:18.000Z</time>
        <extensions>
          <ns3:TrackPointExtension>
            <ns3:hr>146</ns3:hr>
            <ns3:cad>80</ns3:cad>
          </ns3:TrackPointExtension>
        </extensions>
      </trkpt>
      <trkpt lat="23.0500538460910320281982421875" lon="113.31785456277430057525634765625">
        <ele>5.80000019073486328125</ele>
        <time>2026-08-24T23:04:19.000Z</time>
        <extensions>
          <ns3:TrackPointExtension>
            <ns3:hr>145</ns3:hr>
            <ns3:cad>80</ns3:cad>
          </ns3:TrackPointExtension>
        </extensions>
      </trkpt>
      <trkpt lat="23.0500585399568080902099609375" lon="113.3178804628551006317138671875">
        <ele>5.80000019073486328125</ele>
        <time>2026-08-24T23:04:20.000Z</time>
        <extensions>
          <ns3:TrackPointExtension>
            <ns3:hr>145</ns3:hr>
            <ns3:cad>81</ns3:cad>
          </ns3:TrackPointExtension>
        </extensions>
      </trkpt>
      <trkpt lat="23.05005468428134918212890625" lon="113.31790636293590068817138671875">
        <ele>5.80000019073486328125</ele>
        <time>2026-08-24T23:04:21.000Z</time>
        <extensions>
          <ns3:TrackPointExtension>
            <ns3:hr>145</ns3:hr>
            <ns3:cad>81</ns3:cad>
          </ns3:TrackPointExtension>
        </extensions>
      </trkpt>
      <trkpt lat="23.05005778558552265167236328125" lon="113.3179213665425777435302734375">
        <ele>6</ele>
        <time>2026-08-24T23:04:22.000Z</time>
        <extensions>
          <ns3:TrackPointExtension>
            <ns3:hr>145</ns3:hr>
            <ns3:cad>80</ns3:cad>
          </ns3:TrackPointExtension>
        </extensions>
      </trkpt>
      <trkpt lat="23.05006197653710842132568359375" lon="113.31794424913823604583740234375">
        <ele>6</ele>
        <time>2026-08-24T23:04:23.000Z</time>
        <extensions>
          <ns3:TrackPointExtension>
            <ns3:hr>146</ns3:hr>
            <ns3:cad>80</ns3:cad>
          </ns3:TrackPointExtension>
        </extensions>
      </trkpt>
      <trkpt lat="23.050053678452968597412109375" lon="113.317972831428050994873046875">
        <ele>6</ele>
        <time>2026-08-24T23:04:24.000Z</time>
        <extensions>
          <ns3:TrackPointExtension>
            <ns3:hr>145</ns3:hr>
            <ns3:cad>80</ns3:cad>
          </ns3:TrackPointExtension>
        </extensions>
      </trkpt>
      <trkpt lat="23.05005677975714206695556640625" lon="113.31799152307212352752685546875">
        <ele>6</ele>
        <time>2026-08-24T23:04:25.000Z</time>
        <extensions>
          <ns3:TrackPointExtension>
            <ns3:hr>145</ns3:hr>
            <ns3:cad>80</ns3:cad>
          </ns3:TrackPointExtension>
        </extensions>
      </trkpt>
      <trkpt lat="23.050059378147125244140625" lon="113.31801800988614559173583984375">
        <ele>6</ele>
        <time>2026-08-24T23:04:26.000Z</time>
        <extensions>
          <ns3:TrackPointExtension>
            <ns3:hr>145</ns3:hr>
            <ns3:cad>80</ns3:cad>
          </ns3:TrackPointExtension>
        </extensions>
      </trkpt>
      <trkpt lat="23.0500525049865245819091796875" lon="113.31804466433823108673095703125">
        <ele>6.19999980926513671875</ele>
        <time>2026-08-24T23:04:27.000Z</time>
        <extensions>
          <ns3:TrackPointExtension>
            <ns3:hr>145</ns3:hr>
            <ns3:cad>80</ns3:cad>
          </ns3:TrackPointExtension>
        </extensions>
      </trkpt>
      <trkpt lat="23.05005242116749286651611328125" lon="113.31806109286844730377197265625">
        <ele>6.19999980926513671875</ele>
        <time>2026-08-24T23:04:28.000Z</time>
        <extensions>
          <ns3:TrackPointExtension>
            <ns3:hr>145</ns3:hr>
            <ns3:cad>80</ns3:cad>
          </ns3:TrackPointExtension>
        </extensions>
      </trkpt>
      <trkpt lat="23.0500525049865245819091796875" lon="113.31808649003505706787109375">
        <ele>6.19999980926513671875</ele>
        <time>2026-08-24T23:04:29.000Z</time>
        <extensions>
          <ns3:TrackPointExtension>
            <ns3:hr>146</ns3:hr>
            <ns3:cad>80</ns3:cad>
          </ns3:TrackPointExtension>
        </extensions>
      </trkpt>
      <trkpt lat="23.05004118941724300384521484375" lon="113.31810886971652507781982421875">
        <ele>6.19999980926513671875</ele>
        <time>2026-08-24T23:04:30.000Z</time>
        <extensions>
          <ns3:TrackPointExtension>
            <ns3:hr>145</ns3:hr>
            <ns3:cad>81</ns3:cad>
          </ns3:TrackPointExtension>
        </extensions>
      </trkpt>
      <trkpt lat="23.05003364570438861846923828125" lon="113.318125046789646148681640625">
        <ele>6.19999980926513671875</ele>
        <time>2026-08-24T23:04:31.000Z</time>
        <extensions>
          <ns3:TrackPointExtension>
            <ns3:hr>145</ns3:hr>
            <ns3:cad>81</ns3:cad>
          </ns3:TrackPointExtension>
        </extensions>
      </trkpt>
      <trkpt lat="23.05003029294312000274658203125" lon="113.31814843229949474334716796875">
        <ele>6.19999980926513671875</ele>
        <time>2026-08-24T23:04:32.000Z</time>
        <extensions>
          <ns3:TrackPointExtension>
            <ns3:hr>145</ns3:hr>
            <ns3:cad>81</ns3:cad>
          </ns3:TrackPointExtension>
        </extensions>
      </trkpt>
      <trkpt lat="23.05002090521156787872314453125" lon="113.31816469319164752960205078125">
        <ele>6.19999980926513671875</ele>
        <time>2026-08-24T23:04:33.000Z</time>
        <extensions>
          <ns3:TrackPointExtension>
            <ns3:hr>146</ns3:hr>
            <ns3:cad>80</ns3:cad>
          </ns3:TrackPointExtension>
        </extensions>
      </trkpt>
      <trkpt lat="23.05002811364829540252685546875" lon="113.31818128935992717742919921875">
        <ele>6</ele>
        <time>2026-08-24T23:04:34.000Z</time>
        <extensions>
          <ns3:TrackPointExtension>
            <ns3:hr>145</ns3:hr>
            <ns3:cad>79</ns3:cad>
          </ns3:TrackPointExtension>
        </extensions>
      </trkpt>
      <trkpt lat="23.05002844892442226409912109375" lon="113.3182019926607608795166015625">
        <ele>6</ele>
        <time>2026-08-24T23:04:35.000Z</time>
        <extensions>
          <ns3:TrackPointExtension>
            <ns3:hr>145</ns3:hr>
            <ns3:cad>79</ns3:cad>
          </ns3:TrackPointExtension>
        </extensions>
      </trkpt>
      <trkpt lat="23.05001872591674327850341796875" lon="113.318219594657421112060546875">
        <ele>6</ele>
        <time>2026-08-24T23:04:36.000Z</time>
        <extensions>
          <ns3:TrackPointExtension>
            <ns3:hr>146</ns3:hr>
            <ns3:cad>79</ns3:cad>
          </ns3:TrackPointExtension>
        </extensions>
      </trkpt>
      <trkpt lat="23.050021827220916748046875" lon="113.31823342479765415191650390625">
        <ele>6</ele>
        <time>2026-08-24T23:04:37.000Z</time>
        <extensions>
          <ns3:TrackPointExtension>
            <ns3:hr>145</ns3:hr>
            <ns3:cad>79</ns3:cad>
          </ns3:TrackPointExtension>
        </extensions>
      </trkpt>
      <trkpt lat="23.0500236712396144866943359375" lon="113.31825186498463153839111328125">
        <ele>6</ele>
        <time>2026-08-24T23:04:38.000Z</time>
        <extensions>
          <ns3:TrackPointExtension>
            <ns3:hr>146</ns3:hr>
            <ns3:cad>79</ns3:cad>
          </ns3:TrackPointExtension>
        </extensions>
      </trkpt>
      <trkpt lat="23.05001302622258663177490234375" lon="113.31828002817928791046142578125">
        <ele>6</ele>
        <time>2026-08-24T23:04:39.000Z</time>
        <extensions>
          <ns3:TrackPointExtension>
            <ns3:hr>146</ns3:hr>
            <ns3:cad>80</ns3:cad>
          </ns3:TrackPointExtension>
        </extensions>
      </trkpt>
      <trkpt lat="23.050012104213237762451171875" lon="113.31829662434756755828857421875">
        <ele>6</ele>
        <time>2026-08-24T23:04:40.000Z</time>
        <extensions>
          <ns3:TrackPointExtension>
            <ns3:hr>146</ns3:hr>
            <ns3:cad>80</ns3:cad>
          </ns3:TrackPointExtension>
        </extensions>
      </trkpt>
      <trkpt lat="23.050011098384857177734375" lon="113.3183226920664310455322265625">
        <ele>6</ele>
        <time>2026-08-24T23:04:41.000Z</time>
        <extensions>
          <ns3:TrackPointExtension>
            <ns3:hr>146</ns3:hr>
            <ns3:cad>80</ns3:cad>
          </ns3:TrackPointExtension>
        </extensions>
      </trkpt>
      <trkpt lat="23.0499975197017192840576171875" lon="113.31834733486175537109375">
        <ele>6</ele>
        <time>2026-08-24T23:04:42.000Z</time>
        <extensions>
          <ns3:TrackPointExtension>
            <ns3:hr>146</ns3:hr>
            <ns3:cad>79</ns3:cad>
          </ns3:TrackPointExtension>
        </extensions>
      </trkpt>
      <trkpt lat="23.0499988608062267303466796875" lon="113.31836518831551074981689453125">
        <ele>6</ele>
        <time>2026-08-24T23:04:43.000Z</time>
        <extensions>
          <ns3:TrackPointExtension>
            <ns3:hr>146</ns3:hr>
            <ns3:cad>79</ns3:cad>
          </ns3:TrackPointExtension>
        </extensions>
      </trkpt>
      <trkpt lat="23.04999425075948238372802734375" lon="113.31839318387210369110107421875">
        <ele>6</ele>
        <time>2026-08-24T23:04:44.000Z</time>
        <extensions>
          <ns3:TrackPointExtension>
            <ns3:hr>146</ns3:hr>
            <ns3:cad>80</ns3:cad>
          </ns3:TrackPointExtension>
        </extensions>
      </trkpt>
      <trkpt lat="23.04998050443828105926513671875" lon="113.31841782666742801666259765625">
        <ele>6</ele>
        <time>2026-08-24T23:04:45.000Z</time>
        <extensions>
          <ns3:TrackPointExtension>
            <ns3:hr>146</ns3:hr>
            <ns3:cad>80</ns3:cad>
          </ns3:TrackPointExtension>
        </extensions>
      </trkpt>
      <trkpt lat="23.049977235496044158935546875" lon="113.31843576394021511077880859375">
        <ele>6</ele>
        <time>2026-08-24T23:04:46.000Z</time>
        <extensions>
          <ns3:TrackPointExtension>
            <ns3:hr>146</ns3:hr>
            <ns3:cad>80</ns3:cad>
          </ns3:TrackPointExtension>
        </extensions>
      </trkpt>
      <trkpt lat="23.04996759630739688873291015625" lon="113.3184671960771083831787109375">
        <ele>6</ele>
        <time>2026-08-24T23:04:47.000Z</time>
        <extensions>
          <ns3:TrackPointExtension>
            <ns3:hr>146</ns3:hr>
            <ns3:cad>80</ns3:cad>
          </ns3:TrackPointExtension>
        </extensions>
      </trkpt>
      <trkpt lat="23.04995619691908359527587890625" lon="113.31848907284438610076904296875">
        <ele>6</ele>
        <time>2026-08-24T23:04:48.000Z</time>
        <extensions>
          <ns3:TrackPointExtension>
            <ns3:hr>146</ns3:hr>
            <ns3:cad>80</ns3:cad>
          </ns3:TrackPointExtension>
        </extensions>
      </trkpt>
      <trkpt lat="23.0499534308910369873046875" lon="113.3185044117271900177001953125">
        <ele>6</ele>
        <time>2026-08-24T23:04:49.000Z</time>
        <extensions>
          <ns3:TrackPointExtension>
            <ns3:hr>145</ns3:hr>
            <ns3:cad>80</ns3:cad>
          </ns3:TrackPointExtension>
        </extensions>
      </trkpt>
      <trkpt lat="23.0499509163200855255126953125" lon="113.31852846778929233551025390625">
        <ele>6</ele>
        <time>2026-08-24T23:04:50.000Z</time>
        <extensions>
          <ns3:TrackPointExtension>
            <ns3:hr>145</ns3:hr>
            <ns3:cad>80</ns3:cad>
          </ns3:TrackPointExtension>
        </extensions>
      </trkpt>
      <trkpt lat="23.04994647391140460968017578125" lon="113.31854606978595256805419921875">
        <ele>6</ele>
        <time>2026-08-24T23:04:51.000Z</time>
        <extensions>
          <ns3:TrackPointExtension>
            <ns3:hr>145</ns3:hr>
            <ns3:cad>80</ns3:cad>
          </ns3:TrackPointExtension>
        </extensions>
      </trkpt>
      <trkpt lat="23.049949742853641510009765625" lon="113.3185614086687564849853515625">
        <ele>6</ele>
        <time>2026-08-24T23:04:52.000Z</time>
        <extensions>
          <ns3:TrackPointExtension>
            <ns3:hr>145</ns3:hr>
            <ns3:cad>80</ns3:cad>
          </ns3:TrackPointExtension>
        </extensions>
      </trkpt>
      <trkpt lat="23.049944378435611724853515625" lon="113.3185862191021442413330078125">
        <ele>6</ele>
        <time>2026-08-24T23:04:53.000Z</time>
        <extensions>
          <ns3:TrackPointExtension>
            <ns3:hr>146</ns3:hr>
            <ns3:cad>80</ns3:cad>
          </ns3:TrackPointExtension>
        </extensions>
      </trkpt>
      <trkpt lat="23.04993909783661365509033203125" lon="113.318605162203311920166015625">
        <ele>6</ele>
        <time>2026-08-24T23:04:54.000Z</time>
        <extensions>
          <ns3:TrackPointExtension>
            <ns3:hr>145</ns3:hr>
            <ns3:cad>80</ns3:cad>
          </ns3:TrackPointExtension>
        </extensions>
      </trkpt>
      <trkpt lat="23.04994295351207256317138671875" lon="113.31862217746675014495849609375">
        <ele>6</ele>
        <time>2026-08-24T23:04:55.000Z</time>
        <extensions>
          <ns3:TrackPointExtension>
            <ns3:hr>145</ns3:hr>
            <ns3:cad>80</ns3:cad>
          </ns3:TrackPointExtension>
        </extensions>
      </trkpt>
      <trkpt lat="23.049939014017581939697265625" lon="113.31864883191883563995361328125">
        <ele>5.80000019073486328125</ele>
        <time>2026-08-24T23:04:56.000Z</time>
        <extensions>
          <ns3:TrackPointExtension>
            <ns3:hr>146</ns3:hr>
            <ns3:cad>80</ns3:cad>
          </ns3:TrackPointExtension>
        </extensions>
      </trkpt>
      <trkpt lat="23.04993406869471073150634765625" lon="113.3186720497906208038330078125">
        <ele>5.80000019073486328125</ele>
        <time>2026-08-24T23:04:57.000Z</time>
        <extensions>
          <ns3:TrackPointExtension>
            <ns3:hr>145</ns3:hr>
            <ns3:cad>80</ns3:cad>
          </ns3:TrackPointExtension>
        </extensions>
      </trkpt>
      <trkpt lat="23.0499364994466304779052734375" lon="113.31869342364370822906494140625">
        <ele>5.80000019073486328125</ele>
        <time>2026-08-24T23:04:58.000Z</time>
        <extensions>
          <ns3:TrackPointExtension>
            <ns3:hr>145</ns3:hr>
            <ns3:cad>80</ns3:cad>
          </ns3:TrackPointExtension>
        </extensions>
      </trkpt>
      <trkpt lat="23.04993507452309131622314453125" lon="113.3187146298587322235107421875">
        <ele>5.80000019073486328125</ele>
        <time>2026-08-24T23:04:59.000Z</time>
        <extensions>
          <ns3:TrackPointExtension>
            <ns3:hr>146</ns3:hr>
            <ns3:cad>80</ns3:cad>
          </ns3:TrackPointExtension>
        </extensions>
      </trkpt>
      <trkpt lat="23.04992996156215667724609375" lon="113.31873734481632709503173828125">
        <ele>5.80000019073486328125</ele>
        <time>2026-08-24T23:05:00.000Z</time>
        <extensions>
          <ns3:TrackPointExtension>
            <ns3:hr>145</ns3:hr>
            <ns3:cad>80</ns3:cad>
          </ns3:TrackPointExtension>
        </extensions>
      </trkpt>
      <trkpt lat="23.0499331466853618621826171875" lon="113.31875578500330448150634765625">
        <ele>5.80000019073486328125</ele>
        <time>2026-08-24T23:05:01.000Z</time>
        <extensions>
          <ns3:TrackPointExtension>
            <ns3:hr>145</ns3:hr>
            <ns3:cad>80</ns3:cad>
          </ns3:TrackPointExtension>
        </extensions>
      </trkpt>
      <trkpt lat="23.04992568679153919219970703125" lon="113.3187890611588954925537109375">
        <ele>5.80000019073486328125</ele>
        <time>2026-08-24T23:05:02.000Z</time>
        <extensions>
          <ns3:TrackPointExtension>
            <ns3:hr>145</ns3:hr>
            <ns3:cad>81</ns3:cad>
          </ns3:TrackPointExtension>
        </extensions>
      </trkpt>
      <trkpt lat="23.04992325603961944580078125" lon="113.31880800426006317138671875">
        <ele>5.80000019073486328125</ele>
        <time>2026-08-24T23:05:03.000Z</time>
        <extensions>
          <ns3:TrackPointExtension>
            <ns3:hr>146</ns3:hr>
            <ns3:cad>81</ns3:cad>
          </ns3:TrackPointExtension>
        </extensions>
      </trkpt>
      <trkpt lat="23.04992484860122203826904296875" lon="113.3188346587121486663818359375">
        <ele>5.80000019073486328125</ele>
        <time>2026-08-24T23:05:04.000Z</time>
        <extensions>
          <ns3:TrackPointExtension>
            <ns3:hr>145</ns3:hr>
            <ns3:cad>81</ns3:cad>
          </ns3:TrackPointExtension>
        </extensions>
      </trkpt>
      <trkpt lat="23.04991411976516246795654296875" lon="113.318864665925502777099609375">
        <ele>5.80000019073486328125</ele>
        <time>2026-08-24T23:05:05.000Z</time>
        <extensions>
          <ns3:TrackPointExtension>
            <ns3:hr>145</ns3:hr>
            <ns3:cad>81</ns3:cad>
          </ns3:TrackPointExtension>
        </extensions>
      </trkpt>
      <trkpt lat="23.04991378448903560638427734375" lon="113.31888821907341480255126953125">
        <ele>5.80000019073486328125</ele>
        <time>2026-08-24T23:05:06.000Z</time>
        <extensions>
          <ns3:TrackPointExtension>
            <ns3:hr>145</ns3:hr>
            <ns3:cad>81</ns3:cad>
          </ns3:TrackPointExtension>
        </extensions>
      </trkpt>
      <trkpt lat="23.04991495795547962188720703125" lon="113.3189134486019611358642578125">
        <ele>5.80000019073486328125</ele>
        <time>2026-08-24T23:05:07.000Z</time>
        <extensions>
          <ns3:TrackPointExtension>
            <ns3:hr>145</ns3:hr>
            <ns3:cad>81</ns3:cad>
          </ns3:TrackPointExtension>
        </extensions>
      </trkpt>
      <trkpt lat="23.0499073304235935211181640625" lon="113.31893985159695148468017578125">
        <ele>5.80000019073486328125</ele>
        <time>2026-08-24T23:05:08.000Z</time>
        <extensions>
          <ns3:TrackPointExtension>
            <ns3:hr>145</ns3:hr>
            <ns3:cad>81</ns3:cad>
          </ns3:TrackPointExtension>
        </extensions>
      </trkpt>
      <trkpt lat="23.04990640841424465179443359375" lon="113.31895812414586544036865234375">
        <ele>5.80000019073486328125</ele>
        <time>2026-08-24T23:05:09.000Z</time>
        <extensions>
          <ns3:TrackPointExtension>
            <ns3:hr>145</ns3:hr>
            <ns3:cad>80</ns3:cad>
          </ns3:TrackPointExtension>
        </extensions>
      </trkpt>
      <trkpt lat="23.04990774951875209808349609375" lon="113.3189808391034603118896484375">
        <ele>5.80000019073486328125</ele>
        <time>2026-08-24T23:05:10.000Z</time>
        <extensions>
          <ns3:TrackPointExtension>
            <ns3:hr>145</ns3:hr>
            <ns3:cad>80</ns3:cad>
          </ns3:TrackPointExtension>
        </extensions>
      </trkpt>
      <trkpt lat="23.04989802651107311248779296875" lon="113.31900740973651409149169921875">
        <ele>5.80000019073486328125</ele>
        <time>2026-08-24T23:05:11.000Z</time>
        <extensions>
          <ns3:TrackPointExtension>
            <ns3:hr>145</ns3:hr>
            <ns3:cad>80</ns3:cad>
          </ns3:TrackPointExtension>
        </extensions>
      </trkpt>
      <trkpt lat="23.049898110330104827880859375" lon="113.31902635283768177032470703125">
        <ele>5.80000019073486328125</ele>
        <time>2026-08-24T23:05:12.000Z</time>
        <extensions>
          <ns3:TrackPointExtension>
            <ns3:hr>144</ns3:hr>
            <ns3:cad>80</ns3:cad>
          </ns3:TrackPointExtension>
        </extensions>
      </trkpt>
      <trkpt lat="23.04989852942526340484619140625" lon="113.31904797814786434173583984375">
        <ele>5.80000019073486328125</ele>
        <time>2026-08-24T23:05:13.000Z</time>
        <extensions>
          <ns3:TrackPointExtension>
            <ns3:hr>144</ns3:hr>
            <ns3:cad>80</ns3:cad>
          </ns3:TrackPointExtension>
        </extensions>
      </trkpt>
      <trkpt lat="23.04988981224596500396728515625" lon="113.319083265960216522216796875">
        <ele>6</ele>
        <time>2026-08-24T23:05:14.000Z</time>
        <extensions>
          <ns3:TrackPointExtension>
            <ns3:hr>144</ns3:hr>
            <ns3:cad>80</ns3:cad>
          </ns3:TrackPointExtension>
        </extensions>
      </trkpt>
      <trkpt lat="23.0498882196843624114990234375" lon="113.3191092498600482940673828125">
        <ele>6</ele>
        <time>2026-08-24T23:05:15.000Z</time>
        <extensions>
          <ns3:TrackPointExtension>
            <ns3:hr>144</ns3:hr>
            <ns3:cad>80</ns3:cad>
          </ns3:TrackPointExtension>
        </extensions>
      </trkpt>
      <trkpt lat="23.0498922429978847503662109375" lon="113.31913028843700885772705078125">
        <ele>6</ele>
        <time>2026-08-24T23:05:16.000Z</time>
        <extensions>
          <ns3:TrackPointExtension>
            <ns3:hr>145</ns3:hr>
            <ns3:cad>80</ns3:cad>
          </ns3:TrackPointExtension>
        </extensions>
      </trkpt>
      <trkpt lat="23.04988327436149120330810546875" lon="113.3191578648984432220458984375">
        <ele>6</ele>
        <time>2026-08-24T23:05:17.000Z</time>
        <extensions>
          <ns3:TrackPointExtension>
            <ns3:hr>144</ns3:hr>
            <ns3:cad>80</ns3:cad>
          </ns3:TrackPointExtension>
        </extensions>
      </trkpt>
      <trkpt lat="23.04987891577184200286865234375" lon="113.31917638890445232391357421875">
        <ele>6</ele>
        <time>2026-08-24T23:05:18.000Z</time>
        <extensions>
          <ns3:TrackPointExtension>
            <ns3:hr>144</ns3:hr>
            <ns3:cad>80</ns3:cad>
          </ns3:TrackPointExtension>
        </extensions>
      </trkpt>
      <trkpt lat="23.04987807758152484893798828125" lon="113.31920237280428409576416015625">
        <ele>6</ele>
        <time>2026-08-24T23:05:19.000Z</time>
        <extensions>
          <ns3:TrackPointExtension>
            <ns3:hr>144</ns3:hr>
            <ns3:cad>80</ns3:cad>
          </ns3:TrackPointExtension>
        </extensions>
      </trkpt>
      <trkpt lat="23.04987204261124134063720703125" lon="113.319229446351528167724609375">
        <ele>6</ele>
        <time>2026-08-24T23:05:20.000Z</time>
        <extensions>
          <ns3:TrackPointExtension>
            <ns3:hr>145</ns3:hr>
            <ns3:cad>80</ns3:cad>
          </ns3:TrackPointExtension>
        </extensions>
      </trkpt>
      <trkpt lat="23.0498714558780193328857421875" lon="113.31924780271947383880615234375">
        <ele>6</ele>
        <time>2026-08-24T23:05:21.000Z</time>
        <extensions>
          <ns3:TrackPointExtension>
            <ns3:hr>144</ns3:hr>
            <ns3:cad>80</ns3:cad>
          </ns3:TrackPointExtension>
        </extensions>
      </trkpt>
      <trkpt lat="23.049869947135448455810546875" lon="113.3192778937518596649169921875">
        <ele>6</ele>
        <time>2026-08-24T23:05:22.000Z</time>
        <extensions>
          <ns3:TrackPointExtension>
            <ns3:hr>144</ns3:hr>
            <ns3:cad>80</ns3:cad>
          </ns3:TrackPointExtension>
        </extensions>
      </trkpt>
      <trkpt lat="23.0498587153851985931396484375" lon="113.31930345855653285980224609375">
        <ele>5.80000019073486328125</ele>
        <time>2026-08-24T23:05:23.000Z</time>
        <extensions>
          <ns3:TrackPointExtension>
            <ns3:hr>144</ns3:hr>
            <ns3:cad>80</ns3:cad>
          </ns3:TrackPointExtension>
        </extensions>
      </trkpt>
      <trkpt lat="23.04986198432743549346923828125" lon="113.31932089291512966156005859375">
        <ele>5.80000019073486328125</ele>
        <time>2026-08-24T23:05:24.000Z</time>
        <extensions>
          <ns3:TrackPointExtension>
            <ns3:hr>144</ns3:hr>
            <ns3:cad>80</ns3:cad>
          </ns3:TrackPointExtension>
        </extensions>
      </trkpt>
      <trkpt lat="23.04985930211842060089111328125" lon="113.3193469606339931488037109375">
        <ele>5.80000019073486328125</ele>
        <time>2026-08-24T23:05:25.000Z</time>
        <extensions>
          <ns3:TrackPointExtension>
            <ns3:hr>145</ns3:hr>
            <ns3:cad>80</ns3:cad>
          </ns3:TrackPointExtension>
        </extensions>
      </trkpt>
      <trkpt lat="23.049851842224597930908203125" lon="113.319370932877063751220703125">
        <ele>5.80000019073486328125</ele>
        <time>2026-08-24T23:05:26.000Z</time>
        <extensions>
          <ns3:TrackPointExtension>
            <ns3:hr>144</ns3:hr>
            <ns3:cad>80</ns3:cad>
          </ns3:TrackPointExtension>
        </extensions>
      </trkpt>
      <trkpt lat="23.04985259659588336944580078125" lon="113.3193841762840747833251953125">
        <ele>5.80000019073486328125</ele>
        <time>2026-08-24T23:05:27.000Z</time>
        <extensions>
          <ns3:TrackPointExtension>
            <ns3:hr>144</ns3:hr>
            <ns3:cad>80</ns3:cad>
          </ns3:TrackPointExtension>
        </extensions>
      </trkpt>
      <trkpt lat="23.04984756745398044586181640625" lon="113.31940881907939910888671875">
        <ele>6</ele>
        <time>2026-08-24T23:05:28.000Z</time>
        <extensions>
          <ns3:TrackPointExtension>
            <ns3:hr>144</ns3:hr>
            <ns3:cad>80</ns3:cad>
          </ns3:TrackPointExtension>
        </extensions>
      </trkpt>
      <trkpt lat="23.04983566515147686004638671875" lon="113.31942700780928134918212890625">
        <ele>6</ele>
        <time>2026-08-24T23:05:29.000Z</time>
        <extensions>
          <ns3:TrackPointExtension>
            <ns3:hr>145</ns3:hr>
            <ns3:cad>80</ns3:cad>
          </ns3:TrackPointExtension>
        </extensions>
      </trkpt>
      <trkpt lat="23.04983918555080890655517578125" lon="113.31944393925368785858154296875">
        <ele>6</ele>
        <time>2026-08-24T23:05:30.000Z</time>
        <extensions>
          <ns3:TrackPointExtension>
            <ns3:hr>144</ns3:hr>
            <ns3:cad>80</ns3:cad>
          </ns3:TrackPointExtension>
        </extensions>
      </trkpt>
      <trkpt lat="23.04983700625598430633544921875" lon="113.3194720186293125152587890625">
        <ele>6</ele>
        <time>2026-08-24T23:05:31.000Z</time>
        <extensions>
          <ns3:TrackPointExtension>
            <ns3:hr>144</ns3:hr>
            <ns3:cad>79</ns3:cad>
          </ns3:TrackPointExtension>
        </extensions>
      </trkpt>
      <trkpt lat="23.0498328991234302520751953125" lon="113.319493643939495086669921875">
        <ele>6</ele>
        <time>2026-08-24T23:05:32.000Z</time>
        <extensions>
          <ns3:TrackPointExtension>
            <ns3:hr>144</ns3:hr>
            <ns3:cad>79</ns3:cad>
          </ns3:TrackPointExtension>
        </extensions>
      </trkpt>
      <trkpt lat="23.04983348585665225982666015625" lon="113.319513089954853057861328125">
        <ele>6</ele>
        <time>2026-08-24T23:05:33.000Z</time>
        <extensions>
          <ns3:TrackPointExtension>
            <ns3:hr>144</ns3:hr>
            <ns3:cad>79</ns3:cad>
          </ns3:TrackPointExtension>
        </extensions>
      </trkpt>
      <trkpt lat="23.0498285405337810516357421875" lon="113.31954200752079486846923828125">
        <ele>6</ele>
        <time>2026-08-24T23:05:34.000Z</time>
        <extensions>
          <ns3:TrackPointExtension>
            <ns3:hr>144</ns3:hr>
            <ns3:cad>80</ns3:cad>
          </ns3:TrackPointExtension>
        </extensions>
      </trkpt>
      <trkpt lat="23.04982862435281276702880859375" lon="113.31956245936453342437744140625">
        <ele>6</ele>
        <time>2026-08-24T23:05:35.000Z</time>
        <extensions>
          <ns3:TrackPointExtension>
            <ns3:hr>144</ns3:hr>
            <ns3:cad>81</ns3:cad>
          </ns3:TrackPointExtension>
        </extensions>
      </trkpt>
      <trkpt lat="23.04983348585665225982666015625" lon="113.31958592869341373443603515625">
        <ele>5.80000019073486328125</ele>
        <time>2026-08-24T23:05:36.000Z</time>
        <extensions>
          <ns3:TrackPointExtension>
            <ns3:hr>144</ns3:hr>
            <ns3:cad>81</ns3:cad>
          </ns3:TrackPointExtension>
        </extensions>
      </trkpt>
      <trkpt lat="23.049823679029941558837890625" lon="113.31961643882095813751220703125">
        <ele>5.80000019073486328125</ele>
        <time>2026-08-24T23:05:37.000Z</time>
        <extensions>
          <ns3:TrackPointExtension>
            <ns3:hr>144</ns3:hr>
            <ns3:cad>81</ns3:cad>
          </ns3:TrackPointExtension>
        </extensions>
      </trkpt>
      <trkpt lat="23.04982510395348072052001953125" lon="113.31963622011244297027587890625">
        <ele>5.80000019073486328125</ele>
        <time>2026-08-24T23:05:38.000Z</time>
        <extensions>
          <ns3:TrackPointExtension>
            <ns3:hr>144</ns3:hr>
            <ns3:cad>81</ns3:cad>
          </ns3:TrackPointExtension>
        </extensions>
      </trkpt>
      <trkpt lat="23.0498282052576541900634765625" lon="113.3196580968797206878662109375">
        <ele>5.80000019073486328125</ele>
        <time>2026-08-24T23:05:39.000Z</time>
        <extensions>
          <ns3:TrackPointExtension>
            <ns3:hr>144</ns3:hr>
            <ns3:cad>81</ns3:cad>
          </ns3:TrackPointExtension>
        </extensions>
      </trkpt>
      <trkpt lat="23.049819655716419219970703125" lon="113.319691121578216552734375">
        <ele>5.80000019073486328125</ele>
        <time>2026-08-24T23:05:40.000Z</time>
        <extensions>
          <ns3:TrackPointExtension>
            <ns3:hr>144</ns3:hr>
            <ns3:cad>81</ns3:cad>
          </ns3:TrackPointExtension>
        </extensions>
      </trkpt>
      <trkpt lat="23.049818985164165496826171875" lon="113.31970931030809879302978515625">
        <ele>5.80000019073486328125</ele>
        <time>2026-08-24T23:05:41.000Z</time>
        <extensions>
          <ns3:TrackPointExtension>
            <ns3:hr>144</ns3:hr>
            <ns3:cad>81</ns3:cad>
          </ns3:TrackPointExtension>
        </extensions>
      </trkpt>
      <trkpt lat="23.04982426576316356658935546875" lon="113.31973294727504253387451171875">
        <ele>5.80000019073486328125</ele>
        <time>2026-08-24T23:05:42.000Z</time>
        <extensions>
          <ns3:TrackPointExtension>
            <ns3:hr>143</ns3:hr>
            <ns3:cad>81</ns3:cad>
          </ns3:TrackPointExtension>
        </extensions>
      </trkpt>
      <trkpt lat="23.049817979335784912109375" lon="113.31975943408906459808349609375">
        <ele>5.80000019073486328125</ele>
        <time>2026-08-24T23:05:43.000Z</time>
        <extensions>
          <ns3:TrackPointExtension>
            <ns3:hr>144</ns3:hr>
            <ns3:cad>81</ns3:cad>
          </ns3:TrackPointExtension>
        </extensions>
      </trkpt>
      <trkpt lat="23.04981135763227939605712890625" lon="113.3197700791060924530029296875">
        <ele>6</ele>
        <time>2026-08-24T23:05:44.000Z</time>
        <extensions>
          <ns3:TrackPointExtension>
            <ns3:hr>144</ns3:hr>
            <ns3:cad>81</ns3:cad>
          </ns3:TrackPointExtension>
        </extensions>
      </trkpt>
      <trkpt lat="23.049812614917755126953125" lon="113.31979396753013134002685546875">
        <ele>6</ele>
        <time>2026-08-24T23:05:45.000Z</time>
        <extensions>
          <ns3:TrackPointExtension>
            <ns3:hr>143</ns3:hr>
            <ns3:cad>81</ns3:cad>
          </ns3:TrackPointExtension>
        </extensions>
      </trkpt>
      <trkpt lat="23.049803562462329864501953125" lon="113.31981475464999675750732421875">
        <ele>6</ele>
        <time>2026-08-24T23:05:46.000Z</time>
        <extensions>
          <ns3:TrackPointExtension>
            <ns3:hr>144</ns3:hr>
            <ns3:cad>81</ns3:cad>
          </ns3:TrackPointExtension>
        </extensions>
      </trkpt>
      <trkpt lat="23.049803562462329864501953125" lon="113.31983302719891071319580078125">
        <ele>6.19999980926513671875</ele>
        <time>2026-08-24T23:05:47.000Z</time>
        <extensions>
          <ns3:TrackPointExtension>
            <ns3:hr>144</ns3:hr>
            <ns3:cad>81</ns3:cad>
          </ns3:TrackPointExtension>
        </extensions>
      </trkpt>
      <trkpt lat="23.0498010478913784027099609375" lon="113.3198587596416473388671875">
        <ele>6.19999980926513671875</ele>
        <time>2026-08-24T23:05:48.000Z</time>
        <extensions>
          <ns3:TrackPointExtension>
            <ns3:hr>144</ns3:hr>
            <ns3:cad>81</ns3:cad>
          </ns3:TrackPointExtension>
        </extensions>
      </trkpt>
      <trkpt lat="23.049790821969509124755859375" lon="113.31988465972244739532470703125">
        <ele>6.19999980926513671875</ele>
        <time>2026-08-24T23:05:49.000Z</time>
        <extensions>
          <ns3:TrackPointExtension>
            <ns3:hr>143</ns3:hr>
            <ns3:cad>81</ns3:cad>
          </ns3:TrackPointExtension>
        </extensions>
      </trkpt>
      <trkpt lat="23.04979241453111171722412109375" lon="113.3199043571949005126953125">
        <ele>6.19999980926513671875</ele>
        <time>2026-08-24T23:05:50.000Z</time>
        <extensions>
          <ns3:TrackPointExtension>
            <ns3:hr>144</ns3:hr>
            <ns3:cad>81</ns3:cad>
          </ns3:TrackPointExtension>
        </extensions>
      </trkpt>
      <trkpt lat="23.04978721775114536285400390625" lon="113.31993545405566692352294921875">
        <ele>6.19999980926513671875</ele>
        <time>2026-08-24T23:05:51.000Z</time>
        <extensions>
          <ns3:TrackPointExtension>
            <ns3:hr>144</ns3:hr>
            <ns3:cad>81</ns3:cad>
          </ns3:TrackPointExtension>
        </extensions>
      </trkpt>
      <trkpt lat="23.0497737228870391845703125" lon="113.31996294669806957244873046875">
        <ele>6.19999980926513671875</ele>
        <time>2026-08-24T23:05:52.000Z</time>
        <extensions>
          <ns3:TrackPointExtension>
            <ns3:hr>144</ns3:hr>
            <ns3:cad>81</ns3:cad>
          </ns3:TrackPointExtension>
        </extensions>
      </trkpt>
      <trkpt lat="23.04977648891508579254150390625" lon="113.3199821412563323974609375">
        <ele>6</ele>
        <time>2026-08-24T23:05:53.000Z</time>
        <extensions>
          <ns3:TrackPointExtension>
            <ns3:hr>144</ns3:hr>
            <ns3:cad>81</ns3:cad>
          </ns3:TrackPointExtension>
        </extensions>
      </trkpt>
      <trkpt lat="23.0497737228870391845703125" lon="113.32001105882227420806884765625">
        <ele>6</ele>
        <time>2026-08-24T23:05:54.000Z</time>
        <extensions>
          <ns3:TrackPointExtension>
            <ns3:hr>144</ns3:hr>
            <ns3:cad>81</ns3:cad>
          </ns3:TrackPointExtension>
        </extensions>
      </trkpt>
      <trkpt lat="23.04976860992610454559326171875" lon="113.32003016956150531768798828125">
        <ele>6</ele>
        <time>2026-08-24T23:05:55.000Z</time>
        <extensions>
          <ns3:TrackPointExtension>
            <ns3:hr>144</ns3:hr>
            <ns3:cad>80</ns3:cad>
          </ns3:TrackPointExtension>
        </extensions>
      </trkpt>
      <trkpt lat="23.04976944811642169952392578125" lon="113.32005514763295650482177734375">
        <ele>6</ele>
        <time>2026-08-24T23:05:56.000Z</time>
        <extensions>
          <ns3:TrackPointExtension>
            <ns3:hr>144</ns3:hr>
            <ns3:cad>80</ns3:cad>
          </ns3:TrackPointExtension>
        </extensions>
      </trkpt>
      <trkpt lat="23.049765340983867645263671875" lon="113.320079706609249114990234375">
        <ele>6</ele>
        <time>2026-08-24T23:05:57.000Z</time>
        <extensions>
          <ns3:TrackPointExtension>
            <ns3:hr>144</ns3:hr>
            <ns3:cad>81</ns3:cad>
          </ns3:TrackPointExtension>
        </extensions>
      </trkpt>
      <trkpt lat="23.04975938983261585235595703125" lon="113.3201014995574951171875">
        <ele>6</ele>
        <time>2026-08-24T23:05:58.000Z</time>
        <extensions>
          <ns3:TrackPointExtension>
            <ns3:hr>144</ns3:hr>
            <ns3:cad>81</ns3:cad>
          </ns3:TrackPointExtension>
        </extensions>
      </trkpt>
      <trkpt lat="23.0497658438980579376220703125" lon="113.3201216161251068115234375">
        <ele>6</ele>
        <time>2026-08-24T23:05:59.000Z</time>
        <extensions>
          <ns3:TrackPointExtension>
            <ns3:hr>144</ns3:hr>
            <ns3:cad>81</ns3:cad>
          </ns3:TrackPointExtension>
        </extensions>
      </trkpt>
      <trkpt lat="23.04976022802293300628662109375" lon="113.32015137188136577606201171875">
        <ele>6</ele>
        <time>2026-08-24T23:06:00.000Z</time>
        <extensions>
          <ns3:TrackPointExtension>
            <ns3:hr>144</ns3:hr>
            <ns3:cad>81</ns3:cad>
          </ns3:TrackPointExtension>
        </extensions>
      </trkpt>
      <trkpt lat="23.049752600491046905517578125" lon="113.32017115317285060882568359375">
        <ele>6</ele>
        <time>2026-08-24T23:06:01.000Z</time>
        <extensions>
          <ns3:TrackPointExtension>
            <ns3:hr>144</ns3:hr>
            <ns3:cad>81</ns3:cad>
          </ns3:TrackPointExtension>
        </extensions>
      </trkpt>
      <trkpt lat="23.04975486360490322113037109375" lon="113.32019629888236522674560546875">
        <ele>6</ele>
        <time>2026-08-24T23:06:02.000Z</time>
        <extensions>
          <ns3:TrackPointExtension>
            <ns3:hr>144</ns3:hr>
            <ns3:cad>80</ns3:cad>
          </ns3:TrackPointExtension>
        </extensions>
      </trkpt>
      <trkpt lat="23.04974849335849285125732421875" lon="113.320221193134784698486328125">
        <ele>6</ele>
        <time>2026-08-24T23:06:03.000Z</time>
        <extensions>
          <ns3:TrackPointExtension>
            <ns3:hr>144</ns3:hr>
            <ns3:cad>80</ns3:cad>
          </ns3:TrackPointExtension>
        </extensions>
      </trkpt>
      <trkpt lat="23.0497423745691776275634765625" lon="113.32024139352142810821533203125">
        <ele>5.80000019073486328125</ele>
        <time>2026-08-24T23:06:04.000Z</time>
        <extensions>
          <ns3:TrackPointExtension>
            <ns3:hr>144</ns3:hr>
            <ns3:cad>80</ns3:cad>
          </ns3:TrackPointExtension>
        </extensions>
      </trkpt>
      <trkpt lat="23.0497487448155879974365234375" lon="113.32025983370840549468994140625">
        <ele>5.80000019073486328125</ele>
        <time>2026-08-24T23:06:05.000Z</time>
        <extensions>
          <ns3:TrackPointExtension>
            <ns3:hr>144</ns3:hr>
            <ns3:cad>80</ns3:cad>
          </ns3:TrackPointExtension>
        </extensions>
      </trkpt>
      <trkpt lat="23.04974648170173168182373046875" lon="113.32028564997017383575439453125">
        <ele>5.80000019073486328125</ele>
        <time>2026-08-24T23:06:06.000Z</time>
        <extensions>
          <ns3:TrackPointExtension>
            <ns3:hr>145</ns3:hr>
            <ns3:cad>80</ns3:cad>
          </ns3:TrackPointExtension>
        </extensions>
      </trkpt>
      <trkpt lat="23.0497453920543193817138671875" lon="113.3203078620135784149169921875">
        <ele>5.80000019073486328125</ele>
        <time>2026-08-24T23:06:07.000Z</time>
        <extensions>
          <ns3:TrackPointExtension>
            <ns3:hr>144</ns3:hr>
            <ns3:cad>81</ns3:cad>
          </ns3:TrackPointExtension>
        </extensions>
      </trkpt>
      <trkpt lat="23.0497477389872074127197265625" lon="113.3203343488276004791259765625">
        <ele>5.80000019073486328125</ele>
        <time>2026-08-24T23:06:08.000Z</time>
        <extensions>
          <ns3:TrackPointExtension>
            <ns3:hr>144</ns3:hr>
            <ns3:cad>81</ns3:cad>
          </ns3:TrackPointExtension>
        </extensions>
      </trkpt>
      <trkpt lat="23.0497346632182598114013671875" lon="113.3203615061938762664794921875">
        <ele>5.80000019073486328125</ele>
        <time>2026-08-24T23:06:09.000Z</time>
        <extensions>
          <ns3:TrackPointExtension>
            <ns3:hr>145</ns3:hr>
            <ns3:cad>81</ns3:cad>
          </ns3:TrackPointExtension>
        </extensions>
      </trkpt>
      <trkpt lat="23.04973793216049671173095703125" lon="113.32037617452442646026611328125">
        <ele>6</ele>
        <time>2026-08-24T23:06:10.000Z</time>
        <extensions>
          <ns3:TrackPointExtension>
            <ns3:hr>144</ns3:hr>
            <ns3:cad>81</ns3:cad>
          </ns3:TrackPointExtension>
        </extensions>
      </trkpt>
      <trkpt lat="23.04973223246634006500244140625" lon="113.32039746455848217010498046875">
        <ele>6</ele>
        <time>2026-08-24T23:06:11.000Z</time>
        <extensions>
          <ns3:TrackPointExtension>
            <ns3:hr>145</ns3:hr>
            <ns3:cad>81</ns3:cad>
          </ns3:TrackPointExtension>
        </extensions>
      </trkpt>
      <trkpt lat="23.04972921498119831085205078125" lon="113.32042001187801361083984375">
        <ele>6.19999980926513671875</ele>
        <time>2026-08-24T23:06:12.000Z</time>
        <extensions>
          <ns3:TrackPointExtension>
            <ns3:hr>145</ns3:hr>
            <ns3:cad>81</ns3:cad>
          </ns3:TrackPointExtension>
        </extensions>
      </trkpt>
      <trkpt lat="23.049726448953151702880859375" lon="113.32044138573110103607177734375">
        <ele>6.19999980926513671875</ele>
        <time>2026-08-24T23:06:13.000Z</time>
        <extensions>
          <ns3:TrackPointExtension>
            <ns3:hr>145</ns3:hr>
            <ns3:cad>81</ns3:cad>
          </ns3:TrackPointExtension>
        </extensions>
      </trkpt>
      <trkpt lat="23.049724102020263671875" lon="113.32046451978385448455810546875">
        <ele>6.19999980926513671875</ele>
        <time>2026-08-24T23:06:14.000Z</time>
        <extensions>
          <ns3:TrackPointExtension>
            <ns3:hr>145</ns3:hr>
            <ns3:cad>81</ns3:cad>
          </ns3:TrackPointExtension>
        </extensions>
      </trkpt>
      <trkpt lat="23.049723766744136810302734375" lon="113.320490419864654541015625">
        <ele>6.19999980926513671875</ele>
        <time>2026-08-24T23:06:15.000Z</time>
        <extensions>
          <ns3:TrackPointExtension>
            <ns3:hr>145</ns3:hr>
            <ns3:cad>81</ns3:cad>
          </ns3:TrackPointExtension>
        </extensions>
      </trkpt>
      <trkpt lat="23.04972502402961254119873046875" lon="113.32051246426999568939208984375">
        <ele>6.19999980926513671875</ele>
        <time>2026-08-24T23:06:16.000Z</time>
        <extensions>
          <ns3:TrackPointExtension>
            <ns3:hr>145</ns3:hr>
            <ns3:cad>81</ns3:cad>
          </ns3:TrackPointExtension>
        </extensions>
      </trkpt>
      <trkpt lat="23.0497222580015659332275390625" lon="113.32053895108401775360107421875">
        <ele>6</ele>
        <time>2026-08-24T23:06:17.000Z</time>
        <extensions>
          <ns3:TrackPointExtension>
            <ns3:hr>145</ns3:hr>
            <ns3:cad>81</ns3:cad>
          </ns3:TrackPointExtension>
        </extensions>
      </trkpt>
      <trkpt lat="23.0497155524790287017822265625" lon="113.32056091167032718658447265625">
        <ele>6</ele>
        <time>2026-08-24T23:06:18.000Z</time>
        <extensions>
          <ns3:TrackPointExtension>
            <ns3:hr>145</ns3:hr>
            <ns3:cad>81</ns3:cad>
          </ns3:TrackPointExtension>
        </extensions>
      </trkpt>
      <trkpt lat="23.0497219227254390716552734375" lon="113.32057935185730457305908203125">
        <ele>6</ele>
        <time>2026-08-24T23:06:19.000Z</time>
        <extensions>
          <ns3:TrackPointExtension>
            <ns3:hr>145</ns3:hr>
            <ns3:cad>80</ns3:cad>
          </ns3:TrackPointExtension>
        </extensions>
      </trkpt>
      <trkpt lat="23.04972452111542224884033203125" lon="113.32060533575713634490966796875">
        <ele>6</ele>
        <time>2026-08-24T23:06:20.000Z</time>
        <extensions>
          <ns3:TrackPointExtension>
            <ns3:hr>145</ns3:hr>
            <ns3:cad>80</ns3:cad>
          </ns3:TrackPointExtension>
        </extensions>
      </trkpt>
      <trkpt lat="23.0497148819267749786376953125" lon="113.320634923875331878662109375">
        <ele>6</ele>
        <time>2026-08-24T23:06:21.000Z</time>
        <extensions>
          <ns3:TrackPointExtension>
            <ns3:hr>145</ns3:hr>
            <ns3:cad>80</ns3:cad>
          </ns3:TrackPointExtension>
        </extensions>
      </trkpt>
      <trkpt lat="23.0497068352997303009033203125" lon="113.32065613009035587310791015625">
        <ele>6</ele>
        <time>2026-08-24T23:06:22.000Z</time>
        <extensions>
          <ns3:TrackPointExtension>
            <ns3:hr>145</ns3:hr>
            <ns3:cad>80</ns3:cad>
          </ns3:TrackPointExtension>
        </extensions>
      </trkpt>
      <trkpt lat="23.04970691911876201629638671875" lon="113.32067926414310932159423828125">
        <ele>6</ele>
        <time>2026-08-24T23:06:23.000Z</time>
        <extensions>
          <ns3:TrackPointExtension>
            <ns3:hr>145</ns3:hr>
            <ns3:cad>80</ns3:cad>
          </ns3:TrackPointExtension>
        </extensions>
      </trkpt>
      <trkpt lat="23.04970641620457172393798828125" lon="113.3207023143768310546875">
        <ele>6</ele>
        <time>2026-08-24T23:06:24.000Z</time>
        <extensions>
          <ns3:TrackPointExtension>
            <ns3:hr>145</ns3:hr>
            <ns3:cad>81</ns3:cad>
          </ns3:TrackPointExtension>
        </extensions>
      </trkpt>
      <trkpt lat="23.0497145466506481170654296875" lon="113.32071094773709774017333984375">
        <ele>6</ele>
        <time>2026-08-24T23:06:25.000Z</time>
        <extensions>
          <ns3:TrackPointExtension>
            <ns3:hr>145</ns3:hr>
            <ns3:cad>80</ns3:cad>
          </ns3:TrackPointExtension>
        </extensions>
      </trkpt>
      <trkpt lat="23.0497249402105808258056640625" lon="113.320715390145778656005859375">
        <ele>6.19999980926513671875</ele>
        <time>2026-08-24T23:06:26.000Z</time>
        <extensions>
          <ns3:TrackPointExtension>
            <ns3:hr>145</ns3:hr>
            <ns3:cad>80</ns3:cad>
          </ns3:TrackPointExtension>
        </extensions>
      </trkpt>
      <trkpt lat="23.04973457939922809600830078125" lon="113.3207098580896854400634765625">
        <ele>6.19999980926513671875</ele>
        <time>2026-08-24T23:06:27.000Z</time>
        <extensions>
          <ns3:TrackPointExtension>
            <ns3:hr>145</ns3:hr>
            <ns3:cad>79</ns3:cad>
          </ns3:TrackPointExtension>
        </extensions>
      </trkpt>
      <trkpt lat="23.0497334897518157958984375" lon="113.3206957764923572540283203125">
        <ele>6.19999980926513671875</ele>
        <time>2026-08-24T23:06:28.000Z</time>
        <extensions>
          <ns3:TrackPointExtension>
            <ns3:hr>145</ns3:hr>
            <ns3:cad>79</ns3:cad>
          </ns3:TrackPointExtension>
        </extensions>
      </trkpt>
      <trkpt lat="23.0497376807034015655517578125" lon="113.3206847123801708221435546875">
        <ele>6.19999980926513671875</ele>
        <time>2026-08-24T23:06:29.000Z</time>
        <extensions>
          <ns3:TrackPointExtension>
            <ns3:hr>145</ns3:hr>
            <ns3:cad>80</ns3:cad>
          </ns3:TrackPointExtension>
        </extensions>
      </trkpt>
      <trkpt lat="23.04974178783595561981201171875" lon="113.32066417671740055084228515625">
        <ele>6.19999980926513671875</ele>
        <time>2026-08-24T23:06:30.000Z</time>
        <extensions>
          <ns3:TrackPointExtension>
            <ns3:hr>145</ns3:hr>
            <ns3:cad>80</ns3:cad>
          </ns3:TrackPointExtension>
        </extensions>
      </trkpt>
      <trkpt lat="23.04974497295916080474853515625" lon="113.32064338959753513336181640625">
        <ele>6.19999980926513671875</ele>
        <time>2026-08-24T23:06:31.000Z</time>
        <extensions>
          <ns3:TrackPointExtension>
            <ns3:hr>145</ns3:hr>
            <ns3:cad>80</ns3:cad>
          </ns3:TrackPointExtension>
        </extensions>
      </trkpt>
      <trkpt lat="23.04975670762360095977783203125" lon="113.3206206746399402618408203125">
        <ele>6</ele>
        <time>2026-08-24T23:06:32.000Z</time>
        <extensions>
          <ns3:TrackPointExtension>
            <ns3:hr>145</ns3:hr>
            <ns3:cad>80</ns3:cad>
          </ns3:TrackPointExtension>
        </extensions>
      </trkpt>
      <trkpt lat="23.049763329327106475830078125" lon="113.32059997133910655975341796875">
        <ele>6</ele>
        <time>2026-08-24T23:06:33.000Z</time>
        <extensions>
          <ns3:TrackPointExtension>
            <ns3:hr>145</ns3:hr>
            <ns3:cad>80</ns3:cad>
          </ns3:TrackPointExtension>
        </extensions>
      </trkpt>
      <trkpt lat="23.04976492188870906829833984375" lon="113.32057717256247997283935546875">
        <ele>6</ele>
        <time>2026-08-24T23:06:34.000Z</time>
        <extensions>
          <ns3:TrackPointExtension>
            <ns3:hr>145</ns3:hr>
            <ns3:cad>80</ns3:cad>
          </ns3:TrackPointExtension>
        </extensions>
      </trkpt>
      <trkpt lat="23.049772046506404876708984375" lon="113.32055839709937572479248046875">
        <ele>5.80000019073486328125</ele>
        <time>2026-08-24T23:06:35.000Z</time>
        <extensions>
          <ns3:TrackPointExtension>
            <ns3:hr>145</ns3:hr>
            <ns3:cad>81</ns3:cad>
          </ns3:TrackPointExtension>
        </extensions>
      </trkpt>
      <trkpt lat="23.04977833293378353118896484375" lon="113.320537693798542022705078125">
        <ele>5.80000019073486328125</ele>
        <time>2026-08-24T23:06:36.000Z</time>
        <extensions>
          <ns3:TrackPointExtension>
            <ns3:hr>145</ns3:hr>
            <ns3:cad>81</ns3:cad>
          </ns3:TrackPointExtension>
        </extensions>
      </trkpt>
      <trkpt lat="23.0497755669057369232177734375" lon="113.32051648758351802825927734375">
        <ele>6</ele>
        <time>2026-08-24T23:06:37.000Z</time>
        <extensions>
          <ns3:TrackPointExtension>
            <ns3:hr>144</ns3:hr>
            <ns3:cad>80</ns3:cad>
          </ns3:TrackPointExtension>
        </extensions>
      </trkpt>
      <trkpt lat="23.04978084750473499298095703125" lon="113.32049000076949596405029296875">
        <ele>6</ele>
        <time>2026-08-24T23:06:38.000Z</time>
        <extensions>
          <ns3:TrackPointExtension>
            <ns3:hr>144</ns3:hr>
            <ns3:cad>80</ns3:cad>
          </ns3:TrackPointExtension>
        </extensions>
      </trkpt>
      <trkpt lat="23.04978285916149616241455078125" lon="113.3204677887260913848876953125">
        <ele>6</ele>
        <time>2026-08-24T23:06:39.000Z</time>
        <extensions>
          <ns3:TrackPointExtension>
            <ns3:hr>144</ns3:hr>
            <ns3:cad>80</ns3:cad>
          </ns3:TrackPointExtension>
        </extensions>
      </trkpt>
      <trkpt lat="23.049776069819927215576171875" lon="113.3204510249197483062744140625">
        <ele>6</ele>
        <time>2026-08-24T23:06:40.000Z</time>
        <extensions>
          <ns3:TrackPointExtension>
            <ns3:hr>145</ns3:hr>
            <ns3:cad>80</ns3:cad>
          </ns3:TrackPointExtension>
        </extensions>
      </trkpt>
      <trkpt lat="23.04977866820991039276123046875" lon="113.320425711572170257568359375">
        <ele>5.80000019073486328125</ele>
        <time>2026-08-24T23:06:41.000Z</time>
        <extensions>
          <ns3:TrackPointExtension>
            <ns3:hr>144</ns3:hr>
            <ns3:cad>80</ns3:cad>
          </ns3:TrackPointExtension>
        </extensions>
      </trkpt>
      <trkpt lat="23.0497772432863712310791015625" lon="113.320404924452304840087890625">
        <ele>5.80000019073486328125</ele>
        <time>2026-08-24T23:06:42.000Z</time>
        <extensions>
          <ns3:TrackPointExtension>
            <ns3:hr>144</ns3:hr>
            <ns3:cad>80</ns3:cad>
          </ns3:TrackPointExtension>
        </extensions>
      </trkpt>
      <trkpt lat="23.0497782491147518157958984375" lon="113.32038304768502712249755859375">
        <ele>5.80000019073486328125</ele>
        <time>2026-08-24T23:06:43.000Z</time>
        <extensions>
          <ns3:TrackPointExtension>
            <ns3:hr>144</ns3:hr>
            <ns3:cad>80</ns3:cad>
          </ns3:TrackPointExtension>
        </extensions>
      </trkpt>
      <trkpt lat="23.049782775342464447021484375" lon="113.32035253755748271942138671875">
        <ele>6</ele>
        <time>2026-08-24T23:06:44.000Z</time>
        <extensions>
          <ns3:TrackPointExtension>
            <ns3:hr>144</ns3:hr>
            <ns3:cad>80</ns3:cad>
          </ns3:TrackPointExtension>
        </extensions>
      </trkpt>
      <trkpt lat="23.04978202097117900848388671875" lon="113.3203212730586528778076171875">
        <ele>6</ele>
        <time>2026-08-24T23:06:45.000Z</time>
        <extensions>
          <ns3:TrackPointExtension>
            <ns3:hr>145</ns3:hr>
            <ns3:cad>81</ns3:cad>
          </ns3:TrackPointExtension>
        </extensions>
      </trkpt>
      <trkpt lat="23.0497809313237667083740234375" lon="113.32029621116816997528076171875">
        <ele>6.19999980926513671875</ele>
        <time>2026-08-24T23:06:46.000Z</time>
        <extensions>
          <ns3:TrackPointExtension>
            <ns3:hr>144</ns3:hr>
            <ns3:cad>81</ns3:cad>
          </ns3:TrackPointExtension>
        </extensions>
      </trkpt>
      <trkpt lat="23.04978755302727222442626953125" lon="113.32026888616383075714111328125">
        <ele>6.19999980926513671875</ele>
        <time>2026-08-24T23:06:47.000Z</time>
        <extensions>
          <ns3:TrackPointExtension>
            <ns3:hr>144</ns3:hr>
            <ns3:cad>80</ns3:cad>
          </ns3:TrackPointExtension>
        </extensions>
      </trkpt>
      <trkpt lat="23.049780763685703277587890625" lon="113.3202535472810268402099609375">
        <ele>6.19999980926513671875</ele>
        <time>2026-08-24T23:06:48.000Z</time>
        <extensions>
          <ns3:TrackPointExtension>
            <ns3:hr>144</ns3:hr>
            <ns3:cad>80</ns3:cad>
          </ns3:TrackPointExtension>
        </extensions>
      </trkpt>
      <trkpt lat="23.049778752028942108154296875" lon="113.3202310837805271148681640625">
        <ele>6.19999980926513671875</ele>
        <time>2026-08-24T23:06:49.000Z</time>
        <extensions>
          <ns3:TrackPointExtension>
            <ns3:hr>144</ns3:hr>
            <ns3:cad>80</ns3:cad>
          </ns3:TrackPointExtension>
        </extensions>
      </trkpt>
      <trkpt lat="23.0497871339321136474609375" lon="113.32020342350006103515625">
        <ele>6</ele>
        <time>2026-08-24T23:06:50.000Z</time>
        <extensions>
          <ns3:TrackPointExtension>
            <ns3:hr>145</ns3:hr>
            <ns3:cad>81</ns3:cad>
          </ns3:TrackPointExtension>
        </extensions>
      </trkpt>
      <trkpt lat="23.0497909896075725555419921875" lon="113.3201871626079082489013671875">
        <ele>6</ele>
        <time>2026-08-24T23:06:51.000Z</time>
        <extensions>
          <ns3:TrackPointExtension>
            <ns3:hr>145</ns3:hr>
            <ns3:cad>81</ns3:cad>
          </ns3:TrackPointExtension>
        </extensions>
      </trkpt>
      <trkpt lat="23.04979744367301464080810546875" lon="113.32016679458320140838623046875">
        <ele>6</ele>
        <time>2026-08-24T23:06:52.000Z</time>
        <extensions>
          <ns3:TrackPointExtension>
            <ns3:hr>145</ns3:hr>
            <ns3:cad>80</ns3:cad>
          </ns3:TrackPointExtension>
        </extensions>
      </trkpt>
      <trkpt lat="23.04980414919555187225341796875" lon="113.32014667801558971405029296875">
        <ele>6.19999980926513671875</ele>
        <time>2026-08-24T23:06:53.000Z</time>
        <extensions>
          <ns3:TrackPointExtension>
            <ns3:hr>145</ns3:hr>
            <ns3:cad>80</ns3:cad>
          </ns3:TrackPointExtension>
        </extensions>
      </trkpt>
      <trkpt lat="23.04981672205030918121337890625" lon="113.32013024948537349700927734375">
        <ele>6.19999980926513671875</ele>
        <time>2026-08-24T23:06:54.000Z</time>
        <extensions>
          <ns3:TrackPointExtension>
            <ns3:hr>145</ns3:hr>
            <ns3:cad>80</ns3:cad>
          </ns3:TrackPointExtension>
        </extensions>
      </trkpt>
      <trkpt lat="23.0498308874666690826416015625" lon="113.320106528699398040771484375">
        <ele>6.19999980926513671875</ele>
        <time>2026-08-24T23:06:55.000Z</time>
        <extensions>
          <ns3:TrackPointExtension>
            <ns3:hr>146</ns3:hr>
            <ns3:cad>81</ns3:cad>
          </ns3:TrackPointExtension>
        </extensions>
      </trkpt>
      <trkpt lat="23.04984019137918949127197265625" lon="113.32008984871208667755126953125">
        <ele>6</ele>
        <time>2026-08-24T23:06:56.000Z</time>
        <extensions>
          <ns3:TrackPointExtension>
            <ns3:hr>145</ns3:hr>
            <ns3:cad>81</ns3:cad>
          </ns3:TrackPointExtension>
        </extensions>
      </trkpt>
      <trkpt lat="23.049842454493045806884765625" lon="113.3200698159635066986083984375">
        <ele>6</ele>
        <time>2026-08-24T23:06:57.000Z</time>
        <extensions>
          <ns3:TrackPointExtension>
            <ns3:hr>146</ns3:hr>
            <ns3:cad>80</ns3:cad>
          </ns3:TrackPointExtension>
        </extensions>
      </trkpt>
      <trkpt lat="23.04985175840556621551513671875" lon="113.32004140131175518035888671875">
        <ele>5.80000019073486328125</ele>
        <time>2026-08-24T23:06:58.000Z</time>
        <extensions>
          <ns3:TrackPointExtension>
            <ns3:hr>146</ns3:hr>
            <ns3:cad>80</ns3:cad>
          </ns3:TrackPointExtension>
        </extensions>
      </trkpt>
      <trkpt lat="23.0498493276536464691162109375" lon="113.32002078182995319366455078125">
        <ele>5.80000019073486328125</ele>
        <time>2026-08-24T23:06:59.000Z</time>
        <extensions>
          <ns3:TrackPointExtension>
            <ns3:hr>146</ns3:hr>
            <ns3:cad>81</ns3:cad>
          </ns3:TrackPointExtension>
        </extensions>
      </trkpt>
      <trkpt lat="23.0498416163027286529541015625" lon="113.3200010843575000762939453125">
        <ele>5.80000019073486328125</ele>
        <time>2026-08-24T23:07:00.000Z</time>
        <extensions>
          <ns3:TrackPointExtension>
            <ns3:hr>145</ns3:hr>
            <ns3:cad>81</ns3:cad>
          </ns3:TrackPointExtension>
        </extensions>
      </trkpt>
      <trkpt lat="23.04984748363494873046875" lon="113.31997610628604888916015625">
        <ele>5.80000019073486328125</ele>
        <time>2026-08-24T23:07:01.000Z</time>
        <extensions>
          <ns3:TrackPointExtension>
            <ns3:hr>145</ns3:hr>
            <ns3:cad>81</ns3:cad>
          </ns3:TrackPointExtension>
        </extensions>
      </trkpt>
      <trkpt lat="23.0498476512730121612548828125" lon="113.319959677755832672119140625">
        <ele>5.80000019073486328125</ele>
        <time>2026-08-24T23:07:02.000Z</time>
        <extensions>
          <ns3:TrackPointExtension>
            <ns3:hr>145</ns3:hr>
            <ns3:cad>80</ns3:cad>
          </ns3:TrackPointExtension>
        </extensions>
      </trkpt>
      <trkpt lat="23.04984756745398044586181640625" lon="113.31994391977787017822265625">
        <ele>5.80000019073486328125</ele>
        <time>2026-08-24T23:07:03.000Z</time>
        <extensions>
          <ns3:TrackPointExtension>
            <ns3:hr>145</ns3:hr>
            <ns3:cad>80</ns3:cad>
          </ns3:TrackPointExtension>
        </extensions>
      </trkpt>
      <trkpt lat="23.0498568713665008544921875" lon="113.3199132420122623443603515625">
        <ele>6</ele>
        <time>2026-08-24T23:07:04.000Z</time>
        <extensions>
          <ns3:TrackPointExtension>
            <ns3:hr>146</ns3:hr>
            <ns3:cad>81</ns3:cad>
          </ns3:TrackPointExtension>
        </extensions>
      </trkpt>
      <trkpt lat="23.04985444061458110809326171875" lon="113.319897316396236419677734375">
        <ele>6</ele>
        <time>2026-08-24T23:07:05.000Z</time>
        <extensions>
          <ns3:TrackPointExtension>
            <ns3:hr>145</ns3:hr>
            <ns3:cad>81</ns3:cad>
          </ns3:TrackPointExtension>
        </extensions>
      </trkpt>
      <trkpt lat="23.0498560331761837005615234375" lon="113.31987577490508556365966796875">
        <ele>6</ele>
        <time>2026-08-24T23:07:06.000Z</time>
        <extensions>
          <ns3:TrackPointExtension>
            <ns3:hr>145</ns3:hr>
            <ns3:cad>81</ns3:cad>
          </ns3:TrackPointExtension>
        </extensions>
      </trkpt>
      <trkpt lat="23.04986282251775264739990234375" lon="113.3198478631675243377685546875">
        <ele>6</ele>
        <time>2026-08-24T23:07:07.000Z</time>
        <extensions>
          <ns3:TrackPointExtension>
            <ns3:hr>146</ns3:hr>
            <ns3:cad>80</ns3:cad>
          </ns3:TrackPointExtension>
        </extensions>
      </trkpt>
      <trkpt lat="23.04985427297651767730712890625" lon="113.31983202137053012847900390625">
        <ele>6</ele>
        <time>2026-08-24T23:07:08.000Z</time>
        <extensions>
          <ns3:TrackPointExtension>
            <ns3:hr>145</ns3:hr>
            <ns3:cad>81</ns3:cad>
          </ns3:TrackPointExtension>
        </extensions>
      </trkpt>
      <trkpt lat="23.04985377006232738494873046875" lon="113.3198046125471591949462890625">
        <ele>5.80000019073486328125</ele>
        <time>2026-08-24T23:07:09.000Z</time>
        <extensions>
          <ns3:TrackPointExtension>
            <ns3:hr>145</ns3:hr>
            <ns3:cad>81</ns3:cad>
          </ns3:TrackPointExtension>
        </extensions>
      </trkpt>
      <trkpt lat="23.04986030794680118560791015625" lon="113.319775946438312530517578125">
        <ele>5.80000019073486328125</ele>
        <time>2026-08-24T23:07:10.000Z</time>
        <extensions>
          <ns3:TrackPointExtension>
            <ns3:hr>145</ns3:hr>
            <ns3:cad>81</ns3:cad>
          </ns3:TrackPointExtension>
        </extensions>
      </trkpt>
      <trkpt lat="23.0498520098626613616943359375" lon="113.31975608132779598236083984375">
        <ele>5.80000019073486328125</ele>
        <time>2026-08-24T23:07:11.000Z</time>
        <extensions>
          <ns3:TrackPointExtension>
            <ns3:hr>146</ns3:hr>
            <ns3:cad>81</ns3:cad>
          </ns3:TrackPointExtension>
        </extensions>
      </trkpt>
      <trkpt lat="23.049855865538120269775390625" lon="113.319729678332805633544921875">
        <ele>5.80000019073486328125</ele>
        <time>2026-08-24T23:07:12.000Z</time>
        <extensions>
          <ns3:TrackPointExtension>
            <ns3:hr>145</ns3:hr>
            <ns3:cad>81</ns3:cad>
          </ns3:TrackPointExtension>
        </extensions>
      </trkpt>
      <trkpt lat="23.049859888851642608642578125" lon="113.319705538451671600341796875">
        <ele>6</ele>
        <time>2026-08-24T23:07:13.000Z</time>
        <extensions>
          <ns3:TrackPointExtension>
            <ns3:hr>145</ns3:hr>
            <ns3:cad>81</ns3:cad>
          </ns3:TrackPointExtension>
        </extensions>
      </trkpt>
      <trkpt lat="23.04985645227134227752685546875" lon="113.3196849189698696136474609375">
        <ele>6</ele>
        <time>2026-08-24T23:07:14.000Z</time>
        <extensions>
          <ns3:TrackPointExtension>
            <ns3:hr>146</ns3:hr>
            <ns3:cad>81</ns3:cad>
          </ns3:TrackPointExtension>
        </extensions>
      </trkpt>
      <trkpt lat="23.04985946975648403167724609375" lon="113.3196517266333103179931640625">
        <ele>6</ele>
        <time>2026-08-24T23:07:15.000Z</time>
        <extensions>
          <ns3:TrackPointExtension>
            <ns3:hr>145</ns3:hr>
            <ns3:cad>81</ns3:cad>
          </ns3:TrackPointExtension>
        </extensions>
      </trkpt>
      <trkpt lat="23.04986097849905490875244140625" lon="113.3196334540843963623046875">
        <ele>6</ele>
        <time>2026-08-24T23:07:16.000Z</time>
        <extensions>
          <ns3:TrackPointExtension>
            <ns3:hr>145</ns3:hr>
            <ns3:cad>81</ns3:cad>
          </ns3:TrackPointExtension>
        </extensions>
      </trkpt>
      <trkpt lat="23.049855865538120269775390625" lon="113.31961308605968952178955078125">
        <ele>6</ele>
        <time>2026-08-24T23:07:17.000Z</time>
        <extensions>
          <ns3:TrackPointExtension>
            <ns3:hr>145</ns3:hr>
            <ns3:cad>81</ns3:cad>
          </ns3:TrackPointExtension>
        </extensions>
      </trkpt>
      <trkpt lat="23.04986349307000637054443359375" lon="113.31958777271211147308349609375">
        <ele>5.80000019073486328125</ele>
        <time>2026-08-24T23:07:18.000Z</time>
        <extensions>
          <ns3:TrackPointExtension>
            <ns3:hr>146</ns3:hr>
            <ns3:cad>81</ns3:cad>
          </ns3:TrackPointExtension>
        </extensions>
      </trkpt>
      <trkpt lat="23.04987254552543163299560546875" lon="113.319569416344165802001953125">
        <ele>5.80000019073486328125</ele>
        <time>2026-08-24T23:07:19.000Z</time>
        <extensions>
          <ns3:TrackPointExtension>
            <ns3:hr>145</ns3:hr>
            <ns3:cad>81</ns3:cad>
          </ns3:TrackPointExtension>
        </extensions>
      </trkpt>
      <trkpt lat="23.04986919276416301727294921875" lon="113.319544605910778045654296875">
        <ele>5.80000019073486328125</ele>
        <time>2026-08-24T23:07:20.000Z</time>
        <extensions>
          <ns3:TrackPointExtension>
            <ns3:hr>145</ns3:hr>
            <ns3:cad>81</ns3:cad>
          </ns3:TrackPointExtension>
        </extensions>
      </trkpt>
      <trkpt lat="23.049876987934112548828125" lon="113.3195125870406627655029296875">
        <ele>5.80000019073486328125</ele>
        <time>2026-08-24T23:07:21.000Z</time>
        <extensions>
          <ns3:TrackPointExtension>
            <ns3:hr>145</ns3:hr>
            <ns3:cad>81</ns3:cad>
          </ns3:TrackPointExtension>
        </extensions>
      </trkpt>
      <trkpt lat="23.04987757466733455657958984375" lon="113.3194921351969242095947265625">
        <ele>6</ele>
        <time>2026-08-24T23:07:22.000Z</time>
        <extensions>
          <ns3:TrackPointExtension>
            <ns3:hr>145</ns3:hr>
            <ns3:cad>81</ns3:cad>
          </ns3:TrackPointExtension>
        </extensions>
      </trkpt>
      <trkpt lat="23.049875982105731964111328125" lon="113.3194713480770587921142578125">
        <ele>6.19999980926513671875</ele>
        <time>2026-08-24T23:07:23.000Z</time>
        <extensions>
          <ns3:TrackPointExtension>
            <ns3:hr>144</ns3:hr>
            <ns3:cad>80</ns3:cad>
          </ns3:TrackPointExtension>
        </extensions>
      </trkpt>
      <trkpt lat="23.049882017076015472412109375" lon="113.3194508962333202362060546875">
        <ele>6.19999980926513671875</ele>
        <time>2026-08-24T23:07:24.000Z</time>
        <extensions>
          <ns3:TrackPointExtension>
            <ns3:hr>144</ns3:hr>
            <ns3:cad>80</ns3:cad>
          </ns3:TrackPointExtension>
        </extensions>
      </trkpt>
      <trkpt lat="23.0498810112476348876953125" lon="113.31943371333181858062744140625">
        <ele>6.400000095367431640625</ele>
        <time>2026-08-24T23:07:25.000Z</time>
        <extensions>
          <ns3:TrackPointExtension>
            <ns3:hr>144</ns3:hr>
            <ns3:cad>81</ns3:cad>
          </ns3:TrackPointExtension>
        </extensions>
      </trkpt>
      <trkpt lat="23.04987807758152484893798828125" lon="113.3194143511354923248291015625">
        <ele>6.400000095367431640625</ele>
        <time>2026-08-24T23:07:26.000Z</time>
        <extensions>
          <ns3:TrackPointExtension>
            <ns3:hr>144</ns3:hr>
            <ns3:cad>81</ns3:cad>
          </ns3:TrackPointExtension>
        </extensions>
      </trkpt>
      <trkpt lat="23.0498818494379520416259765625" lon="113.319395072758197784423828125">
        <ele>6.400000095367431640625</ele>
        <time>2026-08-24T23:07:27.000Z</time>
        <extensions>
          <ns3:TrackPointExtension>
            <ns3:hr>144</ns3:hr>
            <ns3:cad>81</ns3:cad>
          </ns3:TrackPointExtension>
        </extensions>
      </trkpt>
      <trkpt lat="23.04987975396215915679931640625" lon="113.31937688402831554412841796875">
        <ele>6.19999980926513671875</ele>
        <time>2026-08-24T23:07:28.000Z</time>
        <extensions>
          <ns3:TrackPointExtension>
            <ns3:hr>143</ns3:hr>
            <ns3:cad>80</ns3:cad>
          </ns3:TrackPointExtension>
        </extensions>
      </trkpt>
      <trkpt lat="23.0498808436095714569091796875" lon="113.31935693509876728057861328125">
        <ele>6.19999980926513671875</ele>
        <time>2026-08-24T23:07:29.000Z</time>
        <extensions>
          <ns3:TrackPointExtension>
            <ns3:hr>143</ns3:hr>
            <ns3:cad>80</ns3:cad>
          </ns3:TrackPointExtension>
        </extensions>
      </trkpt>
      <trkpt lat="23.049887381494045257568359375" lon="113.3193369023501873016357421875">
        <ele>6.19999980926513671875</ele>
        <time>2026-08-24T23:07:30.000Z</time>
        <extensions>
          <ns3:TrackPointExtension>
            <ns3:hr>143</ns3:hr>
            <ns3:cad>81</ns3:cad>
          </ns3:TrackPointExtension>
        </extensions>
      </trkpt>
      <trkpt lat="23.049887716770172119140625" lon="113.319316618144512176513671875">
        <ele>6.19999980926513671875</ele>
        <time>2026-08-24T23:07:31.000Z</time>
        <extensions>
          <ns3:TrackPointExtension>
            <ns3:hr>143</ns3:hr>
            <ns3:cad>81</ns3:cad>
          </ns3:TrackPointExtension>
        </extensions>
      </trkpt>
      <trkpt lat="23.04989282973110675811767578125" lon="113.3192926459014415740966796875">
        <ele>6.19999980926513671875</ele>
        <time>2026-08-24T23:07:32.000Z</time>
        <extensions>
          <ns3:TrackPointExtension>
            <ns3:hr>143</ns3:hr>
            <ns3:cad>80</ns3:cad>
          </ns3:TrackPointExtension>
        </extensions>
      </trkpt>
      <trkpt lat="23.04989509284496307373046875" lon="113.31927764229476451873779296875">
        <ele>6.19999980926513671875</ele>
        <time>2026-08-24T23:07:33.000Z</time>
        <extensions>
          <ns3:TrackPointExtension>
            <ns3:hr>143</ns3:hr>
            <ns3:cad>80</ns3:cad>
          </ns3:TrackPointExtension>
        </extensions>
      </trkpt>
      <trkpt lat="23.04989366792142391204833984375" lon="113.31925752572715282440185546875">
        <ele>6.19999980926513671875</ele>
        <time>2026-08-24T23:07:34.000Z</time>
        <extensions>
          <ns3:TrackPointExtension>
            <ns3:hr>143</ns3:hr>
            <ns3:cad>80</ns3:cad>
          </ns3:TrackPointExtension>
        </extensions>
      </trkpt>
      <trkpt lat="23.0498992837965488433837890625" lon="113.31922668032348155975341796875">
        <ele>6.19999980926513671875</ele>
        <time>2026-08-24T23:07:35.000Z</time>
        <extensions>
          <ns3:TrackPointExtension>
            <ns3:hr>143</ns3:hr>
            <ns3:cad>81</ns3:cad>
          </ns3:TrackPointExtension>
        </extensions>
      </trkpt>
      <trkpt lat="23.04990045726299285888671875" lon="113.319212011992931365966796875">
        <ele>6</ele>
        <time>2026-08-24T23:07:36.000Z</time>
        <extensions>
          <ns3:TrackPointExtension>
            <ns3:hr>144</ns3:hr>
            <ns3:cad>81</ns3:cad>
          </ns3:TrackPointExtension>
        </extensions>
      </trkpt>
      <trkpt lat="23.04990657605230808258056640625" lon="113.31918728537857532501220703125">
        <ele>6</ele>
        <time>2026-08-24T23:07:37.000Z</time>
        <extensions>
          <ns3:TrackPointExtension>
            <ns3:hr>144</ns3:hr>
            <ns3:cad>81</ns3:cad>
          </ns3:TrackPointExtension>
        </extensions>
      </trkpt>
      <trkpt lat="23.0499110184609889984130859375" lon="113.31916607916355133056640625">
        <ele>6</ele>
        <time>2026-08-24T23:07:38.000Z</time>
        <extensions>
          <ns3:TrackPointExtension>
            <ns3:hr>144</ns3:hr>
            <ns3:cad>80</ns3:cad>
          </ns3:TrackPointExtension>
        </extensions>
      </trkpt>
      <trkpt lat="23.04991445504128932952880859375" lon="113.31914889626204967498779296875">
        <ele>6</ele>
        <time>2026-08-24T23:07:39.000Z</time>
        <extensions>
          <ns3:TrackPointExtension>
            <ns3:hr>143</ns3:hr>
            <ns3:cad>80</ns3:cad>
          </ns3:TrackPointExtension>
        </extensions>
      </trkpt>
      <trkpt lat="23.0499143712222576141357421875" lon="113.319130204617977142333984375">
        <ele>6</ele>
        <time>2026-08-24T23:07:40.000Z</time>
        <extensions>
          <ns3:TrackPointExtension>
            <ns3:hr>143</ns3:hr>
            <ns3:cad>80</ns3:cad>
          </ns3:TrackPointExtension>
        </extensions>
      </trkpt>
      <trkpt lat="23.04991562850773334503173828125" lon="113.31910396926105022430419921875">
        <ele>6</ele>
        <time>2026-08-24T23:07:41.000Z</time>
        <extensions>
          <ns3:TrackPointExtension>
            <ns3:hr>144</ns3:hr>
            <ns3:cad>81</ns3:cad>
          </ns3:TrackPointExtension>
        </extensions>
      </trkpt>
      <trkpt lat="23.0499153770506381988525390625" lon="113.3190901391208171844482421875">
        <ele>6</ele>
        <time>2026-08-24T23:07:42.000Z</time>
        <extensions>
          <ns3:TrackPointExtension>
            <ns3:hr>144</ns3:hr>
            <ns3:cad>81</ns3:cad>
          </ns3:TrackPointExtension>
        </extensions>
      </trkpt>
      <trkpt lat="23.04991696961224079132080078125" lon="113.31906641833484172821044921875">
        <ele>6</ele>
        <time>2026-08-24T23:07:43.000Z</time>
        <extensions>
          <ns3:TrackPointExtension>
            <ns3:hr>144</ns3:hr>
            <ns3:cad>81</ns3:cad>
          </ns3:TrackPointExtension>
        </extensions>
      </trkpt>
      <trkpt lat="23.0499212443828582763671875" lon="113.31904127262532711029052734375">
        <ele>6</ele>
        <time>2026-08-24T23:07:44.000Z</time>
        <extensions>
          <ns3:TrackPointExtension>
            <ns3:hr>143</ns3:hr>
            <ns3:cad>81</ns3:cad>
          </ns3:TrackPointExtension>
        </extensions>
      </trkpt>
      <trkpt lat="23.0499150417745113372802734375" lon="113.3190281130373477935791015625">
        <ele>6</ele>
        <time>2026-08-24T23:07:45.000Z</time>
        <extensions>
          <ns3:TrackPointExtension>
            <ns3:hr>144</ns3:hr>
            <ns3:cad>81</ns3:cad>
          </ns3:TrackPointExtension>
        </extensions>
      </trkpt>
      <trkpt lat="23.04991344921290874481201171875" lon="113.31900439225137233734130859375">
        <ele>6</ele>
        <time>2026-08-24T23:07:46.000Z</time>
        <extensions>
          <ns3:TrackPointExtension>
            <ns3:hr>144</ns3:hr>
            <ns3:cad>81</ns3:cad>
          </ns3:TrackPointExtension>
        </extensions>
      </trkpt>
      <trkpt lat="23.04992199875414371490478515625" lon="113.31898368895053863525390625">
        <ele>6</ele>
        <time>2026-08-24T23:07:47.000Z</time>
        <extensions>
          <ns3:TrackPointExtension>
            <ns3:hr>143</ns3:hr>
            <ns3:cad>81</ns3:cad>
          </ns3:TrackPointExtension>
        </extensions>
      </trkpt>
      <trkpt lat="23.04992551915347576141357421875" lon="113.3189629018306732177734375">
        <ele>6</ele>
        <time>2026-08-24T23:07:48.000Z</time>
        <extensions>
          <ns3:TrackPointExtension>
            <ns3:hr>144</ns3:hr>
            <ns3:cad>80</ns3:cad>
          </ns3:TrackPointExtension>
        </extensions>
      </trkpt>
      <trkpt lat="23.04993406869471073150634765625" lon="113.31893029622733592987060546875">
        <ele>6</ele>
        <time>2026-08-24T23:07:49.000Z</time>
        <extensions>
          <ns3:TrackPointExtension>
            <ns3:hr>143</ns3:hr>
            <ns3:cad>80</ns3:cad>
          </ns3:TrackPointExtension>
        </extensions>
      </trkpt>
      <trkpt lat="23.04993909783661365509033203125" lon="113.3189090900123119354248046875">
        <ele>6</ele>
        <time>2026-08-24T23:07:50.000Z</time>
        <extensions>
          <ns3:TrackPointExtension>
            <ns3:hr>143</ns3:hr>
            <ns3:cad>80</ns3:cad>
          </ns3:TrackPointExtension>
        </extensions>
      </trkpt>
      <trkpt lat="23.04994043894112110137939453125" lon="113.31888587214052677154541015625">
        <ele>6</ele>
        <time>2026-08-24T23:07:51.000Z</time>
        <extensions>
          <ns3:TrackPointExtension>
            <ns3:hr>143</ns3:hr>
            <ns3:cad>81</ns3:cad>
          </ns3:TrackPointExtension>
        </extensions>
      </trkpt>
      <trkpt lat="23.04994739592075347900390625" lon="113.31885402090847492218017578125">
        <ele>6</ele>
        <time>2026-08-24T23:07:52.000Z</time>
        <extensions>
          <ns3:TrackPointExtension>
            <ns3:hr>143</ns3:hr>
            <ns3:cad>81</ns3:cad>
          </ns3:TrackPointExtension>
        </extensions>
      </trkpt>
      <trkpt lat="23.0499507486820220947265625" lon="113.31883876584470272064208984375">
        <ele>6</ele>
        <time>2026-08-24T23:07:53.000Z</time>
        <extensions>
          <ns3:TrackPointExtension>
            <ns3:hr>142</ns3:hr>
            <ns3:cad>80</ns3:cad>
          </ns3:TrackPointExtension>
        </extensions>
      </trkpt>
      <trkpt lat="23.04995200596749782562255859375" lon="113.31881697289645671844482421875">
        <ele>6</ele>
        <time>2026-08-24T23:07:54.000Z</time>
        <extensions>
          <ns3:TrackPointExtension>
            <ns3:hr>143</ns3:hr>
            <ns3:cad>80</ns3:cad>
          </ns3:TrackPointExtension>
        </extensions>
      </trkpt>
      <trkpt lat="23.04996483027935028076171875" lon="113.31879149191081523895263671875">
        <ele>5.80000019073486328125</ele>
        <time>2026-08-24T23:07:55.000Z</time>
        <extensions>
          <ns3:TrackPointExtension>
            <ns3:hr>143</ns3:hr>
            <ns3:cad>80</ns3:cad>
          </ns3:TrackPointExtension>
        </extensions>
      </trkpt>
      <trkpt lat="23.04996944032609462738037109375" lon="113.318766765296459197998046875">
        <ele>5.80000019073486328125</ele>
        <time>2026-08-24T23:07:56.000Z</time>
        <extensions>
          <ns3:TrackPointExtension>
            <ns3:hr>143</ns3:hr>
            <ns3:cad>80</ns3:cad>
          </ns3:TrackPointExtension>
        </extensions>
      </trkpt>
      <trkpt lat="23.0499717034399509429931640625" lon="113.31874270923435688018798828125">
        <ele>5.80000019073486328125</ele>
        <time>2026-08-24T23:07:57.000Z</time>
        <extensions>
          <ns3:TrackPointExtension>
            <ns3:hr>142</ns3:hr>
            <ns3:cad>81</ns3:cad>
          </ns3:TrackPointExtension>
        </extensions>
      </trkpt>
      <trkpt lat="23.04998436011373996734619140625" lon="113.3187179826200008392333984375">
        <ele>5.80000019073486328125</ele>
        <time>2026-08-24T23:07:58.000Z</time>
        <extensions>
          <ns3:TrackPointExtension>
            <ns3:hr>143</ns3:hr>
            <ns3:cad>81</ns3:cad>
          </ns3:TrackPointExtension>
        </extensions>
      </trkpt>
      <trkpt lat="23.04998503066599369049072265625" lon="113.31870716996490955352783203125">
        <ele>5.80000019073486328125</ele>
        <time>2026-08-24T23:07:59.000Z</time>
        <extensions>
          <ns3:TrackPointExtension>
            <ns3:hr>143</ns3:hr>
            <ns3:cad>81</ns3:cad>
          </ns3:TrackPointExtension>
        </extensions>
      </trkpt>
      <trkpt lat="23.04999374784529209136962890625" lon="113.318682610988616943359375">
        <ele>6</ele>
        <time>2026-08-24T23:08:00.000Z</time>
        <extensions>
          <ns3:TrackPointExtension>
            <ns3:hr>142</ns3:hr>
            <ns3:cad>81</ns3:cad>
          </ns3:TrackPointExtension>
        </extensions>
      </trkpt>
      <trkpt lat="23.050005733966827392578125" lon="113.3186606504023075103759765625">
        <ele>6</ele>
        <time>2026-08-24T23:08:01.000Z</time>
        <extensions>
          <ns3:TrackPointExtension>
            <ns3:hr>143</ns3:hr>
            <ns3:cad>81</ns3:cad>
          </ns3:TrackPointExtension>
        </extensions>
      </trkpt>
      <trkpt lat="23.05000447668135166168212890625" lon="113.3186428807675838470458984375">
        <ele>6</ele>
        <time>2026-08-24T23:08:02.000Z</time>
        <extensions>
          <ns3:TrackPointExtension>
            <ns3:hr>143</ns3:hr>
            <ns3:cad>81</ns3:cad>
          </ns3:TrackPointExtension>
        </extensions>
      </trkpt>
      <trkpt lat="23.0500119365751743316650390625" lon="113.31860817968845367431640625">
        <ele>6</ele>
        <time>2026-08-24T23:08:03.000Z</time>
        <extensions>
          <ns3:TrackPointExtension>
            <ns3:hr>143</ns3:hr>
            <ns3:cad>82</ns3:cad>
          </ns3:TrackPointExtension>
        </extensions>
      </trkpt>
      <trkpt lat="23.05001470260322093963623046875" lon="113.3185889013111591339111328125">
        <ele>6.19999980926513671875</ele>
        <time>2026-08-24T23:08:04.000Z</time>
        <extensions>
          <ns3:TrackPointExtension>
            <ns3:hr>142</ns3:hr>
            <ns3:cad>82</ns3:cad>
          </ns3:TrackPointExtension>
        </extensions>
      </trkpt>
      <trkpt lat="23.0500070750713348388671875" lon="113.3185681141912937164306640625">
        <ele>6.19999980926513671875</ele>
        <time>2026-08-24T23:08:05.000Z</time>
        <extensions>
          <ns3:TrackPointExtension>
            <ns3:hr>143</ns3:hr>
            <ns3:cad>82</ns3:cad>
          </ns3:TrackPointExtension>
        </extensions>
      </trkpt>
      <trkpt lat="23.050013445317745208740234375" lon="113.31853768788278102874755859375">
        <ele>6</ele>
        <time>2026-08-24T23:08:06.000Z</time>
        <extensions>
          <ns3:TrackPointExtension>
            <ns3:hr>143</ns3:hr>
            <ns3:cad>81</ns3:cad>
          </ns3:TrackPointExtension>
        </extensions>
      </trkpt>
      <trkpt lat="23.05001587606966495513916015625" lon="113.3185251988470554351806640625">
        <ele>6</ele>
        <time>2026-08-24T23:08:07.000Z</time>
        <extensions>
          <ns3:TrackPointExtension>
            <ns3:hr>142</ns3:hr>
            <ns3:cad>81</ns3:cad>
          </ns3:TrackPointExtension>
        </extensions>
      </trkpt>
      <trkpt lat="23.05001939646899700164794921875" lon="113.31850432790815830230712890625">
        <ele>5.80000019073486328125</ele>
        <time>2026-08-24T23:08:08.000Z</time>
        <extensions>
          <ns3:TrackPointExtension>
            <ns3:hr>142</ns3:hr>
            <ns3:cad>80</ns3:cad>
          </ns3:TrackPointExtension>
        </extensions>
      </trkpt>
      <trkpt lat="23.0500303767621517181396484375" lon="113.31847465597093105316162109375">
        <ele>5.80000019073486328125</ele>
        <time>2026-08-24T23:08:09.000Z</time>
        <extensions>
          <ns3:TrackPointExtension>
            <ns3:hr>142</ns3:hr>
            <ns3:cad>80</ns3:cad>
          </ns3:TrackPointExtension>
        </extensions>
      </trkpt>
      <trkpt lat="23.05003565736114978790283203125" lon="113.318461664021015167236328125">
        <ele>5.80000019073486328125</ele>
        <time>2026-08-24T23:08:10.000Z</time>
        <extensions>
          <ns3:TrackPointExtension>
            <ns3:hr>142</ns3:hr>
            <ns3:cad>80</ns3:cad>
          </ns3:TrackPointExtension>
        </extensions>
      </trkpt>
      <trkpt lat="23.05003984831273555755615234375" lon="113.3184363506734371185302734375">
        <ele>5.80000019073486328125</ele>
        <time>2026-08-24T23:08:11.000Z</time>
        <extensions>
          <ns3:TrackPointExtension>
            <ns3:hr>141</ns3:hr>
            <ns3:cad>81</ns3:cad>
          </ns3:TrackPointExtension>
        </extensions>
      </trkpt>
      <trkpt lat="23.05005040951073169708251953125" lon="113.31841514445841312408447265625">
        <ele>5.80000019073486328125</ele>
        <time>2026-08-24T23:08:12.000Z</time>
        <extensions>
          <ns3:TrackPointExtension>
            <ns3:hr>141</ns3:hr>
            <ns3:cad>81</ns3:cad>
          </ns3:TrackPointExtension>
        </extensions>
      </trkpt>
      <trkpt lat="23.0500437878072261810302734375" lon="113.3184038288891315460205078125">
        <ele>5.80000019073486328125</ele>
        <time>2026-08-24T23:08:13.000Z</time>
        <extensions>
          <ns3:TrackPointExtension>
            <ns3:hr>141</ns3:hr>
            <ns3:cad>81</ns3:cad>
          </ns3:TrackPointExtension>
        </extensions>
      </trkpt>
      <trkpt lat="23.05004236288368701934814453125" lon="113.3183790184557437896728515625">
        <ele>6</ele>
        <time>2026-08-24T23:08:14.000Z</time>
        <extensions>
          <ns3:TrackPointExtension>
            <ns3:hr>141</ns3:hr>
            <ns3:cad>81</ns3:cad>
          </ns3:TrackPointExtension>
        </extensions>
      </trkpt>
      <trkpt lat="23.05005392991006374359130859375" lon="113.3183582313358783721923828125">
        <ele>6</ele>
        <time>2026-08-24T23:08:15.000Z</time>
        <extensions>
          <ns3:TrackPointExtension>
            <ns3:hr>141</ns3:hr>
            <ns3:cad>81</ns3:cad>
          </ns3:TrackPointExtension>
        </extensions>
      </trkpt>
      <trkpt lat="23.0500498227775096893310546875" lon="113.3183340914547443389892578125">
        <ele>6</ele>
        <time>2026-08-24T23:08:16.000Z</time>
        <extensions>
          <ns3:TrackPointExtension>
            <ns3:hr>140</ns3:hr>
            <ns3:cad>81</ns3:cad>
          </ns3:TrackPointExtension>
        </extensions>
      </trkpt>
      <trkpt lat="23.0500531755387783050537109375" lon="113.31830936484038829803466796875">
        <ele>6</ele>
        <time>2026-08-24T23:08:17.000Z</time>
        <extensions>
          <ns3:TrackPointExtension>
            <ns3:hr>141</ns3:hr>
            <ns3:cad>81</ns3:cad>
          </ns3:TrackPointExtension>
        </extensions>
      </trkpt>
      <trkpt lat="23.05005895905196666717529296875" lon="113.3182896673679351806640625">
        <ele>6</ele>
        <time>2026-08-24T23:08:18.000Z</time>
        <extensions>
          <ns3:TrackPointExtension>
            <ns3:hr>141</ns3:hr>
            <ns3:cad>81</ns3:cad>
          </ns3:TrackPointExtension>
        </extensions>
      </trkpt>
      <trkpt lat="23.05005736649036407470703125" lon="113.31827265210449695587158203125">
        <ele>6</ele>
        <time>2026-08-24T23:08:19.000Z</time>
        <extensions>
          <ns3:TrackPointExtension>
            <ns3:hr>141</ns3:hr>
            <ns3:cad>81</ns3:cad>
          </ns3:TrackPointExtension>
        </extensions>
      </trkpt>
      <trkpt lat="23.0500632338225841522216796875" lon="113.31824298016726970672607421875">
        <ele>6</ele>
        <time>2026-08-24T23:08:20.000Z</time>
        <extensions>
          <ns3:TrackPointExtension>
            <ns3:hr>141</ns3:hr>
            <ns3:cad>80</ns3:cad>
          </ns3:TrackPointExtension>
        </extensions>
      </trkpt>
      <trkpt lat="23.05006449110805988311767578125" lon="113.31822487525641918182373046875">
        <ele>6</ele>
        <time>2026-08-24T23:08:21.000Z</time>
        <extensions>
          <ns3:TrackPointExtension>
            <ns3:hr>141</ns3:hr>
            <ns3:cad>80</ns3:cad>
          </ns3:TrackPointExtension>
        </extensions>
      </trkpt>
      <trkpt lat="23.05006407201290130615234375" lon="113.3182016573846340179443359375">
        <ele>5.80000019073486328125</ele>
        <time>2026-08-24T23:08:22.000Z</time>
        <extensions>
          <ns3:TrackPointExtension>
            <ns3:hr>141</ns3:hr>
            <ns3:cad>81</ns3:cad>
          </ns3:TrackPointExtension>
        </extensions>
      </trkpt>
      <trkpt lat="23.05006407201290130615234375" lon="113.3181688003242015838623046875">
        <ele>5.80000019073486328125</ele>
        <time>2026-08-24T23:08:23.000Z</time>
        <extensions>
          <ns3:TrackPointExtension>
            <ns3:hr>141</ns3:hr>
            <ns3:cad>81</ns3:cad>
          </ns3:TrackPointExtension>
        </extensions>
      </trkpt>
      <trkpt lat="23.05006415583193302154541015625" lon="113.31815245561301708221435546875">
        <ele>5.80000019073486328125</ele>
        <time>2026-08-24T23:08:24.000Z</time>
        <extensions>
          <ns3:TrackPointExtension>
            <ns3:hr>141</ns3:hr>
            <ns3:cad>81</ns3:cad>
          </ns3:TrackPointExtension>
        </extensions>
      </trkpt>
      <trkpt lat="23.05006013251841068267822265625" lon="113.31813074648380279541015625">
        <ele>5.80000019073486328125</ele>
        <time>2026-08-24T23:08:25.000Z</time>
        <extensions>
          <ns3:TrackPointExtension>
            <ns3:hr>141</ns3:hr>
            <ns3:cad>81</ns3:cad>
          </ns3:TrackPointExtension>
        </extensions>
      </trkpt>
      <trkpt lat="23.0500669218599796295166015625" lon="113.3180992305278778076171875">
        <ele>5.80000019073486328125</ele>
        <time>2026-08-24T23:08:26.000Z</time>
        <extensions>
          <ns3:TrackPointExtension>
            <ns3:hr>141</ns3:hr>
            <ns3:cad>81</ns3:cad>
          </ns3:TrackPointExtension>
        </extensions>
      </trkpt>
      <trkpt lat="23.05007136426866054534912109375" lon="113.31808540038764476776123046875">
        <ele>5.80000019073486328125</ele>
        <time>2026-08-24T23:08:27.000Z</time>
        <extensions>
          <ns3:TrackPointExtension>
            <ns3:hr>141</ns3:hr>
            <ns3:cad>81</ns3:cad>
          </ns3:TrackPointExtension>
        </extensions>
      </trkpt>
      <trkpt lat="23.05007723160088062286376953125" lon="113.318058662116527557373046875">
        <ele>5.80000019073486328125</ele>
        <time>2026-08-24T23:08:28.000Z</time>
        <extensions>
          <ns3:TrackPointExtension>
            <ns3:hr>141</ns3:hr>
            <ns3:cad>81</ns3:cad>
          </ns3:TrackPointExtension>
        </extensions>
      </trkpt>
      <trkpt lat="23.0500766448676586151123046875" lon="113.31802773289382457733154296875">
        <ele>5.80000019073486328125</ele>
        <time>2026-08-24T23:08:29.000Z</time>
        <extensions>
          <ns3:TrackPointExtension>
            <ns3:hr>141</ns3:hr>
            <ns3:cad>81</ns3:cad>
          </ns3:TrackPointExtension>
        </extensions>
      </trkpt>
      <trkpt lat="23.05008108727633953094482421875" lon="113.3180125616490840911865234375">
        <ele>5.80000019073486328125</ele>
        <time>2026-08-24T23:08:30.000Z</time>
        <extensions>
          <ns3:TrackPointExtension>
            <ns3:hr>141</ns3:hr>
            <ns3:cad>80</ns3:cad>
          </ns3:TrackPointExtension>
        </extensions>
      </trkpt>
      <trkpt lat="23.05008016526699066162109375" lon="113.3179907687008380889892578125">
        <ele>5.80000019073486328125</ele>
        <time>2026-08-24T23:08:31.000Z</time>
        <extensions>
          <ns3:TrackPointExtension>
            <ns3:hr>141</ns3:hr>
            <ns3:cad>80</ns3:cad>
          </ns3:TrackPointExtension>
        </extensions>
      </trkpt>
      <trkpt lat="23.05008728988468647003173828125" lon="113.317961432039737701416015625">
        <ele>5.80000019073486328125</ele>
        <time>2026-08-24T23:08:32.000Z</time>
        <extensions>
          <ns3:TrackPointExtension>
            <ns3:hr>141</ns3:hr>
            <ns3:cad>81</ns3:cad>
          </ns3:TrackPointExtension>
        </extensions>
      </trkpt>
      <trkpt lat="23.05008728988468647003173828125" lon="113.317946009337902069091796875">
        <ele>5.80000019073486328125</ele>
        <time>2026-08-24T23:08:33.000Z</time>
        <extensions>
          <ns3:TrackPointExtension>
            <ns3:hr>141</ns3:hr>
            <ns3:cad>81</ns3:cad>
          </ns3:TrackPointExtension>
        </extensions>
      </trkpt>
      <trkpt lat="23.0500907264649868011474609375" lon="113.317921869456768035888671875">
        <ele>5.80000019073486328125</ele>
        <time>2026-08-24T23:08:34.000Z</time>
        <extensions>
          <ns3:TrackPointExtension>
            <ns3:hr>141</ns3:hr>
            <ns3:cad>81</ns3:cad>
          </ns3:TrackPointExtension>
        </extensions>
      </trkpt>
      <trkpt lat="23.0500950850546360015869140625" lon="113.3178989030420780181884765625">
        <ele>5.80000019073486328125</ele>
        <time>2026-08-24T23:08:35.000Z</time>
        <extensions>
          <ns3:TrackPointExtension>
            <ns3:hr>142</ns3:hr>
            <ns3:cad>80</ns3:cad>
          </ns3:TrackPointExtension>
        </extensions>
      </trkpt>
      <trkpt lat="23.05009449832141399383544921875" lon="113.317876271903514862060546875">
        <ele>5.80000019073486328125</ele>
        <time>2026-08-24T23:08:36.000Z</time>
        <extensions>
          <ns3:TrackPointExtension>
            <ns3:hr>143</ns3:hr>
            <ns3:cad>80</ns3:cad>
          </ns3:TrackPointExtension>
        </extensions>
      </trkpt>
      <trkpt lat="23.0500934086740016937255859375" lon="113.317849449813365936279296875">
        <ele>5.80000019073486328125</ele>
        <time>2026-08-24T23:08:37.000Z</time>
        <extensions>
          <ns3:TrackPointExtension>
            <ns3:hr>143</ns3:hr>
            <ns3:cad>80</ns3:cad>
          </ns3:TrackPointExtension>
        </extensions>
      </trkpt>
      <trkpt lat="23.0501004494726657867431640625" lon="113.31782572902739048004150390625">
        <ele>5.80000019073486328125</ele>
        <time>2026-08-24T23:08:38.000Z</time>
        <extensions>
          <ns3:TrackPointExtension>
            <ns3:hr>143</ns3:hr>
            <ns3:cad>80</ns3:cad>
          </ns3:TrackPointExtension>
        </extensions>
      </trkpt>
      <trkpt lat="23.0500970967113971710205078125" lon="113.31780812703073024749755859375">
        <ele>5.80000019073486328125</ele>
        <time>2026-08-24T23:08:39.000Z</time>
        <extensions>
          <ns3:TrackPointExtension>
            <ns3:hr>144</ns3:hr>
            <ns3:cad>81</ns3:cad>
          </ns3:TrackPointExtension>
        </extensions>
      </trkpt>
      <trkpt lat="23.05009818635880947113037109375" lon="113.31777937710285186767578125">
        <ele>5.80000019073486328125</ele>
        <time>2026-08-24T23:08:40.000Z</time>
        <extensions>
          <ns3:TrackPointExtension>
            <ns3:hr>144</ns3:hr>
            <ns3:cad>80</ns3:cad>
          </ns3:TrackPointExtension>
        </extensions>
      </trkpt>
      <trkpt lat="23.05010086856782436370849609375" lon="113.317759595811367034912109375">
        <ele>5.599999904632568359375</ele>
        <time>2026-08-24T23:08:41.000Z</time>
        <extensions>
          <ns3:TrackPointExtension>
            <ns3:hr>144</ns3:hr>
            <ns3:cad>80</ns3:cad>
          </ns3:TrackPointExtension>
        </extensions>
      </trkpt>
      <trkpt lat="23.05010137148201465606689453125" lon="113.31773386336863040924072265625">
        <ele>5.599999904632568359375</ele>
        <time>2026-08-24T23:08:42.000Z</time>
        <extensions>
          <ns3:TrackPointExtension>
            <ns3:hr>144</ns3:hr>
            <ns3:cad>80</ns3:cad>
          </ns3:TrackPointExtension>
        </extensions>
      </trkpt>
      <trkpt lat="23.050099276006221771240234375" lon="113.31770452670753002166748046875">
        <ele>5.599999904632568359375</ele>
        <time>2026-08-24T23:08:43.000Z</time>
        <extensions>
          <ns3:TrackPointExtension>
            <ns3:hr>145</ns3:hr>
            <ns3:cad>81</ns3:cad>
          </ns3:TrackPointExtension>
        </extensions>
      </trkpt>
      <trkpt lat="23.05009625852108001708984375" lon="113.3176920376718044281005859375">
        <ele>5.599999904632568359375</ele>
        <time>2026-08-24T23:08:44.000Z</time>
        <extensions>
          <ns3:TrackPointExtension>
            <ns3:hr>145</ns3:hr>
            <ns3:cad>81</ns3:cad>
          </ns3:TrackPointExtension>
        </extensions>
      </trkpt>
      <trkpt lat="23.0500944145023822784423828125" lon="113.317670412361621856689453125">
        <ele>5.599999904632568359375</ele>
        <time>2026-08-24T23:08:45.000Z</time>
        <extensions>
          <ns3:TrackPointExtension>
            <ns3:hr>145</ns3:hr>
            <ns3:cad>81</ns3:cad>
          </ns3:TrackPointExtension>
        </extensions>
      </trkpt>
      <trkpt lat="23.0500977672636508941650390625" lon="113.31763898022472858428955078125">
        <ele>5.599999904632568359375</ele>
        <time>2026-08-24T23:08:46.000Z</time>
        <extensions>
          <ns3:TrackPointExtension>
            <ns3:hr>145</ns3:hr>
            <ns3:cad>81</ns3:cad>
          </ns3:TrackPointExtension>
        </extensions>
      </trkpt>
      <trkpt lat="23.05009148083627223968505859375" lon="113.3176246471703052520751953125">
        <ele>5.80000019073486328125</ele>
        <time>2026-08-24T23:08:47.000Z</time>
        <extensions>
          <ns3:TrackPointExtension>
            <ns3:hr>144</ns3:hr>
            <ns3:cad>81</ns3:cad>
          </ns3:TrackPointExtension>
        </extensions>
      </trkpt>
      <trkpt lat="23.0500902235507965087890625" lon="113.3176001720130443572998046875">
        <ele>5.80000019073486328125</ele>
        <time>2026-08-24T23:08:48.000Z</time>
        <extensions>
          <ns3:TrackPointExtension>
            <ns3:hr>144</ns3:hr>
            <ns3:cad>81</ns3:cad>
          </ns3:TrackPointExtension>
        </extensions>
      </trkpt>
      <trkpt lat="23.0500924028456211090087890625" lon="113.3175696618854999542236328125">
        <ele>5.80000019073486328125</ele>
        <time>2026-08-24T23:08:49.000Z</time>
        <extensions>
          <ns3:TrackPointExtension>
            <ns3:hr>144</ns3:hr>
            <ns3:cad>81</ns3:cad>
          </ns3:TrackPointExtension>
        </extensions>
      </trkpt>
      <trkpt lat="23.05008879862725734710693359375" lon="113.3175522275269031524658203125">
        <ele>5.80000019073486328125</ele>
        <time>2026-08-24T23:08:50.000Z</time>
        <extensions>
          <ns3:TrackPointExtension>
            <ns3:hr>143</ns3:hr>
            <ns3:cad>81</ns3:cad>
          </ns3:TrackPointExtension>
        </extensions>
      </trkpt>
      <trkpt lat="23.0500875413417816162109375" lon="113.31752515397965908050537109375">
        <ele>5.599999904632568359375</ele>
        <time>2026-08-24T23:08:51.000Z</time>
        <extensions>
          <ns3:TrackPointExtension>
            <ns3:hr>142</ns3:hr>
            <ns3:cad>81</ns3:cad>
          </ns3:TrackPointExtension>
        </extensions>
      </trkpt>
      <trkpt lat="23.050092570483684539794921875" lon="113.3174982480704784393310546875">
        <ele>5.599999904632568359375</ele>
        <time>2026-08-24T23:08:52.000Z</time>
        <extensions>
          <ns3:TrackPointExtension>
            <ns3:hr>141</ns3:hr>
            <ns3:cad>81</ns3:cad>
          </ns3:TrackPointExtension>
        </extensions>
      </trkpt>
      <trkpt lat="23.05008997209370136260986328125" lon="113.317481316626071929931640625">
        <ele>5.599999904632568359375</ele>
        <time>2026-08-24T23:08:53.000Z</time>
        <extensions>
          <ns3:TrackPointExtension>
            <ns3:hr>141</ns3:hr>
            <ns3:cad>81</ns3:cad>
          </ns3:TrackPointExtension>
        </extensions>
      </trkpt>
      <trkpt lat="23.05009282194077968597412109375" lon="113.31745424307882785797119140625">
        <ele>5.599999904632568359375</ele>
        <time>2026-08-24T23:08:54.000Z</time>
        <extensions>
          <ns3:TrackPointExtension>
            <ns3:hr>141</ns3:hr>
            <ns3:cad>81</ns3:cad>
          </ns3:TrackPointExtension>
        </extensions>
      </trkpt>
      <trkpt lat="23.050096929073333740234375" lon="113.317433707416057586669921875">
        <ele>5.599999904632568359375</ele>
        <time>2026-08-24T23:08:55.000Z</time>
        <extensions>
          <ns3:TrackPointExtension>
            <ns3:hr>142</ns3:hr>
            <ns3:cad>81</ns3:cad>
          </ns3:TrackPointExtension>
        </extensions>
      </trkpt>
      <trkpt lat="23.0500957556068897247314453125" lon="113.317412249743938446044921875">
        <ele>5.599999904632568359375</ele>
        <time>2026-08-24T23:08:56.000Z</time>
        <extensions>
          <ns3:TrackPointExtension>
            <ns3:hr>142</ns3:hr>
            <ns3:cad>81</ns3:cad>
          </ns3:TrackPointExtension>
        </extensions>
      </trkpt>
      <trkpt lat="23.05009349249303340911865234375" lon="113.3173859305679798126220703125">
        <ele>5.599999904632568359375</ele>
        <time>2026-08-24T23:08:57.000Z</time>
        <extensions>
          <ns3:TrackPointExtension>
            <ns3:hr>142</ns3:hr>
            <ns3:cad>80</ns3:cad>
          </ns3:TrackPointExtension>
        </extensions>
      </trkpt>
      <trkpt lat="23.0500944145023822784423828125" lon="113.3173656463623046875">
        <ele>5.599999904632568359375</ele>
        <time>2026-08-24T23:08:58.000Z</time>
        <extensions>
          <ns3:TrackPointExtension>
            <ns3:hr>142</ns3:hr>
            <ns3:cad>80</ns3:cad>
          </ns3:TrackPointExtension>
        </extensions>
      </trkpt>
      <trkpt lat="23.05008796043694019317626953125" lon="113.31734326668083667755126953125">
        <ele>5.599999904632568359375</ele>
        <time>2026-08-24T23:08:59.000Z</time>
        <extensions>
          <ns3:TrackPointExtension>
            <ns3:hr>142</ns3:hr>
            <ns3:cad>80</ns3:cad>
          </ns3:TrackPointExtension>
        </extensions>
      </trkpt>
      <trkpt lat="23.050085864961147308349609375" lon="113.31731325946748256683349609375">
        <ele>5.599999904632568359375</ele>
        <time>2026-08-24T23:09:00.000Z</time>
        <extensions>
          <ns3:TrackPointExtension>
            <ns3:hr>141</ns3:hr>
            <ns3:cad>81</ns3:cad>
          </ns3:TrackPointExtension>
        </extensions>
      </trkpt>
      <trkpt lat="23.050083182752132415771484375" lon="113.31729523837566375732421875">
        <ele>5.599999904632568359375</ele>
        <time>2026-08-24T23:09:01.000Z</time>
        <extensions>
          <ns3:TrackPointExtension>
            <ns3:hr>142</ns3:hr>
            <ns3:cad>81</ns3:cad>
          </ns3:TrackPointExtension>
        </extensions>
      </trkpt>
      <trkpt lat="23.05007706396281719207763671875" lon="113.31727285869419574737548828125">
        <ele>5.599999904632568359375</ele>
        <time>2026-08-24T23:09:02.000Z</time>
        <extensions>
          <ns3:TrackPointExtension>
            <ns3:hr>142</ns3:hr>
            <ns3:cad>81</ns3:cad>
          </ns3:TrackPointExtension>
        </extensions>
      </trkpt>
      <trkpt lat="23.05007304064929485321044921875" lon="113.31724536605179309844970703125">
        <ele>5.599999904632568359375</ele>
        <time>2026-08-24T23:09:03.000Z</time>
        <extensions>
          <ns3:TrackPointExtension>
            <ns3:hr>142</ns3:hr>
            <ns3:cad>80</ns3:cad>
          </ns3:TrackPointExtension>
        </extensions>
      </trkpt>
      <trkpt lat="23.0500716157257556915283203125" lon="113.3172248303890228271484375">
        <ele>5.599999904632568359375</ele>
        <time>2026-08-24T23:09:04.000Z</time>
        <extensions>
          <ns3:TrackPointExtension>
            <ns3:hr>142</ns3:hr>
            <ns3:cad>80</ns3:cad>
          </ns3:TrackPointExtension>
        </extensions>
      </trkpt>
      <trkpt lat="23.05007002316415309906005859375" lon="113.31720798276364803314208984375">
        <ele>5.599999904632568359375</ele>
        <time>2026-08-24T23:09:05.000Z</time>
        <extensions>
          <ns3:TrackPointExtension>
            <ns3:hr>142</ns3:hr>
            <ns3:cad>81</ns3:cad>
          </ns3:TrackPointExtension>
        </extensions>
      </trkpt>
      <trkpt lat="23.05007211863994598388671875" lon="113.317185938358306884765625">
        <ele>5.599999904632568359375</ele>
        <time>2026-08-24T23:09:06.000Z</time>
        <extensions>
          <ns3:TrackPointExtension>
            <ns3:hr>142</ns3:hr>
            <ns3:cad>81</ns3:cad>
          </ns3:TrackPointExtension>
        </extensions>
      </trkpt>
      <trkpt lat="23.05006583221256732940673828125" lon="113.3171716891229152679443359375">
        <ele>5.599999904632568359375</ele>
        <time>2026-08-24T23:09:07.000Z</time>
        <extensions>
          <ns3:TrackPointExtension>
            <ns3:hr>142</ns3:hr>
            <ns3:cad>81</ns3:cad>
          </ns3:TrackPointExtension>
        </extensions>
      </trkpt>
      <trkpt lat="23.0500642396509647369384765625" lon="113.31714830361306667327880859375">
        <ele>5.599999904632568359375</ele>
        <time>2026-08-24T23:09:08.000Z</time>
        <extensions>
          <ns3:TrackPointExtension>
            <ns3:hr>143</ns3:hr>
            <ns3:cad>80</ns3:cad>
          </ns3:TrackPointExtension>
        </extensions>
      </trkpt>
      <trkpt lat="23.0500675924122333526611328125" lon="113.31712449900805950164794921875">
        <ele>5.599999904632568359375</ele>
        <time>2026-08-24T23:09:09.000Z</time>
        <extensions>
          <ns3:TrackPointExtension>
            <ns3:hr>142</ns3:hr>
            <ns3:cad>80</ns3:cad>
          </ns3:TrackPointExtension>
        </extensions>
      </trkpt>
      <trkpt lat="23.0500639043748378753662109375" lon="113.31711016595363616943359375">
        <ele>5.599999904632568359375</ele>
        <time>2026-08-24T23:09:10.000Z</time>
        <extensions>
          <ns3:TrackPointExtension>
            <ns3:hr>142</ns3:hr>
            <ns3:cad>80</ns3:cad>
          </ns3:TrackPointExtension>
        </extensions>
      </trkpt>
      <trkpt lat="23.0500588752329349517822265625" lon="113.31708678044378757476806640625">
        <ele>5.599999904632568359375</ele>
        <time>2026-08-24T23:09:11.000Z</time>
        <extensions>
          <ns3:TrackPointExtension>
            <ns3:hr>143</ns3:hr>
            <ns3:cad>81</ns3:cad>
          </ns3:TrackPointExtension>
        </extensions>
      </trkpt>
      <trkpt lat="23.0500558577477931976318359375" lon="113.3170633949339389801025390625">
        <ele>5.599999904632568359375</ele>
        <time>2026-08-24T23:09:12.000Z</time>
        <extensions>
          <ns3:TrackPointExtension>
            <ns3:hr>142</ns3:hr>
            <ns3:cad>81</ns3:cad>
          </ns3:TrackPointExtension>
        </extensions>
      </trkpt>
      <trkpt lat="23.0500451289117336273193359375" lon="113.31704906187951564788818359375">
        <ele>5.599999904632568359375</ele>
        <time>2026-08-24T23:09:13.000Z</time>
        <extensions>
          <ns3:TrackPointExtension>
            <ns3:hr>143</ns3:hr>
            <ns3:cad>81</ns3:cad>
          </ns3:TrackPointExtension>
        </extensions>
      </trkpt>
      <trkpt lat="23.05003196932375431060791015625" lon="113.31702156923711299896240234375">
        <ele>5.400000095367431640625</ele>
        <time>2026-08-24T23:09:14.000Z</time>
        <extensions>
          <ns3:TrackPointExtension>
            <ns3:hr>143</ns3:hr>
            <ns3:cad>80</ns3:cad>
          </ns3:TrackPointExtension>
        </extensions>
      </trkpt>
      <trkpt lat="23.05002249777317047119140625" lon="113.31699994392693042755126953125">
        <ele>5.400000095367431640625</ele>
        <time>2026-08-24T23:09:15.000Z</time>
        <extensions>
          <ns3:TrackPointExtension>
            <ns3:hr>142</ns3:hr>
            <ns3:cad>80</ns3:cad>
          </ns3:TrackPointExtension>
        </extensions>
      </trkpt>
      <trkpt lat="23.0500119365751743316650390625" lon="113.31698871217668056488037109375">
        <ele>5.400000095367431640625</ele>
        <time>2026-08-24T23:09:16.000Z</time>
        <extensions>
          <ns3:TrackPointExtension>
            <ns3:hr>142</ns3:hr>
            <ns3:cad>81</ns3:cad>
          </ns3:TrackPointExtension>
        </extensions>
      </trkpt>
      <trkpt lat="23.04999844171106815338134765625" lon="113.316960297524929046630859375">
        <ele>5.400000095367431640625</ele>
        <time>2026-08-24T23:09:17.000Z</time>
        <extensions>
          <ns3:TrackPointExtension>
            <ns3:hr>142</ns3:hr>
            <ns3:cad>81</ns3:cad>
          </ns3:TrackPointExtension>
        </extensions>
      </trkpt>
      <trkpt lat="23.04998855106532573699951171875" lon="113.31694462336599826812744140625">
        <ele>5.599999904632568359375</ele>
        <time>2026-08-24T23:09:18.000Z</time>
        <extensions>
          <ns3:TrackPointExtension>
            <ns3:hr>143</ns3:hr>
            <ns3:cad>81</ns3:cad>
          </ns3:TrackPointExtension>
        </extensions>
      </trkpt>
      <trkpt lat="23.04996927268803119659423828125" lon="113.3169306255877017974853515625">
        <ele>5.599999904632568359375</ele>
        <time>2026-08-24T23:09:19.000Z</time>
        <extensions>
          <ns3:TrackPointExtension>
            <ns3:hr>142</ns3:hr>
            <ns3:cad>81</ns3:cad>
          </ns3:TrackPointExtension>
        </extensions>
      </trkpt>
      <trkpt lat="23.04994965903460979461669921875" lon="113.3169091679155826568603515625">
        <ele>5.599999904632568359375</ele>
        <time>2026-08-24T23:09:20.000Z</time>
        <extensions>
          <ns3:TrackPointExtension>
            <ns3:hr>142</ns3:hr>
            <ns3:cad>81</ns3:cad>
          </ns3:TrackPointExtension>
        </extensions>
      </trkpt>
      <trkpt lat="23.04993457160890102386474609375" lon="113.316897265613079071044921875">
        <ele>5.599999904632568359375</ele>
        <time>2026-08-24T23:09:21.000Z</time>
        <extensions>
          <ns3:TrackPointExtension>
            <ns3:hr>143</ns3:hr>
            <ns3:cad>81</ns3:cad>
          </ns3:TrackPointExtension>
        </extensions>
      </trkpt>
      <trkpt lat="23.0499137006700038909912109375" lon="113.31688963808119297027587890625">
        <ele>5.599999904632568359375</ele>
        <time>2026-08-24T23:09:22.000Z</time>
        <extensions>
          <ns3:TrackPointExtension>
            <ns3:hr>142</ns3:hr>
            <ns3:cad>81</ns3:cad>
          </ns3:TrackPointExtension>
        </extensions>
      </trkpt>
      <trkpt lat="23.0498959310352802276611328125" lon="113.316875137388706207275390625">
        <ele>5.599999904632568359375</ele>
        <time>2026-08-24T23:09:23.000Z</time>
        <extensions>
          <ns3:TrackPointExtension>
            <ns3:hr>143</ns3:hr>
            <ns3:cad>81</ns3:cad>
          </ns3:TrackPointExtension>
        </extensions>
      </trkpt>
      <trkpt lat="23.04988495074212551116943359375" lon="113.3168783225119113922119140625">
        <ele>5.599999904632568359375</ele>
        <time>2026-08-24T23:09:24.000Z</time>
        <extensions>
          <ns3:TrackPointExtension>
            <ns3:hr>143</ns3:hr>
            <ns3:cad>81</ns3:cad>
          </ns3:TrackPointExtension>
        </extensions>
      </trkpt>
      <trkpt lat="23.0498649179935455322265625" lon="113.316873796284198760986328125">
        <ele>5.80000019073486328125</ele>
        <time>2026-08-24T23:09:25.000Z</time>
        <extensions>
          <ns3:TrackPointExtension>
            <ns3:hr>142</ns3:hr>
            <ns3:cad>81</ns3:cad>
          </ns3:TrackPointExtension>
        </extensions>
      </trkpt>
      <trkpt lat="23.04984815418720245361328125" lon="113.3168685995042324066162109375">
        <ele>5.80000019073486328125</ele>
        <time>2026-08-24T23:09:26.000Z</time>
        <extensions>
          <ns3:TrackPointExtension>
            <ns3:hr>142</ns3:hr>
            <ns3:cad>81</ns3:cad>
          </ns3:TrackPointExtension>
        </extensions>
      </trkpt>
      <trkpt lat="23.0498339049518108367919921875" lon="113.3168788254261016845703125">
        <ele>5.80000019073486328125</ele>
        <time>2026-08-24T23:09:27.000Z</time>
        <extensions>
          <ns3:TrackPointExtension>
            <ns3:hr>142</ns3:hr>
            <ns3:cad>81</ns3:cad>
          </ns3:TrackPointExtension>
        </extensions>
      </trkpt>
      <trkpt lat="23.04980817250907421112060546875" lon="113.3168860338628292083740234375">
        <ele>5.80000019073486328125</ele>
        <time>2026-08-24T23:09:28.000Z</time>
        <extensions>
          <ns3:TrackPointExtension>
            <ns3:hr>143</ns3:hr>
            <ns3:cad>81</ns3:cad>
          </ns3:TrackPointExtension>
        </extensions>
      </trkpt>
      <trkpt lat="23.04978973232209682464599609375" lon="113.31688075326383113861083984375">
        <ele>5.80000019073486328125</ele>
        <time>2026-08-24T23:09:29.000Z</time>
        <extensions>
          <ns3:TrackPointExtension>
            <ns3:hr>142</ns3:hr>
            <ns3:cad>81</ns3:cad>
          </ns3:TrackPointExtension>
        </extensions>
      </trkpt>
      <trkpt lat="23.0497691966593265533447265625" lon="113.3168836869299411773681640625">
        <ele>5.80000019073486328125</ele>
        <time>2026-08-24T23:09:30.000Z</time>
        <extensions>
          <ns3:TrackPointExtension>
            <ns3:hr>142</ns3:hr>
            <ns3:cad>81</ns3:cad>
          </ns3:TrackPointExtension>
        </extensions>
      </trkpt>
      <trkpt lat="23.04973944090306758880615234375" lon="113.31688377074897289276123046875">
        <ele>5.80000019073486328125</ele>
        <time>2026-08-24T23:09:31.000Z</time>
        <extensions>
          <ns3:TrackPointExtension>
            <ns3:hr>143</ns3:hr>
            <ns3:cad>81</ns3:cad>
          </ns3:TrackPointExtension>
        </extensions>
      </trkpt>
      <trkpt lat="23.04972217418253421783447265625" lon="113.31687974743545055389404296875">
        <ele>5.80000019073486328125</ele>
        <time>2026-08-24T23:09:32.000Z</time>
        <extensions>
          <ns3:TrackPointExtension>
            <ns3:hr>143</ns3:hr>
            <ns3:cad>81</ns3:cad>
          </ns3:TrackPointExtension>
        </extensions>
      </trkpt>
      <trkpt lat="23.04970256052911281585693359375" lon="113.31687974743545055389404296875">
        <ele>5.80000019073486328125</ele>
        <time>2026-08-24T23:09:33.000Z</time>
        <extensions>
          <ns3:TrackPointExtension>
            <ns3:hr>143</ns3:hr>
            <ns3:cad>81</ns3:cad>
          </ns3:TrackPointExtension>
        </extensions>
      </trkpt>
      <trkpt lat="23.04968160577118396759033203125" lon="113.3168732933700084686279296875">
        <ele>5.80000019073486328125</ele>
        <time>2026-08-24T23:09:34.000Z</time>
        <extensions>
          <ns3:TrackPointExtension>
            <ns3:hr>143</ns3:hr>
            <ns3:cad>81</ns3:cad>
          </ns3:TrackPointExtension>
        </extensions>
      </trkpt>
      <trkpt lat="23.04966844618320465087890625" lon="113.31687589175999164581298828125">
        <ele>5.80000019073486328125</ele>
        <time>2026-08-24T23:09:35.000Z</time>
        <extensions>
          <ns3:TrackPointExtension>
            <ns3:hr>142</ns3:hr>
            <ns3:cad>81</ns3:cad>
          </ns3:TrackPointExtension>
        </extensions>
      </trkpt>
      <trkpt lat="23.04964363574981689453125" lon="113.3168716169893741607666015625">
        <ele>5.80000019073486328125</ele>
        <time>2026-08-24T23:09:36.000Z</time>
        <extensions>
          <ns3:TrackPointExtension>
            <ns3:hr>143</ns3:hr>
            <ns3:cad>81</ns3:cad>
          </ns3:TrackPointExtension>
        </extensions>
      </trkpt>
      <trkpt lat="23.04962553083896636962890625" lon="113.31685812212526798248291015625">
        <ele>5.80000019073486328125</ele>
        <time>2026-08-24T23:09:37.000Z</time>
        <extensions>
          <ns3:TrackPointExtension>
            <ns3:hr>143</ns3:hr>
            <ns3:cad>82</ns3:cad>
          </ns3:TrackPointExtension>
        </extensions>
      </trkpt>
      <trkpt lat="23.04960633628070354461669921875" lon="113.3168573677539825439453125">
        <ele>5.80000019073486328125</ele>
        <time>2026-08-24T23:09:38.000Z</time>
        <extensions>
          <ns3:TrackPointExtension>
            <ns3:hr>142</ns3:hr>
            <ns3:cad>82</ns3:cad>
          </ns3:TrackPointExtension>
        </extensions>
      </trkpt>
      <trkpt lat="23.049587309360504150390625" lon="113.31683767028152942657470703125">
        <ele>6</ele>
        <time>2026-08-24T23:09:39.000Z</time>
        <extensions>
          <ns3:TrackPointExtension>
            <ns3:hr>142</ns3:hr>
            <ns3:cad>81</ns3:cad>
          </ns3:TrackPointExtension>
        </extensions>
      </trkpt>
      <trkpt lat="23.04957733489573001861572265625" lon="113.31682023592293262481689453125">
        <ele>6</ele>
        <time>2026-08-24T23:09:40.000Z</time>
        <extensions>
          <ns3:TrackPointExtension>
            <ns3:hr>142</ns3:hr>
            <ns3:cad>81</ns3:cad>
          </ns3:TrackPointExtension>
        </extensions>
      </trkpt>
      <trkpt lat="23.04956342093646526336669921875" lon="113.3168052323162555694580078125">
        <ele>6</ele>
        <time>2026-08-24T23:09:41.000Z</time>
        <extensions>
          <ns3:TrackPointExtension>
            <ns3:hr>141</ns3:hr>
            <ns3:cad>81</ns3:cad>
          </ns3:TrackPointExtension>
        </extensions>
      </trkpt>
      <trkpt lat="23.04954900406301021575927734375" lon="113.31677916459739208221435546875">
        <ele>6</ele>
        <time>2026-08-24T23:09:42.000Z</time>
        <extensions>
          <ns3:TrackPointExtension>
            <ns3:hr>141</ns3:hr>
            <ns3:cad>81</ns3:cad>
          </ns3:TrackPointExtension>
        </extensions>
      </trkpt>
      <trkpt lat="23.04954883642494678497314453125" lon="113.31676005385816097259521484375">
        <ele>6</ele>
        <time>2026-08-24T23:09:43.000Z</time>
        <extensions>
          <ns3:TrackPointExtension>
            <ns3:hr>140</ns3:hr>
            <ns3:cad>81</ns3:cad>
          </ns3:TrackPointExtension>
        </extensions>
      </trkpt>
      <trkpt lat="23.04954481311142444610595703125" lon="113.31674144603312015533447265625">
        <ele>6</ele>
        <time>2026-08-24T23:09:44.000Z</time>
        <extensions>
          <ns3:TrackPointExtension>
            <ns3:hr>140</ns3:hr>
            <ns3:cad>81</ns3:cad>
          </ns3:TrackPointExtension>
        </extensions>
      </trkpt>
      <trkpt lat="23.04954238235950469970703125" lon="113.31671445630490779876708984375">
        <ele>6</ele>
        <time>2026-08-24T23:09:45.000Z</time>
        <extensions>
          <ns3:TrackPointExtension>
            <ns3:hr>140</ns3:hr>
            <ns3:cad>81</ns3:cad>
          </ns3:TrackPointExtension>
        </extensions>
      </trkpt>
      <trkpt lat="23.04954565130174160003662109375" lon="113.3167019672691822052001953125">
        <ele>6</ele>
        <time>2026-08-24T23:09:46.000Z</time>
        <extensions>
          <ns3:TrackPointExtension>
            <ns3:hr>141</ns3:hr>
            <ns3:cad>81</ns3:cad>
          </ns3:TrackPointExtension>
        </extensions>
      </trkpt>
      <trkpt lat="23.04954129271209239959716796875" lon="113.3166805095970630645751953125">
        <ele>6</ele>
        <time>2026-08-24T23:09:47.000Z</time>
        <extensions>
          <ns3:TrackPointExtension>
            <ns3:hr>141</ns3:hr>
            <ns3:cad>81</ns3:cad>
          </ns3:TrackPointExtension>
        </extensions>
      </trkpt>
      <trkpt lat="23.0495448969304561614990234375" lon="113.31665075384080410003662109375">
        <ele>6</ele>
        <time>2026-08-24T23:09:48.000Z</time>
        <extensions>
          <ns3:TrackPointExtension>
            <ns3:hr>140</ns3:hr>
            <ns3:cad>81</ns3:cad>
          </ns3:TrackPointExtension>
        </extensions>
      </trkpt>
      <trkpt lat="23.0495415441691875457763671875" lon="113.31662661395967006683349609375">
        <ele>6</ele>
        <time>2026-08-24T23:09:49.000Z</time>
        <extensions>
          <ns3:TrackPointExtension>
            <ns3:hr>140</ns3:hr>
            <ns3:cad>81</ns3:cad>
          </ns3:TrackPointExtension>
        </extensions>
      </trkpt>
      <trkpt lat="23.04953894577920436859130859375" lon="113.31660054624080657958984375">
        <ele>6</ele>
        <time>2026-08-24T23:09:50.000Z</time>
        <extensions>
          <ns3:TrackPointExtension>
            <ns3:hr>140</ns3:hr>
            <ns3:cad>81</ns3:cad>
          </ns3:TrackPointExtension>
        </extensions>
      </trkpt>
      <trkpt lat="23.049544729292392730712890625" lon="113.31657238304615020751953125">
        <ele>6</ele>
        <time>2026-08-24T23:09:51.000Z</time>
        <extensions>
          <ns3:TrackPointExtension>
            <ns3:hr>141</ns3:hr>
            <ns3:cad>80</ns3:cad>
          </ns3:TrackPointExtension>
        </extensions>
      </trkpt>
      <trkpt lat="23.04954799823462963104248046875" lon="113.316560648381710052490234375">
        <ele>6</ele>
        <time>2026-08-24T23:09:52.000Z</time>
        <extensions>
          <ns3:TrackPointExtension>
            <ns3:hr>140</ns3:hr>
            <ns3:cad>80</ns3:cad>
          </ns3:TrackPointExtension>
        </extensions>
      </trkpt>
      <trkpt lat="23.0495552904903888702392578125" lon="113.31653592176735401153564453125">
        <ele>6</ele>
        <time>2026-08-24T23:09:53.000Z</time>
        <extensions>
          <ns3:TrackPointExtension>
            <ns3:hr>140</ns3:hr>
            <ns3:cad>81</ns3:cad>
          </ns3:TrackPointExtension>
        </extensions>
      </trkpt>
      <trkpt lat="23.04957331158220767974853515625" lon="113.3165192417800426483154296875">
        <ele>6</ele>
        <time>2026-08-24T23:09:54.000Z</time>
        <extensions>
          <ns3:TrackPointExtension>
            <ns3:hr>140</ns3:hr>
            <ns3:cad>81</ns3:cad>
          </ns3:TrackPointExtension>
        </extensions>
      </trkpt>
      <trkpt lat="23.0495717190206050872802734375" lon="113.31650801002979278564453125">
        <ele>6</ele>
        <time>2026-08-24T23:09:55.000Z</time>
        <extensions>
          <ns3:TrackPointExtension>
            <ns3:hr>140</ns3:hr>
            <ns3:cad>81</ns3:cad>
          </ns3:TrackPointExtension>
        </extensions>
      </trkpt>
      <trkpt lat="23.0495837889611721038818359375" lon="113.31649124622344970703125">
        <ele>6</ele>
        <time>2026-08-24T23:09:56.000Z</time>
        <extensions>
          <ns3:TrackPointExtension>
            <ns3:hr>140</ns3:hr>
            <ns3:cad>81</ns3:cad>
          </ns3:TrackPointExtension>
        </extensions>
      </trkpt>
      <trkpt lat="23.0496049113571643829345703125" lon="113.316484205424785614013671875">
        <ele>6</ele>
        <time>2026-08-24T23:09:57.000Z</time>
        <extensions>
          <ns3:TrackPointExtension>
            <ns3:hr>140</ns3:hr>
            <ns3:cad>81</ns3:cad>
          </ns3:TrackPointExtension>
        </extensions>
      </trkpt>
      <trkpt lat="23.04962159134447574615478515625" lon="113.3164736442267894744873046875">
        <ele>6</ele>
        <time>2026-08-24T23:09:58.000Z</time>
        <extensions>
          <ns3:TrackPointExtension>
            <ns3:hr>140</ns3:hr>
            <ns3:cad>81</ns3:cad>
          </ns3:TrackPointExtension>
        </extensions>
      </trkpt>
      <trkpt lat="23.04963734932243824005126953125" lon="113.3164709620177745819091796875">
        <ele>6</ele>
        <time>2026-08-24T23:09:59.000Z</time>
        <extensions>
          <ns3:TrackPointExtension>
            <ns3:hr>140</ns3:hr>
            <ns3:cad>81</ns3:cad>
          </ns3:TrackPointExtension>
        </extensions>
      </trkpt>
      <trkpt lat="23.049651347100734710693359375" lon="113.31647087819874286651611328125">
        <ele>6</ele>
        <time>2026-08-24T23:10:00.000Z</time>
        <extensions>
          <ns3:TrackPointExtension>
            <ns3:hr>139</ns3:hr>
            <ns3:cad>81</ns3:cad>
          </ns3:TrackPointExtension>
        </extensions>
      </trkpt>
      <trkpt lat="23.04966844618320465087890625" lon="113.31646107137203216552734375">
        <ele>6</ele>
        <time>2026-08-24T23:10:01.000Z</time>
        <extensions>
          <ns3:TrackPointExtension>
            <ns3:hr>140</ns3:hr>
            <ns3:cad>80</ns3:cad>
          </ns3:TrackPointExtension>
        </extensions>
      </trkpt>
      <trkpt lat="23.04969266988337039947509765625" lon="113.31646107137203216552734375">
        <ele>6</ele>
        <time>2026-08-24T23:10:02.000Z</time>
        <extensions>
          <ns3:TrackPointExtension>
            <ns3:hr>140</ns3:hr>
            <ns3:cad>80</ns3:cad>
          </ns3:TrackPointExtension>
        </extensions>
      </trkpt>
      <trkpt lat="23.0497071705758571624755859375" lon="113.316466100513935089111328125">
        <ele>6</ele>
        <time>2026-08-24T23:10:03.000Z</time>
        <extensions>
          <ns3:TrackPointExtension>
            <ns3:hr>139</ns3:hr>
            <ns3:cad>80</ns3:cad>
          </ns3:TrackPointExtension>
        </extensions>
      </trkpt>
      <trkpt lat="23.04972586221992969512939453125" lon="113.31645931117236614227294921875">
        <ele>6</ele>
        <time>2026-08-24T23:10:04.000Z</time>
        <extensions>
          <ns3:TrackPointExtension>
            <ns3:hr>139</ns3:hr>
            <ns3:cad>81</ns3:cad>
          </ns3:TrackPointExtension>
        </extensions>
      </trkpt>
      <trkpt lat="23.0497547797858715057373046875" lon="113.31645746715366840362548828125">
        <ele>6</ele>
        <time>2026-08-24T23:10:05.000Z</time>
        <extensions>
          <ns3:TrackPointExtension>
            <ns3:hr>139</ns3:hr>
            <ns3:cad>81</ns3:cad>
          </ns3:TrackPointExtension>
        </extensions>
      </trkpt>
      <trkpt lat="23.04977263323962688446044921875" lon="113.31646182574331760406494140625">
        <ele>6</ele>
        <time>2026-08-24T23:10:06.000Z</time>
        <extensions>
          <ns3:TrackPointExtension>
            <ns3:hr>140</ns3:hr>
            <ns3:cad>81</ns3:cad>
          </ns3:TrackPointExtension>
        </extensions>
      </trkpt>
      <trkpt lat="23.0497924983501434326171875" lon="113.31645612604916095733642578125">
        <ele>6</ele>
        <time>2026-08-24T23:10:07.000Z</time>
        <extensions>
          <ns3:TrackPointExtension>
            <ns3:hr>140</ns3:hr>
            <ns3:cad>81</ns3:cad>
          </ns3:TrackPointExtension>
        </extensions>
      </trkpt>
      <trkpt lat="23.0498147942125797271728515625" lon="113.31644925288856029510498046875">
        <ele>5.80000019073486328125</ele>
        <time>2026-08-24T23:10:08.000Z</time>
        <extensions>
          <ns3:TrackPointExtension>
            <ns3:hr>140</ns3:hr>
            <ns3:cad>81</ns3:cad>
          </ns3:TrackPointExtension>
        </extensions>
      </trkpt>
      <trkpt lat="23.04982359521090984344482421875" lon="113.3164377696812152862548828125">
        <ele>5.80000019073486328125</ele>
        <time>2026-08-24T23:10:09.000Z</time>
        <extensions>
          <ns3:TrackPointExtension>
            <ns3:hr>140</ns3:hr>
            <ns3:cad>81</ns3:cad>
          </ns3:TrackPointExtension>
        </extensions>
      </trkpt>
      <trkpt lat="23.04984069429337978363037109375" lon="113.31642259843647480010986328125">
        <ele>5.80000019073486328125</ele>
        <time>2026-08-24T23:10:10.000Z</time>
        <extensions>
          <ns3:TrackPointExtension>
            <ns3:hr>140</ns3:hr>
            <ns3:cad>80</ns3:cad>
          </ns3:TrackPointExtension>
        </extensions>
      </trkpt>
      <trkpt lat="23.04986600764095783233642578125" lon="113.316411785781383514404296875">
        <ele>5.80000019073486328125</ele>
        <time>2026-08-24T23:10:11.000Z</time>
        <extensions>
          <ns3:TrackPointExtension>
            <ns3:hr>140</ns3:hr>
            <ns3:cad>80</ns3:cad>
          </ns3:TrackPointExtension>
        </extensions>
      </trkpt>
      <trkpt lat="23.049873970448970794677734375" lon="113.316405080258846282958984375">
        <ele>6</ele>
        <time>2026-08-24T23:10:12.000Z</time>
        <extensions>
          <ns3:TrackPointExtension>
            <ns3:hr>140</ns3:hr>
            <ns3:cad>81</ns3:cad>
          </ns3:TrackPointExtension>
        </extensions>
      </trkpt>
      <trkpt lat="23.0498917400836944580078125" lon="113.31638806499540805816650390625">
        <ele>6</ele>
        <time>2026-08-24T23:10:13.000Z</time>
        <extensions>
          <ns3:TrackPointExtension>
            <ns3:hr>140</ns3:hr>
            <ns3:cad>81</ns3:cad>
          </ns3:TrackPointExtension>
        </extensions>
      </trkpt>
      <trkpt lat="23.04990741424262523651123046875" lon="113.3163733966648578643798828125">
        <ele>6</ele>
        <time>2026-08-24T23:10:14.000Z</time>
        <extensions>
          <ns3:TrackPointExtension>
            <ns3:hr>140</ns3:hr>
            <ns3:cad>81</ns3:cad>
          </ns3:TrackPointExtension>
        </extensions>
      </trkpt>
      <trkpt lat="23.04991210810840129852294921875" lon="113.31635973416268825531005859375">
        <ele>6.19999980926513671875</ele>
        <time>2026-08-24T23:10:15.000Z</time>
        <extensions>
          <ns3:TrackPointExtension>
            <ns3:hr>140</ns3:hr>
            <ns3:cad>81</ns3:cad>
          </ns3:TrackPointExtension>
        </extensions>
      </trkpt>
      <trkpt lat="23.049927614629268646240234375" lon="113.3163356781005859375">
        <ele>6.19999980926513671875</ele>
        <time>2026-08-24T23:10:16.000Z</time>
        <extensions>
          <ns3:TrackPointExtension>
            <ns3:hr>139</ns3:hr>
            <ns3:cad>80</ns3:cad>
          </ns3:TrackPointExtension>
        </extensions>
      </trkpt>
      <trkpt lat="23.04993507452309131622314453125" lon="113.31631883047521114349365234375">
        <ele>6.19999980926513671875</ele>
        <time>2026-08-24T23:10:17.000Z</time>
        <extensions>
          <ns3:TrackPointExtension>
            <ns3:hr>140</ns3:hr>
            <ns3:cad>80</ns3:cad>
          </ns3:TrackPointExtension>
        </extensions>
      </trkpt>
      <trkpt lat="23.04994077421724796295166015625" lon="113.3162982948124408721923828125">
        <ele>6.19999980926513671875</ele>
        <time>2026-08-24T23:10:18.000Z</time>
        <extensions>
          <ns3:TrackPointExtension>
            <ns3:hr>140</ns3:hr>
            <ns3:cad>80</ns3:cad>
          </ns3:TrackPointExtension>
        </extensions>
      </trkpt>
      <trkpt lat="23.0499489046633243560791015625" lon="113.316273652017116546630859375">
        <ele>6.19999980926513671875</ele>
        <time>2026-08-24T23:10:19.000Z</time>
        <extensions>
          <ns3:TrackPointExtension>
            <ns3:hr>140</ns3:hr>
            <ns3:cad>81</ns3:cad>
          </ns3:TrackPointExtension>
        </extensions>
      </trkpt>
      <trkpt lat="23.04995016194880008697509765625" lon="113.31625663675367832183837890625">
        <ele>6</ele>
        <time>2026-08-24T23:10:20.000Z</time>
        <extensions>
          <ns3:TrackPointExtension>
            <ns3:hr>139</ns3:hr>
            <ns3:cad>81</ns3:cad>
          </ns3:TrackPointExtension>
        </extensions>
      </trkpt>
      <trkpt lat="23.0499478988349437713623046875" lon="113.3162382803857326507568359375">
        <ele>6</ele>
        <time>2026-08-24T23:10:21.000Z</time>
        <extensions>
          <ns3:TrackPointExtension>
            <ns3:hr>140</ns3:hr>
            <ns3:cad>81</ns3:cad>
          </ns3:TrackPointExtension>
        </extensions>
      </trkpt>
      <trkpt lat="23.04994999431073665618896484375" lon="113.3162117935717105865478515625">
        <ele>6</ele>
        <time>2026-08-24T23:10:22.000Z</time>
        <extensions>
          <ns3:TrackPointExtension>
            <ns3:hr>140</ns3:hr>
            <ns3:cad>81</ns3:cad>
          </ns3:TrackPointExtension>
        </extensions>
      </trkpt>
      <trkpt lat="23.0499507486820220947265625" lon="113.31619980745017528533935546875">
        <ele>6</ele>
        <time>2026-08-24T23:10:23.000Z</time>
        <extensions>
          <ns3:TrackPointExtension>
            <ns3:hr>140</ns3:hr>
            <ns3:cad>81</ns3:cad>
          </ns3:TrackPointExtension>
        </extensions>
      </trkpt>
      <trkpt lat="23.0499494075775146484375" lon="113.31617851741611957550048828125">
        <ele>6</ele>
        <time>2026-08-24T23:10:24.000Z</time>
        <extensions>
          <ns3:TrackPointExtension>
            <ns3:hr>140</ns3:hr>
            <ns3:cad>81</ns3:cad>
          </ns3:TrackPointExtension>
        </extensions>
      </trkpt>
      <trkpt lat="23.04995049722492694854736328125" lon="113.31615127623081207275390625">
        <ele>6.19999980926513671875</ele>
        <time>2026-08-24T23:10:25.000Z</time>
        <extensions>
          <ns3:TrackPointExtension>
            <ns3:hr>140</ns3:hr>
            <ns3:cad>80</ns3:cad>
          </ns3:TrackPointExtension>
        </extensions>
      </trkpt>
      <trkpt lat="23.0499411933124065399169921875" lon="113.31613694317638874053955078125">
        <ele>6.19999980926513671875</ele>
        <time>2026-08-24T23:10:26.000Z</time>
        <extensions>
          <ns3:TrackPointExtension>
            <ns3:hr>141</ns3:hr>
            <ns3:cad>80</ns3:cad>
          </ns3:TrackPointExtension>
        </extensions>
      </trkpt>
      <trkpt lat="23.049938343465328216552734375" lon="113.316116072237491607666015625">
        <ele>6.19999980926513671875</ele>
        <time>2026-08-24T23:10:27.000Z</time>
        <extensions>
          <ns3:TrackPointExtension>
            <ns3:hr>141</ns3:hr>
            <ns3:cad>80</ns3:cad>
          </ns3:TrackPointExtension>
        </extensions>
      </trkpt>
      <trkpt lat="23.049940355122089385986328125" lon="113.31609285436570644378662109375">
        <ele>6.19999980926513671875</ele>
        <time>2026-08-24T23:10:28.000Z</time>
        <extensions>
          <ns3:TrackPointExtension>
            <ns3:hr>141</ns3:hr>
            <ns3:cad>80</ns3:cad>
          </ns3:TrackPointExtension>
        </extensions>
      </trkpt>
      <trkpt lat="23.0499346554279327392578125" lon="113.3160793595016002655029296875">
        <ele>6.19999980926513671875</ele>
        <time>2026-08-24T23:10:29.000Z</time>
        <extensions>
          <ns3:TrackPointExtension>
            <ns3:hr>140</ns3:hr>
            <ns3:cad>80</ns3:cad>
          </ns3:TrackPointExtension>
        </extensions>
      </trkpt>
      <trkpt lat="23.04993105120956897735595703125" lon="113.3160589076578617095947265625">
        <ele>6.400000095367431640625</ele>
        <time>2026-08-24T23:10:30.000Z</time>
        <extensions>
          <ns3:TrackPointExtension>
            <ns3:hr>141</ns3:hr>
            <ns3:cad>81</ns3:cad>
          </ns3:TrackPointExtension>
        </extensions>
      </trkpt>
      <trkpt lat="23.04993440397083759307861328125" lon="113.31603736616671085357666015625">
        <ele>6.400000095367431640625</ele>
        <time>2026-08-24T23:10:31.000Z</time>
        <extensions>
          <ns3:TrackPointExtension>
            <ns3:hr>140</ns3:hr>
            <ns3:cad>81</ns3:cad>
          </ns3:TrackPointExtension>
        </extensions>
      </trkpt>
      <trkpt lat="23.0499292910099029541015625" lon="113.316020183265209197998046875">
        <ele>6.400000095367431640625</ele>
        <time>2026-08-24T23:10:32.000Z</time>
        <extensions>
          <ns3:TrackPointExtension>
            <ns3:hr>140</ns3:hr>
            <ns3:cad>81</ns3:cad>
          </ns3:TrackPointExtension>
        </extensions>
      </trkpt>
      <trkpt lat="23.0499284528195858001708984375" lon="113.31599160097539424896240234375">
        <ele>6.599999904632568359375</ele>
        <time>2026-08-24T23:10:33.000Z</time>
        <extensions>
          <ns3:TrackPointExtension>
            <ns3:hr>140</ns3:hr>
            <ns3:cad>81</ns3:cad>
          </ns3:TrackPointExtension>
        </extensions>
      </trkpt>
      <trkpt lat="23.04992954246699810028076171875" lon="113.31597349606454372406005859375">
        <ele>6.599999904632568359375</ele>
        <time>2026-08-24T23:10:34.000Z</time>
        <extensions>
          <ns3:TrackPointExtension>
            <ns3:hr>141</ns3:hr>
            <ns3:cad>81</ns3:cad>
          </ns3:TrackPointExtension>
        </extensions>
      </trkpt>
      <trkpt lat="23.04993323050439357757568359375" lon="113.31594617106020450592041015625">
        <ele>6.599999904632568359375</ele>
        <time>2026-08-24T23:10:35.000Z</time>
        <extensions>
          <ns3:TrackPointExtension>
            <ns3:hr>140</ns3:hr>
            <ns3:cad>81</ns3:cad>
          </ns3:TrackPointExtension>
        </extensions>
      </trkpt>
      <trkpt lat="23.0499375052750110626220703125" lon="113.31591649912297725677490234375">
        <ele>6.599999904632568359375</ele>
        <time>2026-08-24T23:10:36.000Z</time>
        <extensions>
          <ns3:TrackPointExtension>
            <ns3:hr>140</ns3:hr>
            <ns3:cad>81</ns3:cad>
          </ns3:TrackPointExtension>
        </extensions>
      </trkpt>
      <trkpt lat="23.04993557743728160858154296875" lon="113.315900154411792755126953125">
        <ele>6.599999904632568359375</ele>
        <time>2026-08-24T23:10:37.000Z</time>
        <extensions>
          <ns3:TrackPointExtension>
            <ns3:hr>141</ns3:hr>
            <ns3:cad>81</ns3:cad>
          </ns3:TrackPointExtension>
        </extensions>
      </trkpt>
      <trkpt lat="23.049929626286029815673828125" lon="113.3158791996538639068603515625">
        <ele>6.400000095367431640625</ele>
        <time>2026-08-24T23:10:38.000Z</time>
        <extensions>
          <ns3:TrackPointExtension>
            <ns3:hr>141</ns3:hr>
            <ns3:cad>81</ns3:cad>
          </ns3:TrackPointExtension>
        </extensions>
      </trkpt>
      <trkpt lat="23.04992971010506153106689453125" lon="113.31584759987890720367431640625">
        <ele>6.400000095367431640625</ele>
        <time>2026-08-24T23:10:39.000Z</time>
        <extensions>
          <ns3:TrackPointExtension>
            <ns3:hr>141</ns3:hr>
            <ns3:cad>81</ns3:cad>
          </ns3:TrackPointExtension>
        </extensions>
      </trkpt>
      <trkpt lat="23.04992820136249065399169921875" lon="113.3158228732645511627197265625">
        <ele>6.400000095367431640625</ele>
        <time>2026-08-24T23:10:40.000Z</time>
        <extensions>
          <ns3:TrackPointExtension>
            <ns3:hr>141</ns3:hr>
            <ns3:cad>80</ns3:cad>
          </ns3:TrackPointExtension>
        </extensions>
      </trkpt>
      <trkpt lat="23.04992283694446086883544921875" lon="113.31580216996371746063232421875">
        <ele>6.400000095367431640625</ele>
        <time>2026-08-24T23:10:41.000Z</time>
        <extensions>
          <ns3:TrackPointExtension>
            <ns3:hr>140</ns3:hr>
            <ns3:cad>80</ns3:cad>
          </ns3:TrackPointExtension>
        </extensions>
      </trkpt>
      <trkpt lat="23.0499291233718395233154296875" lon="113.3157709054648876190185546875">
        <ele>6.400000095367431640625</ele>
        <time>2026-08-24T23:10:42.000Z</time>
        <extensions>
          <ns3:TrackPointExtension>
            <ns3:hr>140</ns3:hr>
            <ns3:cad>81</ns3:cad>
          </ns3:TrackPointExtension>
        </extensions>
      </trkpt>
      <trkpt lat="23.04992971010506153106689453125" lon="113.3157578296959400177001953125">
        <ele>6.400000095367431640625</ele>
        <time>2026-08-24T23:10:43.000Z</time>
        <extensions>
          <ns3:TrackPointExtension>
            <ns3:hr>140</ns3:hr>
            <ns3:cad>81</ns3:cad>
          </ns3:TrackPointExtension>
        </extensions>
      </trkpt>
      <trkpt lat="23.0499271117150783538818359375" lon="113.31573947332799434661865234375">
        <ele>6.400000095367431640625</ele>
        <time>2026-08-24T23:10:44.000Z</time>
        <extensions>
          <ns3:TrackPointExtension>
            <ns3:hr>140</ns3:hr>
            <ns3:cad>81</ns3:cad>
          </ns3:TrackPointExtension>
        </extensions>
      </trkpt>
      <trkpt lat="23.04992786608636379241943359375" lon="113.31571063958108425140380859375">
        <ele>6.599999904632568359375</ele>
        <time>2026-08-24T23:10:45.000Z</time>
        <extensions>
          <ns3:TrackPointExtension>
            <ns3:hr>140</ns3:hr>
            <ns3:cad>80</ns3:cad>
          </ns3:TrackPointExtension>
        </extensions>
      </trkpt>
      <trkpt lat="23.04992191493511199951171875" lon="113.31569823436439037322998046875">
        <ele>6.599999904632568359375</ele>
        <time>2026-08-24T23:10:46.000Z</time>
        <extensions>
          <ns3:TrackPointExtension>
            <ns3:hr>139</ns3:hr>
            <ns3:cad>80</ns3:cad>
          </ns3:TrackPointExtension>
        </extensions>
      </trkpt>
      <trkpt lat="23.04991713725030422210693359375" lon="113.3156770281493663787841796875">
        <ele>6.599999904632568359375</ele>
        <time>2026-08-24T23:10:47.000Z</time>
        <extensions>
          <ns3:TrackPointExtension>
            <ns3:hr>139</ns3:hr>
            <ns3:cad>80</ns3:cad>
          </ns3:TrackPointExtension>
        </extensions>
      </trkpt>
      <trkpt lat="23.0499173887073993682861328125" lon="113.31565372645854949951171875">
        <ele>6.599999904632568359375</ele>
        <time>2026-08-24T23:10:48.000Z</time>
        <extensions>
          <ns3:TrackPointExtension>
            <ns3:hr>139</ns3:hr>
            <ns3:cad>81</ns3:cad>
          </ns3:TrackPointExtension>
        </extensions>
      </trkpt>
      <trkpt lat="23.049912191927433013916015625" lon="113.31563889048993587493896484375">
        <ele>6.599999904632568359375</ele>
        <time>2026-08-24T23:10:49.000Z</time>
        <extensions>
          <ns3:TrackPointExtension>
            <ns3:hr>140</ns3:hr>
            <ns3:cad>81</ns3:cad>
          </ns3:TrackPointExtension>
        </extensions>
      </trkpt>
      <trkpt lat="23.049910180270671844482421875" lon="113.31561508588492870330810546875">
        <ele>6.599999904632568359375</ele>
        <time>2026-08-24T23:10:50.000Z</time>
        <extensions>
          <ns3:TrackPointExtension>
            <ns3:hr>139</ns3:hr>
            <ns3:cad>81</ns3:cad>
          </ns3:TrackPointExtension>
        </extensions>
      </trkpt>
      <trkpt lat="23.0499083362519741058349609375" lon="113.31559446640312671661376953125">
        <ele>6.599999904632568359375</ele>
        <time>2026-08-24T23:10:51.000Z</time>
        <extensions>
          <ns3:TrackPointExtension>
            <ns3:hr>139</ns3:hr>
            <ns3:cad>81</ns3:cad>
          </ns3:TrackPointExtension>
        </extensions>
      </trkpt>
      <trkpt lat="23.0499049834907054901123046875" lon="113.315577618777751922607421875">
        <ele>6.599999904632568359375</ele>
        <time>2026-08-24T23:10:52.000Z</time>
        <extensions>
          <ns3:TrackPointExtension>
            <ns3:hr>140</ns3:hr>
            <ns3:cad>81</ns3:cad>
          </ns3:TrackPointExtension>
        </extensions>
      </trkpt>
      <trkpt lat="23.0499016307294368743896484375" lon="113.31555272452533245086669921875">
        <ele>6.599999904632568359375</ele>
        <time>2026-08-24T23:10:53.000Z</time>
        <extensions>
          <ns3:TrackPointExtension>
            <ns3:hr>139</ns3:hr>
            <ns3:cad>81</ns3:cad>
          </ns3:TrackPointExtension>
        </extensions>
      </trkpt>
      <trkpt lat="23.049900792539119720458984375" lon="113.31553411670029163360595703125">
        <ele>6.599999904632568359375</ele>
        <time>2026-08-24T23:10:54.000Z</time>
        <extensions>
          <ns3:TrackPointExtension>
            <ns3:hr>139</ns3:hr>
            <ns3:cad>82</ns3:cad>
          </ns3:TrackPointExtension>
        </extensions>
      </trkpt>
      <trkpt lat="23.049900121986865997314453125" lon="113.31551215611398220062255859375">
        <ele>6.599999904632568359375</ele>
        <time>2026-08-24T23:10:55.000Z</time>
        <extensions>
          <ns3:TrackPointExtension>
            <ns3:hr>139</ns3:hr>
            <ns3:cad>82</ns3:cad>
          </ns3:TrackPointExtension>
        </extensions>
      </trkpt>
      <trkpt lat="23.0498929135501384735107421875" lon="113.31548474729061126708984375">
        <ele>6.599999904632568359375</ele>
        <time>2026-08-24T23:10:56.000Z</time>
        <extensions>
          <ns3:TrackPointExtension>
            <ns3:hr>140</ns3:hr>
            <ns3:cad>81</ns3:cad>
          </ns3:TrackPointExtension>
        </extensions>
      </trkpt>
      <trkpt lat="23.04989534430205821990966796875" lon="113.3154674805700778961181640625">
        <ele>6.599999904632568359375</ele>
        <time>2026-08-24T23:10:57.000Z</time>
        <extensions>
          <ns3:TrackPointExtension>
            <ns3:hr>139</ns3:hr>
            <ns3:cad>81</ns3:cad>
          </ns3:TrackPointExtension>
        </extensions>
      </trkpt>
      <trkpt lat="23.04989282973110675811767578125" lon="113.315446190536022186279296875">
        <ele>6.599999904632568359375</ele>
        <time>2026-08-24T23:10:58.000Z</time>
        <extensions>
          <ns3:TrackPointExtension>
            <ns3:hr>139</ns3:hr>
            <ns3:cad>81</ns3:cad>
          </ns3:TrackPointExtension>
        </extensions>
      </trkpt>
      <trkpt lat="23.0498932488262653350830078125" lon="113.31541710533201694488525390625">
        <ele>6.599999904632568359375</ele>
        <time>2026-08-24T23:10:59.000Z</time>
        <extensions>
          <ns3:TrackPointExtension>
            <ns3:hr>140</ns3:hr>
            <ns3:cad>81</ns3:cad>
          </ns3:TrackPointExtension>
        </extensions>
      </trkpt>
      <trkpt lat="23.0498878844082355499267578125" lon="113.31539489328861236572265625">
        <ele>6.599999904632568359375</ele>
        <time>2026-08-24T23:11:00.000Z</time>
        <extensions>
          <ns3:TrackPointExtension>
            <ns3:hr>139</ns3:hr>
            <ns3:cad>81</ns3:cad>
          </ns3:TrackPointExtension>
        </extensions>
      </trkpt>
      <trkpt lat="23.04988436400890350341796875" lon="113.315376453101634979248046875">
        <ele>6.599999904632568359375</ele>
        <time>2026-08-24T23:11:01.000Z</time>
        <extensions>
          <ns3:TrackPointExtension>
            <ns3:hr>140</ns3:hr>
            <ns3:cad>81</ns3:cad>
          </ns3:TrackPointExtension>
        </extensions>
      </trkpt>
      <trkpt lat="23.04988293908536434173583984375" lon="113.31534552387893199920654296875">
        <ele>6.599999904632568359375</ele>
        <time>2026-08-24T23:11:02.000Z</time>
        <extensions>
          <ns3:TrackPointExtension>
            <ns3:hr>140</ns3:hr>
            <ns3:cad>81</ns3:cad>
          </ns3:TrackPointExtension>
        </extensions>
      </trkpt>
      <trkpt lat="23.04987858049571514129638671875" lon="113.315332867205142974853515625">
        <ele>6.599999904632568359375</ele>
        <time>2026-08-24T23:11:03.000Z</time>
        <extensions>
          <ns3:TrackPointExtension>
            <ns3:hr>140</ns3:hr>
            <ns3:cad>81</ns3:cad>
          </ns3:TrackPointExtension>
        </extensions>
      </trkpt>
      <trkpt lat="23.04987573064863681793212890625" lon="113.31531434319913387298583984375">
        <ele>6.599999904632568359375</ele>
        <time>2026-08-24T23:11:04.000Z</time>
        <extensions>
          <ns3:TrackPointExtension>
            <ns3:hr>140</ns3:hr>
            <ns3:cad>80</ns3:cad>
          </ns3:TrackPointExtension>
        </extensions>
      </trkpt>
      <trkpt lat="23.04987958632409572601318359375" lon="113.3152904547750949859619140625">
        <ele>6.599999904632568359375</ele>
        <time>2026-08-24T23:11:05.000Z</time>
        <extensions>
          <ns3:TrackPointExtension>
            <ns3:hr>139</ns3:hr>
            <ns3:cad>80</ns3:cad>
          </ns3:TrackPointExtension>
        </extensions>
      </trkpt>
      <trkpt lat="23.04987506009638309478759765625" lon="113.3152803964912891387939453125">
        <ele>6.599999904632568359375</ele>
        <time>2026-08-24T23:11:06.000Z</time>
        <extensions>
          <ns3:TrackPointExtension>
            <ns3:hr>140</ns3:hr>
            <ns3:cad>80</ns3:cad>
          </ns3:TrackPointExtension>
        </extensions>
      </trkpt>
      <trkpt lat="23.04986827075481414794921875" lon="113.31525969319045543670654296875">
        <ele>6.599999904632568359375</ele>
        <time>2026-08-24T23:11:07.000Z</time>
        <extensions>
          <ns3:TrackPointExtension>
            <ns3:hr>139</ns3:hr>
            <ns3:cad>81</ns3:cad>
          </ns3:TrackPointExtension>
        </extensions>
      </trkpt>
      <trkpt lat="23.04987137205898761749267578125" lon="113.31523454748094081878662109375">
        <ele>6.599999904632568359375</ele>
        <time>2026-08-24T23:11:08.000Z</time>
        <extensions>
          <ns3:TrackPointExtension>
            <ns3:hr>139</ns3:hr>
            <ns3:cad>81</ns3:cad>
          </ns3:TrackPointExtension>
        </extensions>
      </trkpt>
      <trkpt lat="23.049865253269672393798828125" lon="113.3152163587510585784912109375">
        <ele>6.599999904632568359375</ele>
        <time>2026-08-24T23:11:09.000Z</time>
        <extensions>
          <ns3:TrackPointExtension>
            <ns3:hr>139</ns3:hr>
            <ns3:cad>80</ns3:cad>
          </ns3:TrackPointExtension>
        </extensions>
      </trkpt>
      <trkpt lat="23.0498635768890380859375" lon="113.3151878602802753448486328125">
        <ele>6.599999904632568359375</ele>
        <time>2026-08-24T23:11:10.000Z</time>
        <extensions>
          <ns3:TrackPointExtension>
            <ns3:hr>140</ns3:hr>
            <ns3:cad>80</ns3:cad>
          </ns3:TrackPointExtension>
        </extensions>
      </trkpt>
      <trkpt lat="23.04986600764095783233642578125" lon="113.315171264111995697021484375">
        <ele>6.80000019073486328125</ele>
        <time>2026-08-24T23:11:11.000Z</time>
        <extensions>
          <ns3:TrackPointExtension>
            <ns3:hr>140</ns3:hr>
            <ns3:cad>80</ns3:cad>
          </ns3:TrackPointExtension>
        </extensions>
      </trkpt>
      <trkpt lat="23.04986014030873775482177734375" lon="113.31515022553503513336181640625">
        <ele>6.80000019073486328125</ele>
        <time>2026-08-24T23:11:12.000Z</time>
        <extensions>
          <ns3:TrackPointExtension>
            <ns3:hr>139</ns3:hr>
            <ns3:cad>80</ns3:cad>
          </ns3:TrackPointExtension>
        </extensions>
      </trkpt>
      <trkpt lat="23.04985645227134227752685546875" lon="113.31512005068361759185791015625">
        <ele>6.80000019073486328125</ele>
        <time>2026-08-24T23:11:13.000Z</time>
        <extensions>
          <ns3:TrackPointExtension>
            <ns3:hr>139</ns3:hr>
            <ns3:cad>80</ns3:cad>
          </ns3:TrackPointExtension>
        </extensions>
      </trkpt>
      <trkpt lat="23.049859218299388885498046875" lon="113.31510362215340137481689453125">
        <ele>6.80000019073486328125</ele>
        <time>2026-08-24T23:11:14.000Z</time>
        <extensions>
          <ns3:TrackPointExtension>
            <ns3:hr>139</ns3:hr>
            <ns3:cad>80</ns3:cad>
          </ns3:TrackPointExtension>
        </extensions>
      </trkpt>
      <trkpt lat="23.04985527880489826202392578125" lon="113.31507830880582332611083984375">
        <ele>6.599999904632568359375</ele>
        <time>2026-08-24T23:11:15.000Z</time>
        <extensions>
          <ns3:TrackPointExtension>
            <ns3:hr>139</ns3:hr>
            <ns3:cad>81</ns3:cad>
          </ns3:TrackPointExtension>
        </extensions>
      </trkpt>
      <trkpt lat="23.04985544644296169281005859375" lon="113.31504444591701030731201171875">
        <ele>6.599999904632568359375</ele>
        <time>2026-08-24T23:11:16.000Z</time>
        <extensions>
          <ns3:TrackPointExtension>
            <ns3:hr>139</ns3:hr>
            <ns3:cad>81</ns3:cad>
          </ns3:TrackPointExtension>
        </extensions>
      </trkpt>
      <trkpt lat="23.0498563684523105621337890625" lon="113.315031789243221282958984375">
        <ele>6.599999904632568359375</ele>
        <time>2026-08-24T23:11:17.000Z</time>
        <extensions>
          <ns3:TrackPointExtension>
            <ns3:hr>139</ns3:hr>
            <ns3:cad>81</ns3:cad>
          </ns3:TrackPointExtension>
        </extensions>
      </trkpt>
      <trkpt lat="23.04985620081424713134765625" lon="113.31500723026692867279052734375">
        <ele>6.599999904632568359375</ele>
        <time>2026-08-24T23:11:18.000Z</time>
        <extensions>
          <ns3:TrackPointExtension>
            <ns3:hr>140</ns3:hr>
            <ns3:cad>81</ns3:cad>
          </ns3:TrackPointExtension>
        </extensions>
      </trkpt>
      <trkpt lat="23.04985226131975650787353515625" lon="113.31497705541551113128662109375">
        <ele>6.599999904632568359375</ele>
        <time>2026-08-24T23:11:19.000Z</time>
        <extensions>
          <ns3:TrackPointExtension>
            <ns3:hr>139</ns3:hr>
            <ns3:cad>81</ns3:cad>
          </ns3:TrackPointExtension>
        </extensions>
      </trkpt>
      <trkpt lat="23.04985092021524906158447265625" lon="113.31496079452335834503173828125">
        <ele>6.599999904632568359375</ele>
        <time>2026-08-24T23:11:20.000Z</time>
        <extensions>
          <ns3:TrackPointExtension>
            <ns3:hr>139</ns3:hr>
            <ns3:cad>81</ns3:cad>
          </ns3:TrackPointExtension>
        </extensions>
      </trkpt>
      <trkpt lat="23.04984681308269500732421875" lon="113.31493665464222431182861328125">
        <ele>6.80000019073486328125</ele>
        <time>2026-08-24T23:11:21.000Z</time>
        <extensions>
          <ns3:TrackPointExtension>
            <ns3:hr>139</ns3:hr>
            <ns3:cad>81</ns3:cad>
          </ns3:TrackPointExtension>
        </extensions>
      </trkpt>
      <trkpt lat="23.04985611699521541595458984375" lon="113.3149087429046630859375">
        <ele>6.599999904632568359375</ele>
        <time>2026-08-24T23:11:22.000Z</time>
        <extensions>
          <ns3:TrackPointExtension>
            <ns3:hr>140</ns3:hr>
            <ns3:cad>81</ns3:cad>
          </ns3:TrackPointExtension>
        </extensions>
      </trkpt>
      <trkpt lat="23.0498526804149150848388671875" lon="113.31489223055541515350341796875">
        <ele>6.599999904632568359375</ele>
        <time>2026-08-24T23:11:23.000Z</time>
        <extensions>
          <ns3:TrackPointExtension>
            <ns3:hr>139</ns3:hr>
            <ns3:cad>81</ns3:cad>
          </ns3:TrackPointExtension>
        </extensions>
      </trkpt>
      <trkpt lat="23.04985209368169307708740234375" lon="113.31486775539815425872802734375">
        <ele>6.80000019073486328125</ele>
        <time>2026-08-24T23:11:24.000Z</time>
        <extensions>
          <ns3:TrackPointExtension>
            <ns3:hr>139</ns3:hr>
            <ns3:cad>81</ns3:cad>
          </ns3:TrackPointExtension>
        </extensions>
      </trkpt>
      <trkpt lat="23.04985913448035717010498046875" lon="113.31484529189765453338623046875">
        <ele>6.80000019073486328125</ele>
        <time>2026-08-24T23:11:25.000Z</time>
        <extensions>
          <ns3:TrackPointExtension>
            <ns3:hr>140</ns3:hr>
            <ns3:cad>81</ns3:cad>
          </ns3:TrackPointExtension>
        </extensions>
      </trkpt>
      <trkpt lat="23.0498622357845306396484375" lon="113.31482903100550174713134765625">
        <ele>6.80000019073486328125</ele>
        <time>2026-08-24T23:11:26.000Z</time>
        <extensions>
          <ns3:TrackPointExtension>
            <ns3:hr>140</ns3:hr>
            <ns3:cad>81</ns3:cad>
          </ns3:TrackPointExtension>
        </extensions>
      </trkpt>
      <trkpt lat="23.0498647503554821014404296875" lon="113.314801789820194244384765625">
        <ele>6.80000019073486328125</ele>
        <time>2026-08-24T23:11:27.000Z</time>
        <extensions>
          <ns3:TrackPointExtension>
            <ns3:hr>140</ns3:hr>
            <ns3:cad>81</ns3:cad>
          </ns3:TrackPointExtension>
        </extensions>
      </trkpt>
      <trkpt lat="23.049870617687702178955078125" lon="113.31478326581418514251708984375">
        <ele>6.80000019073486328125</ele>
        <time>2026-08-24T23:11:28.000Z</time>
        <extensions>
          <ns3:TrackPointExtension>
            <ns3:hr>140</ns3:hr>
            <ns3:cad>81</ns3:cad>
          </ns3:TrackPointExtension>
        </extensions>
      </trkpt>
      <trkpt lat="23.04986684583127498626708984375" lon="113.3147613890469074249267578125">
        <ele>6.80000019073486328125</ele>
        <time>2026-08-24T23:11:29.000Z</time>
        <extensions>
          <ns3:TrackPointExtension>
            <ns3:hr>139</ns3:hr>
            <ns3:cad>80</ns3:cad>
          </ns3:TrackPointExtension>
        </extensions>
      </trkpt>
      <trkpt lat="23.04986961185932159423828125" lon="113.31473398022353649139404296875">
        <ele>6.80000019073486328125</ele>
        <time>2026-08-24T23:11:30.000Z</time>
        <extensions>
          <ns3:TrackPointExtension>
            <ns3:hr>140</ns3:hr>
            <ns3:cad>80</ns3:cad>
          </ns3:TrackPointExtension>
        </extensions>
      </trkpt>
      <trkpt lat="23.04987338371574878692626953125" lon="113.31471721641719341278076171875">
        <ele>6.80000019073486328125</ele>
        <time>2026-08-24T23:11:31.000Z</time>
        <extensions>
          <ns3:TrackPointExtension>
            <ns3:hr>141</ns3:hr>
            <ns3:cad>81</ns3:cad>
          </ns3:TrackPointExtension>
        </extensions>
      </trkpt>
      <trkpt lat="23.0498734675347805023193359375" lon="113.31469357945024967193603515625">
        <ele>6.80000019073486328125</ele>
        <time>2026-08-24T23:11:32.000Z</time>
        <extensions>
          <ns3:TrackPointExtension>
            <ns3:hr>141</ns3:hr>
            <ns3:cad>81</ns3:cad>
          </ns3:TrackPointExtension>
        </extensions>
      </trkpt>
      <trkpt lat="23.0498748086392879486083984375" lon="113.31466357223689556121826171875">
        <ele>6.599999904632568359375</ele>
        <time>2026-08-24T23:11:33.000Z</time>
        <extensions>
          <ns3:TrackPointExtension>
            <ns3:hr>141</ns3:hr>
            <ns3:cad>80</ns3:cad>
          </ns3:TrackPointExtension>
        </extensions>
      </trkpt>
      <trkpt lat="23.04987288080155849456787109375" lon="113.314643539488315582275390625">
        <ele>6.599999904632568359375</ele>
        <time>2026-08-24T23:11:34.000Z</time>
        <extensions>
          <ns3:TrackPointExtension>
            <ns3:hr>142</ns3:hr>
            <ns3:cad>80</ns3:cad>
          </ns3:TrackPointExtension>
        </extensions>
      </trkpt>
      <trkpt lat="23.04986986331641674041748046875" lon="113.3146215789020061492919921875">
        <ele>6.599999904632568359375</ele>
        <time>2026-08-24T23:11:35.000Z</time>
        <extensions>
          <ns3:TrackPointExtension>
            <ns3:hr>142</ns3:hr>
            <ns3:cad>80</ns3:cad>
          </ns3:TrackPointExtension>
        </extensions>
      </trkpt>
      <trkpt lat="23.0498717911541461944580078125" lon="113.31459618173539638519287109375">
        <ele>6.599999904632568359375</ele>
        <time>2026-08-24T23:11:36.000Z</time>
        <extensions>
          <ns3:TrackPointExtension>
            <ns3:hr>142</ns3:hr>
            <ns3:cad>81</ns3:cad>
          </ns3:TrackPointExtension>
        </extensions>
      </trkpt>
      <trkpt lat="23.04986265487968921661376953125" lon="113.31457874737679958343505859375">
        <ele>6.599999904632568359375</ele>
        <time>2026-08-24T23:11:37.000Z</time>
        <extensions>
          <ns3:TrackPointExtension>
            <ns3:hr>142</ns3:hr>
            <ns3:cad>81</ns3:cad>
          </ns3:TrackPointExtension>
        </extensions>
      </trkpt>
      <trkpt lat="23.04985879920423030853271484375" lon="113.31455611623823642730712890625">
        <ele>6.599999904632568359375</ele>
        <time>2026-08-24T23:11:38.000Z</time>
        <extensions>
          <ns3:TrackPointExtension>
            <ns3:hr>141</ns3:hr>
            <ns3:cad>80</ns3:cad>
          </ns3:TrackPointExtension>
        </extensions>
      </trkpt>
      <trkpt lat="23.0498634092509746551513671875" lon="113.31453113816678524017333984375">
        <ele>6.599999904632568359375</ele>
        <time>2026-08-24T23:11:39.000Z</time>
        <extensions>
          <ns3:TrackPointExtension>
            <ns3:hr>142</ns3:hr>
            <ns3:cad>80</ns3:cad>
          </ns3:TrackPointExtension>
        </extensions>
      </trkpt>
      <trkpt lat="23.049854524433612823486328125" lon="113.31451672129333019256591796875">
        <ele>6.80000019073486328125</ele>
        <time>2026-08-24T23:11:40.000Z</time>
        <extensions>
          <ns3:TrackPointExtension>
            <ns3:hr>142</ns3:hr>
            <ns3:cad>80</ns3:cad>
          </ns3:TrackPointExtension>
        </extensions>
      </trkpt>
      <trkpt lat="23.04984857328236103057861328125" lon="113.314490653574466705322265625">
        <ele>6.599999904632568359375</ele>
        <time>2026-08-24T23:11:41.000Z</time>
        <extensions>
          <ns3:TrackPointExtension>
            <ns3:hr>141</ns3:hr>
            <ns3:cad>80</ns3:cad>
          </ns3:TrackPointExtension>
        </extensions>
      </trkpt>
      <trkpt lat="23.0498577095568180084228515625" lon="113.31446349620819091796875">
        <ele>6.599999904632568359375</ele>
        <time>2026-08-24T23:11:42.000Z</time>
        <extensions>
          <ns3:TrackPointExtension>
            <ns3:hr>141</ns3:hr>
            <ns3:cad>81</ns3:cad>
          </ns3:TrackPointExtension>
        </extensions>
      </trkpt>
      <trkpt lat="23.04985796101391315460205078125" lon="113.314447067677974700927734375">
        <ele>6.599999904632568359375</ele>
        <time>2026-08-24T23:11:43.000Z</time>
        <extensions>
          <ns3:TrackPointExtension>
            <ns3:hr>141</ns3:hr>
            <ns3:cad>81</ns3:cad>
          </ns3:TrackPointExtension>
        </extensions>
      </trkpt>
      <trkpt lat="23.04985628463327884674072265625" lon="113.3144217543303966522216796875">
        <ele>6.599999904632568359375</ele>
        <time>2026-08-24T23:11:44.000Z</time>
        <extensions>
          <ns3:TrackPointExtension>
            <ns3:hr>140</ns3:hr>
            <ns3:cad>80</ns3:cad>
          </ns3:TrackPointExtension>
        </extensions>
      </trkpt>
      <trkpt lat="23.04985930211842060089111328125" lon="113.31440289504826068878173828125">
        <ele>6.599999904632568359375</ele>
        <time>2026-08-24T23:11:45.000Z</time>
        <extensions>
          <ns3:TrackPointExtension>
            <ns3:hr>140</ns3:hr>
            <ns3:cad>80</ns3:cad>
          </ns3:TrackPointExtension>
        </extensions>
      </trkpt>
      <trkpt lat="23.04986014030873775482177734375" lon="113.314386047422885894775390625">
        <ele>6.80000019073486328125</ele>
        <time>2026-08-24T23:11:46.000Z</time>
        <extensions>
          <ns3:TrackPointExtension>
            <ns3:hr>140</ns3:hr>
            <ns3:cad>80</ns3:cad>
          </ns3:TrackPointExtension>
        </extensions>
      </trkpt>
      <trkpt lat="23.04986114613711833953857421875" lon="113.314357213675975799560546875">
        <ele>6.80000019073486328125</ele>
        <time>2026-08-24T23:11:47.000Z</time>
        <extensions>
          <ns3:TrackPointExtension>
            <ns3:hr>140</ns3:hr>
            <ns3:cad>81</ns3:cad>
          </ns3:TrackPointExtension>
        </extensions>
      </trkpt>
      <trkpt lat="23.04986366070806980133056640625" lon="113.31434187479317188262939453125">
        <ele>6.80000019073486328125</ele>
        <time>2026-08-24T23:11:48.000Z</time>
        <extensions>
          <ns3:TrackPointExtension>
            <ns3:hr>139</ns3:hr>
            <ns3:cad>81</ns3:cad>
          </ns3:TrackPointExtension>
        </extensions>
      </trkpt>
      <trkpt lat="23.04986265487968921661376953125" lon="113.314315639436244964599609375">
        <ele>6.599999904632568359375</ele>
        <time>2026-08-24T23:11:49.000Z</time>
        <extensions>
          <ns3:TrackPointExtension>
            <ns3:hr>139</ns3:hr>
            <ns3:cad>81</ns3:cad>
          </ns3:TrackPointExtension>
        </extensions>
      </trkpt>
      <trkpt lat="23.04985829629004001617431640625" lon="113.314288817346096038818359375">
        <ele>6.599999904632568359375</ele>
        <time>2026-08-24T23:11:50.000Z</time>
        <extensions>
          <ns3:TrackPointExtension>
            <ns3:hr>139</ns3:hr>
            <ns3:cad>80</ns3:cad>
          </ns3:TrackPointExtension>
        </extensions>
      </trkpt>
      <trkpt lat="23.0498546920716762542724609375" lon="113.314276747405529022216796875">
        <ele>6.400000095367431640625</ele>
        <time>2026-08-24T23:11:51.000Z</time>
        <extensions>
          <ns3:TrackPointExtension>
            <ns3:hr>139</ns3:hr>
            <ns3:cad>80</ns3:cad>
          </ns3:TrackPointExtension>
        </extensions>
      </trkpt>
      <trkpt lat="23.0498503334820270538330078125" lon="113.31425704993307590484619140625">
        <ele>6.400000095367431640625</ele>
        <time>2026-08-24T23:11:52.000Z</time>
        <extensions>
          <ns3:TrackPointExtension>
            <ns3:hr>139</ns3:hr>
            <ns3:cad>80</ns3:cad>
          </ns3:TrackPointExtension>
        </extensions>
      </trkpt>
      <trkpt lat="23.0498446337878704071044921875" lon="113.3142299763858318328857421875">
        <ele>6.400000095367431640625</ele>
        <time>2026-08-24T23:11:53.000Z</time>
        <extensions>
          <ns3:TrackPointExtension>
            <ns3:hr>139</ns3:hr>
            <ns3:cad>81</ns3:cad>
          </ns3:TrackPointExtension>
        </extensions>
      </trkpt>
      <trkpt lat="23.04984438233077526092529296875" lon="113.31421547569334506988525390625">
        <ele>6.400000095367431640625</ele>
        <time>2026-08-24T23:11:54.000Z</time>
        <extensions>
          <ns3:TrackPointExtension>
            <ns3:hr>139</ns3:hr>
            <ns3:cad>81</ns3:cad>
          </ns3:TrackPointExtension>
        </extensions>
      </trkpt>
      <trkpt lat="23.0498421192169189453125" lon="113.31419351510703563690185546875">
        <ele>6.400000095367431640625</ele>
        <time>2026-08-24T23:11:55.000Z</time>
        <extensions>
          <ns3:TrackPointExtension>
            <ns3:hr>139</ns3:hr>
            <ns3:cad>81</ns3:cad>
          </ns3:TrackPointExtension>
        </extensions>
      </trkpt>
      <trkpt lat="23.0498385988175868988037109375" lon="113.31417054869234561920166015625">
        <ele>6.400000095367431640625</ele>
        <time>2026-08-24T23:11:56.000Z</time>
        <extensions>
          <ns3:TrackPointExtension>
            <ns3:hr>139</ns3:hr>
            <ns3:cad>81</ns3:cad>
          </ns3:TrackPointExtension>
        </extensions>
      </trkpt>
      <trkpt lat="23.0498365871608257293701171875" lon="113.314154706895351409912109375">
        <ele>6.400000095367431640625</ele>
        <time>2026-08-24T23:11:57.000Z</time>
        <extensions>
          <ns3:TrackPointExtension>
            <ns3:hr>139</ns3:hr>
            <ns3:cad>81</ns3:cad>
          </ns3:TrackPointExtension>
        </extensions>
      </trkpt>
      <trkpt lat="23.04983549751341342926025390625" lon="113.3141371048986911773681640625">
        <ele>6.599999904632568359375</ele>
        <time>2026-08-24T23:11:58.000Z</time>
        <extensions>
          <ns3:TrackPointExtension>
            <ns3:hr>138</ns3:hr>
            <ns3:cad>81</ns3:cad>
          </ns3:TrackPointExtension>
        </extensions>
      </trkpt>
      <trkpt lat="23.0498335696756839752197265625" lon="113.3141186647117137908935546875">
        <ele>6.599999904632568359375</ele>
        <time>2026-08-24T23:11:59.000Z</time>
        <extensions>
          <ns3:TrackPointExtension>
            <ns3:hr>139</ns3:hr>
            <ns3:cad>81</ns3:cad>
          </ns3:TrackPointExtension>
        </extensions>
      </trkpt>
      <trkpt lat="23.04983600042760372161865234375" lon="113.314101733267307281494140625">
        <ele>6.599999904632568359375</ele>
        <time>2026-08-24T23:12:00.000Z</time>
        <extensions>
          <ns3:TrackPointExtension>
            <ns3:hr>139</ns3:hr>
            <ns3:cad>81</ns3:cad>
          </ns3:TrackPointExtension>
        </extensions>
      </trkpt>
      <trkpt lat="23.0498342402279376983642578125" lon="113.3140732347965240478515625">
        <ele>6.599999904632568359375</ele>
        <time>2026-08-24T23:12:01.000Z</time>
        <extensions>
          <ns3:TrackPointExtension>
            <ns3:hr>139</ns3:hr>
            <ns3:cad>81</ns3:cad>
          </ns3:TrackPointExtension>
        </extensions>
      </trkpt>
      <trkpt lat="23.04984153248369693756103515625" lon="113.31405890174210071563720703125">
        <ele>6.599999904632568359375</ele>
        <time>2026-08-24T23:12:02.000Z</time>
        <extensions>
          <ns3:TrackPointExtension>
            <ns3:hr>138</ns3:hr>
            <ns3:cad>81</ns3:cad>
          </ns3:TrackPointExtension>
        </extensions>
      </trkpt>
      <trkpt lat="23.049844466149806976318359375" lon="113.31403241492807865142822265625">
        <ele>6.400000095367431640625</ele>
        <time>2026-08-24T23:12:03.000Z</time>
        <extensions>
          <ns3:TrackPointExtension>
            <ns3:hr>139</ns3:hr>
            <ns3:cad>81</ns3:cad>
          </ns3:TrackPointExtension>
        </extensions>
      </trkpt>
      <trkpt lat="23.04984823800623416900634765625" lon="113.31400324590504169464111328125">
        <ele>6.400000095367431640625</ele>
        <time>2026-08-24T23:12:04.000Z</time>
        <extensions>
          <ns3:TrackPointExtension>
            <ns3:hr>139</ns3:hr>
            <ns3:cad>81</ns3:cad>
          </ns3:TrackPointExtension>
        </extensions>
      </trkpt>
      <trkpt lat="23.04984941147267818450927734375" lon="113.313988409936428070068359375">
        <ele>6.400000095367431640625</ele>
        <time>2026-08-24T23:12:05.000Z</time>
        <extensions>
          <ns3:TrackPointExtension>
            <ns3:hr>139</ns3:hr>
            <ns3:cad>81</ns3:cad>
          </ns3:TrackPointExtension>
        </extensions>
      </trkpt>
      <trkpt lat="23.04985092021524906158447265625" lon="113.31396401859819889068603515625">
        <ele>6.400000095367431640625</ele>
        <time>2026-08-24T23:12:06.000Z</time>
        <extensions>
          <ns3:TrackPointExtension>
            <ns3:hr>139</ns3:hr>
            <ns3:cad>81</ns3:cad>
          </ns3:TrackPointExtension>
        </extensions>
      </trkpt>
      <trkpt lat="23.04984949529170989990234375" lon="113.31393443048000335693359375">
        <ele>6.400000095367431640625</ele>
        <time>2026-08-24T23:12:07.000Z</time>
        <extensions>
          <ns3:TrackPointExtension>
            <ns3:hr>139</ns3:hr>
            <ns3:cad>81</ns3:cad>
          </ns3:TrackPointExtension>
        </extensions>
      </trkpt>
      <trkpt lat="23.049855530261993408203125" lon="113.3139201812446117401123046875">
        <ele>6.400000095367431640625</ele>
        <time>2026-08-24T23:12:08.000Z</time>
        <extensions>
          <ns3:TrackPointExtension>
            <ns3:hr>139</ns3:hr>
            <ns3:cad>80</ns3:cad>
          </ns3:TrackPointExtension>
        </extensions>
      </trkpt>
      <trkpt lat="23.0498536862432956695556640625" lon="113.31389679573476314544677734375">
        <ele>6.400000095367431640625</ele>
        <time>2026-08-24T23:12:09.000Z</time>
        <extensions>
          <ns3:TrackPointExtension>
            <ns3:hr>139</ns3:hr>
            <ns3:cad>80</ns3:cad>
          </ns3:TrackPointExtension>
        </extensions>
      </trkpt>
      <trkpt lat="23.04985729046165943145751953125" lon="113.3138712309300899505615234375">
        <ele>6.400000095367431640625</ele>
        <time>2026-08-24T23:12:10.000Z</time>
        <extensions>
          <ns3:TrackPointExtension>
            <ns3:hr>139</ns3:hr>
            <ns3:cad>80</ns3:cad>
          </ns3:TrackPointExtension>
        </extensions>
      </trkpt>
      <trkpt lat="23.04985293187201023101806640625" lon="113.31385589204728603363037109375">
        <ele>6.400000095367431640625</ele>
        <time>2026-08-24T23:12:11.000Z</time>
        <extensions>
          <ns3:TrackPointExtension>
            <ns3:hr>139</ns3:hr>
            <ns3:cad>81</ns3:cad>
          </ns3:TrackPointExtension>
        </extensions>
      </trkpt>
      <trkpt lat="23.04984957911074161529541015625" lon="113.3138333447277545928955078125">
        <ele>6.400000095367431640625</ele>
        <time>2026-08-24T23:12:12.000Z</time>
        <extensions>
          <ns3:TrackPointExtension>
            <ns3:hr>139</ns3:hr>
            <ns3:cad>81</ns3:cad>
          </ns3:TrackPointExtension>
        </extensions>
      </trkpt>
      <trkpt lat="23.04985343478620052337646484375" lon="113.31381247378885746002197265625">
        <ele>6.19999980926513671875</ele>
        <time>2026-08-24T23:12:13.000Z</time>
        <extensions>
          <ns3:TrackPointExtension>
            <ns3:hr>139</ns3:hr>
            <ns3:cad>82</ns3:cad>
          </ns3:TrackPointExtension>
        </extensions>
      </trkpt>
      <trkpt lat="23.0498530156910419464111328125" lon="113.31379286013543605804443359375">
        <ele>6.19999980926513671875</ele>
        <time>2026-08-24T23:12:14.000Z</time>
        <extensions>
          <ns3:TrackPointExtension>
            <ns3:hr>140</ns3:hr>
            <ns3:cad>82</ns3:cad>
          </ns3:TrackPointExtension>
        </extensions>
      </trkpt>
      <trkpt lat="23.04984739981591701507568359375" lon="113.31376704387366771697998046875">
        <ele>6.19999980926513671875</ele>
        <time>2026-08-24T23:12:15.000Z</time>
        <extensions>
          <ns3:TrackPointExtension>
            <ns3:hr>139</ns3:hr>
            <ns3:cad>81</ns3:cad>
          </ns3:TrackPointExtension>
        </extensions>
      </trkpt>
      <trkpt lat="23.0498499982059001922607421875" lon="113.31375128589570522308349609375">
        <ele>6.400000095367431640625</ele>
        <time>2026-08-24T23:12:16.000Z</time>
        <extensions>
          <ns3:TrackPointExtension>
            <ns3:hr>140</ns3:hr>
            <ns3:cad>81</ns3:cad>
          </ns3:TrackPointExtension>
        </extensions>
      </trkpt>
      <trkpt lat="23.04985175840556621551513671875" lon="113.31373100169003009796142578125">
        <ele>6.400000095367431640625</ele>
        <time>2026-08-24T23:12:17.000Z</time>
        <extensions>
          <ns3:TrackPointExtension>
            <ns3:hr>140</ns3:hr>
            <ns3:cad>81</ns3:cad>
          </ns3:TrackPointExtension>
        </extensions>
      </trkpt>
      <trkpt lat="23.04985645227134227752685546875" lon="113.3137025870382785797119140625">
        <ele>6.400000095367431640625</ele>
        <time>2026-08-24T23:12:18.000Z</time>
        <extensions>
          <ns3:TrackPointExtension>
            <ns3:hr>140</ns3:hr>
            <ns3:cad>81</ns3:cad>
          </ns3:TrackPointExtension>
        </extensions>
      </trkpt>
      <trkpt lat="23.0498607270419597625732421875" lon="113.31368766725063323974609375">
        <ele>6.400000095367431640625</ele>
        <time>2026-08-24T23:12:19.000Z</time>
        <extensions>
          <ns3:TrackPointExtension>
            <ns3:hr>139</ns3:hr>
            <ns3:cad>80</ns3:cad>
          </ns3:TrackPointExtension>
        </extensions>
      </trkpt>
      <trkpt lat="23.04985527880489826202392578125" lon="113.3136663772165775299072265625">
        <ele>6.19999980926513671875</ele>
        <time>2026-08-24T23:12:20.000Z</time>
        <extensions>
          <ns3:TrackPointExtension>
            <ns3:hr>140</ns3:hr>
            <ns3:cad>80</ns3:cad>
          </ns3:TrackPointExtension>
        </extensions>
      </trkpt>
      <trkpt lat="23.0498577095568180084228515625" lon="113.31363427452743053436279296875">
        <ele>6.19999980926513671875</ele>
        <time>2026-08-24T23:12:21.000Z</time>
        <extensions>
          <ns3:TrackPointExtension>
            <ns3:hr>140</ns3:hr>
            <ns3:cad>81</ns3:cad>
          </ns3:TrackPointExtension>
        </extensions>
      </trkpt>
      <trkpt lat="23.04985812865197658538818359375" lon="113.31361633725464344024658203125">
        <ele>6.19999980926513671875</ele>
        <time>2026-08-24T23:12:22.000Z</time>
        <extensions>
          <ns3:TrackPointExtension>
            <ns3:hr>139</ns3:hr>
            <ns3:cad>81</ns3:cad>
          </ns3:TrackPointExtension>
        </extensions>
      </trkpt>
      <trkpt lat="23.04985444061458110809326171875" lon="113.3135946281254291534423828125">
        <ele>6</ele>
        <time>2026-08-24T23:12:23.000Z</time>
        <extensions>
          <ns3:TrackPointExtension>
            <ns3:hr>140</ns3:hr>
            <ns3:cad>81</ns3:cad>
          </ns3:TrackPointExtension>
        </extensions>
      </trkpt>
      <trkpt lat="23.0498634092509746551513671875" lon="113.31356160342693328857421875">
        <ele>6</ele>
        <time>2026-08-24T23:12:24.000Z</time>
        <extensions>
          <ns3:TrackPointExtension>
            <ns3:hr>140</ns3:hr>
            <ns3:cad>81</ns3:cad>
          </ns3:TrackPointExtension>
        </extensions>
      </trkpt>
      <trkpt lat="23.04986449889838695526123046875" lon="113.3135486952960491180419921875">
        <ele>6</ele>
        <time>2026-08-24T23:12:25.000Z</time>
        <extensions>
          <ns3:TrackPointExtension>
            <ns3:hr>140</ns3:hr>
            <ns3:cad>81</ns3:cad>
          </ns3:TrackPointExtension>
        </extensions>
      </trkpt>
      <trkpt lat="23.04986282251775264739990234375" lon="113.313526399433612823486328125">
        <ele>6</ele>
        <time>2026-08-24T23:12:26.000Z</time>
        <extensions>
          <ns3:TrackPointExtension>
            <ns3:hr>140</ns3:hr>
            <ns3:cad>80</ns3:cad>
          </ns3:TrackPointExtension>
        </extensions>
      </trkpt>
      <trkpt lat="23.049868606030941009521484375" lon="113.31349681131541728973388671875">
        <ele>6</ele>
        <time>2026-08-24T23:12:27.000Z</time>
        <extensions>
          <ns3:TrackPointExtension>
            <ns3:hr>140</ns3:hr>
            <ns3:cad>80</ns3:cad>
          </ns3:TrackPointExtension>
        </extensions>
      </trkpt>
      <trkpt lat="23.04986332543194293975830078125" lon="113.31348641775548458099365234375">
        <ele>6</ele>
        <time>2026-08-24T23:12:28.000Z</time>
        <extensions>
          <ns3:TrackPointExtension>
            <ns3:hr>140</ns3:hr>
            <ns3:cad>80</ns3:cad>
          </ns3:TrackPointExtension>
        </extensions>
      </trkpt>
      <trkpt lat="23.0498630739748477935791015625" lon="113.313464708626270294189453125">
        <ele>6.19999980926513671875</ele>
        <time>2026-08-24T23:12:29.000Z</time>
        <extensions>
          <ns3:TrackPointExtension>
            <ns3:hr>141</ns3:hr>
            <ns3:cad>80</ns3:cad>
          </ns3:TrackPointExtension>
        </extensions>
      </trkpt>
      <trkpt lat="23.049861229956150054931640625" lon="113.31344014964997768402099609375">
        <ele>6.19999980926513671875</ele>
        <time>2026-08-24T23:12:30.000Z</time>
        <extensions>
          <ns3:TrackPointExtension>
            <ns3:hr>141</ns3:hr>
            <ns3:cad>80</ns3:cad>
          </ns3:TrackPointExtension>
        </extensions>
      </trkpt>
      <trkpt lat="23.049861229956150054931640625" lon="113.3134249784052371978759765625">
        <ele>6.19999980926513671875</ele>
        <time>2026-08-24T23:12:31.000Z</time>
        <extensions>
          <ns3:TrackPointExtension>
            <ns3:hr>141</ns3:hr>
            <ns3:cad>81</ns3:cad>
          </ns3:TrackPointExtension>
        </extensions>
      </trkpt>
      <trkpt lat="23.04985812865197658538818359375" lon="113.31340243108570575714111328125">
        <ele>6.19999980926513671875</ele>
        <time>2026-08-24T23:12:32.000Z</time>
        <extensions>
          <ns3:TrackPointExtension>
            <ns3:hr>142</ns3:hr>
            <ns3:cad>80</ns3:cad>
          </ns3:TrackPointExtension>
        </extensions>
      </trkpt>
      <trkpt lat="23.04985829629004001617431640625" lon="113.3133763633668422698974609375">
        <ele>6.19999980926513671875</ele>
        <time>2026-08-24T23:12:33.000Z</time>
        <extensions>
          <ns3:TrackPointExtension>
            <ns3:hr>142</ns3:hr>
            <ns3:cad>81</ns3:cad>
          </ns3:TrackPointExtension>
        </extensions>
      </trkpt>
      <trkpt lat="23.04985142312943935394287109375" lon="113.31336068920791149139404296875">
        <ele>6.19999980926513671875</ele>
        <time>2026-08-24T23:12:34.000Z</time>
        <extensions>
          <ns3:TrackPointExtension>
            <ns3:hr>142</ns3:hr>
            <ns3:cad>81</ns3:cad>
          </ns3:TrackPointExtension>
        </extensions>
      </trkpt>
      <trkpt lat="23.04985142312943935394287109375" lon="113.3133381418883800506591796875">
        <ele>6.19999980926513671875</ele>
        <time>2026-08-24T23:12:35.000Z</time>
        <extensions>
          <ns3:TrackPointExtension>
            <ns3:hr>141</ns3:hr>
            <ns3:cad>81</ns3:cad>
          </ns3:TrackPointExtension>
        </extensions>
      </trkpt>
      <trkpt lat="23.0498573742806911468505859375" lon="113.313313163816928863525390625">
        <ele>6.19999980926513671875</ele>
        <time>2026-08-24T23:12:36.000Z</time>
        <extensions>
          <ns3:TrackPointExtension>
            <ns3:hr>141</ns3:hr>
            <ns3:cad>81</ns3:cad>
          </ns3:TrackPointExtension>
        </extensions>
      </trkpt>
      <trkpt lat="23.0498515069484710693359375" lon="113.313295729458332061767578125">
        <ele>6.19999980926513671875</ele>
        <time>2026-08-24T23:12:37.000Z</time>
        <extensions>
          <ns3:TrackPointExtension>
            <ns3:hr>141</ns3:hr>
            <ns3:cad>80</ns3:cad>
          </ns3:TrackPointExtension>
        </extensions>
      </trkpt>
      <trkpt lat="23.0498496629297733306884765625" lon="113.3132707513868808746337890625">
        <ele>6.19999980926513671875</ele>
        <time>2026-08-24T23:12:38.000Z</time>
        <extensions>
          <ns3:TrackPointExtension>
            <ns3:hr>141</ns3:hr>
            <ns3:cad>80</ns3:cad>
          </ns3:TrackPointExtension>
        </extensions>
      </trkpt>
      <trkpt lat="23.04985578171908855438232421875" lon="113.31324719823896884918212890625">
        <ele>6.19999980926513671875</ele>
        <time>2026-08-24T23:12:39.000Z</time>
        <extensions>
          <ns3:TrackPointExtension>
            <ns3:hr>142</ns3:hr>
            <ns3:cad>80</ns3:cad>
          </ns3:TrackPointExtension>
        </extensions>
      </trkpt>
      <trkpt lat="23.049855530261993408203125" lon="113.31322322599589824676513671875">
        <ele>6.19999980926513671875</ele>
        <time>2026-08-24T23:12:40.000Z</time>
        <extensions>
          <ns3:TrackPointExtension>
            <ns3:hr>142</ns3:hr>
            <ns3:cad>81</ns3:cad>
          </ns3:TrackPointExtension>
        </extensions>
      </trkpt>
      <trkpt lat="23.04985259659588336944580078125" lon="113.31319187767803668975830078125">
        <ele>6.19999980926513671875</ele>
        <time>2026-08-24T23:12:41.000Z</time>
        <extensions>
          <ns3:TrackPointExtension>
            <ns3:hr>142</ns3:hr>
            <ns3:cad>81</ns3:cad>
          </ns3:TrackPointExtension>
        </extensions>
      </trkpt>
      <trkpt lat="23.0498593859374523162841796875" lon="113.31317410804331302642822265625">
        <ele>6.19999980926513671875</ele>
        <time>2026-08-24T23:12:42.000Z</time>
        <extensions>
          <ns3:TrackPointExtension>
            <ns3:hr>142</ns3:hr>
            <ns3:cad>81</ns3:cad>
          </ns3:TrackPointExtension>
        </extensions>
      </trkpt>
      <trkpt lat="23.04985863156616687774658203125" lon="113.313151560723781585693359375">
        <ele>6.19999980926513671875</ele>
        <time>2026-08-24T23:12:43.000Z</time>
        <extensions>
          <ns3:TrackPointExtension>
            <ns3:hr>143</ns3:hr>
            <ns3:cad>81</ns3:cad>
          </ns3:TrackPointExtension>
        </extensions>
      </trkpt>
      <trkpt lat="23.04986148141324520111083984375" lon="113.3131195418536663055419921875">
        <ele>6</ele>
        <time>2026-08-24T23:12:44.000Z</time>
        <extensions>
          <ns3:TrackPointExtension>
            <ns3:hr>142</ns3:hr>
            <ns3:cad>81</ns3:cad>
          </ns3:TrackPointExtension>
        </extensions>
      </trkpt>
      <trkpt lat="23.0498650856316089630126953125" lon="113.31310202367603778839111328125">
        <ele>6</ele>
        <time>2026-08-24T23:12:45.000Z</time>
        <extensions>
          <ns3:TrackPointExtension>
            <ns3:hr>142</ns3:hr>
            <ns3:cad>81</ns3:cad>
          </ns3:TrackPointExtension>
        </extensions>
      </trkpt>
      <trkpt lat="23.049862571060657501220703125" lon="113.31307838670909404754638671875">
        <ele>6</ele>
        <time>2026-08-24T23:12:46.000Z</time>
        <extensions>
          <ns3:TrackPointExtension>
            <ns3:hr>143</ns3:hr>
            <ns3:cad>81</ns3:cad>
          </ns3:TrackPointExtension>
        </extensions>
      </trkpt>
      <trkpt lat="23.04986567236483097076416015625" lon="113.31305122934281826019287109375">
        <ele>6.19999980926513671875</ele>
        <time>2026-08-24T23:12:47.000Z</time>
        <extensions>
          <ns3:TrackPointExtension>
            <ns3:hr>143</ns3:hr>
            <ns3:cad>81</ns3:cad>
          </ns3:TrackPointExtension>
        </extensions>
      </trkpt>
      <trkpt lat="23.04986692965030670166015625" lon="113.313036225736141204833984375">
        <ele>6.19999980926513671875</ele>
        <time>2026-08-24T23:12:48.000Z</time>
        <extensions>
          <ns3:TrackPointExtension>
            <ns3:hr>143</ns3:hr>
            <ns3:cad>81</ns3:cad>
          </ns3:TrackPointExtension>
        </extensions>
      </trkpt>
      <trkpt lat="23.04986416362226009368896484375" lon="113.31301870755851268768310546875">
        <ele>6.19999980926513671875</ele>
        <time>2026-08-24T23:12:49.000Z</time>
        <extensions>
          <ns3:TrackPointExtension>
            <ns3:hr>143</ns3:hr>
            <ns3:cad>80</ns3:cad>
          </ns3:TrackPointExtension>
        </extensions>
      </trkpt>
      <trkpt lat="23.04986215196549892425537109375" lon="113.31299741752445697784423828125">
        <ele>6.19999980926513671875</ele>
        <time>2026-08-24T23:12:50.000Z</time>
        <extensions>
          <ns3:TrackPointExtension>
            <ns3:hr>143</ns3:hr>
            <ns3:cad>80</ns3:cad>
          </ns3:TrackPointExtension>
        </extensions>
      </trkpt>
      <trkpt lat="23.04985980503261089324951171875" lon="113.31298249773681163787841796875">
        <ele>6.19999980926513671875</ele>
        <time>2026-08-24T23:12:51.000Z</time>
        <extensions>
          <ns3:TrackPointExtension>
            <ns3:hr>143</ns3:hr>
            <ns3:cad>80</ns3:cad>
          </ns3:TrackPointExtension>
        </extensions>
      </trkpt>
      <trkpt lat="23.0498590506613254547119140625" lon="113.3129602856934070587158203125">
        <ele>6.19999980926513671875</ele>
        <time>2026-08-24T23:12:52.000Z</time>
        <extensions>
          <ns3:TrackPointExtension>
            <ns3:hr>143</ns3:hr>
            <ns3:cad>81</ns3:cad>
          </ns3:TrackPointExtension>
        </extensions>
      </trkpt>
      <trkpt lat="23.04986550472676753997802734375" lon="113.312934972345829010009765625">
        <ele>6.19999980926513671875</ele>
        <time>2026-08-24T23:12:53.000Z</time>
        <extensions>
          <ns3:TrackPointExtension>
            <ns3:hr>143</ns3:hr>
            <ns3:cad>81</ns3:cad>
          </ns3:TrackPointExtension>
        </extensions>
      </trkpt>
      <trkpt lat="23.049864582717418670654296875" lon="113.31291359849274158477783203125">
        <ele>6.19999980926513671875</ele>
        <time>2026-08-24T23:12:54.000Z</time>
        <extensions>
          <ns3:TrackPointExtension>
            <ns3:hr>143</ns3:hr>
            <ns3:cad>81</ns3:cad>
          </ns3:TrackPointExtension>
        </extensions>
      </trkpt>
      <trkpt lat="23.04985812865197658538818359375" lon="113.3128895424306392669677734375">
        <ele>6.19999980926513671875</ele>
        <time>2026-08-24T23:12:55.000Z</time>
        <extensions>
          <ns3:TrackPointExtension>
            <ns3:hr>143</ns3:hr>
            <ns3:cad>81</ns3:cad>
          </ns3:TrackPointExtension>
        </extensions>
      </trkpt>
      <trkpt lat="23.04986567236483097076416015625" lon="113.31286883912980556488037109375">
        <ele>6.19999980926513671875</ele>
        <time>2026-08-24T23:12:56.000Z</time>
        <extensions>
          <ns3:TrackPointExtension>
            <ns3:hr>143</ns3:hr>
            <ns3:cad>81</ns3:cad>
          </ns3:TrackPointExtension>
        </extensions>
      </trkpt>
      <trkpt lat="23.049863912165164947509765625" lon="113.31284972839057445526123046875">
        <ele>6.19999980926513671875</ele>
        <time>2026-08-24T23:12:57.000Z</time>
        <extensions>
          <ns3:TrackPointExtension>
            <ns3:hr>143</ns3:hr>
            <ns3:cad>81</ns3:cad>
          </ns3:TrackPointExtension>
        </extensions>
      </trkpt>
      <trkpt lat="23.0498624034225940704345703125" lon="113.312820978462696075439453125">
        <ele>6.19999980926513671875</ele>
        <time>2026-08-24T23:12:58.000Z</time>
        <extensions>
          <ns3:TrackPointExtension>
            <ns3:hr>143</ns3:hr>
            <ns3:cad>81</ns3:cad>
          </ns3:TrackPointExtension>
        </extensions>
      </trkpt>
      <trkpt lat="23.04986500181257724761962890625" lon="113.3128040470182895660400390625">
        <ele>6.19999980926513671875</ele>
        <time>2026-08-24T23:12:59.000Z</time>
        <extensions>
          <ns3:TrackPointExtension>
            <ns3:hr>143</ns3:hr>
            <ns3:cad>81</ns3:cad>
          </ns3:TrackPointExtension>
        </extensions>
      </trkpt>
      <trkpt lat="23.0498637445271015167236328125" lon="113.3127809129655361175537109375">
        <ele>6</ele>
        <time>2026-08-24T23:13:00.000Z</time>
        <extensions>
          <ns3:TrackPointExtension>
            <ns3:hr>143</ns3:hr>
            <ns3:cad>80</ns3:cad>
          </ns3:TrackPointExtension>
        </extensions>
      </trkpt>
      <trkpt lat="23.04986617527902126312255859375" lon="113.31274763680994510650634765625">
        <ele>6</ele>
        <time>2026-08-24T23:13:01.000Z</time>
        <extensions>
          <ns3:TrackPointExtension>
            <ns3:hr>143</ns3:hr>
            <ns3:cad>80</ns3:cad>
          </ns3:TrackPointExtension>
        </extensions>
      </trkpt>
      <trkpt lat="23.04986014030873775482177734375" lon="113.31273011863231658935546875">
        <ele>6</ele>
        <time>2026-08-24T23:13:02.000Z</time>
        <extensions>
          <ns3:TrackPointExtension>
            <ns3:hr>143</ns3:hr>
            <ns3:cad>80</ns3:cad>
          </ns3:TrackPointExtension>
        </extensions>
      </trkpt>
      <trkpt lat="23.04985980503261089324951171875" lon="113.3127068169414997100830078125">
        <ele>6</ele>
        <time>2026-08-24T23:13:03.000Z</time>
        <extensions>
          <ns3:TrackPointExtension>
            <ns3:hr>144</ns3:hr>
            <ns3:cad>81</ns3:cad>
          </ns3:TrackPointExtension>
        </extensions>
      </trkpt>
      <trkpt lat="23.04986332543194293975830078125" lon="113.31267823465168476104736328125">
        <ele>6</ele>
        <time>2026-08-24T23:13:04.000Z</time>
        <extensions>
          <ns3:TrackPointExtension>
            <ns3:hr>143</ns3:hr>
            <ns3:cad>81</ns3:cad>
          </ns3:TrackPointExtension>
        </extensions>
      </trkpt>
      <trkpt lat="23.0498603917658329010009765625" lon="113.31265929155051708221435546875">
        <ele>6.19999980926513671875</ele>
        <time>2026-08-24T23:13:05.000Z</time>
        <extensions>
          <ns3:TrackPointExtension>
            <ns3:hr>143</ns3:hr>
            <ns3:cad>81</ns3:cad>
          </ns3:TrackPointExtension>
        </extensions>
      </trkpt>
      <trkpt lat="23.04985754191875457763671875" lon="113.3126342296600341796875">
        <ele>6.19999980926513671875</ele>
        <time>2026-08-24T23:13:06.000Z</time>
        <extensions>
          <ns3:TrackPointExtension>
            <ns3:hr>143</ns3:hr>
            <ns3:cad>81</ns3:cad>
          </ns3:TrackPointExtension>
        </extensions>
      </trkpt>
      <trkpt lat="23.04986734874546527862548828125" lon="113.3126062341034412384033203125">
        <ele>6.19999980926513671875</ele>
        <time>2026-08-24T23:13:07.000Z</time>
        <extensions>
          <ns3:TrackPointExtension>
            <ns3:hr>142</ns3:hr>
            <ns3:cad>81</ns3:cad>
          </ns3:TrackPointExtension>
        </extensions>
      </trkpt>
      <trkpt lat="23.04986701346933841705322265625" lon="113.31258284859359264373779296875">
        <ele>6.19999980926513671875</ele>
        <time>2026-08-24T23:13:08.000Z</time>
        <extensions>
          <ns3:TrackPointExtension>
            <ns3:hr>141</ns3:hr>
            <ns3:cad>81</ns3:cad>
          </ns3:TrackPointExtension>
        </extensions>
      </trkpt>
      <trkpt lat="23.049866594374179840087890625" lon="113.31255585886538028717041015625">
        <ele>6.19999980926513671875</ele>
        <time>2026-08-24T23:13:09.000Z</time>
        <extensions>
          <ns3:TrackPointExtension>
            <ns3:hr>140</ns3:hr>
            <ns3:cad>81</ns3:cad>
          </ns3:TrackPointExtension>
        </extensions>
      </trkpt>
      <trkpt lat="23.0498694442212581634521484375" lon="113.3125334791839122772216796875">
        <ele>6.19999980926513671875</ele>
        <time>2026-08-24T23:13:10.000Z</time>
        <extensions>
          <ns3:TrackPointExtension>
            <ns3:hr>140</ns3:hr>
            <ns3:cad>81</ns3:cad>
          </ns3:TrackPointExtension>
        </extensions>
      </trkpt>
      <trkpt lat="23.04986516945064067840576171875" lon="113.3125157095491886138916015625">
        <ele>6.19999980926513671875</ele>
        <time>2026-08-24T23:13:11.000Z</time>
        <extensions>
          <ns3:TrackPointExtension>
            <ns3:hr>140</ns3:hr>
            <ns3:cad>81</ns3:cad>
          </ns3:TrackPointExtension>
        </extensions>
      </trkpt>
      <trkpt lat="23.0498660914599895477294921875" lon="113.31248779781162738800048828125">
        <ele>6.19999980926513671875</ele>
        <time>2026-08-24T23:13:12.000Z</time>
        <extensions>
          <ns3:TrackPointExtension>
            <ns3:hr>141</ns3:hr>
            <ns3:cad>80</ns3:cad>
          </ns3:TrackPointExtension>
        </extensions>
      </trkpt>
      <trkpt lat="23.04986734874546527862548828125" lon="113.31247019581496715545654296875">
        <ele>6.19999980926513671875</ele>
        <time>2026-08-24T23:13:13.000Z</time>
        <extensions>
          <ns3:TrackPointExtension>
            <ns3:hr>141</ns3:hr>
            <ns3:cad>80</ns3:cad>
          </ns3:TrackPointExtension>
        </extensions>
      </trkpt>
      <trkpt lat="23.0498667620122432708740234375" lon="113.312444128096103668212890625">
        <ele>6.19999980926513671875</ele>
        <time>2026-08-24T23:13:14.000Z</time>
        <extensions>
          <ns3:TrackPointExtension>
            <ns3:hr>141</ns3:hr>
            <ns3:cad>80</ns3:cad>
          </ns3:TrackPointExtension>
        </extensions>
      </trkpt>
      <trkpt lat="23.04986768402159214019775390625" lon="113.31241370178759098052978515625">
        <ele>6</ele>
        <time>2026-08-24T23:13:15.000Z</time>
        <extensions>
          <ns3:TrackPointExtension>
            <ns3:hr>141</ns3:hr>
            <ns3:cad>80</ns3:cad>
          </ns3:TrackPointExtension>
        </extensions>
      </trkpt>
      <trkpt lat="23.04987019859254360198974609375" lon="113.31239744089543819427490234375">
        <ele>6</ele>
        <time>2026-08-24T23:13:16.000Z</time>
        <extensions>
          <ns3:TrackPointExtension>
            <ns3:hr>141</ns3:hr>
            <ns3:cad>81</ns3:cad>
          </ns3:TrackPointExtension>
        </extensions>
      </trkpt>
      <trkpt lat="23.04986894130706787109375" lon="113.31237380392849445343017578125">
        <ele>6</ele>
        <time>2026-08-24T23:13:17.000Z</time>
        <extensions>
          <ns3:TrackPointExtension>
            <ns3:hr>141</ns3:hr>
            <ns3:cad>81</ns3:cad>
          </ns3:TrackPointExtension>
        </extensions>
      </trkpt>
      <trkpt lat="23.049873299896717071533203125" lon="113.3123433776199817657470703125">
        <ele>6</ele>
        <time>2026-08-24T23:13:18.000Z</time>
        <extensions>
          <ns3:TrackPointExtension>
            <ns3:hr>141</ns3:hr>
            <ns3:cad>81</ns3:cad>
          </ns3:TrackPointExtension>
        </extensions>
      </trkpt>
      <trkpt lat="23.04986550472676753997802734375" lon="113.312326781451702117919921875">
        <ele>6</ele>
        <time>2026-08-24T23:13:19.000Z</time>
        <extensions>
          <ns3:TrackPointExtension>
            <ns3:hr>141</ns3:hr>
            <ns3:cad>81</ns3:cad>
          </ns3:TrackPointExtension>
        </extensions>
      </trkpt>
      <trkpt lat="23.04986014030873775482177734375" lon="113.3123031444847583770751953125">
        <ele>6</ele>
        <time>2026-08-24T23:13:20.000Z</time>
        <extensions>
          <ns3:TrackPointExtension>
            <ns3:hr>141</ns3:hr>
            <ns3:cad>81</ns3:cad>
          </ns3:TrackPointExtension>
        </extensions>
      </trkpt>
      <trkpt lat="23.0498634092509746551513671875" lon="113.3122749812901020050048828125">
        <ele>6</ele>
        <time>2026-08-24T23:13:21.000Z</time>
        <extensions>
          <ns3:TrackPointExtension>
            <ns3:hr>141</ns3:hr>
            <ns3:cad>80</ns3:cad>
          </ns3:TrackPointExtension>
        </extensions>
      </trkpt>
      <trkpt lat="23.04986081086099147796630859375" lon="113.31225830130279064178466796875">
        <ele>6</ele>
        <time>2026-08-24T23:13:22.000Z</time>
        <extensions>
          <ns3:TrackPointExtension>
            <ns3:hr>142</ns3:hr>
            <ns3:cad>80</ns3:cad>
          </ns3:TrackPointExtension>
        </extensions>
      </trkpt>
      <trkpt lat="23.0498617328703403472900390625" lon="113.312234580516815185546875">
        <ele>6</ele>
        <time>2026-08-24T23:13:23.000Z</time>
        <extensions>
          <ns3:TrackPointExtension>
            <ns3:hr>142</ns3:hr>
            <ns3:cad>80</ns3:cad>
          </ns3:TrackPointExtension>
        </extensions>
      </trkpt>
      <trkpt lat="23.04986299015581607818603515625" lon="113.312210105359554290771484375">
        <ele>6</ele>
        <time>2026-08-24T23:13:24.000Z</time>
        <extensions>
          <ns3:TrackPointExtension>
            <ns3:hr>143</ns3:hr>
            <ns3:cad>80</ns3:cad>
          </ns3:TrackPointExtension>
        </extensions>
      </trkpt>
      <trkpt lat="23.04986282251775264739990234375" lon="113.3121948502957820892333984375">
        <ele>6</ele>
        <time>2026-08-24T23:13:25.000Z</time>
        <extensions>
          <ns3:TrackPointExtension>
            <ns3:hr>143</ns3:hr>
            <ns3:cad>80</ns3:cad>
          </ns3:TrackPointExtension>
        </extensions>
      </trkpt>
      <trkpt lat="23.0498654209077358245849609375" lon="113.3121663518249988555908203125">
        <ele>6</ele>
        <time>2026-08-24T23:13:26.000Z</time>
        <extensions>
          <ns3:TrackPointExtension>
            <ns3:hr>143</ns3:hr>
            <ns3:cad>81</ns3:cad>
          </ns3:TrackPointExtension>
        </extensions>
      </trkpt>
      <trkpt lat="23.049866594374179840087890625" lon="113.31214045174419879913330078125">
        <ele>6.19999980926513671875</ele>
        <time>2026-08-24T23:13:27.000Z</time>
        <extensions>
          <ns3:TrackPointExtension>
            <ns3:hr>143</ns3:hr>
            <ns3:cad>81</ns3:cad>
          </ns3:TrackPointExtension>
        </extensions>
      </trkpt>
      <trkpt lat="23.04986248724162578582763671875" lon="113.31212393939495086669921875">
        <ele>6.19999980926513671875</ele>
        <time>2026-08-24T23:13:28.000Z</time>
        <extensions>
          <ns3:TrackPointExtension>
            <ns3:hr>143</ns3:hr>
            <ns3:cad>81</ns3:cad>
          </ns3:TrackPointExtension>
        </extensions>
      </trkpt>
      <trkpt lat="23.04985913448035717010498046875" lon="113.3120989613234996795654296875">
        <ele>6.19999980926513671875</ele>
        <time>2026-08-24T23:13:29.000Z</time>
        <extensions>
          <ns3:TrackPointExtension>
            <ns3:hr>143</ns3:hr>
            <ns3:cad>81</ns3:cad>
          </ns3:TrackPointExtension>
        </extensions>
      </trkpt>
      <trkpt lat="23.04985745809972286224365234375" lon="113.31208010204136371612548828125">
        <ele>6.19999980926513671875</ele>
        <time>2026-08-24T23:13:30.000Z</time>
        <extensions>
          <ns3:TrackPointExtension>
            <ns3:hr>143</ns3:hr>
            <ns3:cad>81</ns3:cad>
          </ns3:TrackPointExtension>
        </extensions>
      </trkpt>
      <trkpt lat="23.04984756745398044586181640625" lon="113.3120630867779254913330078125">
        <ele>6.19999980926513671875</ele>
        <time>2026-08-24T23:13:31.000Z</time>
        <extensions>
          <ns3:TrackPointExtension>
            <ns3:hr>144</ns3:hr>
            <ns3:cad>81</ns3:cad>
          </ns3:TrackPointExtension>
        </extensions>
      </trkpt>
      <trkpt lat="23.0498380959033966064453125" lon="113.31203299574553966522216796875">
        <ele>6</ele>
        <time>2026-08-24T23:13:32.000Z</time>
        <extensions>
          <ns3:TrackPointExtension>
            <ns3:hr>144</ns3:hr>
            <ns3:cad>81</ns3:cad>
          </ns3:TrackPointExtension>
        </extensions>
      </trkpt>
      <trkpt lat="23.04982669651508331298828125" lon="113.31201673485338687896728515625">
        <ele>6</ele>
        <time>2026-08-24T23:13:33.000Z</time>
        <extensions>
          <ns3:TrackPointExtension>
            <ns3:hr>144</ns3:hr>
            <ns3:cad>81</ns3:cad>
          </ns3:TrackPointExtension>
        </extensions>
      </trkpt>
      <trkpt lat="23.04981236346065998077392578125" lon="113.31200432963669300079345703125">
        <ele>6</ele>
        <time>2026-08-24T23:13:34.000Z</time>
        <extensions>
          <ns3:TrackPointExtension>
            <ns3:hr>144</ns3:hr>
            <ns3:cad>80</ns3:cad>
          </ns3:TrackPointExtension>
        </extensions>
      </trkpt>
      <trkpt lat="23.04979593493044376373291015625" lon="113.3119792677462100982666015625">
        <ele>5.80000019073486328125</ele>
        <time>2026-08-24T23:13:35.000Z</time>
        <extensions>
          <ns3:TrackPointExtension>
            <ns3:hr>143</ns3:hr>
            <ns3:cad>80</ns3:cad>
          </ns3:TrackPointExtension>
        </extensions>
      </trkpt>
      <trkpt lat="23.0497819371521472930908203125" lon="113.3119631744921207427978515625">
        <ele>5.80000019073486328125</ele>
        <time>2026-08-24T23:13:36.000Z</time>
        <extensions>
          <ns3:TrackPointExtension>
            <ns3:hr>143</ns3:hr>
            <ns3:cad>81</ns3:cad>
          </ns3:TrackPointExtension>
        </extensions>
      </trkpt>
      <trkpt lat="23.0497656762599945068359375" lon="113.31195219419896602630615234375">
        <ele>5.80000019073486328125</ele>
        <time>2026-08-24T23:13:37.000Z</time>
        <extensions>
          <ns3:TrackPointExtension>
            <ns3:hr>143</ns3:hr>
            <ns3:cad>81</ns3:cad>
          </ns3:TrackPointExtension>
        </extensions>
      </trkpt>
      <trkpt lat="23.049751259386539459228515625" lon="113.311933837831020355224609375">
        <ele>6</ele>
        <time>2026-08-24T23:13:38.000Z</time>
        <extensions>
          <ns3:TrackPointExtension>
            <ns3:hr>143</ns3:hr>
            <ns3:cad>80</ns3:cad>
          </ns3:TrackPointExtension>
        </extensions>
      </trkpt>
      <trkpt lat="23.049733825027942657470703125" lon="113.3119266293942928314208984375">
        <ele>6</ele>
        <time>2026-08-24T23:13:39.000Z</time>
        <extensions>
          <ns3:TrackPointExtension>
            <ns3:hr>144</ns3:hr>
            <ns3:cad>80</ns3:cad>
          </ns3:TrackPointExtension>
        </extensions>
      </trkpt>
      <trkpt lat="23.04971270263195037841796875" lon="113.31192168407142162322998046875">
        <ele>6</ele>
        <time>2026-08-24T23:13:40.000Z</time>
        <extensions>
          <ns3:TrackPointExtension>
            <ns3:hr>144</ns3:hr>
            <ns3:cad>80</ns3:cad>
          </ns3:TrackPointExtension>
        </extensions>
      </trkpt>
      <trkpt lat="23.049696274101734161376953125" lon="113.3119055069983005523681640625">
        <ele>6</ele>
        <time>2026-08-24T23:13:41.000Z</time>
        <extensions>
          <ns3:TrackPointExtension>
            <ns3:hr>145</ns3:hr>
            <ns3:cad>81</ns3:cad>
          </ns3:TrackPointExtension>
        </extensions>
      </trkpt>
      <trkpt lat="23.04967825300991535186767578125" lon="113.31190139986574649810791015625">
        <ele>5.80000019073486328125</ele>
        <time>2026-08-24T23:13:42.000Z</time>
        <extensions>
          <ns3:TrackPointExtension>
            <ns3:hr>146</ns3:hr>
            <ns3:cad>81</ns3:cad>
          </ns3:TrackPointExtension>
        </extensions>
      </trkpt>
      <trkpt lat="23.049658723175525665283203125" lon="113.31189058721065521240234375">
        <ele>6</ele>
        <time>2026-08-24T23:13:43.000Z</time>
        <extensions>
          <ns3:TrackPointExtension>
            <ns3:hr>146</ns3:hr>
            <ns3:cad>81</ns3:cad>
          </ns3:TrackPointExtension>
        </extensions>
      </trkpt>
      <trkpt lat="23.0496427975594997406005859375" lon="113.31187692470848560333251953125">
        <ele>6</ele>
        <time>2026-08-24T23:13:44.000Z</time>
        <extensions>
          <ns3:TrackPointExtension>
            <ns3:hr>146</ns3:hr>
            <ns3:cad>81</ns3:cad>
          </ns3:TrackPointExtension>
        </extensions>
      </trkpt>
      <trkpt lat="23.04962947033345699310302734375" lon="113.3118699677288532257080078125">
        <ele>6</ele>
        <time>2026-08-24T23:13:45.000Z</time>
        <extensions>
          <ns3:TrackPointExtension>
            <ns3:hr>146</ns3:hr>
            <ns3:cad>80</ns3:cad>
          </ns3:TrackPointExtension>
        </extensions>
      </trkpt>
      <trkpt lat="23.04960541427135467529296875" lon="113.3118602447211742401123046875">
        <ele>6</ele>
        <time>2026-08-24T23:13:46.000Z</time>
        <extensions>
          <ns3:TrackPointExtension>
            <ns3:hr>145</ns3:hr>
            <ns3:cad>80</ns3:cad>
          </ns3:TrackPointExtension>
        </extensions>
      </trkpt>
      <trkpt lat="23.049586974084377288818359375" lon="113.3118515275418758392333984375">
        <ele>6</ele>
        <time>2026-08-24T23:13:47.000Z</time>
        <extensions>
          <ns3:TrackPointExtension>
            <ns3:hr>145</ns3:hr>
            <ns3:cad>81</ns3:cad>
          </ns3:TrackPointExtension>
        </extensions>
      </trkpt>
      <trkpt lat="23.0495670251548290252685546875" lon="113.31184289418160915374755859375">
        <ele>6</ele>
        <time>2026-08-24T23:13:48.000Z</time>
        <extensions>
          <ns3:TrackPointExtension>
            <ns3:hr>145</ns3:hr>
            <ns3:cad>81</ns3:cad>
          </ns3:TrackPointExtension>
        </extensions>
      </trkpt>
      <trkpt lat="23.0495403707027435302734375" lon="113.31183157861232757568359375">
        <ele>6</ele>
        <time>2026-08-24T23:13:49.000Z</time>
        <extensions>
          <ns3:TrackPointExtension>
            <ns3:hr>145</ns3:hr>
            <ns3:cad>81</ns3:cad>
          </ns3:TrackPointExtension>
        </extensions>
      </trkpt>
      <trkpt lat="23.04952234961092472076416015625" lon="113.311827220022678375244140625">
        <ele>5.80000019073486328125</ele>
        <time>2026-08-24T23:13:50.000Z</time>
        <extensions>
          <ns3:TrackPointExtension>
            <ns3:hr>145</ns3:hr>
            <ns3:cad>80</ns3:cad>
          </ns3:TrackPointExtension>
        </extensions>
      </trkpt>
      <trkpt lat="23.04950349032878875732421875" lon="113.3118210174143314361572265625">
        <ele>5.80000019073486328125</ele>
        <time>2026-08-24T23:13:51.000Z</time>
        <extensions>
          <ns3:TrackPointExtension>
            <ns3:hr>145</ns3:hr>
            <ns3:cad>80</ns3:cad>
          </ns3:TrackPointExtension>
        </extensions>
      </trkpt>
      <trkpt lat="23.04948077537119388580322265625" lon="113.31181540153920650482177734375">
        <ele>5.599999904632568359375</ele>
        <time>2026-08-24T23:13:52.000Z</time>
        <extensions>
          <ns3:TrackPointExtension>
            <ns3:hr>144</ns3:hr>
            <ns3:cad>80</ns3:cad>
          </ns3:TrackPointExtension>
        </extensions>
      </trkpt>
      <trkpt lat="23.04946535266935825347900390625" lon="113.3118139766156673431396484375">
        <ele>5.400000095367431640625</ele>
        <time>2026-08-24T23:13:53.000Z</time>
        <extensions>
          <ns3:TrackPointExtension>
            <ns3:hr>145</ns3:hr>
            <ns3:cad>81</ns3:cad>
          </ns3:TrackPointExtension>
        </extensions>
      </trkpt>
      <trkpt lat="23.04944314062595367431640625" lon="113.3118156529963016510009765625">
        <ele>5.400000095367431640625</ele>
        <time>2026-08-24T23:13:54.000Z</time>
        <extensions>
          <ns3:TrackPointExtension>
            <ns3:hr>145</ns3:hr>
            <ns3:cad>81</ns3:cad>
          </ns3:TrackPointExtension>
        </extensions>
      </trkpt>
      <trkpt lat="23.04941765964031219482421875" lon="113.311808109283447265625">
        <ele>5.400000095367431640625</ele>
        <time>2026-08-24T23:13:55.000Z</time>
        <extensions>
          <ns3:TrackPointExtension>
            <ns3:hr>145</ns3:hr>
            <ns3:cad>81</ns3:cad>
          </ns3:TrackPointExtension>
        </extensions>
      </trkpt>
      <trkpt lat="23.04939695633947849273681640625" lon="113.31180266104638576507568359375">
        <ele>5.400000095367431640625</ele>
        <time>2026-08-24T23:13:56.000Z</time>
        <extensions>
          <ns3:TrackPointExtension>
            <ns3:hr>145</ns3:hr>
            <ns3:cad>81</ns3:cad>
          </ns3:TrackPointExtension>
        </extensions>
      </trkpt>
      <trkpt lat="23.04937876760959625244140625" lon="113.311808444559574127197265625">
        <ele>5.400000095367431640625</ele>
        <time>2026-08-24T23:13:57.000Z</time>
        <extensions>
          <ns3:TrackPointExtension>
            <ns3:hr>145</ns3:hr>
            <ns3:cad>81</ns3:cad>
          </ns3:TrackPointExtension>
        </extensions>
      </trkpt>
      <trkpt lat="23.04935923777520656585693359375" lon="113.3118102885782718658447265625">
        <ele>5.400000095367431640625</ele>
        <time>2026-08-24T23:13:58.000Z</time>
        <extensions>
          <ns3:TrackPointExtension>
            <ns3:hr>145</ns3:hr>
            <ns3:cad>81</ns3:cad>
          </ns3:TrackPointExtension>
        </extensions>
      </trkpt>
      <trkpt lat="23.04933627136051654815673828125" lon="113.3118042536079883575439453125">
        <ele>5.400000095367431640625</ele>
        <time>2026-08-24T23:13:59.000Z</time>
        <extensions>
          <ns3:TrackPointExtension>
            <ns3:hr>145</ns3:hr>
            <ns3:cad>80</ns3:cad>
          </ns3:TrackPointExtension>
        </extensions>
      </trkpt>
      <trkpt lat="23.04931732825934886932373046875" lon="113.31180416978895664215087890625">
        <ele>5.400000095367431640625</ele>
        <time>2026-08-24T23:14:00.000Z</time>
        <extensions>
          <ns3:TrackPointExtension>
            <ns3:hr>145</ns3:hr>
            <ns3:cad>80</ns3:cad>
          </ns3:TrackPointExtension>
        </extensions>
      </trkpt>
      <trkpt lat="23.04929452948272228240966796875" lon="113.31179260276257991790771484375">
        <ele>5.400000095367431640625</ele>
        <time>2026-08-24T23:14:01.000Z</time>
        <extensions>
          <ns3:TrackPointExtension>
            <ns3:hr>145</ns3:hr>
            <ns3:cad>80</ns3:cad>
          </ns3:TrackPointExtension>
        </extensions>
      </trkpt>
      <trkpt lat="23.0492793582379817962646484375" lon="113.31178723834455013275146484375">
        <ele>5.400000095367431640625</ele>
        <time>2026-08-24T23:14:02.000Z</time>
        <extensions>
          <ns3:TrackPointExtension>
            <ns3:hr>145</ns3:hr>
            <ns3:cad>80</ns3:cad>
          </ns3:TrackPointExtension>
        </extensions>
      </trkpt>
      <trkpt lat="23.04926586337387561798095703125" lon="113.3117663674056529998779296875">
        <ele>5.400000095367431640625</ele>
        <time>2026-08-24T23:14:03.000Z</time>
        <extensions>
          <ns3:TrackPointExtension>
            <ns3:hr>145</ns3:hr>
            <ns3:cad>80</ns3:cad>
          </ns3:TrackPointExtension>
        </extensions>
      </trkpt>
      <trkpt lat="23.0492542125284671783447265625" lon="113.31174549646675586700439453125">
        <ele>5.400000095367431640625</ele>
        <time>2026-08-24T23:14:04.000Z</time>
        <extensions>
          <ns3:TrackPointExtension>
            <ns3:hr>145</ns3:hr>
            <ns3:cad>80</ns3:cad>
          </ns3:TrackPointExtension>
        </extensions>
      </trkpt>
      <trkpt lat="23.04923954419791698455810546875" lon="113.3117298223078250885009765625">
        <ele>5.400000095367431640625</ele>
        <time>2026-08-24T23:14:05.000Z</time>
        <extensions>
          <ns3:TrackPointExtension>
            <ns3:hr>145</ns3:hr>
            <ns3:cad>81</ns3:cad>
          </ns3:TrackPointExtension>
        </extensions>
      </trkpt>
      <trkpt lat="23.0492230318486690521240234375" lon="113.31170953810214996337890625">
        <ele>5.400000095367431640625</ele>
        <time>2026-08-24T23:14:06.000Z</time>
        <extensions>
          <ns3:TrackPointExtension>
            <ns3:hr>145</ns3:hr>
            <ns3:cad>81</ns3:cad>
          </ns3:TrackPointExtension>
        </extensions>
      </trkpt>
      <trkpt lat="23.04921540431678295135498046875" lon="113.31168984062969684600830078125">
        <ele>5.400000095367431640625</ele>
        <time>2026-08-24T23:14:07.000Z</time>
        <extensions>
          <ns3:TrackPointExtension>
            <ns3:hr>144</ns3:hr>
            <ns3:cad>80</ns3:cad>
          </ns3:TrackPointExtension>
        </extensions>
      </trkpt>
      <trkpt lat="23.04921171627938747406005859375" lon="113.31166838295757770538330078125">
        <ele>5.400000095367431640625</ele>
        <time>2026-08-24T23:14:08.000Z</time>
        <extensions>
          <ns3:TrackPointExtension>
            <ns3:hr>144</ns3:hr>
            <ns3:cad>80</ns3:cad>
          </ns3:TrackPointExtension>
        </extensions>
      </trkpt>
      <trkpt lat="23.04922051727771759033203125" lon="113.31164021976292133331298828125">
        <ele>5.400000095367431640625</ele>
        <time>2026-08-24T23:14:09.000Z</time>
        <extensions>
          <ns3:TrackPointExtension>
            <ns3:hr>144</ns3:hr>
            <ns3:cad>80</ns3:cad>
          </ns3:TrackPointExtension>
        </extensions>
      </trkpt>
      <trkpt lat="23.04923384450376033782958984375" lon="113.3116188459098339080810546875">
        <ele>5.400000095367431640625</ele>
        <time>2026-08-24T23:14:10.000Z</time>
        <extensions>
          <ns3:TrackPointExtension>
            <ns3:hr>144</ns3:hr>
            <ns3:cad>79</ns3:cad>
          </ns3:TrackPointExtension>
        </extensions>
      </trkpt>
      <trkpt lat="23.0492377839982509613037109375" lon="113.31159747205674648284912109375">
        <ele>5.599999904632568359375</ele>
        <time>2026-08-24T23:14:11.000Z</time>
        <extensions>
          <ns3:TrackPointExtension>
            <ns3:hr>144</ns3:hr>
            <ns3:cad>79</ns3:cad>
          </ns3:TrackPointExtension>
        </extensions>
      </trkpt>
      <trkpt lat="23.04924641735851764678955078125" lon="113.31156662665307521820068359375">
        <ele>5.599999904632568359375</ele>
        <time>2026-08-24T23:14:12.000Z</time>
        <extensions>
          <ns3:TrackPointExtension>
            <ns3:hr>144</ns3:hr>
            <ns3:cad>79</ns3:cad>
          </ns3:TrackPointExtension>
        </extensions>
      </trkpt>
      <trkpt lat="23.049251027405261993408203125" lon="113.3115474320948123931884765625">
        <ele>5.80000019073486328125</ele>
        <time>2026-08-24T23:14:13.000Z</time>
        <extensions>
          <ns3:TrackPointExtension>
            <ns3:hr>144</ns3:hr>
            <ns3:cad>79</ns3:cad>
          </ns3:TrackPointExtension>
        </extensions>
      </trkpt>
      <trkpt lat="23.049253709614276885986328125" lon="113.31152840517461299896240234375">
        <ele>5.80000019073486328125</ele>
        <time>2026-08-24T23:14:14.000Z</time>
        <extensions>
          <ns3:TrackPointExtension>
            <ns3:hr>144</ns3:hr>
            <ns3:cad>80</ns3:cad>
          </ns3:TrackPointExtension>
        </extensions>
      </trkpt>
      <trkpt lat="23.0492641031742095947265625" lon="113.3115004934370517730712890625">
        <ele>5.80000019073486328125</ele>
        <time>2026-08-24T23:14:15.000Z</time>
        <extensions>
          <ns3:TrackPointExtension>
            <ns3:hr>143</ns3:hr>
            <ns3:cad>81</ns3:cad>
          </ns3:TrackPointExtension>
        </extensions>
      </trkpt>
      <trkpt lat="23.049270808696746826171875" lon="113.31148783676326274871826171875">
        <ele>5.80000019073486328125</ele>
        <time>2026-08-24T23:14:16.000Z</time>
        <extensions>
          <ns3:TrackPointExtension>
            <ns3:hr>143</ns3:hr>
            <ns3:cad>81</ns3:cad>
          </ns3:TrackPointExtension>
        </extensions>
      </trkpt>
      <trkpt lat="23.04927952587604522705078125" lon="113.3114662952721118927001953125">
        <ele>5.80000019073486328125</ele>
        <time>2026-08-24T23:14:17.000Z</time>
        <extensions>
          <ns3:TrackPointExtension>
            <ns3:hr>143</ns3:hr>
            <ns3:cad>80</ns3:cad>
          </ns3:TrackPointExtension>
        </extensions>
      </trkpt>
      <trkpt lat="23.04929318837821483612060546875" lon="113.311433605849742889404296875">
        <ele>5.80000019073486328125</ele>
        <time>2026-08-24T23:14:18.000Z</time>
        <extensions>
          <ns3:TrackPointExtension>
            <ns3:hr>143</ns3:hr>
            <ns3:cad>80</ns3:cad>
          </ns3:TrackPointExtension>
        </extensions>
      </trkpt>
      <trkpt lat="23.04930039681494235992431640625" lon="113.31141307018697261810302734375">
        <ele>5.80000019073486328125</ele>
        <time>2026-08-24T23:14:19.000Z</time>
        <extensions>
          <ns3:TrackPointExtension>
            <ns3:hr>143</ns3:hr>
            <ns3:cad>80</ns3:cad>
          </ns3:TrackPointExtension>
        </extensions>
      </trkpt>
      <trkpt lat="23.0493095330893993377685546875" lon="113.311392702162265777587890625">
        <ele>5.599999904632568359375</ele>
        <time>2026-08-24T23:14:20.000Z</time>
        <extensions>
          <ns3:TrackPointExtension>
            <ns3:hr>143</ns3:hr>
            <ns3:cad>80</ns3:cad>
          </ns3:TrackPointExtension>
        </extensions>
      </trkpt>
      <trkpt lat="23.04931783117353916168212890625" lon="113.3113694004714488983154296875">
        <ele>5.599999904632568359375</ele>
        <time>2026-08-24T23:14:21.000Z</time>
        <extensions>
          <ns3:TrackPointExtension>
            <ns3:hr>143</ns3:hr>
            <ns3:cad>80</ns3:cad>
          </ns3:TrackPointExtension>
        </extensions>
      </trkpt>
      <trkpt lat="23.0493202619254589080810546875" lon="113.3113580010831356048583984375">
        <ele>5.400000095367431640625</ele>
        <time>2026-08-24T23:14:22.000Z</time>
        <extensions>
          <ns3:TrackPointExtension>
            <ns3:hr>143</ns3:hr>
            <ns3:cad>81</ns3:cad>
          </ns3:TrackPointExtension>
        </extensions>
      </trkpt>
      <trkpt lat="23.04933057166635990142822265625" lon="113.31134073436260223388671875">
        <ele>5.400000095367431640625</ele>
        <time>2026-08-24T23:14:23.000Z</time>
        <extensions>
          <ns3:TrackPointExtension>
            <ns3:hr>143</ns3:hr>
            <ns3:cad>81</ns3:cad>
          </ns3:TrackPointExtension>
        </extensions>
      </trkpt>
      <trkpt lat="23.049345910549163818359375" lon="113.3113217912614345550537109375">
        <ele>5.19999980926513671875</ele>
        <time>2026-08-24T23:14:24.000Z</time>
        <extensions>
          <ns3:TrackPointExtension>
            <ns3:hr>143</ns3:hr>
            <ns3:cad>81</ns3:cad>
          </ns3:TrackPointExtension>
        </extensions>
      </trkpt>
      <trkpt lat="23.04935236461460590362548828125" lon="113.31130913458764553070068359375">
        <ele>5</ele>
        <time>2026-08-24T23:14:25.000Z</time>
        <extensions>
          <ns3:TrackPointExtension>
            <ns3:hr>144</ns3:hr>
            <ns3:cad>81</ns3:cad>
          </ns3:TrackPointExtension>
        </extensions>
      </trkpt>
      <trkpt lat="23.049364350736141204833984375" lon="113.3112889342010021209716796875">
        <ele>4.80000019073486328125</ele>
        <time>2026-08-24T23:14:26.000Z</time>
        <extensions>
          <ns3:TrackPointExtension>
            <ns3:hr>143</ns3:hr>
            <ns3:cad>81</ns3:cad>
          </ns3:TrackPointExtension>
        </extensions>
      </trkpt>
      <trkpt lat="23.0493926815688610076904296875" lon="113.311265297234058380126953125">
        <ele>4.80000019073486328125</ele>
        <time>2026-08-24T23:14:27.000Z</time>
        <extensions>
          <ns3:TrackPointExtension>
            <ns3:hr>143</ns3:hr>
            <ns3:cad>81</ns3:cad>
          </ns3:TrackPointExtension>
        </extensions>
      </trkpt>
      <trkpt lat="23.0493980459868907928466796875" lon="113.3112493716180324554443359375">
        <ele>4.599999904632568359375</ele>
        <time>2026-08-24T23:14:28.000Z</time>
        <extensions>
          <ns3:TrackPointExtension>
            <ns3:hr>144</ns3:hr>
            <ns3:cad>81</ns3:cad>
          </ns3:TrackPointExtension>
        </extensions>
      </trkpt>
      <trkpt lat="23.049409948289394378662109375" lon="113.31122162751853466033935546875">
        <ele>4.599999904632568359375</ele>
        <time>2026-08-24T23:14:29.000Z</time>
        <extensions>
          <ns3:TrackPointExtension>
            <ns3:hr>143</ns3:hr>
            <ns3:cad>81</ns3:cad>
          </ns3:TrackPointExtension>
        </extensions>
      </trkpt>
      <trkpt lat="23.0494225211441516876220703125" lon="113.31120000220835208892822265625">
        <ele>4.400000095367431640625</ele>
        <time>2026-08-24T23:14:30.000Z</time>
        <extensions>
          <ns3:TrackPointExtension>
            <ns3:hr>143</ns3:hr>
            <ns3:cad>81</ns3:cad>
          </ns3:TrackPointExtension>
        </extensions>
      </trkpt>
      <trkpt lat="23.04942478425800800323486328125" lon="113.31118457950651645660400390625">
        <ele>4.19999980926513671875</ele>
        <time>2026-08-24T23:14:31.000Z</time>
        <extensions>
          <ns3:TrackPointExtension>
            <ns3:hr>144</ns3:hr>
            <ns3:cad>80</ns3:cad>
          </ns3:TrackPointExtension>
        </extensions>
      </trkpt>
      <trkpt lat="23.0494330823421478271484375" lon="113.3111608587205410003662109375">
        <ele>4.19999980926513671875</ele>
        <time>2026-08-24T23:14:32.000Z</time>
        <extensions>
          <ns3:TrackPointExtension>
            <ns3:hr>143</ns3:hr>
            <ns3:cad>80</ns3:cad>
          </ns3:TrackPointExtension>
        </extensions>
      </trkpt>
      <trkpt lat="23.0494459904730319976806640625" lon="113.31113982014358043670654296875">
        <ele>4.19999980926513671875</ele>
        <time>2026-08-24T23:14:33.000Z</time>
        <extensions>
          <ns3:TrackPointExtension>
            <ns3:hr>143</ns3:hr>
            <ns3:cad>80</ns3:cad>
          </ns3:TrackPointExtension>
        </extensions>
      </trkpt>
      <trkpt lat="23.04944557137787342071533203125" lon="113.31112506799399852752685546875">
        <ele>4</ele>
        <time>2026-08-24T23:14:34.000Z</time>
        <extensions>
          <ns3:TrackPointExtension>
            <ns3:hr>143</ns3:hr>
            <ns3:cad>80</ns3:cad>
          </ns3:TrackPointExtension>
        </extensions>
      </trkpt>
      <trkpt lat="23.04945780895650386810302734375" lon="113.31110126338899135589599609375">
        <ele>4</ele>
        <time>2026-08-24T23:14:35.000Z</time>
        <extensions>
          <ns3:TrackPointExtension>
            <ns3:hr>143</ns3:hr>
            <ns3:cad>80</ns3:cad>
          </ns3:TrackPointExtension>
        </extensions>
      </trkpt>
      <trkpt lat="23.04946602322161197662353515625" lon="113.311079554259777069091796875">
        <ele>4</ele>
        <time>2026-08-24T23:14:36.000Z</time>
        <extensions>
          <ns3:TrackPointExtension>
            <ns3:hr>143</ns3:hr>
            <ns3:cad>80</ns3:cad>
          </ns3:TrackPointExtension>
        </extensions>
      </trkpt>
      <trkpt lat="23.04946350865066051483154296875" lon="113.31106471829116344451904296875">
        <ele>4</ele>
        <time>2026-08-24T23:14:37.000Z</time>
        <extensions>
          <ns3:TrackPointExtension>
            <ns3:hr>143</ns3:hr>
            <ns3:cad>80</ns3:cad>
          </ns3:TrackPointExtension>
        </extensions>
      </trkpt>
      <trkpt lat="23.0494664423167705535888671875" lon="113.31103898584842681884765625">
        <ele>4</ele>
        <time>2026-08-24T23:14:38.000Z</time>
        <extensions>
          <ns3:TrackPointExtension>
            <ns3:hr>143</ns3:hr>
            <ns3:cad>80</ns3:cad>
          </ns3:TrackPointExtension>
        </extensions>
      </trkpt>
      <trkpt lat="23.0494664423167705535888671875" lon="113.31101953983306884765625">
        <ele>4</ele>
        <time>2026-08-24T23:14:39.000Z</time>
        <extensions>
          <ns3:TrackPointExtension>
            <ns3:hr>142</ns3:hr>
            <ns3:cad>81</ns3:cad>
          </ns3:TrackPointExtension>
        </extensions>
      </trkpt>
      <trkpt lat="23.04946049116551876068115234375" lon="113.31100235693156719207763671875">
        <ele>4</ele>
        <time>2026-08-24T23:14:40.000Z</time>
        <extensions>
          <ns3:TrackPointExtension>
            <ns3:hr>143</ns3:hr>
            <ns3:cad>81</ns3:cad>
          </ns3:TrackPointExtension>
        </extensions>
      </trkpt>
      <trkpt lat="23.0494597367942333221435546875" lon="113.3109761215746402740478515625">
        <ele>4</ele>
        <time>2026-08-24T23:14:41.000Z</time>
        <extensions>
          <ns3:TrackPointExtension>
            <ns3:hr>143</ns3:hr>
            <ns3:cad>80</ns3:cad>
          </ns3:TrackPointExtension>
        </extensions>
      </trkpt>
      <trkpt lat="23.0494634248316287994384765625" lon="113.3109613694250583648681640625">
        <ele>4</ele>
        <time>2026-08-24T23:14:42.000Z</time>
        <extensions>
          <ns3:TrackPointExtension>
            <ns3:hr>143</ns3:hr>
            <ns3:cad>80</ns3:cad>
          </ns3:TrackPointExtension>
        </extensions>
      </trkpt>
      <trkpt lat="23.0494630895555019378662109375" lon="113.310950137674808502197265625">
        <ele>4</ele>
        <time>2026-08-24T23:14:43.000Z</time>
        <extensions>
          <ns3:TrackPointExtension>
            <ns3:hr>143</ns3:hr>
            <ns3:cad>80</ns3:cad>
          </ns3:TrackPointExtension>
        </extensions>
      </trkpt>
      <trkpt lat="23.04946786724030971527099609375" lon="113.31092826090753078460693359375">
        <ele>4</ele>
        <time>2026-08-24T23:14:44.000Z</time>
        <extensions>
          <ns3:TrackPointExtension>
            <ns3:hr>143</ns3:hr>
            <ns3:cad>80</ns3:cad>
          </ns3:TrackPointExtension>
        </extensions>
      </trkpt>
      <trkpt lat="23.0494786798954010009765625" lon="113.3109090663492679595947265625">
        <ele>3.7999999523162841796875</ele>
        <time>2026-08-24T23:14:45.000Z</time>
        <extensions>
          <ns3:TrackPointExtension>
            <ns3:hr>143</ns3:hr>
            <ns3:cad>80</ns3:cad>
          </ns3:TrackPointExtension>
        </extensions>
      </trkpt>
      <trkpt lat="23.0494795180857181549072265625" lon="113.31089272163808345794677734375">
        <ele>3.7999999523162841796875</ele>
        <time>2026-08-24T23:14:46.000Z</time>
        <extensions>
          <ns3:TrackPointExtension>
            <ns3:hr>143</ns3:hr>
            <ns3:cad>80</ns3:cad>
          </ns3:TrackPointExtension>
        </extensions>
      </trkpt>
      <trkpt lat="23.0494822002947330474853515625" lon="113.31086732447147369384765625">
        <ele>3.7999999523162841796875</ele>
        <time>2026-08-24T23:14:47.000Z</time>
        <extensions>
          <ns3:TrackPointExtension>
            <ns3:hr>143</ns3:hr>
            <ns3:cad>80</ns3:cad>
          </ns3:TrackPointExtension>
        </extensions>
      </trkpt>
      <trkpt lat="23.04948798380792140960693359375" lon="113.310848213732242584228515625">
        <ele>3.7999999523162841796875</ele>
        <time>2026-08-24T23:14:48.000Z</time>
        <extensions>
          <ns3:TrackPointExtension>
            <ns3:hr>143</ns3:hr>
            <ns3:cad>81</ns3:cad>
          </ns3:TrackPointExtension>
        </extensions>
      </trkpt>
      <trkpt lat="23.04948831908404827117919921875" lon="113.31082843244075775146484375">
        <ele>3.7999999523162841796875</ele>
        <time>2026-08-24T23:14:49.000Z</time>
        <extensions>
          <ns3:TrackPointExtension>
            <ns3:hr>142</ns3:hr>
            <ns3:cad>81</ns3:cad>
          </ns3:TrackPointExtension>
        </extensions>
      </trkpt>
      <trkpt lat="23.0494942702353000640869140625" lon="113.31080001778900623321533203125">
        <ele>3.7999999523162841796875</ele>
        <time>2026-08-24T23:14:50.000Z</time>
        <extensions>
          <ns3:TrackPointExtension>
            <ns3:hr>143</ns3:hr>
            <ns3:cad>81</ns3:cad>
          </ns3:TrackPointExtension>
        </extensions>
      </trkpt>
      <trkpt lat="23.04949267767369747161865234375" lon="113.3107843436300754547119140625">
        <ele>3.7999999523162841796875</ele>
        <time>2026-08-24T23:14:51.000Z</time>
        <extensions>
          <ns3:TrackPointExtension>
            <ns3:hr>142</ns3:hr>
            <ns3:cad>81</ns3:cad>
          </ns3:TrackPointExtension>
        </extensions>
      </trkpt>
      <trkpt lat="23.04949133656919002532958984375" lon="113.31076414324343204498291015625">
        <ele>3.7999999523162841796875</ele>
        <time>2026-08-24T23:14:52.000Z</time>
        <extensions>
          <ns3:TrackPointExtension>
            <ns3:hr>142</ns3:hr>
            <ns3:cad>81</ns3:cad>
          </ns3:TrackPointExtension>
        </extensions>
      </trkpt>
      <trkpt lat="23.04949485696852207183837890625" lon="113.3107360638678073883056640625">
        <ele>3.7999999523162841796875</ele>
        <time>2026-08-24T23:14:53.000Z</time>
        <extensions>
          <ns3:TrackPointExtension>
            <ns3:hr>142</ns3:hr>
            <ns3:cad>81</ns3:cad>
          </ns3:TrackPointExtension>
        </extensions>
      </trkpt>
      <trkpt lat="23.04949703626334667205810546875" lon="113.31071712076663970947265625">
        <ele>3.7999999523162841796875</ele>
        <time>2026-08-24T23:14:54.000Z</time>
        <extensions>
          <ns3:TrackPointExtension>
            <ns3:hr>142</ns3:hr>
            <ns3:cad>81</ns3:cad>
          </ns3:TrackPointExtension>
        </extensions>
      </trkpt>
      <trkpt lat="23.0494920909404754638671875" lon="113.31069608218967914581298828125">
        <ele>3.7999999523162841796875</ele>
        <time>2026-08-24T23:14:55.000Z</time>
        <extensions>
          <ns3:TrackPointExtension>
            <ns3:hr>142</ns3:hr>
            <ns3:cad>81</ns3:cad>
          </ns3:TrackPointExtension>
        </extensions>
      </trkpt>
      <trkpt lat="23.0494922585785388946533203125" lon="113.310672529041767120361328125">
        <ele>3.7999999523162841796875</ele>
        <time>2026-08-24T23:14:56.000Z</time>
        <extensions>
          <ns3:TrackPointExtension>
            <ns3:hr>141</ns3:hr>
            <ns3:cad>81</ns3:cad>
          </ns3:TrackPointExtension>
        </extensions>
      </trkpt>
      <trkpt lat="23.04949385114014148712158203125" lon="113.31065383739769458770751953125">
        <ele>3.7999999523162841796875</ele>
        <time>2026-08-24T23:14:57.000Z</time>
        <extensions>
          <ns3:TrackPointExtension>
            <ns3:hr>141</ns3:hr>
            <ns3:cad>80</ns3:cad>
          </ns3:TrackPointExtension>
        </extensions>
      </trkpt>
      <trkpt lat="23.0494929291307926177978515625" lon="113.31063154153525829315185546875">
        <ele>4</ele>
        <time>2026-08-24T23:14:58.000Z</time>
        <extensions>
          <ns3:TrackPointExtension>
            <ns3:hr>141</ns3:hr>
            <ns3:cad>80</ns3:cad>
          </ns3:TrackPointExtension>
        </extensions>
      </trkpt>
      <trkpt lat="23.04948605597019195556640625" lon="113.3106146939098834991455078125">
        <ele>4</ele>
        <time>2026-08-24T23:14:59.000Z</time>
        <extensions>
          <ns3:TrackPointExtension>
            <ns3:hr>141</ns3:hr>
            <ns3:cad>80</ns3:cad>
          </ns3:TrackPointExtension>
        </extensions>
      </trkpt>
      <trkpt lat="23.04948060773313045501708984375" lon="113.31060354597866535186767578125">
        <ele>3.7999999523162841796875</ele>
        <time>2026-08-24T23:15:00.000Z</time>
        <extensions>
          <ns3:TrackPointExtension>
            <ns3:hr>140</ns3:hr>
            <ns3:cad>80</ns3:cad>
          </ns3:TrackPointExtension>
        </extensions>
      </trkpt>
      <trkpt lat="23.04947826080024242401123046875" lon="113.3105811662971973419189453125">
        <ele>3.7999999523162841796875</ele>
        <time>2026-08-24T23:15:01.000Z</time>
        <extensions>
          <ns3:TrackPointExtension>
            <ns3:hr>140</ns3:hr>
            <ns3:cad>80</ns3:cad>
          </ns3:TrackPointExtension>
        </extensions>
      </trkpt>
      <trkpt lat="23.04947943426668643951416015625" lon="113.3105637319386005401611328125">
        <ele>3.7999999523162841796875</ele>
        <time>2026-08-24T23:15:02.000Z</time>
        <extensions>
          <ns3:TrackPointExtension>
            <ns3:hr>140</ns3:hr>
            <ns3:cad>80</ns3:cad>
          </ns3:TrackPointExtension>
        </extensions>
      </trkpt>
      <trkpt lat="23.04948027245700359344482421875" lon="113.31054017879068851470947265625">
        <ele>3.7999999523162841796875</ele>
        <time>2026-08-24T23:15:03.000Z</time>
        <extensions>
          <ns3:TrackPointExtension>
            <ns3:hr>139</ns3:hr>
            <ns3:cad>80</ns3:cad>
          </ns3:TrackPointExtension>
        </extensions>
      </trkpt>
      <trkpt lat="23.0494838766753673553466796875" lon="113.3105141110718250274658203125">
        <ele>3.7999999523162841796875</ele>
        <time>2026-08-24T23:15:04.000Z</time>
        <extensions>
          <ns3:TrackPointExtension>
            <ns3:hr>139</ns3:hr>
            <ns3:cad>80</ns3:cad>
          </ns3:TrackPointExtension>
        </extensions>
      </trkpt>
      <trkpt lat="23.04948496632277965545654296875" lon="113.31049558706581592559814453125">
        <ele>3.7999999523162841796875</ele>
        <time>2026-08-24T23:15:05.000Z</time>
        <extensions>
          <ns3:TrackPointExtension>
            <ns3:hr>139</ns3:hr>
            <ns3:cad>80</ns3:cad>
          </ns3:TrackPointExtension>
        </extensions>
      </trkpt>
      <trkpt lat="23.04948471486568450927734375" lon="113.31048033200204372406005859375">
        <ele>3.7999999523162841796875</ele>
        <time>2026-08-24T23:15:06.000Z</time>
        <extensions>
          <ns3:TrackPointExtension>
            <ns3:hr>139</ns3:hr>
            <ns3:cad>80</ns3:cad>
          </ns3:TrackPointExtension>
        </extensions>
      </trkpt>
      <trkpt lat="23.04950843565165996551513671875" lon="113.310467340052127838134765625">
        <ele>3.7999999523162841796875</ele>
        <time>2026-08-24T23:15:07.000Z</time>
        <extensions>
          <ns3:TrackPointExtension>
            <ns3:hr>138</ns3:hr>
            <ns3:cad>80</ns3:cad>
          </ns3:TrackPointExtension>
        </extensions>
      </trkpt>
      <trkpt lat="23.04951681755483150482177734375" lon="113.3104641549289226531982421875">
        <ele>3.7999999523162841796875</ele>
        <time>2026-08-24T23:15:08.000Z</time>
        <extensions>
          <ns3:TrackPointExtension>
            <ns3:hr>138</ns3:hr>
            <ns3:cad>80</ns3:cad>
          </ns3:TrackPointExtension>
        </extensions>
      </trkpt>
      <trkpt lat="23.04953760467469692230224609375" lon="113.31045568920671939849853515625">
        <ele>3.7999999523162841796875</ele>
        <time>2026-08-24T23:15:09.000Z</time>
        <extensions>
          <ns3:TrackPointExtension>
            <ns3:hr>138</ns3:hr>
            <ns3:cad>80</ns3:cad>
          </ns3:TrackPointExtension>
        </extensions>
      </trkpt>
      <trkpt lat="23.04956526495516300201416015625" lon="113.3104597963392734527587890625">
        <ele>3.7999999523162841796875</ele>
        <time>2026-08-24T23:15:10.000Z</time>
        <extensions>
          <ns3:TrackPointExtension>
            <ns3:hr>138</ns3:hr>
            <ns3:cad>81</ns3:cad>
          </ns3:TrackPointExtension>
        </extensions>
      </trkpt>
      <trkpt lat="23.0495814420282840728759765625" lon="113.31046189181506633758544921875">
        <ele>3.7999999523162841796875</ele>
        <time>2026-08-24T23:15:11.000Z</time>
        <extensions>
          <ns3:TrackPointExtension>
            <ns3:hr>138</ns3:hr>
            <ns3:cad>81</ns3:cad>
          </ns3:TrackPointExtension>
        </extensions>
      </trkpt>
      <trkpt lat="23.04959879256784915924072265625" lon="113.310457281768321990966796875">
        <ele>4</ele>
        <time>2026-08-24T23:15:12.000Z</time>
        <extensions>
          <ns3:TrackPointExtension>
            <ns3:hr>137</ns3:hr>
            <ns3:cad>81</ns3:cad>
          </ns3:TrackPointExtension>
        </extensions>
      </trkpt>
      <trkpt lat="23.04961957968771457672119140625" lon="113.31046306528151035308837890625">
        <ele>4</ele>
        <time>2026-08-24T23:15:13.000Z</time>
        <extensions>
          <ns3:TrackPointExtension>
            <ns3:hr>138</ns3:hr>
            <ns3:cad>80</ns3:cad>
          </ns3:TrackPointExtension>
        </extensions>
      </trkpt>
      <trkpt lat="23.0496344156563282012939453125" lon="113.3104601316154003143310546875">
        <ele>4</ele>
        <time>2026-08-24T23:15:14.000Z</time>
        <extensions>
          <ns3:TrackPointExtension>
            <ns3:hr>137</ns3:hr>
            <ns3:cad>80</ns3:cad>
          </ns3:TrackPointExtension>
        </extensions>
      </trkpt>
      <trkpt lat="23.0496531911194324493408203125" lon="113.31046021543443202972412109375">
        <ele>4</ele>
        <time>2026-08-24T23:15:15.000Z</time>
        <extensions>
          <ns3:TrackPointExtension>
            <ns3:hr>137</ns3:hr>
            <ns3:cad>80</ns3:cad>
          </ns3:TrackPointExtension>
        </extensions>
      </trkpt>
      <trkpt lat="23.04967573843896389007568359375" lon="113.3104641549289226531982421875">
        <ele>4</ele>
        <time>2026-08-24T23:15:16.000Z</time>
        <extensions>
          <ns3:TrackPointExtension>
            <ns3:hr>137</ns3:hr>
            <ns3:cad>81</ns3:cad>
          </ns3:TrackPointExtension>
        </extensions>
      </trkpt>
      <trkpt lat="23.04969250224530696868896484375" lon="113.31046222709119319915771484375">
        <ele>4</ele>
        <time>2026-08-24T23:15:17.000Z</time>
        <extensions>
          <ns3:TrackPointExtension>
            <ns3:hr>138</ns3:hr>
            <ns3:cad>81</ns3:cad>
          </ns3:TrackPointExtension>
        </extensions>
      </trkpt>
      <trkpt lat="23.04971245117485523223876953125" lon="113.3104614727199077606201171875">
        <ele>4</ele>
        <time>2026-08-24T23:15:18.000Z</time>
        <extensions>
          <ns3:TrackPointExtension>
            <ns3:hr>138</ns3:hr>
            <ns3:cad>81</ns3:cad>
          </ns3:TrackPointExtension>
        </extensions>
      </trkpt>
      <trkpt lat="23.0497349984943866729736328125" lon="113.3104656636714935302734375">
        <ele>4</ele>
        <time>2026-08-24T23:15:19.000Z</time>
        <extensions>
          <ns3:TrackPointExtension>
            <ns3:hr>138</ns3:hr>
            <ns3:cad>81</ns3:cad>
          </ns3:TrackPointExtension>
        </extensions>
      </trkpt>
      <trkpt lat="23.04975000210106372833251953125" lon="113.31046457402408123016357421875">
        <ele>4</ele>
        <time>2026-08-24T23:15:20.000Z</time>
        <extensions>
          <ns3:TrackPointExtension>
            <ns3:hr>138</ns3:hr>
            <ns3:cad>81</ns3:cad>
          </ns3:TrackPointExtension>
        </extensions>
      </trkpt>
      <trkpt lat="23.04977213032543659210205078125" lon="113.31046993844211101531982421875">
        <ele>4</ele>
        <time>2026-08-24T23:15:21.000Z</time>
        <extensions>
          <ns3:TrackPointExtension>
            <ns3:hr>138</ns3:hr>
            <ns3:cad>81</ns3:cad>
          </ns3:TrackPointExtension>
        </extensions>
      </trkpt>
      <trkpt lat="23.0497919954359531402587890625" lon="113.31046742387115955352783203125">
        <ele>4.19999980926513671875</ele>
        <time>2026-08-24T23:15:22.000Z</time>
        <extensions>
          <ns3:TrackPointExtension>
            <ns3:hr>137</ns3:hr>
            <ns3:cad>81</ns3:cad>
          </ns3:TrackPointExtension>
        </extensions>
      </trkpt>
      <trkpt lat="23.0498037301003932952880859375" lon="113.310463987290859222412109375">
        <ele>4.19999980926513671875</ele>
        <time>2026-08-24T23:15:23.000Z</time>
        <extensions>
          <ns3:TrackPointExtension>
            <ns3:hr>138</ns3:hr>
            <ns3:cad>80</ns3:cad>
          </ns3:TrackPointExtension>
        </extensions>
      </trkpt>
      <trkpt lat="23.04982535541057586669921875" lon="113.310463987290859222412109375">
        <ele>4.19999980926513671875</ele>
        <time>2026-08-24T23:15:24.000Z</time>
        <extensions>
          <ns3:TrackPointExtension>
            <ns3:hr>138</ns3:hr>
            <ns3:cad>80</ns3:cad>
          </ns3:TrackPointExtension>
        </extensions>
      </trkpt>
      <trkpt lat="23.049832396209239959716796875" lon="113.31045920960605144500732421875">
        <ele>4.400000095367431640625</ele>
        <time>2026-08-24T23:15:25.000Z</time>
        <extensions>
          <ns3:TrackPointExtension>
            <ns3:hr>138</ns3:hr>
            <ns3:cad>81</ns3:cad>
          </ns3:TrackPointExtension>
        </extensions>
      </trkpt>
      <trkpt lat="23.04984454996883869171142578125" lon="113.31045200116932392120361328125">
        <ele>4.599999904632568359375</ele>
        <time>2026-08-24T23:15:26.000Z</time>
        <extensions>
          <ns3:TrackPointExtension>
            <ns3:hr>137</ns3:hr>
            <ns3:cad>81</ns3:cad>
          </ns3:TrackPointExtension>
        </extensions>
      </trkpt>
      <trkpt lat="23.04986248724162578582763671875" lon="113.31045300699770450592041015625">
        <ele>4.599999904632568359375</ele>
        <time>2026-08-24T23:15:27.000Z</time>
        <extensions>
          <ns3:TrackPointExtension>
            <ns3:hr>138</ns3:hr>
            <ns3:cad>81</ns3:cad>
          </ns3:TrackPointExtension>
        </extensions>
      </trkpt>
      <trkpt lat="23.049873970448970794677734375" lon="113.31044982187449932098388671875">
        <ele>4.80000019073486328125</ele>
        <time>2026-08-24T23:15:28.000Z</time>
        <extensions>
          <ns3:TrackPointExtension>
            <ns3:hr>138</ns3:hr>
            <ns3:cad>81</ns3:cad>
          </ns3:TrackPointExtension>
        </extensions>
      </trkpt>
      <trkpt lat="23.0498919077217578887939453125" lon="113.3104447089135646820068359375">
        <ele>5</ele>
        <time>2026-08-24T23:15:29.000Z</time>
        <extensions>
          <ns3:TrackPointExtension>
            <ns3:hr>138</ns3:hr>
            <ns3:cad>80</ns3:cad>
          </ns3:TrackPointExtension>
        </extensions>
      </trkpt>
      <trkpt lat="23.04991529323160648345947265625" lon="113.31044110469520092010498046875">
        <ele>5.19999980926513671875</ele>
        <time>2026-08-24T23:15:30.000Z</time>
        <extensions>
          <ns3:TrackPointExtension>
            <ns3:hr>138</ns3:hr>
            <ns3:cad>80</ns3:cad>
          </ns3:TrackPointExtension>
        </extensions>
      </trkpt>
      <trkpt lat="23.04992618970572948455810546875" lon="113.31042769365012645721435546875">
        <ele>5.400000095367431640625</ele>
        <time>2026-08-24T23:15:31.000Z</time>
        <extensions>
          <ns3:TrackPointExtension>
            <ns3:hr>137</ns3:hr>
            <ns3:cad>81</ns3:cad>
          </ns3:TrackPointExtension>
        </extensions>
      </trkpt>
      <trkpt lat="23.04994714446365833282470703125" lon="113.31041210331022739410400390625">
        <ele>5.599999904632568359375</ele>
        <time>2026-08-24T23:15:32.000Z</time>
        <extensions>
          <ns3:TrackPointExtension>
            <ns3:hr>138</ns3:hr>
            <ns3:cad>81</ns3:cad>
          </ns3:TrackPointExtension>
        </extensions>
      </trkpt>
      <trkpt lat="23.0499676801264286041259765625" lon="113.310398273169994354248046875">
        <ele>5.599999904632568359375</ele>
        <time>2026-08-24T23:15:33.000Z</time>
        <extensions>
          <ns3:TrackPointExtension>
            <ns3:hr>138</ns3:hr>
            <ns3:cad>81</ns3:cad>
          </ns3:TrackPointExtension>
        </extensions>
      </trkpt>
      <trkpt lat="23.04997916333377361297607421875" lon="113.31038125790655612945556640625">
        <ele>5.599999904632568359375</ele>
        <time>2026-08-24T23:15:34.000Z</time>
        <extensions>
          <ns3:TrackPointExtension>
            <ns3:hr>138</ns3:hr>
            <ns3:cad>80</ns3:cad>
          </ns3:TrackPointExtension>
        </extensions>
      </trkpt>
      <trkpt lat="23.04999140091240406036376953125" lon="113.31035896204411983489990234375">
        <ele>5.599999904632568359375</ele>
        <time>2026-08-24T23:15:35.000Z</time>
        <extensions>
          <ns3:TrackPointExtension>
            <ns3:hr>138</ns3:hr>
            <ns3:cad>80</ns3:cad>
          </ns3:TrackPointExtension>
        </extensions>
      </trkpt>
      <trkpt lat="23.0499985255300998687744140625" lon="113.310337923467159271240234375">
        <ele>5.599999904632568359375</ele>
        <time>2026-08-24T23:15:36.000Z</time>
        <extensions>
          <ns3:TrackPointExtension>
            <ns3:hr>138</ns3:hr>
            <ns3:cad>80</ns3:cad>
          </ns3:TrackPointExtension>
        </extensions>
      </trkpt>
      <trkpt lat="23.0499965138733386993408203125" lon="113.31032149493694305419921875">
        <ele>5.599999904632568359375</ele>
        <time>2026-08-24T23:15:37.000Z</time>
        <extensions>
          <ns3:TrackPointExtension>
            <ns3:hr>139</ns3:hr>
            <ns3:cad>80</ns3:cad>
          </ns3:TrackPointExtension>
        </extensions>
      </trkpt>
      <trkpt lat="23.04999475367367267608642578125" lon="113.3102931641042232513427734375">
        <ele>5.80000019073486328125</ele>
        <time>2026-08-24T23:15:38.000Z</time>
        <extensions>
          <ns3:TrackPointExtension>
            <ns3:hr>139</ns3:hr>
            <ns3:cad>81</ns3:cad>
          </ns3:TrackPointExtension>
        </extensions>
      </trkpt>
      <trkpt lat="23.0500028841197490692138671875" lon="113.31027262844145298004150390625">
        <ele>5.80000019073486328125</ele>
        <time>2026-08-24T23:15:39.000Z</time>
        <extensions>
          <ns3:TrackPointExtension>
            <ns3:hr>140</ns3:hr>
            <ns3:cad>81</ns3:cad>
          </ns3:TrackPointExtension>
        </extensions>
      </trkpt>
      <trkpt lat="23.05000104010105133056640625" lon="113.3102510869503021240234375">
        <ele>5.80000019073486328125</ele>
        <time>2026-08-24T23:15:40.000Z</time>
        <extensions>
          <ns3:TrackPointExtension>
            <ns3:hr>140</ns3:hr>
            <ns3:cad>80</ns3:cad>
          </ns3:TrackPointExtension>
        </extensions>
      </trkpt>
      <trkpt lat="23.05000062100589275360107421875" lon="113.31021931953728199005126953125">
        <ele>6</ele>
        <time>2026-08-24T23:15:41.000Z</time>
        <extensions>
          <ns3:TrackPointExtension>
            <ns3:hr>140</ns3:hr>
            <ns3:cad>80</ns3:cad>
          </ns3:TrackPointExtension>
        </extensions>
      </trkpt>
      <trkpt lat="23.0500035546720027923583984375" lon="113.31020255573093891143798828125">
        <ele>6</ele>
        <time>2026-08-24T23:15:42.000Z</time>
        <extensions>
          <ns3:TrackPointExtension>
            <ns3:hr>141</ns3:hr>
            <ns3:cad>80</ns3:cad>
          </ns3:TrackPointExtension>
        </extensions>
      </trkpt>
      <trkpt lat="23.050000704824924468994140625" lon="113.31017875112593173980712890625">
        <ele>6</ele>
        <time>2026-08-24T23:15:43.000Z</time>
        <extensions>
          <ns3:TrackPointExtension>
            <ns3:hr>141</ns3:hr>
            <ns3:cad>80</ns3:cad>
          </ns3:TrackPointExtension>
        </extensions>
      </trkpt>
      <trkpt lat="23.050006069242954254150390625" lon="113.31015125848352909088134765625">
        <ele>6</ele>
        <time>2026-08-24T23:15:44.000Z</time>
        <extensions>
          <ns3:TrackPointExtension>
            <ns3:hr>141</ns3:hr>
            <ns3:cad>80</ns3:cad>
          </ns3:TrackPointExtension>
        </extensions>
      </trkpt>
      <trkpt lat="23.05000112392008304595947265625" lon="113.3101372607052326202392578125">
        <ele>5.80000019073486328125</ele>
        <time>2026-08-24T23:15:45.000Z</time>
        <extensions>
          <ns3:TrackPointExtension>
            <ns3:hr>141</ns3:hr>
            <ns3:cad>80</ns3:cad>
          </ns3:TrackPointExtension>
        </extensions>
      </trkpt>
      <trkpt lat="23.04999408312141895294189453125" lon="113.31011672504246234893798828125">
        <ele>6</ele>
        <time>2026-08-24T23:15:46.000Z</time>
        <extensions>
          <ns3:TrackPointExtension>
            <ns3:hr>142</ns3:hr>
            <ns3:cad>80</ns3:cad>
          </ns3:TrackPointExtension>
        </extensions>
      </trkpt>
      <trkpt lat="23.0499928258359432220458984375" lon="113.31009216606616973876953125">
        <ele>6</ele>
        <time>2026-08-24T23:15:47.000Z</time>
        <extensions>
          <ns3:TrackPointExtension>
            <ns3:hr>142</ns3:hr>
            <ns3:cad>81</ns3:cad>
          </ns3:TrackPointExtension>
        </extensions>
      </trkpt>
      <trkpt lat="23.0499881319701671600341796875" lon="113.3100735582411289215087890625">
        <ele>6</ele>
        <time>2026-08-24T23:15:48.000Z</time>
        <extensions>
          <ns3:TrackPointExtension>
            <ns3:hr>142</ns3:hr>
            <ns3:cad>81</ns3:cad>
          </ns3:TrackPointExtension>
        </extensions>
      </trkpt>
      <trkpt lat="23.0499864555895328521728515625" lon="113.310045562684535980224609375">
        <ele>6</ele>
        <time>2026-08-24T23:15:49.000Z</time>
        <extensions>
          <ns3:TrackPointExtension>
            <ns3:hr>142</ns3:hr>
            <ns3:cad>81</ns3:cad>
          </ns3:TrackPointExtension>
        </extensions>
      </trkpt>
      <trkpt lat="23.049982599914073944091796875" lon="113.31002335064113140106201171875">
        <ele>6</ele>
        <time>2026-08-24T23:15:50.000Z</time>
        <extensions>
          <ns3:TrackPointExtension>
            <ns3:hr>142</ns3:hr>
            <ns3:cad>80</ns3:cad>
          </ns3:TrackPointExtension>
        </extensions>
      </trkpt>
      <trkpt lat="23.04997614584863185882568359375" lon="113.31000474281609058380126953125">
        <ele>5.80000019073486328125</ele>
        <time>2026-08-24T23:15:51.000Z</time>
        <extensions>
          <ns3:TrackPointExtension>
            <ns3:hr>142</ns3:hr>
            <ns3:cad>80</ns3:cad>
          </ns3:TrackPointExtension>
        </extensions>
      </trkpt>
      <trkpt lat="23.04996675811707973480224609375" lon="113.30997708253562450408935546875">
        <ele>5.80000019073486328125</ele>
        <time>2026-08-24T23:15:52.000Z</time>
        <extensions>
          <ns3:TrackPointExtension>
            <ns3:hr>142</ns3:hr>
            <ns3:cad>80</ns3:cad>
          </ns3:TrackPointExtension>
        </extensions>
      </trkpt>
      <trkpt lat="23.04996558465063571929931640625" lon="113.3099598996341228485107421875">
        <ele>5.80000019073486328125</ele>
        <time>2026-08-24T23:15:53.000Z</time>
        <extensions>
          <ns3:TrackPointExtension>
            <ns3:hr>142</ns3:hr>
            <ns3:cad>81</ns3:cad>
          </ns3:TrackPointExtension>
        </extensions>
      </trkpt>
      <trkpt lat="23.049959130585193634033203125" lon="113.3099384419620037078857421875">
        <ele>5.80000019073486328125</ele>
        <time>2026-08-24T23:15:54.000Z</time>
        <extensions>
          <ns3:TrackPointExtension>
            <ns3:hr>142</ns3:hr>
            <ns3:cad>81</ns3:cad>
          </ns3:TrackPointExtension>
        </extensions>
      </trkpt>
      <trkpt lat="23.04996441118419170379638671875" lon="113.30990868620574474334716796875">
        <ele>5.80000019073486328125</ele>
        <time>2026-08-24T23:15:55.000Z</time>
        <extensions>
          <ns3:TrackPointExtension>
            <ns3:hr>142</ns3:hr>
            <ns3:cad>81</ns3:cad>
          </ns3:TrackPointExtension>
        </extensions>
      </trkpt>
      <trkpt lat="23.0499646626412868499755859375" lon="113.3098898269236087799072265625">
        <ele>5.80000019073486328125</ele>
        <time>2026-08-24T23:15:56.000Z</time>
        <extensions>
          <ns3:TrackPointExtension>
            <ns3:hr>142</ns3:hr>
            <ns3:cad>81</ns3:cad>
          </ns3:TrackPointExtension>
        </extensions>
      </trkpt>
      <trkpt lat="23.0499629862606525421142578125" lon="113.30986862070858478546142578125">
        <ele>6</ele>
        <time>2026-08-24T23:15:57.000Z</time>
        <extensions>
          <ns3:TrackPointExtension>
            <ns3:hr>142</ns3:hr>
            <ns3:cad>81</ns3:cad>
          </ns3:TrackPointExtension>
        </extensions>
      </trkpt>
      <trkpt lat="23.04996223188936710357666015625" lon="113.30984297208487987518310546875">
        <ele>6</ele>
        <time>2026-08-24T23:15:58.000Z</time>
        <extensions>
          <ns3:TrackPointExtension>
            <ns3:hr>142</ns3:hr>
            <ns3:cad>81</ns3:cad>
          </ns3:TrackPointExtension>
        </extensions>
      </trkpt>
      <trkpt lat="23.049955777823925018310546875" lon="113.309826292097568511962890625">
        <ele>6</ele>
        <time>2026-08-24T23:15:59.000Z</time>
        <extensions>
          <ns3:TrackPointExtension>
            <ns3:hr>142</ns3:hr>
            <ns3:cad>81</ns3:cad>
          </ns3:TrackPointExtension>
        </extensions>
      </trkpt>
      <trkpt lat="23.04995569400489330291748046875" lon="113.309802152216434478759765625">
        <ele>6</ele>
        <time>2026-08-24T23:16:00.000Z</time>
        <extensions>
          <ns3:TrackPointExtension>
            <ns3:hr>142</ns3:hr>
            <ns3:cad>81</ns3:cad>
          </ns3:TrackPointExtension>
        </extensions>
      </trkpt>
      <trkpt lat="23.04996022023260593414306640625" lon="113.3097775094211101531982421875">
        <ele>6</ele>
        <time>2026-08-24T23:16:01.000Z</time>
        <extensions>
          <ns3:TrackPointExtension>
            <ns3:hr>141</ns3:hr>
            <ns3:cad>80</ns3:cad>
          </ns3:TrackPointExtension>
        </extensions>
      </trkpt>
      <trkpt lat="23.0499552749097347259521484375" lon="113.30976166762411594390869140625">
        <ele>6</ele>
        <time>2026-08-24T23:16:02.000Z</time>
        <extensions>
          <ns3:TrackPointExtension>
            <ns3:hr>141</ns3:hr>
            <ns3:cad>80</ns3:cad>
          </ns3:TrackPointExtension>
        </extensions>
      </trkpt>
      <trkpt lat="23.0499542690813541412353515625" lon="113.3097309060394763946533203125">
        <ele>6</ele>
        <time>2026-08-24T23:16:03.000Z</time>
        <extensions>
          <ns3:TrackPointExtension>
            <ns3:hr>141</ns3:hr>
            <ns3:cad>80</ns3:cad>
          </ns3:TrackPointExtension>
        </extensions>
      </trkpt>
      <trkpt lat="23.0499559454619884490966796875" lon="113.309709616005420684814453125">
        <ele>6</ele>
        <time>2026-08-24T23:16:04.000Z</time>
        <extensions>
          <ns3:TrackPointExtension>
            <ns3:hr>141</ns3:hr>
            <ns3:cad>80</ns3:cad>
          </ns3:TrackPointExtension>
        </extensions>
      </trkpt>
      <trkpt lat="23.049951083958148956298828125" lon="113.309690840542316436767578125">
        <ele>6</ele>
        <time>2026-08-24T23:16:05.000Z</time>
        <extensions>
          <ns3:TrackPointExtension>
            <ns3:hr>141</ns3:hr>
            <ns3:cad>81</ns3:cad>
          </ns3:TrackPointExtension>
        </extensions>
      </trkpt>
      <trkpt lat="23.04995250888168811798095703125" lon="113.30966628156602382659912109375">
        <ele>6</ele>
        <time>2026-08-24T23:16:06.000Z</time>
        <extensions>
          <ns3:TrackPointExtension>
            <ns3:hr>142</ns3:hr>
            <ns3:cad>81</ns3:cad>
          </ns3:TrackPointExtension>
        </extensions>
      </trkpt>
      <trkpt lat="23.04995007812976837158203125" lon="113.3096511103212833404541015625">
        <ele>5.80000019073486328125</ele>
        <time>2026-08-24T23:16:07.000Z</time>
        <extensions>
          <ns3:TrackPointExtension>
            <ns3:hr>141</ns3:hr>
            <ns3:cad>81</ns3:cad>
          </ns3:TrackPointExtension>
        </extensions>
      </trkpt>
      <trkpt lat="23.04994496516883373260498046875" lon="113.30963275395333766937255859375">
        <ele>5.80000019073486328125</ele>
        <time>2026-08-24T23:16:08.000Z</time>
        <extensions>
          <ns3:TrackPointExtension>
            <ns3:hr>142</ns3:hr>
            <ns3:cad>82</ns3:cad>
          </ns3:TrackPointExtension>
        </extensions>
      </trkpt>
      <trkpt lat="23.04995100013911724090576171875" lon="113.30960542894899845123291015625">
        <ele>5.80000019073486328125</ele>
        <time>2026-08-24T23:16:09.000Z</time>
        <extensions>
          <ns3:TrackPointExtension>
            <ns3:hr>142</ns3:hr>
            <ns3:cad>82</ns3:cad>
          </ns3:TrackPointExtension>
        </extensions>
      </trkpt>
      <trkpt lat="23.04994580335915088653564453125" lon="113.30959050916135311126708984375">
        <ele>6</ele>
        <time>2026-08-24T23:16:10.000Z</time>
        <extensions>
          <ns3:TrackPointExtension>
            <ns3:hr>142</ns3:hr>
            <ns3:cad>81</ns3:cad>
          </ns3:TrackPointExtension>
        </extensions>
      </trkpt>
      <trkpt lat="23.04994278587400913238525390625" lon="113.3095676265656948089599609375">
        <ele>6</ele>
        <time>2026-08-24T23:16:11.000Z</time>
        <extensions>
          <ns3:TrackPointExtension>
            <ns3:hr>142</ns3:hr>
            <ns3:cad>81</ns3:cad>
          </ns3:TrackPointExtension>
        </extensions>
      </trkpt>
      <trkpt lat="23.04994680918753147125244140625" lon="113.3095428161323070526123046875">
        <ele>6</ele>
        <time>2026-08-24T23:16:12.000Z</time>
        <extensions>
          <ns3:TrackPointExtension>
            <ns3:hr>142</ns3:hr>
            <ns3:cad>81</ns3:cad>
          </ns3:TrackPointExtension>
        </extensions>
      </trkpt>
      <trkpt lat="23.04993993602693080902099609375" lon="113.30953133292496204376220703125">
        <ele>6</ele>
        <time>2026-08-24T23:16:13.000Z</time>
        <extensions>
          <ns3:TrackPointExtension>
            <ns3:hr>142</ns3:hr>
            <ns3:cad>81</ns3:cad>
          </ns3:TrackPointExtension>
        </extensions>
      </trkpt>
      <trkpt lat="23.0499314703047275543212890625" lon="113.30950551666319370269775390625">
        <ele>6</ele>
        <time>2026-08-24T23:16:14.000Z</time>
        <extensions>
          <ns3:TrackPointExtension>
            <ns3:hr>142</ns3:hr>
            <ns3:cad>81</ns3:cad>
          </ns3:TrackPointExtension>
        </extensions>
      </trkpt>
      <trkpt lat="23.04993457160890102386474609375" lon="113.3094831369817256927490234375">
        <ele>6</ele>
        <time>2026-08-24T23:16:15.000Z</time>
        <extensions>
          <ns3:TrackPointExtension>
            <ns3:hr>142</ns3:hr>
            <ns3:cad>81</ns3:cad>
          </ns3:TrackPointExtension>
        </extensions>
      </trkpt>
      <trkpt lat="23.049929626286029815673828125" lon="113.30946779809892177581787109375">
        <ele>6</ele>
        <time>2026-08-24T23:16:16.000Z</time>
        <extensions>
          <ns3:TrackPointExtension>
            <ns3:hr>142</ns3:hr>
            <ns3:cad>81</ns3:cad>
          </ns3:TrackPointExtension>
        </extensions>
      </trkpt>
      <trkpt lat="23.04993054829537868499755859375" lon="113.309436701238155364990234375">
        <ele>6</ele>
        <time>2026-08-24T23:16:17.000Z</time>
        <extensions>
          <ns3:TrackPointExtension>
            <ns3:hr>142</ns3:hr>
            <ns3:cad>81</ns3:cad>
          </ns3:TrackPointExtension>
        </extensions>
      </trkpt>
      <trkpt lat="23.04992996156215667724609375" lon="113.309416584670543670654296875">
        <ele>5.80000019073486328125</ele>
        <time>2026-08-24T23:16:18.000Z</time>
        <extensions>
          <ns3:TrackPointExtension>
            <ns3:hr>142</ns3:hr>
            <ns3:cad>81</ns3:cad>
          </ns3:TrackPointExtension>
        </extensions>
      </trkpt>
      <trkpt lat="23.0499274469912052154541015625" lon="113.3093979768455028533935546875">
        <ele>5.80000019073486328125</ele>
        <time>2026-08-24T23:16:19.000Z</time>
        <extensions>
          <ns3:TrackPointExtension>
            <ns3:hr>142</ns3:hr>
            <ns3:cad>81</ns3:cad>
          </ns3:TrackPointExtension>
        </extensions>
      </trkpt>
      <trkpt lat="23.04992535151541233062744140625" lon="113.3093714900314807891845703125">
        <ele>5.80000019073486328125</ele>
        <time>2026-08-24T23:16:20.000Z</time>
        <extensions>
          <ns3:TrackPointExtension>
            <ns3:hr>141</ns3:hr>
            <ns3:cad>81</ns3:cad>
          </ns3:TrackPointExtension>
        </extensions>
      </trkpt>
      <trkpt lat="23.04992417804896831512451171875" lon="113.30935900099575519561767578125">
        <ele>5.80000019073486328125</ele>
        <time>2026-08-24T23:16:21.000Z</time>
        <extensions>
          <ns3:TrackPointExtension>
            <ns3:hr>142</ns3:hr>
            <ns3:cad>81</ns3:cad>
          </ns3:TrackPointExtension>
        </extensions>
      </trkpt>
      <trkpt lat="23.0499214120209217071533203125" lon="113.309337794780731201171875">
        <ele>6</ele>
        <time>2026-08-24T23:16:22.000Z</time>
        <extensions>
          <ns3:TrackPointExtension>
            <ns3:hr>142</ns3:hr>
            <ns3:cad>82</ns3:cad>
          </ns3:TrackPointExtension>
        </extensions>
      </trkpt>
      <trkpt lat="23.049924261868000030517578125" lon="113.309307284653186798095703125">
        <ele>6</ele>
        <time>2026-08-24T23:16:23.000Z</time>
        <extensions>
          <ns3:TrackPointExtension>
            <ns3:hr>141</ns3:hr>
            <ns3:cad>82</ns3:cad>
          </ns3:TrackPointExtension>
        </extensions>
      </trkpt>
      <trkpt lat="23.0499160476028919219970703125" lon="113.30929295159876346588134765625">
        <ele>6</ele>
        <time>2026-08-24T23:16:24.000Z</time>
        <extensions>
          <ns3:TrackPointExtension>
            <ns3:hr>142</ns3:hr>
            <ns3:cad>82</ns3:cad>
          </ns3:TrackPointExtension>
        </extensions>
      </trkpt>
      <trkpt lat="23.04991026408970355987548828125" lon="113.30926914699375629425048828125">
        <ele>6</ele>
        <time>2026-08-24T23:16:25.000Z</time>
        <extensions>
          <ns3:TrackPointExtension>
            <ns3:hr>142</ns3:hr>
            <ns3:cad>82</ns3:cad>
          </ns3:TrackPointExtension>
        </extensions>
      </trkpt>
      <trkpt lat="23.049914874136447906494140625" lon="113.30924727022647857666015625">
        <ele>6</ele>
        <time>2026-08-24T23:16:26.000Z</time>
        <extensions>
          <ns3:TrackPointExtension>
            <ns3:hr>141</ns3:hr>
            <ns3:cad>81</ns3:cad>
          </ns3:TrackPointExtension>
        </extensions>
      </trkpt>
      <trkpt lat="23.04991059936583042144775390625" lon="113.30922991968691349029541015625">
        <ele>5.80000019073486328125</ele>
        <time>2026-08-24T23:16:27.000Z</time>
        <extensions>
          <ns3:TrackPointExtension>
            <ns3:hr>142</ns3:hr>
            <ns3:cad>81</ns3:cad>
          </ns3:TrackPointExtension>
        </extensions>
      </trkpt>
      <trkpt lat="23.04991730488836765289306640625" lon="113.30920292995870113372802734375">
        <ele>5.80000019073486328125</ele>
        <time>2026-08-24T23:16:28.000Z</time>
        <extensions>
          <ns3:TrackPointExtension>
            <ns3:hr>142</ns3:hr>
            <ns3:cad>81</ns3:cad>
          </ns3:TrackPointExtension>
        </extensions>
      </trkpt>
      <trkpt lat="23.049922250211238861083984375" lon="113.3091840706765651702880859375">
        <ele>5.80000019073486328125</ele>
        <time>2026-08-24T23:16:29.000Z</time>
        <extensions>
          <ns3:TrackPointExtension>
            <ns3:hr>142</ns3:hr>
            <ns3:cad>81</ns3:cad>
          </ns3:TrackPointExtension>
        </extensions>
      </trkpt>
      <trkpt lat="23.04992258548736572265625" lon="113.309165798127651214599609375">
        <ele>5.599999904632568359375</ele>
        <time>2026-08-24T23:16:30.000Z</time>
        <extensions>
          <ns3:TrackPointExtension>
            <ns3:hr>141</ns3:hr>
            <ns3:cad>81</ns3:cad>
          </ns3:TrackPointExtension>
        </extensions>
      </trkpt>
      <trkpt lat="23.0499297939240932464599609375" lon="113.30913436599075794219970703125">
        <ele>5.599999904632568359375</ele>
        <time>2026-08-24T23:16:31.000Z</time>
        <extensions>
          <ns3:TrackPointExtension>
            <ns3:hr>142</ns3:hr>
            <ns3:cad>81</ns3:cad>
          </ns3:TrackPointExtension>
        </extensions>
      </trkpt>
      <trkpt lat="23.04993054829537868499755859375" lon="113.30911911092698574066162109375">
        <ele>5.599999904632568359375</ele>
        <time>2026-08-24T23:16:32.000Z</time>
        <extensions>
          <ns3:TrackPointExtension>
            <ns3:hr>142</ns3:hr>
            <ns3:cad>81</ns3:cad>
          </ns3:TrackPointExtension>
        </extensions>
      </trkpt>
      <trkpt lat="23.0499281175434589385986328125" lon="113.309100084006786346435546875">
        <ele>5.599999904632568359375</ele>
        <time>2026-08-24T23:16:33.000Z</time>
        <extensions>
          <ns3:TrackPointExtension>
            <ns3:hr>141</ns3:hr>
            <ns3:cad>81</ns3:cad>
          </ns3:TrackPointExtension>
        </extensions>
      </trkpt>
      <trkpt lat="23.04993725381791591644287109375" lon="113.3090814761817455291748046875">
        <ele>5.599999904632568359375</ele>
        <time>2026-08-24T23:16:34.000Z</time>
        <extensions>
          <ns3:TrackPointExtension>
            <ns3:hr>142</ns3:hr>
            <ns3:cad>81</ns3:cad>
          </ns3:TrackPointExtension>
        </extensions>
      </trkpt>
      <trkpt lat="23.04993742145597934722900390625" lon="113.3090655505657196044921875">
        <ele>5.599999904632568359375</ele>
        <time>2026-08-24T23:16:35.000Z</time>
        <extensions>
          <ns3:TrackPointExtension>
            <ns3:hr>141</ns3:hr>
            <ns3:cad>82</ns3:cad>
          </ns3:TrackPointExtension>
        </extensions>
      </trkpt>
      <trkpt lat="23.04994211532175540924072265625" lon="113.3090429194271564483642578125">
        <ele>5.599999904632568359375</ele>
        <time>2026-08-24T23:16:36.000Z</time>
        <extensions>
          <ns3:TrackPointExtension>
            <ns3:hr>141</ns3:hr>
            <ns3:cad>82</ns3:cad>
          </ns3:TrackPointExtension>
        </extensions>
      </trkpt>
      <trkpt lat="23.04994580335915088653564453125" lon="113.3090228028595447540283203125">
        <ele>5.599999904632568359375</ele>
        <time>2026-08-24T23:16:37.000Z</time>
        <extensions>
          <ns3:TrackPointExtension>
            <ns3:hr>141</ns3:hr>
            <ns3:cad>82</ns3:cad>
          </ns3:TrackPointExtension>
        </extensions>
      </trkpt>
      <trkpt lat="23.049942366778850555419921875" lon="113.30900729633867740631103515625">
        <ele>5.599999904632568359375</ele>
        <time>2026-08-24T23:16:38.000Z</time>
        <extensions>
          <ns3:TrackPointExtension>
            <ns3:hr>141</ns3:hr>
            <ns3:cad>81</ns3:cad>
          </ns3:TrackPointExtension>
        </extensions>
      </trkpt>
      <trkpt lat="23.0499505810439586639404296875" lon="113.3089850842952728271484375">
        <ele>5.599999904632568359375</ele>
        <time>2026-08-24T23:16:39.000Z</time>
        <extensions>
          <ns3:TrackPointExtension>
            <ns3:hr>141</ns3:hr>
            <ns3:cad>81</ns3:cad>
          </ns3:TrackPointExtension>
        </extensions>
      </trkpt>
      <trkpt lat="23.0499535985291004180908203125" lon="113.30896823666989803314208984375">
        <ele>5.80000019073486328125</ele>
        <time>2026-08-24T23:16:40.000Z</time>
        <extensions>
          <ns3:TrackPointExtension>
            <ns3:hr>141</ns3:hr>
            <ns3:cad>81</ns3:cad>
          </ns3:TrackPointExtension>
        </extensions>
      </trkpt>
      <trkpt lat="23.049950413405895233154296875" lon="113.30895080231130123138427734375">
        <ele>5.80000019073486328125</ele>
        <time>2026-08-24T23:16:41.000Z</time>
        <extensions>
          <ns3:TrackPointExtension>
            <ns3:hr>141</ns3:hr>
            <ns3:cad>81</ns3:cad>
          </ns3:TrackPointExtension>
        </extensions>
      </trkpt>
      <trkpt lat="23.04995284415781497955322265625" lon="113.3089249022305011749267578125">
        <ele>5.80000019073486328125</ele>
        <time>2026-08-24T23:16:42.000Z</time>
        <extensions>
          <ns3:TrackPointExtension>
            <ns3:hr>141</ns3:hr>
            <ns3:cad>81</ns3:cad>
          </ns3:TrackPointExtension>
        </extensions>
      </trkpt>
      <trkpt lat="23.04995200596749782562255859375" lon="113.30891006626188755035400390625">
        <ele>5.599999904632568359375</ele>
        <time>2026-08-24T23:16:43.000Z</time>
        <extensions>
          <ns3:TrackPointExtension>
            <ns3:hr>141</ns3:hr>
            <ns3:cad>81</ns3:cad>
          </ns3:TrackPointExtension>
        </extensions>
      </trkpt>
      <trkpt lat="23.04994999431073665618896484375" lon="113.30889011733233928680419921875">
        <ele>5.599999904632568359375</ele>
        <time>2026-08-24T23:16:44.000Z</time>
        <extensions>
          <ns3:TrackPointExtension>
            <ns3:hr>141</ns3:hr>
            <ns3:cad>81</ns3:cad>
          </ns3:TrackPointExtension>
        </extensions>
      </trkpt>
      <trkpt lat="23.04996005259454250335693359375" lon="113.308862708508968353271484375">
        <ele>5.80000019073486328125</ele>
        <time>2026-08-24T23:16:45.000Z</time>
        <extensions>
          <ns3:TrackPointExtension>
            <ns3:hr>141</ns3:hr>
            <ns3:cad>81</ns3:cad>
          </ns3:TrackPointExtension>
        </extensions>
      </trkpt>
      <trkpt lat="23.04995301179587841033935546875" lon="113.3088482916355133056640625">
        <ele>5.80000019073486328125</ele>
        <time>2026-08-24T23:16:46.000Z</time>
        <extensions>
          <ns3:TrackPointExtension>
            <ns3:hr>142</ns3:hr>
            <ns3:cad>81</ns3:cad>
          </ns3:TrackPointExtension>
        </extensions>
      </trkpt>
      <trkpt lat="23.04994932375848293304443359375" lon="113.30882708542048931121826171875">
        <ele>5.80000019073486328125</ele>
        <time>2026-08-24T23:16:47.000Z</time>
        <extensions>
          <ns3:TrackPointExtension>
            <ns3:hr>142</ns3:hr>
            <ns3:cad>81</ns3:cad>
          </ns3:TrackPointExtension>
        </extensions>
      </trkpt>
      <trkpt lat="23.0499534308910369873046875" lon="113.30880512483417987823486328125">
        <ele>5.80000019073486328125</ele>
        <time>2026-08-24T23:16:48.000Z</time>
        <extensions>
          <ns3:TrackPointExtension>
            <ns3:hr>142</ns3:hr>
            <ns3:cad>81</ns3:cad>
          </ns3:TrackPointExtension>
        </extensions>
      </trkpt>
      <trkpt lat="23.0499512515962123870849609375" lon="113.30878836102783679962158203125">
        <ele>5.80000019073486328125</ele>
        <time>2026-08-24T23:16:49.000Z</time>
        <extensions>
          <ns3:TrackPointExtension>
            <ns3:hr>141</ns3:hr>
            <ns3:cad>81</ns3:cad>
          </ns3:TrackPointExtension>
        </extensions>
      </trkpt>
      <trkpt lat="23.04995334707200527191162109375" lon="113.30876606516540050506591796875">
        <ele>5.80000019073486328125</ele>
        <time>2026-08-24T23:16:50.000Z</time>
        <extensions>
          <ns3:TrackPointExtension>
            <ns3:hr>142</ns3:hr>
            <ns3:cad>81</ns3:cad>
          </ns3:TrackPointExtension>
        </extensions>
      </trkpt>
      <trkpt lat="23.049958460032939910888671875" lon="113.3087482117116451263427734375">
        <ele>5.80000019073486328125</ele>
        <time>2026-08-24T23:16:51.000Z</time>
        <extensions>
          <ns3:TrackPointExtension>
            <ns3:hr>142</ns3:hr>
            <ns3:cad>81</ns3:cad>
          </ns3:TrackPointExtension>
        </extensions>
      </trkpt>
      <trkpt lat="23.049954436719417572021484375" lon="113.30873496830463409423828125">
        <ele>5.80000019073486328125</ele>
        <time>2026-08-24T23:16:52.000Z</time>
        <extensions>
          <ns3:TrackPointExtension>
            <ns3:hr>142</ns3:hr>
            <ns3:cad>82</ns3:cad>
          </ns3:TrackPointExtension>
        </extensions>
      </trkpt>
      <trkpt lat="23.049959130585193634033203125" lon="113.3087103255093097686767578125">
        <ele>5.80000019073486328125</ele>
        <time>2026-08-24T23:16:53.000Z</time>
        <extensions>
          <ns3:TrackPointExtension>
            <ns3:hr>141</ns3:hr>
            <ns3:cad>82</ns3:cad>
          </ns3:TrackPointExtension>
        </extensions>
      </trkpt>
      <trkpt lat="23.0499556101858615875244140625" lon="113.3086952380836009979248046875">
        <ele>5.80000019073486328125</ele>
        <time>2026-08-24T23:16:54.000Z</time>
        <extensions>
          <ns3:TrackPointExtension>
            <ns3:hr>142</ns3:hr>
            <ns3:cad>82</ns3:cad>
          </ns3:TrackPointExtension>
        </extensions>
      </trkpt>
      <trkpt lat="23.0499539338052272796630859375" lon="113.30867487005889415740966796875">
        <ele>5.80000019073486328125</ele>
        <time>2026-08-24T23:16:55.000Z</time>
        <extensions>
          <ns3:TrackPointExtension>
            <ns3:hr>142</ns3:hr>
            <ns3:cad>82</ns3:cad>
          </ns3:TrackPointExtension>
        </extensions>
      </trkpt>
      <trkpt lat="23.04996751248836517333984375" lon="113.3086462877690792083740234375">
        <ele>5.80000019073486328125</ele>
        <time>2026-08-24T23:16:56.000Z</time>
        <extensions>
          <ns3:TrackPointExtension>
            <ns3:hr>141</ns3:hr>
            <ns3:cad>82</ns3:cad>
          </ns3:TrackPointExtension>
        </extensions>
      </trkpt>
      <trkpt lat="23.04996751248836517333984375" lon="113.30862994305789470672607421875">
        <ele>5.80000019073486328125</ele>
        <time>2026-08-24T23:16:57.000Z</time>
        <extensions>
          <ns3:TrackPointExtension>
            <ns3:hr>142</ns3:hr>
            <ns3:cad>81</ns3:cad>
          </ns3:TrackPointExtension>
        </extensions>
      </trkpt>
      <trkpt lat="23.04996809922158718109130859375" lon="113.3086080662906169891357421875">
        <ele>6</ele>
        <time>2026-08-24T23:16:58.000Z</time>
        <extensions>
          <ns3:TrackPointExtension>
            <ns3:hr>142</ns3:hr>
            <ns3:cad>81</ns3:cad>
          </ns3:TrackPointExtension>
        </extensions>
      </trkpt>
      <trkpt lat="23.0499767325818538665771484375" lon="113.30858451314270496368408203125">
        <ele>6</ele>
        <time>2026-08-24T23:16:59.000Z</time>
        <extensions>
          <ns3:TrackPointExtension>
            <ns3:hr>141</ns3:hr>
            <ns3:cad>81</ns3:cad>
          </ns3:TrackPointExtension>
        </extensions>
      </trkpt>
      <trkpt lat="23.0499737150967121124267578125" lon="113.30856892280280590057373046875">
        <ele>6</ele>
        <time>2026-08-24T23:17:00.000Z</time>
        <extensions>
          <ns3:TrackPointExtension>
            <ns3:hr>142</ns3:hr>
            <ns3:cad>81</ns3:cad>
          </ns3:TrackPointExtension>
        </extensions>
      </trkpt>
      <trkpt lat="23.04997287690639495849609375" lon="113.30854495055973529815673828125">
        <ele>6</ele>
        <time>2026-08-24T23:17:01.000Z</time>
        <extensions>
          <ns3:TrackPointExtension>
            <ns3:hr>141</ns3:hr>
            <ns3:cad>81</ns3:cad>
          </ns3:TrackPointExtension>
        </extensions>
      </trkpt>
      <trkpt lat="23.04998016916215419769287109375" lon="113.30852449871599674224853515625">
        <ele>6</ele>
        <time>2026-08-24T23:17:02.000Z</time>
        <extensions>
          <ns3:TrackPointExtension>
            <ns3:hr>141</ns3:hr>
            <ns3:cad>81</ns3:cad>
          </ns3:TrackPointExtension>
        </extensions>
      </trkpt>
      <trkpt lat="23.04997581057250499725341796875" lon="113.3085091598331928253173828125">
        <ele>6</ele>
        <time>2026-08-24T23:17:03.000Z</time>
        <extensions>
          <ns3:TrackPointExtension>
            <ns3:hr>141</ns3:hr>
            <ns3:cad>81</ns3:cad>
          </ns3:TrackPointExtension>
        </extensions>
      </trkpt>
      <trkpt lat="23.04998067207634449005126953125" lon="113.30848175100982189178466796875">
        <ele>6</ele>
        <time>2026-08-24T23:17:04.000Z</time>
        <extensions>
          <ns3:TrackPointExtension>
            <ns3:hr>142</ns3:hr>
            <ns3:cad>80</ns3:cad>
          </ns3:TrackPointExtension>
        </extensions>
      </trkpt>
      <trkpt lat="23.0499834381043910980224609375" lon="113.30846540629863739013671875">
        <ele>6</ele>
        <time>2026-08-24T23:17:05.000Z</time>
        <extensions>
          <ns3:TrackPointExtension>
            <ns3:hr>141</ns3:hr>
            <ns3:cad>80</ns3:cad>
          </ns3:TrackPointExtension>
        </extensions>
      </trkpt>
      <trkpt lat="23.04998184554278850555419921875" lon="113.308447301387786865234375">
        <ele>6.19999980926513671875</ele>
        <time>2026-08-24T23:17:06.000Z</time>
        <extensions>
          <ns3:TrackPointExtension>
            <ns3:hr>141</ns3:hr>
            <ns3:cad>81</ns3:cad>
          </ns3:TrackPointExtension>
        </extensions>
      </trkpt>
      <trkpt lat="23.04999257437884807586669921875" lon="113.30841955728828907012939453125">
        <ele>6.19999980926513671875</ele>
        <time>2026-08-24T23:17:07.000Z</time>
        <extensions>
          <ns3:TrackPointExtension>
            <ns3:hr>141</ns3:hr>
            <ns3:cad>81</ns3:cad>
          </ns3:TrackPointExtension>
        </extensions>
      </trkpt>
      <trkpt lat="23.049991317093372344970703125" lon="113.30840413458645343780517578125">
        <ele>6</ele>
        <time>2026-08-24T23:17:08.000Z</time>
        <extensions>
          <ns3:TrackPointExtension>
            <ns3:hr>142</ns3:hr>
            <ns3:cad>81</ns3:cad>
          </ns3:TrackPointExtension>
        </extensions>
      </trkpt>
      <trkpt lat="23.0499884672462940216064453125" lon="113.30838552676141262054443359375">
        <ele>6</ele>
        <time>2026-08-24T23:17:09.000Z</time>
        <extensions>
          <ns3:TrackPointExtension>
            <ns3:hr>141</ns3:hr>
            <ns3:cad>81</ns3:cad>
          </ns3:TrackPointExtension>
        </extensions>
      </trkpt>
      <trkpt lat="23.04999701678752899169921875" lon="113.3083602972328662872314453125">
        <ele>6</ele>
        <time>2026-08-24T23:17:10.000Z</time>
        <extensions>
          <ns3:TrackPointExtension>
            <ns3:hr>141</ns3:hr>
            <ns3:cad>81</ns3:cad>
          </ns3:TrackPointExtension>
        </extensions>
      </trkpt>
      <trkpt lat="23.04999525658786296844482421875" lon="113.30834747292101383209228515625">
        <ele>6</ele>
        <time>2026-08-24T23:17:11.000Z</time>
        <extensions>
          <ns3:TrackPointExtension>
            <ns3:hr>141</ns3:hr>
            <ns3:cad>81</ns3:cad>
          </ns3:TrackPointExtension>
        </extensions>
      </trkpt>
      <trkpt lat="23.04999492131173610687255859375" lon="113.30832702107727527618408203125">
        <ele>6.19999980926513671875</ele>
        <time>2026-08-24T23:17:12.000Z</time>
        <extensions>
          <ns3:TrackPointExtension>
            <ns3:hr>141</ns3:hr>
            <ns3:cad>81</ns3:cad>
          </ns3:TrackPointExtension>
        </extensions>
      </trkpt>
      <trkpt lat="23.05000565014779567718505859375" lon="113.30830707214772701263427734375">
        <ele>6.19999980926513671875</ele>
        <time>2026-08-24T23:17:13.000Z</time>
        <extensions>
          <ns3:TrackPointExtension>
            <ns3:hr>141</ns3:hr>
            <ns3:cad>81</ns3:cad>
          </ns3:TrackPointExtension>
        </extensions>
      </trkpt>
      <trkpt lat="23.0500005371868610382080078125" lon="113.3082957565784454345703125">
        <ele>6.19999980926513671875</ele>
        <time>2026-08-24T23:17:14.000Z</time>
        <extensions>
          <ns3:TrackPointExtension>
            <ns3:hr>140</ns3:hr>
            <ns3:cad>81</ns3:cad>
          </ns3:TrackPointExtension>
        </extensions>
      </trkpt>
      <trkpt lat="23.05000497959554195404052734375" lon="113.3082734607160091400146484375">
        <ele>6.19999980926513671875</ele>
        <time>2026-08-24T23:17:15.000Z</time>
        <extensions>
          <ns3:TrackPointExtension>
            <ns3:hr>140</ns3:hr>
            <ns3:cad>82</ns3:cad>
          </ns3:TrackPointExtension>
        </extensions>
      </trkpt>
      <trkpt lat="23.050007410347461700439453125" lon="113.308259211480617523193359375">
        <ele>6.19999980926513671875</ele>
        <time>2026-08-24T23:17:16.000Z</time>
        <extensions>
          <ns3:TrackPointExtension>
            <ns3:hr>140</ns3:hr>
            <ns3:cad>82</ns3:cad>
          </ns3:TrackPointExtension>
        </extensions>
      </trkpt>
      <trkpt lat="23.05000732652842998504638671875" lon="113.3082402683794498443603515625">
        <ele>6.19999980926513671875</ele>
        <time>2026-08-24T23:17:17.000Z</time>
        <extensions>
          <ns3:TrackPointExtension>
            <ns3:hr>140</ns3:hr>
            <ns3:cad>81</ns3:cad>
          </ns3:TrackPointExtension>
        </extensions>
      </trkpt>
      <trkpt lat="23.050012104213237762451171875" lon="113.3082124404609203338623046875">
        <ele>6.19999980926513671875</ele>
        <time>2026-08-24T23:17:18.000Z</time>
        <extensions>
          <ns3:TrackPointExtension>
            <ns3:hr>140</ns3:hr>
            <ns3:cad>81</ns3:cad>
          </ns3:TrackPointExtension>
        </extensions>
      </trkpt>
      <trkpt lat="23.050015456974506378173828125" lon="113.308200202882289886474609375">
        <ele>6.19999980926513671875</ele>
        <time>2026-08-24T23:17:19.000Z</time>
        <extensions>
          <ns3:TrackPointExtension>
            <ns3:hr>140</ns3:hr>
            <ns3:cad>81</ns3:cad>
          </ns3:TrackPointExtension>
        </extensions>
      </trkpt>
      <trkpt lat="23.05001453496515750885009765625" lon="113.30817983485758304595947265625">
        <ele>6.19999980926513671875</ele>
        <time>2026-08-24T23:17:20.000Z</time>
        <extensions>
          <ns3:TrackPointExtension>
            <ns3:hr>140</ns3:hr>
            <ns3:cad>81</ns3:cad>
          </ns3:TrackPointExtension>
        </extensions>
      </trkpt>
      <trkpt lat="23.05002744309604167938232421875" lon="113.3081514202058315277099609375">
        <ele>6.19999980926513671875</ele>
        <time>2026-08-24T23:17:21.000Z</time>
        <extensions>
          <ns3:TrackPointExtension>
            <ns3:hr>139</ns3:hr>
            <ns3:cad>81</ns3:cad>
          </ns3:TrackPointExtension>
        </extensions>
      </trkpt>
      <trkpt lat="23.0500266887247562408447265625" lon="113.30813859589397907257080078125">
        <ele>6.19999980926513671875</ele>
        <time>2026-08-24T23:17:22.000Z</time>
        <extensions>
          <ns3:TrackPointExtension>
            <ns3:hr>140</ns3:hr>
            <ns3:cad>81</ns3:cad>
          </ns3:TrackPointExtension>
        </extensions>
      </trkpt>
      <trkpt lat="23.05002593435347080230712890625" lon="113.30811806023120880126953125">
        <ele>6.19999980926513671875</ele>
        <time>2026-08-24T23:17:23.000Z</time>
        <extensions>
          <ns3:TrackPointExtension>
            <ns3:hr>140</ns3:hr>
            <ns3:cad>81</ns3:cad>
          </ns3:TrackPointExtension>
        </extensions>
      </trkpt>
      <trkpt lat="23.050033561885356903076171875" lon="113.30809383653104305267333984375">
        <ele>6.19999980926513671875</ele>
        <time>2026-08-24T23:17:24.000Z</time>
        <extensions>
          <ns3:TrackPointExtension>
            <ns3:hr>139</ns3:hr>
            <ns3:cad>81</ns3:cad>
          </ns3:TrackPointExtension>
        </extensions>
      </trkpt>
      <trkpt lat="23.05002861656248569488525390625" lon="113.30808076076209545135498046875">
        <ele>6.19999980926513671875</ele>
        <time>2026-08-24T23:17:25.000Z</time>
        <extensions>
          <ns3:TrackPointExtension>
            <ns3:hr>139</ns3:hr>
            <ns3:cad>81</ns3:cad>
          </ns3:TrackPointExtension>
        </extensions>
      </trkpt>
      <trkpt lat="23.0500290356576442718505859375" lon="113.308053351938724517822265625">
        <ele>6.19999980926513671875</ele>
        <time>2026-08-24T23:17:26.000Z</time>
        <extensions>
          <ns3:TrackPointExtension>
            <ns3:hr>140</ns3:hr>
            <ns3:cad>81</ns3:cad>
          </ns3:TrackPointExtension>
        </extensions>
      </trkpt>
      <trkpt lat="23.050034902989864349365234375" lon="113.3080313913524150848388671875">
        <ele>6.19999980926513671875</ele>
        <time>2026-08-24T23:17:27.000Z</time>
        <extensions>
          <ns3:TrackPointExtension>
            <ns3:hr>140</ns3:hr>
            <ns3:cad>81</ns3:cad>
          </ns3:TrackPointExtension>
        </extensions>
      </trkpt>
      <trkpt lat="23.0500300414860248565673828125" lon="113.30801504664123058319091796875">
        <ele>6.19999980926513671875</ele>
        <time>2026-08-24T23:17:28.000Z</time>
        <extensions>
          <ns3:TrackPointExtension>
            <ns3:hr>140</ns3:hr>
            <ns3:cad>81</ns3:cad>
          </ns3:TrackPointExtension>
        </extensions>
      </trkpt>
      <trkpt lat="23.05003766901791095733642578125" lon="113.30799174495041370391845703125">
        <ele>6.19999980926513671875</ele>
        <time>2026-08-24T23:17:29.000Z</time>
        <extensions>
          <ns3:TrackPointExtension>
            <ns3:hr>140</ns3:hr>
            <ns3:cad>81</ns3:cad>
          </ns3:TrackPointExtension>
        </extensions>
      </trkpt>
      <trkpt lat="23.0500427819788455963134765625" lon="113.30797347240149974822998046875">
        <ele>6.19999980926513671875</ele>
        <time>2026-08-24T23:17:30.000Z</time>
        <extensions>
          <ns3:TrackPointExtension>
            <ns3:hr>140</ns3:hr>
            <ns3:cad>81</ns3:cad>
          </ns3:TrackPointExtension>
        </extensions>
      </trkpt>
      <trkpt lat="23.050040267407894134521484375" lon="113.30795469693839550018310546875">
        <ele>6.19999980926513671875</ele>
        <time>2026-08-24T23:17:31.000Z</time>
        <extensions>
          <ns3:TrackPointExtension>
            <ns3:hr>140</ns3:hr>
            <ns3:cad>81</ns3:cad>
          </ns3:TrackPointExtension>
        </extensions>
      </trkpt>
      <trkpt lat="23.05004638619720935821533203125" lon="113.307927958667278289794921875">
        <ele>6.19999980926513671875</ele>
        <time>2026-08-24T23:17:32.000Z</time>
        <extensions>
          <ns3:TrackPointExtension>
            <ns3:hr>140</ns3:hr>
            <ns3:cad>80</ns3:cad>
          </ns3:TrackPointExtension>
        </extensions>
      </trkpt>
      <trkpt lat="23.0500447936356067657470703125" lon="113.30791295506060123443603515625">
        <ele>6.19999980926513671875</ele>
        <time>2026-08-24T23:17:33.000Z</time>
        <extensions>
          <ns3:TrackPointExtension>
            <ns3:hr>140</ns3:hr>
            <ns3:cad>80</ns3:cad>
          </ns3:TrackPointExtension>
        </extensions>
      </trkpt>
      <trkpt lat="23.05004521273076534271240234375" lon="113.30789451487362384796142578125">
        <ele>6.19999980926513671875</ele>
        <time>2026-08-24T23:17:34.000Z</time>
        <extensions>
          <ns3:TrackPointExtension>
            <ns3:hr>140</ns3:hr>
            <ns3:cad>81</ns3:cad>
          </ns3:TrackPointExtension>
        </extensions>
      </trkpt>
      <trkpt lat="23.05005309171974658966064453125" lon="113.30786970444023609161376953125">
        <ele>6.19999980926513671875</ele>
        <time>2026-08-24T23:17:35.000Z</time>
        <extensions>
          <ns3:TrackPointExtension>
            <ns3:hr>140</ns3:hr>
            <ns3:cad>81</ns3:cad>
          </ns3:TrackPointExtension>
        </extensions>
      </trkpt>
      <trkpt lat="23.05004722438752651214599609375" lon="113.3078567124903202056884765625">
        <ele>6.19999980926513671875</ele>
        <time>2026-08-24T23:17:36.000Z</time>
        <extensions>
          <ns3:TrackPointExtension>
            <ns3:hr>140</ns3:hr>
            <ns3:cad>81</ns3:cad>
          </ns3:TrackPointExtension>
        </extensions>
      </trkpt>
      <trkpt lat="23.05004588328301906585693359375" lon="113.30783433280885219573974609375">
        <ele>6.19999980926513671875</ele>
        <time>2026-08-24T23:17:37.000Z</time>
        <extensions>
          <ns3:TrackPointExtension>
            <ns3:hr>140</ns3:hr>
            <ns3:cad>81</ns3:cad>
          </ns3:TrackPointExtension>
        </extensions>
      </trkpt>
      <trkpt lat="23.05005761794745922088623046875" lon="113.30781228840351104736328125">
        <ele>6.19999980926513671875</ele>
        <time>2026-08-24T23:17:38.000Z</time>
        <extensions>
          <ns3:TrackPointExtension>
            <ns3:hr>140</ns3:hr>
            <ns3:cad>81</ns3:cad>
          </ns3:TrackPointExtension>
        </extensions>
      </trkpt>
      <trkpt lat="23.05005795322358608245849609375" lon="113.30779477022588253021240234375">
        <ele>6.400000095367431640625</ele>
        <time>2026-08-24T23:17:39.000Z</time>
        <extensions>
          <ns3:TrackPointExtension>
            <ns3:hr>140</ns3:hr>
            <ns3:cad>81</ns3:cad>
          </ns3:TrackPointExtension>
        </extensions>
      </trkpt>
      <trkpt lat="23.05005979724228382110595703125" lon="113.30776995979249477386474609375">
        <ele>6.400000095367431640625</ele>
        <time>2026-08-24T23:17:40.000Z</time>
        <extensions>
          <ns3:TrackPointExtension>
            <ns3:hr>140</ns3:hr>
            <ns3:cad>81</ns3:cad>
          </ns3:TrackPointExtension>
        </extensions>
      </trkpt>
      <trkpt lat="23.0500659160315990447998046875" lon="113.30775151960551738739013671875">
        <ele>6.400000095367431640625</ele>
        <time>2026-08-24T23:17:41.000Z</time>
        <extensions>
          <ns3:TrackPointExtension>
            <ns3:hr>141</ns3:hr>
            <ns3:cad>81</ns3:cad>
          </ns3:TrackPointExtension>
        </extensions>
      </trkpt>
      <trkpt lat="23.05006952024996280670166015625" lon="113.3077299781143665313720703125">
        <ele>6.400000095367431640625</ele>
        <time>2026-08-24T23:17:42.000Z</time>
        <extensions>
          <ns3:TrackPointExtension>
            <ns3:hr>141</ns3:hr>
            <ns3:cad>81</ns3:cad>
          </ns3:TrackPointExtension>
        </extensions>
      </trkpt>
      <trkpt lat="23.05007806979119777679443359375" lon="113.30770558677613735198974609375">
        <ele>6.400000095367431640625</ele>
        <time>2026-08-24T23:17:43.000Z</time>
        <extensions>
          <ns3:TrackPointExtension>
            <ns3:hr>141</ns3:hr>
            <ns3:cad>81</ns3:cad>
          </ns3:TrackPointExtension>
        </extensions>
      </trkpt>
      <trkpt lat="23.050078488886356353759765625" lon="113.30769284628331661224365234375">
        <ele>6.19999980926513671875</ele>
        <time>2026-08-24T23:17:44.000Z</time>
        <extensions>
          <ns3:TrackPointExtension>
            <ns3:hr>141</ns3:hr>
            <ns3:cad>81</ns3:cad>
          </ns3:TrackPointExtension>
        </extensions>
      </trkpt>
      <trkpt lat="23.050077818334102630615234375" lon="113.30767457373440265655517578125">
        <ele>6.19999980926513671875</ele>
        <time>2026-08-24T23:17:45.000Z</time>
        <extensions>
          <ns3:TrackPointExtension>
            <ns3:hr>142</ns3:hr>
            <ns3:cad>81</ns3:cad>
          </ns3:TrackPointExtension>
        </extensions>
      </trkpt>
      <trkpt lat="23.05008930154144763946533203125" lon="113.307646326720714569091796875">
        <ele>6.19999980926513671875</ele>
        <time>2026-08-24T23:17:46.000Z</time>
        <extensions>
          <ns3:TrackPointExtension>
            <ns3:hr>142</ns3:hr>
            <ns3:cad>81</ns3:cad>
          </ns3:TrackPointExtension>
        </extensions>
      </trkpt>
      <trkpt lat="23.05009164847433567047119140625" lon="113.30763165839016437530517578125">
        <ele>6.19999980926513671875</ele>
        <time>2026-08-24T23:17:47.000Z</time>
        <extensions>
          <ns3:TrackPointExtension>
            <ns3:hr>142</ns3:hr>
            <ns3:cad>81</ns3:cad>
          </ns3:TrackPointExtension>
        </extensions>
      </trkpt>
      <trkpt lat="23.05009047500789165496826171875" lon="113.30760986544191837310791015625">
        <ele>6.19999980926513671875</ele>
        <time>2026-08-24T23:17:48.000Z</time>
        <extensions>
          <ns3:TrackPointExtension>
            <ns3:hr>142</ns3:hr>
            <ns3:cad>81</ns3:cad>
          </ns3:TrackPointExtension>
        </extensions>
      </trkpt>
      <trkpt lat="23.05010170675814151763916015625" lon="113.30758689902722835540771484375">
        <ele>6.400000095367431640625</ele>
        <time>2026-08-24T23:17:49.000Z</time>
        <extensions>
          <ns3:TrackPointExtension>
            <ns3:hr>142</ns3:hr>
            <ns3:cad>81</ns3:cad>
          </ns3:TrackPointExtension>
        </extensions>
      </trkpt>
      <trkpt lat="23.050100617110729217529296875" lon="113.30757298506796360015869140625">
        <ele>6.400000095367431640625</ele>
        <time>2026-08-24T23:17:50.000Z</time>
        <extensions>
          <ns3:TrackPointExtension>
            <ns3:hr>141</ns3:hr>
            <ns3:cad>81</ns3:cad>
          </ns3:TrackPointExtension>
        </extensions>
      </trkpt>
      <trkpt lat="23.05010723881423473358154296875" lon="113.30754943192005157470703125">
        <ele>6.400000095367431640625</ele>
        <time>2026-08-24T23:17:51.000Z</time>
        <extensions>
          <ns3:TrackPointExtension>
            <ns3:hr>142</ns3:hr>
            <ns3:cad>81</ns3:cad>
          </ns3:TrackPointExtension>
        </extensions>
      </trkpt>
      <trkpt lat="23.05011092685163021087646484375" lon="113.30753040499985218048095703125">
        <ele>6.400000095367431640625</ele>
        <time>2026-08-24T23:17:52.000Z</time>
        <extensions>
          <ns3:TrackPointExtension>
            <ns3:hr>142</ns3:hr>
            <ns3:cad>82</ns3:cad>
          </ns3:TrackPointExtension>
        </extensions>
      </trkpt>
      <trkpt lat="23.05010807700455188751220703125" lon="113.3075107075273990631103515625">
        <ele>6.599999904632568359375</ele>
        <time>2026-08-24T23:17:53.000Z</time>
        <extensions>
          <ns3:TrackPointExtension>
            <ns3:hr>141</ns3:hr>
            <ns3:cad>82</ns3:cad>
          </ns3:TrackPointExtension>
        </extensions>
      </trkpt>
      <trkpt lat="23.05011293850839138031005859375" lon="113.30748212523758411407470703125">
        <ele>6.599999904632568359375</ele>
        <time>2026-08-24T23:17:54.000Z</time>
        <extensions>
          <ns3:TrackPointExtension>
            <ns3:hr>141</ns3:hr>
            <ns3:cad>82</ns3:cad>
          </ns3:TrackPointExtension>
        </extensions>
      </trkpt>
      <trkpt lat="23.0501118488609790802001953125" lon="113.307467959821224212646484375">
        <ele>6.400000095367431640625</ele>
        <time>2026-08-24T23:17:55.000Z</time>
        <extensions>
          <ns3:TrackPointExtension>
            <ns3:hr>141</ns3:hr>
            <ns3:cad>82</ns3:cad>
          </ns3:TrackPointExtension>
        </extensions>
      </trkpt>
      <trkpt lat="23.05010992102324962615966796875" lon="113.30744608305394649505615234375">
        <ele>6.400000095367431640625</ele>
        <time>2026-08-24T23:17:56.000Z</time>
        <extensions>
          <ns3:TrackPointExtension>
            <ns3:hr>142</ns3:hr>
            <ns3:cad>81</ns3:cad>
          </ns3:TrackPointExtension>
        </extensions>
      </trkpt>
      <trkpt lat="23.05012308061122894287109375" lon="113.307416997849941253662109375">
        <ele>6.400000095367431640625</ele>
        <time>2026-08-24T23:17:57.000Z</time>
        <extensions>
          <ns3:TrackPointExtension>
            <ns3:hr>142</ns3:hr>
            <ns3:cad>81</ns3:cad>
          </ns3:TrackPointExtension>
        </extensions>
      </trkpt>
      <trkpt lat="23.050123415887355804443359375" lon="113.30739922821521759033203125">
        <ele>6.400000095367431640625</ele>
        <time>2026-08-24T23:17:58.000Z</time>
        <extensions>
          <ns3:TrackPointExtension>
            <ns3:hr>142</ns3:hr>
            <ns3:cad>81</ns3:cad>
          </ns3:TrackPointExtension>
        </extensions>
      </trkpt>
      <trkpt lat="23.05012467317283153533935546875" lon="113.3073739148676395416259765625">
        <ele>6.400000095367431640625</ele>
        <time>2026-08-24T23:17:59.000Z</time>
        <extensions>
          <ns3:TrackPointExtension>
            <ns3:hr>142</ns3:hr>
            <ns3:cad>82</ns3:cad>
          </ns3:TrackPointExtension>
        </extensions>
      </trkpt>
      <trkpt lat="23.05012986995279788970947265625" lon="113.30735187046229839324951171875">
        <ele>6.599999904632568359375</ele>
        <time>2026-08-24T23:18:00.000Z</time>
        <extensions>
          <ns3:TrackPointExtension>
            <ns3:hr>142</ns3:hr>
            <ns3:cad>82</ns3:cad>
          </ns3:TrackPointExtension>
        </extensions>
      </trkpt>
      <trkpt lat="23.0501279421150684356689453125" lon="113.30733560957014560699462890625">
        <ele>6.599999904632568359375</ele>
        <time>2026-08-24T23:18:01.000Z</time>
        <extensions>
          <ns3:TrackPointExtension>
            <ns3:hr>143</ns3:hr>
            <ns3:cad>82</ns3:cad>
          </ns3:TrackPointExtension>
        </extensions>
      </trkpt>
      <trkpt lat="23.05013389326632022857666015625" lon="113.3073088712990283966064453125">
        <ele>6.599999904632568359375</ele>
        <time>2026-08-24T23:18:02.000Z</time>
        <extensions>
          <ns3:TrackPointExtension>
            <ns3:hr>143</ns3:hr>
            <ns3:cad>82</ns3:cad>
          </ns3:TrackPointExtension>
        </extensions>
      </trkpt>
      <trkpt lat="23.05013724602758884429931640625" lon="113.307290934026241302490234375">
        <ele>6.599999904632568359375</ele>
        <time>2026-08-24T23:18:03.000Z</time>
        <extensions>
          <ns3:TrackPointExtension>
            <ns3:hr>143</ns3:hr>
            <ns3:cad>82</ns3:cad>
          </ns3:TrackPointExtension>
        </extensions>
      </trkpt>
      <trkpt lat="23.05013640783727169036865234375" lon="113.30726914107799530029296875">
        <ele>6.599999904632568359375</ele>
        <time>2026-08-24T23:18:04.000Z</time>
        <extensions>
          <ns3:TrackPointExtension>
            <ns3:hr>143</ns3:hr>
            <ns3:cad>82</ns3:cad>
          </ns3:TrackPointExtension>
        </extensions>
      </trkpt>
      <trkpt lat="23.05014261044561862945556640625" lon="113.3072411455214023590087890625">
        <ele>6.599999904632568359375</ele>
        <time>2026-08-24T23:18:05.000Z</time>
        <extensions>
          <ns3:TrackPointExtension>
            <ns3:hr>143</ns3:hr>
            <ns3:cad>82</ns3:cad>
          </ns3:TrackPointExtension>
        </extensions>
      </trkpt>
      <trkpt lat="23.0501438677310943603515625" lon="113.307224549353122711181640625">
        <ele>6.599999904632568359375</ele>
        <time>2026-08-24T23:18:06.000Z</time>
        <extensions>
          <ns3:TrackPointExtension>
            <ns3:hr>142</ns3:hr>
            <ns3:cad>82</ns3:cad>
          </ns3:TrackPointExtension>
        </extensions>
      </trkpt>
      <trkpt lat="23.0501430295407772064208984375" lon="113.30720284022390842437744140625">
        <ele>6.400000095367431640625</ele>
        <time>2026-08-24T23:18:07.000Z</time>
        <extensions>
          <ns3:TrackPointExtension>
            <ns3:hr>143</ns3:hr>
            <ns3:cad>81</ns3:cad>
          </ns3:TrackPointExtension>
        </extensions>
      </trkpt>
      <trkpt lat="23.050153255462646484375" lon="113.30717316828668117523193359375">
        <ele>6.400000095367431640625</ele>
        <time>2026-08-24T23:18:08.000Z</time>
        <extensions>
          <ns3:TrackPointExtension>
            <ns3:hr>143</ns3:hr>
            <ns3:cad>81</ns3:cad>
          </ns3:TrackPointExtension>
        </extensions>
      </trkpt>
      <trkpt lat="23.05015484802424907684326171875" lon="113.30715439282357692718505859375">
        <ele>6.400000095367431640625</ele>
        <time>2026-08-24T23:18:09.000Z</time>
        <extensions>
          <ns3:TrackPointExtension>
            <ns3:hr>143</ns3:hr>
            <ns3:cad>81</ns3:cad>
          </ns3:TrackPointExtension>
        </extensions>
      </trkpt>
      <trkpt lat="23.05015484802424907684326171875" lon="113.30713025294244289398193359375">
        <ele>6.400000095367431640625</ele>
        <time>2026-08-24T23:18:10.000Z</time>
        <extensions>
          <ns3:TrackPointExtension>
            <ns3:hr>143</ns3:hr>
            <ns3:cad>81</ns3:cad>
          </ns3:TrackPointExtension>
        </extensions>
      </trkpt>
      <trkpt lat="23.05016524158418178558349609375" lon="113.30710544250905513763427734375">
        <ele>6.599999904632568359375</ele>
        <time>2026-08-24T23:18:11.000Z</time>
        <extensions>
          <ns3:TrackPointExtension>
            <ns3:hr>143</ns3:hr>
            <ns3:cad>81</ns3:cad>
          </ns3:TrackPointExtension>
        </extensions>
      </trkpt>
      <trkpt lat="23.05015820078551769256591796875" lon="113.30709052272140979766845703125">
        <ele>6.599999904632568359375</ele>
        <time>2026-08-24T23:18:12.000Z</time>
        <extensions>
          <ns3:TrackPointExtension>
            <ns3:hr>142</ns3:hr>
            <ns3:cad>81</ns3:cad>
          </ns3:TrackPointExtension>
        </extensions>
      </trkpt>
      <trkpt lat="23.050161302089691162109375" lon="113.307066969573497772216796875">
        <ele>6.599999904632568359375</ele>
        <time>2026-08-24T23:18:13.000Z</time>
        <extensions>
          <ns3:TrackPointExtension>
            <ns3:hr>143</ns3:hr>
            <ns3:cad>81</ns3:cad>
          </ns3:TrackPointExtension>
        </extensions>
      </trkpt>
      <trkpt lat="23.050168342888355255126953125" lon="113.3070450089871883392333984375">
        <ele>6.599999904632568359375</ele>
        <time>2026-08-24T23:18:14.000Z</time>
        <extensions>
          <ns3:TrackPointExtension>
            <ns3:hr>143</ns3:hr>
            <ns3:cad>81</ns3:cad>
          </ns3:TrackPointExtension>
        </extensions>
      </trkpt>
      <trkpt lat="23.0501641519367694854736328125" lon="113.307028077542781829833984375">
        <ele>6.599999904632568359375</ele>
        <time>2026-08-24T23:18:15.000Z</time>
        <extensions>
          <ns3:TrackPointExtension>
            <ns3:hr>143</ns3:hr>
            <ns3:cad>81</ns3:cad>
          </ns3:TrackPointExtension>
        </extensions>
      </trkpt>
      <trkpt lat="23.0501668341457843780517578125" lon="113.3070034347474575042724609375">
        <ele>6.599999904632568359375</ele>
        <time>2026-08-24T23:18:16.000Z</time>
        <extensions>
          <ns3:TrackPointExtension>
            <ns3:hr>142</ns3:hr>
            <ns3:cad>81</ns3:cad>
          </ns3:TrackPointExtension>
        </extensions>
      </trkpt>
      <trkpt lat="23.05017094127833843231201171875" lon="113.3069903589785099029541015625">
        <ele>6.599999904632568359375</ele>
        <time>2026-08-24T23:18:17.000Z</time>
        <extensions>
          <ns3:TrackPointExtension>
            <ns3:hr>143</ns3:hr>
            <ns3:cad>81</ns3:cad>
          </ns3:TrackPointExtension>
        </extensions>
      </trkpt>
      <trkpt lat="23.0501733720302581787109375" lon="113.30696881748735904693603515625">
        <ele>6.400000095367431640625</ele>
        <time>2026-08-24T23:18:18.000Z</time>
        <extensions>
          <ns3:TrackPointExtension>
            <ns3:hr>143</ns3:hr>
            <ns3:cad>82</ns3:cad>
          </ns3:TrackPointExtension>
        </extensions>
      </trkpt>
      <trkpt lat="23.05018368177115917205810546875" lon="113.30693981610238552093505859375">
        <ele>6.400000095367431640625</ele>
        <time>2026-08-24T23:18:19.000Z</time>
        <extensions>
          <ns3:TrackPointExtension>
            <ns3:hr>143</ns3:hr>
            <ns3:cad>82</ns3:cad>
          </ns3:TrackPointExtension>
        </extensions>
      </trkpt>
      <trkpt lat="23.05018686689436435699462890625" lon="113.30692606978118419647216796875">
        <ele>6.400000095367431640625</ele>
        <time>2026-08-24T23:18:20.000Z</time>
        <extensions>
          <ns3:TrackPointExtension>
            <ns3:hr>142</ns3:hr>
            <ns3:cad>81</ns3:cad>
          </ns3:TrackPointExtension>
        </extensions>
      </trkpt>
      <trkpt lat="23.05018535815179347991943359375" lon="113.30690461210906505584716796875">
        <ele>6.400000095367431640625</ele>
        <time>2026-08-24T23:18:21.000Z</time>
        <extensions>
          <ns3:TrackPointExtension>
            <ns3:hr>143</ns3:hr>
            <ns3:cad>80</ns3:cad>
          </ns3:TrackPointExtension>
        </extensions>
      </trkpt>
      <trkpt lat="23.05019709281623363494873046875" lon="113.30687628127634525299072265625">
        <ele>6.400000095367431640625</ele>
        <time>2026-08-24T23:18:22.000Z</time>
        <extensions>
          <ns3:TrackPointExtension>
            <ns3:hr>143</ns3:hr>
            <ns3:cad>80</ns3:cad>
          </ns3:TrackPointExtension>
        </extensions>
      </trkpt>
      <trkpt lat="23.05019290186464786529541015625" lon="113.3068626187741756439208984375">
        <ele>6.400000095367431640625</ele>
        <time>2026-08-24T23:18:23.000Z</time>
        <extensions>
          <ns3:TrackPointExtension>
            <ns3:hr>143</ns3:hr>
            <ns3:cad>80</ns3:cad>
          </ns3:TrackPointExtension>
        </extensions>
      </trkpt>
      <trkpt lat="23.0501943267881870269775390625" lon="113.30684007145464420318603515625">
        <ele>6.400000095367431640625</ele>
        <time>2026-08-24T23:18:24.000Z</time>
        <extensions>
          <ns3:TrackPointExtension>
            <ns3:hr>143</ns3:hr>
            <ns3:cad>81</ns3:cad>
          </ns3:TrackPointExtension>
        </extensions>
      </trkpt>
      <trkpt lat="23.050202541053295135498046875" lon="113.30681710503995418548583984375">
        <ele>6.400000095367431640625</ele>
        <time>2026-08-24T23:18:25.000Z</time>
        <extensions>
          <ns3:TrackPointExtension>
            <ns3:hr>142</ns3:hr>
            <ns3:cad>81</ns3:cad>
          </ns3:TrackPointExtension>
        </extensions>
      </trkpt>
      <trkpt lat="23.05020061321556568145751953125" lon="113.3067999221384525299072265625">
        <ele>6.400000095367431640625</ele>
        <time>2026-08-24T23:18:26.000Z</time>
        <extensions>
          <ns3:TrackPointExtension>
            <ns3:hr>143</ns3:hr>
            <ns3:cad>81</ns3:cad>
          </ns3:TrackPointExtension>
        </extensions>
      </trkpt>
      <trkpt lat="23.05020530708134174346923828125" lon="113.30677653662860393524169921875">
        <ele>6.400000095367431640625</ele>
        <time>2026-08-24T23:18:27.000Z</time>
        <extensions>
          <ns3:TrackPointExtension>
            <ns3:hr>143</ns3:hr>
            <ns3:cad>81</ns3:cad>
          </ns3:TrackPointExtension>
        </extensions>
      </trkpt>
      <trkpt lat="23.050213269889354705810546875" lon="113.3067563362419605255126953125">
        <ele>6.400000095367431640625</ele>
        <time>2026-08-24T23:18:28.000Z</time>
        <extensions>
          <ns3:TrackPointExtension>
            <ns3:hr>143</ns3:hr>
            <ns3:cad>81</ns3:cad>
          </ns3:TrackPointExtension>
        </extensions>
      </trkpt>
      <trkpt lat="23.0502167902886867523193359375" lon="113.3067342080175876617431640625">
        <ele>6.400000095367431640625</ele>
        <time>2026-08-24T23:18:29.000Z</time>
        <extensions>
          <ns3:TrackPointExtension>
            <ns3:hr>143</ns3:hr>
            <ns3:cad>81</ns3:cad>
          </ns3:TrackPointExtension>
        </extensions>
      </trkpt>
      <trkpt lat="23.05022391490638256072998046875" lon="113.306705541908740997314453125">
        <ele>6.400000095367431640625</ele>
        <time>2026-08-24T23:18:30.000Z</time>
        <extensions>
          <ns3:TrackPointExtension>
            <ns3:hr>142</ns3:hr>
            <ns3:cad>81</ns3:cad>
          </ns3:TrackPointExtension>
        </extensions>
      </trkpt>
      <trkpt lat="23.05023028515279293060302734375" lon="113.30668919719755649566650390625">
        <ele>6.400000095367431640625</ele>
        <time>2026-08-24T23:18:31.000Z</time>
        <extensions>
          <ns3:TrackPointExtension>
            <ns3:hr>143</ns3:hr>
            <ns3:cad>81</ns3:cad>
          </ns3:TrackPointExtension>
        </extensions>
      </trkpt>
      <trkpt lat="23.05023380555212497711181640625" lon="113.30667503178119659423828125">
        <ele>6.400000095367431640625</ele>
        <time>2026-08-24T23:18:32.000Z</time>
        <extensions>
          <ns3:TrackPointExtension>
            <ns3:hr>143</ns3:hr>
            <ns3:cad>81</ns3:cad>
          </ns3:TrackPointExtension>
        </extensions>
      </trkpt>
      <trkpt lat="23.05024017579853534698486328125" lon="113.30665198154747486114501953125">
        <ele>6.400000095367431640625</ele>
        <time>2026-08-24T23:18:33.000Z</time>
        <extensions>
          <ns3:TrackPointExtension>
            <ns3:hr>143</ns3:hr>
            <ns3:cad>81</ns3:cad>
          </ns3:TrackPointExtension>
        </extensions>
      </trkpt>
      <trkpt lat="23.05024067871272563934326171875" lon="113.30663991160690784454345703125">
        <ele>6.400000095367431640625</ele>
        <time>2026-08-24T23:18:34.000Z</time>
        <extensions>
          <ns3:TrackPointExtension>
            <ns3:hr>142</ns3:hr>
            <ns3:cad>81</ns3:cad>
          </ns3:TrackPointExtension>
        </extensions>
      </trkpt>
      <trkpt lat="23.050245456397533416748046875" lon="113.30662138760089874267578125">
        <ele>6.400000095367431640625</ele>
        <time>2026-08-24T23:18:35.000Z</time>
        <extensions>
          <ns3:TrackPointExtension>
            <ns3:hr>143</ns3:hr>
            <ns3:cad>81</ns3:cad>
          </ns3:TrackPointExtension>
        </extensions>
      </trkpt>
      <trkpt lat="23.05025945417582988739013671875" lon="113.30659800209105014801025390625">
        <ele>6.400000095367431640625</ele>
        <time>2026-08-24T23:18:36.000Z</time>
        <extensions>
          <ns3:TrackPointExtension>
            <ns3:hr>143</ns3:hr>
            <ns3:cad>81</ns3:cad>
          </ns3:TrackPointExtension>
        </extensions>
      </trkpt>
      <trkpt lat="23.05025853216648101806640625" lon="113.30658576451241970062255859375">
        <ele>6.400000095367431640625</ele>
        <time>2026-08-24T23:18:37.000Z</time>
        <extensions>
          <ns3:TrackPointExtension>
            <ns3:hr>142</ns3:hr>
            <ns3:cad>81</ns3:cad>
          </ns3:TrackPointExtension>
        </extensions>
      </trkpt>
      <trkpt lat="23.05025727488100528717041015625" lon="113.30656330101191997528076171875">
        <ele>6.400000095367431640625</ele>
        <time>2026-08-24T23:18:38.000Z</time>
        <extensions>
          <ns3:TrackPointExtension>
            <ns3:hr>143</ns3:hr>
            <ns3:cad>81</ns3:cad>
          </ns3:TrackPointExtension>
        </extensions>
      </trkpt>
      <trkpt lat="23.05026733316481113433837890625" lon="113.30653547309339046478271484375">
        <ele>6.400000095367431640625</ele>
        <time>2026-08-24T23:18:39.000Z</time>
        <extensions>
          <ns3:TrackPointExtension>
            <ns3:hr>143</ns3:hr>
            <ns3:cad>81</ns3:cad>
          </ns3:TrackPointExtension>
        </extensions>
      </trkpt>
      <trkpt lat="23.050268925726413726806640625" lon="113.30652189441025257110595703125">
        <ele>6.599999904632568359375</ele>
        <time>2026-08-24T23:18:40.000Z</time>
        <extensions>
          <ns3:TrackPointExtension>
            <ns3:hr>142</ns3:hr>
            <ns3:cad>81</ns3:cad>
          </ns3:TrackPointExtension>
        </extensions>
      </trkpt>
      <trkpt lat="23.05026783607900142669677734375" lon="113.30649993382394313812255859375">
        <ele>6.599999904632568359375</ele>
        <time>2026-08-24T23:18:41.000Z</time>
        <extensions>
          <ns3:TrackPointExtension>
            <ns3:hr>143</ns3:hr>
            <ns3:cad>81</ns3:cad>
          </ns3:TrackPointExtension>
        </extensions>
      </trkpt>
      <trkpt lat="23.05027856491506099700927734375" lon="113.30647311173379421234130859375">
        <ele>6.599999904632568359375</ele>
        <time>2026-08-24T23:18:42.000Z</time>
        <extensions>
          <ns3:TrackPointExtension>
            <ns3:hr>142</ns3:hr>
            <ns3:cad>81</ns3:cad>
          </ns3:TrackPointExtension>
        </extensions>
      </trkpt>
      <trkpt lat="23.05027387104928493499755859375" lon="113.3064599521458148956298828125">
        <ele>6.599999904632568359375</ele>
        <time>2026-08-24T23:18:43.000Z</time>
        <extensions>
          <ns3:TrackPointExtension>
            <ns3:hr>142</ns3:hr>
            <ns3:cad>81</ns3:cad>
          </ns3:TrackPointExtension>
        </extensions>
      </trkpt>
      <trkpt lat="23.05027320049703121185302734375" lon="113.306437991559505462646484375">
        <ele>6.599999904632568359375</ele>
        <time>2026-08-24T23:18:44.000Z</time>
        <extensions>
          <ns3:TrackPointExtension>
            <ns3:hr>142</ns3:hr>
            <ns3:cad>81</ns3:cad>
          </ns3:TrackPointExtension>
        </extensions>
      </trkpt>
      <trkpt lat="23.05027856491506099700927734375" lon="113.3064126782119274139404296875">
        <ele>6.80000019073486328125</ele>
        <time>2026-08-24T23:18:45.000Z</time>
        <extensions>
          <ns3:TrackPointExtension>
            <ns3:hr>143</ns3:hr>
            <ns3:cad>81</ns3:cad>
          </ns3:TrackPointExtension>
        </extensions>
      </trkpt>
      <trkpt lat="23.0502721108496189117431640625" lon="113.306395746767520904541015625">
        <ele>6.80000019073486328125</ele>
        <time>2026-08-24T23:18:46.000Z</time>
        <extensions>
          <ns3:TrackPointExtension>
            <ns3:hr>142</ns3:hr>
            <ns3:cad>80</ns3:cad>
          </ns3:TrackPointExtension>
        </extensions>
      </trkpt>
      <trkpt lat="23.050274290144443511962890625" lon="113.306371606886386871337890625">
        <ele>6.80000019073486328125</ele>
        <time>2026-08-24T23:18:47.000Z</time>
        <extensions>
          <ns3:TrackPointExtension>
            <ns3:hr>142</ns3:hr>
            <ns3:cad>80</ns3:cad>
          </ns3:TrackPointExtension>
        </extensions>
      </trkpt>
      <trkpt lat="23.0502818338572978973388671875" lon="113.306351490318775177001953125">
        <ele>6.80000019073486328125</ele>
        <time>2026-08-24T23:18:48.000Z</time>
        <extensions>
          <ns3:TrackPointExtension>
            <ns3:hr>142</ns3:hr>
            <ns3:cad>80</ns3:cad>
          </ns3:TrackPointExtension>
        </extensions>
      </trkpt>
      <trkpt lat="23.05028141476213932037353515625" lon="113.3063323795795440673828125">
        <ele>6.80000019073486328125</ele>
        <time>2026-08-24T23:18:49.000Z</time>
        <extensions>
          <ns3:TrackPointExtension>
            <ns3:hr>142</ns3:hr>
            <ns3:cad>80</ns3:cad>
          </ns3:TrackPointExtension>
        </extensions>
      </trkpt>
      <trkpt lat="23.05028694681823253631591796875" lon="113.3063050545752048492431640625">
        <ele>6.80000019073486328125</ele>
        <time>2026-08-24T23:18:50.000Z</time>
        <extensions>
          <ns3:TrackPointExtension>
            <ns3:hr>143</ns3:hr>
            <ns3:cad>81</ns3:cad>
          </ns3:TrackPointExtension>
        </extensions>
      </trkpt>
      <trkpt lat="23.0502908863127231597900390625" lon="113.3062859438359737396240234375">
        <ele>6.80000019073486328125</ele>
        <time>2026-08-24T23:18:51.000Z</time>
        <extensions>
          <ns3:TrackPointExtension>
            <ns3:hr>142</ns3:hr>
            <ns3:cad>81</ns3:cad>
          </ns3:TrackPointExtension>
        </extensions>
      </trkpt>
      <trkpt lat="23.0502913892269134521484375" lon="113.30626641400158405303955078125">
        <ele>6.80000019073486328125</ele>
        <time>2026-08-24T23:18:52.000Z</time>
        <extensions>
          <ns3:TrackPointExtension>
            <ns3:hr>142</ns3:hr>
            <ns3:cad>81</ns3:cad>
          </ns3:TrackPointExtension>
        </extensions>
      </trkpt>
      <trkpt lat="23.05030136369168758392333984375" lon="113.306238837540149688720703125">
        <ele>6.599999904632568359375</ele>
        <time>2026-08-24T23:18:53.000Z</time>
        <extensions>
          <ns3:TrackPointExtension>
            <ns3:hr>142</ns3:hr>
            <ns3:cad>81</ns3:cad>
          </ns3:TrackPointExtension>
        </extensions>
      </trkpt>
      <trkpt lat="23.05030521936714649200439453125" lon="113.30622165463864803314208984375">
        <ele>6.599999904632568359375</ele>
        <time>2026-08-24T23:18:54.000Z</time>
        <extensions>
          <ns3:TrackPointExtension>
            <ns3:hr>142</ns3:hr>
            <ns3:cad>81</ns3:cad>
          </ns3:TrackPointExtension>
        </extensions>
      </trkpt>
      <trkpt lat="23.05030605755746364593505859375" lon="113.3062001131474971771240234375">
        <ele>6.599999904632568359375</ele>
        <time>2026-08-24T23:18:55.000Z</time>
        <extensions>
          <ns3:TrackPointExtension>
            <ns3:hr>141</ns3:hr>
            <ns3:cad>81</ns3:cad>
          </ns3:TrackPointExtension>
        </extensions>
      </trkpt>
      <trkpt lat="23.05031376890838146209716796875" lon="113.3061753027141094207763671875">
        <ele>6.80000019073486328125</ele>
        <time>2026-08-24T23:18:56.000Z</time>
        <extensions>
          <ns3:TrackPointExtension>
            <ns3:hr>141</ns3:hr>
            <ns3:cad>81</ns3:cad>
          </ns3:TrackPointExtension>
        </extensions>
      </trkpt>
      <trkpt lat="23.0503116734325885772705078125" lon="113.3061580359935760498046875">
        <ele>6.80000019073486328125</ele>
        <time>2026-08-24T23:18:57.000Z</time>
        <extensions>
          <ns3:TrackPointExtension>
            <ns3:hr>140</ns3:hr>
            <ns3:cad>81</ns3:cad>
          </ns3:TrackPointExtension>
        </extensions>
      </trkpt>
      <trkpt lat="23.05030857212841510772705078125" lon="113.3061338961124420166015625">
        <ele>6.80000019073486328125</ele>
        <time>2026-08-24T23:18:58.000Z</time>
        <extensions>
          <ns3:TrackPointExtension>
            <ns3:hr>140</ns3:hr>
            <ns3:cad>81</ns3:cad>
          </ns3:TrackPointExtension>
        </extensions>
      </trkpt>
      <trkpt lat="23.0503155291080474853515625" lon="113.30611067824065685272216796875">
        <ele>6.80000019073486328125</ele>
        <time>2026-08-24T23:18:59.000Z</time>
        <extensions>
          <ns3:TrackPointExtension>
            <ns3:hr>140</ns3:hr>
            <ns3:cad>81</ns3:cad>
          </ns3:TrackPointExtension>
        </extensions>
      </trkpt>
      <trkpt lat="23.05031360127031803131103515625" lon="113.3060914836823940277099609375">
        <ele>6.80000019073486328125</ele>
        <time>2026-08-24T23:19:00.000Z</time>
        <extensions>
          <ns3:TrackPointExtension>
            <ns3:hr>140</ns3:hr>
            <ns3:cad>81</ns3:cad>
          </ns3:TrackPointExtension>
        </extensions>
      </trkpt>
      <trkpt lat="23.05031427182257175445556640625" lon="113.30606088973581790924072265625">
        <ele>6.80000019073486328125</ele>
        <time>2026-08-24T23:19:01.000Z</time>
        <extensions>
          <ns3:TrackPointExtension>
            <ns3:hr>139</ns3:hr>
            <ns3:cad>81</ns3:cad>
          </ns3:TrackPointExtension>
        </extensions>
      </trkpt>
      <trkpt lat="23.050317876040935516357421875" lon="113.30603926442563533782958984375">
        <ele>6.80000019073486328125</ele>
        <time>2026-08-24T23:19:02.000Z</time>
        <extensions>
          <ns3:TrackPointExtension>
            <ns3:hr>139</ns3:hr>
            <ns3:cad>81</ns3:cad>
          </ns3:TrackPointExtension>
        </extensions>
      </trkpt>
      <trkpt lat="23.0503210611641407012939453125" lon="113.30601411871612071990966796875">
        <ele>6.80000019073486328125</ele>
        <time>2026-08-24T23:19:03.000Z</time>
        <extensions>
          <ns3:TrackPointExtension>
            <ns3:hr>139</ns3:hr>
            <ns3:cad>81</ns3:cad>
          </ns3:TrackPointExtension>
        </extensions>
      </trkpt>
      <trkpt lat="23.05032634176313877105712890625" lon="113.30598209984600543975830078125">
        <ele>6.80000019073486328125</ele>
        <time>2026-08-24T23:19:04.000Z</time>
        <extensions>
          <ns3:TrackPointExtension>
            <ns3:hr>140</ns3:hr>
            <ns3:cad>81</ns3:cad>
          </ns3:TrackPointExtension>
        </extensions>
      </trkpt>
      <trkpt lat="23.05032424628734588623046875" lon="113.3059670962393283843994140625">
        <ele>6.80000019073486328125</ele>
        <time>2026-08-24T23:19:05.000Z</time>
        <extensions>
          <ns3:TrackPointExtension>
            <ns3:hr>139</ns3:hr>
            <ns3:cad>81</ns3:cad>
          </ns3:TrackPointExtension>
        </extensions>
      </trkpt>
      <trkpt lat="23.0503207258880138397216796875" lon="113.305947482585906982421875">
        <ele>6.599999904632568359375</ele>
        <time>2026-08-24T23:19:06.000Z</time>
        <extensions>
          <ns3:TrackPointExtension>
            <ns3:hr>139</ns3:hr>
            <ns3:cad>81</ns3:cad>
          </ns3:TrackPointExtension>
        </extensions>
      </trkpt>
      <trkpt lat="23.0503297783434391021728515625" lon="113.30592309124767780303955078125">
        <ele>6.599999904632568359375</ele>
        <time>2026-08-24T23:19:07.000Z</time>
        <extensions>
          <ns3:TrackPointExtension>
            <ns3:hr>140</ns3:hr>
            <ns3:cad>81</ns3:cad>
          </ns3:TrackPointExtension>
        </extensions>
      </trkpt>
      <trkpt lat="23.050322234630584716796875" lon="113.3059100992977619171142578125">
        <ele>6.80000019073486328125</ele>
        <time>2026-08-24T23:19:08.000Z</time>
        <extensions>
          <ns3:TrackPointExtension>
            <ns3:hr>140</ns3:hr>
            <ns3:cad>81</ns3:cad>
          </ns3:TrackPointExtension>
        </extensions>
      </trkpt>
      <trkpt lat="23.0503190495073795318603515625" lon="113.3058923296630382537841796875">
        <ele>6.80000019073486328125</ele>
        <time>2026-08-24T23:19:09.000Z</time>
        <extensions>
          <ns3:TrackPointExtension>
            <ns3:hr>140</ns3:hr>
            <ns3:cad>81</ns3:cad>
          </ns3:TrackPointExtension>
        </extensions>
      </trkpt>
      <trkpt lat="23.0503264255821704864501953125" lon="113.305865339934825897216796875">
        <ele>6.80000019073486328125</ele>
        <time>2026-08-24T23:19:10.000Z</time>
        <extensions>
          <ns3:TrackPointExtension>
            <ns3:hr>140</ns3:hr>
            <ns3:cad>81</ns3:cad>
          </ns3:TrackPointExtension>
        </extensions>
      </trkpt>
      <trkpt lat="23.050323240458965301513671875" lon="113.3058494143187999725341796875">
        <ele>6.80000019073486328125</ele>
        <time>2026-08-24T23:19:11.000Z</time>
        <extensions>
          <ns3:TrackPointExtension>
            <ns3:hr>139</ns3:hr>
            <ns3:cad>80</ns3:cad>
          </ns3:TrackPointExtension>
        </extensions>
      </trkpt>
      <trkpt lat="23.05031963624060153961181640625" lon="113.3058269508183002471923828125">
        <ele>6.80000019073486328125</ele>
        <time>2026-08-24T23:19:12.000Z</time>
        <extensions>
          <ns3:TrackPointExtension>
            <ns3:hr>140</ns3:hr>
            <ns3:cad>80</ns3:cad>
          </ns3:TrackPointExtension>
        </extensions>
      </trkpt>
      <trkpt lat="23.05032583884894847869873046875" lon="113.30580406822264194488525390625">
        <ele>6.80000019073486328125</ele>
        <time>2026-08-24T23:19:13.000Z</time>
        <extensions>
          <ns3:TrackPointExtension>
            <ns3:hr>140</ns3:hr>
            <ns3:cad>81</ns3:cad>
          </ns3:TrackPointExtension>
        </extensions>
      </trkpt>
      <trkpt lat="23.05032315663993358612060546875" lon="113.30579099245369434356689453125">
        <ele>6.80000019073486328125</ele>
        <time>2026-08-24T23:19:14.000Z</time>
        <extensions>
          <ns3:TrackPointExtension>
            <ns3:hr>140</ns3:hr>
            <ns3:cad>81</ns3:cad>
          </ns3:TrackPointExtension>
        </extensions>
      </trkpt>
      <trkpt lat="23.0503234080970287322998046875" lon="113.3057696186006069183349609375">
        <ele>6.80000019073486328125</ele>
        <time>2026-08-24T23:19:15.000Z</time>
        <extensions>
          <ns3:TrackPointExtension>
            <ns3:hr>140</ns3:hr>
            <ns3:cad>81</ns3:cad>
          </ns3:TrackPointExtension>
        </extensions>
      </trkpt>
      <trkpt lat="23.05032667703926563262939453125" lon="113.30574824474751949310302734375">
        <ele>6.80000019073486328125</ele>
        <time>2026-08-24T23:19:16.000Z</time>
        <extensions>
          <ns3:TrackPointExtension>
            <ns3:hr>140</ns3:hr>
            <ns3:cad>81</ns3:cad>
          </ns3:TrackPointExtension>
        </extensions>
      </trkpt>
      <trkpt lat="23.05032231844961643218994140625" lon="113.3057337440550327301025390625">
        <ele>6.80000019073486328125</ele>
        <time>2026-08-24T23:19:17.000Z</time>
        <extensions>
          <ns3:TrackPointExtension>
            <ns3:hr>140</ns3:hr>
            <ns3:cad>81</ns3:cad>
          </ns3:TrackPointExtension>
        </extensions>
      </trkpt>
      <trkpt lat="23.0503244139254093170166015625" lon="113.30570516176521778106689453125">
        <ele>7</ele>
        <time>2026-08-24T23:19:18.000Z</time>
        <extensions>
          <ns3:TrackPointExtension>
            <ns3:hr>140</ns3:hr>
            <ns3:cad>80</ns3:cad>
          </ns3:TrackPointExtension>
        </extensions>
      </trkpt>
      <trkpt lat="23.05032650940120220184326171875" lon="113.30568722449243068695068359375">
        <ele>6.80000019073486328125</ele>
        <time>2026-08-24T23:19:19.000Z</time>
        <extensions>
          <ns3:TrackPointExtension>
            <ns3:hr>140</ns3:hr>
            <ns3:cad>80</ns3:cad>
          </ns3:TrackPointExtension>
        </extensions>
      </trkpt>
      <trkpt lat="23.05032919161021709442138671875" lon="113.30566392280161380767822265625">
        <ele>6.80000019073486328125</ele>
        <time>2026-08-24T23:19:20.000Z</time>
        <extensions>
          <ns3:TrackPointExtension>
            <ns3:hr>140</ns3:hr>
            <ns3:cad>81</ns3:cad>
          </ns3:TrackPointExtension>
        </extensions>
      </trkpt>
      <trkpt lat="23.05034344084560871124267578125" lon="113.3056350052356719970703125">
        <ele>6.80000019073486328125</ele>
        <time>2026-08-24T23:19:21.000Z</time>
        <extensions>
          <ns3:TrackPointExtension>
            <ns3:hr>140</ns3:hr>
            <ns3:cad>81</ns3:cad>
          </ns3:TrackPointExtension>
        </extensions>
      </trkpt>
      <trkpt lat="23.05034838616847991943359375" lon="113.305615894496440887451171875">
        <ele>6.80000019073486328125</ele>
        <time>2026-08-24T23:19:22.000Z</time>
        <extensions>
          <ns3:TrackPointExtension>
            <ns3:hr>141</ns3:hr>
            <ns3:cad>81</ns3:cad>
          </ns3:TrackPointExtension>
        </extensions>
      </trkpt>
      <trkpt lat="23.05034930817782878875732421875" lon="113.3055952750146389007568359375">
        <ele>6.80000019073486328125</ele>
        <time>2026-08-24T23:19:23.000Z</time>
        <extensions>
          <ns3:TrackPointExtension>
            <ns3:hr>141</ns3:hr>
            <ns3:cad>82</ns3:cad>
          </ns3:TrackPointExtension>
        </extensions>
      </trkpt>
      <trkpt lat="23.050354756414890289306640625" lon="113.30557038076221942901611328125">
        <ele>6.80000019073486328125</ele>
        <time>2026-08-24T23:19:24.000Z</time>
        <extensions>
          <ns3:TrackPointExtension>
            <ns3:hr>141</ns3:hr>
            <ns3:cad>82</ns3:cad>
          </ns3:TrackPointExtension>
        </extensions>
      </trkpt>
      <trkpt lat="23.05035375058650970458984375" lon="113.30555462278425693511962890625">
        <ele>6.80000019073486328125</ele>
        <time>2026-08-24T23:19:25.000Z</time>
        <extensions>
          <ns3:TrackPointExtension>
            <ns3:hr>141</ns3:hr>
            <ns3:cad>82</ns3:cad>
          </ns3:TrackPointExtension>
        </extensions>
      </trkpt>
      <trkpt lat="23.05035165511071681976318359375" lon="113.30552972853183746337890625">
        <ele>6.80000019073486328125</ele>
        <time>2026-08-24T23:19:26.000Z</time>
        <extensions>
          <ns3:TrackPointExtension>
            <ns3:hr>141</ns3:hr>
            <ns3:cad>82</ns3:cad>
          </ns3:TrackPointExtension>
        </extensions>
      </trkpt>
      <trkpt lat="23.0503569357097148895263671875" lon="113.30550868995487689971923828125">
        <ele>6.80000019073486328125</ele>
        <time>2026-08-24T23:19:27.000Z</time>
        <extensions>
          <ns3:TrackPointExtension>
            <ns3:hr>141</ns3:hr>
            <ns3:cad>82</ns3:cad>
          </ns3:TrackPointExtension>
        </extensions>
      </trkpt>
      <trkpt lat="23.05035299621522426605224609375" lon="113.305491507053375244140625">
        <ele>6.80000019073486328125</ele>
        <time>2026-08-24T23:19:28.000Z</time>
        <extensions>
          <ns3:TrackPointExtension>
            <ns3:hr>141</ns3:hr>
            <ns3:cad>82</ns3:cad>
          </ns3:TrackPointExtension>
        </extensions>
      </trkpt>
      <trkpt lat="23.05035785771906375885009765625" lon="113.3054564706981182098388671875">
        <ele>6.599999904632568359375</ele>
        <time>2026-08-24T23:19:29.000Z</time>
        <extensions>
          <ns3:TrackPointExtension>
            <ns3:hr>141</ns3:hr>
            <ns3:cad>81</ns3:cad>
          </ns3:TrackPointExtension>
        </extensions>
      </trkpt>
      <trkpt lat="23.05035953409969806671142578125" lon="113.30543844960629940032958984375">
        <ele>6.599999904632568359375</ele>
        <time>2026-08-24T23:19:30.000Z</time>
        <extensions>
          <ns3:TrackPointExtension>
            <ns3:hr>141</ns3:hr>
            <ns3:cad>81</ns3:cad>
          </ns3:TrackPointExtension>
        </extensions>
      </trkpt>
      <trkpt lat="23.05035735480487346649169921875" lon="113.30541850067675113677978515625">
        <ele>6.599999904632568359375</ele>
        <time>2026-08-24T23:19:31.000Z</time>
        <extensions>
          <ns3:TrackPointExtension>
            <ns3:hr>141</ns3:hr>
            <ns3:cad>81</ns3:cad>
          </ns3:TrackPointExtension>
        </extensions>
      </trkpt>
      <trkpt lat="23.0503643117845058441162109375" lon="113.30539570190012454986572265625">
        <ele>6.599999904632568359375</ele>
        <time>2026-08-24T23:19:32.000Z</time>
        <extensions>
          <ns3:TrackPointExtension>
            <ns3:hr>141</ns3:hr>
            <ns3:cad>81</ns3:cad>
          </ns3:TrackPointExtension>
        </extensions>
      </trkpt>
      <trkpt lat="23.05036053992807865142822265625" lon="113.305378854274749755859375">
        <ele>6.599999904632568359375</ele>
        <time>2026-08-24T23:19:33.000Z</time>
        <extensions>
          <ns3:TrackPointExtension>
            <ns3:hr>142</ns3:hr>
            <ns3:cad>81</ns3:cad>
          </ns3:TrackPointExtension>
        </extensions>
      </trkpt>
      <trkpt lat="23.050360791385173797607421875" lon="113.30535714514553546905517578125">
        <ele>6.599999904632568359375</ele>
        <time>2026-08-24T23:19:34.000Z</time>
        <extensions>
          <ns3:TrackPointExtension>
            <ns3:hr>142</ns3:hr>
            <ns3:cad>81</ns3:cad>
          </ns3:TrackPointExtension>
        </extensions>
      </trkpt>
      <trkpt lat="23.05037177167832851409912109375" lon="113.30533233471214771270751953125">
        <ele>6.599999904632568359375</ele>
        <time>2026-08-24T23:19:35.000Z</time>
        <extensions>
          <ns3:TrackPointExtension>
            <ns3:hr>142</ns3:hr>
            <ns3:cad>82</ns3:cad>
          </ns3:TrackPointExtension>
        </extensions>
      </trkpt>
      <trkpt lat="23.0503686703741550445556640625" lon="113.3053143136203289031982421875">
        <ele>6.80000019073486328125</ele>
        <time>2026-08-24T23:19:36.000Z</time>
        <extensions>
          <ns3:TrackPointExtension>
            <ns3:hr>142</ns3:hr>
            <ns3:cad>82</ns3:cad>
          </ns3:TrackPointExtension>
        </extensions>
      </trkpt>
      <trkpt lat="23.0503713525831699371337890625" lon="113.3052858151495456695556640625">
        <ele>6.80000019073486328125</ele>
        <time>2026-08-24T23:19:37.000Z</time>
        <extensions>
          <ns3:TrackPointExtension>
            <ns3:hr>142</ns3:hr>
            <ns3:cad>81</ns3:cad>
          </ns3:TrackPointExtension>
        </extensions>
      </trkpt>
      <trkpt lat="23.050374872982501983642578125" lon="113.30526108853518962860107421875">
        <ele>7</ele>
        <time>2026-08-24T23:19:38.000Z</time>
        <extensions>
          <ns3:TrackPointExtension>
            <ns3:hr>142</ns3:hr>
            <ns3:cad>81</ns3:cad>
          </ns3:TrackPointExtension>
        </extensions>
      </trkpt>
      <trkpt lat="23.05037386715412139892578125" lon="113.3052408881485462188720703125">
        <ele>7</ele>
        <time>2026-08-24T23:19:39.000Z</time>
        <extensions>
          <ns3:TrackPointExtension>
            <ns3:hr>142</ns3:hr>
            <ns3:cad>81</ns3:cad>
          </ns3:TrackPointExtension>
        </extensions>
      </trkpt>
      <trkpt lat="23.050377555191516876220703125" lon="113.305211551487445831298828125">
        <ele>7</ele>
        <time>2026-08-24T23:19:40.000Z</time>
        <extensions>
          <ns3:TrackPointExtension>
            <ns3:hr>142</ns3:hr>
            <ns3:cad>82</ns3:cad>
          </ns3:TrackPointExtension>
        </extensions>
      </trkpt>
      <trkpt lat="23.0503817461431026458740234375" lon="113.3051916025578975677490234375">
        <ele>7</ele>
        <time>2026-08-24T23:19:41.000Z</time>
        <extensions>
          <ns3:TrackPointExtension>
            <ns3:hr>142</ns3:hr>
            <ns3:cad>81</ns3:cad>
          </ns3:TrackPointExtension>
        </extensions>
      </trkpt>
      <trkpt lat="23.05037914775311946868896484375" lon="113.305174671113491058349609375">
        <ele>7</ele>
        <time>2026-08-24T23:19:42.000Z</time>
        <extensions>
          <ns3:TrackPointExtension>
            <ns3:hr>142</ns3:hr>
            <ns3:cad>81</ns3:cad>
          </ns3:TrackPointExtension>
        </extensions>
      </trkpt>
      <trkpt lat="23.05038820020854473114013671875" lon="113.3051455020904541015625">
        <ele>7</ele>
        <time>2026-08-24T23:19:43.000Z</time>
        <extensions>
          <ns3:TrackPointExtension>
            <ns3:hr>142</ns3:hr>
            <ns3:cad>81</ns3:cad>
          </ns3:TrackPointExtension>
        </extensions>
      </trkpt>
      <trkpt lat="23.05039222352206707000732421875" lon="113.305129744112491607666015625">
        <ele>7</ele>
        <time>2026-08-24T23:19:44.000Z</time>
        <extensions>
          <ns3:TrackPointExtension>
            <ns3:hr>142</ns3:hr>
            <ns3:cad>80</ns3:cad>
          </ns3:TrackPointExtension>
        </extensions>
      </trkpt>
      <trkpt lat="23.05039155296981334686279296875" lon="113.3051097951829433441162109375">
        <ele>7</ele>
        <time>2026-08-24T23:19:45.000Z</time>
        <extensions>
          <ns3:TrackPointExtension>
            <ns3:hr>142</ns3:hr>
            <ns3:cad>80</ns3:cad>
          </ns3:TrackPointExtension>
        </extensions>
      </trkpt>
      <trkpt lat="23.05039758794009685516357421875" lon="113.305081464350223541259765625">
        <ele>6.80000019073486328125</ele>
        <time>2026-08-24T23:19:46.000Z</time>
        <extensions>
          <ns3:TrackPointExtension>
            <ns3:hr>142</ns3:hr>
            <ns3:cad>80</ns3:cad>
          </ns3:TrackPointExtension>
        </extensions>
      </trkpt>
      <trkpt lat="23.05039524100720882415771484375" lon="113.305066712200641632080078125">
        <ele>7</ele>
        <time>2026-08-24T23:19:47.000Z</time>
        <extensions>
          <ns3:TrackPointExtension>
            <ns3:hr>143</ns3:hr>
            <ns3:cad>80</ns3:cad>
          </ns3:TrackPointExtension>
        </extensions>
      </trkpt>
      <trkpt lat="23.0503959953784942626953125" lon="113.305046260356903076171875">
        <ele>7</ele>
        <time>2026-08-24T23:19:48.000Z</time>
        <extensions>
          <ns3:TrackPointExtension>
            <ns3:hr>142</ns3:hr>
            <ns3:cad>80</ns3:cad>
          </ns3:TrackPointExtension>
        </extensions>
      </trkpt>
      <trkpt lat="23.0504082329571247100830078125" lon="113.30501918680965900421142578125">
        <ele>7</ele>
        <time>2026-08-24T23:19:49.000Z</time>
        <extensions>
          <ns3:TrackPointExtension>
            <ns3:hr>142</ns3:hr>
            <ns3:cad>80</ns3:cad>
          </ns3:TrackPointExtension>
        </extensions>
      </trkpt>
      <trkpt lat="23.05040949024260044097900390625" lon="113.30500074662268161773681640625">
        <ele>7</ele>
        <time>2026-08-24T23:19:50.000Z</time>
        <extensions>
          <ns3:TrackPointExtension>
            <ns3:hr>143</ns3:hr>
            <ns3:cad>80</ns3:cad>
          </ns3:TrackPointExtension>
        </extensions>
      </trkpt>
      <trkpt lat="23.05041351355612277984619140625" lon="113.30498012714087963104248046875">
        <ele>7</ele>
        <time>2026-08-24T23:19:51.000Z</time>
        <extensions>
          <ns3:TrackPointExtension>
            <ns3:hr>142</ns3:hr>
            <ns3:cad>80</ns3:cad>
          </ns3:TrackPointExtension>
        </extensions>
      </trkpt>
      <trkpt lat="23.05042206309735774993896484375" lon="113.3049572445452213287353515625">
        <ele>7</ele>
        <time>2026-08-24T23:19:52.000Z</time>
        <extensions>
          <ns3:TrackPointExtension>
            <ns3:hr>142</ns3:hr>
            <ns3:cad>81</ns3:cad>
          </ns3:TrackPointExtension>
        </extensions>
      </trkpt>
      <trkpt lat="23.0504216440021991729736328125" lon="113.30494106747210025787353515625">
        <ele>7</ele>
        <time>2026-08-24T23:19:53.000Z</time>
        <extensions>
          <ns3:TrackPointExtension>
            <ns3:hr>143</ns3:hr>
            <ns3:cad>81</ns3:cad>
          </ns3:TrackPointExtension>
        </extensions>
      </trkpt>
      <trkpt lat="23.05042876861989498138427734375" lon="113.30491474829614162445068359375">
        <ele>7</ele>
        <time>2026-08-24T23:19:54.000Z</time>
        <extensions>
          <ns3:TrackPointExtension>
            <ns3:hr>142</ns3:hr>
            <ns3:cad>81</ns3:cad>
          </ns3:TrackPointExtension>
        </extensions>
      </trkpt>
      <trkpt lat="23.05043698288500308990478515625" lon="113.30489404499530792236328125">
        <ele>7</ele>
        <time>2026-08-24T23:19:55.000Z</time>
        <extensions>
          <ns3:TrackPointExtension>
            <ns3:hr>142</ns3:hr>
            <ns3:cad>81</ns3:cad>
          </ns3:TrackPointExtension>
        </extensions>
      </trkpt>
      <trkpt lat="23.050433881580829620361328125" lon="113.3048767782747745513916015625">
        <ele>7</ele>
        <time>2026-08-24T23:19:56.000Z</time>
        <extensions>
          <ns3:TrackPointExtension>
            <ns3:hr>143</ns3:hr>
            <ns3:cad>81</ns3:cad>
          </ns3:TrackPointExtension>
        </extensions>
      </trkpt>
      <trkpt lat="23.0504442751407623291015625" lon="113.3048499561846256256103515625">
        <ele>6.80000019073486328125</ele>
        <time>2026-08-24T23:19:57.000Z</time>
        <extensions>
          <ns3:TrackPointExtension>
            <ns3:hr>142</ns3:hr>
            <ns3:cad>81</ns3:cad>
          </ns3:TrackPointExtension>
        </extensions>
      </trkpt>
      <trkpt lat="23.05045039393007755279541015625" lon="113.30483159981667995452880859375">
        <ele>6.80000019073486328125</ele>
        <time>2026-08-24T23:19:58.000Z</time>
        <extensions>
          <ns3:TrackPointExtension>
            <ns3:hr>142</ns3:hr>
            <ns3:cad>81</ns3:cad>
          </ns3:TrackPointExtension>
        </extensions>
      </trkpt>
      <trkpt lat="23.0504541657865047454833984375" lon="113.3048077113926410675048828125">
        <ele>6.80000019073486328125</ele>
        <time>2026-08-24T23:19:59.000Z</time>
        <extensions>
          <ns3:TrackPointExtension>
            <ns3:hr>142</ns3:hr>
            <ns3:cad>81</ns3:cad>
          </ns3:TrackPointExtension>
        </extensions>
      </trkpt>
      <trkpt lat="23.0504657328128814697265625" lon="113.30478097312152385711669921875">
        <ele>7</ele>
        <time>2026-08-24T23:20:00.000Z</time>
        <extensions>
          <ns3:TrackPointExtension>
            <ns3:hr>142</ns3:hr>
            <ns3:cad>81</ns3:cad>
          </ns3:TrackPointExtension>
        </extensions>
      </trkpt>
      <trkpt lat="23.0504692532122135162353515625" lon="113.3047601021826267242431640625">
        <ele>7</ele>
        <time>2026-08-24T23:20:01.000Z</time>
        <extensions>
          <ns3:TrackPointExtension>
            <ns3:hr>142</ns3:hr>
            <ns3:cad>82</ns3:cad>
          </ns3:TrackPointExtension>
        </extensions>
      </trkpt>
      <trkpt lat="23.0504749529063701629638671875" lon="113.304736800491809844970703125">
        <ele>7.19999980926513671875</ele>
        <time>2026-08-24T23:20:02.000Z</time>
        <extensions>
          <ns3:TrackPointExtension>
            <ns3:hr>142</ns3:hr>
            <ns3:cad>82</ns3:cad>
          </ns3:TrackPointExtension>
        </extensions>
      </trkpt>
      <trkpt lat="23.05048023350536823272705078125" lon="113.30471542663872241973876953125">
        <ele>7.19999980926513671875</ele>
        <time>2026-08-24T23:20:03.000Z</time>
        <extensions>
          <ns3:TrackPointExtension>
            <ns3:hr>143</ns3:hr>
            <ns3:cad>82</ns3:cad>
          </ns3:TrackPointExtension>
        </extensions>
      </trkpt>
      <trkpt lat="23.05047771893441677093505859375" lon="113.30469698645174503326416015625">
        <ele>7.19999980926513671875</ele>
        <time>2026-08-24T23:20:04.000Z</time>
        <extensions>
          <ns3:TrackPointExtension>
            <ns3:hr>144</ns3:hr>
            <ns3:cad>82</ns3:cad>
          </ns3:TrackPointExtension>
        </extensions>
      </trkpt>
      <trkpt lat="23.05048048496246337890625" lon="113.30467217601835727691650390625">
        <ele>7</ele>
        <time>2026-08-24T23:20:05.000Z</time>
        <extensions>
          <ns3:TrackPointExtension>
            <ns3:hr>144</ns3:hr>
            <ns3:cad>82</ns3:cad>
          </ns3:TrackPointExtension>
        </extensions>
      </trkpt>
      <trkpt lat="23.05048559792339801788330078125" lon="113.30465256236493587493896484375">
        <ele>7</ele>
        <time>2026-08-24T23:20:06.000Z</time>
        <extensions>
          <ns3:TrackPointExtension>
            <ns3:hr>145</ns3:hr>
            <ns3:cad>82</ns3:cad>
          </ns3:TrackPointExtension>
        </extensions>
      </trkpt>
      <trkpt lat="23.050486855208873748779296875" lon="113.30463529564440250396728515625">
        <ele>6.80000019073486328125</ele>
        <time>2026-08-24T23:20:07.000Z</time>
        <extensions>
          <ns3:TrackPointExtension>
            <ns3:hr>145</ns3:hr>
            <ns3:cad>81</ns3:cad>
          </ns3:TrackPointExtension>
        </extensions>
      </trkpt>
      <trkpt lat="23.0504930578172206878662109375" lon="113.3046102337539196014404296875">
        <ele>6.80000019073486328125</ele>
        <time>2026-08-24T23:20:08.000Z</time>
        <extensions>
          <ns3:TrackPointExtension>
            <ns3:hr>146</ns3:hr>
            <ns3:cad>81</ns3:cad>
          </ns3:TrackPointExtension>
        </extensions>
      </trkpt>
      <trkpt lat="23.05049699731171131134033203125" lon="113.30459305085241794586181640625">
        <ele>6.80000019073486328125</ele>
        <time>2026-08-24T23:20:09.000Z</time>
        <extensions>
          <ns3:TrackPointExtension>
            <ns3:hr>146</ns3:hr>
            <ns3:cad>81</ns3:cad>
          </ns3:TrackPointExtension>
        </extensions>
      </trkpt>
      <trkpt lat="23.0504970811307430267333984375" lon="113.30457150936126708984375">
        <ele>6.80000019073486328125</ele>
        <time>2026-08-24T23:20:10.000Z</time>
        <extensions>
          <ns3:TrackPointExtension>
            <ns3:hr>146</ns3:hr>
            <ns3:cad>81</ns3:cad>
          </ns3:TrackPointExtension>
        </extensions>
      </trkpt>
      <trkpt lat="23.05050571449100971221923828125" lon="113.3045460283756256103515625">
        <ele>6.80000019073486328125</ele>
        <time>2026-08-24T23:20:11.000Z</time>
        <extensions>
          <ns3:TrackPointExtension>
            <ns3:hr>147</ns3:hr>
            <ns3:cad>81</ns3:cad>
          </ns3:TrackPointExtension>
        </extensions>
      </trkpt>
      <trkpt lat="23.0505031161010265350341796875" lon="113.30453186295926570892333984375">
        <ele>6.80000019073486328125</ele>
        <time>2026-08-24T23:20:12.000Z</time>
        <extensions>
          <ns3:TrackPointExtension>
            <ns3:hr>147</ns3:hr>
            <ns3:cad>81</ns3:cad>
          </ns3:TrackPointExtension>
        </extensions>
      </trkpt>
      <trkpt lat="23.05050319992005825042724609375" lon="113.30451124347746372222900390625">
        <ele>6.80000019073486328125</ele>
        <time>2026-08-24T23:20:13.000Z</time>
        <extensions>
          <ns3:TrackPointExtension>
            <ns3:hr>147</ns3:hr>
            <ns3:cad>81</ns3:cad>
          </ns3:TrackPointExtension>
        </extensions>
      </trkpt>
      <trkpt lat="23.0505161918699741363525390625" lon="113.30448525957763195037841796875">
        <ele>6.80000019073486328125</ele>
        <time>2026-08-24T23:20:14.000Z</time>
        <extensions>
          <ns3:TrackPointExtension>
            <ns3:hr>147</ns3:hr>
            <ns3:cad>81</ns3:cad>
          </ns3:TrackPointExtension>
        </extensions>
      </trkpt>
      <trkpt lat="23.05051325820386409759521484375" lon="113.30447134561836719512939453125">
        <ele>6.80000019073486328125</ele>
        <time>2026-08-24T23:20:15.000Z</time>
        <extensions>
          <ns3:TrackPointExtension>
            <ns3:hr>147</ns3:hr>
            <ns3:cad>81</ns3:cad>
          </ns3:TrackPointExtension>
        </extensions>
      </trkpt>
      <trkpt lat="23.05051392875611782073974609375" lon="113.30444821156561374664306640625">
        <ele>6.80000019073486328125</ele>
        <time>2026-08-24T23:20:16.000Z</time>
        <extensions>
          <ns3:TrackPointExtension>
            <ns3:hr>147</ns3:hr>
            <ns3:cad>81</ns3:cad>
          </ns3:TrackPointExtension>
        </extensions>
      </trkpt>
      <trkpt lat="23.05052340030670166015625" lon="113.3044254966080188751220703125">
        <ele>6.80000019073486328125</ele>
        <time>2026-08-24T23:20:17.000Z</time>
        <extensions>
          <ns3:TrackPointExtension>
            <ns3:hr>147</ns3:hr>
            <ns3:cad>81</ns3:cad>
          </ns3:TrackPointExtension>
        </extensions>
      </trkpt>
      <trkpt lat="23.0505220592021942138671875" lon="113.30440915189683437347412109375">
        <ele>6.80000019073486328125</ele>
        <time>2026-08-24T23:20:18.000Z</time>
        <extensions>
          <ns3:TrackPointExtension>
            <ns3:hr>147</ns3:hr>
            <ns3:cad>81</ns3:cad>
          </ns3:TrackPointExtension>
        </extensions>
      </trkpt>
      <trkpt lat="23.0505262501537799835205078125" lon="113.30438383854925632476806640625">
        <ele>6.80000019073486328125</ele>
        <time>2026-08-24T23:20:19.000Z</time>
        <extensions>
          <ns3:TrackPointExtension>
            <ns3:hr>147</ns3:hr>
            <ns3:cad>81</ns3:cad>
          </ns3:TrackPointExtension>
        </extensions>
      </trkpt>
      <trkpt lat="23.0505301058292388916015625" lon="113.30436430871486663818359375">
        <ele>6.80000019073486328125</ele>
        <time>2026-08-24T23:20:20.000Z</time>
        <extensions>
          <ns3:TrackPointExtension>
            <ns3:hr>147</ns3:hr>
            <ns3:cad>81</ns3:cad>
          </ns3:TrackPointExtension>
        </extensions>
      </trkpt>
      <trkpt lat="23.0505301058292388916015625" lon="113.3043440245091915130615234375">
        <ele>6.80000019073486328125</ele>
        <time>2026-08-24T23:20:21.000Z</time>
        <extensions>
          <ns3:TrackPointExtension>
            <ns3:hr>147</ns3:hr>
            <ns3:cad>81</ns3:cad>
          </ns3:TrackPointExtension>
        </extensions>
      </trkpt>
      <trkpt lat="23.0505326204001903533935546875" lon="113.30431544221937656402587890625">
        <ele>6.80000019073486328125</ele>
        <time>2026-08-24T23:20:22.000Z</time>
        <extensions>
          <ns3:TrackPointExtension>
            <ns3:hr>146</ns3:hr>
            <ns3:cad>81</ns3:cad>
          </ns3:TrackPointExtension>
        </extensions>
      </trkpt>
      <trkpt lat="23.0505299381911754608154296875" lon="113.3042992651462554931640625">
        <ele>6.80000019073486328125</ele>
        <time>2026-08-24T23:20:23.000Z</time>
        <extensions>
          <ns3:TrackPointExtension>
            <ns3:hr>146</ns3:hr>
            <ns3:cad>81</ns3:cad>
          </ns3:TrackPointExtension>
        </extensions>
      </trkpt>
      <trkpt lat="23.05052809417247772216796875" lon="113.30427772365510463714599609375">
        <ele>6.80000019073486328125</ele>
        <time>2026-08-24T23:20:24.000Z</time>
        <extensions>
          <ns3:TrackPointExtension>
            <ns3:hr>146</ns3:hr>
            <ns3:cad>81</ns3:cad>
          </ns3:TrackPointExtension>
        </extensions>
      </trkpt>
      <trkpt lat="23.05053438059985637664794921875" lon="113.3042548410594463348388671875">
        <ele>7</ele>
        <time>2026-08-24T23:20:25.000Z</time>
        <extensions>
          <ns3:TrackPointExtension>
            <ns3:hr>146</ns3:hr>
            <ns3:cad>81</ns3:cad>
          </ns3:TrackPointExtension>
        </extensions>
      </trkpt>
      <trkpt lat="23.050531446933746337890625" lon="113.30424000509083271026611328125">
        <ele>7</ele>
        <time>2026-08-24T23:20:26.000Z</time>
        <extensions>
          <ns3:TrackPointExtension>
            <ns3:hr>146</ns3:hr>
            <ns3:cad>81</ns3:cad>
          </ns3:TrackPointExtension>
        </extensions>
      </trkpt>
      <trkpt lat="23.05053035728633403778076171875" lon="113.30421603284776210784912109375">
        <ele>7</ele>
        <time>2026-08-24T23:20:27.000Z</time>
        <extensions>
          <ns3:TrackPointExtension>
            <ns3:hr>146</ns3:hr>
            <ns3:cad>81</ns3:cad>
          </ns3:TrackPointExtension>
        </extensions>
      </trkpt>
      <trkpt lat="23.050535805523395538330078125" lon="113.30419608391821384429931640625">
        <ele>7</ele>
        <time>2026-08-24T23:20:28.000Z</time>
        <extensions>
          <ns3:TrackPointExtension>
            <ns3:hr>146</ns3:hr>
            <ns3:cad>82</ns3:cad>
          </ns3:TrackPointExtension>
        </extensions>
      </trkpt>
      <trkpt lat="23.05053169839084148406982421875" lon="113.304181583225727081298828125">
        <ele>7</ele>
        <time>2026-08-24T23:20:29.000Z</time>
        <extensions>
          <ns3:TrackPointExtension>
            <ns3:hr>146</ns3:hr>
            <ns3:cad>82</ns3:cad>
          </ns3:TrackPointExtension>
        </extensions>
      </trkpt>
      <trkpt lat="23.05053169839084148406982421875" lon="113.30415702424943447113037109375">
        <ele>7</ele>
        <time>2026-08-24T23:20:30.000Z</time>
        <extensions>
          <ns3:TrackPointExtension>
            <ns3:hr>146</ns3:hr>
            <ns3:cad>82</ns3:cad>
          </ns3:TrackPointExtension>
        </extensions>
      </trkpt>
      <trkpt lat="23.050537146627902984619140625" lon="113.30413942225277423858642578125">
        <ele>7.19999980926513671875</ele>
        <time>2026-08-24T23:20:31.000Z</time>
        <extensions>
          <ns3:TrackPointExtension>
            <ns3:hr>146</ns3:hr>
            <ns3:cad>81</ns3:cad>
          </ns3:TrackPointExtension>
        </extensions>
      </trkpt>
      <trkpt lat="23.05053605698049068450927734375" lon="113.3041203953325748443603515625">
        <ele>7</ele>
        <time>2026-08-24T23:20:32.000Z</time>
        <extensions>
          <ns3:TrackPointExtension>
            <ns3:hr>146</ns3:hr>
            <ns3:cad>81</ns3:cad>
          </ns3:TrackPointExtension>
        </extensions>
      </trkpt>
      <trkpt lat="23.05053639225661754608154296875" lon="113.3040945790708065032958984375">
        <ele>7</ele>
        <time>2026-08-24T23:20:33.000Z</time>
        <extensions>
          <ns3:TrackPointExtension>
            <ns3:hr>145</ns3:hr>
            <ns3:cad>81</ns3:cad>
          </ns3:TrackPointExtension>
        </extensions>
      </trkpt>
      <trkpt lat="23.05054225958883762359619140625" lon="113.30407924018800258636474609375">
        <ele>7</ele>
        <time>2026-08-24T23:20:34.000Z</time>
        <extensions>
          <ns3:TrackPointExtension>
            <ns3:hr>146</ns3:hr>
            <ns3:cad>81</ns3:cad>
          </ns3:TrackPointExtension>
        </extensions>
      </trkpt>
      <trkpt lat="23.05054041557013988494873046875" lon="113.30406046472489833831787109375">
        <ele>7</ele>
        <time>2026-08-24T23:20:35.000Z</time>
        <extensions>
          <ns3:TrackPointExtension>
            <ns3:hr>146</ns3:hr>
            <ns3:cad>81</ns3:cad>
          </ns3:TrackPointExtension>
        </extensions>
      </trkpt>
      <trkpt lat="23.05054762400686740875244140625" lon="113.304033391177654266357421875">
        <ele>6.80000019073486328125</ele>
        <time>2026-08-24T23:20:36.000Z</time>
        <extensions>
          <ns3:TrackPointExtension>
            <ns3:hr>145</ns3:hr>
            <ns3:cad>81</ns3:cad>
          </ns3:TrackPointExtension>
        </extensions>
      </trkpt>
      <trkpt lat="23.050551228225231170654296875" lon="113.30401654355227947235107421875">
        <ele>7</ele>
        <time>2026-08-24T23:20:37.000Z</time>
        <extensions>
          <ns3:TrackPointExtension>
            <ns3:hr>146</ns3:hr>
            <ns3:cad>81</ns3:cad>
          </ns3:TrackPointExtension>
        </extensions>
      </trkpt>
      <trkpt lat="23.05055500008165836334228515625" lon="113.303994834423065185546875">
        <ele>7</ele>
        <time>2026-08-24T23:20:38.000Z</time>
        <extensions>
          <ns3:TrackPointExtension>
            <ns3:hr>146</ns3:hr>
            <ns3:cad>81</ns3:cad>
          </ns3:TrackPointExtension>
        </extensions>
      </trkpt>
      <trkpt lat="23.05056405253708362579345703125" lon="113.30397463403642177581787109375">
        <ele>7</ele>
        <time>2026-08-24T23:20:39.000Z</time>
        <extensions>
          <ns3:TrackPointExtension>
            <ns3:hr>145</ns3:hr>
            <ns3:cad>81</ns3:cad>
          </ns3:TrackPointExtension>
        </extensions>
      </trkpt>
      <trkpt lat="23.05056589655578136444091796875" lon="113.3039571158587932586669921875">
        <ele>7.19999980926513671875</ele>
        <time>2026-08-24T23:20:40.000Z</time>
        <extensions>
          <ns3:TrackPointExtension>
            <ns3:hr>146</ns3:hr>
            <ns3:cad>81</ns3:cad>
          </ns3:TrackPointExtension>
        </extensions>
      </trkpt>
      <trkpt lat="23.05057344026863574981689453125" lon="113.30393590964376926422119140625">
        <ele>7.19999980926513671875</ele>
        <time>2026-08-24T23:20:41.000Z</time>
        <extensions>
          <ns3:TrackPointExtension>
            <ns3:hr>146</ns3:hr>
            <ns3:cad>81</ns3:cad>
          </ns3:TrackPointExtension>
        </extensions>
      </trkpt>
      <trkpt lat="23.05057846941053867340087890625" lon="113.30391847528517246246337890625">
        <ele>7.19999980926513671875</ele>
        <time>2026-08-24T23:20:42.000Z</time>
        <extensions>
          <ns3:TrackPointExtension>
            <ns3:hr>145</ns3:hr>
            <ns3:cad>81</ns3:cad>
          </ns3:TrackPointExtension>
        </extensions>
      </trkpt>
      <trkpt lat="23.05057662539184093475341796875" lon="113.303899280726909637451171875">
        <ele>7</ele>
        <time>2026-08-24T23:20:43.000Z</time>
        <extensions>
          <ns3:TrackPointExtension>
            <ns3:hr>145</ns3:hr>
            <ns3:cad>81</ns3:cad>
          </ns3:TrackPointExtension>
        </extensions>
      </trkpt>
      <trkpt lat="23.05057964287698268890380859375" lon="113.3038746379315853118896484375">
        <ele>7</ele>
        <time>2026-08-24T23:20:44.000Z</time>
        <extensions>
          <ns3:TrackPointExtension>
            <ns3:hr>145</ns3:hr>
            <ns3:cad>81</ns3:cad>
          </ns3:TrackPointExtension>
        </extensions>
      </trkpt>
      <trkpt lat="23.05058048106729984283447265625" lon="113.3038605563342571258544921875">
        <ele>7</ele>
        <time>2026-08-24T23:20:45.000Z</time>
        <extensions>
          <ns3:TrackPointExtension>
            <ns3:hr>146</ns3:hr>
            <ns3:cad>81</ns3:cad>
          </ns3:TrackPointExtension>
        </extensions>
      </trkpt>
      <trkpt lat="23.0505802296102046966552734375" lon="113.30384127795696258544921875">
        <ele>7</ele>
        <time>2026-08-24T23:20:46.000Z</time>
        <extensions>
          <ns3:TrackPointExtension>
            <ns3:hr>145</ns3:hr>
            <ns3:cad>81</ns3:cad>
          </ns3:TrackPointExtension>
        </extensions>
      </trkpt>
      <trkpt lat="23.05058701895177364349365234375" lon="113.30381621606647968292236328125">
        <ele>7</ele>
        <time>2026-08-24T23:20:47.000Z</time>
        <extensions>
          <ns3:TrackPointExtension>
            <ns3:hr>145</ns3:hr>
            <ns3:cad>81</ns3:cad>
          </ns3:TrackPointExtension>
        </extensions>
      </trkpt>
      <trkpt lat="23.05059003643691539764404296875" lon="113.3037992008030414581298828125">
        <ele>7</ele>
        <time>2026-08-24T23:20:48.000Z</time>
        <extensions>
          <ns3:TrackPointExtension>
            <ns3:hr>146</ns3:hr>
            <ns3:cad>81</ns3:cad>
          </ns3:TrackPointExtension>
        </extensions>
      </trkpt>
      <trkpt lat="23.0505922995507717132568359375" lon="113.30377824604511260986328125">
        <ele>7</ele>
        <time>2026-08-24T23:20:49.000Z</time>
        <extensions>
          <ns3:TrackPointExtension>
            <ns3:hr>145</ns3:hr>
            <ns3:cad>81</ns3:cad>
          </ns3:TrackPointExtension>
        </extensions>
      </trkpt>
      <trkpt lat="23.0505966581404209136962890625" lon="113.30375335179269313812255859375">
        <ele>7</ele>
        <time>2026-08-24T23:20:50.000Z</time>
        <extensions>
          <ns3:TrackPointExtension>
            <ns3:hr>146</ns3:hr>
            <ns3:cad>81</ns3:cad>
          </ns3:TrackPointExtension>
        </extensions>
      </trkpt>
      <trkpt lat="23.050593473017215728759765625" lon="113.303734324872493743896484375">
        <ele>7</ele>
        <time>2026-08-24T23:20:51.000Z</time>
        <extensions>
          <ns3:TrackPointExtension>
            <ns3:hr>146</ns3:hr>
            <ns3:cad>81</ns3:cad>
          </ns3:TrackPointExtension>
        </extensions>
      </trkpt>
      <trkpt lat="23.05060277692973613739013671875" lon="113.30370507203042507171630859375">
        <ele>7</ele>
        <time>2026-08-24T23:20:52.000Z</time>
        <extensions>
          <ns3:TrackPointExtension>
            <ns3:hr>146</ns3:hr>
            <ns3:cad>81</ns3:cad>
          </ns3:TrackPointExtension>
        </extensions>
      </trkpt>
      <trkpt lat="23.050604201853275299072265625" lon="113.3036875538527965545654296875">
        <ele>7</ele>
        <time>2026-08-24T23:20:53.000Z</time>
        <extensions>
          <ns3:TrackPointExtension>
            <ns3:hr>145</ns3:hr>
            <ns3:cad>81</ns3:cad>
          </ns3:TrackPointExtension>
        </extensions>
      </trkpt>
      <trkpt lat="23.05060478858649730682373046875" lon="113.3036711253225803375244140625">
        <ele>7</ele>
        <time>2026-08-24T23:20:54.000Z</time>
        <extensions>
          <ns3:TrackPointExtension>
            <ns3:hr>146</ns3:hr>
            <ns3:cad>81</ns3:cad>
          </ns3:TrackPointExtension>
        </extensions>
      </trkpt>
      <trkpt lat="23.05061082355678081512451171875" lon="113.303646147251129150390625">
        <ele>7</ele>
        <time>2026-08-24T23:20:55.000Z</time>
        <extensions>
          <ns3:TrackPointExtension>
            <ns3:hr>145</ns3:hr>
            <ns3:cad>82</ns3:cad>
          </ns3:TrackPointExtension>
        </extensions>
      </trkpt>
      <trkpt lat="23.05060747079551219940185546875" lon="113.30363315530121326446533203125">
        <ele>7</ele>
        <time>2026-08-24T23:20:56.000Z</time>
        <extensions>
          <ns3:TrackPointExtension>
            <ns3:hr>145</ns3:hr>
            <ns3:cad>82</ns3:cad>
          </ns3:TrackPointExtension>
        </extensions>
      </trkpt>
      <trkpt lat="23.0506057105958461761474609375" lon="113.3036137931048870086669921875">
        <ele>7</ele>
        <time>2026-08-24T23:20:57.000Z</time>
        <extensions>
          <ns3:TrackPointExtension>
            <ns3:hr>145</ns3:hr>
            <ns3:cad>82</ns3:cad>
          </ns3:TrackPointExtension>
        </extensions>
      </trkpt>
      <trkpt lat="23.0506067164242267608642578125" lon="113.30358956940472126007080078125">
        <ele>7</ele>
        <time>2026-08-24T23:20:58.000Z</time>
        <extensions>
          <ns3:TrackPointExtension>
            <ns3:hr>145</ns3:hr>
            <ns3:cad>82</ns3:cad>
          </ns3:TrackPointExtension>
        </extensions>
      </trkpt>
      <trkpt lat="23.05060428567230701446533203125" lon="113.3035732246935367584228515625">
        <ele>7</ele>
        <time>2026-08-24T23:20:59.000Z</time>
        <extensions>
          <ns3:TrackPointExtension>
            <ns3:hr>146</ns3:hr>
            <ns3:cad>82</ns3:cad>
          </ns3:TrackPointExtension>
        </extensions>
      </trkpt>
      <trkpt lat="23.05060319602489471435546875" lon="113.30355134792625904083251953125">
        <ele>7</ele>
        <time>2026-08-24T23:21:00.000Z</time>
        <extensions>
          <ns3:TrackPointExtension>
            <ns3:hr>145</ns3:hr>
            <ns3:cad>82</ns3:cad>
          </ns3:TrackPointExtension>
        </extensions>
      </trkpt>
      <trkpt lat="23.05060713551938533782958984375" lon="113.30352989025413990020751953125">
        <ele>7</ele>
        <time>2026-08-24T23:21:01.000Z</time>
        <extensions>
          <ns3:TrackPointExtension>
            <ns3:hr>145</ns3:hr>
            <ns3:cad>81</ns3:cad>
          </ns3:TrackPointExtension>
        </extensions>
      </trkpt>
      <trkpt lat="23.05060277692973613739013671875" lon="113.30351513810455799102783203125">
        <ele>7</ele>
        <time>2026-08-24T23:21:02.000Z</time>
        <extensions>
          <ns3:TrackPointExtension>
            <ns3:hr>145</ns3:hr>
            <ns3:cad>81</ns3:cad>
          </ns3:TrackPointExtension>
        </extensions>
      </trkpt>
      <trkpt lat="23.0506016872823238372802734375" lon="113.3034890703856945037841796875">
        <ele>7</ele>
        <time>2026-08-24T23:21:03.000Z</time>
        <extensions>
          <ns3:TrackPointExtension>
            <ns3:hr>146</ns3:hr>
            <ns3:cad>81</ns3:cad>
          </ns3:TrackPointExtension>
        </extensions>
      </trkpt>
      <trkpt lat="23.050602860748767852783203125" lon="113.303470127284526824951171875">
        <ele>7</ele>
        <time>2026-08-24T23:21:04.000Z</time>
        <extensions>
          <ns3:TrackPointExtension>
            <ns3:hr>145</ns3:hr>
            <ns3:cad>81</ns3:cad>
          </ns3:TrackPointExtension>
        </extensions>
      </trkpt>
      <trkpt lat="23.05060143582522869110107421875" lon="113.30344841815531253814697265625">
        <ele>7</ele>
        <time>2026-08-24T23:21:05.000Z</time>
        <extensions>
          <ns3:TrackPointExtension>
            <ns3:hr>145</ns3:hr>
            <ns3:cad>81</ns3:cad>
          </ns3:TrackPointExtension>
        </extensions>
      </trkpt>
      <trkpt lat="23.05060763843357563018798828125" lon="113.30341824330389499664306640625">
        <ele>7</ele>
        <time>2026-08-24T23:21:06.000Z</time>
        <extensions>
          <ns3:TrackPointExtension>
            <ns3:hr>146</ns3:hr>
            <ns3:cad>81</ns3:cad>
          </ns3:TrackPointExtension>
        </extensions>
      </trkpt>
      <trkpt lat="23.05060730315744876861572265625" lon="113.30340030603110790252685546875">
        <ele>7.19999980926513671875</ele>
        <time>2026-08-24T23:21:07.000Z</time>
        <extensions>
          <ns3:TrackPointExtension>
            <ns3:hr>145</ns3:hr>
            <ns3:cad>82</ns3:cad>
          </ns3:TrackPointExtension>
        </extensions>
      </trkpt>
      <trkpt lat="23.0506057105958461761474609375" lon="113.3033777587115764617919921875">
        <ele>7.19999980926513671875</ele>
        <time>2026-08-24T23:21:08.000Z</time>
        <extensions>
          <ns3:TrackPointExtension>
            <ns3:hr>145</ns3:hr>
            <ns3:cad>82</ns3:cad>
          </ns3:TrackPointExtension>
        </extensions>
      </trkpt>
      <trkpt lat="23.05061233229935169219970703125" lon="113.30335252918303012847900390625">
        <ele>7.19999980926513671875</ele>
        <time>2026-08-24T23:21:09.000Z</time>
        <extensions>
          <ns3:TrackPointExtension>
            <ns3:hr>146</ns3:hr>
            <ns3:cad>82</ns3:cad>
          </ns3:TrackPointExtension>
        </extensions>
      </trkpt>
      <trkpt lat="23.05060998536646366119384765625" lon="113.30333626829087734222412109375">
        <ele>7.19999980926513671875</ele>
        <time>2026-08-24T23:21:10.000Z</time>
        <extensions>
          <ns3:TrackPointExtension>
            <ns3:hr>145</ns3:hr>
            <ns3:cad>82</ns3:cad>
          </ns3:TrackPointExtension>
        </extensions>
      </trkpt>
      <trkpt lat="23.0506120808422565460205078125" lon="113.30330944620072841644287109375">
        <ele>7.19999980926513671875</ele>
        <time>2026-08-24T23:21:11.000Z</time>
        <extensions>
          <ns3:TrackPointExtension>
            <ns3:hr>145</ns3:hr>
            <ns3:cad>82</ns3:cad>
          </ns3:TrackPointExtension>
        </extensions>
      </trkpt>
      <trkpt lat="23.05061434395611286163330078125" lon="113.303291760385036468505859375">
        <ele>7.19999980926513671875</ele>
        <time>2026-08-24T23:21:12.000Z</time>
        <extensions>
          <ns3:TrackPointExtension>
            <ns3:hr>146</ns3:hr>
            <ns3:cad>82</ns3:cad>
          </ns3:TrackPointExtension>
        </extensions>
      </trkpt>
      <trkpt lat="23.0506110750138759613037109375" lon="113.30327474512159824371337890625">
        <ele>7.19999980926513671875</ele>
        <time>2026-08-24T23:21:13.000Z</time>
        <extensions>
          <ns3:TrackPointExtension>
            <ns3:hr>146</ns3:hr>
            <ns3:cad>81</ns3:cad>
          </ns3:TrackPointExtension>
        </extensions>
      </trkpt>
      <trkpt lat="23.050611913204193115234375" lon="113.303244821727275848388671875">
        <ele>7.19999980926513671875</ele>
        <time>2026-08-24T23:21:14.000Z</time>
        <extensions>
          <ns3:TrackPointExtension>
            <ns3:hr>146</ns3:hr>
            <ns3:cad>81</ns3:cad>
          </ns3:TrackPointExtension>
        </extensions>
      </trkpt>
      <trkpt lat="23.0506078898906707763671875" lon="113.30322814173996448516845703125">
        <ele>7.19999980926513671875</ele>
        <time>2026-08-24T23:21:15.000Z</time>
        <extensions>
          <ns3:TrackPointExtension>
            <ns3:hr>147</ns3:hr>
            <ns3:cad>81</ns3:cad>
          </ns3:TrackPointExtension>
        </extensions>
      </trkpt>
      <trkpt lat="23.050605542957782745361328125" lon="113.30320886336266994476318359375">
        <ele>7</ele>
        <time>2026-08-24T23:21:16.000Z</time>
        <extensions>
          <ns3:TrackPointExtension>
            <ns3:hr>147</ns3:hr>
            <ns3:cad>81</ns3:cad>
          </ns3:TrackPointExtension>
        </extensions>
      </trkpt>
      <trkpt lat="23.050610236823558807373046875" lon="113.3031834661960601806640625">
        <ele>7.19999980926513671875</ele>
        <time>2026-08-24T23:21:17.000Z</time>
        <extensions>
          <ns3:TrackPointExtension>
            <ns3:hr>147</ns3:hr>
            <ns3:cad>81</ns3:cad>
          </ns3:TrackPointExtension>
        </extensions>
      </trkpt>
      <trkpt lat="23.0506087280809879302978515625" lon="113.30317148007452487945556640625">
        <ele>7.19999980926513671875</ele>
        <time>2026-08-24T23:21:18.000Z</time>
        <extensions>
          <ns3:TrackPointExtension>
            <ns3:hr>148</ns3:hr>
            <ns3:cad>81</ns3:cad>
          </ns3:TrackPointExtension>
        </extensions>
      </trkpt>
      <trkpt lat="23.05060830898582935333251953125" lon="113.3031487651169300079345703125">
        <ele>7.19999980926513671875</ele>
        <time>2026-08-24T23:21:19.000Z</time>
        <extensions>
          <ns3:TrackPointExtension>
            <ns3:hr>148</ns3:hr>
            <ns3:cad>81</ns3:cad>
          </ns3:TrackPointExtension>
        </extensions>
      </trkpt>
      <trkpt lat="23.05061233229935169219970703125" lon="113.30312370322644710540771484375">
        <ele>7.19999980926513671875</ele>
        <time>2026-08-24T23:21:20.000Z</time>
        <extensions>
          <ns3:TrackPointExtension>
            <ns3:hr>148</ns3:hr>
            <ns3:cad>81</ns3:cad>
          </ns3:TrackPointExtension>
        </extensions>
      </trkpt>
      <trkpt lat="23.050606213510036468505859375" lon="113.30310978926718235015869140625">
        <ele>7.19999980926513671875</ele>
        <time>2026-08-24T23:21:21.000Z</time>
        <extensions>
          <ns3:TrackPointExtension>
            <ns3:hr>148</ns3:hr>
            <ns3:cad>81</ns3:cad>
          </ns3:TrackPointExtension>
        </extensions>
      </trkpt>
      <trkpt lat="23.0506020225584506988525390625" lon="113.303081877529621124267578125">
        <ele>7.19999980926513671875</ele>
        <time>2026-08-24T23:21:22.000Z</time>
        <extensions>
          <ns3:TrackPointExtension>
            <ns3:hr>148</ns3:hr>
            <ns3:cad>81</ns3:cad>
          </ns3:TrackPointExtension>
        </extensions>
      </trkpt>
      <trkpt lat="23.05060512386262416839599609375" lon="113.3030615933239459991455078125">
        <ele>7.19999980926513671875</ele>
        <time>2026-08-24T23:21:23.000Z</time>
        <extensions>
          <ns3:TrackPointExtension>
            <ns3:hr>148</ns3:hr>
            <ns3:cad>81</ns3:cad>
          </ns3:TrackPointExtension>
        </extensions>
      </trkpt>
      <trkpt lat="23.050602860748767852783203125" lon="113.30304466187953948974609375">
        <ele>7.400000095367431640625</ele>
        <time>2026-08-24T23:21:24.000Z</time>
        <extensions>
          <ns3:TrackPointExtension>
            <ns3:hr>149</ns3:hr>
            <ns3:cad>81</ns3:cad>
          </ns3:TrackPointExtension>
        </extensions>
      </trkpt>
      <trkpt lat="23.0506053753197193145751953125" lon="113.3030139841139316558837890625">
        <ele>7.400000095367431640625</ele>
        <time>2026-08-24T23:21:25.000Z</time>
        <extensions>
          <ns3:TrackPointExtension>
            <ns3:hr>149</ns3:hr>
            <ns3:cad>81</ns3:cad>
          </ns3:TrackPointExtension>
        </extensions>
      </trkpt>
      <trkpt lat="23.0506090633571147918701171875" lon="113.30299546010792255401611328125">
        <ele>7.19999980926513671875</ele>
        <time>2026-08-24T23:21:26.000Z</time>
        <extensions>
          <ns3:TrackPointExtension>
            <ns3:hr>149</ns3:hr>
            <ns3:cad>81</ns3:cad>
          </ns3:TrackPointExtension>
        </extensions>
      </trkpt>
      <trkpt lat="23.05060612969100475311279296875" lon="113.30297634936869144439697265625">
        <ele>7.19999980926513671875</ele>
        <time>2026-08-24T23:21:27.000Z</time>
        <extensions>
          <ns3:TrackPointExtension>
            <ns3:hr>148</ns3:hr>
            <ns3:cad>81</ns3:cad>
          </ns3:TrackPointExtension>
        </extensions>
      </trkpt>
      <trkpt lat="23.0506090633571147918701171875" lon="113.3029489405453205108642578125">
        <ele>7.19999980926513671875</ele>
        <time>2026-08-24T23:21:28.000Z</time>
        <extensions>
          <ns3:TrackPointExtension>
            <ns3:hr>148</ns3:hr>
            <ns3:cad>81</ns3:cad>
          </ns3:TrackPointExtension>
        </extensions>
      </trkpt>
      <trkpt lat="23.05060931481420993804931640625" lon="113.30292932689189910888671875">
        <ele>7.19999980926513671875</ele>
        <time>2026-08-24T23:21:29.000Z</time>
        <extensions>
          <ns3:TrackPointExtension>
            <ns3:hr>148</ns3:hr>
            <ns3:cad>81</ns3:cad>
          </ns3:TrackPointExtension>
        </extensions>
      </trkpt>
      <trkpt lat="23.05060814134776592254638671875" lon="113.3029080368578433990478515625">
        <ele>7.19999980926513671875</ele>
        <time>2026-08-24T23:21:30.000Z</time>
        <extensions>
          <ns3:TrackPointExtension>
            <ns3:hr>148</ns3:hr>
            <ns3:cad>81</ns3:cad>
          </ns3:TrackPointExtension>
        </extensions>
      </trkpt>
      <trkpt lat="23.05061249993741512298583984375" lon="113.30288314260542392730712890625">
        <ele>7.19999980926513671875</ele>
        <time>2026-08-24T23:21:31.000Z</time>
        <extensions>
          <ns3:TrackPointExtension>
            <ns3:hr>147</ns3:hr>
            <ns3:cad>81</ns3:cad>
          </ns3:TrackPointExtension>
        </extensions>
      </trkpt>
      <trkpt lat="23.05061032064259052276611328125" lon="113.30286629498004913330078125">
        <ele>7.400000095367431640625</ele>
        <time>2026-08-24T23:21:32.000Z</time>
        <extensions>
          <ns3:TrackPointExtension>
            <ns3:hr>147</ns3:hr>
            <ns3:cad>81</ns3:cad>
          </ns3:TrackPointExtension>
        </extensions>
      </trkpt>
      <trkpt lat="23.05060545913875102996826171875" lon="113.3028436638414859771728515625">
        <ele>7.400000095367431640625</ele>
        <time>2026-08-24T23:21:33.000Z</time>
        <extensions>
          <ns3:TrackPointExtension>
            <ns3:hr>147</ns3:hr>
            <ns3:cad>81</ns3:cad>
          </ns3:TrackPointExtension>
        </extensions>
      </trkpt>
      <trkpt lat="23.050609566271305084228515625" lon="113.302821703255176544189453125">
        <ele>7.400000095367431640625</ele>
        <time>2026-08-24T23:21:34.000Z</time>
        <extensions>
          <ns3:TrackPointExtension>
            <ns3:hr>147</ns3:hr>
            <ns3:cad>81</ns3:cad>
          </ns3:TrackPointExtension>
        </extensions>
      </trkpt>
      <trkpt lat="23.05061166174709796905517578125" lon="113.30280334688723087310791015625">
        <ele>7.400000095367431640625</ele>
        <time>2026-08-24T23:21:35.000Z</time>
        <extensions>
          <ns3:TrackPointExtension>
            <ns3:hr>147</ns3:hr>
            <ns3:cad>82</ns3:cad>
          </ns3:TrackPointExtension>
        </extensions>
      </trkpt>
      <trkpt lat="23.05061501450836658477783203125" lon="113.3027752675116062164306640625">
        <ele>7.400000095367431640625</ele>
        <time>2026-08-24T23:21:36.000Z</time>
        <extensions>
          <ns3:TrackPointExtension>
            <ns3:hr>147</ns3:hr>
            <ns3:cad>82</ns3:cad>
          </ns3:TrackPointExtension>
        </extensions>
      </trkpt>
      <trkpt lat="23.05061367340385913848876953125" lon="113.30275632441043853759765625">
        <ele>7.400000095367431640625</ele>
        <time>2026-08-24T23:21:37.000Z</time>
        <extensions>
          <ns3:TrackPointExtension>
            <ns3:hr>147</ns3:hr>
            <ns3:cad>82</ns3:cad>
          </ns3:TrackPointExtension>
        </extensions>
      </trkpt>
      <trkpt lat="23.05061300285160541534423828125" lon="113.3027355372905731201171875">
        <ele>7.400000095367431640625</ele>
        <time>2026-08-24T23:21:38.000Z</time>
        <extensions>
          <ns3:TrackPointExtension>
            <ns3:hr>147</ns3:hr>
            <ns3:cad>82</ns3:cad>
          </ns3:TrackPointExtension>
        </extensions>
      </trkpt>
      <trkpt lat="23.05061585269868373870849609375" lon="113.30270712263882160186767578125">
        <ele>7.400000095367431640625</ele>
        <time>2026-08-24T23:21:39.000Z</time>
        <extensions>
          <ns3:TrackPointExtension>
            <ns3:hr>146</ns3:hr>
            <ns3:cad>82</ns3:cad>
          </ns3:TrackPointExtension>
        </extensions>
      </trkpt>
      <trkpt lat="23.050613589584827423095703125" lon="113.30268968828022480010986328125">
        <ele>7.400000095367431640625</ele>
        <time>2026-08-24T23:21:40.000Z</time>
        <extensions>
          <ns3:TrackPointExtension>
            <ns3:hr>146</ns3:hr>
            <ns3:cad>82</ns3:cad>
          </ns3:TrackPointExtension>
        </extensions>
      </trkpt>
      <trkpt lat="23.05060965009033679962158203125" lon="113.3026632852852344512939453125">
        <ele>7.400000095367431640625</ele>
        <time>2026-08-24T23:21:41.000Z</time>
        <extensions>
          <ns3:TrackPointExtension>
            <ns3:hr>146</ns3:hr>
            <ns3:cad>82</ns3:cad>
          </ns3:TrackPointExtension>
        </extensions>
      </trkpt>
      <trkpt lat="23.0506132543087005615234375" lon="113.30263772048056125640869140625">
        <ele>7.400000095367431640625</ele>
        <time>2026-08-24T23:21:42.000Z</time>
        <extensions>
          <ns3:TrackPointExtension>
            <ns3:hr>146</ns3:hr>
            <ns3:cad>82</ns3:cad>
          </ns3:TrackPointExtension>
        </extensions>
      </trkpt>
      <trkpt lat="23.05061032064259052276611328125" lon="113.30262087285518646240234375">
        <ele>7.400000095367431640625</ele>
        <time>2026-08-24T23:21:43.000Z</time>
        <extensions>
          <ns3:TrackPointExtension>
            <ns3:hr>147</ns3:hr>
            <ns3:cad>82</ns3:cad>
          </ns3:TrackPointExtension>
        </extensions>
      </trkpt>
      <trkpt lat="23.05060696788132190704345703125" lon="113.30259480513632297515869140625">
        <ele>7.400000095367431640625</ele>
        <time>2026-08-24T23:21:44.000Z</time>
        <extensions>
          <ns3:TrackPointExtension>
            <ns3:hr>146</ns3:hr>
            <ns3:cad>82</ns3:cad>
          </ns3:TrackPointExtension>
        </extensions>
      </trkpt>
      <trkpt lat="23.05060713551938533782958984375" lon="113.3025724254548549652099609375">
        <ele>7.400000095367431640625</ele>
        <time>2026-08-24T23:21:45.000Z</time>
        <extensions>
          <ns3:TrackPointExtension>
            <ns3:hr>146</ns3:hr>
            <ns3:cad>82</ns3:cad>
          </ns3:TrackPointExtension>
        </extensions>
      </trkpt>
      <trkpt lat="23.0505986697971820831298828125" lon="113.30255792476236820220947265625">
        <ele>7.400000095367431640625</ele>
        <time>2026-08-24T23:21:46.000Z</time>
        <extensions>
          <ns3:TrackPointExtension>
            <ns3:hr>146</ns3:hr>
            <ns3:cad>81</ns3:cad>
          </ns3:TrackPointExtension>
        </extensions>
      </trkpt>
      <trkpt lat="23.05059523321688175201416015625" lon="113.30253613181412220001220703125">
        <ele>7.400000095367431640625</ele>
        <time>2026-08-24T23:21:47.000Z</time>
        <extensions>
          <ns3:TrackPointExtension>
            <ns3:hr>146</ns3:hr>
            <ns3:cad>81</ns3:cad>
          </ns3:TrackPointExtension>
        </extensions>
      </trkpt>
      <trkpt lat="23.0505963228642940521240234375" lon="113.30251635052263736724853515625">
        <ele>7.400000095367431640625</ele>
        <time>2026-08-24T23:21:48.000Z</time>
        <extensions>
          <ns3:TrackPointExtension>
            <ns3:hr>146</ns3:hr>
            <ns3:cad>80</ns3:cad>
          </ns3:TrackPointExtension>
        </extensions>
      </trkpt>
      <trkpt lat="23.0505929701030254364013671875" lon="113.3024995028972625732421875">
        <ele>7.400000095367431640625</ele>
        <time>2026-08-24T23:21:49.000Z</time>
        <extensions>
          <ns3:TrackPointExtension>
            <ns3:hr>146</ns3:hr>
            <ns3:cad>80</ns3:cad>
          </ns3:TrackPointExtension>
        </extensions>
      </trkpt>
      <trkpt lat="23.05059255100786685943603515625" lon="113.302471004426479339599609375">
        <ele>7.400000095367431640625</ele>
        <time>2026-08-24T23:21:50.000Z</time>
        <extensions>
          <ns3:TrackPointExtension>
            <ns3:hr>145</ns3:hr>
            <ns3:cad>80</ns3:cad>
          </ns3:TrackPointExtension>
        </extensions>
      </trkpt>
      <trkpt lat="23.0506010167300701141357421875" lon="113.3024560846388339996337890625">
        <ele>7.19999980926513671875</ele>
        <time>2026-08-24T23:21:51.000Z</time>
        <extensions>
          <ns3:TrackPointExtension>
            <ns3:hr>146</ns3:hr>
            <ns3:cad>81</ns3:cad>
          </ns3:TrackPointExtension>
        </extensions>
      </trkpt>
      <trkpt lat="23.05060210637748241424560546875" lon="113.30243445932865142822265625">
        <ele>7.19999980926513671875</ele>
        <time>2026-08-24T23:21:52.000Z</time>
        <extensions>
          <ns3:TrackPointExtension>
            <ns3:hr>146</ns3:hr>
            <ns3:cad>81</ns3:cad>
          </ns3:TrackPointExtension>
        </extensions>
      </trkpt>
      <trkpt lat="23.0506053753197193145751953125" lon="113.30240587703883647918701171875">
        <ele>7.19999980926513671875</ele>
        <time>2026-08-24T23:21:53.000Z</time>
        <extensions>
          <ns3:TrackPointExtension>
            <ns3:hr>146</ns3:hr>
            <ns3:cad>81</ns3:cad>
          </ns3:TrackPointExtension>
        </extensions>
      </trkpt>
      <trkpt lat="23.0506026931107044219970703125" lon="113.302393220365047454833984375">
        <ele>7</ele>
        <time>2026-08-24T23:21:54.000Z</time>
        <extensions>
          <ns3:TrackPointExtension>
            <ns3:hr>145</ns3:hr>
            <ns3:cad>81</ns3:cad>
          </ns3:TrackPointExtension>
        </extensions>
      </trkpt>
      <trkpt lat="23.0506040342152118682861328125" lon="113.30237469635903835296630859375">
        <ele>7</ele>
        <time>2026-08-24T23:21:55.000Z</time>
        <extensions>
          <ns3:TrackPointExtension>
            <ns3:hr>145</ns3:hr>
            <ns3:cad>81</ns3:cad>
          </ns3:TrackPointExtension>
        </extensions>
      </trkpt>
      <trkpt lat="23.05060864426195621490478515625" lon="113.30234720371663570404052734375">
        <ele>6.80000019073486328125</ele>
        <time>2026-08-24T23:21:56.000Z</time>
        <extensions>
          <ns3:TrackPointExtension>
            <ns3:hr>145</ns3:hr>
            <ns3:cad>81</ns3:cad>
          </ns3:TrackPointExtension>
        </extensions>
      </trkpt>
      <trkpt lat="23.0505979992449283599853515625" lon="113.3023246563971042633056640625">
        <ele>6.80000019073486328125</ele>
        <time>2026-08-24T23:21:57.000Z</time>
        <extensions>
          <ns3:TrackPointExtension>
            <ns3:hr>145</ns3:hr>
            <ns3:cad>81</ns3:cad>
          </ns3:TrackPointExtension>
        </extensions>
      </trkpt>
      <trkpt lat="23.05059305392205715179443359375" lon="113.3023112453520298004150390625">
        <ele>6.599999904632568359375</ele>
        <time>2026-08-24T23:21:58.000Z</time>
        <extensions>
          <ns3:TrackPointExtension>
            <ns3:hr>145</ns3:hr>
            <ns3:cad>81</ns3:cad>
          </ns3:TrackPointExtension>
        </extensions>
      </trkpt>
      <trkpt lat="23.05058014579117298126220703125" lon="113.3022834174335002899169921875">
        <ele>6.599999904632568359375</ele>
        <time>2026-08-24T23:21:59.000Z</time>
        <extensions>
          <ns3:TrackPointExtension>
            <ns3:hr>145</ns3:hr>
            <ns3:cad>81</ns3:cad>
          </ns3:TrackPointExtension>
        </extensions>
      </trkpt>
      <trkpt lat="23.0505731888115406036376953125" lon="113.30226472578942775726318359375">
        <ele>6.400000095367431640625</ele>
        <time>2026-08-24T23:22:00.000Z</time>
        <extensions>
          <ns3:TrackPointExtension>
            <ns3:hr>144</ns3:hr>
            <ns3:cad>80</ns3:cad>
          </ns3:TrackPointExtension>
        </extensions>
      </trkpt>
      <trkpt lat="23.05057561956346035003662109375" lon="113.30223907716572284698486328125">
        <ele>6.400000095367431640625</ele>
        <time>2026-08-24T23:22:01.000Z</time>
        <extensions>
          <ns3:TrackPointExtension>
            <ns3:hr>144</ns3:hr>
            <ns3:cad>80</ns3:cad>
          </ns3:TrackPointExtension>
        </extensions>
      </trkpt>
      <trkpt lat="23.0505755357444286346435546875" lon="113.3022178709506988525390625">
        <ele>6.19999980926513671875</ele>
        <time>2026-08-24T23:22:02.000Z</time>
        <extensions>
          <ns3:TrackPointExtension>
            <ns3:hr>144</ns3:hr>
            <ns3:cad>80</ns3:cad>
          </ns3:TrackPointExtension>
        </extensions>
      </trkpt>
      <trkpt lat="23.0505772121250629425048828125" lon="113.30220085568726062774658203125">
        <ele>6.19999980926513671875</ele>
        <time>2026-08-24T23:22:03.000Z</time>
        <extensions>
          <ns3:TrackPointExtension>
            <ns3:hr>144</ns3:hr>
            <ns3:cad>82</ns3:cad>
          </ns3:TrackPointExtension>
        </extensions>
      </trkpt>
      <trkpt lat="23.05057880468666553497314453125" lon="113.3021731115877628326416015625">
        <ele>6.19999980926513671875</ele>
        <time>2026-08-24T23:22:04.000Z</time>
        <extensions>
          <ns3:TrackPointExtension>
            <ns3:hr>144</ns3:hr>
            <ns3:cad>82</ns3:cad>
          </ns3:TrackPointExtension>
        </extensions>
      </trkpt>
      <trkpt lat="23.0505809001624584197998046875" lon="113.302150480449199676513671875">
        <ele>6.19999980926513671875</ele>
        <time>2026-08-24T23:22:05.000Z</time>
        <extensions>
          <ns3:TrackPointExtension>
            <ns3:hr>144</ns3:hr>
            <ns3:cad>82</ns3:cad>
          </ns3:TrackPointExtension>
        </extensions>
      </trkpt>
      <trkpt lat="23.05057997815310955047607421875" lon="113.302129022777080535888671875">
        <ele>6.19999980926513671875</ele>
        <time>2026-08-24T23:22:06.000Z</time>
        <extensions>
          <ns3:TrackPointExtension>
            <ns3:hr>144</ns3:hr>
            <ns3:cad>81</ns3:cad>
          </ns3:TrackPointExtension>
        </extensions>
      </trkpt>
      <trkpt lat="23.05058500729501247406005859375" lon="113.30209918320178985595703125">
        <ele>6.19999980926513671875</ele>
        <time>2026-08-24T23:22:07.000Z</time>
        <extensions>
          <ns3:TrackPointExtension>
            <ns3:hr>144</ns3:hr>
            <ns3:cad>81</ns3:cad>
          </ns3:TrackPointExtension>
        </extensions>
      </trkpt>
      <trkpt lat="23.05058148689568042755126953125" lon="113.302084095776081085205078125">
        <ele>6.19999980926513671875</ele>
        <time>2026-08-24T23:22:08.000Z</time>
        <extensions>
          <ns3:TrackPointExtension>
            <ns3:hr>144</ns3:hr>
            <ns3:cad>81</ns3:cad>
          </ns3:TrackPointExtension>
        </extensions>
      </trkpt>
      <trkpt lat="23.05058031342923641204833984375" lon="113.3020604588091373443603515625">
        <ele>6</ele>
        <time>2026-08-24T23:22:09.000Z</time>
        <extensions>
          <ns3:TrackPointExtension>
            <ns3:hr>144</ns3:hr>
            <ns3:cad>81</ns3:cad>
          </ns3:TrackPointExtension>
        </extensions>
      </trkpt>
      <trkpt lat="23.0505782179534435272216796875" lon="113.302026093006134033203125">
        <ele>6</ele>
        <time>2026-08-24T23:22:10.000Z</time>
        <extensions>
          <ns3:TrackPointExtension>
            <ns3:hr>144</ns3:hr>
            <ns3:cad>81</ns3:cad>
          </ns3:TrackPointExtension>
        </extensions>
      </trkpt>
      <trkpt lat="23.05057913996279239654541015625" lon="113.30201393924653530120849609375">
        <ele>6</ele>
        <time>2026-08-24T23:22:11.000Z</time>
        <extensions>
          <ns3:TrackPointExtension>
            <ns3:hr>144</ns3:hr>
            <ns3:cad>80</ns3:cad>
          </ns3:TrackPointExtension>
        </extensions>
      </trkpt>
      <trkpt lat="23.0505768768489360809326171875" lon="113.30199164338409900665283203125">
        <ele>6</ele>
        <time>2026-08-24T23:22:12.000Z</time>
        <extensions>
          <ns3:TrackPointExtension>
            <ns3:hr>144</ns3:hr>
            <ns3:cad>81</ns3:cad>
          </ns3:TrackPointExtension>
        </extensions>
      </trkpt>
      <trkpt lat="23.05058986879885196685791015625" lon="113.30195962451398372650146484375">
        <ele>6.19999980926513671875</ele>
        <time>2026-08-24T23:22:13.000Z</time>
        <extensions>
          <ns3:TrackPointExtension>
            <ns3:hr>144</ns3:hr>
            <ns3:cad>81</ns3:cad>
          </ns3:TrackPointExtension>
        </extensions>
      </trkpt>
      <trkpt lat="23.05059523321688175201416015625" lon="113.30194403417408466339111328125">
        <ele>6.19999980926513671875</ele>
        <time>2026-08-24T23:22:14.000Z</time>
        <extensions>
          <ns3:TrackPointExtension>
            <ns3:hr>144</ns3:hr>
            <ns3:cad>81</ns3:cad>
          </ns3:TrackPointExtension>
        </extensions>
      </trkpt>
      <trkpt lat="23.05059439502656459808349609375" lon="113.3019196428358554840087890625">
        <ele>6.19999980926513671875</ele>
        <time>2026-08-24T23:22:15.000Z</time>
        <extensions>
          <ns3:TrackPointExtension>
            <ns3:hr>144</ns3:hr>
            <ns3:cad>81</ns3:cad>
          </ns3:TrackPointExtension>
        </extensions>
      </trkpt>
      <trkpt lat="23.050600178539752960205078125" lon="113.30189131200313568115234375">
        <ele>6.19999980926513671875</ele>
        <time>2026-08-24T23:22:16.000Z</time>
        <extensions>
          <ns3:TrackPointExtension>
            <ns3:hr>144</ns3:hr>
            <ns3:cad>81</ns3:cad>
          </ns3:TrackPointExtension>
        </extensions>
      </trkpt>
      <trkpt lat="23.05059925653040409088134765625" lon="113.30187379382550716400146484375">
        <ele>6.19999980926513671875</ele>
        <time>2026-08-24T23:22:17.000Z</time>
        <extensions>
          <ns3:TrackPointExtension>
            <ns3:hr>144</ns3:hr>
            <ns3:cad>81</ns3:cad>
          </ns3:TrackPointExtension>
        </extensions>
      </trkpt>
      <trkpt lat="23.0505993403494358062744140625" lon="113.3018448762595653533935546875">
        <ele>6.19999980926513671875</ele>
        <time>2026-08-24T23:22:18.000Z</time>
        <extensions>
          <ns3:TrackPointExtension>
            <ns3:hr>144</ns3:hr>
            <ns3:cad>80</ns3:cad>
          </ns3:TrackPointExtension>
        </extensions>
      </trkpt>
      <trkpt lat="23.0506078898906707763671875" lon="113.30181830562651157379150390625">
        <ele>6.19999980926513671875</ele>
        <time>2026-08-24T23:22:19.000Z</time>
        <extensions>
          <ns3:TrackPointExtension>
            <ns3:hr>144</ns3:hr>
            <ns3:cad>80</ns3:cad>
          </ns3:TrackPointExtension>
        </extensions>
      </trkpt>
      <trkpt lat="23.0506087280809879302978515625" lon="113.30179768614470958709716796875">
        <ele>6.19999980926513671875</ele>
        <time>2026-08-24T23:22:20.000Z</time>
        <extensions>
          <ns3:TrackPointExtension>
            <ns3:hr>144</ns3:hr>
            <ns3:cad>80</ns3:cad>
          </ns3:TrackPointExtension>
        </extensions>
      </trkpt>
      <trkpt lat="23.05061166174709796905517578125" lon="113.30177354626357555389404296875">
        <ele>6.19999980926513671875</ele>
        <time>2026-08-24T23:22:21.000Z</time>
        <extensions>
          <ns3:TrackPointExtension>
            <ns3:hr>144</ns3:hr>
            <ns3:cad>80</ns3:cad>
          </ns3:TrackPointExtension>
        </extensions>
      </trkpt>
      <trkpt lat="23.050617612898349761962890625" lon="113.3017484843730926513671875">
        <ele>6.19999980926513671875</ele>
        <time>2026-08-24T23:22:22.000Z</time>
        <extensions>
          <ns3:TrackPointExtension>
            <ns3:hr>144</ns3:hr>
            <ns3:cad>81</ns3:cad>
          </ns3:TrackPointExtension>
        </extensions>
      </trkpt>
      <trkpt lat="23.05061870254576206207275390625" lon="113.30172677524387836456298828125">
        <ele>6.19999980926513671875</ele>
        <time>2026-08-24T23:22:23.000Z</time>
        <extensions>
          <ns3:TrackPointExtension>
            <ns3:hr>144</ns3:hr>
            <ns3:cad>81</ns3:cad>
          </ns3:TrackPointExtension>
        </extensions>
      </trkpt>
      <trkpt lat="23.05062004365026950836181640625" lon="113.3016948401927947998046875">
        <ele>6.19999980926513671875</ele>
        <time>2026-08-24T23:22:24.000Z</time>
        <extensions>
          <ns3:TrackPointExtension>
            <ns3:hr>144</ns3:hr>
            <ns3:cad>81</ns3:cad>
          </ns3:TrackPointExtension>
        </extensions>
      </trkpt>
      <trkpt lat="23.05061987601220607757568359375" lon="113.3016785793006420135498046875">
        <ele>6.19999980926513671875</ele>
        <time>2026-08-24T23:22:25.000Z</time>
        <extensions>
          <ns3:TrackPointExtension>
            <ns3:hr>144</ns3:hr>
            <ns3:cad>81</ns3:cad>
          </ns3:TrackPointExtension>
        </extensions>
      </trkpt>
      <trkpt lat="23.05061769671738147735595703125" lon="113.30165083520114421844482421875">
        <ele>6.19999980926513671875</ele>
        <time>2026-08-24T23:22:26.000Z</time>
        <extensions>
          <ns3:TrackPointExtension>
            <ns3:hr>144</ns3:hr>
            <ns3:cad>81</ns3:cad>
          </ns3:TrackPointExtension>
        </extensions>
      </trkpt>
      <trkpt lat="23.05061887018382549285888671875" lon="113.3016197383403778076171875">
        <ele>6.19999980926513671875</ele>
        <time>2026-08-24T23:22:27.000Z</time>
        <extensions>
          <ns3:TrackPointExtension>
            <ns3:hr>144</ns3:hr>
            <ns3:cad>81</ns3:cad>
          </ns3:TrackPointExtension>
        </extensions>
      </trkpt>
      <trkpt lat="23.05061903782188892364501953125" lon="113.3016031421720981597900390625">
        <ele>6.19999980926513671875</ele>
        <time>2026-08-24T23:22:28.000Z</time>
        <extensions>
          <ns3:TrackPointExtension>
            <ns3:hr>145</ns3:hr>
            <ns3:cad>80</ns3:cad>
          </ns3:TrackPointExtension>
        </extensions>
      </trkpt>
      <trkpt lat="23.05061803199350833892822265625" lon="113.3015779964625835418701171875">
        <ele>6.19999980926513671875</ele>
        <time>2026-08-24T23:22:29.000Z</time>
        <extensions>
          <ns3:TrackPointExtension>
            <ns3:hr>145</ns3:hr>
            <ns3:cad>80</ns3:cad>
          </ns3:TrackPointExtension>
        </extensions>
      </trkpt>
      <trkpt lat="23.05062557570636272430419921875" lon="113.30155058763921260833740234375">
        <ele>6.19999980926513671875</ele>
        <time>2026-08-24T23:22:30.000Z</time>
        <extensions>
          <ns3:TrackPointExtension>
            <ns3:hr>145</ns3:hr>
            <ns3:cad>80</ns3:cad>
          </ns3:TrackPointExtension>
        </extensions>
      </trkpt>
      <trkpt lat="23.050627000629901885986328125" lon="113.30152963288128376007080078125">
        <ele>6.19999980926513671875</ele>
        <time>2026-08-24T23:22:31.000Z</time>
        <extensions>
          <ns3:TrackPointExtension>
            <ns3:hr>145</ns3:hr>
            <ns3:cad>81</ns3:cad>
          </ns3:TrackPointExtension>
        </extensions>
      </trkpt>
      <trkpt lat="23.0506305210292339324951171875" lon="113.301505409181118011474609375">
        <ele>6.19999980926513671875</ele>
        <time>2026-08-24T23:22:32.000Z</time>
        <extensions>
          <ns3:TrackPointExtension>
            <ns3:hr>146</ns3:hr>
            <ns3:cad>81</ns3:cad>
          </ns3:TrackPointExtension>
        </extensions>
      </trkpt>
      <trkpt lat="23.05063580162823200225830078125" lon="113.3014780841767787933349609375">
        <ele>6.19999980926513671875</ele>
        <time>2026-08-24T23:22:33.000Z</time>
        <extensions>
          <ns3:TrackPointExtension>
            <ns3:hr>145</ns3:hr>
            <ns3:cad>81</ns3:cad>
          </ns3:TrackPointExtension>
        </extensions>
      </trkpt>
      <trkpt lat="23.05063462816178798675537109375" lon="113.30145939253270626068115234375">
        <ele>6.19999980926513671875</ele>
        <time>2026-08-24T23:22:34.000Z</time>
        <extensions>
          <ns3:TrackPointExtension>
            <ns3:hr>145</ns3:hr>
            <ns3:cad>81</ns3:cad>
          </ns3:TrackPointExtension>
        </extensions>
      </trkpt>
      <trkpt lat="23.05062775500118732452392578125" lon="113.30144195817410945892333984375">
        <ele>6.19999980926513671875</ele>
        <time>2026-08-24T23:22:35.000Z</time>
        <extensions>
          <ns3:TrackPointExtension>
            <ns3:hr>145</ns3:hr>
            <ns3:cad>80</ns3:cad>
          </ns3:TrackPointExtension>
        </extensions>
      </trkpt>
      <trkpt lat="23.050620295107364654541015625" lon="113.30142217688262462615966796875">
        <ele>6.400000095367431640625</ele>
        <time>2026-08-24T23:22:36.000Z</time>
        <extensions>
          <ns3:TrackPointExtension>
            <ns3:hr>145</ns3:hr>
            <ns3:cad>80</ns3:cad>
          </ns3:TrackPointExtension>
        </extensions>
      </trkpt>
      <trkpt lat="23.05060428567230701446533203125" lon="113.3014123700559139251708984375">
        <ele>6.400000095367431640625</ele>
        <time>2026-08-24T23:22:37.000Z</time>
        <extensions>
          <ns3:TrackPointExtension>
            <ns3:hr>146</ns3:hr>
            <ns3:cad>80</ns3:cad>
          </ns3:TrackPointExtension>
        </extensions>
      </trkpt>
      <trkpt lat="23.0505879409611225128173828125" lon="113.30140524543821811676025390625">
        <ele>6.400000095367431640625</ele>
        <time>2026-08-24T23:22:38.000Z</time>
        <extensions>
          <ns3:TrackPointExtension>
            <ns3:hr>145</ns3:hr>
            <ns3:cad>81</ns3:cad>
          </ns3:TrackPointExtension>
        </extensions>
      </trkpt>
      <trkpt lat="23.05056924931704998016357421875" lon="113.30139870755374431610107421875">
        <ele>6.400000095367431640625</ele>
        <time>2026-08-24T23:22:39.000Z</time>
        <extensions>
          <ns3:TrackPointExtension>
            <ns3:hr>146</ns3:hr>
            <ns3:cad>81</ns3:cad>
          </ns3:TrackPointExtension>
        </extensions>
      </trkpt>
      <trkpt lat="23.05055449716746807098388671875" lon="113.30139778554439544677734375">
        <ele>6.400000095367431640625</ele>
        <time>2026-08-24T23:22:40.000Z</time>
        <extensions>
          <ns3:TrackPointExtension>
            <ns3:hr>146</ns3:hr>
            <ns3:cad>81</ns3:cad>
          </ns3:TrackPointExtension>
        </extensions>
      </trkpt>
      <trkpt lat="23.050536811351776123046875" lon="113.30139300785958766937255859375">
        <ele>6.400000095367431640625</ele>
        <time>2026-08-24T23:22:41.000Z</time>
        <extensions>
          <ns3:TrackPointExtension>
            <ns3:hr>146</ns3:hr>
            <ns3:cad>81</ns3:cad>
          </ns3:TrackPointExtension>
        </extensions>
      </trkpt>
      <trkpt lat="23.05051267147064208984375" lon="113.3013882301747798919677734375">
        <ele>6.400000095367431640625</ele>
        <time>2026-08-24T23:22:42.000Z</time>
        <extensions>
          <ns3:TrackPointExtension>
            <ns3:hr>146</ns3:hr>
            <ns3:cad>81</ns3:cad>
          </ns3:TrackPointExtension>
        </extensions>
      </trkpt>
      <trkpt lat="23.05049682967364788055419921875" lon="113.30138705670833587646484375">
        <ele>6.400000095367431640625</ele>
        <time>2026-08-24T23:22:43.000Z</time>
        <extensions>
          <ns3:TrackPointExtension>
            <ns3:hr>146</ns3:hr>
            <ns3:cad>81</ns3:cad>
          </ns3:TrackPointExtension>
        </extensions>
      </trkpt>
      <trkpt lat="23.050468079745769500732421875" lon="113.30137901008129119873046875">
        <ele>6.19999980926513671875</ele>
        <time>2026-08-24T23:22:44.000Z</time>
        <extensions>
          <ns3:TrackPointExtension>
            <ns3:hr>146</ns3:hr>
            <ns3:cad>81</ns3:cad>
          </ns3:TrackPointExtension>
        </extensions>
      </trkpt>
      <trkpt lat="23.05044536478817462921142578125" lon="113.30137641169130802154541015625">
        <ele>6.19999980926513671875</ele>
        <time>2026-08-24T23:22:45.000Z</time>
        <extensions>
          <ns3:TrackPointExtension>
            <ns3:hr>146</ns3:hr>
            <ns3:cad>81</ns3:cad>
          </ns3:TrackPointExtension>
        </extensions>
      </trkpt>
      <trkpt lat="23.0504296906292438507080078125" lon="113.3013783395290374755859375">
        <ele>6.19999980926513671875</ele>
        <time>2026-08-24T23:22:46.000Z</time>
        <extensions>
          <ns3:TrackPointExtension>
            <ns3:hr>146</ns3:hr>
            <ns3:cad>80</ns3:cad>
          </ns3:TrackPointExtension>
        </extensions>
      </trkpt>
      <trkpt lat="23.05039792321622371673583984375" lon="113.30138512887060642242431640625">
        <ele>6.19999980926513671875</ele>
        <time>2026-08-24T23:22:47.000Z</time>
        <extensions>
          <ns3:TrackPointExtension>
            <ns3:hr>147</ns3:hr>
            <ns3:cad>80</ns3:cad>
          </ns3:TrackPointExtension>
        </extensions>
      </trkpt>
      <trkpt lat="23.05038585327565670013427734375" lon="113.30138244666159152984619140625">
        <ele>6.19999980926513671875</ele>
        <time>2026-08-24T23:22:48.000Z</time>
        <extensions>
          <ns3:TrackPointExtension>
            <ns3:hr>147</ns3:hr>
            <ns3:cad>81</ns3:cad>
          </ns3:TrackPointExtension>
        </extensions>
      </trkpt>
      <trkpt lat="23.050370179116725921630859375" lon="113.3013810217380523681640625">
        <ele>6.19999980926513671875</ele>
        <time>2026-08-24T23:22:49.000Z</time>
        <extensions>
          <ns3:TrackPointExtension>
            <ns3:hr>147</ns3:hr>
            <ns3:cad>81</ns3:cad>
          </ns3:TrackPointExtension>
        </extensions>
      </trkpt>
      <trkpt lat="23.05034612305462360382080078125" lon="113.3013744838535785675048828125">
        <ele>6.19999980926513671875</ele>
        <time>2026-08-24T23:22:50.000Z</time>
        <extensions>
          <ns3:TrackPointExtension>
            <ns3:hr>147</ns3:hr>
            <ns3:cad>81</ns3:cad>
          </ns3:TrackPointExtension>
        </extensions>
      </trkpt>
      <trkpt lat="23.0503274314105510711669921875" lon="113.30137557350099086761474609375">
        <ele>6</ele>
        <time>2026-08-24T23:22:51.000Z</time>
        <extensions>
          <ns3:TrackPointExtension>
            <ns3:hr>146</ns3:hr>
            <ns3:cad>80</ns3:cad>
          </ns3:TrackPointExtension>
        </extensions>
      </trkpt>
      <trkpt lat="23.05030873976647853851318359375" lon="113.301376998424530029296875">
        <ele>6</ele>
        <time>2026-08-24T23:22:52.000Z</time>
        <extensions>
          <ns3:TrackPointExtension>
            <ns3:hr>146</ns3:hr>
            <ns3:cad>80</ns3:cad>
          </ns3:TrackPointExtension>
        </extensions>
      </trkpt>
      <trkpt lat="23.05028342641890048980712890625" lon="113.301375992596149444580078125">
        <ele>6.19999980926513671875</ele>
        <time>2026-08-24T23:22:53.000Z</time>
        <extensions>
          <ns3:TrackPointExtension>
            <ns3:hr>146</ns3:hr>
            <ns3:cad>80</ns3:cad>
          </ns3:TrackPointExtension>
        </extensions>
      </trkpt>
      <trkpt lat="23.05027152411639690399169921875" lon="113.30137909390032291412353515625">
        <ele>6.19999980926513671875</ele>
        <time>2026-08-24T23:22:54.000Z</time>
        <extensions>
          <ns3:TrackPointExtension>
            <ns3:hr>146</ns3:hr>
            <ns3:cad>81</ns3:cad>
          </ns3:TrackPointExtension>
        </extensions>
      </trkpt>
      <trkpt lat="23.05024771951138973236083984375" lon="113.3013892360031604766845703125">
        <ele>6.19999980926513671875</ele>
        <time>2026-08-24T23:22:55.000Z</time>
        <extensions>
          <ns3:TrackPointExtension>
            <ns3:hr>146</ns3:hr>
            <ns3:cad>81</ns3:cad>
          </ns3:TrackPointExtension>
        </extensions>
      </trkpt>
      <trkpt lat="23.05022642947733402252197265625" lon="113.30139602534472942352294921875">
        <ele>6.19999980926513671875</ele>
        <time>2026-08-24T23:22:56.000Z</time>
        <extensions>
          <ns3:TrackPointExtension>
            <ns3:hr>145</ns3:hr>
            <ns3:cad>81</ns3:cad>
          </ns3:TrackPointExtension>
        </extensions>
      </trkpt>
      <trkpt lat="23.05021486245095729827880859375" lon="113.3014066703617572784423828125">
        <ele>6.19999980926513671875</ele>
        <time>2026-08-24T23:22:57.000Z</time>
        <extensions>
          <ns3:TrackPointExtension>
            <ns3:hr>146</ns3:hr>
            <ns3:cad>81</ns3:cad>
          </ns3:TrackPointExtension>
        </extensions>
      </trkpt>
      <trkpt lat="23.05019684135913848876953125" lon="113.30142402090132236480712890625">
        <ele>6.19999980926513671875</ele>
        <time>2026-08-24T23:22:58.000Z</time>
        <extensions>
          <ns3:TrackPointExtension>
            <ns3:hr>145</ns3:hr>
            <ns3:cad>81</ns3:cad>
          </ns3:TrackPointExtension>
        </extensions>
      </trkpt>
      <trkpt lat="23.0501795746386051177978515625" lon="113.30143894068896770477294921875">
        <ele>6.19999980926513671875</ele>
        <time>2026-08-24T23:22:59.000Z</time>
        <extensions>
          <ns3:TrackPointExtension>
            <ns3:hr>145</ns3:hr>
            <ns3:cad>81</ns3:cad>
          </ns3:TrackPointExtension>
        </extensions>
      </trkpt>
      <trkpt lat="23.05017245002090930938720703125" lon="113.30145352520048618316650390625">
        <ele>6.19999980926513671875</ele>
        <time>2026-08-24T23:23:00.000Z</time>
        <extensions>
          <ns3:TrackPointExtension>
            <ns3:hr>145</ns3:hr>
            <ns3:cad>81</ns3:cad>
          </ns3:TrackPointExtension>
        </extensions>
      </trkpt>
      <trkpt lat="23.0501607991755008697509765625" lon="113.3014720492064952850341796875">
        <ele>6</ele>
        <time>2026-08-24T23:23:01.000Z</time>
        <extensions>
          <ns3:TrackPointExtension>
            <ns3:hr>145</ns3:hr>
            <ns3:cad>81</ns3:cad>
          </ns3:TrackPointExtension>
        </extensions>
      </trkpt>
      <trkpt lat="23.05014814250171184539794921875" lon="113.3014883100986480712890625">
        <ele>6</ele>
        <time>2026-08-24T23:23:02.000Z</time>
        <extensions>
          <ns3:TrackPointExtension>
            <ns3:hr>144</ns3:hr>
            <ns3:cad>81</ns3:cad>
          </ns3:TrackPointExtension>
        </extensions>
      </trkpt>
      <trkpt lat="23.05013917386531829833984375" lon="113.30150239169597625732421875">
        <ele>6</ele>
        <time>2026-08-24T23:23:03.000Z</time>
        <extensions>
          <ns3:TrackPointExtension>
            <ns3:hr>144</ns3:hr>
            <ns3:cad>81</ns3:cad>
          </ns3:TrackPointExtension>
        </extensions>
      </trkpt>
      <trkpt lat="23.05011277087032794952392578125" lon="113.3015260286629199981689453125">
        <ele>6</ele>
        <time>2026-08-24T23:23:04.000Z</time>
        <extensions>
          <ns3:TrackPointExtension>
            <ns3:hr>144</ns3:hr>
            <ns3:cad>81</ns3:cad>
          </ns3:TrackPointExtension>
        </extensions>
      </trkpt>
      <trkpt lat="23.05009332485496997833251953125" lon="113.30152384936809539794921875">
        <ele>6</ele>
        <time>2026-08-24T23:23:05.000Z</time>
        <extensions>
          <ns3:TrackPointExtension>
            <ns3:hr>144</ns3:hr>
            <ns3:cad>81</ns3:cad>
          </ns3:TrackPointExtension>
        </extensions>
      </trkpt>
      <trkpt lat="23.050078488886356353759765625" lon="113.30152343027293682098388671875">
        <ele>6</ele>
        <time>2026-08-24T23:23:06.000Z</time>
        <extensions>
          <ns3:TrackPointExtension>
            <ns3:hr>144</ns3:hr>
            <ns3:cad>81</ns3:cad>
          </ns3:TrackPointExtension>
        </extensions>
      </trkpt>
      <trkpt lat="23.05004672147333621978759765625" lon="113.301517479121685028076171875">
        <ele>6</ele>
        <time>2026-08-24T23:23:07.000Z</time>
        <extensions>
          <ns3:TrackPointExtension>
            <ns3:hr>144</ns3:hr>
            <ns3:cad>80</ns3:cad>
          </ns3:TrackPointExtension>
        </extensions>
      </trkpt>
      <trkpt lat="23.05002476088702678680419921875" lon="113.30151982605457305908203125">
        <ele>6</ele>
        <time>2026-08-24T23:23:08.000Z</time>
        <extensions>
          <ns3:TrackPointExtension>
            <ns3:hr>144</ns3:hr>
            <ns3:cad>80</ns3:cad>
          </ns3:TrackPointExtension>
        </extensions>
      </trkpt>
      <trkpt lat="23.05000615306198596954345703125" lon="113.30151907168328762054443359375">
        <ele>6</ele>
        <time>2026-08-24T23:23:09.000Z</time>
        <extensions>
          <ns3:TrackPointExtension>
            <ns3:hr>144</ns3:hr>
            <ns3:cad>81</ns3:cad>
          </ns3:TrackPointExtension>
        </extensions>
      </trkpt>
      <trkpt lat="23.04997849278151988983154296875" lon="113.30151035450398921966552734375">
        <ele>6</ele>
        <time>2026-08-24T23:23:10.000Z</time>
        <extensions>
          <ns3:TrackPointExtension>
            <ns3:hr>144</ns3:hr>
            <ns3:cad>81</ns3:cad>
          </ns3:TrackPointExtension>
        </extensions>
      </trkpt>
      <trkpt lat="23.04996080696582794189453125" lon="113.3015052415430545806884765625">
        <ele>6</ele>
        <time>2026-08-24T23:23:11.000Z</time>
        <extensions>
          <ns3:TrackPointExtension>
            <ns3:hr>144</ns3:hr>
            <ns3:cad>81</ns3:cad>
          </ns3:TrackPointExtension>
        </extensions>
      </trkpt>
      <trkpt lat="23.04994613863527774810791015625" lon="113.3015055768191814422607421875">
        <ele>6</ele>
        <time>2026-08-24T23:23:12.000Z</time>
        <extensions>
          <ns3:TrackPointExtension>
            <ns3:hr>144</ns3:hr>
            <ns3:cad>80</ns3:cad>
          </ns3:TrackPointExtension>
        </extensions>
      </trkpt>
      <trkpt lat="23.04992049001157283782958984375" lon="113.30150029622018337249755859375">
        <ele>6</ele>
        <time>2026-08-24T23:23:13.000Z</time>
        <extensions>
          <ns3:TrackPointExtension>
            <ns3:hr>144</ns3:hr>
            <ns3:cad>80</ns3:cad>
          </ns3:TrackPointExtension>
        </extensions>
      </trkpt>
      <trkpt lat="23.04990255273878574371337890625" lon="113.301500715315341949462890625">
        <ele>6</ele>
        <time>2026-08-24T23:23:14.000Z</time>
        <extensions>
          <ns3:TrackPointExtension>
            <ns3:hr>144</ns3:hr>
            <ns3:cad>80</ns3:cad>
          </ns3:TrackPointExtension>
        </extensions>
      </trkpt>
      <trkpt lat="23.04988310672342777252197265625" lon="113.30150306224822998046875">
        <ele>6</ele>
        <time>2026-08-24T23:23:15.000Z</time>
        <extensions>
          <ns3:TrackPointExtension>
            <ns3:hr>144</ns3:hr>
            <ns3:cad>80</ns3:cad>
          </ns3:TrackPointExtension>
        </extensions>
      </trkpt>
      <trkpt lat="23.04986047558486461639404296875" lon="113.301499374210834503173828125">
        <ele>6</ele>
        <time>2026-08-24T23:23:16.000Z</time>
        <extensions>
          <ns3:TrackPointExtension>
            <ns3:hr>144</ns3:hr>
            <ns3:cad>80</ns3:cad>
          </ns3:TrackPointExtension>
        </extensions>
      </trkpt>
      <trkpt lat="23.04984656162559986114501953125" lon="113.3014982007443904876708984375">
        <ele>6</ele>
        <time>2026-08-24T23:23:17.000Z</time>
        <extensions>
          <ns3:TrackPointExtension>
            <ns3:hr>144</ns3:hr>
            <ns3:cad>80</ns3:cad>
          </ns3:TrackPointExtension>
        </extensions>
      </trkpt>
      <trkpt lat="23.04983046837151050567626953125" lon="113.30149493180215358734130859375">
        <ele>6</ele>
        <time>2026-08-24T23:23:18.000Z</time>
        <extensions>
          <ns3:TrackPointExtension>
            <ns3:hr>144</ns3:hr>
            <ns3:cad>80</ns3:cad>
          </ns3:TrackPointExtension>
        </extensions>
      </trkpt>
      <trkpt lat="23.0498064123094081878662109375" lon="113.30149090848863124847412109375">
        <ele>6</ele>
        <time>2026-08-24T23:23:19.000Z</time>
        <extensions>
          <ns3:TrackPointExtension>
            <ns3:hr>144</ns3:hr>
            <ns3:cad>80</ns3:cad>
          </ns3:TrackPointExtension>
        </extensions>
      </trkpt>
      <trkpt lat="23.04979476146399974822998046875" lon="113.3014941774308681488037109375">
        <ele>6</ele>
        <time>2026-08-24T23:23:20.000Z</time>
        <extensions>
          <ns3:TrackPointExtension>
            <ns3:hr>144</ns3:hr>
            <ns3:cad>80</ns3:cad>
          </ns3:TrackPointExtension>
        </extensions>
      </trkpt>
      <trkpt lat="23.0497790873050689697265625" lon="113.30149392597377300262451171875">
        <ele>6</ele>
        <time>2026-08-24T23:23:21.000Z</time>
        <extensions>
          <ns3:TrackPointExtension>
            <ns3:hr>144</ns3:hr>
            <ns3:cad>80</ns3:cad>
          </ns3:TrackPointExtension>
        </extensions>
      </trkpt>
      <trkpt lat="23.04975922219455242156982421875" lon="113.30149677582085132598876953125">
        <ele>6</ele>
        <time>2026-08-24T23:23:22.000Z</time>
        <extensions>
          <ns3:TrackPointExtension>
            <ns3:hr>145</ns3:hr>
            <ns3:cad>80</ns3:cad>
          </ns3:TrackPointExtension>
        </extensions>
      </trkpt>
      <trkpt lat="23.049743212759494781494140625" lon="113.3014961890876293182373046875">
        <ele>6</ele>
        <time>2026-08-24T23:23:23.000Z</time>
        <extensions>
          <ns3:TrackPointExtension>
            <ns3:hr>145</ns3:hr>
            <ns3:cad>81</ns3:cad>
          </ns3:TrackPointExtension>
        </extensions>
      </trkpt>
      <trkpt lat="23.04972452111542224884033203125" lon="113.3014958538115024566650390625">
        <ele>6</ele>
        <time>2026-08-24T23:23:24.000Z</time>
        <extensions>
          <ns3:TrackPointExtension>
            <ns3:hr>145</ns3:hr>
            <ns3:cad>81</ns3:cad>
          </ns3:TrackPointExtension>
        </extensions>
      </trkpt>
      <trkpt lat="23.0497095175087451934814453125" lon="113.3014914952218532562255859375">
        <ele>6.19999980926513671875</ele>
        <time>2026-08-24T23:23:25.000Z</time>
        <extensions>
          <ns3:TrackPointExtension>
            <ns3:hr>145</ns3:hr>
            <ns3:cad>81</ns3:cad>
          </ns3:TrackPointExtension>
        </extensions>
      </trkpt>
      <trkpt lat="23.0496883951127529144287109375" lon="113.3014971949160099029541015625">
        <ele>6.19999980926513671875</ele>
        <time>2026-08-24T23:23:26.000Z</time>
        <extensions>
          <ns3:TrackPointExtension>
            <ns3:hr>144</ns3:hr>
            <ns3:cad>80</ns3:cad>
          </ns3:TrackPointExtension>
        </extensions>
      </trkpt>
      <trkpt lat="23.04966844618320465087890625" lon="113.30149711109697818756103515625">
        <ele>6.19999980926513671875</ele>
        <time>2026-08-24T23:23:27.000Z</time>
        <extensions>
          <ns3:TrackPointExtension>
            <ns3:hr>145</ns3:hr>
            <ns3:cad>80</ns3:cad>
          </ns3:TrackPointExtension>
        </extensions>
      </trkpt>
      <trkpt lat="23.0496501736342906951904296875" lon="113.30149392597377300262451171875">
        <ele>6.19999980926513671875</ele>
        <time>2026-08-24T23:23:28.000Z</time>
        <extensions>
          <ns3:TrackPointExtension>
            <ns3:hr>145</ns3:hr>
            <ns3:cad>81</ns3:cad>
          </ns3:TrackPointExtension>
        </extensions>
      </trkpt>
      <trkpt lat="23.0496320687234401702880859375" lon="113.30149493180215358734130859375">
        <ele>6.19999980926513671875</ele>
        <time>2026-08-24T23:23:29.000Z</time>
        <extensions>
          <ns3:TrackPointExtension>
            <ns3:hr>144</ns3:hr>
            <ns3:cad>81</ns3:cad>
          </ns3:TrackPointExtension>
        </extensions>
      </trkpt>
      <trkpt lat="23.04961522109806537628173828125" lon="113.30149191431701183319091796875">
        <ele>6.19999980926513671875</ele>
        <time>2026-08-24T23:23:30.000Z</time>
        <extensions>
          <ns3:TrackPointExtension>
            <ns3:hr>144</ns3:hr>
            <ns3:cad>81</ns3:cad>
          </ns3:TrackPointExtension>
        </extensions>
      </trkpt>
      <trkpt lat="23.04959275759756565093994140625" lon="113.30148772336542606353759765625">
        <ele>6.19999980926513671875</ele>
        <time>2026-08-24T23:23:31.000Z</time>
        <extensions>
          <ns3:TrackPointExtension>
            <ns3:hr>144</ns3:hr>
            <ns3:cad>81</ns3:cad>
          </ns3:TrackPointExtension>
        </extensions>
      </trkpt>
      <trkpt lat="23.0495814420282840728759765625" lon="113.301495015621185302734375">
        <ele>6.19999980926513671875</ele>
        <time>2026-08-24T23:23:32.000Z</time>
        <extensions>
          <ns3:TrackPointExtension>
            <ns3:hr>145</ns3:hr>
            <ns3:cad>81</ns3:cad>
          </ns3:TrackPointExtension>
        </extensions>
      </trkpt>
      <trkpt lat="23.04955872707068920135498046875" lon="113.3014948479831218719482421875">
        <ele>6.19999980926513671875</ele>
        <time>2026-08-24T23:23:33.000Z</time>
        <extensions>
          <ns3:TrackPointExtension>
            <ns3:hr>145</ns3:hr>
            <ns3:cad>81</ns3:cad>
          </ns3:TrackPointExtension>
        </extensions>
      </trkpt>
      <trkpt lat="23.049546740949153900146484375" lon="113.301497362554073333740234375">
        <ele>6.19999980926513671875</ele>
        <time>2026-08-24T23:23:34.000Z</time>
        <extensions>
          <ns3:TrackPointExtension>
            <ns3:hr>145</ns3:hr>
            <ns3:cad>81</ns3:cad>
          </ns3:TrackPointExtension>
        </extensions>
      </trkpt>
      <trkpt lat="23.04953257553279399871826171875" lon="113.3015039004385471343994140625">
        <ele>6.19999980926513671875</ele>
        <time>2026-08-24T23:23:35.000Z</time>
        <extensions>
          <ns3:TrackPointExtension>
            <ns3:hr>144</ns3:hr>
            <ns3:cad>81</ns3:cad>
          </ns3:TrackPointExtension>
        </extensions>
      </trkpt>
      <trkpt lat="23.04951447062194347381591796875" lon="113.3015065826475620269775390625">
        <ele>6</ele>
        <time>2026-08-24T23:23:36.000Z</time>
        <extensions>
          <ns3:TrackPointExtension>
            <ns3:hr>145</ns3:hr>
            <ns3:cad>81</ns3:cad>
          </ns3:TrackPointExtension>
        </extensions>
      </trkpt>
      <trkpt lat="23.0495100282132625579833984375" lon="113.30151085741817951202392578125">
        <ele>6.19999980926513671875</ele>
        <time>2026-08-24T23:23:37.000Z</time>
        <extensions>
          <ns3:TrackPointExtension>
            <ns3:hr>145</ns3:hr>
            <ns3:cad>81</ns3:cad>
          </ns3:TrackPointExtension>
        </extensions>
      </trkpt>
      <trkpt lat="23.04949955083429813385009765625" lon="113.30152074806392192840576171875">
        <ele>6.19999980926513671875</ele>
        <time>2026-08-24T23:23:38.000Z</time>
        <extensions>
          <ns3:TrackPointExtension>
            <ns3:hr>144</ns3:hr>
            <ns3:cad>81</ns3:cad>
          </ns3:TrackPointExtension>
        </extensions>
      </trkpt>
      <trkpt lat="23.04948094300925731658935546875" lon="113.30153382383286952972412109375">
        <ele>6.19999980926513671875</ele>
        <time>2026-08-24T23:23:39.000Z</time>
        <extensions>
          <ns3:TrackPointExtension>
            <ns3:hr>145</ns3:hr>
            <ns3:cad>81</ns3:cad>
          </ns3:TrackPointExtension>
        </extensions>
      </trkpt>
      <trkpt lat="23.049463592469692230224609375" lon="113.30154530704021453857421875">
        <ele>6.19999980926513671875</ele>
        <time>2026-08-24T23:23:40.000Z</time>
        <extensions>
          <ns3:TrackPointExtension>
            <ns3:hr>145</ns3:hr>
            <ns3:cad>81</ns3:cad>
          </ns3:TrackPointExtension>
        </extensions>
      </trkpt>
      <trkpt lat="23.04944523610174655914306640625" lon="113.3015605621039867401123046875">
        <ele>6.19999980926513671875</ele>
        <time>2026-08-24T23:23:41.000Z</time>
        <extensions>
          <ns3:TrackPointExtension>
            <ns3:hr>145</ns3:hr>
            <ns3:cad>80</ns3:cad>
          </ns3:TrackPointExtension>
        </extensions>
      </trkpt>
      <trkpt lat="23.0494252033531665802001953125" lon="113.30157606862485408782958984375">
        <ele>6.19999980926513671875</ele>
        <time>2026-08-24T23:23:42.000Z</time>
        <extensions>
          <ns3:TrackPointExtension>
            <ns3:hr>144</ns3:hr>
            <ns3:cad>80</ns3:cad>
          </ns3:TrackPointExtension>
        </extensions>
      </trkpt>
      <trkpt lat="23.04941472597420215606689453125" lon="113.30158947966992855072021484375">
        <ele>6.19999980926513671875</ele>
        <time>2026-08-24T23:23:43.000Z</time>
        <extensions>
          <ns3:TrackPointExtension>
            <ns3:hr>145</ns3:hr>
            <ns3:cad>80</ns3:cad>
          </ns3:TrackPointExtension>
        </extensions>
      </trkpt>
      <trkpt lat="23.04938740096986293792724609375" lon="113.3016038127243518829345703125">
        <ele>6.19999980926513671875</ele>
        <time>2026-08-24T23:23:44.000Z</time>
        <extensions>
          <ns3:TrackPointExtension>
            <ns3:hr>145</ns3:hr>
            <ns3:cad>80</ns3:cad>
          </ns3:TrackPointExtension>
        </extensions>
      </trkpt>
      <trkpt lat="23.049367703497409820556640625" lon="113.30161429010331630706787109375">
        <ele>6.19999980926513671875</ele>
        <time>2026-08-24T23:23:45.000Z</time>
        <extensions>
          <ns3:TrackPointExtension>
            <ns3:hr>145</ns3:hr>
            <ns3:cad>81</ns3:cad>
          </ns3:TrackPointExtension>
        </extensions>
      </trkpt>
      <trkpt lat="23.04935395717620849609375" lon="113.30162166617810726165771484375">
        <ele>6.19999980926513671875</ele>
        <time>2026-08-24T23:23:46.000Z</time>
        <extensions>
          <ns3:TrackPointExtension>
            <ns3:hr>146</ns3:hr>
            <ns3:cad>81</ns3:cad>
          </ns3:TrackPointExtension>
        </extensions>
      </trkpt>
      <trkpt lat="23.049328811466693878173828125" lon="113.30163742415606975555419921875">
        <ele>6.19999980926513671875</ele>
        <time>2026-08-24T23:23:47.000Z</time>
        <extensions>
          <ns3:TrackPointExtension>
            <ns3:hr>146</ns3:hr>
            <ns3:cad>80</ns3:cad>
          </ns3:TrackPointExtension>
        </extensions>
      </trkpt>
      <trkpt lat="23.04931598715484142303466796875" lon="113.30165100283920764923095703125">
        <ele>6</ele>
        <time>2026-08-24T23:23:48.000Z</time>
        <extensions>
          <ns3:TrackPointExtension>
            <ns3:hr>148</ns3:hr>
            <ns3:cad>80</ns3:cad>
          </ns3:TrackPointExtension>
        </extensions>
      </trkpt>
      <trkpt lat="23.04930291138589382171630859375" lon="113.30166223458945751190185546875">
        <ele>6</ele>
        <time>2026-08-24T23:23:49.000Z</time>
        <extensions>
          <ns3:TrackPointExtension>
            <ns3:hr>149</ns3:hr>
            <ns3:cad>80</ns3:cad>
          </ns3:TrackPointExtension>
        </extensions>
      </trkpt>
      <trkpt lat="23.04928111843764781951904296875" lon="113.301681764423847198486328125">
        <ele>6</ele>
        <time>2026-08-24T23:23:50.000Z</time>
        <extensions>
          <ns3:TrackPointExtension>
            <ns3:hr>150</ns3:hr>
            <ns3:cad>80</ns3:cad>
          </ns3:TrackPointExtension>
        </extensions>
      </trkpt>
      <trkpt lat="23.04926888085901737213134765625" lon="113.30169039778411388397216796875">
        <ele>6</ele>
        <time>2026-08-24T23:23:51.000Z</time>
        <extensions>
          <ns3:TrackPointExtension>
            <ns3:hr>150</ns3:hr>
            <ns3:cad>81</ns3:cad>
          </ns3:TrackPointExtension>
        </extensions>
      </trkpt>
      <trkpt lat="23.04925111122429370880126953125" lon="113.30169953405857086181640625">
        <ele>6.19999980926513671875</ele>
        <time>2026-08-24T23:23:52.000Z</time>
        <extensions>
          <ns3:TrackPointExtension>
            <ns3:hr>150</ns3:hr>
            <ns3:cad>81</ns3:cad>
          </ns3:TrackPointExtension>
        </extensions>
      </trkpt>
      <trkpt lat="23.049230910837650299072265625" lon="113.3017082512378692626953125">
        <ele>6.19999980926513671875</ele>
        <time>2026-08-24T23:23:53.000Z</time>
        <extensions>
          <ns3:TrackPointExtension>
            <ns3:hr>150</ns3:hr>
            <ns3:cad>80</ns3:cad>
          </ns3:TrackPointExtension>
        </extensions>
      </trkpt>
      <trkpt lat="23.0492206849157810211181640625" lon="113.3017171360552310943603515625">
        <ele>6.19999980926513671875</ele>
        <time>2026-08-24T23:23:54.000Z</time>
        <extensions>
          <ns3:TrackPointExtension>
            <ns3:hr>150</ns3:hr>
            <ns3:cad>80</ns3:cad>
          </ns3:TrackPointExtension>
        </extensions>
      </trkpt>
      <trkpt lat="23.0492019094526767730712890625" lon="113.3017216622829437255859375">
        <ele>6.19999980926513671875</ele>
        <time>2026-08-24T23:23:55.000Z</time>
        <extensions>
          <ns3:TrackPointExtension>
            <ns3:hr>150</ns3:hr>
            <ns3:cad>81</ns3:cad>
          </ns3:TrackPointExtension>
        </extensions>
      </trkpt>
      <trkpt lat="23.04918162524700164794921875" lon="113.30172074027359485626220703125">
        <ele>6.19999980926513671875</ele>
        <time>2026-08-24T23:23:56.000Z</time>
        <extensions>
          <ns3:TrackPointExtension>
            <ns3:hr>149</ns3:hr>
            <ns3:cad>81</ns3:cad>
          </ns3:TrackPointExtension>
        </extensions>
      </trkpt>
      <trkpt lat="23.0491697229444980621337890625" lon="113.301717974245548248291015625">
        <ele>6.19999980926513671875</ele>
        <time>2026-08-24T23:23:57.000Z</time>
        <extensions>
          <ns3:TrackPointExtension>
            <ns3:hr>150</ns3:hr>
            <ns3:cad>81</ns3:cad>
          </ns3:TrackPointExtension>
        </extensions>
      </trkpt>
      <trkpt lat="23.0491556413471698760986328125" lon="113.301726020872592926025390625">
        <ele>6.19999980926513671875</ele>
        <time>2026-08-24T23:23:58.000Z</time>
        <extensions>
          <ns3:TrackPointExtension>
            <ns3:hr>149</ns3:hr>
            <ns3:cad>81</ns3:cad>
          </ns3:TrackPointExtension>
        </extensions>
      </trkpt>
      <trkpt lat="23.0491368658840656280517578125" lon="113.301734738051891326904296875">
        <ele>6.19999980926513671875</ele>
        <time>2026-08-24T23:23:59.000Z</time>
        <extensions>
          <ns3:TrackPointExtension>
            <ns3:hr>149</ns3:hr>
            <ns3:cad>80</ns3:cad>
          </ns3:TrackPointExtension>
        </extensions>
      </trkpt>
      <trkpt lat="23.0491271428763866424560546875" lon="113.3017362467944622039794921875">
        <ele>6.19999980926513671875</ele>
        <time>2026-08-24T23:24:00.000Z</time>
        <extensions>
          <ns3:TrackPointExtension>
            <ns3:hr>149</ns3:hr>
            <ns3:cad>80</ns3:cad>
          </ns3:TrackPointExtension>
        </extensions>
      </trkpt>
      <trkpt lat="23.0490999855101108551025390625" lon="113.30173951573669910430908203125">
        <ele>6.19999980926513671875</ele>
        <time>2026-08-24T23:24:01.000Z</time>
        <extensions>
          <ns3:TrackPointExtension>
            <ns3:hr>150</ns3:hr>
            <ns3:cad>81</ns3:cad>
          </ns3:TrackPointExtension>
        </extensions>
      </trkpt>
      <trkpt lat="23.0490765161812305450439453125" lon="113.30173783935606479644775390625">
        <ele>6.19999980926513671875</ele>
        <time>2026-08-24T23:24:02.000Z</time>
        <extensions>
          <ns3:TrackPointExtension>
            <ns3:hr>150</ns3:hr>
            <ns3:cad>81</ns3:cad>
          </ns3:TrackPointExtension>
        </extensions>
      </trkpt>
      <trkpt lat="23.0490617640316486358642578125" lon="113.30174102447926998138427734375">
        <ele>6.19999980926513671875</ele>
        <time>2026-08-24T23:24:03.000Z</time>
        <extensions>
          <ns3:TrackPointExtension>
            <ns3:hr>149</ns3:hr>
            <ns3:cad>81</ns3:cad>
          </ns3:TrackPointExtension>
        </extensions>
      </trkpt>
      <trkpt lat="23.04903267882764339447021484375" lon="113.30174018628895282745361328125">
        <ele>6.19999980926513671875</ele>
        <time>2026-08-24T23:24:04.000Z</time>
        <extensions>
          <ns3:TrackPointExtension>
            <ns3:hr>149</ns3:hr>
            <ns3:cad>81</ns3:cad>
          </ns3:TrackPointExtension>
        </extensions>
      </trkpt>
      <trkpt lat="23.04901289753615856170654296875" lon="113.30173163674771785736083984375">
        <ele>6.19999980926513671875</ele>
        <time>2026-08-24T23:24:05.000Z</time>
        <extensions>
          <ns3:TrackPointExtension>
            <ns3:hr>149</ns3:hr>
            <ns3:cad>82</ns3:cad>
          </ns3:TrackPointExtension>
        </extensions>
      </trkpt>
      <trkpt lat="23.04899613372981548309326171875" lon="113.30173130147159099578857421875">
        <ele>6.19999980926513671875</ele>
        <time>2026-08-24T23:24:06.000Z</time>
        <extensions>
          <ns3:TrackPointExtension>
            <ns3:hr>149</ns3:hr>
            <ns3:cad>82</ns3:cad>
          </ns3:TrackPointExtension>
        </extensions>
      </trkpt>
      <trkpt lat="23.04897031746804714202880859375" lon="113.30172635614871978759765625">
        <ele>6</ele>
        <time>2026-08-24T23:24:07.000Z</time>
        <extensions>
          <ns3:TrackPointExtension>
            <ns3:hr>148</ns3:hr>
            <ns3:cad>82</ns3:cad>
          </ns3:TrackPointExtension>
        </extensions>
      </trkpt>
      <trkpt lat="23.04895539768040180206298828125" lon="113.3017201535403728485107421875">
        <ele>6</ele>
        <time>2026-08-24T23:24:08.000Z</time>
        <extensions>
          <ns3:TrackPointExtension>
            <ns3:hr>148</ns3:hr>
            <ns3:cad>82</ns3:cad>
          </ns3:TrackPointExtension>
        </extensions>
      </trkpt>
      <trkpt lat="23.048932850360870361328125" lon="113.30171017907559871673583984375">
        <ele>6</ele>
        <time>2026-08-24T23:24:09.000Z</time>
        <extensions>
          <ns3:TrackPointExtension>
            <ns3:hr>148</ns3:hr>
            <ns3:cad>81</ns3:cad>
          </ns3:TrackPointExtension>
        </extensions>
      </trkpt>
      <trkpt lat="23.04891415871679782867431640625" lon="113.3016936667263507843017578125">
        <ele>6</ele>
        <time>2026-08-24T23:24:10.000Z</time>
        <extensions>
          <ns3:TrackPointExtension>
            <ns3:hr>148</ns3:hr>
            <ns3:cad>81</ns3:cad>
          </ns3:TrackPointExtension>
        </extensions>
      </trkpt>
    </trkseg>
  </trk>
</gpx>
