<gpx xmlns:ns3="http://www.garmin.com/xmlschemas/TrackPointExtension/v1" xmlns="http://www.topografix.com/GPX/1/1" xmlns:xsi="http://www.w3.org/2001/XMLSchema-instance" xmlns:ns2="http://www.garmin.com/xmlschemas/GpxExtensions/v3" creator="Garmin Connect" version="1.1" xsi:schemaLocation="http://www.topografix.com/GPX/1/1 http://www.topografix.com/GPX/11.xsd">
  <extensions>
<distance>5714.21</distance>
<average_hr>144.0</average_hr>
<average_speed>2.4760000705718994</average_speed>
<start_time>2026-09-09T23:02:56+00:00</start_time>
<end_time>2026-09-09T23:41:23.866000+00:00</end_time>
<moving_time>2305.96</moving_time>
<elapsed_time>2307.866</elapsed_time>
</extensions>
<metadata>
    <link href="connect.garmin.com">
      <text>Garmin Connect</text>
    </link>
    <time>2026-09-09T23:02:56.000Z</time>
  </metadata>
  <trk>
    <name>Guangzhou Running</name>
    <type>running</type>
    <trkseg>
      <trkpt lat="23.04551496170461177825927734375" lon="113.30238726921379566192626953125">
        <ele>7.19999980926513671875</ele>
        <time>2026-09-09T23:03:22.000Z</time>
        <extensions>
          <ns3:TrackPointExtension>
            <ns3:hr>111</ns3:hr>
            <ns3:cad>79</ns3:cad>
          </ns3:TrackPointExtension>
        </extensions>
      </trkpt>
      <trkpt lat="23.04543969221413135528564453125" lon="113.30237402580678462982177734375">
        <ele>7.19999980926513671875</ele>
        <time>2026-09-09T23:03:23.000Z</time>
        <extensions>
          <ns3:TrackPointExtension>
            <ns3:hr>112</ns3:hr>
            <ns3:cad>79</ns3:cad>
          </ns3:TrackPointExtension>
        </extensions>
      </trkpt>
      <trkpt lat="23.045462407171726226806640625" lon="113.30242096446454524993896484375">
        <ele>7.19999980926513671875</ele>
        <time>2026-09-09T23:03:24.000Z</time>
        <extensions>
          <ns3:TrackPointExtension>
            <ns3:hr>112</ns3:hr>
            <ns3:cad>79</ns3:cad>
          </ns3:TrackPointExtension>
        </extensions>
      </trkpt>
      <trkpt lat="23.04546274244785308837890625" lon="113.3023850060999393463134765625">
        <ele>7.19999980926513671875</ele>
        <time>2026-09-09T23:03:25.000Z</time>
        <extensions>
          <ns3:TrackPointExtension>
            <ns3:hr>113</ns3:hr>
            <ns3:cad>78</ns3:cad>
          </ns3:TrackPointExtension>
        </extensions>
      </trkpt>
      <trkpt lat="23.04548512212932109832763671875" lon="113.302397243678569793701171875">
        <ele>7.19999980926513671875</ele>
        <time>2026-09-09T23:03:26.000Z</time>
        <extensions>
          <ns3:TrackPointExtension>
            <ns3:hr>113</ns3:hr>
            <ns3:cad>78</ns3:cad>
          </ns3:TrackPointExtension>
        </extensions>
      </trkpt>
      <trkpt lat="23.04550406523048877716064453125" lon="113.3024071343243122100830078125">
        <ele>7.400000095367431640625</ele>
        <time>2026-09-09T23:03:27.000Z</time>
        <extensions>
          <ns3:TrackPointExtension>
            <ns3:hr>114</ns3:hr>
            <ns3:cad>78</ns3:cad>
          </ns3:TrackPointExtension>
        </extensions>
      </trkpt>
      <trkpt lat="23.0455235950648784637451171875" lon="113.30243973992764949798583984375">
        <ele>7.400000095367431640625</ele>
        <time>2026-09-09T23:03:28.000Z</time>
        <extensions>
          <ns3:TrackPointExtension>
            <ns3:hr>114</ns3:hr>
            <ns3:cad>78</ns3:cad>
          </ns3:TrackPointExtension>
        </extensions>
      </trkpt>
      <trkpt lat="23.04554899223148822784423828125" lon="113.3024560846388339996337890625">
        <ele>7.19999980926513671875</ele>
        <time>2026-09-09T23:03:29.000Z</time>
        <extensions>
          <ns3:TrackPointExtension>
            <ns3:hr>115</ns3:hr>
            <ns3:cad>78</ns3:cad>
          </ns3:TrackPointExtension>
        </extensions>
      </trkpt>
      <trkpt lat="23.04557807743549346923828125" lon="113.302473686635494232177734375">
        <ele>7.19999980926513671875</ele>
        <time>2026-09-09T23:03:30.000Z</time>
        <extensions>
          <ns3:TrackPointExtension>
            <ns3:hr>116</ns3:hr>
            <ns3:cad>78</ns3:cad>
          </ns3:TrackPointExtension>
        </extensions>
      </trkpt>
      <trkpt lat="23.04560028947889804840087890625" lon="113.3024896122515201568603515625">
        <ele>7.19999980926513671875</ele>
        <time>2026-09-09T23:03:31.000Z</time>
        <extensions>
          <ns3:TrackPointExtension>
            <ns3:hr>117</ns3:hr>
            <ns3:cad>79</ns3:cad>
          </ns3:TrackPointExtension>
        </extensions>
      </trkpt>
      <trkpt lat="23.045626021921634674072265625" lon="113.30250822007656097412109375">
        <ele>7.19999980926513671875</ele>
        <time>2026-09-09T23:03:32.000Z</time>
        <extensions>
          <ns3:TrackPointExtension>
            <ns3:hr>118</ns3:hr>
            <ns3:cad>79</ns3:cad>
          </ns3:TrackPointExtension>
        </extensions>
      </trkpt>
      <trkpt lat="23.045663572847843170166015625" lon="113.30252540297806262969970703125">
        <ele>7.19999980926513671875</ele>
        <time>2026-09-09T23:03:33.000Z</time>
        <extensions>
          <ns3:TrackPointExtension>
            <ns3:hr>118</ns3:hr>
            <ns3:cad>78</ns3:cad>
          </ns3:TrackPointExtension>
        </extensions>
      </trkpt>
      <trkpt lat="23.04569349624216556549072265625" lon="113.30253948457539081573486328125">
        <ele>7.19999980926513671875</ele>
        <time>2026-09-09T23:03:34.000Z</time>
        <extensions>
          <ns3:TrackPointExtension>
            <ns3:hr>118</ns3:hr>
            <ns3:cad>78</ns3:cad>
          </ns3:TrackPointExtension>
        </extensions>
      </trkpt>
      <trkpt lat="23.04572149179875850677490234375" lon="113.3025570027530193328857421875">
        <ele>7.19999980926513671875</ele>
        <time>2026-09-09T23:03:35.000Z</time>
        <extensions>
          <ns3:TrackPointExtension>
            <ns3:hr>118</ns3:hr>
            <ns3:cad>78</ns3:cad>
          </ns3:TrackPointExtension>
        </extensions>
      </trkpt>
      <trkpt lat="23.04575652815401554107666015625" lon="113.30256110988557338714599609375">
        <ele>7.19999980926513671875</ele>
        <time>2026-09-09T23:03:36.000Z</time>
        <extensions>
          <ns3:TrackPointExtension>
            <ns3:hr>118</ns3:hr>
            <ns3:cad>78</ns3:cad>
          </ns3:TrackPointExtension>
        </extensions>
      </trkpt>
      <trkpt lat="23.04580296389758586883544921875" lon="113.30256856977939605712890625">
        <ele>7.19999980926513671875</ele>
        <time>2026-09-09T23:03:37.000Z</time>
        <extensions>
          <ns3:TrackPointExtension>
            <ns3:hr>118</ns3:hr>
            <ns3:cad>79</ns3:cad>
          </ns3:TrackPointExtension>
        </extensions>
      </trkpt>
      <trkpt lat="23.04583934135735034942626953125" lon="113.3025787957012653350830078125">
        <ele>7.19999980926513671875</ele>
        <time>2026-09-09T23:03:38.000Z</time>
        <extensions>
          <ns3:TrackPointExtension>
            <ns3:hr>119</ns3:hr>
            <ns3:cad>79</ns3:cad>
          </ns3:TrackPointExtension>
        </extensions>
      </trkpt>
      <trkpt lat="23.04587672464549541473388671875" lon="113.30258809961378574371337890625">
        <ele>7.19999980926513671875</ele>
        <time>2026-09-09T23:03:39.000Z</time>
        <extensions>
          <ns3:TrackPointExtension>
            <ns3:hr>120</ns3:hr>
            <ns3:cad>79</ns3:cad>
          </ns3:TrackPointExtension>
        </extensions>
      </trkpt>
      <trkpt lat="23.0459153652191162109375" lon="113.30259136855602264404296875">
        <ele>7</ele>
        <time>2026-09-09T23:03:40.000Z</time>
        <extensions>
          <ns3:TrackPointExtension>
            <ns3:hr>121</ns3:hr>
            <ns3:cad>79</ns3:cad>
          </ns3:TrackPointExtension>
        </extensions>
      </trkpt>
      <trkpt lat="23.045955598354339599609375" lon="113.3026032708585262298583984375">
        <ele>7</ele>
        <time>2026-09-09T23:03:41.000Z</time>
        <extensions>
          <ns3:TrackPointExtension>
            <ns3:hr>122</ns3:hr>
            <ns3:cad>79</ns3:cad>
          </ns3:TrackPointExtension>
        </extensions>
      </trkpt>
      <trkpt lat="23.04598845541477203369140625" lon="113.30261056311428546905517578125">
        <ele>7</ele>
        <time>2026-09-09T23:03:42.000Z</time>
        <extensions>
          <ns3:TrackPointExtension>
            <ns3:hr>123</ns3:hr>
            <ns3:cad>79</ns3:cad>
          </ns3:TrackPointExtension>
        </extensions>
      </trkpt>
      <trkpt lat="23.04602391086518764495849609375" lon="113.3026270754635334014892578125">
        <ele>7</ele>
        <time>2026-09-09T23:03:43.000Z</time>
        <extensions>
          <ns3:TrackPointExtension>
            <ns3:hr>123</ns3:hr>
            <ns3:cad>79</ns3:cad>
          </ns3:TrackPointExtension>
        </extensions>
      </trkpt>
      <trkpt lat="23.04605525918304920196533203125" lon="113.3026408217847347259521484375">
        <ele>7</ele>
        <time>2026-09-09T23:03:44.000Z</time>
        <extensions>
          <ns3:TrackPointExtension>
            <ns3:hr>124</ns3:hr>
            <ns3:cad>78</ns3:cad>
          </ns3:TrackPointExtension>
        </extensions>
      </trkpt>
      <trkpt lat="23.0460830032825469970703125" lon="113.302652724087238311767578125">
        <ele>7</ele>
        <time>2026-09-09T23:03:45.000Z</time>
        <extensions>
          <ns3:TrackPointExtension>
            <ns3:hr>125</ns3:hr>
            <ns3:cad>78</ns3:cad>
          </ns3:TrackPointExtension>
        </extensions>
      </trkpt>
      <trkpt lat="23.04611024446785449981689453125" lon="113.302671499550342559814453125">
        <ele>7</ele>
        <time>2026-09-09T23:03:46.000Z</time>
        <extensions>
          <ns3:TrackPointExtension>
            <ns3:hr>127</ns3:hr>
            <ns3:cad>78</ns3:cad>
          </ns3:TrackPointExtension>
        </extensions>
      </trkpt>
      <trkpt lat="23.04614192806184291839599609375" lon="113.30268013291060924530029296875">
        <ele>7</ele>
        <time>2026-09-09T23:03:47.000Z</time>
        <extensions>
          <ns3:TrackPointExtension>
            <ns3:hr>128</ns3:hr>
            <ns3:cad>78</ns3:cad>
          </ns3:TrackPointExtension>
        </extensions>
      </trkpt>
      <trkpt lat="23.04615852423012256622314453125" lon="113.30268784426152706146240234375">
        <ele>7</ele>
        <time>2026-09-09T23:03:48.000Z</time>
        <extensions>
          <ns3:TrackPointExtension>
            <ns3:hr>128</ns3:hr>
            <ns3:cad>78</ns3:cad>
          </ns3:TrackPointExtension>
        </extensions>
      </trkpt>
      <trkpt lat="23.04618316702544689178466796875" lon="113.302696645259857177734375">
        <ele>7.19999980926513671875</ele>
        <time>2026-09-09T23:03:49.000Z</time>
        <extensions>
          <ns3:TrackPointExtension>
            <ns3:hr>129</ns3:hr>
            <ns3:cad>79</ns3:cad>
          </ns3:TrackPointExtension>
        </extensions>
      </trkpt>
      <trkpt lat="23.046205379068851470947265625" lon="113.30271097831428050994873046875">
        <ele>7.19999980926513671875</ele>
        <time>2026-09-09T23:03:50.000Z</time>
        <extensions>
          <ns3:TrackPointExtension>
            <ns3:hr>130</ns3:hr>
            <ns3:cad>79</ns3:cad>
          </ns3:TrackPointExtension>
        </extensions>
      </trkpt>
      <trkpt lat="23.0462259985506534576416015625" lon="113.30272120423614978790283203125">
        <ele>7.19999980926513671875</ele>
        <time>2026-09-09T23:03:51.000Z</time>
        <extensions>
          <ns3:TrackPointExtension>
            <ns3:hr>131</ns3:hr>
            <ns3:cad>78</ns3:cad>
          </ns3:TrackPointExtension>
        </extensions>
      </trkpt>
      <trkpt lat="23.046248294413089752197265625" lon="113.30273092724382877349853515625">
        <ele>7.19999980926513671875</ele>
        <time>2026-09-09T23:03:52.000Z</time>
        <extensions>
          <ns3:TrackPointExtension>
            <ns3:hr>132</ns3:hr>
            <ns3:cad>78</ns3:cad>
          </ns3:TrackPointExtension>
        </extensions>
      </trkpt>
      <trkpt lat="23.04627000354230403900146484375" lon="113.302744925022125244140625">
        <ele>7.19999980926513671875</ele>
        <time>2026-09-09T23:03:53.000Z</time>
        <extensions>
          <ns3:TrackPointExtension>
            <ns3:hr>133</ns3:hr>
            <ns3:cad>78</ns3:cad>
          </ns3:TrackPointExtension>
        </extensions>
      </trkpt>
      <trkpt lat="23.046291209757328033447265625" lon="113.30276034772396087646484375">
        <ele>7.19999980926513671875</ele>
        <time>2026-09-09T23:03:54.000Z</time>
        <extensions>
          <ns3:TrackPointExtension>
            <ns3:hr>133</ns3:hr>
            <ns3:cad>78</ns3:cad>
          </ns3:TrackPointExtension>
        </extensions>
      </trkpt>
      <trkpt lat="23.0463136732578277587890625" lon="113.30277585424482822418212890625">
        <ele>7</ele>
        <time>2026-09-09T23:03:55.000Z</time>
        <extensions>
          <ns3:TrackPointExtension>
            <ns3:hr>134</ns3:hr>
            <ns3:cad>77</ns3:cad>
          </ns3:TrackPointExtension>
        </extensions>
      </trkpt>
      <trkpt lat="23.046334125101566314697265625" lon="113.30279052257537841796875">
        <ele>7</ele>
        <time>2026-09-09T23:03:56.000Z</time>
        <extensions>
          <ns3:TrackPointExtension>
            <ns3:hr>134</ns3:hr>
            <ns3:cad>77</ns3:cad>
          </ns3:TrackPointExtension>
        </extensions>
      </trkpt>
      <trkpt lat="23.0463539063930511474609375" lon="113.3028004132211208343505859375">
        <ele>7</ele>
        <time>2026-09-09T23:03:57.000Z</time>
        <extensions>
          <ns3:TrackPointExtension>
            <ns3:hr>135</ns3:hr>
            <ns3:cad>77</ns3:cad>
          </ns3:TrackPointExtension>
        </extensions>
      </trkpt>
      <trkpt lat="23.04637444205582141876220703125" lon="113.30281105823814868927001953125">
        <ele>7</ele>
        <time>2026-09-09T23:03:58.000Z</time>
        <extensions>
          <ns3:TrackPointExtension>
            <ns3:hr>135</ns3:hr>
            <ns3:cad>79</ns3:cad>
          </ns3:TrackPointExtension>
        </extensions>
      </trkpt>
      <trkpt lat="23.0463953129947185516357421875" lon="113.30281860195100307464599609375">
        <ele>7.19999980926513671875</ele>
        <time>2026-09-09T23:03:59.000Z</time>
        <extensions>
          <ns3:TrackPointExtension>
            <ns3:hr>136</ns3:hr>
            <ns3:cad>79</ns3:cad>
          </ns3:TrackPointExtension>
        </extensions>
      </trkpt>
      <trkpt lat="23.04642473347485065460205078125" lon="113.302821032702922821044921875">
        <ele>7.19999980926513671875</ele>
        <time>2026-09-09T23:04:00.000Z</time>
        <extensions>
          <ns3:TrackPointExtension>
            <ns3:hr>136</ns3:hr>
            <ns3:cad>79</ns3:cad>
          </ns3:TrackPointExtension>
        </extensions>
      </trkpt>
      <trkpt lat="23.0464452691376209259033203125" lon="113.30282228998839855194091796875">
        <ele>7.19999980926513671875</ele>
        <time>2026-09-09T23:04:01.000Z</time>
        <extensions>
          <ns3:TrackPointExtension>
            <ns3:hr>137</ns3:hr>
            <ns3:cad>79</ns3:cad>
          </ns3:TrackPointExtension>
        </extensions>
      </trkpt>
      <trkpt lat="23.04646429605782032012939453125" lon="113.30282480455935001373291015625">
        <ele>7.19999980926513671875</ele>
        <time>2026-09-09T23:04:02.000Z</time>
        <extensions>
          <ns3:TrackPointExtension>
            <ns3:hr>137</ns3:hr>
            <ns3:cad>78</ns3:cad>
          </ns3:TrackPointExtension>
        </extensions>
      </trkpt>
      <trkpt lat="23.0464838258922100067138671875" lon="113.302806951105594635009765625">
        <ele>7.19999980926513671875</ele>
        <time>2026-09-09T23:04:03.000Z</time>
        <extensions>
          <ns3:TrackPointExtension>
            <ns3:hr>137</ns3:hr>
            <ns3:cad>78</ns3:cad>
          </ns3:TrackPointExtension>
        </extensions>
      </trkpt>
      <trkpt lat="23.04649882949888706207275390625" lon="113.3027999103069305419921875">
        <ele>7.19999980926513671875</ele>
        <time>2026-09-09T23:04:04.000Z</time>
        <extensions>
          <ns3:TrackPointExtension>
            <ns3:hr>138</ns3:hr>
            <ns3:cad>77</ns3:cad>
          </ns3:TrackPointExtension>
        </extensions>
      </trkpt>
      <trkpt lat="23.04652296938002109527587890625" lon="113.302788846194744110107421875">
        <ele>7.19999980926513671875</ele>
        <time>2026-09-09T23:04:05.000Z</time>
        <extensions>
          <ns3:TrackPointExtension>
            <ns3:hr>138</ns3:hr>
            <ns3:cad>78</ns3:cad>
          </ns3:TrackPointExtension>
        </extensions>
      </trkpt>
      <trkpt lat="23.04654241539537906646728515625" lon="113.3027816377580165863037109375">
        <ele>7.19999980926513671875</ele>
        <time>2026-09-09T23:04:06.000Z</time>
        <extensions>
          <ns3:TrackPointExtension>
            <ns3:hr>138</ns3:hr>
            <ns3:cad>78</ns3:cad>
          </ns3:TrackPointExtension>
        </extensions>
      </trkpt>
      <trkpt lat="23.04656605236232280731201171875" lon="113.3027705736458301544189453125">
        <ele>7.19999980926513671875</ele>
        <time>2026-09-09T23:04:07.000Z</time>
        <extensions>
          <ns3:TrackPointExtension>
            <ns3:hr>139</ns3:hr>
            <ns3:cad>78</ns3:cad>
          </ns3:TrackPointExtension>
        </extensions>
      </trkpt>
      <trkpt lat="23.0465870909392833709716796875" lon="113.30275489948689937591552734375">
        <ele>7.19999980926513671875</ele>
        <time>2026-09-09T23:04:08.000Z</time>
        <extensions>
          <ns3:TrackPointExtension>
            <ns3:hr>139</ns3:hr>
            <ns3:cad>78</ns3:cad>
          </ns3:TrackPointExtension>
        </extensions>
      </trkpt>
      <trkpt lat="23.046612404286861419677734375" lon="113.3027474395930767059326171875">
        <ele>7.19999980926513671875</ele>
        <time>2026-09-09T23:04:09.000Z</time>
        <extensions>
          <ns3:TrackPointExtension>
            <ns3:hr>139</ns3:hr>
            <ns3:cad>78</ns3:cad>
          </ns3:TrackPointExtension>
        </extensions>
      </trkpt>
      <trkpt lat="23.04663394577801227569580078125" lon="113.3027400635182857513427734375">
        <ele>7.19999980926513671875</ele>
        <time>2026-09-09T23:04:10.000Z</time>
        <extensions>
          <ns3:TrackPointExtension>
            <ns3:hr>140</ns3:hr>
            <ns3:cad>78</ns3:cad>
          </ns3:TrackPointExtension>
        </extensions>
      </trkpt>
      <trkpt lat="23.04665154777467250823974609375" lon="113.30272950232028961181640625">
        <ele>7.19999980926513671875</ele>
        <time>2026-09-09T23:04:11.000Z</time>
        <extensions>
          <ns3:TrackPointExtension>
            <ns3:hr>140</ns3:hr>
            <ns3:cad>78</ns3:cad>
          </ns3:TrackPointExtension>
        </extensions>
      </trkpt>
      <trkpt lat="23.04667401127517223358154296875" lon="113.3027221262454986572265625">
        <ele>7.19999980926513671875</ele>
        <time>2026-09-09T23:04:12.000Z</time>
        <extensions>
          <ns3:TrackPointExtension>
            <ns3:hr>140</ns3:hr>
            <ns3:cad>77</ns3:cad>
          </ns3:TrackPointExtension>
        </extensions>
      </trkpt>
      <trkpt lat="23.0466883443295955657958984375" lon="113.30271634273231029510498046875">
        <ele>7.19999980926513671875</ele>
        <time>2026-09-09T23:04:13.000Z</time>
        <extensions>
          <ns3:TrackPointExtension>
            <ns3:hr>141</ns3:hr>
            <ns3:cad>77</ns3:cad>
          </ns3:TrackPointExtension>
        </extensions>
      </trkpt>
      <trkpt lat="23.04670804180204868316650390625" lon="113.30270142294466495513916015625">
        <ele>7.400000095367431640625</ele>
        <time>2026-09-09T23:04:14.000Z</time>
        <extensions>
          <ns3:TrackPointExtension>
            <ns3:hr>141</ns3:hr>
            <ns3:cad>78</ns3:cad>
          </ns3:TrackPointExtension>
        </extensions>
      </trkpt>
      <trkpt lat="23.04673687554895877838134765625" lon="113.30269538797438144683837890625">
        <ele>7.400000095367431640625</ele>
        <time>2026-09-09T23:04:15.000Z</time>
        <extensions>
          <ns3:TrackPointExtension>
            <ns3:hr>141</ns3:hr>
            <ns3:cad>78</ns3:cad>
          </ns3:TrackPointExtension>
        </extensions>
      </trkpt>
      <trkpt lat="23.0467607639729976654052734375" lon="113.30268390476703643798828125">
        <ele>7.400000095367431640625</ele>
        <time>2026-09-09T23:04:16.000Z</time>
        <extensions>
          <ns3:TrackPointExtension>
            <ns3:hr>142</ns3:hr>
            <ns3:cad>78</ns3:cad>
          </ns3:TrackPointExtension>
        </extensions>
      </trkpt>
      <trkpt lat="23.04677995853126049041748046875" lon="113.30268180929124355316162109375">
        <ele>7.400000095367431640625</ele>
        <time>2026-09-09T23:04:17.000Z</time>
        <extensions>
          <ns3:TrackPointExtension>
            <ns3:hr>142</ns3:hr>
            <ns3:cad>78</ns3:cad>
          </ns3:TrackPointExtension>
        </extensions>
      </trkpt>
      <trkpt lat="23.04680393077433109283447265625" lon="113.3026743493974208831787109375">
        <ele>7.19999980926513671875</ele>
        <time>2026-09-09T23:04:18.000Z</time>
        <extensions>
          <ns3:TrackPointExtension>
            <ns3:hr>142</ns3:hr>
            <ns3:cad>78</ns3:cad>
          </ns3:TrackPointExtension>
        </extensions>
      </trkpt>
      <trkpt lat="23.0468273162841796875" lon="113.30266906879842281341552734375">
        <ele>7.19999980926513671875</ele>
        <time>2026-09-09T23:04:19.000Z</time>
        <extensions>
          <ns3:TrackPointExtension>
            <ns3:hr>142</ns3:hr>
            <ns3:cad>78</ns3:cad>
          </ns3:TrackPointExtension>
        </extensions>
      </trkpt>
      <trkpt lat="23.04684164933860301971435546875" lon="113.30265867523849010467529296875">
        <ele>7.19999980926513671875</ele>
        <time>2026-09-09T23:04:20.000Z</time>
        <extensions>
          <ns3:TrackPointExtension>
            <ns3:hr>143</ns3:hr>
            <ns3:cad>78</ns3:cad>
          </ns3:TrackPointExtension>
        </extensions>
      </trkpt>
      <trkpt lat="23.046857826411724090576171875" lon="113.302644006907939910888671875">
        <ele>7.19999980926513671875</ele>
        <time>2026-09-09T23:04:21.000Z</time>
        <extensions>
          <ns3:TrackPointExtension>
            <ns3:hr>143</ns3:hr>
            <ns3:cad>77</ns3:cad>
          </ns3:TrackPointExtension>
        </extensions>
      </trkpt>
      <trkpt lat="23.04687886498868465423583984375" lon="113.30263135023415088653564453125">
        <ele>7.19999980926513671875</ele>
        <time>2026-09-09T23:04:22.000Z</time>
        <extensions>
          <ns3:TrackPointExtension>
            <ns3:hr>143</ns3:hr>
            <ns3:cad>77</ns3:cad>
          </ns3:TrackPointExtension>
        </extensions>
      </trkpt>
      <trkpt lat="23.04689764045178890228271484375" lon="113.30261928029358386993408203125">
        <ele>7.19999980926513671875</ele>
        <time>2026-09-09T23:04:23.000Z</time>
        <extensions>
          <ns3:TrackPointExtension>
            <ns3:hr>143</ns3:hr>
            <ns3:cad>77</ns3:cad>
          </ns3:TrackPointExtension>
        </extensions>
      </trkpt>
      <trkpt lat="23.0469163320958614349365234375" lon="113.30260821618139743804931640625">
        <ele>7.400000095367431640625</ele>
        <time>2026-09-09T23:04:24.000Z</time>
        <extensions>
          <ns3:TrackPointExtension>
            <ns3:hr>142</ns3:hr>
            <ns3:cad>77</ns3:cad>
          </ns3:TrackPointExtension>
        </extensions>
      </trkpt>
      <trkpt lat="23.04694038815796375274658203125" lon="113.3026039414107799530029296875">
        <ele>7.400000095367431640625</ele>
        <time>2026-09-09T23:04:25.000Z</time>
        <extensions>
          <ns3:TrackPointExtension>
            <ns3:hr>143</ns3:hr>
            <ns3:cad>78</ns3:cad>
          </ns3:TrackPointExtension>
        </extensions>
      </trkpt>
      <trkpt lat="23.0469629354774951934814453125" lon="113.30258877016603946685791015625">
        <ele>7.19999980926513671875</ele>
        <time>2026-09-09T23:04:26.000Z</time>
        <extensions>
          <ns3:TrackPointExtension>
            <ns3:hr>143</ns3:hr>
            <ns3:cad>78</ns3:cad>
          </ns3:TrackPointExtension>
        </extensions>
      </trkpt>
      <trkpt lat="23.04697282612323760986328125" lon="113.30257200635969638824462890625">
        <ele>7.19999980926513671875</ele>
        <time>2026-09-09T23:04:27.000Z</time>
        <extensions>
          <ns3:TrackPointExtension>
            <ns3:hr>143</ns3:hr>
            <ns3:cad>78</ns3:cad>
          </ns3:TrackPointExtension>
        </extensions>
      </trkpt>
      <trkpt lat="23.0469964630901813507080078125" lon="113.30255918204784393310546875">
        <ele>7.19999980926513671875</ele>
        <time>2026-09-09T23:04:28.000Z</time>
        <extensions>
          <ns3:TrackPointExtension>
            <ns3:hr>143</ns3:hr>
            <ns3:cad>78</ns3:cad>
          </ns3:TrackPointExtension>
        </extensions>
      </trkpt>
      <trkpt lat="23.04702647030353546142578125" lon="113.30253562889993190765380859375">
        <ele>7.19999980926513671875</ele>
        <time>2026-09-09T23:04:29.000Z</time>
        <extensions>
          <ns3:TrackPointExtension>
            <ns3:hr>142</ns3:hr>
            <ns3:cad>78</ns3:cad>
          </ns3:TrackPointExtension>
        </extensions>
      </trkpt>
      <trkpt lat="23.04705136455595493316650390625" lon="113.30251936800777912139892578125">
        <ele>7.19999980926513671875</ele>
        <time>2026-09-09T23:04:30.000Z</time>
        <extensions>
          <ns3:TrackPointExtension>
            <ns3:hr>142</ns3:hr>
            <ns3:cad>78</ns3:cad>
          </ns3:TrackPointExtension>
        </extensions>
      </trkpt>
      <trkpt lat="23.04707684554159641265869140625" lon="113.302503861486911773681640625">
        <ele>7.19999980926513671875</ele>
        <time>2026-09-09T23:04:31.000Z</time>
        <extensions>
          <ns3:TrackPointExtension>
            <ns3:hr>142</ns3:hr>
            <ns3:cad>78</ns3:cad>
          </ns3:TrackPointExtension>
        </extensions>
      </trkpt>
      <trkpt lat="23.047106601297855377197265625" lon="113.30248986370861530303955078125">
        <ele>7.19999980926513671875</ele>
        <time>2026-09-09T23:04:32.000Z</time>
        <extensions>
          <ns3:TrackPointExtension>
            <ns3:hr>142</ns3:hr>
            <ns3:cad>78</ns3:cad>
          </ns3:TrackPointExtension>
        </extensions>
      </trkpt>
      <trkpt lat="23.0471322499215602874755859375" lon="113.3024688251316547393798828125">
        <ele>7.19999980926513671875</ele>
        <time>2026-09-09T23:04:33.000Z</time>
        <extensions>
          <ns3:TrackPointExtension>
            <ns3:hr>143</ns3:hr>
            <ns3:cad>78</ns3:cad>
          </ns3:TrackPointExtension>
        </extensions>
      </trkpt>
      <trkpt lat="23.0471530370414257049560546875" lon="113.30245792865753173828125">
        <ele>7.400000095367431640625</ele>
        <time>2026-09-09T23:04:34.000Z</time>
        <extensions>
          <ns3:TrackPointExtension>
            <ns3:hr>143</ns3:hr>
            <ns3:cad>78</ns3:cad>
          </ns3:TrackPointExtension>
        </extensions>
      </trkpt>
      <trkpt lat="23.0471687950193881988525390625" lon="113.30244074575603008270263671875">
        <ele>7.400000095367431640625</ele>
        <time>2026-09-09T23:04:35.000Z</time>
        <extensions>
          <ns3:TrackPointExtension>
            <ns3:hr>143</ns3:hr>
            <ns3:cad>78</ns3:cad>
          </ns3:TrackPointExtension>
        </extensions>
      </trkpt>
      <trkpt lat="23.04719167761504650115966796875" lon="113.30242129974067211151123046875">
        <ele>7.19999980926513671875</ele>
        <time>2026-09-09T23:04:36.000Z</time>
        <extensions>
          <ns3:TrackPointExtension>
            <ns3:hr>143</ns3:hr>
            <ns3:cad>77</ns3:cad>
          </ns3:TrackPointExtension>
        </extensions>
      </trkpt>
      <trkpt lat="23.04720215499401092529296875" lon="113.302405290305614471435546875">
        <ele>7.19999980926513671875</ele>
        <time>2026-09-09T23:04:37.000Z</time>
        <extensions>
          <ns3:TrackPointExtension>
            <ns3:hr>143</ns3:hr>
            <ns3:cad>77</ns3:cad>
          </ns3:TrackPointExtension>
        </extensions>
      </trkpt>
      <trkpt lat="23.04721967317163944244384765625" lon="113.3023903705179691314697265625">
        <ele>7.19999980926513671875</ele>
        <time>2026-09-09T23:04:38.000Z</time>
        <extensions>
          <ns3:TrackPointExtension>
            <ns3:hr>144</ns3:hr>
            <ns3:cad>77</ns3:cad>
          </ns3:TrackPointExtension>
        </extensions>
      </trkpt>
      <trkpt lat="23.047240041196346282958984375" lon="113.30236882902681827545166015625">
        <ele>7.19999980926513671875</ele>
        <time>2026-09-09T23:04:39.000Z</time>
        <extensions>
          <ns3:TrackPointExtension>
            <ns3:hr>144</ns3:hr>
            <ns3:cad>77</ns3:cad>
          </ns3:TrackPointExtension>
        </extensions>
      </trkpt>
      <trkpt lat="23.04725403897464275360107421875" lon="113.302352987229824066162109375">
        <ele>7.19999980926513671875</ele>
        <time>2026-09-09T23:04:40.000Z</time>
        <extensions>
          <ns3:TrackPointExtension>
            <ns3:hr>144</ns3:hr>
            <ns3:cad>77</ns3:cad>
          </ns3:TrackPointExtension>
        </extensions>
      </trkpt>
      <trkpt lat="23.04727298207581043243408203125" lon="113.302344940602779388427734375">
        <ele>7.19999980926513671875</ele>
        <time>2026-09-09T23:04:41.000Z</time>
        <extensions>
          <ns3:TrackPointExtension>
            <ns3:hr>144</ns3:hr>
            <ns3:cad>77</ns3:cad>
          </ns3:TrackPointExtension>
        </extensions>
      </trkpt>
      <trkpt lat="23.0472953617572784423828125" lon="113.30233144573867321014404296875">
        <ele>7.19999980926513671875</ele>
        <time>2026-09-09T23:04:42.000Z</time>
        <extensions>
          <ns3:TrackPointExtension>
            <ns3:hr>144</ns3:hr>
            <ns3:cad>78</ns3:cad>
          </ns3:TrackPointExtension>
        </extensions>
      </trkpt>
      <trkpt lat="23.047305755317211151123046875" lon="113.302314765751361846923828125">
        <ele>7.19999980926513671875</ele>
        <time>2026-09-09T23:04:43.000Z</time>
        <extensions>
          <ns3:TrackPointExtension>
            <ns3:hr>144</ns3:hr>
            <ns3:cad>78</ns3:cad>
          </ns3:TrackPointExtension>
        </extensions>
      </trkpt>
      <trkpt lat="23.0473203398287296295166015625" lon="113.302309401333332061767578125">
        <ele>7.19999980926513671875</ele>
        <time>2026-09-09T23:04:44.000Z</time>
        <extensions>
          <ns3:TrackPointExtension>
            <ns3:hr>144</ns3:hr>
            <ns3:cad>78</ns3:cad>
          </ns3:TrackPointExtension>
        </extensions>
      </trkpt>
      <trkpt lat="23.0473364330828189849853515625" lon="113.3023035340011119842529296875">
        <ele>7.19999980926513671875</ele>
        <time>2026-09-09T23:04:45.000Z</time>
        <extensions>
          <ns3:TrackPointExtension>
            <ns3:hr>145</ns3:hr>
            <ns3:cad>77</ns3:cad>
          </ns3:TrackPointExtension>
        </extensions>
      </trkpt>
      <trkpt lat="23.0473545379936695098876953125" lon="113.302291966974735260009765625">
        <ele>7.19999980926513671875</ele>
        <time>2026-09-09T23:04:46.000Z</time>
        <extensions>
          <ns3:TrackPointExtension>
            <ns3:hr>145</ns3:hr>
            <ns3:cad>77</ns3:cad>
          </ns3:TrackPointExtension>
        </extensions>
      </trkpt>
      <trkpt lat="23.04736417718231678009033203125" lon="113.30228425562381744384765625">
        <ele>7.19999980926513671875</ele>
        <time>2026-09-09T23:04:47.000Z</time>
        <extensions>
          <ns3:TrackPointExtension>
            <ns3:hr>145</ns3:hr>
            <ns3:cad>77</ns3:cad>
          </ns3:TrackPointExtension>
        </extensions>
      </trkpt>
      <trkpt lat="23.04738194681704044342041015625" lon="113.30227394588291645050048828125">
        <ele>7.19999980926513671875</ele>
        <time>2026-09-09T23:04:48.000Z</time>
        <extensions>
          <ns3:TrackPointExtension>
            <ns3:hr>145</ns3:hr>
            <ns3:cad>77</ns3:cad>
          </ns3:TrackPointExtension>
        </extensions>
      </trkpt>
      <trkpt lat="23.04740038700401782989501953125" lon="113.302268497645854949951171875">
        <ele>7.19999980926513671875</ele>
        <time>2026-09-09T23:04:49.000Z</time>
        <extensions>
          <ns3:TrackPointExtension>
            <ns3:hr>145</ns3:hr>
            <ns3:cad>77</ns3:cad>
          </ns3:TrackPointExtension>
        </extensions>
      </trkpt>
      <trkpt lat="23.04740658961236476898193359375" lon="113.30225684680044651031494140625">
        <ele>7</ele>
        <time>2026-09-09T23:04:50.000Z</time>
        <extensions>
          <ns3:TrackPointExtension>
            <ns3:hr>146</ns3:hr>
            <ns3:cad>77</ns3:cad>
          </ns3:TrackPointExtension>
        </extensions>
      </trkpt>
      <trkpt lat="23.04742335341870784759521484375" lon="113.30225081183016300201416015625">
        <ele>7.19999980926513671875</ele>
        <time>2026-09-09T23:04:51.000Z</time>
        <extensions>
          <ns3:TrackPointExtension>
            <ns3:hr>146</ns3:hr>
            <ns3:cad>78</ns3:cad>
          </ns3:TrackPointExtension>
        </extensions>
      </trkpt>
      <trkpt lat="23.04745201952755451202392578125" lon="113.30224779434502124786376953125">
        <ele>7.19999980926513671875</ele>
        <time>2026-09-09T23:04:52.000Z</time>
        <extensions>
          <ns3:TrackPointExtension>
            <ns3:hr>146</ns3:hr>
            <ns3:cad>79</ns3:cad>
          </ns3:TrackPointExtension>
        </extensions>
      </trkpt>
      <trkpt lat="23.0474708788096904754638671875" lon="113.302243687212467193603515625">
        <ele>7.19999980926513671875</ele>
        <time>2026-09-09T23:04:53.000Z</time>
        <extensions>
          <ns3:TrackPointExtension>
            <ns3:hr>145</ns3:hr>
            <ns3:cad>79</ns3:cad>
          </ns3:TrackPointExtension>
        </extensions>
      </trkpt>
      <trkpt lat="23.0474930070340633392333984375" lon="113.3022458665072917938232421875">
        <ele>7.19999980926513671875</ele>
        <time>2026-09-09T23:04:54.000Z</time>
        <extensions>
          <ns3:TrackPointExtension>
            <ns3:hr>146</ns3:hr>
            <ns3:cad>77</ns3:cad>
          </ns3:TrackPointExtension>
        </extensions>
      </trkpt>
      <trkpt lat="23.04751035757362842559814453125" lon="113.302238993346691131591796875">
        <ele>7.19999980926513671875</ele>
        <time>2026-09-09T23:04:55.000Z</time>
        <extensions>
          <ns3:TrackPointExtension>
            <ns3:hr>146</ns3:hr>
            <ns3:cad>77</ns3:cad>
          </ns3:TrackPointExtension>
        </extensions>
      </trkpt>
      <trkpt lat="23.0475225113332271575927734375" lon="113.302225582301616668701171875">
        <ele>7.19999980926513671875</ele>
        <time>2026-09-09T23:04:56.000Z</time>
        <extensions>
          <ns3:TrackPointExtension>
            <ns3:hr>145</ns3:hr>
            <ns3:cad>78</ns3:cad>
          </ns3:TrackPointExtension>
        </extensions>
      </trkpt>
      <trkpt lat="23.04754455573856830596923828125" lon="113.3022312819957733154296875">
        <ele>7.19999980926513671875</ele>
        <time>2026-09-09T23:04:57.000Z</time>
        <extensions>
          <ns3:TrackPointExtension>
            <ns3:hr>145</ns3:hr>
            <ns3:cad>78</ns3:cad>
          </ns3:TrackPointExtension>
        </extensions>
      </trkpt>
      <trkpt lat="23.047564923763275146484375" lon="113.30222751013934612274169921875">
        <ele>7</ele>
        <time>2026-09-09T23:04:58.000Z</time>
        <extensions>
          <ns3:TrackPointExtension>
            <ns3:hr>145</ns3:hr>
            <ns3:cad>77</ns3:cad>
          </ns3:TrackPointExtension>
        </extensions>
      </trkpt>
      <trkpt lat="23.04758797399699687957763671875" lon="113.3022217266261577606201171875">
        <ele>7.19999980926513671875</ele>
        <time>2026-09-09T23:04:59.000Z</time>
        <extensions>
          <ns3:TrackPointExtension>
            <ns3:hr>146</ns3:hr>
            <ns3:cad>77</ns3:cad>
          </ns3:TrackPointExtension>
        </extensions>
      </trkpt>
      <trkpt lat="23.047613203525543212890625" lon="113.302216865122318267822265625">
        <ele>7.19999980926513671875</ele>
        <time>2026-09-09T23:05:00.000Z</time>
        <extensions>
          <ns3:TrackPointExtension>
            <ns3:hr>145</ns3:hr>
            <ns3:cad>77</ns3:cad>
          </ns3:TrackPointExtension>
        </extensions>
      </trkpt>
      <trkpt lat="23.0476360023021697998046875" lon="113.30221409909427165985107421875">
        <ele>7.19999980926513671875</ele>
        <time>2026-09-09T23:05:01.000Z</time>
        <extensions>
          <ns3:TrackPointExtension>
            <ns3:hr>145</ns3:hr>
            <ns3:cad>78</ns3:cad>
          </ns3:TrackPointExtension>
        </extensions>
      </trkpt>
      <trkpt lat="23.0476636625826358795166015625" lon="113.30221451818943023681640625">
        <ele>7.19999980926513671875</ele>
        <time>2026-09-09T23:05:02.000Z</time>
        <extensions>
          <ns3:TrackPointExtension>
            <ns3:hr>145</ns3:hr>
            <ns3:cad>78</ns3:cad>
          </ns3:TrackPointExtension>
        </extensions>
      </trkpt>
      <trkpt lat="23.04769023321568965911865234375" lon="113.30220756120979785919189453125">
        <ele>7.19999980926513671875</ele>
        <time>2026-09-09T23:05:03.000Z</time>
        <extensions>
          <ns3:TrackPointExtension>
            <ns3:hr>145</ns3:hr>
            <ns3:cad>78</ns3:cad>
          </ns3:TrackPointExtension>
        </extensions>
      </trkpt>
      <trkpt lat="23.04771739058196544647216796875" lon="113.30220705829560756683349609375">
        <ele>7.19999980926513671875</ele>
        <time>2026-09-09T23:05:04.000Z</time>
        <extensions>
          <ns3:TrackPointExtension>
            <ns3:hr>145</ns3:hr>
            <ns3:cad>78</ns3:cad>
          </ns3:TrackPointExtension>
        </extensions>
      </trkpt>
      <trkpt lat="23.0477464757859706878662109375" lon="113.30220244824886322021484375">
        <ele>7.19999980926513671875</ele>
        <time>2026-09-09T23:05:05.000Z</time>
        <extensions>
          <ns3:TrackPointExtension>
            <ns3:hr>145</ns3:hr>
            <ns3:cad>78</ns3:cad>
          </ns3:TrackPointExtension>
        </extensions>
      </trkpt>
      <trkpt lat="23.04777748882770538330078125" lon="113.30219901166856288909912109375">
        <ele>7</ele>
        <time>2026-09-09T23:05:06.000Z</time>
        <extensions>
          <ns3:TrackPointExtension>
            <ns3:hr>145</ns3:hr>
            <ns3:cad>79</ns3:cad>
          </ns3:TrackPointExtension>
        </extensions>
      </trkpt>
      <trkpt lat="23.04781411774456501007080078125" lon="113.30220513045787811279296875">
        <ele>7</ele>
        <time>2026-09-09T23:05:07.000Z</time>
        <extensions>
          <ns3:TrackPointExtension>
            <ns3:hr>144</ns3:hr>
            <ns3:cad>79</ns3:cad>
          </ns3:TrackPointExtension>
        </extensions>
      </trkpt>
      <trkpt lat="23.047833479940891265869140625" lon="113.302202112972736358642578125">
        <ele>7</ele>
        <time>2026-09-09T23:05:08.000Z</time>
        <extensions>
          <ns3:TrackPointExtension>
            <ns3:hr>144</ns3:hr>
            <ns3:cad>78</ns3:cad>
          </ns3:TrackPointExtension>
        </extensions>
      </trkpt>
      <trkpt lat="23.04784814827144145965576171875" lon="113.30220353789627552032470703125">
        <ele>7</ele>
        <time>2026-09-09T23:05:09.000Z</time>
        <extensions>
          <ns3:TrackPointExtension>
            <ns3:hr>144</ns3:hr>
            <ns3:cad>77</ns3:cad>
          </ns3:TrackPointExtension>
        </extensions>
      </trkpt>
      <trkpt lat="23.0478581227362155914306640625" lon="113.30223337747156620025634765625">
        <ele>6.80000019073486328125</ele>
        <time>2026-09-09T23:05:10.000Z</time>
        <extensions>
          <ns3:TrackPointExtension>
            <ns3:hr>144</ns3:hr>
            <ns3:cad>77</ns3:cad>
          </ns3:TrackPointExtension>
        </extensions>
      </trkpt>
      <trkpt lat="23.04787312634289264678955078125" lon="113.30224041827023029327392578125">
        <ele>6.80000019073486328125</ele>
        <time>2026-09-09T23:05:11.000Z</time>
        <extensions>
          <ns3:TrackPointExtension>
            <ns3:hr>144</ns3:hr>
            <ns3:cad>77</ns3:cad>
          </ns3:TrackPointExtension>
        </extensions>
      </trkpt>
      <trkpt lat="23.047889806330204010009765625" lon="113.3022428490221500396728515625">
        <ele>6.80000019073486328125</ele>
        <time>2026-09-09T23:05:12.000Z</time>
        <extensions>
          <ns3:TrackPointExtension>
            <ns3:hr>144</ns3:hr>
            <ns3:cad>77</ns3:cad>
          </ns3:TrackPointExtension>
        </extensions>
      </trkpt>
      <trkpt lat="23.0479047261178493499755859375" lon="113.30224335193634033203125">
        <ele>6.80000019073486328125</ele>
        <time>2026-09-09T23:05:13.000Z</time>
        <extensions>
          <ns3:TrackPointExtension>
            <ns3:hr>144</ns3:hr>
            <ns3:cad>77</ns3:cad>
          </ns3:TrackPointExtension>
        </extensions>
      </trkpt>
      <trkpt lat="23.047927357256412506103515625" lon="113.30224008299410343170166015625">
        <ele>7</ele>
        <time>2026-09-09T23:05:14.000Z</time>
        <extensions>
          <ns3:TrackPointExtension>
            <ns3:hr>144</ns3:hr>
            <ns3:cad>77</ns3:cad>
          </ns3:TrackPointExtension>
        </extensions>
      </trkpt>
      <trkpt lat="23.0479429475963115692138671875" lon="113.3022361434996128082275390625">
        <ele>7</ele>
        <time>2026-09-09T23:05:15.000Z</time>
        <extensions>
          <ns3:TrackPointExtension>
            <ns3:hr>144</ns3:hr>
            <ns3:cad>77</ns3:cad>
          </ns3:TrackPointExtension>
        </extensions>
      </trkpt>
      <trkpt lat="23.04795258678495883941650390625" lon="113.302226252853870391845703125">
        <ele>7</ele>
        <time>2026-09-09T23:05:16.000Z</time>
        <extensions>
          <ns3:TrackPointExtension>
            <ns3:hr>144</ns3:hr>
            <ns3:cad>79</ns3:cad>
          </ns3:TrackPointExtension>
        </extensions>
      </trkpt>
      <trkpt lat="23.047974295914173126220703125" lon="113.30221493728458881378173828125">
        <ele>7</ele>
        <time>2026-09-09T23:05:17.000Z</time>
        <extensions>
          <ns3:TrackPointExtension>
            <ns3:hr>144</ns3:hr>
            <ns3:cad>79</ns3:cad>
          </ns3:TrackPointExtension>
        </extensions>
      </trkpt>
      <trkpt lat="23.04798712022602558135986328125" lon="113.3022049628198146820068359375">
        <ele>7</ele>
        <time>2026-09-09T23:05:18.000Z</time>
        <extensions>
          <ns3:TrackPointExtension>
            <ns3:hr>144</ns3:hr>
            <ns3:cad>77</ns3:cad>
          </ns3:TrackPointExtension>
        </extensions>
      </trkpt>
      <trkpt lat="23.04798829369246959686279296875" lon="113.30219331197440624237060546875">
        <ele>7</ele>
        <time>2026-09-09T23:05:19.000Z</time>
        <extensions>
          <ns3:TrackPointExtension>
            <ns3:hr>144</ns3:hr>
            <ns3:cad>77</ns3:cad>
          </ns3:TrackPointExtension>
        </extensions>
      </trkpt>
      <trkpt lat="23.04798477329313755035400390625" lon="113.30218124203383922576904296875">
        <ele>7</ele>
        <time>2026-09-09T23:05:20.000Z</time>
        <extensions>
          <ns3:TrackPointExtension>
            <ns3:hr>144</ns3:hr>
            <ns3:cad>77</ns3:cad>
          </ns3:TrackPointExtension>
        </extensions>
      </trkpt>
      <trkpt lat="23.04800145328044891357421875" lon="113.3021640591323375701904296875">
        <ele>7</ele>
        <time>2026-09-09T23:05:21.000Z</time>
        <extensions>
          <ns3:TrackPointExtension>
            <ns3:hr>144</ns3:hr>
            <ns3:cad>77</ns3:cad>
          </ns3:TrackPointExtension>
        </extensions>
      </trkpt>
      <trkpt lat="23.04800338111817836761474609375" lon="113.30215324647724628448486328125">
        <ele>7</ele>
        <time>2026-09-09T23:05:22.000Z</time>
        <extensions>
          <ns3:TrackPointExtension>
            <ns3:hr>144</ns3:hr>
            <ns3:cad>78</ns3:cad>
          </ns3:TrackPointExtension>
        </extensions>
      </trkpt>
      <trkpt lat="23.04799935780465602874755859375" lon="113.3021486364305019378662109375">
        <ele>7</ele>
        <time>2026-09-09T23:05:23.000Z</time>
        <extensions>
          <ns3:TrackPointExtension>
            <ns3:hr>144</ns3:hr>
            <ns3:cad>78</ns3:cad>
          </ns3:TrackPointExtension>
        </extensions>
      </trkpt>
      <trkpt lat="23.0479801632463932037353515625" lon="113.3021322079002857208251953125">
        <ele>7</ele>
        <time>2026-09-09T23:05:24.000Z</time>
        <extensions>
          <ns3:TrackPointExtension>
            <ns3:hr>144</ns3:hr>
            <ns3:cad>78</ns3:cad>
          </ns3:TrackPointExtension>
        </extensions>
      </trkpt>
      <trkpt lat="23.047974966466426849365234375" lon="113.30210949294269084930419921875">
        <ele>7</ele>
        <time>2026-09-09T23:05:25.000Z</time>
        <extensions>
          <ns3:TrackPointExtension>
            <ns3:hr>143</ns3:hr>
            <ns3:cad>77</ns3:cad>
          </ns3:TrackPointExtension>
        </extensions>
      </trkpt>
      <trkpt lat="23.0479861982166767120361328125" lon="113.30210362561047077178955078125">
        <ele>7</ele>
        <time>2026-09-09T23:05:26.000Z</time>
        <extensions>
          <ns3:TrackPointExtension>
            <ns3:hr>143</ns3:hr>
            <ns3:cad>77</ns3:cad>
          </ns3:TrackPointExtension>
        </extensions>
      </trkpt>
      <trkpt lat="23.04799164645373821258544921875" lon="113.3020966686308383941650390625">
        <ele>6.80000019073486328125</ele>
        <time>2026-09-09T23:05:27.000Z</time>
        <extensions>
          <ns3:TrackPointExtension>
            <ns3:hr>143</ns3:hr>
            <ns3:cad>77</ns3:cad>
          </ns3:TrackPointExtension>
        </extensions>
      </trkpt>
      <trkpt lat="23.04799474775791168212890625" lon="113.3020758815109729766845703125">
        <ele>6.80000019073486328125</ele>
        <time>2026-09-09T23:05:28.000Z</time>
        <extensions>
          <ns3:TrackPointExtension>
            <ns3:hr>143</ns3:hr>
            <ns3:cad>77</ns3:cad>
          </ns3:TrackPointExtension>
        </extensions>
      </trkpt>
      <trkpt lat="23.04799701087176799774169921875" lon="113.30205601640045642852783203125">
        <ele>6.80000019073486328125</ele>
        <time>2026-09-09T23:05:29.000Z</time>
        <extensions>
          <ns3:TrackPointExtension>
            <ns3:hr>143</ns3:hr>
            <ns3:cad>77</ns3:cad>
          </ns3:TrackPointExtension>
        </extensions>
      </trkpt>
      <trkpt lat="23.0480076558887958526611328125" lon="113.30205090343952178955078125">
        <ele>6.599999904632568359375</ele>
        <time>2026-09-09T23:05:30.000Z</time>
        <extensions>
          <ns3:TrackPointExtension>
            <ns3:hr>142</ns3:hr>
            <ns3:cad>77</ns3:cad>
          </ns3:TrackPointExtension>
        </extensions>
      </trkpt>
      <trkpt lat="23.04801662452518939971923828125" lon="113.3020406775176525115966796875">
        <ele>6.599999904632568359375</ele>
        <time>2026-09-09T23:05:31.000Z</time>
        <extensions>
          <ns3:TrackPointExtension>
            <ns3:hr>142</ns3:hr>
            <ns3:cad>79</ns3:cad>
          </ns3:TrackPointExtension>
        </extensions>
      </trkpt>
      <trkpt lat="23.048029281198978424072265625" lon="113.30202835611999034881591796875">
        <ele>6.599999904632568359375</ele>
        <time>2026-09-09T23:05:32.000Z</time>
        <extensions>
          <ns3:TrackPointExtension>
            <ns3:hr>141</ns3:hr>
            <ns3:cad>79</ns3:cad>
          </ns3:TrackPointExtension>
        </extensions>
      </trkpt>
      <trkpt lat="23.0480435304343700408935546875" lon="113.30202768556773662567138671875">
        <ele>6.80000019073486328125</ele>
        <time>2026-09-09T23:05:33.000Z</time>
        <extensions>
          <ns3:TrackPointExtension>
            <ns3:hr>141</ns3:hr>
            <ns3:cad>79</ns3:cad>
          </ns3:TrackPointExtension>
        </extensions>
      </trkpt>
      <trkpt lat="23.04805576801300048828125" lon="113.302023410797119140625">
        <ele>6.80000019073486328125</ele>
        <time>2026-09-09T23:05:34.000Z</time>
        <extensions>
          <ns3:TrackPointExtension>
            <ns3:hr>140</ns3:hr>
            <ns3:cad>77</ns3:cad>
          </ns3:TrackPointExtension>
        </extensions>
      </trkpt>
      <trkpt lat="23.0480509065091609954833984375" lon="113.30198653042316436767578125">
        <ele>6.80000019073486328125</ele>
        <time>2026-09-09T23:05:35.000Z</time>
        <extensions>
          <ns3:TrackPointExtension>
            <ns3:hr>140</ns3:hr>
            <ns3:cad>76</ns3:cad>
          </ns3:TrackPointExtension>
        </extensions>
      </trkpt>
      <trkpt lat="23.04806591011583805084228515625" lon="113.3019612170755863189697265625">
        <ele>6.80000019073486328125</ele>
        <time>2026-09-09T23:05:36.000Z</time>
        <extensions>
          <ns3:TrackPointExtension>
            <ns3:hr>139</ns3:hr>
            <ns3:cad>76</ns3:cad>
          </ns3:TrackPointExtension>
        </extensions>
      </trkpt>
      <trkpt lat="23.04807923734188079833984375" lon="113.3019437827169895172119140625">
        <ele>6.80000019073486328125</ele>
        <time>2026-09-09T23:05:37.000Z</time>
        <extensions>
          <ns3:TrackPointExtension>
            <ns3:hr>139</ns3:hr>
            <ns3:cad>76</ns3:cad>
          </ns3:TrackPointExtension>
        </extensions>
      </trkpt>
      <trkpt lat="23.0481075681746006011962890625" lon="113.3019511587917804718017578125">
        <ele>6.80000019073486328125</ele>
        <time>2026-09-09T23:05:38.000Z</time>
        <extensions>
          <ns3:TrackPointExtension>
            <ns3:hr>139</ns3:hr>
            <ns3:cad>76</ns3:cad>
          </ns3:TrackPointExtension>
        </extensions>
      </trkpt>
      <trkpt lat="23.048133216798305511474609375" lon="113.30194621346890926361083984375">
        <ele>6.80000019073486328125</ele>
        <time>2026-09-09T23:05:39.000Z</time>
        <extensions>
          <ns3:TrackPointExtension>
            <ns3:hr>139</ns3:hr>
            <ns3:cad>76</ns3:cad>
          </ns3:TrackPointExtension>
        </extensions>
      </trkpt>
      <trkpt lat="23.04815224371850490570068359375" lon="113.30192592926323413848876953125">
        <ele>6.599999904632568359375</ele>
        <time>2026-09-09T23:05:40.000Z</time>
        <extensions>
          <ns3:TrackPointExtension>
            <ns3:hr>138</ns3:hr>
            <ns3:cad>76</ns3:cad>
          </ns3:TrackPointExtension>
        </extensions>
      </trkpt>
      <trkpt lat="23.04816716350615024566650390625" lon="113.30190111882984638214111328125">
        <ele>6.599999904632568359375</ele>
        <time>2026-09-09T23:05:41.000Z</time>
        <extensions>
          <ns3:TrackPointExtension>
            <ns3:hr>138</ns3:hr>
            <ns3:cad>76</ns3:cad>
          </ns3:TrackPointExtension>
        </extensions>
      </trkpt>
      <trkpt lat="23.048185519874095916748046875" lon="113.30189122818410396575927734375">
        <ele>6.599999904632568359375</ele>
        <time>2026-09-09T23:05:42.000Z</time>
        <extensions>
          <ns3:TrackPointExtension>
            <ns3:hr>138</ns3:hr>
            <ns3:cad>76</ns3:cad>
          </ns3:TrackPointExtension>
        </extensions>
      </trkpt>
      <trkpt lat="23.04821477271616458892822265625" lon="113.30188586376607418060302734375">
        <ele>6.400000095367431640625</ele>
        <time>2026-09-09T23:05:43.000Z</time>
        <extensions>
          <ns3:TrackPointExtension>
            <ns3:hr>138</ns3:hr>
            <ns3:cad>76</ns3:cad>
          </ns3:TrackPointExtension>
        </extensions>
      </trkpt>
      <trkpt lat="23.04824109189212322235107421875" lon="113.3018740452826023101806640625">
        <ele>6.400000095367431640625</ele>
        <time>2026-09-09T23:05:44.000Z</time>
        <extensions>
          <ns3:TrackPointExtension>
            <ns3:hr>138</ns3:hr>
            <ns3:cad>76</ns3:cad>
          </ns3:TrackPointExtension>
        </extensions>
      </trkpt>
      <trkpt lat="23.04826707579195499420166015625" lon="113.301867507398128509521484375">
        <ele>6.400000095367431640625</ele>
        <time>2026-09-09T23:05:45.000Z</time>
        <extensions>
          <ns3:TrackPointExtension>
            <ns3:hr>137</ns3:hr>
            <ns3:cad>76</ns3:cad>
          </ns3:TrackPointExtension>
        </extensions>
      </trkpt>
      <trkpt lat="23.0482872761785984039306640625" lon="113.301865495741367340087890625">
        <ele>6.400000095367431640625</ele>
        <time>2026-09-09T23:05:46.000Z</time>
        <extensions>
          <ns3:TrackPointExtension>
            <ns3:hr>137</ns3:hr>
            <ns3:cad>77</ns3:cad>
          </ns3:TrackPointExtension>
        </extensions>
      </trkpt>
      <trkpt lat="23.04831066168844699859619140625" lon="113.30185837112367153167724609375">
        <ele>6.400000095367431640625</ele>
        <time>2026-09-09T23:05:47.000Z</time>
        <extensions>
          <ns3:TrackPointExtension>
            <ns3:hr>137</ns3:hr>
            <ns3:cad>77</ns3:cad>
          </ns3:TrackPointExtension>
        </extensions>
      </trkpt>
      <trkpt lat="23.04833580739796161651611328125" lon="113.30185510218143463134765625">
        <ele>6.400000095367431640625</ele>
        <time>2026-09-09T23:05:48.000Z</time>
        <extensions>
          <ns3:TrackPointExtension>
            <ns3:hr>137</ns3:hr>
            <ns3:cad>77</ns3:cad>
          </ns3:TrackPointExtension>
        </extensions>
      </trkpt>
      <trkpt lat="23.04835910908877849578857421875" lon="113.30185912549495697021484375">
        <ele>6.400000095367431640625</ele>
        <time>2026-09-09T23:05:49.000Z</time>
        <extensions>
          <ns3:TrackPointExtension>
            <ns3:hr>137</ns3:hr>
            <ns3:cad>77</ns3:cad>
          </ns3:TrackPointExtension>
        </extensions>
      </trkpt>
      <trkpt lat="23.048381991684436798095703125" lon="113.30186289735138416290283203125">
        <ele>6.400000095367431640625</ele>
        <time>2026-09-09T23:05:50.000Z</time>
        <extensions>
          <ns3:TrackPointExtension>
            <ns3:hr>136</ns3:hr>
            <ns3:cad>77</ns3:cad>
          </ns3:TrackPointExtension>
        </extensions>
      </trkpt>
      <trkpt lat="23.0483979173004627227783203125" lon="113.3018663339316844940185546875">
        <ele>6.400000095367431640625</ele>
        <time>2026-09-09T23:05:51.000Z</time>
        <extensions>
          <ns3:TrackPointExtension>
            <ns3:hr>136</ns3:hr>
            <ns3:cad>77</ns3:cad>
          </ns3:TrackPointExtension>
        </extensions>
      </trkpt>
      <trkpt lat="23.04842180572450160980224609375" lon="113.30185501836240291595458984375">
        <ele>6.400000095367431640625</ele>
        <time>2026-09-09T23:05:52.000Z</time>
        <extensions>
          <ns3:TrackPointExtension>
            <ns3:hr>136</ns3:hr>
            <ns3:cad>77</ns3:cad>
          </ns3:TrackPointExtension>
        </extensions>
      </trkpt>
      <trkpt lat="23.04844343103468418121337890625" lon="113.3018512465059757232666015625">
        <ele>6.400000095367431640625</ele>
        <time>2026-09-09T23:05:53.000Z</time>
        <extensions>
          <ns3:TrackPointExtension>
            <ns3:hr>136</ns3:hr>
            <ns3:cad>77</ns3:cad>
          </ns3:TrackPointExtension>
        </extensions>
      </trkpt>
      <trkpt lat="23.04846086539328098297119140625" lon="113.30183942802250385284423828125">
        <ele>6.400000095367431640625</ele>
        <time>2026-09-09T23:05:54.000Z</time>
        <extensions>
          <ns3:TrackPointExtension>
            <ns3:hr>137</ns3:hr>
            <ns3:cad>77</ns3:cad>
          </ns3:TrackPointExtension>
        </extensions>
      </trkpt>
      <trkpt lat="23.0484827421605587005615234375" lon="113.30185241997241973876953125">
        <ele>6.400000095367431640625</ele>
        <time>2026-09-09T23:05:55.000Z</time>
        <extensions>
          <ns3:TrackPointExtension>
            <ns3:hr>136</ns3:hr>
            <ns3:cad>77</ns3:cad>
          </ns3:TrackPointExtension>
        </extensions>
      </trkpt>
      <trkpt lat="23.04849632084369659423828125" lon="113.3018589578568935394287109375">
        <ele>6.400000095367431640625</ele>
        <time>2026-09-09T23:05:56.000Z</time>
        <extensions>
          <ns3:TrackPointExtension>
            <ns3:hr>136</ns3:hr>
            <ns3:cad>78</ns3:cad>
          </ns3:TrackPointExtension>
        </extensions>
      </trkpt>
      <trkpt lat="23.04850981570780277252197265625" lon="113.301854766905307769775390625">
        <ele>6.400000095367431640625</ele>
        <time>2026-09-09T23:05:57.000Z</time>
        <extensions>
          <ns3:TrackPointExtension>
            <ns3:hr>137</ns3:hr>
            <ns3:cad>78</ns3:cad>
          </ns3:TrackPointExtension>
        </extensions>
      </trkpt>
      <trkpt lat="23.04853479377925395965576171875" lon="113.30186239443719387054443359375">
        <ele>6.400000095367431640625</ele>
        <time>2026-09-09T23:05:58.000Z</time>
        <extensions>
          <ns3:TrackPointExtension>
            <ns3:hr>136</ns3:hr>
            <ns3:cad>78</ns3:cad>
          </ns3:TrackPointExtension>
        </extensions>
      </trkpt>
      <trkpt lat="23.04854820482432842254638671875" lon="113.3018646575510501861572265625">
        <ele>6.400000095367431640625</ele>
        <time>2026-09-09T23:05:59.000Z</time>
        <extensions>
          <ns3:TrackPointExtension>
            <ns3:hr>136</ns3:hr>
            <ns3:cad>77</ns3:cad>
          </ns3:TrackPointExtension>
        </extensions>
      </trkpt>
      <trkpt lat="23.04856874048709869384765625" lon="113.301860801875591278076171875">
        <ele>6.400000095367431640625</ele>
        <time>2026-09-09T23:06:00.000Z</time>
        <extensions>
          <ns3:TrackPointExtension>
            <ns3:hr>136</ns3:hr>
            <ns3:cad>78</ns3:cad>
          </ns3:TrackPointExtension>
        </extensions>
      </trkpt>
      <trkpt lat="23.04859019815921783447265625" lon="113.3018609695136547088623046875">
        <ele>6.599999904632568359375</ele>
        <time>2026-09-09T23:06:01.000Z</time>
        <extensions>
          <ns3:TrackPointExtension>
            <ns3:hr>136</ns3:hr>
            <ns3:cad>78</ns3:cad>
          </ns3:TrackPointExtension>
        </extensions>
      </trkpt>
      <trkpt lat="23.0486094765365123748779296875" lon="113.30186608247458934783935546875">
        <ele>6.599999904632568359375</ele>
        <time>2026-09-09T23:06:02.000Z</time>
        <extensions>
          <ns3:TrackPointExtension>
            <ns3:hr>136</ns3:hr>
            <ns3:cad>78</ns3:cad>
          </ns3:TrackPointExtension>
        </extensions>
      </trkpt>
      <trkpt lat="23.04863453842699527740478515625" lon="113.301860131323337554931640625">
        <ele>6.599999904632568359375</ele>
        <time>2026-09-09T23:06:03.000Z</time>
        <extensions>
          <ns3:TrackPointExtension>
            <ns3:hr>136</ns3:hr>
            <ns3:cad>78</ns3:cad>
          </ns3:TrackPointExtension>
        </extensions>
      </trkpt>
      <trkpt lat="23.04865616373717784881591796875" lon="113.30186138860881328582763671875">
        <ele>6.400000095367431640625</ele>
        <time>2026-09-09T23:06:04.000Z</time>
        <extensions>
          <ns3:TrackPointExtension>
            <ns3:hr>136</ns3:hr>
            <ns3:cad>78</ns3:cad>
          </ns3:TrackPointExtension>
        </extensions>
      </trkpt>
      <trkpt lat="23.0486761964857578277587890625" lon="113.301870524883270263671875">
        <ele>6.400000095367431640625</ele>
        <time>2026-09-09T23:06:05.000Z</time>
        <extensions>
          <ns3:TrackPointExtension>
            <ns3:hr>136</ns3:hr>
            <ns3:cad>78</ns3:cad>
          </ns3:TrackPointExtension>
        </extensions>
      </trkpt>
      <trkpt lat="23.04869907908141613006591796875" lon="113.30187027342617511749267578125">
        <ele>6.19999980926513671875</ele>
        <time>2026-09-09T23:06:06.000Z</time>
        <extensions>
          <ns3:TrackPointExtension>
            <ns3:hr>136</ns3:hr>
            <ns3:cad>78</ns3:cad>
          </ns3:TrackPointExtension>
        </extensions>
      </trkpt>
      <trkpt lat="23.0487238056957721710205078125" lon="113.3018673397600650787353515625">
        <ele>6.19999980926513671875</ele>
        <time>2026-09-09T23:06:07.000Z</time>
        <extensions>
          <ns3:TrackPointExtension>
            <ns3:hr>136</ns3:hr>
            <ns3:cad>77</ns3:cad>
          </ns3:TrackPointExtension>
        </extensions>
      </trkpt>
      <trkpt lat="23.04874769411981105804443359375" lon="113.30187144689261913299560546875">
        <ele>6.19999980926513671875</ele>
        <time>2026-09-09T23:06:08.000Z</time>
        <extensions>
          <ns3:TrackPointExtension>
            <ns3:hr>136</ns3:hr>
            <ns3:cad>77</ns3:cad>
          </ns3:TrackPointExtension>
        </extensions>
      </trkpt>
      <trkpt lat="23.048771582543849945068359375" lon="113.30186993815004825592041015625">
        <ele>6.19999980926513671875</ele>
        <time>2026-09-09T23:06:09.000Z</time>
        <extensions>
          <ns3:TrackPointExtension>
            <ns3:hr>136</ns3:hr>
            <ns3:cad>77</ns3:cad>
          </ns3:TrackPointExtension>
        </extensions>
      </trkpt>
      <trkpt lat="23.04880016483366489410400390625" lon="113.3018676750361919403076171875">
        <ele>6.19999980926513671875</ele>
        <time>2026-09-09T23:06:10.000Z</time>
        <extensions>
          <ns3:TrackPointExtension>
            <ns3:hr>136</ns3:hr>
            <ns3:cad>78</ns3:cad>
          </ns3:TrackPointExtension>
        </extensions>
      </trkpt>
      <trkpt lat="23.04883302189409732818603515625" lon="113.3018730394542217254638671875">
        <ele>6.19999980926513671875</ele>
        <time>2026-09-09T23:06:11.000Z</time>
        <extensions>
          <ns3:TrackPointExtension>
            <ns3:hr>135</ns3:hr>
            <ns3:cad>78</ns3:cad>
          </ns3:TrackPointExtension>
        </extensions>
      </trkpt>
      <trkpt lat="23.0488495342433452606201171875" lon="113.30186842940747737884521484375">
        <ele>6.19999980926513671875</ele>
        <time>2026-09-09T23:06:12.000Z</time>
        <extensions>
          <ns3:TrackPointExtension>
            <ns3:hr>135</ns3:hr>
            <ns3:cad>78</ns3:cad>
          </ns3:TrackPointExtension>
        </extensions>
      </trkpt>
      <trkpt lat="23.04887543432414531707763671875" lon="113.301865495741367340087890625">
        <ele>6.19999980926513671875</ele>
        <time>2026-09-09T23:06:13.000Z</time>
        <extensions>
          <ns3:TrackPointExtension>
            <ns3:hr>134</ns3:hr>
            <ns3:cad>78</ns3:cad>
          </ns3:TrackPointExtension>
        </extensions>
      </trkpt>
      <trkpt lat="23.04890058003365993499755859375" lon="113.3018683455884456634521484375">
        <ele>6.19999980926513671875</ele>
        <time>2026-09-09T23:06:14.000Z</time>
        <extensions>
          <ns3:TrackPointExtension>
            <ns3:hr>133</ns3:hr>
            <ns3:cad>78</ns3:cad>
          </ns3:TrackPointExtension>
        </extensions>
      </trkpt>
      <trkpt lat="23.0489179305732250213623046875" lon="113.301864825189113616943359375">
        <ele>6.19999980926513671875</ele>
        <time>2026-09-09T23:06:15.000Z</time>
        <extensions>
          <ns3:TrackPointExtension>
            <ns3:hr>133</ns3:hr>
            <ns3:cad>78</ns3:cad>
          </ns3:TrackPointExtension>
        </extensions>
      </trkpt>
      <trkpt lat="23.04894383065402507781982421875" lon="113.30185920931398868560791015625">
        <ele>6.400000095367431640625</ele>
        <time>2026-09-09T23:06:16.000Z</time>
        <extensions>
          <ns3:TrackPointExtension>
            <ns3:hr>132</ns3:hr>
            <ns3:cad>78</ns3:cad>
          </ns3:TrackPointExtension>
        </extensions>
      </trkpt>
      <trkpt lat="23.04895388893783092498779296875" lon="113.3018753863871097564697265625">
        <ele>6.400000095367431640625</ele>
        <time>2026-09-09T23:06:17.000Z</time>
        <extensions>
          <ns3:TrackPointExtension>
            <ns3:hr>132</ns3:hr>
            <ns3:cad>78</ns3:cad>
          </ns3:TrackPointExtension>
        </extensions>
      </trkpt>
      <trkpt lat="23.04896897636353969573974609375" lon="113.30186574719846248626708984375">
        <ele>6.19999980926513671875</ele>
        <time>2026-09-09T23:06:18.000Z</time>
        <extensions>
          <ns3:TrackPointExtension>
            <ns3:hr>132</ns3:hr>
            <ns3:cad>79</ns3:cad>
          </ns3:TrackPointExtension>
        </extensions>
      </trkpt>
      <trkpt lat="23.04898372851312160491943359375" lon="113.3018616400659084320068359375">
        <ele>6.19999980926513671875</ele>
        <time>2026-09-09T23:06:19.000Z</time>
        <extensions>
          <ns3:TrackPointExtension>
            <ns3:hr>131</ns3:hr>
            <ns3:cad>79</ns3:cad>
          </ns3:TrackPointExtension>
        </extensions>
      </trkpt>
      <trkpt lat="23.04898674599826335906982421875" lon="113.30185937695205211639404296875">
        <ele>6.19999980926513671875</ele>
        <time>2026-09-09T23:06:20.000Z</time>
        <extensions>
          <ns3:TrackPointExtension>
            <ns3:hr>131</ns3:hr>
            <ns3:cad>79</ns3:cad>
          </ns3:TrackPointExtension>
        </extensions>
      </trkpt>
      <trkpt lat="23.04897786118090152740478515625" lon="113.3018557727336883544921875">
        <ele>6</ele>
        <time>2026-09-09T23:06:21.000Z</time>
        <extensions>
          <ns3:TrackPointExtension>
            <ns3:hr>130</ns3:hr>
            <ns3:cad>79</ns3:cad>
          </ns3:TrackPointExtension>
        </extensions>
      </trkpt>
      <trkpt lat="23.0489839799702167510986328125" lon="113.30185501836240291595458984375">
        <ele>6</ele>
        <time>2026-09-09T23:06:22.000Z</time>
        <extensions>
          <ns3:TrackPointExtension>
            <ns3:hr>130</ns3:hr>
            <ns3:cad>78</ns3:cad>
          </ns3:TrackPointExtension>
        </extensions>
      </trkpt>
      <trkpt lat="23.04898205213248729705810546875" lon="113.3018589578568935394287109375">
        <ele>6</ele>
        <time>2026-09-09T23:06:23.000Z</time>
        <extensions>
          <ns3:TrackPointExtension>
            <ns3:hr>129</ns3:hr>
            <ns3:cad>78</ns3:cad>
          </ns3:TrackPointExtension>
        </extensions>
      </trkpt>
      <trkpt lat="23.04898540489375591278076171875" lon="113.30186909995973110198974609375">
        <ele>6</ele>
        <time>2026-09-09T23:06:24.000Z</time>
        <extensions>
          <ns3:TrackPointExtension>
            <ns3:hr>129</ns3:hr>
            <ns3:cad>78</ns3:cad>
          </ns3:TrackPointExtension>
        </extensions>
      </trkpt>
      <trkpt lat="23.048976100981235504150390625" lon="113.30186448991298675537109375">
        <ele>6</ele>
        <time>2026-09-09T23:06:25.000Z</time>
        <extensions>
          <ns3:TrackPointExtension>
            <ns3:hr>129</ns3:hr>
            <ns3:cad>78</ns3:cad>
          </ns3:TrackPointExtension>
        </extensions>
      </trkpt>
      <trkpt lat="23.048972748219966888427734375" lon="113.30187412910163402557373046875">
        <ele>6</ele>
        <time>2026-09-09T23:06:26.000Z</time>
        <extensions>
          <ns3:TrackPointExtension>
            <ns3:hr>130</ns3:hr>
            <ns3:cad>78</ns3:cad>
          </ns3:TrackPointExtension>
        </extensions>
      </trkpt>
      <trkpt lat="23.0489762686192989349365234375" lon="113.30189206637442111968994140625">
        <ele>6</ele>
        <time>2026-09-09T23:06:27.000Z</time>
        <extensions>
          <ns3:TrackPointExtension>
            <ns3:hr>129</ns3:hr>
            <ns3:cad>78</ns3:cad>
          </ns3:TrackPointExtension>
        </extensions>
      </trkpt>
      <trkpt lat="23.0489615164697170257568359375" lon="113.3018931560218334197998046875">
        <ele>6.19999980926513671875</ele>
        <time>2026-09-09T23:06:28.000Z</time>
        <extensions>
          <ns3:TrackPointExtension>
            <ns3:hr>129</ns3:hr>
            <ns3:cad>78</ns3:cad>
          </ns3:TrackPointExtension>
        </extensions>
      </trkpt>
      <trkpt lat="23.048966713249683380126953125" lon="113.3019176311790943145751953125">
        <ele>6</ele>
        <time>2026-09-09T23:06:29.000Z</time>
        <extensions>
          <ns3:TrackPointExtension>
            <ns3:hr>130</ns3:hr>
            <ns3:cad>78</ns3:cad>
          </ns3:TrackPointExtension>
        </extensions>
      </trkpt>
      <trkpt lat="23.0489541403949260711669921875" lon="113.30194336362183094024658203125">
        <ele>6</ele>
        <time>2026-09-09T23:06:30.000Z</time>
        <extensions>
          <ns3:TrackPointExtension>
            <ns3:hr>129</ns3:hr>
            <ns3:cad>78</ns3:cad>
          </ns3:TrackPointExtension>
        </extensions>
      </trkpt>
      <trkpt lat="23.048955313861370086669921875" lon="113.30195643939077854156494140625">
        <ele>6.19999980926513671875</ele>
        <time>2026-09-09T23:06:31.000Z</time>
        <extensions>
          <ns3:TrackPointExtension>
            <ns3:hr>129</ns3:hr>
            <ns3:cad>78</ns3:cad>
          </ns3:TrackPointExtension>
        </extensions>
      </trkpt>
      <trkpt lat="23.04896034300327301025390625" lon="113.30198225565254688262939453125">
        <ele>6.19999980926513671875</ele>
        <time>2026-09-09T23:06:32.000Z</time>
        <extensions>
          <ns3:TrackPointExtension>
            <ns3:hr>129</ns3:hr>
            <ns3:cad>78</ns3:cad>
          </ns3:TrackPointExtension>
        </extensions>
      </trkpt>
      <trkpt lat="23.04895925335586071014404296875" lon="113.30202030949294567108154296875">
        <ele>6.19999980926513671875</ele>
        <time>2026-09-09T23:06:33.000Z</time>
        <extensions>
          <ns3:TrackPointExtension>
            <ns3:hr>129</ns3:hr>
            <ns3:cad>79</ns3:cad>
          </ns3:TrackPointExtension>
        </extensions>
      </trkpt>
      <trkpt lat="23.04896042682230472564697265625" lon="113.30204009078443050384521484375">
        <ele>6.400000095367431640625</ele>
        <time>2026-09-09T23:06:34.000Z</time>
        <extensions>
          <ns3:TrackPointExtension>
            <ns3:hr>129</ns3:hr>
            <ns3:cad>79</ns3:cad>
          </ns3:TrackPointExtension>
        </extensions>
      </trkpt>
      <trkpt lat="23.04897065274417400360107421875" lon="113.30205802805721759796142578125">
        <ele>6.400000095367431640625</ele>
        <time>2026-09-09T23:06:35.000Z</time>
        <extensions>
          <ns3:TrackPointExtension>
            <ns3:hr>129</ns3:hr>
            <ns3:cad>79</ns3:cad>
          </ns3:TrackPointExtension>
        </extensions>
      </trkpt>
      <trkpt lat="23.04898582398891448974609375" lon="113.3020676672458648681640625">
        <ele>6.400000095367431640625</ele>
        <time>2026-09-09T23:06:36.000Z</time>
        <extensions>
          <ns3:TrackPointExtension>
            <ns3:hr>129</ns3:hr>
            <ns3:cad>79</ns3:cad>
          </ns3:TrackPointExtension>
        </extensions>
      </trkpt>
      <trkpt lat="23.04901130497455596923828125" lon="113.302087448537349700927734375">
        <ele>6.400000095367431640625</ele>
        <time>2026-09-09T23:06:37.000Z</time>
        <extensions>
          <ns3:TrackPointExtension>
            <ns3:hr>129</ns3:hr>
            <ns3:cad>79</ns3:cad>
          </ns3:TrackPointExtension>
        </extensions>
      </trkpt>
      <trkpt lat="23.04902345873415470123291015625" lon="113.30209650099277496337890625">
        <ele>6.400000095367431640625</ele>
        <time>2026-09-09T23:06:38.000Z</time>
        <extensions>
          <ns3:TrackPointExtension>
            <ns3:hr>129</ns3:hr>
            <ns3:cad>78</ns3:cad>
          </ns3:TrackPointExtension>
        </extensions>
      </trkpt>
      <trkpt lat="23.04904525168240070343017578125" lon="113.302107565104961395263671875">
        <ele>6.19999980926513671875</ele>
        <time>2026-09-09T23:06:39.000Z</time>
        <extensions>
          <ns3:TrackPointExtension>
            <ns3:hr>128</ns3:hr>
            <ns3:cad>77</ns3:cad>
          </ns3:TrackPointExtension>
        </extensions>
      </trkpt>
      <trkpt lat="23.04906520061194896697998046875" lon="113.30211619846522808074951171875">
        <ele>6.19999980926513671875</ele>
        <time>2026-09-09T23:06:40.000Z</time>
        <extensions>
          <ns3:TrackPointExtension>
            <ns3:hr>129</ns3:hr>
            <ns3:cad>76</ns3:cad>
          </ns3:TrackPointExtension>
        </extensions>
      </trkpt>
      <trkpt lat="23.04908104240894317626953125" lon="113.30213028006255626678466796875">
        <ele>6.19999980926513671875</ele>
        <time>2026-09-09T23:06:41.000Z</time>
        <extensions>
          <ns3:TrackPointExtension>
            <ns3:hr>128</ns3:hr>
            <ns3:cad>75</ns3:cad>
          </ns3:TrackPointExtension>
        </extensions>
      </trkpt>
      <trkpt lat="23.0490993149578571319580078125" lon="113.3021348901093006134033203125">
        <ele>6.19999980926513671875</ele>
        <time>2026-09-09T23:06:42.000Z</time>
        <extensions>
          <ns3:TrackPointExtension>
            <ns3:hr>128</ns3:hr>
            <ns3:cad>75</ns3:cad>
          </ns3:TrackPointExtension>
        </extensions>
      </trkpt>
      <trkpt lat="23.04911054670810699462890625" lon="113.3021355606615543365478515625">
        <ele>6.19999980926513671875</ele>
        <time>2026-09-09T23:06:43.000Z</time>
        <extensions>
          <ns3:TrackPointExtension>
            <ns3:hr>127</ns3:hr>
            <ns3:cad>75</ns3:cad>
          </ns3:TrackPointExtension>
        </extensions>
      </trkpt>
      <trkpt lat="23.049105517566204071044921875" lon="113.30214167945086956024169921875">
        <ele>6.19999980926513671875</ele>
        <time>2026-09-09T23:06:44.000Z</time>
        <extensions>
          <ns3:TrackPointExtension>
            <ns3:hr>127</ns3:hr>
            <ns3:cad>76</ns3:cad>
          </ns3:TrackPointExtension>
        </extensions>
      </trkpt>
      <trkpt lat="23.04912689141929149627685546875" lon="113.30214620567858219146728515625">
        <ele>6.400000095367431640625</ele>
        <time>2026-09-09T23:06:45.000Z</time>
        <extensions>
          <ns3:TrackPointExtension>
            <ns3:hr>127</ns3:hr>
            <ns3:cad>77</ns3:cad>
          </ns3:TrackPointExtension>
        </extensions>
      </trkpt>
      <trkpt lat="23.049126975238323211669921875" lon="113.3021483011543750762939453125">
        <ele>6.400000095367431640625</ele>
        <time>2026-09-09T23:06:46.000Z</time>
        <extensions>
          <ns3:TrackPointExtension>
            <ns3:hr>127</ns3:hr>
            <ns3:cad>78</ns3:cad>
          </ns3:TrackPointExtension>
        </extensions>
      </trkpt>
      <trkpt lat="23.0491254664957523345947265625" lon="113.3021419309079647064208984375">
        <ele>6.400000095367431640625</ele>
        <time>2026-09-09T23:06:47.000Z</time>
        <extensions>
          <ns3:TrackPointExtension>
            <ns3:hr>126</ns3:hr>
            <ns3:cad>78</ns3:cad>
          </ns3:TrackPointExtension>
        </extensions>
      </trkpt>
      <trkpt lat="23.04912655614316463470458984375" lon="113.30213681794703006744384765625">
        <ele>6.400000095367431640625</ele>
        <time>2026-09-09T23:06:48.000Z</time>
        <extensions>
          <ns3:TrackPointExtension>
            <ns3:hr>126</ns3:hr>
            <ns3:cad>77</ns3:cad>
          </ns3:TrackPointExtension>
        </extensions>
      </trkpt>
      <trkpt lat="23.04913041181862354278564453125" lon="113.3021298609673976898193359375">
        <ele>6.400000095367431640625</ele>
        <time>2026-09-09T23:06:49.000Z</time>
        <extensions>
          <ns3:TrackPointExtension>
            <ns3:hr>126</ns3:hr>
            <ns3:cad>77</ns3:cad>
          </ns3:TrackPointExtension>
        </extensions>
      </trkpt>
      <trkpt lat="23.0491398833692073822021484375" lon="113.3021234907209873199462890625">
        <ele>6.400000095367431640625</ele>
        <time>2026-09-09T23:06:50.000Z</time>
        <extensions>
          <ns3:TrackPointExtension>
            <ns3:hr>126</ns3:hr>
            <ns3:cad>77</ns3:cad>
          </ns3:TrackPointExtension>
        </extensions>
      </trkpt>
      <trkpt lat="23.04915119893848896026611328125" lon="113.30211552791297435760498046875">
        <ele>6.400000095367431640625</ele>
        <time>2026-09-09T23:06:51.000Z</time>
        <extensions>
          <ns3:TrackPointExtension>
            <ns3:hr>126</ns3:hr>
            <ns3:cad>77</ns3:cad>
          </ns3:TrackPointExtension>
        </extensions>
      </trkpt>
      <trkpt lat="23.04915438406169414520263671875" lon="113.30210664309561252593994140625">
        <ele>6.400000095367431640625</ele>
        <time>2026-09-09T23:06:52.000Z</time>
        <extensions>
          <ns3:TrackPointExtension>
            <ns3:hr>126</ns3:hr>
            <ns3:cad>77</ns3:cad>
          </ns3:TrackPointExtension>
        </extensions>
      </trkpt>
      <trkpt lat="23.0491546355187892913818359375" lon="113.30209373496472835540771484375">
        <ele>6.400000095367431640625</ele>
        <time>2026-09-09T23:06:53.000Z</time>
        <extensions>
          <ns3:TrackPointExtension>
            <ns3:hr>125</ns3:hr>
            <ns3:cad>77</ns3:cad>
          </ns3:TrackPointExtension>
        </extensions>
      </trkpt>
      <trkpt lat="23.04916041903197765350341796875" lon="113.30208308994770050048828125">
        <ele>6.400000095367431640625</ele>
        <time>2026-09-09T23:06:54.000Z</time>
        <extensions>
          <ns3:TrackPointExtension>
            <ns3:hr>125</ns3:hr>
            <ns3:cad>77</ns3:cad>
          </ns3:TrackPointExtension>
        </extensions>
      </trkpt>
      <trkpt lat="23.0491740815341472625732421875" lon="113.30208166502416133880615234375">
        <ele>6.599999904632568359375</ele>
        <time>2026-09-09T23:06:55.000Z</time>
        <extensions>
          <ns3:TrackPointExtension>
            <ns3:hr>125</ns3:hr>
            <ns3:cad>78</ns3:cad>
          </ns3:TrackPointExtension>
        </extensions>
      </trkpt>
      <trkpt lat="23.04918305017054080963134765625" lon="113.3020745404064655303955078125">
        <ele>6.599999904632568359375</ele>
        <time>2026-09-09T23:06:56.000Z</time>
        <extensions>
          <ns3:TrackPointExtension>
            <ns3:hr>125</ns3:hr>
            <ns3:cad>78</ns3:cad>
          </ns3:TrackPointExtension>
        </extensions>
      </trkpt>
      <trkpt lat="23.04919302463531494140625" lon="113.30206523649394512176513671875">
        <ele>6.599999904632568359375</ele>
        <time>2026-09-09T23:06:57.000Z</time>
        <extensions>
          <ns3:TrackPointExtension>
            <ns3:hr>125</ns3:hr>
            <ns3:cad>78</ns3:cad>
          </ns3:TrackPointExtension>
        </extensions>
      </trkpt>
      <trkpt lat="23.04921842180192470550537109375" lon="113.30206163227558135986328125">
        <ele>6.599999904632568359375</ele>
        <time>2026-09-09T23:06:58.000Z</time>
        <extensions>
          <ns3:TrackPointExtension>
            <ns3:hr>125</ns3:hr>
            <ns3:cad>78</ns3:cad>
          </ns3:TrackPointExtension>
        </extensions>
      </trkpt>
      <trkpt lat="23.0492371134459972381591796875" lon="113.3020547591149806976318359375">
        <ele>6.599999904632568359375</ele>
        <time>2026-09-09T23:06:59.000Z</time>
        <extensions>
          <ns3:TrackPointExtension>
            <ns3:hr>125</ns3:hr>
            <ns3:cad>78</ns3:cad>
          </ns3:TrackPointExtension>
        </extensions>
      </trkpt>
      <trkpt lat="23.049260415136814117431640625" lon="113.302046544849872589111328125">
        <ele>6.599999904632568359375</ele>
        <time>2026-09-09T23:07:00.000Z</time>
        <extensions>
          <ns3:TrackPointExtension>
            <ns3:hr>124</ns3:hr>
            <ns3:cad>78</ns3:cad>
          </ns3:TrackPointExtension>
        </extensions>
      </trkpt>
      <trkpt lat="23.04928430356085300445556640625" lon="113.302053920924663543701171875">
        <ele>6.400000095367431640625</ele>
        <time>2026-09-09T23:07:01.000Z</time>
        <extensions>
          <ns3:TrackPointExtension>
            <ns3:hr>124</ns3:hr>
            <ns3:cad>78</ns3:cad>
          </ns3:TrackPointExtension>
        </extensions>
      </trkpt>
      <trkpt lat="23.04931011982262134552001953125" lon="113.3020596206188201904296875">
        <ele>6.400000095367431640625</ele>
        <time>2026-09-09T23:07:02.000Z</time>
        <extensions>
          <ns3:TrackPointExtension>
            <ns3:hr>124</ns3:hr>
            <ns3:cad>78</ns3:cad>
          </ns3:TrackPointExtension>
        </extensions>
      </trkpt>
      <trkpt lat="23.0493470840156078338623046875" lon="113.30204377882182598114013671875">
        <ele>6.400000095367431640625</ele>
        <time>2026-09-09T23:07:03.000Z</time>
        <extensions>
          <ns3:TrackPointExtension>
            <ns3:hr>124</ns3:hr>
            <ns3:cad>77</ns3:cad>
          </ns3:TrackPointExtension>
        </extensions>
      </trkpt>
      <trkpt lat="23.04937600158154964447021484375" lon="113.302045203745365142822265625">
        <ele>6.400000095367431640625</ele>
        <time>2026-09-09T23:07:04.000Z</time>
        <extensions>
          <ns3:TrackPointExtension>
            <ns3:hr>125</ns3:hr>
            <ns3:cad>77</ns3:cad>
          </ns3:TrackPointExtension>
        </extensions>
      </trkpt>
      <trkpt lat="23.04939829744398593902587890625" lon="113.3020497299730777740478515625">
        <ele>6.400000095367431640625</ele>
        <time>2026-09-09T23:07:05.000Z</time>
        <extensions>
          <ns3:TrackPointExtension>
            <ns3:hr>125</ns3:hr>
            <ns3:cad>77</ns3:cad>
          </ns3:TrackPointExtension>
        </extensions>
      </trkpt>
      <trkpt lat="23.0494359321892261505126953125" lon="113.3020490594208240509033203125">
        <ele>6.400000095367431640625</ele>
        <time>2026-09-09T23:07:06.000Z</time>
        <extensions>
          <ns3:TrackPointExtension>
            <ns3:hr>125</ns3:hr>
            <ns3:cad>78</ns3:cad>
          </ns3:TrackPointExtension>
        </extensions>
      </trkpt>
      <trkpt lat="23.04947054944932460784912109375" lon="113.30205450765788555145263671875">
        <ele>6.599999904632568359375</ele>
        <time>2026-09-09T23:07:07.000Z</time>
        <extensions>
          <ns3:TrackPointExtension>
            <ns3:hr>125</ns3:hr>
            <ns3:cad>79</ns3:cad>
          </ns3:TrackPointExtension>
        </extensions>
      </trkpt>
      <trkpt lat="23.04950457997620105743408203125" lon="113.3020597882568836212158203125">
        <ele>6.599999904632568359375</ele>
        <time>2026-09-09T23:07:08.000Z</time>
        <extensions>
          <ns3:TrackPointExtension>
            <ns3:hr>124</ns3:hr>
            <ns3:cad>79</ns3:cad>
          </ns3:TrackPointExtension>
        </extensions>
      </trkpt>
      <trkpt lat="23.0495417118072509765625" lon="113.3020596206188201904296875">
        <ele>6.599999904632568359375</ele>
        <time>2026-09-09T23:07:09.000Z</time>
        <extensions>
          <ns3:TrackPointExtension>
            <ns3:hr>125</ns3:hr>
            <ns3:cad>78</ns3:cad>
          </ns3:TrackPointExtension>
        </extensions>
      </trkpt>
      <trkpt lat="23.04958404041826725006103515625" lon="113.30205484293401241302490234375">
        <ele>6.599999904632568359375</ele>
        <time>2026-09-09T23:07:10.000Z</time>
        <extensions>
          <ns3:TrackPointExtension>
            <ns3:hr>125</ns3:hr>
            <ns3:cad>77</ns3:cad>
          </ns3:TrackPointExtension>
        </extensions>
      </trkpt>
      <trkpt lat="23.0496203340590000152587890625" lon="113.3020554296672344207763671875">
        <ele>6.400000095367431640625</ele>
        <time>2026-09-09T23:07:11.000Z</time>
        <extensions>
          <ns3:TrackPointExtension>
            <ns3:hr>124</ns3:hr>
            <ns3:cad>77</ns3:cad>
          </ns3:TrackPointExtension>
        </extensions>
      </trkpt>
      <trkpt lat="23.04966400377452373504638671875" lon="113.30205249600112438201904296875">
        <ele>6.400000095367431640625</ele>
        <time>2026-09-09T23:07:12.000Z</time>
        <extensions>
          <ns3:TrackPointExtension>
            <ns3:hr>125</ns3:hr>
            <ns3:cad>78</ns3:cad>
          </ns3:TrackPointExtension>
        </extensions>
      </trkpt>
      <trkpt lat="23.04970507510006427764892578125" lon="113.30205383710563182830810546875">
        <ele>6.400000095367431640625</ele>
        <time>2026-09-09T23:07:13.000Z</time>
        <extensions>
          <ns3:TrackPointExtension>
            <ns3:hr>125</ns3:hr>
            <ns3:cad>78</ns3:cad>
          </ns3:TrackPointExtension>
        </extensions>
      </trkpt>
      <trkpt lat="23.049747906625270843505859375" lon="113.30205903388559818267822265625">
        <ele>6.400000095367431640625</ele>
        <time>2026-09-09T23:07:14.000Z</time>
        <extensions>
          <ns3:TrackPointExtension>
            <ns3:hr>125</ns3:hr>
            <ns3:cad>78</ns3:cad>
          </ns3:TrackPointExtension>
        </extensions>
      </trkpt>
      <trkpt lat="23.0497856251895427703857421875" lon="113.30205182544887065887451171875">
        <ele>6.400000095367431640625</ele>
        <time>2026-09-09T23:07:15.000Z</time>
        <extensions>
          <ns3:TrackPointExtension>
            <ns3:hr>125</ns3:hr>
            <ns3:cad>78</ns3:cad>
          </ns3:TrackPointExtension>
        </extensions>
      </trkpt>
      <trkpt lat="23.04981973953545093536376953125" lon="113.3020436950027942657470703125">
        <ele>6.400000095367431640625</ele>
        <time>2026-09-09T23:07:16.000Z</time>
        <extensions>
          <ns3:TrackPointExtension>
            <ns3:hr>125</ns3:hr>
            <ns3:cad>77</ns3:cad>
          </ns3:TrackPointExtension>
        </extensions>
      </trkpt>
      <trkpt lat="23.0498499982059001922607421875" lon="113.3020607940852642059326171875">
        <ele>6.400000095367431640625</ele>
        <time>2026-09-09T23:07:17.000Z</time>
        <extensions>
          <ns3:TrackPointExtension>
            <ns3:hr>125</ns3:hr>
            <ns3:cad>77</ns3:cad>
          </ns3:TrackPointExtension>
        </extensions>
      </trkpt>
      <trkpt lat="23.04987506009638309478759765625" lon="113.30206071026623249053955078125">
        <ele>6.19999980926513671875</ele>
        <time>2026-09-09T23:07:18.000Z</time>
        <extensions>
          <ns3:TrackPointExtension>
            <ns3:hr>126</ns3:hr>
            <ns3:cad>77</ns3:cad>
          </ns3:TrackPointExtension>
        </extensions>
      </trkpt>
      <trkpt lat="23.04990439675748348236083984375" lon="113.3020544238388538360595703125">
        <ele>6.19999980926513671875</ele>
        <time>2026-09-09T23:07:19.000Z</time>
        <extensions>
          <ns3:TrackPointExtension>
            <ns3:hr>127</ns3:hr>
            <ns3:cad>78</ns3:cad>
          </ns3:TrackPointExtension>
        </extensions>
      </trkpt>
      <trkpt lat="23.0499375052750110626220703125" lon="113.30206071026623249053955078125">
        <ele>6.19999980926513671875</ele>
        <time>2026-09-09T23:07:20.000Z</time>
        <extensions>
          <ns3:TrackPointExtension>
            <ns3:hr>128</ns3:hr>
            <ns3:cad>78</ns3:cad>
          </ns3:TrackPointExtension>
        </extensions>
      </trkpt>
      <trkpt lat="23.0499525927007198333740234375" lon="113.3020587824285030364990234375">
        <ele>6.400000095367431640625</ele>
        <time>2026-09-09T23:07:21.000Z</time>
        <extensions>
          <ns3:TrackPointExtension>
            <ns3:hr>128</ns3:hr>
            <ns3:cad>78</ns3:cad>
          </ns3:TrackPointExtension>
        </extensions>
      </trkpt>
      <trkpt lat="23.0499817617237567901611328125" lon="113.302047885954380035400390625">
        <ele>6.400000095367431640625</ele>
        <time>2026-09-09T23:07:22.000Z</time>
        <extensions>
          <ns3:TrackPointExtension>
            <ns3:hr>129</ns3:hr>
            <ns3:cad>77</ns3:cad>
          </ns3:TrackPointExtension>
        </extensions>
      </trkpt>
      <trkpt lat="23.05001570843160152435302734375" lon="113.30204931087791919708251953125">
        <ele>6.400000095367431640625</ele>
        <time>2026-09-09T23:07:23.000Z</time>
        <extensions>
          <ns3:TrackPointExtension>
            <ns3:hr>130</ns3:hr>
            <ns3:cad>77</ns3:cad>
          </ns3:TrackPointExtension>
        </extensions>
      </trkpt>
      <trkpt lat="23.050043284893035888671875" lon="113.3020480535924434661865234375">
        <ele>6.400000095367431640625</ele>
        <time>2026-09-09T23:07:24.000Z</time>
        <extensions>
          <ns3:TrackPointExtension>
            <ns3:hr>131</ns3:hr>
            <ns3:cad>77</ns3:cad>
          </ns3:TrackPointExtension>
        </extensions>
      </trkpt>
      <trkpt lat="23.0500840209424495697021484375" lon="113.30203346908092498779296875">
        <ele>6.400000095367431640625</ele>
        <time>2026-09-09T23:07:25.000Z</time>
        <extensions>
          <ns3:TrackPointExtension>
            <ns3:hr>132</ns3:hr>
            <ns3:cad>78</ns3:cad>
          </ns3:TrackPointExtension>
        </extensions>
      </trkpt>
      <trkpt lat="23.05011763237416744232177734375" lon="113.30203271470963954925537109375">
        <ele>6.19999980926513671875</ele>
        <time>2026-09-09T23:07:26.000Z</time>
        <extensions>
          <ns3:TrackPointExtension>
            <ns3:hr>133</ns3:hr>
            <ns3:cad>78</ns3:cad>
          </ns3:TrackPointExtension>
        </extensions>
      </trkpt>
      <trkpt lat="23.050149567425251007080078125" lon="113.30203003250062465667724609375">
        <ele>6.19999980926513671875</ele>
        <time>2026-09-09T23:07:27.000Z</time>
        <extensions>
          <ns3:TrackPointExtension>
            <ns3:hr>133</ns3:hr>
            <ns3:cad>78</ns3:cad>
          </ns3:TrackPointExtension>
        </extensions>
      </trkpt>
      <trkpt lat="23.05017764680087566375732421875" lon="113.30202215351164340972900390625">
        <ele>6.19999980926513671875</ele>
        <time>2026-09-09T23:07:28.000Z</time>
        <extensions>
          <ns3:TrackPointExtension>
            <ns3:hr>134</ns3:hr>
            <ns3:cad>78</ns3:cad>
          </ns3:TrackPointExtension>
        </extensions>
      </trkpt>
      <trkpt lat="23.050211928784847259521484375" lon="113.30201645381748676300048828125">
        <ele>6.400000095367431640625</ele>
        <time>2026-09-09T23:07:29.000Z</time>
        <extensions>
          <ns3:TrackPointExtension>
            <ns3:hr>135</ns3:hr>
            <ns3:cad>78</ns3:cad>
          </ns3:TrackPointExtension>
        </extensions>
      </trkpt>
      <trkpt lat="23.0502419359982013702392578125" lon="113.30201997421681880950927734375">
        <ele>6.400000095367431640625</ele>
        <time>2026-09-09T23:07:30.000Z</time>
        <extensions>
          <ns3:TrackPointExtension>
            <ns3:hr>136</ns3:hr>
            <ns3:cad>78</ns3:cad>
          </ns3:TrackPointExtension>
        </extensions>
      </trkpt>
      <trkpt lat="23.05026884190738201141357421875" lon="113.302020393311977386474609375">
        <ele>6.400000095367431640625</ele>
        <time>2026-09-09T23:07:31.000Z</time>
        <extensions>
          <ns3:TrackPointExtension>
            <ns3:hr>137</ns3:hr>
            <ns3:cad>78</ns3:cad>
          </ns3:TrackPointExtension>
        </extensions>
      </trkpt>
      <trkpt lat="23.0502979271113872528076171875" lon="113.30202005803585052490234375">
        <ele>6.400000095367431640625</ele>
        <time>2026-09-09T23:07:32.000Z</time>
        <extensions>
          <ns3:TrackPointExtension>
            <ns3:hr>138</ns3:hr>
            <ns3:cad>78</ns3:cad>
          </ns3:TrackPointExtension>
        </extensions>
      </trkpt>
      <trkpt lat="23.05032567121088504791259765625" lon="113.30202617682516574859619140625">
        <ele>6.19999980926513671875</ele>
        <time>2026-09-09T23:07:33.000Z</time>
        <extensions>
          <ns3:TrackPointExtension>
            <ns3:hr>138</ns3:hr>
            <ns3:cad>78</ns3:cad>
          </ns3:TrackPointExtension>
        </extensions>
      </trkpt>
      <trkpt lat="23.05034796707332134246826171875" lon="113.3020192198455333709716796875">
        <ele>6.19999980926513671875</ele>
        <time>2026-09-09T23:07:34.000Z</time>
        <extensions>
          <ns3:TrackPointExtension>
            <ns3:hr>139</ns3:hr>
            <ns3:cad>78</ns3:cad>
          </ns3:TrackPointExtension>
        </extensions>
      </trkpt>
      <trkpt lat="23.0503891222178936004638671875" lon="113.30201226286590099334716796875">
        <ele>6.19999980926513671875</ele>
        <time>2026-09-09T23:07:35.000Z</time>
        <extensions>
          <ns3:TrackPointExtension>
            <ns3:hr>139</ns3:hr>
            <ns3:cad>79</ns3:cad>
          </ns3:TrackPointExtension>
        </extensions>
      </trkpt>
      <trkpt lat="23.05041686631739139556884765625" lon="113.30200891010463237762451171875">
        <ele>6.19999980926513671875</ele>
        <time>2026-09-09T23:07:36.000Z</time>
        <extensions>
          <ns3:TrackPointExtension>
            <ns3:hr>140</ns3:hr>
            <ns3:cad>79</ns3:cad>
          </ns3:TrackPointExtension>
        </extensions>
      </trkpt>
      <trkpt lat="23.0504281818866729736328125" lon="113.30199482850730419158935546875">
        <ele>6.400000095367431640625</ele>
        <time>2026-09-09T23:07:37.000Z</time>
        <extensions>
          <ns3:TrackPointExtension>
            <ns3:hr>140</ns3:hr>
            <ns3:cad>79</ns3:cad>
          </ns3:TrackPointExtension>
        </extensions>
      </trkpt>
      <trkpt lat="23.050439916551113128662109375" lon="113.30198653042316436767578125">
        <ele>6.400000095367431640625</ele>
        <time>2026-09-09T23:07:38.000Z</time>
        <extensions>
          <ns3:TrackPointExtension>
            <ns3:hr>141</ns3:hr>
            <ns3:cad>78</ns3:cad>
          </ns3:TrackPointExtension>
        </extensions>
      </trkpt>
      <trkpt lat="23.05045642890036106109619140625" lon="113.3019843511283397674560546875">
        <ele>6.400000095367431640625</ele>
        <time>2026-09-09T23:07:39.000Z</time>
        <extensions>
          <ns3:TrackPointExtension>
            <ns3:hr>141</ns3:hr>
            <ns3:cad>78</ns3:cad>
          </ns3:TrackPointExtension>
        </extensions>
      </trkpt>
      <trkpt lat="23.05046464316546916961669921875" lon="113.301968760788440704345703125">
        <ele>6.400000095367431640625</ele>
        <time>2026-09-09T23:07:40.000Z</time>
        <extensions>
          <ns3:TrackPointExtension>
            <ns3:hr>142</ns3:hr>
            <ns3:cad>78</ns3:cad>
          </ns3:TrackPointExtension>
        </extensions>
      </trkpt>
      <trkpt lat="23.05045994929969310760498046875" lon="113.30195627175271511077880859375">
        <ele>6.400000095367431640625</ele>
        <time>2026-09-09T23:07:41.000Z</time>
        <extensions>
          <ns3:TrackPointExtension>
            <ns3:hr>143</ns3:hr>
            <ns3:cad>78</ns3:cad>
          </ns3:TrackPointExtension>
        </extensions>
      </trkpt>
      <trkpt lat="23.050495572388172149658203125" lon="113.301947973668575286865234375">
        <ele>6.19999980926513671875</ele>
        <time>2026-09-09T23:07:42.000Z</time>
        <extensions>
          <ns3:TrackPointExtension>
            <ns3:hr>143</ns3:hr>
            <ns3:cad>78</ns3:cad>
          </ns3:TrackPointExtension>
        </extensions>
      </trkpt>
      <trkpt lat="23.05052231065928936004638671875" lon="113.30193514935672283172607421875">
        <ele>6.19999980926513671875</ele>
        <time>2026-09-09T23:07:43.000Z</time>
        <extensions>
          <ns3:TrackPointExtension>
            <ns3:hr>144</ns3:hr>
            <ns3:cad>79</ns3:cad>
          </ns3:TrackPointExtension>
        </extensions>
      </trkpt>
      <trkpt lat="23.0505596101284027099609375" lon="113.3019162900745868682861328125">
        <ele>6</ele>
        <time>2026-09-09T23:07:44.000Z</time>
        <extensions>
          <ns3:TrackPointExtension>
            <ns3:hr>144</ns3:hr>
            <ns3:cad>79</ns3:cad>
          </ns3:TrackPointExtension>
        </extensions>
      </trkpt>
      <trkpt lat="23.05058844387531280517578125" lon="113.301902711391448974609375">
        <ele>6.19999980926513671875</ele>
        <time>2026-09-09T23:07:45.000Z</time>
        <extensions>
          <ns3:TrackPointExtension>
            <ns3:hr>145</ns3:hr>
            <ns3:cad>78</ns3:cad>
          </ns3:TrackPointExtension>
        </extensions>
      </trkpt>
      <trkpt lat="23.05061182938516139984130859375" lon="113.30188770778477191925048828125">
        <ele>6.19999980926513671875</ele>
        <time>2026-09-09T23:07:46.000Z</time>
        <extensions>
          <ns3:TrackPointExtension>
            <ns3:hr>145</ns3:hr>
            <ns3:cad>79</ns3:cad>
          </ns3:TrackPointExtension>
        </extensions>
      </trkpt>
      <trkpt lat="23.05064166896045207977294921875" lon="113.3018720336258411407470703125">
        <ele>6.19999980926513671875</ele>
        <time>2026-09-09T23:07:47.000Z</time>
        <extensions>
          <ns3:TrackPointExtension>
            <ns3:hr>146</ns3:hr>
            <ns3:cad>79</ns3:cad>
          </ns3:TrackPointExtension>
        </extensions>
      </trkpt>
      <trkpt lat="23.05066513828933238983154296875" lon="113.30184898339211940765380859375">
        <ele>6.19999980926513671875</ele>
        <time>2026-09-09T23:07:48.000Z</time>
        <extensions>
          <ns3:TrackPointExtension>
            <ns3:hr>146</ns3:hr>
            <ns3:cad>78</ns3:cad>
          </ns3:TrackPointExtension>
        </extensions>
      </trkpt>
      <trkpt lat="23.0506791360676288604736328125" lon="113.30183272249996662139892578125">
        <ele>6.400000095367431640625</ele>
        <time>2026-09-09T23:07:49.000Z</time>
        <extensions>
          <ns3:TrackPointExtension>
            <ns3:hr>147</ns3:hr>
            <ns3:cad>78</ns3:cad>
          </ns3:TrackPointExtension>
        </extensions>
      </trkpt>
      <trkpt lat="23.0506958998739719390869140625" lon="113.3018197305500507354736328125">
        <ele>6.400000095367431640625</ele>
        <time>2026-09-09T23:07:50.000Z</time>
        <extensions>
          <ns3:TrackPointExtension>
            <ns3:hr>147</ns3:hr>
            <ns3:cad>78</ns3:cad>
          </ns3:TrackPointExtension>
        </extensions>
      </trkpt>
      <trkpt lat="23.0507119931280612945556640625" lon="113.30181478522717952728271484375">
        <ele>6.400000095367431640625</ele>
        <time>2026-09-09T23:07:51.000Z</time>
        <extensions>
          <ns3:TrackPointExtension>
            <ns3:hr>147</ns3:hr>
            <ns3:cad>79</ns3:cad>
          </ns3:TrackPointExtension>
        </extensions>
      </trkpt>
      <trkpt lat="23.0507163517177104949951171875" lon="113.30180724151432514190673828125">
        <ele>6.400000095367431640625</ele>
        <time>2026-09-09T23:07:52.000Z</time>
        <extensions>
          <ns3:TrackPointExtension>
            <ns3:hr>147</ns3:hr>
            <ns3:cad>79</ns3:cad>
          </ns3:TrackPointExtension>
        </extensions>
      </trkpt>
      <trkpt lat="23.05073588155210018157958984375" lon="113.301795758306980133056640625">
        <ele>6.19999980926513671875</ele>
        <time>2026-09-09T23:07:53.000Z</time>
        <extensions>
          <ns3:TrackPointExtension>
            <ns3:hr>146</ns3:hr>
            <ns3:cad>79</ns3:cad>
          </ns3:TrackPointExtension>
        </extensions>
      </trkpt>
      <trkpt lat="23.0507565848529338836669921875" lon="113.30179072916507720947265625">
        <ele>6.19999980926513671875</ele>
        <time>2026-09-09T23:07:54.000Z</time>
        <extensions>
          <ns3:TrackPointExtension>
            <ns3:hr>146</ns3:hr>
            <ns3:cad>79</ns3:cad>
          </ns3:TrackPointExtension>
        </extensions>
      </trkpt>
      <trkpt lat="23.0507795512676239013671875" lon="113.30180221237242221832275390625">
        <ele>6.19999980926513671875</ele>
        <time>2026-09-09T23:07:55.000Z</time>
        <extensions>
          <ns3:TrackPointExtension>
            <ns3:hr>146</ns3:hr>
            <ns3:cad>79</ns3:cad>
          </ns3:TrackPointExtension>
        </extensions>
      </trkpt>
      <trkpt lat="23.05080058984458446502685546875" lon="113.3018073253333568572998046875">
        <ele>6.19999980926513671875</ele>
        <time>2026-09-09T23:07:56.000Z</time>
        <extensions>
          <ns3:TrackPointExtension>
            <ns3:hr>146</ns3:hr>
            <ns3:cad>79</ns3:cad>
          </ns3:TrackPointExtension>
        </extensions>
      </trkpt>
      <trkpt lat="23.05081953294575214385986328125" lon="113.30180221237242221832275390625">
        <ele>6.400000095367431640625</ele>
        <time>2026-09-09T23:07:57.000Z</time>
        <extensions>
          <ns3:TrackPointExtension>
            <ns3:hr>145</ns3:hr>
            <ns3:cad>79</ns3:cad>
          </ns3:TrackPointExtension>
        </extensions>
      </trkpt>
      <trkpt lat="23.050840906798839569091796875" lon="113.30180145800113677978515625">
        <ele>6.400000095367431640625</ele>
        <time>2026-09-09T23:07:58.000Z</time>
        <extensions>
          <ns3:TrackPointExtension>
            <ns3:hr>145</ns3:hr>
            <ns3:cad>79</ns3:cad>
          </ns3:TrackPointExtension>
        </extensions>
      </trkpt>
      <trkpt lat="23.05085800588130950927734375" lon="113.30180187709629535675048828125">
        <ele>6.400000095367431640625</ele>
        <time>2026-09-09T23:07:59.000Z</time>
        <extensions>
          <ns3:TrackPointExtension>
            <ns3:hr>144</ns3:hr>
            <ns3:cad>79</ns3:cad>
          </ns3:TrackPointExtension>
        </extensions>
      </trkpt>
      <trkpt lat="23.0508789606392383575439453125" lon="113.30180556513369083404541015625">
        <ele>6.400000095367431640625</ele>
        <time>2026-09-09T23:08:00.000Z</time>
        <extensions>
          <ns3:TrackPointExtension>
            <ns3:hr>144</ns3:hr>
            <ns3:cad>79</ns3:cad>
          </ns3:TrackPointExtension>
        </extensions>
      </trkpt>
      <trkpt lat="23.05089983157813549041748046875" lon="113.3018083311617374420166015625">
        <ele>6.599999904632568359375</ele>
        <time>2026-09-09T23:08:01.000Z</time>
        <extensions>
          <ns3:TrackPointExtension>
            <ns3:hr>144</ns3:hr>
            <ns3:cad>79</ns3:cad>
          </ns3:TrackPointExtension>
        </extensions>
      </trkpt>
      <trkpt lat="23.0509195290505886077880859375" lon="113.30181210301816463470458984375">
        <ele>6.599999904632568359375</ele>
        <time>2026-09-09T23:08:02.000Z</time>
        <extensions>
          <ns3:TrackPointExtension>
            <ns3:hr>144</ns3:hr>
            <ns3:cad>79</ns3:cad>
          </ns3:TrackPointExtension>
        </extensions>
      </trkpt>
      <trkpt lat="23.05093402974307537078857421875" lon="113.30180908553302288055419921875">
        <ele>6.599999904632568359375</ele>
        <time>2026-09-09T23:08:03.000Z</time>
        <extensions>
          <ns3:TrackPointExtension>
            <ns3:hr>144</ns3:hr>
            <ns3:cad>79</ns3:cad>
          </ns3:TrackPointExtension>
        </extensions>
      </trkpt>
      <trkpt lat="23.05094626732170581817626953125" lon="113.3018110133707523345947265625">
        <ele>6.599999904632568359375</ele>
        <time>2026-09-09T23:08:04.000Z</time>
        <extensions>
          <ns3:TrackPointExtension>
            <ns3:hr>143</ns3:hr>
            <ns3:cad>79</ns3:cad>
          </ns3:TrackPointExtension>
        </extensions>
      </trkpt>
      <trkpt lat="23.05095632560551166534423828125" lon="113.30179877579212188720703125">
        <ele>6.599999904632568359375</ele>
        <time>2026-09-09T23:08:05.000Z</time>
        <extensions>
          <ns3:TrackPointExtension>
            <ns3:hr>143</ns3:hr>
            <ns3:cad>78</ns3:cad>
          </ns3:TrackPointExtension>
        </extensions>
      </trkpt>
      <trkpt lat="23.05098113603889942169189453125" lon="113.301799111068248748779296875">
        <ele>6.599999904632568359375</ele>
        <time>2026-09-09T23:08:06.000Z</time>
        <extensions>
          <ns3:TrackPointExtension>
            <ns3:hr>143</ns3:hr>
            <ns3:cad>78</ns3:cad>
          </ns3:TrackPointExtension>
        </extensions>
      </trkpt>
      <trkpt lat="23.0509919486939907073974609375" lon="113.30181411467492580413818359375">
        <ele>6.599999904632568359375</ele>
        <time>2026-09-09T23:08:07.000Z</time>
        <extensions>
          <ns3:TrackPointExtension>
            <ns3:hr>143</ns3:hr>
            <ns3:cad>78</ns3:cad>
          </ns3:TrackPointExtension>
        </extensions>
      </trkpt>
      <trkpt lat="23.05100611411035060882568359375" lon="113.30180774442851543426513671875">
        <ele>6.599999904632568359375</ele>
        <time>2026-09-09T23:08:08.000Z</time>
        <extensions>
          <ns3:TrackPointExtension>
            <ns3:hr>143</ns3:hr>
            <ns3:cad>80</ns3:cad>
          </ns3:TrackPointExtension>
        </extensions>
      </trkpt>
      <trkpt lat="23.0510227940976619720458984375" lon="113.3018128573894500732421875">
        <ele>6.599999904632568359375</ele>
        <time>2026-09-09T23:08:09.000Z</time>
        <extensions>
          <ns3:TrackPointExtension>
            <ns3:hr>143</ns3:hr>
            <ns3:cad>80</ns3:cad>
          </ns3:TrackPointExtension>
        </extensions>
      </trkpt>
      <trkpt lat="23.051019608974456787109375" lon="113.3018240891396999359130859375">
        <ele>6.599999904632568359375</ele>
        <time>2026-09-09T23:08:10.000Z</time>
        <extensions>
          <ns3:TrackPointExtension>
            <ns3:hr>143</ns3:hr>
            <ns3:cad>80</ns3:cad>
          </ns3:TrackPointExtension>
        </extensions>
      </trkpt>
      <trkpt lat="23.0510154180228710174560546875" lon="113.30184496007859706878662109375">
        <ele>6.400000095367431640625</ele>
        <time>2026-09-09T23:08:11.000Z</time>
        <extensions>
          <ns3:TrackPointExtension>
            <ns3:hr>143</ns3:hr>
            <ns3:cad>79</ns3:cad>
          </ns3:TrackPointExtension>
        </extensions>
      </trkpt>
      <trkpt lat="23.051017262041568756103515625" lon="113.3018673397600650787353515625">
        <ele>6.400000095367431640625</ele>
        <time>2026-09-09T23:08:12.000Z</time>
        <extensions>
          <ns3:TrackPointExtension>
            <ns3:hr>143</ns3:hr>
            <ns3:cad>79</ns3:cad>
          </ns3:TrackPointExtension>
        </extensions>
      </trkpt>
      <trkpt lat="23.05101147852838039398193359375" lon="113.30188930034637451171875">
        <ele>6.400000095367431640625</ele>
        <time>2026-09-09T23:08:13.000Z</time>
        <extensions>
          <ns3:TrackPointExtension>
            <ns3:hr>142</ns3:hr>
            <ns3:cad>78</ns3:cad>
          </ns3:TrackPointExtension>
        </extensions>
      </trkpt>
      <trkpt lat="23.05100686848163604736328125" lon="113.3019120991230010986328125">
        <ele>6.400000095367431640625</ele>
        <time>2026-09-09T23:08:14.000Z</time>
        <extensions>
          <ns3:TrackPointExtension>
            <ns3:hr>142</ns3:hr>
            <ns3:cad>78</ns3:cad>
          </ns3:TrackPointExtension>
        </extensions>
      </trkpt>
      <trkpt lat="23.051009885966777801513671875" lon="113.301929868757724761962890625">
        <ele>6.400000095367431640625</ele>
        <time>2026-09-09T23:08:15.000Z</time>
        <extensions>
          <ns3:TrackPointExtension>
            <ns3:hr>142</ns3:hr>
            <ns3:cad>78</ns3:cad>
          </ns3:TrackPointExtension>
        </extensions>
      </trkpt>
      <trkpt lat="23.05100024677813053131103515625" lon="113.30195962451398372650146484375">
        <ele>6.400000095367431640625</ele>
        <time>2026-09-09T23:08:16.000Z</time>
        <extensions>
          <ns3:TrackPointExtension>
            <ns3:hr>142</ns3:hr>
            <ns3:cad>78</ns3:cad>
          </ns3:TrackPointExtension>
        </extensions>
      </trkpt>
      <trkpt lat="23.05096604861319065093994140625" lon="113.301988542079925537109375">
        <ele>6.400000095367431640625</ele>
        <time>2026-09-09T23:08:17.000Z</time>
        <extensions>
          <ns3:TrackPointExtension>
            <ns3:hr>142</ns3:hr>
            <ns3:cad>78</ns3:cad>
          </ns3:TrackPointExtension>
        </extensions>
      </trkpt>
      <trkpt lat="23.05095381103456020355224609375" lon="113.30200790427625179290771484375">
        <ele>6.400000095367431640625</ele>
        <time>2026-09-09T23:08:18.000Z</time>
        <extensions>
          <ns3:TrackPointExtension>
            <ns3:hr>142</ns3:hr>
            <ns3:cad>78</ns3:cad>
          </ns3:TrackPointExtension>
        </extensions>
      </trkpt>
      <trkpt lat="23.05093252100050449371337890625" lon="113.3020396716892719268798828125">
        <ele>6.400000095367431640625</ele>
        <time>2026-09-09T23:08:19.000Z</time>
        <extensions>
          <ns3:TrackPointExtension>
            <ns3:hr>142</ns3:hr>
            <ns3:cad>79</ns3:cad>
          </ns3:TrackPointExtension>
        </extensions>
      </trkpt>
      <trkpt lat="23.0509064532816410064697265625" lon="113.3020587824285030364990234375">
        <ele>6.400000095367431640625</ele>
        <time>2026-09-09T23:08:20.000Z</time>
        <extensions>
          <ns3:TrackPointExtension>
            <ns3:hr>142</ns3:hr>
            <ns3:cad>80</ns3:cad>
          </ns3:TrackPointExtension>
        </extensions>
      </trkpt>
      <trkpt lat="23.05090854875743389129638671875" lon="113.30208308994770050048828125">
        <ele>6.400000095367431640625</ele>
        <time>2026-09-09T23:08:21.000Z</time>
        <extensions>
          <ns3:TrackPointExtension>
            <ns3:hr>142</ns3:hr>
            <ns3:cad>80</ns3:cad>
          </ns3:TrackPointExtension>
        </extensions>
      </trkpt>
      <trkpt lat="23.05090435780584812164306640625" lon="113.30210697837173938751220703125">
        <ele>6.400000095367431640625</ele>
        <time>2026-09-09T23:08:22.000Z</time>
        <extensions>
          <ns3:TrackPointExtension>
            <ns3:hr>142</ns3:hr>
            <ns3:cad>79</ns3:cad>
          </ns3:TrackPointExtension>
        </extensions>
      </trkpt>
      <trkpt lat="23.0508943833410739898681640625" lon="113.3021400868892669677734375">
        <ele>6.400000095367431640625</ele>
        <time>2026-09-09T23:08:23.000Z</time>
        <extensions>
          <ns3:TrackPointExtension>
            <ns3:hr>141</ns3:hr>
            <ns3:cad>79</ns3:cad>
          </ns3:TrackPointExtension>
        </extensions>
      </trkpt>
      <trkpt lat="23.0508895218372344970703125" lon="113.30216162838041782379150390625">
        <ele>6.400000095367431640625</ele>
        <time>2026-09-09T23:08:24.000Z</time>
        <extensions>
          <ns3:TrackPointExtension>
            <ns3:hr>142</ns3:hr>
            <ns3:cad>78</ns3:cad>
          </ns3:TrackPointExtension>
        </extensions>
      </trkpt>
      <trkpt lat="23.05088206194341182708740234375" lon="113.30218928866088390350341796875">
        <ele>6.400000095367431640625</ele>
        <time>2026-09-09T23:08:25.000Z</time>
        <extensions>
          <ns3:TrackPointExtension>
            <ns3:hr>141</ns3:hr>
            <ns3:cad>78</ns3:cad>
          </ns3:TrackPointExtension>
        </extensions>
      </trkpt>
      <trkpt lat="23.05087083019316196441650390625" lon="113.30221544019877910614013671875">
        <ele>6.400000095367431640625</ele>
        <time>2026-09-09T23:08:26.000Z</time>
        <extensions>
          <ns3:TrackPointExtension>
            <ns3:hr>141</ns3:hr>
            <ns3:cad>78</ns3:cad>
          </ns3:TrackPointExtension>
        </extensions>
      </trkpt>
      <trkpt lat="23.05087720043957233428955078125" lon="113.30224108882248401641845703125">
        <ele>6.19999980926513671875</ele>
        <time>2026-09-09T23:08:27.000Z</time>
        <extensions>
          <ns3:TrackPointExtension>
            <ns3:hr>141</ns3:hr>
            <ns3:cad>79</ns3:cad>
          </ns3:TrackPointExtension>
        </extensions>
      </trkpt>
      <trkpt lat="23.05087954737246036529541015625" lon="113.30227260477840900421142578125">
        <ele>6.19999980926513671875</ele>
        <time>2026-09-09T23:08:28.000Z</time>
        <extensions>
          <ns3:TrackPointExtension>
            <ns3:hr>141</ns3:hr>
            <ns3:cad>79</ns3:cad>
          </ns3:TrackPointExtension>
        </extensions>
      </trkpt>
      <trkpt lat="23.05086378939449787139892578125" lon="113.3023011870682239532470703125">
        <ele>6.19999980926513671875</ele>
        <time>2026-09-09T23:08:29.000Z</time>
        <extensions>
          <ns3:TrackPointExtension>
            <ns3:hr>142</ns3:hr>
            <ns3:cad>79</ns3:cad>
          </ns3:TrackPointExtension>
        </extensions>
      </trkpt>
      <trkpt lat="23.050850965082645416259765625" lon="113.30231049098074436187744140625">
        <ele>6.19999980926513671875</ele>
        <time>2026-09-09T23:08:30.000Z</time>
        <extensions>
          <ns3:TrackPointExtension>
            <ns3:hr>141</ns3:hr>
            <ns3:cad>79</ns3:cad>
          </ns3:TrackPointExtension>
        </extensions>
      </trkpt>
      <trkpt lat="23.05084325373172760009765625" lon="113.30232205800712108612060546875">
        <ele>6.19999980926513671875</ele>
        <time>2026-09-09T23:08:31.000Z</time>
        <extensions>
          <ns3:TrackPointExtension>
            <ns3:hr>141</ns3:hr>
            <ns3:cad>78</ns3:cad>
          </ns3:TrackPointExtension>
        </extensions>
      </trkpt>
      <trkpt lat="23.05082942359149456024169921875" lon="113.30234351567924022674560546875">
        <ele>6.19999980926513671875</ele>
        <time>2026-09-09T23:08:32.000Z</time>
        <extensions>
          <ns3:TrackPointExtension>
            <ns3:hr>141</ns3:hr>
            <ns3:cad>78</ns3:cad>
          </ns3:TrackPointExtension>
        </extensions>
      </trkpt>
      <trkpt lat="23.05082850158214569091796875" lon="113.30235659144818782806396484375">
        <ele>6.19999980926513671875</ele>
        <time>2026-09-09T23:08:33.000Z</time>
        <extensions>
          <ns3:TrackPointExtension>
            <ns3:hr>142</ns3:hr>
            <ns3:cad>78</ns3:cad>
          </ns3:TrackPointExtension>
        </extensions>
      </trkpt>
      <trkpt lat="23.05083830840885639190673828125" lon="113.30237318761646747589111328125">
        <ele>6.19999980926513671875</ele>
        <time>2026-09-09T23:08:34.000Z</time>
        <extensions>
          <ns3:TrackPointExtension>
            <ns3:hr>141</ns3:hr>
            <ns3:cad>78</ns3:cad>
          </ns3:TrackPointExtension>
        </extensions>
      </trkpt>
      <trkpt lat="23.05082087405025959014892578125" lon="113.302396237850189208984375">
        <ele>6</ele>
        <time>2026-09-09T23:08:35.000Z</time>
        <extensions>
          <ns3:TrackPointExtension>
            <ns3:hr>141</ns3:hr>
            <ns3:cad>79</ns3:cad>
          </ns3:TrackPointExtension>
        </extensions>
      </trkpt>
      <trkpt lat="23.05080746300518512725830078125" lon="113.3024067990481853485107421875">
        <ele>6</ele>
        <time>2026-09-09T23:08:36.000Z</time>
        <extensions>
          <ns3:TrackPointExtension>
            <ns3:hr>141</ns3:hr>
            <ns3:cad>79</ns3:cad>
          </ns3:TrackPointExtension>
        </extensions>
      </trkpt>
      <trkpt lat="23.050808720290660858154296875" lon="113.302416019141674041748046875">
        <ele>6</ele>
        <time>2026-09-09T23:08:37.000Z</time>
        <extensions>
          <ns3:TrackPointExtension>
            <ns3:hr>142</ns3:hr>
            <ns3:cad>79</ns3:cad>
          </ns3:TrackPointExtension>
        </extensions>
      </trkpt>
      <trkpt lat="23.05079824291169643402099609375" lon="113.30244258977472782135009765625">
        <ele>6</ele>
        <time>2026-09-09T23:08:38.000Z</time>
        <extensions>
          <ns3:TrackPointExtension>
            <ns3:hr>141</ns3:hr>
            <ns3:cad>79</ns3:cad>
          </ns3:TrackPointExtension>
        </extensions>
      </trkpt>
      <trkpt lat="23.050799667835235595703125" lon="113.3024544082581996917724609375">
        <ele>6</ele>
        <time>2026-09-09T23:08:39.000Z</time>
        <extensions>
          <ns3:TrackPointExtension>
            <ns3:hr>141</ns3:hr>
            <ns3:cad>79</ns3:cad>
          </ns3:TrackPointExtension>
        </extensions>
      </trkpt>
      <trkpt lat="23.05079556070268154144287109375" lon="113.30246773548424243927001953125">
        <ele>6</ele>
        <time>2026-09-09T23:08:40.000Z</time>
        <extensions>
          <ns3:TrackPointExtension>
            <ns3:hr>141</ns3:hr>
            <ns3:cad>79</ns3:cad>
          </ns3:TrackPointExtension>
        </extensions>
      </trkpt>
      <trkpt lat="23.05078231729567050933837890625" lon="113.3024902828037738800048828125">
        <ele>6</ele>
        <time>2026-09-09T23:08:41.000Z</time>
        <extensions>
          <ns3:TrackPointExtension>
            <ns3:hr>141</ns3:hr>
            <ns3:cad>79</ns3:cad>
          </ns3:TrackPointExtension>
        </extensions>
      </trkpt>
      <trkpt lat="23.05077477358281612396240234375" lon="113.30250863917171955108642578125">
        <ele>6</ele>
        <time>2026-09-09T23:08:42.000Z</time>
        <extensions>
          <ns3:TrackPointExtension>
            <ns3:hr>141</ns3:hr>
            <ns3:cad>79</ns3:cad>
          </ns3:TrackPointExtension>
        </extensions>
      </trkpt>
      <trkpt lat="23.050772845745086669921875" lon="113.30253906548023223876953125">
        <ele>6</ele>
        <time>2026-09-09T23:08:43.000Z</time>
        <extensions>
          <ns3:TrackPointExtension>
            <ns3:hr>141</ns3:hr>
            <ns3:cad>79</ns3:cad>
          </ns3:TrackPointExtension>
        </extensions>
      </trkpt>
      <trkpt lat="23.05076010525226593017578125" lon="113.30257167108356952667236328125">
        <ele>6</ele>
        <time>2026-09-09T23:08:44.000Z</time>
        <extensions>
          <ns3:TrackPointExtension>
            <ns3:hr>141</ns3:hr>
            <ns3:cad>79</ns3:cad>
          </ns3:TrackPointExtension>
        </extensions>
      </trkpt>
      <trkpt lat="23.05076010525226593017578125" lon="113.3025979064404964447021484375">
        <ele>6</ele>
        <time>2026-09-09T23:08:45.000Z</time>
        <extensions>
          <ns3:TrackPointExtension>
            <ns3:hr>141</ns3:hr>
            <ns3:cad>79</ns3:cad>
          </ns3:TrackPointExtension>
        </extensions>
      </trkpt>
      <trkpt lat="23.0507661402225494384765625" lon="113.3026297576725482940673828125">
        <ele>6</ele>
        <time>2026-09-09T23:08:46.000Z</time>
        <extensions>
          <ns3:TrackPointExtension>
            <ns3:hr>140</ns3:hr>
            <ns3:cad>79</ns3:cad>
          </ns3:TrackPointExtension>
        </extensions>
      </trkpt>
      <trkpt lat="23.05075214244425296783447265625" lon="113.3026693202555179595947265625">
        <ele>6</ele>
        <time>2026-09-09T23:08:47.000Z</time>
        <extensions>
          <ns3:TrackPointExtension>
            <ns3:hr>140</ns3:hr>
            <ns3:cad>79</ns3:cad>
          </ns3:TrackPointExtension>
        </extensions>
      </trkpt>
      <trkpt lat="23.05075113661587238311767578125" lon="113.3026927895843982696533203125">
        <ele>6</ele>
        <time>2026-09-09T23:08:48.000Z</time>
        <extensions>
          <ns3:TrackPointExtension>
            <ns3:hr>140</ns3:hr>
            <ns3:cad>79</ns3:cad>
          </ns3:TrackPointExtension>
        </extensions>
      </trkpt>
      <trkpt lat="23.05074795149266719818115234375" lon="113.3027219586074352264404296875">
        <ele>6</ele>
        <time>2026-09-09T23:08:49.000Z</time>
        <extensions>
          <ns3:TrackPointExtension>
            <ns3:hr>140</ns3:hr>
            <ns3:cad>79</ns3:cad>
          </ns3:TrackPointExtension>
        </extensions>
      </trkpt>
      <trkpt lat="23.0507433414459228515625" lon="113.30275724641978740692138671875">
        <ele>6</ele>
        <time>2026-09-09T23:08:50.000Z</time>
        <extensions>
          <ns3:TrackPointExtension>
            <ns3:hr>142</ns3:hr>
            <ns3:cad>79</ns3:cad>
          </ns3:TrackPointExtension>
        </extensions>
      </trkpt>
      <trkpt lat="23.0507404915988445281982421875" lon="113.30276613123714923858642578125">
        <ele>6.19999980926513671875</ele>
        <time>2026-09-09T23:08:51.000Z</time>
        <extensions>
          <ns3:TrackPointExtension>
            <ns3:hr>143</ns3:hr>
            <ns3:cad>79</ns3:cad>
          </ns3:TrackPointExtension>
        </extensions>
      </trkpt>
      <trkpt lat="23.05074409581720829010009765625" lon="113.30277183093130588531494140625">
        <ele>6.19999980926513671875</ele>
        <time>2026-09-09T23:08:52.000Z</time>
        <extensions>
          <ns3:TrackPointExtension>
            <ns3:hr>145</ns3:hr>
            <ns3:cad>80</ns3:cad>
          </ns3:TrackPointExtension>
        </extensions>
      </trkpt>
      <trkpt lat="23.05073420517146587371826171875" lon="113.3027990721166133880615234375">
        <ele>6.400000095367431640625</ele>
        <time>2026-09-09T23:08:53.000Z</time>
        <extensions>
          <ns3:TrackPointExtension>
            <ns3:hr>146</ns3:hr>
            <ns3:cad>80</ns3:cad>
          </ns3:TrackPointExtension>
        </extensions>
      </trkpt>
      <trkpt lat="23.05073839612305164337158203125" lon="113.30281306989490985870361328125">
        <ele>6.599999904632568359375</ele>
        <time>2026-09-09T23:08:54.000Z</time>
        <extensions>
          <ns3:TrackPointExtension>
            <ns3:hr>146</ns3:hr>
            <ns3:cad>80</ns3:cad>
          </ns3:TrackPointExtension>
        </extensions>
      </trkpt>
      <trkpt lat="23.05073621682822704315185546875" lon="113.3028382994234561920166015625">
        <ele>7</ele>
        <time>2026-09-09T23:08:55.000Z</time>
        <extensions>
          <ns3:TrackPointExtension>
            <ns3:hr>146</ns3:hr>
            <ns3:cad>80</ns3:cad>
          </ns3:TrackPointExtension>
        </extensions>
      </trkpt>
      <trkpt lat="23.0507264100015163421630859375" lon="113.3028694801032543182373046875">
        <ele>7.19999980926513671875</ele>
        <time>2026-09-09T23:08:56.000Z</time>
        <extensions>
          <ns3:TrackPointExtension>
            <ns3:hr>146</ns3:hr>
            <ns3:cad>80</ns3:cad>
          </ns3:TrackPointExtension>
        </extensions>
      </trkpt>
      <trkpt lat="23.0507264100015163421630859375" lon="113.30289605073630809783935546875">
        <ele>7.19999980926513671875</ele>
        <time>2026-09-09T23:08:57.000Z</time>
        <extensions>
          <ns3:TrackPointExtension>
            <ns3:hr>146</ns3:hr>
            <ns3:cad>79</ns3:cad>
          </ns3:TrackPointExtension>
        </extensions>
      </trkpt>
      <trkpt lat="23.05073194205760955810546875" lon="113.3029152452945709228515625">
        <ele>7.400000095367431640625</ele>
        <time>2026-09-09T23:08:58.000Z</time>
        <extensions>
          <ns3:TrackPointExtension>
            <ns3:hr>146</ns3:hr>
            <ns3:cad>79</ns3:cad>
          </ns3:TrackPointExtension>
        </extensions>
      </trkpt>
      <trkpt lat="23.050715513527393341064453125" lon="113.3029475994408130645751953125">
        <ele>7.400000095367431640625</ele>
        <time>2026-09-09T23:08:59.000Z</time>
        <extensions>
          <ns3:TrackPointExtension>
            <ns3:hr>146</ns3:hr>
            <ns3:cad>79</ns3:cad>
          </ns3:TrackPointExtension>
        </extensions>
      </trkpt>
      <trkpt lat="23.0507106520235538482666015625" lon="113.30295489169657230377197265625">
        <ele>7.400000095367431640625</ele>
        <time>2026-09-09T23:09:00.000Z</time>
        <extensions>
          <ns3:TrackPointExtension>
            <ns3:hr>147</ns3:hr>
            <ns3:cad>80</ns3:cad>
          </ns3:TrackPointExtension>
        </extensions>
      </trkpt>
      <trkpt lat="23.05070537142455577850341796875" lon="113.30295992083847522735595703125">
        <ele>7.400000095367431640625</ele>
        <time>2026-09-09T23:09:01.000Z</time>
        <extensions>
          <ns3:TrackPointExtension>
            <ns3:hr>147</ns3:hr>
            <ns3:cad>80</ns3:cad>
          </ns3:TrackPointExtension>
        </extensions>
      </trkpt>
      <trkpt lat="23.0506962351500988006591796875" lon="113.3029911853373050689697265625">
        <ele>7.400000095367431640625</ele>
        <time>2026-09-09T23:09:02.000Z</time>
        <extensions>
          <ns3:TrackPointExtension>
            <ns3:hr>147</ns3:hr>
            <ns3:cad>80</ns3:cad>
          </ns3:TrackPointExtension>
        </extensions>
      </trkpt>
      <trkpt lat="23.0506878532469272613525390625" lon="113.3030263893306255340576171875">
        <ele>7.400000095367431640625</ele>
        <time>2026-09-09T23:09:03.000Z</time>
        <extensions>
          <ns3:TrackPointExtension>
            <ns3:hr>147</ns3:hr>
            <ns3:cad>80</ns3:cad>
          </ns3:TrackPointExtension>
        </extensions>
      </trkpt>
      <trkpt lat="23.05068894289433956146240234375" lon="113.3030605874955654144287109375">
        <ele>7.400000095367431640625</ele>
        <time>2026-09-09T23:09:04.000Z</time>
        <extensions>
          <ns3:TrackPointExtension>
            <ns3:hr>147</ns3:hr>
            <ns3:cad>80</ns3:cad>
          </ns3:TrackPointExtension>
        </extensions>
      </trkpt>
      <trkpt lat="23.05068609304726123809814453125" lon="113.30310291610658168792724609375">
        <ele>7.400000095367431640625</ele>
        <time>2026-09-09T23:09:05.000Z</time>
        <extensions>
          <ns3:TrackPointExtension>
            <ns3:hr>147</ns3:hr>
            <ns3:cad>80</ns3:cad>
          </ns3:TrackPointExtension>
        </extensions>
      </trkpt>
      <trkpt lat="23.0506834946572780609130859375" lon="113.30312537960708141326904296875">
        <ele>7.19999980926513671875</ele>
        <time>2026-09-09T23:09:06.000Z</time>
        <extensions>
          <ns3:TrackPointExtension>
            <ns3:hr>147</ns3:hr>
            <ns3:cad>79</ns3:cad>
          </ns3:TrackPointExtension>
        </extensions>
      </trkpt>
      <trkpt lat="23.05068944580852985382080078125" lon="113.3031485974788665771484375">
        <ele>7.19999980926513671875</ele>
        <time>2026-09-09T23:09:07.000Z</time>
        <extensions>
          <ns3:TrackPointExtension>
            <ns3:hr>149</ns3:hr>
            <ns3:cad>79</ns3:cad>
          </ns3:TrackPointExtension>
        </extensions>
      </trkpt>
      <trkpt lat="23.0506789684295654296875" lon="113.3031826280057430267333984375">
        <ele>7.19999980926513671875</ele>
        <time>2026-09-09T23:09:08.000Z</time>
        <extensions>
          <ns3:TrackPointExtension>
            <ns3:hr>150</ns3:hr>
            <ns3:cad>79</ns3:cad>
          </ns3:TrackPointExtension>
        </extensions>
      </trkpt>
      <trkpt lat="23.05067301727831363677978515625" lon="113.30320157110691070556640625">
        <ele>7.19999980926513671875</ele>
        <time>2026-09-09T23:09:09.000Z</time>
        <extensions>
          <ns3:TrackPointExtension>
            <ns3:hr>151</ns3:hr>
            <ns3:cad>79</ns3:cad>
          </ns3:TrackPointExtension>
        </extensions>
      </trkpt>
      <trkpt lat="23.050673939287662506103515625" lon="113.303222693502902984619140625">
        <ele>7.19999980926513671875</ele>
        <time>2026-09-09T23:09:10.000Z</time>
        <extensions>
          <ns3:TrackPointExtension>
            <ns3:hr>151</ns3:hr>
            <ns3:cad>80</ns3:cad>
          </ns3:TrackPointExtension>
        </extensions>
      </trkpt>
      <trkpt lat="23.05066279135644435882568359375" lon="113.3032553829252719879150390625">
        <ele>7.19999980926513671875</ele>
        <time>2026-09-09T23:09:11.000Z</time>
        <extensions>
          <ns3:TrackPointExtension>
            <ns3:hr>151</ns3:hr>
            <ns3:cad>80</ns3:cad>
          </ns3:TrackPointExtension>
        </extensions>
      </trkpt>
      <trkpt lat="23.05065684020519256591796875" lon="113.30327373929321765899658203125">
        <ele>7.19999980926513671875</ele>
        <time>2026-09-09T23:09:12.000Z</time>
        <extensions>
          <ns3:TrackPointExtension>
            <ns3:hr>151</ns3:hr>
            <ns3:cad>80</ns3:cad>
          </ns3:TrackPointExtension>
        </extensions>
      </trkpt>
      <trkpt lat="23.0506633780896663665771484375" lon="113.3032936044037342071533203125">
        <ele>7.400000095367431640625</ele>
        <time>2026-09-09T23:09:13.000Z</time>
        <extensions>
          <ns3:TrackPointExtension>
            <ns3:hr>151</ns3:hr>
            <ns3:cad>80</ns3:cad>
          </ns3:TrackPointExtension>
        </extensions>
      </trkpt>
      <trkpt lat="23.05065206252038478851318359375" lon="113.30332168377935886383056640625">
        <ele>7.400000095367431640625</ele>
        <time>2026-09-09T23:09:14.000Z</time>
        <extensions>
          <ns3:TrackPointExtension>
            <ns3:hr>151</ns3:hr>
            <ns3:cad>79</ns3:cad>
          </ns3:TrackPointExtension>
        </extensions>
      </trkpt>
      <trkpt lat="23.0506533198058605194091796875" lon="113.3033435605466365814208984375">
        <ele>7.400000095367431640625</ele>
        <time>2026-09-09T23:09:15.000Z</time>
        <extensions>
          <ns3:TrackPointExtension>
            <ns3:hr>151</ns3:hr>
            <ns3:cad>79</ns3:cad>
          </ns3:TrackPointExtension>
        </extensions>
      </trkpt>
      <trkpt lat="23.0506588518619537353515625" lon="113.303366191685199737548828125">
        <ele>7.400000095367431640625</ele>
        <time>2026-09-09T23:09:16.000Z</time>
        <extensions>
          <ns3:TrackPointExtension>
            <ns3:hr>151</ns3:hr>
            <ns3:cad>79</ns3:cad>
          </ns3:TrackPointExtension>
        </extensions>
      </trkpt>
      <trkpt lat="23.05065558291971683502197265625" lon="113.30339871346950531005859375">
        <ele>7.400000095367431640625</ele>
        <time>2026-09-09T23:09:17.000Z</time>
        <extensions>
          <ns3:TrackPointExtension>
            <ns3:hr>151</ns3:hr>
            <ns3:cad>79</ns3:cad>
          </ns3:TrackPointExtension>
        </extensions>
      </trkpt>
      <trkpt lat="23.05065214633941650390625" lon="113.30341991968452930450439453125">
        <ele>7.400000095367431640625</ele>
        <time>2026-09-09T23:09:18.000Z</time>
        <extensions>
          <ns3:TrackPointExtension>
            <ns3:hr>151</ns3:hr>
            <ns3:cad>79</ns3:cad>
          </ns3:TrackPointExtension>
        </extensions>
      </trkpt>
      <trkpt lat="23.05065508000552654266357421875" lon="113.30343316309154033660888671875">
        <ele>7.400000095367431640625</ele>
        <time>2026-09-09T23:09:19.000Z</time>
        <extensions>
          <ns3:TrackPointExtension>
            <ns3:hr>151</ns3:hr>
            <ns3:cad>79</ns3:cad>
          </ns3:TrackPointExtension>
        </extensions>
      </trkpt>
      <trkpt lat="23.0506481230258941650390625" lon="113.30345964990556240081787109375">
        <ele>7.400000095367431640625</ele>
        <time>2026-09-09T23:09:20.000Z</time>
        <extensions>
          <ns3:TrackPointExtension>
            <ns3:hr>151</ns3:hr>
            <ns3:cad>79</ns3:cad>
          </ns3:TrackPointExtension>
        </extensions>
      </trkpt>
      <trkpt lat="23.05064301006495952606201171875" lon="113.3034803532063961029052734375">
        <ele>7.400000095367431640625</ele>
        <time>2026-09-09T23:09:21.000Z</time>
        <extensions>
          <ns3:TrackPointExtension>
            <ns3:hr>151</ns3:hr>
            <ns3:cad>79</ns3:cad>
          </ns3:TrackPointExtension>
        </extensions>
      </trkpt>
      <trkpt lat="23.05064602755010128021240234375" lon="113.30349569208920001983642578125">
        <ele>7.400000095367431640625</ele>
        <time>2026-09-09T23:09:22.000Z</time>
        <extensions>
          <ns3:TrackPointExtension>
            <ns3:hr>150</ns3:hr>
            <ns3:cad>79</ns3:cad>
          </ns3:TrackPointExtension>
        </extensions>
      </trkpt>
      <trkpt lat="23.05063529871404170989990234375" lon="113.30352385528385639190673828125">
        <ele>7.400000095367431640625</ele>
        <time>2026-09-09T23:09:23.000Z</time>
        <extensions>
          <ns3:TrackPointExtension>
            <ns3:hr>150</ns3:hr>
            <ns3:cad>79</ns3:cad>
          </ns3:TrackPointExtension>
        </extensions>
      </trkpt>
      <trkpt lat="23.0506358854472637176513671875" lon="113.303546905517578125">
        <ele>7.19999980926513671875</ele>
        <time>2026-09-09T23:09:24.000Z</time>
        <extensions>
          <ns3:TrackPointExtension>
            <ns3:hr>150</ns3:hr>
            <ns3:cad>80</ns3:cad>
          </ns3:TrackPointExtension>
        </extensions>
      </trkpt>
      <trkpt lat="23.05064150132238864898681640625" lon="113.30356811173260211944580078125">
        <ele>7.19999980926513671875</ele>
        <time>2026-09-09T23:09:25.000Z</time>
        <extensions>
          <ns3:TrackPointExtension>
            <ns3:hr>150</ns3:hr>
            <ns3:cad>79</ns3:cad>
          </ns3:TrackPointExtension>
        </extensions>
      </trkpt>
      <trkpt lat="23.05063672363758087158203125" lon="113.30359694547951221466064453125">
        <ele>7.19999980926513671875</ele>
        <time>2026-09-09T23:09:26.000Z</time>
        <extensions>
          <ns3:TrackPointExtension>
            <ns3:hr>150</ns3:hr>
            <ns3:cad>79</ns3:cad>
          </ns3:TrackPointExtension>
        </extensions>
      </trkpt>
      <trkpt lat="23.05063798092305660247802734375" lon="113.303620330989360809326171875">
        <ele>7.19999980926513671875</ele>
        <time>2026-09-09T23:09:27.000Z</time>
        <extensions>
          <ns3:TrackPointExtension>
            <ns3:hr>150</ns3:hr>
            <ns3:cad>79</ns3:cad>
          </ns3:TrackPointExtension>
        </extensions>
      </trkpt>
      <trkpt lat="23.05064267478883266448974609375" lon="113.3036406151950359344482421875">
        <ele>7.19999980926513671875</ele>
        <time>2026-09-09T23:09:28.000Z</time>
        <extensions>
          <ns3:TrackPointExtension>
            <ns3:hr>150</ns3:hr>
            <ns3:cad>79</ns3:cad>
          </ns3:TrackPointExtension>
        </extensions>
      </trkpt>
      <trkpt lat="23.0506375618278980255126953125" lon="113.30367305316030979156494140625">
        <ele>7.19999980926513671875</ele>
        <time>2026-09-09T23:09:29.000Z</time>
        <extensions>
          <ns3:TrackPointExtension>
            <ns3:hr>150</ns3:hr>
            <ns3:cad>79</ns3:cad>
          </ns3:TrackPointExtension>
        </extensions>
      </trkpt>
      <trkpt lat="23.05063580162823200225830078125" lon="113.30369249917566776275634765625">
        <ele>7.19999980926513671875</ele>
        <time>2026-09-09T23:09:30.000Z</time>
        <extensions>
          <ns3:TrackPointExtension>
            <ns3:hr>150</ns3:hr>
            <ns3:cad>80</ns3:cad>
          </ns3:TrackPointExtension>
        </extensions>
      </trkpt>
      <trkpt lat="23.050641082227230072021484375" lon="113.30370708368718624114990234375">
        <ele>7.19999980926513671875</ele>
        <time>2026-09-09T23:09:31.000Z</time>
        <extensions>
          <ns3:TrackPointExtension>
            <ns3:hr>149</ns3:hr>
            <ns3:cad>80</ns3:cad>
          </ns3:TrackPointExtension>
        </extensions>
      </trkpt>
      <trkpt lat="23.05063865147531032562255859375" lon="113.3037448860704898834228515625">
        <ele>7.19999980926513671875</ele>
        <time>2026-09-09T23:09:32.000Z</time>
        <extensions>
          <ns3:TrackPointExtension>
            <ns3:hr>149</ns3:hr>
            <ns3:cad>80</ns3:cad>
          </ns3:TrackPointExtension>
        </extensions>
      </trkpt>
      <trkpt lat="23.0506405793130397796630859375" lon="113.30376072786748409271240234375">
        <ele>7</ele>
        <time>2026-09-09T23:09:33.000Z</time>
        <extensions>
          <ns3:TrackPointExtension>
            <ns3:hr>149</ns3:hr>
            <ns3:cad>80</ns3:cad>
          </ns3:TrackPointExtension>
        </extensions>
      </trkpt>
      <trkpt lat="23.05063940584659576416015625" lon="113.30377933569252490997314453125">
        <ele>7</ele>
        <time>2026-09-09T23:09:34.000Z</time>
        <extensions>
          <ns3:TrackPointExtension>
            <ns3:hr>149</ns3:hr>
            <ns3:cad>81</ns3:cad>
          </ns3:TrackPointExtension>
        </extensions>
      </trkpt>
      <trkpt lat="23.05063630454242229461669921875" lon="113.303810097277164459228515625">
        <ele>7</ele>
        <time>2026-09-09T23:09:35.000Z</time>
        <extensions>
          <ns3:TrackPointExtension>
            <ns3:hr>149</ns3:hr>
            <ns3:cad>81</ns3:cad>
          </ns3:TrackPointExtension>
        </extensions>
      </trkpt>
      <trkpt lat="23.05064250715076923370361328125" lon="113.30383063293993473052978515625">
        <ele>7</ele>
        <time>2026-09-09T23:09:36.000Z</time>
        <extensions>
          <ns3:TrackPointExtension>
            <ns3:hr>149</ns3:hr>
            <ns3:cad>80</ns3:cad>
          </ns3:TrackPointExtension>
        </extensions>
      </trkpt>
      <trkpt lat="23.05065357126295566558837890625" lon="113.3038494922220706939697265625">
        <ele>7</ele>
        <time>2026-09-09T23:09:37.000Z</time>
        <extensions>
          <ns3:TrackPointExtension>
            <ns3:hr>149</ns3:hr>
            <ns3:cad>80</ns3:cad>
          </ns3:TrackPointExtension>
        </extensions>
      </trkpt>
      <trkpt lat="23.05065239779651165008544921875" lon="113.30388561822474002838134765625">
        <ele>7</ele>
        <time>2026-09-09T23:09:38.000Z</time>
        <extensions>
          <ns3:TrackPointExtension>
            <ns3:hr>149</ns3:hr>
            <ns3:cad>80</ns3:cad>
          </ns3:TrackPointExtension>
        </extensions>
      </trkpt>
      <trkpt lat="23.0506553314626216888427734375" lon="113.3039031364023685455322265625">
        <ele>7</ele>
        <time>2026-09-09T23:09:39.000Z</time>
        <extensions>
          <ns3:TrackPointExtension>
            <ns3:hr>149</ns3:hr>
            <ns3:cad>80</ns3:cad>
          </ns3:TrackPointExtension>
        </extensions>
      </trkpt>
      <trkpt lat="23.05065943859517574310302734375" lon="113.30392534844577312469482421875">
        <ele>7</ele>
        <time>2026-09-09T23:09:40.000Z</time>
        <extensions>
          <ns3:TrackPointExtension>
            <ns3:hr>148</ns3:hr>
            <ns3:cad>80</ns3:cad>
          </ns3:TrackPointExtension>
        </extensions>
      </trkpt>
      <trkpt lat="23.0506556667387485504150390625" lon="113.303956277668476104736328125">
        <ele>7</ele>
        <time>2026-09-09T23:09:41.000Z</time>
        <extensions>
          <ns3:TrackPointExtension>
            <ns3:hr>148</ns3:hr>
            <ns3:cad>79</ns3:cad>
          </ns3:TrackPointExtension>
        </extensions>
      </trkpt>
      <trkpt lat="23.050657175481319427490234375" lon="113.3039774000644683837890625">
        <ele>7</ele>
        <time>2026-09-09T23:09:42.000Z</time>
        <extensions>
          <ns3:TrackPointExtension>
            <ns3:hr>148</ns3:hr>
            <ns3:cad>79</ns3:cad>
          </ns3:TrackPointExtension>
        </extensions>
      </trkpt>
      <trkpt lat="23.05066220462322235107421875" lon="113.3039976842701435089111328125">
        <ele>7</ele>
        <time>2026-09-09T23:09:43.000Z</time>
        <extensions>
          <ns3:TrackPointExtension>
            <ns3:hr>148</ns3:hr>
            <ns3:cad>79</ns3:cad>
          </ns3:TrackPointExtension>
        </extensions>
      </trkpt>
      <trkpt lat="23.05065684020519256591796875" lon="113.3040315471589565277099609375">
        <ele>7</ele>
        <time>2026-09-09T23:09:44.000Z</time>
        <extensions>
          <ns3:TrackPointExtension>
            <ns3:hr>148</ns3:hr>
            <ns3:cad>80</ns3:cad>
          </ns3:TrackPointExtension>
        </extensions>
      </trkpt>
      <trkpt lat="23.0506588518619537353515625" lon="113.304053507745265960693359375">
        <ele>7</ele>
        <time>2026-09-09T23:09:45.000Z</time>
        <extensions>
          <ns3:TrackPointExtension>
            <ns3:hr>148</ns3:hr>
            <ns3:cad>80</ns3:cad>
          </ns3:TrackPointExtension>
        </extensions>
      </trkpt>
      <trkpt lat="23.05065843276679515838623046875" lon="113.3040774799883365631103515625">
        <ele>7</ele>
        <time>2026-09-09T23:09:46.000Z</time>
        <extensions>
          <ns3:TrackPointExtension>
            <ns3:hr>148</ns3:hr>
            <ns3:cad>80</ns3:cad>
          </ns3:TrackPointExtension>
        </extensions>
      </trkpt>
      <trkpt lat="23.050649128854274749755859375" lon="113.30410153605043888092041015625">
        <ele>7</ele>
        <time>2026-09-09T23:09:47.000Z</time>
        <extensions>
          <ns3:TrackPointExtension>
            <ns3:hr>147</ns3:hr>
            <ns3:cad>80</ns3:cad>
          </ns3:TrackPointExtension>
        </extensions>
      </trkpt>
      <trkpt lat="23.0506508052349090576171875" lon="113.304126597940921783447265625">
        <ele>7</ele>
        <time>2026-09-09T23:09:48.000Z</time>
        <extensions>
          <ns3:TrackPointExtension>
            <ns3:hr>147</ns3:hr>
            <ns3:cad>80</ns3:cad>
          </ns3:TrackPointExtension>
        </extensions>
      </trkpt>
      <trkpt lat="23.050652481615543365478515625" lon="113.3041485585272312164306640625">
        <ele>6.80000019073486328125</ele>
        <time>2026-09-09T23:09:49.000Z</time>
        <extensions>
          <ns3:TrackPointExtension>
            <ns3:hr>147</ns3:hr>
            <ns3:cad>80</ns3:cad>
          </ns3:TrackPointExtension>
        </extensions>
      </trkpt>
      <trkpt lat="23.05064334534108638763427734375" lon="113.30417898483574390411376953125">
        <ele>6.80000019073486328125</ele>
        <time>2026-09-09T23:09:50.000Z</time>
        <extensions>
          <ns3:TrackPointExtension>
            <ns3:hr>147</ns3:hr>
            <ns3:cad>80</ns3:cad>
          </ns3:TrackPointExtension>
        </extensions>
      </trkpt>
      <trkpt lat="23.05064074695110321044921875" lon="113.30418921075761318206787109375">
        <ele>7</ele>
        <time>2026-09-09T23:09:51.000Z</time>
        <extensions>
          <ns3:TrackPointExtension>
            <ns3:hr>147</ns3:hr>
            <ns3:cad>80</ns3:cad>
          </ns3:TrackPointExtension>
        </extensions>
      </trkpt>
      <trkpt lat="23.05063714273273944854736328125" lon="113.3042089082300662994384765625">
        <ele>7</ele>
        <time>2026-09-09T23:09:52.000Z</time>
        <extensions>
          <ns3:TrackPointExtension>
            <ns3:hr>147</ns3:hr>
            <ns3:cad>80</ns3:cad>
          </ns3:TrackPointExtension>
        </extensions>
      </trkpt>
      <trkpt lat="23.050622306764125823974609375" lon="113.3042340539395809173583984375">
        <ele>7</ele>
        <time>2026-09-09T23:09:53.000Z</time>
        <extensions>
          <ns3:TrackPointExtension>
            <ns3:hr>147</ns3:hr>
            <ns3:cad>80</ns3:cad>
          </ns3:TrackPointExtension>
        </extensions>
      </trkpt>
      <trkpt lat="23.050623647868633270263671875" lon="113.30424520187079906463623046875">
        <ele>7</ele>
        <time>2026-09-09T23:09:54.000Z</time>
        <extensions>
          <ns3:TrackPointExtension>
            <ns3:hr>146</ns3:hr>
            <ns3:cad>80</ns3:cad>
          </ns3:TrackPointExtension>
        </extensions>
      </trkpt>
      <trkpt lat="23.0506154336035251617431640625" lon="113.30427085049450397491455078125">
        <ele>7.19999980926513671875</ele>
        <time>2026-09-09T23:09:55.000Z</time>
        <extensions>
          <ns3:TrackPointExtension>
            <ns3:hr>146</ns3:hr>
            <ns3:cad>80</ns3:cad>
          </ns3:TrackPointExtension>
        </extensions>
      </trkpt>
      <trkpt lat="23.050607554614543914794921875" lon="113.3043037913739681243896484375">
        <ele>7.19999980926513671875</ele>
        <time>2026-09-09T23:09:56.000Z</time>
        <extensions>
          <ns3:TrackPointExtension>
            <ns3:hr>146</ns3:hr>
            <ns3:cad>80</ns3:cad>
          </ns3:TrackPointExtension>
        </extensions>
      </trkpt>
      <trkpt lat="23.0506104044616222381591796875" lon="113.30432248301804065704345703125">
        <ele>7</ele>
        <time>2026-09-09T23:09:57.000Z</time>
        <extensions>
          <ns3:TrackPointExtension>
            <ns3:hr>146</ns3:hr>
            <ns3:cad>80</ns3:cad>
          </ns3:TrackPointExtension>
        </extensions>
      </trkpt>
      <trkpt lat="23.0506073869764804840087890625" lon="113.3043502271175384521484375">
        <ele>7.19999980926513671875</ele>
        <time>2026-09-09T23:09:58.000Z</time>
        <extensions>
          <ns3:TrackPointExtension>
            <ns3:hr>147</ns3:hr>
            <ns3:cad>80</ns3:cad>
          </ns3:TrackPointExtension>
        </extensions>
      </trkpt>
      <trkpt lat="23.050596155226230621337890625" lon="113.30437998287379741668701171875">
        <ele>7.19999980926513671875</ele>
        <time>2026-09-09T23:09:59.000Z</time>
        <extensions>
          <ns3:TrackPointExtension>
            <ns3:hr>146</ns3:hr>
            <ns3:cad>80</ns3:cad>
          </ns3:TrackPointExtension>
        </extensions>
      </trkpt>
      <trkpt lat="23.050597496330738067626953125" lon="113.3043926395475864410400390625">
        <ele>7.19999980926513671875</ele>
        <time>2026-09-09T23:10:00.000Z</time>
        <extensions>
          <ns3:TrackPointExtension>
            <ns3:hr>146</ns3:hr>
            <ns3:cad>80</ns3:cad>
          </ns3:TrackPointExtension>
        </extensions>
      </trkpt>
      <trkpt lat="23.05059204809367656707763671875" lon="113.30442055128514766693115234375">
        <ele>7.19999980926513671875</ele>
        <time>2026-09-09T23:10:01.000Z</time>
        <extensions>
          <ns3:TrackPointExtension>
            <ns3:hr>146</ns3:hr>
            <ns3:cad>80</ns3:cad>
          </ns3:TrackPointExtension>
        </extensions>
      </trkpt>
      <trkpt lat="23.05058718658983707427978515625" lon="113.3044493012130260467529296875">
        <ele>7.19999980926513671875</ele>
        <time>2026-09-09T23:10:02.000Z</time>
        <extensions>
          <ns3:TrackPointExtension>
            <ns3:hr>146</ns3:hr>
            <ns3:cad>80</ns3:cad>
          </ns3:TrackPointExtension>
        </extensions>
      </trkpt>
      <trkpt lat="23.05058299563825130462646484375" lon="113.30446246080100536346435546875">
        <ele>7.19999980926513671875</ele>
        <time>2026-09-09T23:10:03.000Z</time>
        <extensions>
          <ns3:TrackPointExtension>
            <ns3:hr>145</ns3:hr>
            <ns3:cad>80</ns3:cad>
          </ns3:TrackPointExtension>
        </extensions>
      </trkpt>
      <trkpt lat="23.05057947523891925811767578125" lon="113.3044888637959957122802734375">
        <ele>7.19999980926513671875</ele>
        <time>2026-09-09T23:10:04.000Z</time>
        <extensions>
          <ns3:TrackPointExtension>
            <ns3:hr>145</ns3:hr>
            <ns3:cad>80</ns3:cad>
          </ns3:TrackPointExtension>
        </extensions>
      </trkpt>
      <trkpt lat="23.05057276971638202667236328125" lon="113.3045146800577640533447265625">
        <ele>7.19999980926513671875</ele>
        <time>2026-09-09T23:10:05.000Z</time>
        <extensions>
          <ns3:TrackPointExtension>
            <ns3:hr>144</ns3:hr>
            <ns3:cad>80</ns3:cad>
          </ns3:TrackPointExtension>
        </extensions>
      </trkpt>
      <trkpt lat="23.0505735240876674652099609375" lon="113.3045264147222042083740234375">
        <ele>7.19999980926513671875</ele>
        <time>2026-09-09T23:10:06.000Z</time>
        <extensions>
          <ns3:TrackPointExtension>
            <ns3:hr>144</ns3:hr>
            <ns3:cad>80</ns3:cad>
          </ns3:TrackPointExtension>
        </extensions>
      </trkpt>
      <trkpt lat="23.0505721829831600189208984375" lon="113.30455013550817966461181640625">
        <ele>7.19999980926513671875</ele>
        <time>2026-09-09T23:10:07.000Z</time>
        <extensions>
          <ns3:TrackPointExtension>
            <ns3:hr>144</ns3:hr>
            <ns3:cad>80</ns3:cad>
          </ns3:TrackPointExtension>
        </extensions>
      </trkpt>
      <trkpt lat="23.05056438781321048736572265625" lon="113.30457427538931369781494140625">
        <ele>7.19999980926513671875</ele>
        <time>2026-09-09T23:10:08.000Z</time>
        <extensions>
          <ns3:TrackPointExtension>
            <ns3:hr>144</ns3:hr>
            <ns3:cad>80</ns3:cad>
          </ns3:TrackPointExtension>
        </extensions>
      </trkpt>
      <trkpt lat="23.05056991986930370330810546875" lon="113.30458684824407100677490234375">
        <ele>7</ele>
        <time>2026-09-09T23:10:09.000Z</time>
        <extensions>
          <ns3:TrackPointExtension>
            <ns3:hr>144</ns3:hr>
            <ns3:cad>80</ns3:cad>
          </ns3:TrackPointExtension>
        </extensions>
      </trkpt>
      <trkpt lat="23.050565309822559356689453125" lon="113.30461568199098110198974609375">
        <ele>7</ele>
        <time>2026-09-09T23:10:10.000Z</time>
        <extensions>
          <ns3:TrackPointExtension>
            <ns3:hr>143</ns3:hr>
            <ns3:cad>80</ns3:cad>
          </ns3:TrackPointExtension>
        </extensions>
      </trkpt>
      <trkpt lat="23.0505611188709735870361328125" lon="113.3046407438814640045166015625">
        <ele>7</ele>
        <time>2026-09-09T23:10:11.000Z</time>
        <extensions>
          <ns3:TrackPointExtension>
            <ns3:hr>144</ns3:hr>
            <ns3:cad>80</ns3:cad>
          </ns3:TrackPointExtension>
        </extensions>
      </trkpt>
      <trkpt lat="23.05056153796613216400146484375" lon="113.30465725623071193695068359375">
        <ele>7</ele>
        <time>2026-09-09T23:10:12.000Z</time>
        <extensions>
          <ns3:TrackPointExtension>
            <ns3:hr>143</ns3:hr>
            <ns3:cad>80</ns3:cad>
          </ns3:TrackPointExtension>
        </extensions>
      </trkpt>
      <trkpt lat="23.05056086741387844085693359375" lon="113.304683826863765716552734375">
        <ele>7</ele>
        <time>2026-09-09T23:10:13.000Z</time>
        <extensions>
          <ns3:TrackPointExtension>
            <ns3:hr>143</ns3:hr>
            <ns3:cad>80</ns3:cad>
          </ns3:TrackPointExtension>
        </extensions>
      </trkpt>
      <trkpt lat="23.05055684410035610198974609375" lon="113.3047101460397243499755859375">
        <ele>7</ele>
        <time>2026-09-09T23:10:14.000Z</time>
        <extensions>
          <ns3:TrackPointExtension>
            <ns3:hr>143</ns3:hr>
            <ns3:cad>80</ns3:cad>
          </ns3:TrackPointExtension>
        </extensions>
      </trkpt>
      <trkpt lat="23.05055952630937099456787109375" lon="113.304728753864765167236328125">
        <ele>7</ele>
        <time>2026-09-09T23:10:15.000Z</time>
        <extensions>
          <ns3:TrackPointExtension>
            <ns3:hr>143</ns3:hr>
            <ns3:cad>80</ns3:cad>
          </ns3:TrackPointExtension>
        </extensions>
      </trkpt>
      <trkpt lat="23.0505560897290706634521484375" lon="113.30475750379264354705810546875">
        <ele>7</ele>
        <time>2026-09-09T23:10:16.000Z</time>
        <extensions>
          <ns3:TrackPointExtension>
            <ns3:hr>143</ns3:hr>
            <ns3:cad>80</ns3:cad>
          </ns3:TrackPointExtension>
        </extensions>
      </trkpt>
      <trkpt lat="23.0505537427961826324462890625" lon="113.30478382296860218048095703125">
        <ele>7</ele>
        <time>2026-09-09T23:10:17.000Z</time>
        <extensions>
          <ns3:TrackPointExtension>
            <ns3:hr>144</ns3:hr>
            <ns3:cad>79</ns3:cad>
          </ns3:TrackPointExtension>
        </extensions>
      </trkpt>
      <trkpt lat="23.0505510605871677398681640625" lon="113.30480058677494525909423828125">
        <ele>7</ele>
        <time>2026-09-09T23:10:18.000Z</time>
        <extensions>
          <ns3:TrackPointExtension>
            <ns3:hr>143</ns3:hr>
            <ns3:cad>79</ns3:cad>
          </ns3:TrackPointExtension>
        </extensions>
      </trkpt>
      <trkpt lat="23.0505473725497722625732421875" lon="113.30482807941734790802001953125">
        <ele>7</ele>
        <time>2026-09-09T23:10:19.000Z</time>
        <extensions>
          <ns3:TrackPointExtension>
            <ns3:hr>143</ns3:hr>
            <ns3:cad>80</ns3:cad>
          </ns3:TrackPointExtension>
        </extensions>
      </trkpt>
      <trkpt lat="23.05054645054042339324951171875" lon="113.3048529736697673797607421875">
        <ele>7</ele>
        <time>2026-09-09T23:10:20.000Z</time>
        <extensions>
          <ns3:TrackPointExtension>
            <ns3:hr>143</ns3:hr>
            <ns3:cad>80</ns3:cad>
          </ns3:TrackPointExtension>
        </extensions>
      </trkpt>
      <trkpt lat="23.050547540187835693359375" lon="113.30486998893320560455322265625">
        <ele>7</ele>
        <time>2026-09-09T23:10:21.000Z</time>
        <extensions>
          <ns3:TrackPointExtension>
            <ns3:hr>143</ns3:hr>
            <ns3:cad>80</ns3:cad>
          </ns3:TrackPointExtension>
        </extensions>
      </trkpt>
      <trkpt lat="23.0505430139601230621337890625" lon="113.30489806830883026123046875">
        <ele>7</ele>
        <time>2026-09-09T23:10:22.000Z</time>
        <extensions>
          <ns3:TrackPointExtension>
            <ns3:hr>144</ns3:hr>
            <ns3:cad>80</ns3:cad>
          </ns3:TrackPointExtension>
        </extensions>
      </trkpt>
      <trkpt lat="23.05054645054042339324951171875" lon="113.30492447130382061004638671875">
        <ele>7</ele>
        <time>2026-09-09T23:10:23.000Z</time>
        <extensions>
          <ns3:TrackPointExtension>
            <ns3:hr>143</ns3:hr>
            <ns3:cad>80</ns3:cad>
          </ns3:TrackPointExtension>
        </extensions>
      </trkpt>
      <trkpt lat="23.050549887120723724365234375" lon="113.3049408160150051116943359375">
        <ele>7</ele>
        <time>2026-09-09T23:10:24.000Z</time>
        <extensions>
          <ns3:TrackPointExtension>
            <ns3:hr>143</ns3:hr>
            <ns3:cad>80</ns3:cad>
          </ns3:TrackPointExtension>
        </extensions>
      </trkpt>
      <trkpt lat="23.05054745636880397796630859375" lon="113.304973505437374114990234375">
        <ele>7</ele>
        <time>2026-09-09T23:10:25.000Z</time>
        <extensions>
          <ns3:TrackPointExtension>
            <ns3:hr>143</ns3:hr>
            <ns3:cad>80</ns3:cad>
          </ns3:TrackPointExtension>
        </extensions>
      </trkpt>
      <trkpt lat="23.05055282078683376312255859375" lon="113.30500108189880847930908203125">
        <ele>7</ele>
        <time>2026-09-09T23:10:26.000Z</time>
        <extensions>
          <ns3:TrackPointExtension>
            <ns3:hr>143</ns3:hr>
            <ns3:cad>80</ns3:cad>
          </ns3:TrackPointExtension>
        </extensions>
      </trkpt>
      <trkpt lat="23.0505515635013580322265625" lon="113.30501549877226352691650390625">
        <ele>7</ele>
        <time>2026-09-09T23:10:27.000Z</time>
        <extensions>
          <ns3:TrackPointExtension>
            <ns3:hr>143</ns3:hr>
            <ns3:cad>80</ns3:cad>
          </ns3:TrackPointExtension>
        </extensions>
      </trkpt>
      <trkpt lat="23.0505470372736454010009765625" lon="113.30504165031015872955322265625">
        <ele>7</ele>
        <time>2026-09-09T23:10:28.000Z</time>
        <extensions>
          <ns3:TrackPointExtension>
            <ns3:hr>144</ns3:hr>
            <ns3:cad>80</ns3:cad>
          </ns3:TrackPointExtension>
        </extensions>
      </trkpt>
      <trkpt lat="23.0505542457103729248046875" lon="113.30506428144872188568115234375">
        <ele>7</ele>
        <time>2026-09-09T23:10:29.000Z</time>
        <extensions>
          <ns3:TrackPointExtension>
            <ns3:hr>143</ns3:hr>
            <ns3:cad>80</ns3:cad>
          </ns3:TrackPointExtension>
        </extensions>
      </trkpt>
      <trkpt lat="23.05055449716746807098388671875" lon="113.30507920123636722564697265625">
        <ele>7</ele>
        <time>2026-09-09T23:10:30.000Z</time>
        <extensions>
          <ns3:TrackPointExtension>
            <ns3:hr>143</ns3:hr>
            <ns3:cad>80</ns3:cad>
          </ns3:TrackPointExtension>
        </extensions>
      </trkpt>
      <trkpt lat="23.050549216568470001220703125" lon="113.30511071719229221343994140625">
        <ele>7</ele>
        <time>2026-09-09T23:10:31.000Z</time>
        <extensions>
          <ns3:TrackPointExtension>
            <ns3:hr>143</ns3:hr>
            <ns3:cad>80</ns3:cad>
          </ns3:TrackPointExtension>
        </extensions>
      </trkpt>
      <trkpt lat="23.05054946802556514739990234375" lon="113.305133096873760223388671875">
        <ele>7</ele>
        <time>2026-09-09T23:10:32.000Z</time>
        <extensions>
          <ns3:TrackPointExtension>
            <ns3:hr>143</ns3:hr>
            <ns3:cad>80</ns3:cad>
          </ns3:TrackPointExtension>
        </extensions>
      </trkpt>
      <trkpt lat="23.05054846219718456268310546875" lon="113.3051563985645771026611328125">
        <ele>7</ele>
        <time>2026-09-09T23:10:33.000Z</time>
        <extensions>
          <ns3:TrackPointExtension>
            <ns3:hr>143</ns3:hr>
            <ns3:cad>80</ns3:cad>
          </ns3:TrackPointExtension>
        </extensions>
      </trkpt>
      <trkpt lat="23.05054527707397937774658203125" lon="113.30518933944404125213623046875">
        <ele>7</ele>
        <time>2026-09-09T23:10:34.000Z</time>
        <extensions>
          <ns3:TrackPointExtension>
            <ns3:hr>142</ns3:hr>
            <ns3:cad>80</ns3:cad>
          </ns3:TrackPointExtension>
        </extensions>
      </trkpt>
      <trkpt lat="23.0505467019975185394287109375" lon="113.3052130602300167083740234375">
        <ele>7</ele>
        <time>2026-09-09T23:10:35.000Z</time>
        <extensions>
          <ns3:TrackPointExtension>
            <ns3:hr>142</ns3:hr>
            <ns3:cad>80</ns3:cad>
          </ns3:TrackPointExtension>
        </extensions>
      </trkpt>
      <trkpt lat="23.05054376833140850067138671875" lon="113.30523108132183551788330078125">
        <ele>7</ele>
        <time>2026-09-09T23:10:36.000Z</time>
        <extensions>
          <ns3:TrackPointExtension>
            <ns3:hr>142</ns3:hr>
            <ns3:cad>80</ns3:cad>
          </ns3:TrackPointExtension>
        </extensions>
      </trkpt>
      <trkpt lat="23.0505309440195560455322265625" lon="113.3052656985819339752197265625">
        <ele>7</ele>
        <time>2026-09-09T23:10:37.000Z</time>
        <extensions>
          <ns3:TrackPointExtension>
            <ns3:hr>142</ns3:hr>
            <ns3:cad>80</ns3:cad>
          </ns3:TrackPointExtension>
        </extensions>
      </trkpt>
      <trkpt lat="23.0505306087434291839599609375" lon="113.30528841353952884674072265625">
        <ele>7</ele>
        <time>2026-09-09T23:10:38.000Z</time>
        <extensions>
          <ns3:TrackPointExtension>
            <ns3:hr>142</ns3:hr>
            <ns3:cad>80</ns3:cad>
          </ns3:TrackPointExtension>
        </extensions>
      </trkpt>
      <trkpt lat="23.05052541196346282958984375" lon="113.3053119666874408721923828125">
        <ele>7</ele>
        <time>2026-09-09T23:10:39.000Z</time>
        <extensions>
          <ns3:TrackPointExtension>
            <ns3:hr>142</ns3:hr>
            <ns3:cad>80</ns3:cad>
          </ns3:TrackPointExtension>
        </extensions>
      </trkpt>
      <trkpt lat="23.0505113303661346435546875" lon="113.30534205771982669830322265625">
        <ele>6.80000019073486328125</ele>
        <time>2026-09-09T23:10:40.000Z</time>
        <extensions>
          <ns3:TrackPointExtension>
            <ns3:hr>142</ns3:hr>
            <ns3:cad>80</ns3:cad>
          </ns3:TrackPointExtension>
        </extensions>
      </trkpt>
      <trkpt lat="23.050513006746768951416015625" lon="113.30536301247775554656982421875">
        <ele>6.80000019073486328125</ele>
        <time>2026-09-09T23:10:41.000Z</time>
        <extensions>
          <ns3:TrackPointExtension>
            <ns3:hr>142</ns3:hr>
            <ns3:cad>81</ns3:cad>
          </ns3:TrackPointExtension>
        </extensions>
      </trkpt>
      <trkpt lat="23.050513006746768951416015625" lon="113.305380530655384063720703125">
        <ele>6.80000019073486328125</ele>
        <time>2026-09-09T23:10:42.000Z</time>
        <extensions>
          <ns3:TrackPointExtension>
            <ns3:hr>142</ns3:hr>
            <ns3:cad>81</ns3:cad>
          </ns3:TrackPointExtension>
        </extensions>
      </trkpt>
      <trkpt lat="23.05049800314009189605712890625" lon="113.3054081909358501434326171875">
        <ele>6.80000019073486328125</ele>
        <time>2026-09-09T23:10:43.000Z</time>
        <extensions>
          <ns3:TrackPointExtension>
            <ns3:hr>142</ns3:hr>
            <ns3:cad>81</ns3:cad>
          </ns3:TrackPointExtension>
        </extensions>
      </trkpt>
      <trkpt lat="23.0505006015300750732421875" lon="113.30542621202766895294189453125">
        <ele>6.80000019073486328125</ele>
        <time>2026-09-09T23:10:44.000Z</time>
        <extensions>
          <ns3:TrackPointExtension>
            <ns3:hr>142</ns3:hr>
            <ns3:cad>80</ns3:cad>
          </ns3:TrackPointExtension>
        </extensions>
      </trkpt>
      <trkpt lat="23.05050018243491649627685546875" lon="113.305445574223995208740234375">
        <ele>6.80000019073486328125</ele>
        <time>2026-09-09T23:10:45.000Z</time>
        <extensions>
          <ns3:TrackPointExtension>
            <ns3:hr>141</ns3:hr>
            <ns3:cad>80</ns3:cad>
          </ns3:TrackPointExtension>
        </extensions>
      </trkpt>
      <trkpt lat="23.05048861540853977203369140625" lon="113.3054725639522075653076171875">
        <ele>6.80000019073486328125</ele>
        <time>2026-09-09T23:10:46.000Z</time>
        <extensions>
          <ns3:TrackPointExtension>
            <ns3:hr>141</ns3:hr>
            <ns3:cad>80</ns3:cad>
          </ns3:TrackPointExtension>
        </extensions>
      </trkpt>
      <trkpt lat="23.0504883639514446258544921875" lon="113.3054849691689014434814453125">
        <ele>6.80000019073486328125</ele>
        <time>2026-09-09T23:10:47.000Z</time>
        <extensions>
          <ns3:TrackPointExtension>
            <ns3:hr>141</ns3:hr>
            <ns3:cad>80</ns3:cad>
          </ns3:TrackPointExtension>
        </extensions>
      </trkpt>
      <trkpt lat="23.05048928596079349517822265625" lon="113.3055010624229907989501953125">
        <ele>6.80000019073486328125</ele>
        <time>2026-09-09T23:10:48.000Z</time>
        <extensions>
          <ns3:TrackPointExtension>
            <ns3:hr>141</ns3:hr>
            <ns3:cad>80</ns3:cad>
          </ns3:TrackPointExtension>
        </extensions>
      </trkpt>
      <trkpt lat="23.05047419853508472442626953125" lon="113.30553199164569377899169921875">
        <ele>6.80000019073486328125</ele>
        <time>2026-09-09T23:10:49.000Z</time>
        <extensions>
          <ns3:TrackPointExtension>
            <ns3:hr>140</ns3:hr>
            <ns3:cad>80</ns3:cad>
          </ns3:TrackPointExtension>
        </extensions>
      </trkpt>
      <trkpt lat="23.0504732765257358551025390625" lon="113.3055493421852588653564453125">
        <ele>6.80000019073486328125</ele>
        <time>2026-09-09T23:10:50.000Z</time>
        <extensions>
          <ns3:TrackPointExtension>
            <ns3:hr>140</ns3:hr>
            <ns3:cad>80</ns3:cad>
          </ns3:TrackPointExtension>
        </extensions>
      </trkpt>
      <trkpt lat="23.05047034285962581634521484375" lon="113.3055746555328369140625">
        <ele>7</ele>
        <time>2026-09-09T23:10:51.000Z</time>
        <extensions>
          <ns3:TrackPointExtension>
            <ns3:hr>140</ns3:hr>
            <ns3:cad>80</ns3:cad>
          </ns3:TrackPointExtension>
        </extensions>
      </trkpt>
      <trkpt lat="23.050458021461963653564453125" lon="113.305603824555873870849609375">
        <ele>6.80000019073486328125</ele>
        <time>2026-09-09T23:10:52.000Z</time>
        <extensions>
          <ns3:TrackPointExtension>
            <ns3:hr>140</ns3:hr>
            <ns3:cad>80</ns3:cad>
          </ns3:TrackPointExtension>
        </extensions>
      </trkpt>
      <trkpt lat="23.0504518188536167144775390625" lon="113.30561664886772632598876953125">
        <ele>6.80000019073486328125</ele>
        <time>2026-09-09T23:10:53.000Z</time>
        <extensions>
          <ns3:TrackPointExtension>
            <ns3:hr>140</ns3:hr>
            <ns3:cad>80</ns3:cad>
          </ns3:TrackPointExtension>
        </extensions>
      </trkpt>
      <trkpt lat="23.0504494719207286834716796875" lon="113.30564263276755809783935546875">
        <ele>6.80000019073486328125</ele>
        <time>2026-09-09T23:10:54.000Z</time>
        <extensions>
          <ns3:TrackPointExtension>
            <ns3:hr>139</ns3:hr>
            <ns3:cad>80</ns3:cad>
          </ns3:TrackPointExtension>
        </extensions>
      </trkpt>
      <trkpt lat="23.0504387430846691131591796875" lon="113.30566660501062870025634765625">
        <ele>6.80000019073486328125</ele>
        <time>2026-09-09T23:10:55.000Z</time>
        <extensions>
          <ns3:TrackPointExtension>
            <ns3:hr>139</ns3:hr>
            <ns3:cad>80</ns3:cad>
          </ns3:TrackPointExtension>
        </extensions>
      </trkpt>
      <trkpt lat="23.05043580941855907440185546875" lon="113.30567515455186367034912109375">
        <ele>6.80000019073486328125</ele>
        <time>2026-09-09T23:10:56.000Z</time>
        <extensions>
          <ns3:TrackPointExtension>
            <ns3:hr>139</ns3:hr>
            <ns3:cad>80</ns3:cad>
          </ns3:TrackPointExtension>
        </extensions>
      </trkpt>
      <trkpt lat="23.0504320375621318817138671875" lon="113.305697701871395111083984375">
        <ele>6.80000019073486328125</ele>
        <time>2026-09-09T23:10:57.000Z</time>
        <extensions>
          <ns3:TrackPointExtension>
            <ns3:hr>140</ns3:hr>
            <ns3:cad>80</ns3:cad>
          </ns3:TrackPointExtension>
        </extensions>
      </trkpt>
      <trkpt lat="23.050420470535755157470703125" lon="113.30572494305670261383056640625">
        <ele>6.80000019073486328125</ele>
        <time>2026-09-09T23:10:58.000Z</time>
        <extensions>
          <ns3:TrackPointExtension>
            <ns3:hr>139</ns3:hr>
            <ns3:cad>80</ns3:cad>
          </ns3:TrackPointExtension>
        </extensions>
      </trkpt>
      <trkpt lat="23.05042005144059658050537109375" lon="113.30574170686304569244384765625">
        <ele>6.80000019073486328125</ele>
        <time>2026-09-09T23:10:59.000Z</time>
        <extensions>
          <ns3:TrackPointExtension>
            <ns3:hr>139</ns3:hr>
            <ns3:cad>80</ns3:cad>
          </ns3:TrackPointExtension>
        </extensions>
      </trkpt>
      <trkpt lat="23.05041653104126453399658203125" lon="113.3057702891528606414794921875">
        <ele>6.80000019073486328125</ele>
        <time>2026-09-09T23:11:00.000Z</time>
        <extensions>
          <ns3:TrackPointExtension>
            <ns3:hr>139</ns3:hr>
            <ns3:cad>80</ns3:cad>
          </ns3:TrackPointExtension>
        </extensions>
      </trkpt>
      <trkpt lat="23.05041435174643993377685546875" lon="113.30579283647239208221435546875">
        <ele>6.80000019073486328125</ele>
        <time>2026-09-09T23:11:01.000Z</time>
        <extensions>
          <ns3:TrackPointExtension>
            <ns3:hr>139</ns3:hr>
            <ns3:cad>80</ns3:cad>
          </ns3:TrackPointExtension>
        </extensions>
      </trkpt>
      <trkpt lat="23.05041971616446971893310546875" lon="113.3058088459074497222900390625">
        <ele>6.80000019073486328125</ele>
        <time>2026-09-09T23:11:02.000Z</time>
        <extensions>
          <ns3:TrackPointExtension>
            <ns3:hr>139</ns3:hr>
            <ns3:cad>80</ns3:cad>
          </ns3:TrackPointExtension>
        </extensions>
      </trkpt>
      <trkpt lat="23.05041485466063022613525390625" lon="113.3058380149304866790771484375">
        <ele>6.80000019073486328125</ele>
        <time>2026-09-09T23:11:03.000Z</time>
        <extensions>
          <ns3:TrackPointExtension>
            <ns3:hr>139</ns3:hr>
            <ns3:cad>80</ns3:cad>
          </ns3:TrackPointExtension>
        </extensions>
      </trkpt>
      <trkpt lat="23.05041803978383541107177734375" lon="113.30586341209709644317626953125">
        <ele>6.80000019073486328125</ele>
        <time>2026-09-09T23:11:04.000Z</time>
        <extensions>
          <ns3:TrackPointExtension>
            <ns3:hr>139</ns3:hr>
            <ns3:cad>81</ns3:cad>
          </ns3:TrackPointExtension>
        </extensions>
      </trkpt>
      <trkpt lat="23.050421811640262603759765625" lon="113.30588084645569324493408203125">
        <ele>6.80000019073486328125</ele>
        <time>2026-09-09T23:11:05.000Z</time>
        <extensions>
          <ns3:TrackPointExtension>
            <ns3:hr>139</ns3:hr>
            <ns3:cad>81</ns3:cad>
          </ns3:TrackPointExtension>
        </extensions>
      </trkpt>
      <trkpt lat="23.0504199676215648651123046875" lon="113.3059124462306499481201171875">
        <ele>6.80000019073486328125</ele>
        <time>2026-09-09T23:11:06.000Z</time>
        <extensions>
          <ns3:TrackPointExtension>
            <ns3:hr>139</ns3:hr>
            <ns3:cad>81</ns3:cad>
          </ns3:TrackPointExtension>
        </extensions>
      </trkpt>
      <trkpt lat="23.05042038671672344207763671875" lon="113.30593599937856197357177734375">
        <ele>6.80000019073486328125</ele>
        <time>2026-09-09T23:11:07.000Z</time>
        <extensions>
          <ns3:TrackPointExtension>
            <ns3:hr>139</ns3:hr>
            <ns3:cad>81</ns3:cad>
          </ns3:TrackPointExtension>
        </extensions>
      </trkpt>
      <trkpt lat="23.05041921325027942657470703125" lon="113.30595108680427074432373046875">
        <ele>6.80000019073486328125</ele>
        <time>2026-09-09T23:11:08.000Z</time>
        <extensions>
          <ns3:TrackPointExtension>
            <ns3:hr>139</ns3:hr>
            <ns3:cad>80</ns3:cad>
          </ns3:TrackPointExtension>
        </extensions>
      </trkpt>
      <trkpt lat="23.05041301064193248748779296875" lon="113.30598042346537113189697265625">
        <ele>6.80000019073486328125</ele>
        <time>2026-09-09T23:11:09.000Z</time>
        <extensions>
          <ns3:TrackPointExtension>
            <ns3:hr>139</ns3:hr>
            <ns3:cad>80</ns3:cad>
          </ns3:TrackPointExtension>
        </extensions>
      </trkpt>
      <trkpt lat="23.05041116662323474884033203125" lon="113.30600204877555370330810546875">
        <ele>6.80000019073486328125</ele>
        <time>2026-09-09T23:11:10.000Z</time>
        <extensions>
          <ns3:TrackPointExtension>
            <ns3:hr>139</ns3:hr>
            <ns3:cad>80</ns3:cad>
          </ns3:TrackPointExtension>
        </extensions>
      </trkpt>
      <trkpt lat="23.050413429737091064453125" lon="113.3060250990092754364013671875">
        <ele>6.80000019073486328125</ele>
        <time>2026-09-09T23:11:11.000Z</time>
        <extensions>
          <ns3:TrackPointExtension>
            <ns3:hr>139</ns3:hr>
            <ns3:cad>80</ns3:cad>
          </ns3:TrackPointExtension>
        </extensions>
      </trkpt>
      <trkpt lat="23.05040647275745868682861328125" lon="113.30605736933648586273193359375">
        <ele>6.80000019073486328125</ele>
        <time>2026-09-09T23:11:12.000Z</time>
        <extensions>
          <ns3:TrackPointExtension>
            <ns3:hr>139</ns3:hr>
            <ns3:cad>80</ns3:cad>
          </ns3:TrackPointExtension>
        </extensions>
      </trkpt>
      <trkpt lat="23.050404377281665802001953125" lon="113.30607731826603412628173828125">
        <ele>6.80000019073486328125</ele>
        <time>2026-09-09T23:11:13.000Z</time>
        <extensions>
          <ns3:TrackPointExtension>
            <ns3:hr>140</ns3:hr>
            <ns3:cad>80</ns3:cad>
          </ns3:TrackPointExtension>
        </extensions>
      </trkpt>
      <trkpt lat="23.05040228180587291717529296875" lon="113.30609374679625034332275390625">
        <ele>6.80000019073486328125</ele>
        <time>2026-09-09T23:11:14.000Z</time>
        <extensions>
          <ns3:TrackPointExtension>
            <ns3:hr>139</ns3:hr>
            <ns3:cad>80</ns3:cad>
          </ns3:TrackPointExtension>
        </extensions>
      </trkpt>
      <trkpt lat="23.05038685910403728485107421875" lon="113.306122161448001861572265625">
        <ele>6.599999904632568359375</ele>
        <time>2026-09-09T23:11:15.000Z</time>
        <extensions>
          <ns3:TrackPointExtension>
            <ns3:hr>139</ns3:hr>
            <ns3:cad>81</ns3:cad>
          </ns3:TrackPointExtension>
        </extensions>
      </trkpt>
      <trkpt lat="23.05038057267665863037109375" lon="113.306135572493076324462890625">
        <ele>6.599999904632568359375</ele>
        <time>2026-09-09T23:11:16.000Z</time>
        <extensions>
          <ns3:TrackPointExtension>
            <ns3:hr>139</ns3:hr>
            <ns3:cad>81</ns3:cad>
          </ns3:TrackPointExtension>
        </extensions>
      </trkpt>
      <trkpt lat="23.05038300342857837677001953125" lon="113.3061582036316394805908203125">
        <ele>6.400000095367431640625</ele>
        <time>2026-09-09T23:11:17.000Z</time>
        <extensions>
          <ns3:TrackPointExtension>
            <ns3:hr>139</ns3:hr>
            <ns3:cad>81</ns3:cad>
          </ns3:TrackPointExtension>
        </extensions>
      </trkpt>
      <trkpt lat="23.05036942474544048309326171875" lon="113.30618418753147125244140625">
        <ele>6.400000095367431640625</ele>
        <time>2026-09-09T23:11:18.000Z</time>
        <extensions>
          <ns3:TrackPointExtension>
            <ns3:hr>139</ns3:hr>
            <ns3:cad>81</ns3:cad>
          </ns3:TrackPointExtension>
        </extensions>
      </trkpt>
      <trkpt lat="23.05036741308867931365966796875" lon="113.3061964251101016998291015625">
        <ele>6.400000095367431640625</ele>
        <time>2026-09-09T23:11:19.000Z</time>
        <extensions>
          <ns3:TrackPointExtension>
            <ns3:hr>139</ns3:hr>
            <ns3:cad>81</ns3:cad>
          </ns3:TrackPointExtension>
        </extensions>
      </trkpt>
      <trkpt lat="23.0503626354038715362548828125" lon="113.3062205649912357330322265625">
        <ele>6.599999904632568359375</ele>
        <time>2026-09-09T23:11:20.000Z</time>
        <extensions>
          <ns3:TrackPointExtension>
            <ns3:hr>139</ns3:hr>
            <ns3:cad>80</ns3:cad>
          </ns3:TrackPointExtension>
        </extensions>
      </trkpt>
      <trkpt lat="23.05035333149135112762451171875" lon="113.30624730326235294342041015625">
        <ele>6.599999904632568359375</ele>
        <time>2026-09-09T23:11:21.000Z</time>
        <extensions>
          <ns3:TrackPointExtension>
            <ns3:hr>139</ns3:hr>
            <ns3:cad>80</ns3:cad>
          </ns3:TrackPointExtension>
        </extensions>
      </trkpt>
      <trkpt lat="23.050365485250949859619140625" lon="113.30625836737453937530517578125">
        <ele>6.599999904632568359375</ele>
        <time>2026-09-09T23:11:22.000Z</time>
        <extensions>
          <ns3:TrackPointExtension>
            <ns3:hr>139</ns3:hr>
            <ns3:cad>80</ns3:cad>
          </ns3:TrackPointExtension>
        </extensions>
      </trkpt>
      <trkpt lat="23.05036875419318675994873046875" lon="113.30628342926502227783203125">
        <ele>6.599999904632568359375</ele>
        <time>2026-09-09T23:11:23.000Z</time>
        <extensions>
          <ns3:TrackPointExtension>
            <ns3:hr>138</ns3:hr>
            <ns3:cad>81</ns3:cad>
          </ns3:TrackPointExtension>
        </extensions>
      </trkpt>
      <trkpt lat="23.05036246776580810546875" lon="113.30631217919290065765380859375">
        <ele>6.599999904632568359375</ele>
        <time>2026-09-09T23:11:24.000Z</time>
        <extensions>
          <ns3:TrackPointExtension>
            <ns3:hr>138</ns3:hr>
            <ns3:cad>81</ns3:cad>
          </ns3:TrackPointExtension>
        </extensions>
      </trkpt>
      <trkpt lat="23.0503619648516178131103515625" lon="113.30632500350475311279296875">
        <ele>6.599999904632568359375</ele>
        <time>2026-09-09T23:11:25.000Z</time>
        <extensions>
          <ns3:TrackPointExtension>
            <ns3:hr>138</ns3:hr>
            <ns3:cad>81</ns3:cad>
          </ns3:TrackPointExtension>
        </extensions>
      </trkpt>
      <trkpt lat="23.05035911500453948974609375" lon="113.30635224469006061553955078125">
        <ele>6.599999904632568359375</ele>
        <time>2026-09-09T23:11:26.000Z</time>
        <extensions>
          <ns3:TrackPointExtension>
            <ns3:hr>138</ns3:hr>
            <ns3:cad>81</ns3:cad>
          </ns3:TrackPointExtension>
        </extensions>
      </trkpt>
      <trkpt lat="23.05035282857716083526611328125" lon="113.306378312408924102783203125">
        <ele>6.599999904632568359375</ele>
        <time>2026-09-09T23:11:27.000Z</time>
        <extensions>
          <ns3:TrackPointExtension>
            <ns3:hr>138</ns3:hr>
            <ns3:cad>81</ns3:cad>
          </ns3:TrackPointExtension>
        </extensions>
      </trkpt>
      <trkpt lat="23.0503626354038715362548828125" lon="113.30639331601560115814208984375">
        <ele>6.599999904632568359375</ele>
        <time>2026-09-09T23:11:28.000Z</time>
        <extensions>
          <ns3:TrackPointExtension>
            <ns3:hr>138</ns3:hr>
            <ns3:cad>80</ns3:cad>
          </ns3:TrackPointExtension>
        </extensions>
      </trkpt>
      <trkpt lat="23.0503646470606327056884765625" lon="113.30642248503863811492919921875">
        <ele>6.599999904632568359375</ele>
        <time>2026-09-09T23:11:29.000Z</time>
        <extensions>
          <ns3:TrackPointExtension>
            <ns3:hr>137</ns3:hr>
            <ns3:cad>80</ns3:cad>
          </ns3:TrackPointExtension>
        </extensions>
      </trkpt>
      <trkpt lat="23.0503619648516178131103515625" lon="113.30644545145332813262939453125">
        <ele>6.599999904632568359375</ele>
        <time>2026-09-09T23:11:30.000Z</time>
        <extensions>
          <ns3:TrackPointExtension>
            <ns3:hr>137</ns3:hr>
            <ns3:cad>80</ns3:cad>
          </ns3:TrackPointExtension>
        </extensions>
      </trkpt>
      <trkpt lat="23.050366826355457305908203125" lon="113.30645819194614887237548828125">
        <ele>6.599999904632568359375</ele>
        <time>2026-09-09T23:11:31.000Z</time>
        <extensions>
          <ns3:TrackPointExtension>
            <ns3:hr>137</ns3:hr>
            <ns3:cad>81</ns3:cad>
          </ns3:TrackPointExtension>
        </extensions>
      </trkpt>
      <trkpt lat="23.05036439560353755950927734375" lon="113.30648920498788356781005859375">
        <ele>6.599999904632568359375</ele>
        <time>2026-09-09T23:11:32.000Z</time>
        <extensions>
          <ns3:TrackPointExtension>
            <ns3:hr>137</ns3:hr>
            <ns3:cad>81</ns3:cad>
          </ns3:TrackPointExtension>
        </extensions>
      </trkpt>
      <trkpt lat="23.05036003701388835906982421875" lon="113.3065142668783664703369140625">
        <ele>6.599999904632568359375</ele>
        <time>2026-09-09T23:11:33.000Z</time>
        <extensions>
          <ns3:TrackPointExtension>
            <ns3:hr>137</ns3:hr>
            <ns3:cad>80</ns3:cad>
          </ns3:TrackPointExtension>
        </extensions>
      </trkpt>
      <trkpt lat="23.050364814698696136474609375" lon="113.3065270073711872100830078125">
        <ele>6.599999904632568359375</ele>
        <time>2026-09-09T23:11:34.000Z</time>
        <extensions>
          <ns3:TrackPointExtension>
            <ns3:hr>137</ns3:hr>
            <ns3:cad>80</ns3:cad>
          </ns3:TrackPointExtension>
        </extensions>
      </trkpt>
      <trkpt lat="23.05036179721355438232421875" lon="113.30655609257519245147705078125">
        <ele>6.599999904632568359375</ele>
        <time>2026-09-09T23:11:35.000Z</time>
        <extensions>
          <ns3:TrackPointExtension>
            <ns3:hr>137</ns3:hr>
            <ns3:cad>80</ns3:cad>
          </ns3:TrackPointExtension>
        </extensions>
      </trkpt>
      <trkpt lat="23.050362803041934967041015625" lon="113.30657805316150188446044921875">
        <ele>6.599999904632568359375</ele>
        <time>2026-09-09T23:11:36.000Z</time>
        <extensions>
          <ns3:TrackPointExtension>
            <ns3:hr>137</ns3:hr>
            <ns3:cad>80</ns3:cad>
          </ns3:TrackPointExtension>
        </extensions>
      </trkpt>
      <trkpt lat="23.0503649823367595672607421875" lon="113.3065937273204326629638671875">
        <ele>6.599999904632568359375</ele>
        <time>2026-09-09T23:11:37.000Z</time>
        <extensions>
          <ns3:TrackPointExtension>
            <ns3:hr>137</ns3:hr>
            <ns3:cad>80</ns3:cad>
          </ns3:TrackPointExtension>
        </extensions>
      </trkpt>
      <trkpt lat="23.0503629706799983978271484375" lon="113.306627757847309112548828125">
        <ele>6.599999904632568359375</ele>
        <time>2026-09-09T23:11:38.000Z</time>
        <extensions>
          <ns3:TrackPointExtension>
            <ns3:hr>137</ns3:hr>
            <ns3:cad>80</ns3:cad>
          </ns3:TrackPointExtension>
        </extensions>
      </trkpt>
      <trkpt lat="23.05036674253642559051513671875" lon="113.30664779059588909149169921875">
        <ele>6.599999904632568359375</ele>
        <time>2026-09-09T23:11:39.000Z</time>
        <extensions>
          <ns3:TrackPointExtension>
            <ns3:hr>136</ns3:hr>
            <ns3:cad>80</ns3:cad>
          </ns3:TrackPointExtension>
        </extensions>
      </trkpt>
      <trkpt lat="23.050372190773487091064453125" lon="113.3066658116877079010009765625">
        <ele>6.599999904632568359375</ele>
        <time>2026-09-09T23:11:40.000Z</time>
        <extensions>
          <ns3:TrackPointExtension>
            <ns3:hr>137</ns3:hr>
            <ns3:cad>80</ns3:cad>
          </ns3:TrackPointExtension>
        </extensions>
      </trkpt>
      <trkpt lat="23.05037110112607479095458984375" lon="113.30669975839555263519287109375">
        <ele>6.599999904632568359375</ele>
        <time>2026-09-09T23:11:41.000Z</time>
        <extensions>
          <ns3:TrackPointExtension>
            <ns3:hr>137</ns3:hr>
            <ns3:cad>80</ns3:cad>
          </ns3:TrackPointExtension>
        </extensions>
      </trkpt>
      <trkpt lat="23.0503716878592967987060546875" lon="113.306722305715084075927734375">
        <ele>6.599999904632568359375</ele>
        <time>2026-09-09T23:11:42.000Z</time>
        <extensions>
          <ns3:TrackPointExtension>
            <ns3:hr>136</ns3:hr>
            <ns3:cad>80</ns3:cad>
          </ns3:TrackPointExtension>
        </extensions>
      </trkpt>
      <trkpt lat="23.050373531877994537353515625" lon="113.30674476921558380126953125">
        <ele>6.599999904632568359375</ele>
        <time>2026-09-09T23:11:43.000Z</time>
        <extensions>
          <ns3:TrackPointExtension>
            <ns3:hr>137</ns3:hr>
            <ns3:cad>80</ns3:cad>
          </ns3:TrackPointExtension>
        </extensions>
      </trkpt>
      <trkpt lat="23.0503693409264087677001953125" lon="113.306778967380523681640625">
        <ele>6.599999904632568359375</ele>
        <time>2026-09-09T23:11:44.000Z</time>
        <extensions>
          <ns3:TrackPointExtension>
            <ns3:hr>137</ns3:hr>
            <ns3:cad>80</ns3:cad>
          </ns3:TrackPointExtension>
        </extensions>
      </trkpt>
      <trkpt lat="23.05037445388734340667724609375" lon="113.30679732374846935272216796875">
        <ele>6.599999904632568359375</ele>
        <time>2026-09-09T23:11:45.000Z</time>
        <extensions>
          <ns3:TrackPointExtension>
            <ns3:hr>136</ns3:hr>
            <ns3:cad>80</ns3:cad>
          </ns3:TrackPointExtension>
        </extensions>
      </trkpt>
      <trkpt lat="23.0503710173070430755615234375" lon="113.30681945197284221649169921875">
        <ele>6.599999904632568359375</ele>
        <time>2026-09-09T23:11:46.000Z</time>
        <extensions>
          <ns3:TrackPointExtension>
            <ns3:hr>137</ns3:hr>
            <ns3:cad>80</ns3:cad>
          </ns3:TrackPointExtension>
        </extensions>
      </trkpt>
      <trkpt lat="23.0503606237471103668212890625" lon="113.30685566179454326629638671875">
        <ele>6.400000095367431640625</ele>
        <time>2026-09-09T23:11:47.000Z</time>
        <extensions>
          <ns3:TrackPointExtension>
            <ns3:hr>137</ns3:hr>
            <ns3:cad>80</ns3:cad>
          </ns3:TrackPointExtension>
        </extensions>
      </trkpt>
      <trkpt lat="23.05036037229001522064208984375" lon="113.30687594600021839141845703125">
        <ele>6.400000095367431640625</ele>
        <time>2026-09-09T23:11:48.000Z</time>
        <extensions>
          <ns3:TrackPointExtension>
            <ns3:hr>136</ns3:hr>
            <ns3:cad>80</ns3:cad>
          </ns3:TrackPointExtension>
        </extensions>
      </trkpt>
      <trkpt lat="23.05035919882357120513916015625" lon="113.30689958296716213226318359375">
        <ele>6.400000095367431640625</ele>
        <time>2026-09-09T23:11:49.000Z</time>
        <extensions>
          <ns3:TrackPointExtension>
            <ns3:hr>137</ns3:hr>
            <ns3:cad>80</ns3:cad>
          </ns3:TrackPointExtension>
        </extensions>
      </trkpt>
      <trkpt lat="23.05033790878951549530029296875" lon="113.30692690797150135040283203125">
        <ele>6.400000095367431640625</ele>
        <time>2026-09-09T23:11:50.000Z</time>
        <extensions>
          <ns3:TrackPointExtension>
            <ns3:hr>137</ns3:hr>
            <ns3:cad>80</ns3:cad>
          </ns3:TrackPointExtension>
        </extensions>
      </trkpt>
      <trkpt lat="23.0503314547240734100341796875" lon="113.30693847499787807464599609375">
        <ele>6.400000095367431640625</ele>
        <time>2026-09-09T23:11:51.000Z</time>
        <extensions>
          <ns3:TrackPointExtension>
            <ns3:hr>136</ns3:hr>
            <ns3:cad>80</ns3:cad>
          </ns3:TrackPointExtension>
        </extensions>
      </trkpt>
      <trkpt lat="23.050326593220233917236328125" lon="113.30696336925029754638671875">
        <ele>6.400000095367431640625</ele>
        <time>2026-09-09T23:11:52.000Z</time>
        <extensions>
          <ns3:TrackPointExtension>
            <ns3:hr>137</ns3:hr>
            <ns3:cad>80</ns3:cad>
          </ns3:TrackPointExtension>
        </extensions>
      </trkpt>
      <trkpt lat="23.0503053031861782073974609375" lon="113.306992538273334503173828125">
        <ele>6.400000095367431640625</ele>
        <time>2026-09-09T23:11:53.000Z</time>
        <extensions>
          <ns3:TrackPointExtension>
            <ns3:hr>137</ns3:hr>
            <ns3:cad>80</ns3:cad>
          </ns3:TrackPointExtension>
        </extensions>
      </trkpt>
      <trkpt lat="23.0503036268055438995361328125" lon="113.30701106227934360504150390625">
        <ele>6.400000095367431640625</ele>
        <time>2026-09-09T23:11:54.000Z</time>
        <extensions>
          <ns3:TrackPointExtension>
            <ns3:hr>136</ns3:hr>
            <ns3:cad>80</ns3:cad>
          </ns3:TrackPointExtension>
        </extensions>
      </trkpt>
      <trkpt lat="23.05029951967298984527587890625" lon="113.307034112513065338134765625">
        <ele>6.400000095367431640625</ele>
        <time>2026-09-09T23:11:55.000Z</time>
        <extensions>
          <ns3:TrackPointExtension>
            <ns3:hr>137</ns3:hr>
            <ns3:cad>80</ns3:cad>
          </ns3:TrackPointExtension>
        </extensions>
      </trkpt>
      <trkpt lat="23.0502851866185665130615234375" lon="113.30706319771707057952880859375">
        <ele>6.400000095367431640625</ele>
        <time>2026-09-09T23:11:56.000Z</time>
        <extensions>
          <ns3:TrackPointExtension>
            <ns3:hr>137</ns3:hr>
            <ns3:cad>80</ns3:cad>
          </ns3:TrackPointExtension>
        </extensions>
      </trkpt>
      <trkpt lat="23.05028267204761505126953125" lon="113.30707727931439876556396484375">
        <ele>6.400000095367431640625</ele>
        <time>2026-09-09T23:11:57.000Z</time>
        <extensions>
          <ns3:TrackPointExtension>
            <ns3:hr>137</ns3:hr>
            <ns3:cad>80</ns3:cad>
          </ns3:TrackPointExtension>
        </extensions>
      </trkpt>
      <trkpt lat="23.05028024129569530487060546875" lon="113.307101838290691375732421875">
        <ele>6.400000095367431640625</ele>
        <time>2026-09-09T23:11:58.000Z</time>
        <extensions>
          <ns3:TrackPointExtension>
            <ns3:hr>137</ns3:hr>
            <ns3:cad>80</ns3:cad>
          </ns3:TrackPointExtension>
        </extensions>
      </trkpt>
      <trkpt lat="23.05026431567966938018798828125" lon="113.30713293515145778656005859375">
        <ele>6.400000095367431640625</ele>
        <time>2026-09-09T23:11:59.000Z</time>
        <extensions>
          <ns3:TrackPointExtension>
            <ns3:hr>137</ns3:hr>
            <ns3:cad>79</ns3:cad>
          </ns3:TrackPointExtension>
        </extensions>
      </trkpt>
      <trkpt lat="23.0502670817077159881591796875" lon="113.30714651383459568023681640625">
        <ele>6.400000095367431640625</ele>
        <time>2026-09-09T23:12:00.000Z</time>
        <extensions>
          <ns3:TrackPointExtension>
            <ns3:hr>137</ns3:hr>
            <ns3:cad>79</ns3:cad>
          </ns3:TrackPointExtension>
        </extensions>
      </trkpt>
      <trkpt lat="23.05026565678417682647705078125" lon="113.30716931261122226715087890625">
        <ele>6.400000095367431640625</ele>
        <time>2026-09-09T23:12:01.000Z</time>
        <extensions>
          <ns3:TrackPointExtension>
            <ns3:hr>137</ns3:hr>
            <ns3:cad>80</ns3:cad>
          </ns3:TrackPointExtension>
        </extensions>
      </trkpt>
      <trkpt lat="23.0502516590058803558349609375" lon="113.3072014153003692626953125">
        <ele>6.19999980926513671875</ele>
        <time>2026-09-09T23:12:02.000Z</time>
        <extensions>
          <ns3:TrackPointExtension>
            <ns3:hr>137</ns3:hr>
            <ns3:cad>80</ns3:cad>
          </ns3:TrackPointExtension>
        </extensions>
      </trkpt>
      <trkpt lat="23.05025258101522922515869140625" lon="113.30721826292574405670166015625">
        <ele>6.19999980926513671875</ele>
        <time>2026-09-09T23:12:03.000Z</time>
        <extensions>
          <ns3:TrackPointExtension>
            <ns3:hr>137</ns3:hr>
            <ns3:cad>80</ns3:cad>
          </ns3:TrackPointExtension>
        </extensions>
      </trkpt>
      <trkpt lat="23.0502511560916900634765625" lon="113.307242654263973236083984375">
        <ele>6.19999980926513671875</ele>
        <time>2026-09-09T23:12:04.000Z</time>
        <extensions>
          <ns3:TrackPointExtension>
            <ns3:hr>137</ns3:hr>
            <ns3:cad>80</ns3:cad>
          </ns3:TrackPointExtension>
        </extensions>
      </trkpt>
      <trkpt lat="23.05023497901856899261474609375" lon="113.30726956017315387725830078125">
        <ele>6.19999980926513671875</ele>
        <time>2026-09-09T23:12:05.000Z</time>
        <extensions>
          <ns3:TrackPointExtension>
            <ns3:hr>138</ns3:hr>
            <ns3:cad>80</ns3:cad>
          </ns3:TrackPointExtension>
        </extensions>
      </trkpt>
      <trkpt lat="23.05022425018250942230224609375" lon="113.3072840608656406402587890625">
        <ele>6.19999980926513671875</ele>
        <time>2026-09-09T23:12:06.000Z</time>
        <extensions>
          <ns3:TrackPointExtension>
            <ns3:hr>137</ns3:hr>
            <ns3:cad>80</ns3:cad>
          </ns3:TrackPointExtension>
        </extensions>
      </trkpt>
      <trkpt lat="23.05022391490638256072998046875" lon="113.307306356728076934814453125">
        <ele>6.19999980926513671875</ele>
        <time>2026-09-09T23:12:07.000Z</time>
        <extensions>
          <ns3:TrackPointExtension>
            <ns3:hr>137</ns3:hr>
            <ns3:cad>80</ns3:cad>
          </ns3:TrackPointExtension>
        </extensions>
      </trkpt>
      <trkpt lat="23.0502124316990375518798828125" lon="113.30733695067465305328369140625">
        <ele>6.400000095367431640625</ele>
        <time>2026-09-09T23:12:08.000Z</time>
        <extensions>
          <ns3:TrackPointExtension>
            <ns3:hr>138</ns3:hr>
            <ns3:cad>80</ns3:cad>
          </ns3:TrackPointExtension>
        </extensions>
      </trkpt>
      <trkpt lat="23.05021519772708415985107421875" lon="113.30735094845294952392578125">
        <ele>6.400000095367431640625</ele>
        <time>2026-09-09T23:12:09.000Z</time>
        <extensions>
          <ns3:TrackPointExtension>
            <ns3:hr>137</ns3:hr>
            <ns3:cad>79</ns3:cad>
          </ns3:TrackPointExtension>
        </extensions>
      </trkpt>
      <trkpt lat="23.05021226406097412109375" lon="113.30737617798149585723876953125">
        <ele>6.400000095367431640625</ele>
        <time>2026-09-09T23:12:10.000Z</time>
        <extensions>
          <ns3:TrackPointExtension>
            <ns3:hr>137</ns3:hr>
            <ns3:cad>79</ns3:cad>
          </ns3:TrackPointExtension>
        </extensions>
      </trkpt>
      <trkpt lat="23.05020078085362911224365234375" lon="113.30740534700453281402587890625">
        <ele>6.400000095367431640625</ele>
        <time>2026-09-09T23:12:11.000Z</time>
        <extensions>
          <ns3:TrackPointExtension>
            <ns3:hr>137</ns3:hr>
            <ns3:cad>79</ns3:cad>
          </ns3:TrackPointExtension>
        </extensions>
      </trkpt>
      <trkpt lat="23.0501970089972019195556640625" lon="113.30741574056446552276611328125">
        <ele>6.400000095367431640625</ele>
        <time>2026-09-09T23:12:12.000Z</time>
        <extensions>
          <ns3:TrackPointExtension>
            <ns3:hr>138</ns3:hr>
            <ns3:cad>80</ns3:cad>
          </ns3:TrackPointExtension>
        </extensions>
      </trkpt>
      <trkpt lat="23.05019952356815338134765625" lon="113.30744356848299503326416015625">
        <ele>6.400000095367431640625</ele>
        <time>2026-09-09T23:12:13.000Z</time>
        <extensions>
          <ns3:TrackPointExtension>
            <ns3:hr>137</ns3:hr>
            <ns3:cad>80</ns3:cad>
          </ns3:TrackPointExtension>
        </extensions>
      </trkpt>
      <trkpt lat="23.05019306950271129608154296875" lon="113.3074711449444293975830078125">
        <ele>6.400000095367431640625</ele>
        <time>2026-09-09T23:12:14.000Z</time>
        <extensions>
          <ns3:TrackPointExtension>
            <ns3:hr>138</ns3:hr>
            <ns3:cad>80</ns3:cad>
          </ns3:TrackPointExtension>
        </extensions>
      </trkpt>
      <trkpt lat="23.050194494426250457763671875" lon="113.30748916603624820709228515625">
        <ele>6.400000095367431640625</ele>
        <time>2026-09-09T23:12:15.000Z</time>
        <extensions>
          <ns3:TrackPointExtension>
            <ns3:hr>138</ns3:hr>
            <ns3:cad>80</ns3:cad>
          </ns3:TrackPointExtension>
        </extensions>
      </trkpt>
      <trkpt lat="23.0501923151314258575439453125" lon="113.30751900561153888702392578125">
        <ele>6.400000095367431640625</ele>
        <time>2026-09-09T23:12:16.000Z</time>
        <extensions>
          <ns3:TrackPointExtension>
            <ns3:hr>138</ns3:hr>
            <ns3:cad>81</ns3:cad>
          </ns3:TrackPointExtension>
        </extensions>
      </trkpt>
      <trkpt lat="23.05018519051373004913330078125" lon="113.30755035392940044403076171875">
        <ele>6.400000095367431640625</ele>
        <time>2026-09-09T23:12:17.000Z</time>
        <extensions>
          <ns3:TrackPointExtension>
            <ns3:hr>138</ns3:hr>
            <ns3:cad>81</ns3:cad>
          </ns3:TrackPointExtension>
        </extensions>
      </trkpt>
      <trkpt lat="23.05018837563693523406982421875" lon="113.30756552517414093017578125">
        <ele>6.400000095367431640625</ele>
        <time>2026-09-09T23:12:18.000Z</time>
        <extensions>
          <ns3:TrackPointExtension>
            <ns3:hr>137</ns3:hr>
            <ns3:cad>81</ns3:cad>
          </ns3:TrackPointExtension>
        </extensions>
      </trkpt>
      <trkpt lat="23.0501876212656497955322265625" lon="113.3075938560068607330322265625">
        <ele>6.400000095367431640625</ele>
        <time>2026-09-09T23:12:19.000Z</time>
        <extensions>
          <ns3:TrackPointExtension>
            <ns3:hr>138</ns3:hr>
            <ns3:cad>81</ns3:cad>
          </ns3:TrackPointExtension>
        </extensions>
      </trkpt>
      <trkpt lat="23.05018049664795398712158203125" lon="113.30761690624058246612548828125">
        <ele>6.400000095367431640625</ele>
        <time>2026-09-09T23:12:20.000Z</time>
        <extensions>
          <ns3:TrackPointExtension>
            <ns3:hr>138</ns3:hr>
            <ns3:cad>81</ns3:cad>
          </ns3:TrackPointExtension>
        </extensions>
      </trkpt>
      <trkpt lat="23.05018007755279541015625" lon="113.30763098783791065216064453125">
        <ele>6.400000095367431640625</ele>
        <time>2026-09-09T23:12:21.000Z</time>
        <extensions>
          <ns3:TrackPointExtension>
            <ns3:hr>138</ns3:hr>
            <ns3:cad>81</ns3:cad>
          </ns3:TrackPointExtension>
        </extensions>
      </trkpt>
      <trkpt lat="23.050175718963146209716796875" lon="113.30765780992805957794189453125">
        <ele>6.400000095367431640625</ele>
        <time>2026-09-09T23:12:22.000Z</time>
        <extensions>
          <ns3:TrackPointExtension>
            <ns3:hr>138</ns3:hr>
            <ns3:cad>81</ns3:cad>
          </ns3:TrackPointExtension>
        </extensions>
      </trkpt>
      <trkpt lat="23.0501708574593067169189453125" lon="113.3076833747327327728271484375">
        <ele>6.400000095367431640625</ele>
        <time>2026-09-09T23:12:23.000Z</time>
        <extensions>
          <ns3:TrackPointExtension>
            <ns3:hr>137</ns3:hr>
            <ns3:cad>80</ns3:cad>
          </ns3:TrackPointExtension>
        </extensions>
      </trkpt>
      <trkpt lat="23.0501721985638141632080078125" lon="113.3076984621584415435791015625">
        <ele>6.400000095367431640625</ele>
        <time>2026-09-09T23:12:24.000Z</time>
        <extensions>
          <ns3:TrackPointExtension>
            <ns3:hr>138</ns3:hr>
            <ns3:cad>80</ns3:cad>
          </ns3:TrackPointExtension>
        </extensions>
      </trkpt>
      <trkpt lat="23.0501664988696575164794921875" lon="113.3077299781143665313720703125">
        <ele>6.400000095367431640625</ele>
        <time>2026-09-09T23:12:25.000Z</time>
        <extensions>
          <ns3:TrackPointExtension>
            <ns3:hr>138</ns3:hr>
            <ns3:cad>80</ns3:cad>
          </ns3:TrackPointExtension>
        </extensions>
      </trkpt>
      <trkpt lat="23.0501668341457843780517578125" lon="113.3077537827193737030029296875">
        <ele>6.400000095367431640625</ele>
        <time>2026-09-09T23:12:26.000Z</time>
        <extensions>
          <ns3:TrackPointExtension>
            <ns3:hr>138</ns3:hr>
            <ns3:cad>80</ns3:cad>
          </ns3:TrackPointExtension>
        </extensions>
      </trkpt>
      <trkpt lat="23.0501695163547992706298828125" lon="113.3077752403914928436279296875">
        <ele>6.400000095367431640625</ele>
        <time>2026-09-09T23:12:27.000Z</time>
        <extensions>
          <ns3:TrackPointExtension>
            <ns3:hr>138</ns3:hr>
            <ns3:cad>80</ns3:cad>
          </ns3:TrackPointExtension>
        </extensions>
      </trkpt>
      <trkpt lat="23.0501638166606426239013671875" lon="113.30780650489032268524169921875">
        <ele>6.400000095367431640625</ele>
        <time>2026-09-09T23:12:28.000Z</time>
        <extensions>
          <ns3:TrackPointExtension>
            <ns3:hr>138</ns3:hr>
            <ns3:cad>80</ns3:cad>
          </ns3:TrackPointExtension>
        </extensions>
      </trkpt>
      <trkpt lat="23.05016457103192806243896484375" lon="113.30782410688698291778564453125">
        <ele>6.400000095367431640625</ele>
        <time>2026-09-09T23:12:29.000Z</time>
        <extensions>
          <ns3:TrackPointExtension>
            <ns3:hr>138</ns3:hr>
            <ns3:cad>80</ns3:cad>
          </ns3:TrackPointExtension>
        </extensions>
      </trkpt>
      <trkpt lat="23.0501621402800083160400390625" lon="113.30784858204424381256103515625">
        <ele>6.400000095367431640625</ele>
        <time>2026-09-09T23:12:30.000Z</time>
        <extensions>
          <ns3:TrackPointExtension>
            <ns3:hr>138</ns3:hr>
            <ns3:cad>81</ns3:cad>
          </ns3:TrackPointExtension>
        </extensions>
      </trkpt>
      <trkpt lat="23.05015099234879016876220703125" lon="113.30788026563823223114013671875">
        <ele>6.400000095367431640625</ele>
        <time>2026-09-09T23:12:31.000Z</time>
        <extensions>
          <ns3:TrackPointExtension>
            <ns3:hr>138</ns3:hr>
            <ns3:cad>81</ns3:cad>
          </ns3:TrackPointExtension>
        </extensions>
      </trkpt>
      <trkpt lat="23.05014797486364841461181640625" lon="113.3078979514539241790771484375">
        <ele>6.400000095367431640625</ele>
        <time>2026-09-09T23:12:32.000Z</time>
        <extensions>
          <ns3:TrackPointExtension>
            <ns3:hr>138</ns3:hr>
            <ns3:cad>81</ns3:cad>
          </ns3:TrackPointExtension>
        </extensions>
      </trkpt>
      <trkpt lat="23.05014579556882381439208984375" lon="113.30791798420250415802001953125">
        <ele>6.400000095367431640625</ele>
        <time>2026-09-09T23:12:33.000Z</time>
        <extensions>
          <ns3:TrackPointExtension>
            <ns3:hr>138</ns3:hr>
            <ns3:cad>81</ns3:cad>
          </ns3:TrackPointExtension>
        </extensions>
      </trkpt>
      <trkpt lat="23.05013540200889110565185546875" lon="113.3079509250819683074951171875">
        <ele>6.19999980926513671875</ele>
        <time>2026-09-09T23:12:34.000Z</time>
        <extensions>
          <ns3:TrackPointExtension>
            <ns3:hr>137</ns3:hr>
            <ns3:cad>80</ns3:cad>
          </ns3:TrackPointExtension>
        </extensions>
      </trkpt>
      <trkpt lat="23.05012852884829044342041015625" lon="113.30796106718480587005615234375">
        <ele>6.19999980926513671875</ele>
        <time>2026-09-09T23:12:35.000Z</time>
        <extensions>
          <ns3:TrackPointExtension>
            <ns3:hr>138</ns3:hr>
            <ns3:cad>80</ns3:cad>
          </ns3:TrackPointExtension>
        </extensions>
      </trkpt>
      <trkpt lat="23.0501225776970386505126953125" lon="113.3079844526946544647216796875">
        <ele>6.19999980926513671875</ele>
        <time>2026-09-09T23:12:36.000Z</time>
        <extensions>
          <ns3:TrackPointExtension>
            <ns3:hr>138</ns3:hr>
            <ns3:cad>81</ns3:cad>
          </ns3:TrackPointExtension>
        </extensions>
      </trkpt>
      <trkpt lat="23.05010874755680561065673828125" lon="113.30801789648830890655517578125">
        <ele>6.19999980926513671875</ele>
        <time>2026-09-09T23:12:37.000Z</time>
        <extensions>
          <ns3:TrackPointExtension>
            <ns3:hr>138</ns3:hr>
            <ns3:cad>81</ns3:cad>
          </ns3:TrackPointExtension>
        </extensions>
      </trkpt>
      <trkpt lat="23.05010707117617130279541015625" lon="113.30802829004824161529541015625">
        <ele>6.19999980926513671875</ele>
        <time>2026-09-09T23:12:38.000Z</time>
        <extensions>
          <ns3:TrackPointExtension>
            <ns3:hr>138</ns3:hr>
            <ns3:cad>81</ns3:cad>
          </ns3:TrackPointExtension>
        </extensions>
      </trkpt>
      <trkpt lat="23.0501074902713298797607421875" lon="113.30805343575775623321533203125">
        <ele>6.19999980926513671875</ele>
        <time>2026-09-09T23:12:39.000Z</time>
        <extensions>
          <ns3:TrackPointExtension>
            <ns3:hr>138</ns3:hr>
            <ns3:cad>81</ns3:cad>
          </ns3:TrackPointExtension>
        </extensions>
      </trkpt>
      <trkpt lat="23.05010120384395122528076171875" lon="113.30808260478079319000244140625">
        <ele>6.19999980926513671875</ele>
        <time>2026-09-09T23:12:40.000Z</time>
        <extensions>
          <ns3:TrackPointExtension>
            <ns3:hr>138</ns3:hr>
            <ns3:cad>81</ns3:cad>
          </ns3:TrackPointExtension>
        </extensions>
      </trkpt>
      <trkpt lat="23.0500970967113971710205078125" lon="113.30809182487428188323974609375">
        <ele>6.400000095367431640625</ele>
        <time>2026-09-09T23:12:41.000Z</time>
        <extensions>
          <ns3:TrackPointExtension>
            <ns3:hr>138</ns3:hr>
            <ns3:cad>81</ns3:cad>
          </ns3:TrackPointExtension>
        </extensions>
      </trkpt>
      <trkpt lat="23.050091899931430816650390625" lon="113.308120071887969970703125">
        <ele>6.400000095367431640625</ele>
        <time>2026-09-09T23:12:42.000Z</time>
        <extensions>
          <ns3:TrackPointExtension>
            <ns3:hr>138</ns3:hr>
            <ns3:cad>81</ns3:cad>
          </ns3:TrackPointExtension>
        </extensions>
      </trkpt>
      <trkpt lat="23.0500897206366062164306640625" lon="113.30814429558813571929931640625">
        <ele>6.400000095367431640625</ele>
        <time>2026-09-09T23:12:43.000Z</time>
        <extensions>
          <ns3:TrackPointExtension>
            <ns3:hr>138</ns3:hr>
            <ns3:cad>81</ns3:cad>
          </ns3:TrackPointExtension>
        </extensions>
      </trkpt>
      <trkpt lat="23.050087206065654754638671875" lon="113.3081598021090030670166015625">
        <ele>6.400000095367431640625</ele>
        <time>2026-09-09T23:12:44.000Z</time>
        <extensions>
          <ns3:TrackPointExtension>
            <ns3:hr>138</ns3:hr>
            <ns3:cad>80</ns3:cad>
          </ns3:TrackPointExtension>
        </extensions>
      </trkpt>
      <trkpt lat="23.05008125491440296173095703125" lon="113.3081926591694355010986328125">
        <ele>6.400000095367431640625</ele>
        <time>2026-09-09T23:12:45.000Z</time>
        <extensions>
          <ns3:TrackPointExtension>
            <ns3:hr>138</ns3:hr>
            <ns3:cad>80</ns3:cad>
          </ns3:TrackPointExtension>
        </extensions>
      </trkpt>
      <trkpt lat="23.05008477531373500823974609375" lon="113.3082194812595844268798828125">
        <ele>6.400000095367431640625</ele>
        <time>2026-09-09T23:12:46.000Z</time>
        <extensions>
          <ns3:TrackPointExtension>
            <ns3:hr>138</ns3:hr>
            <ns3:cad>80</ns3:cad>
          </ns3:TrackPointExtension>
        </extensions>
      </trkpt>
      <trkpt lat="23.0500830151140689849853515625" lon="113.3082362450659275054931640625">
        <ele>6.400000095367431640625</ele>
        <time>2026-09-09T23:12:47.000Z</time>
        <extensions>
          <ns3:TrackPointExtension>
            <ns3:hr>139</ns3:hr>
            <ns3:cad>80</ns3:cad>
          </ns3:TrackPointExtension>
        </extensions>
      </trkpt>
      <trkpt lat="23.05007421411573886871337890625" lon="113.30827119760215282440185546875">
        <ele>6.400000095367431640625</ele>
        <time>2026-09-09T23:12:48.000Z</time>
        <extensions>
          <ns3:TrackPointExtension>
            <ns3:hr>139</ns3:hr>
            <ns3:cad>80</ns3:cad>
          </ns3:TrackPointExtension>
        </extensions>
      </trkpt>
      <trkpt lat="23.050074465572834014892578125" lon="113.3082915656268596649169921875">
        <ele>6.400000095367431640625</ele>
        <time>2026-09-09T23:12:49.000Z</time>
        <extensions>
          <ns3:TrackPointExtension>
            <ns3:hr>139</ns3:hr>
            <ns3:cad>80</ns3:cad>
          </ns3:TrackPointExtension>
        </extensions>
      </trkpt>
      <trkpt lat="23.05007857270538806915283203125" lon="113.3083183877170085906982421875">
        <ele>6.400000095367431640625</ele>
        <time>2026-09-09T23:12:50.000Z</time>
        <extensions>
          <ns3:TrackPointExtension>
            <ns3:hr>139</ns3:hr>
            <ns3:cad>80</ns3:cad>
          </ns3:TrackPointExtension>
        </extensions>
      </trkpt>
      <trkpt lat="23.050067760050296783447265625" lon="113.308352418243885040283203125">
        <ele>6.19999980926513671875</ele>
        <time>2026-09-09T23:12:51.000Z</time>
        <extensions>
          <ns3:TrackPointExtension>
            <ns3:hr>139</ns3:hr>
            <ns3:cad>81</ns3:cad>
          </ns3:TrackPointExtension>
        </extensions>
      </trkpt>
      <trkpt lat="23.050066418945789337158203125" lon="113.308367840945720672607421875">
        <ele>6.19999980926513671875</ele>
        <time>2026-09-09T23:12:52.000Z</time>
        <extensions>
          <ns3:TrackPointExtension>
            <ns3:hr>139</ns3:hr>
            <ns3:cad>81</ns3:cad>
          </ns3:TrackPointExtension>
        </extensions>
      </trkpt>
      <trkpt lat="23.0500669218599796295166015625" lon="113.308389969170093536376953125">
        <ele>6.19999980926513671875</ele>
        <time>2026-09-09T23:12:53.000Z</time>
        <extensions>
          <ns3:TrackPointExtension>
            <ns3:hr>139</ns3:hr>
            <ns3:cad>81</ns3:cad>
          </ns3:TrackPointExtension>
        </extensions>
      </trkpt>
      <trkpt lat="23.05005627684295177459716796875" lon="113.30842173658311367034912109375">
        <ele>6.19999980926513671875</ele>
        <time>2026-09-09T23:12:54.000Z</time>
        <extensions>
          <ns3:TrackPointExtension>
            <ns3:hr>139</ns3:hr>
            <ns3:cad>80</ns3:cad>
          </ns3:TrackPointExtension>
        </extensions>
      </trkpt>
      <trkpt lat="23.05005602538585662841796875" lon="113.30842894501984119415283203125">
        <ele>6.19999980926513671875</ele>
        <time>2026-09-09T23:12:55.000Z</time>
        <extensions>
          <ns3:TrackPointExtension>
            <ns3:hr>139</ns3:hr>
            <ns3:cad>80</ns3:cad>
          </ns3:TrackPointExtension>
        </extensions>
      </trkpt>
      <trkpt lat="23.05005828849971294403076171875" lon="113.30845526419579982757568359375">
        <ele>6.19999980926513671875</ele>
        <time>2026-09-09T23:12:56.000Z</time>
        <extensions>
          <ns3:TrackPointExtension>
            <ns3:hr>139</ns3:hr>
            <ns3:cad>80</ns3:cad>
          </ns3:TrackPointExtension>
        </extensions>
      </trkpt>
      <trkpt lat="23.050050325691699981689453125" lon="113.30848812125623226165771484375">
        <ele>6.19999980926513671875</ele>
        <time>2026-09-09T23:12:57.000Z</time>
        <extensions>
          <ns3:TrackPointExtension>
            <ns3:hr>139</ns3:hr>
            <ns3:cad>81</ns3:cad>
          </ns3:TrackPointExtension>
        </extensions>
      </trkpt>
      <trkpt lat="23.05005108006298542022705078125" lon="113.308503627777099609375">
        <ele>6.19999980926513671875</ele>
        <time>2026-09-09T23:12:58.000Z</time>
        <extensions>
          <ns3:TrackPointExtension>
            <ns3:hr>139</ns3:hr>
            <ns3:cad>81</ns3:cad>
          </ns3:TrackPointExtension>
        </extensions>
      </trkpt>
      <trkpt lat="23.05005091242492198944091796875" lon="113.30853204242885112762451171875">
        <ele>6.19999980926513671875</ele>
        <time>2026-09-09T23:12:59.000Z</time>
        <extensions>
          <ns3:TrackPointExtension>
            <ns3:hr>139</ns3:hr>
            <ns3:cad>80</ns3:cad>
          </ns3:TrackPointExtension>
        </extensions>
      </trkpt>
      <trkpt lat="23.050036914646625518798828125" lon="113.30855919979512691497802734375">
        <ele>6.19999980926513671875</ele>
        <time>2026-09-09T23:13:00.000Z</time>
        <extensions>
          <ns3:TrackPointExtension>
            <ns3:hr>139</ns3:hr>
            <ns3:cad>80</ns3:cad>
          </ns3:TrackPointExtension>
        </extensions>
      </trkpt>
      <trkpt lat="23.05003548972308635711669921875" lon="113.30857194028794765472412109375">
        <ele>6.19999980926513671875</ele>
        <time>2026-09-09T23:13:01.000Z</time>
        <extensions>
          <ns3:TrackPointExtension>
            <ns3:hr>139</ns3:hr>
            <ns3:cad>81</ns3:cad>
          </ns3:TrackPointExtension>
        </extensions>
      </trkpt>
      <trkpt lat="23.05003515444695949554443359375" lon="113.308604545891284942626953125">
        <ele>6.19999980926513671875</ele>
        <time>2026-09-09T23:13:02.000Z</time>
        <extensions>
          <ns3:TrackPointExtension>
            <ns3:hr>139</ns3:hr>
            <ns3:cad>81</ns3:cad>
          </ns3:TrackPointExtension>
        </extensions>
      </trkpt>
      <trkpt lat="23.0500380881130695343017578125" lon="113.3086328767240047454833984375">
        <ele>6.19999980926513671875</ele>
        <time>2026-09-09T23:13:03.000Z</time>
        <extensions>
          <ns3:TrackPointExtension>
            <ns3:hr>139</ns3:hr>
            <ns3:cad>81</ns3:cad>
          </ns3:TrackPointExtension>
        </extensions>
      </trkpt>
      <trkpt lat="23.0500367470085620880126953125" lon="113.30865290947258472442626953125">
        <ele>6.19999980926513671875</ele>
        <time>2026-09-09T23:13:04.000Z</time>
        <extensions>
          <ns3:TrackPointExtension>
            <ns3:hr>139</ns3:hr>
            <ns3:cad>80</ns3:cad>
          </ns3:TrackPointExtension>
        </extensions>
      </trkpt>
      <trkpt lat="23.050025515258312225341796875" lon="113.308682329952716827392578125">
        <ele>6.400000095367431640625</ele>
        <time>2026-09-09T23:13:05.000Z</time>
        <extensions>
          <ns3:TrackPointExtension>
            <ns3:hr>139</ns3:hr>
            <ns3:cad>80</ns3:cad>
          </ns3:TrackPointExtension>
        </extensions>
      </trkpt>
      <trkpt lat="23.0500260181725025177001953125" lon="113.30870890058577060699462890625">
        <ele>6.400000095367431640625</ele>
        <time>2026-09-09T23:13:06.000Z</time>
        <extensions>
          <ns3:TrackPointExtension>
            <ns3:hr>139</ns3:hr>
            <ns3:cad>81</ns3:cad>
          </ns3:TrackPointExtension>
        </extensions>
      </trkpt>
      <trkpt lat="23.05002660490572452545166015625" lon="113.308729268610477447509765625">
        <ele>6.599999904632568359375</ele>
        <time>2026-09-09T23:13:07.000Z</time>
        <extensions>
          <ns3:TrackPointExtension>
            <ns3:hr>139</ns3:hr>
            <ns3:cad>81</ns3:cad>
          </ns3:TrackPointExtension>
        </extensions>
      </trkpt>
      <trkpt lat="23.05002174340188503265380859375" lon="113.3087535761296749114990234375">
        <ele>6.599999904632568359375</ele>
        <time>2026-09-09T23:13:08.000Z</time>
        <extensions>
          <ns3:TrackPointExtension>
            <ns3:hr>140</ns3:hr>
            <ns3:cad>81</ns3:cad>
          </ns3:TrackPointExtension>
        </extensions>
      </trkpt>
      <trkpt lat="23.0500285327434539794921875" lon="113.3087787218391895294189453125">
        <ele>6.599999904632568359375</ele>
        <time>2026-09-09T23:13:09.000Z</time>
        <extensions>
          <ns3:TrackPointExtension>
            <ns3:hr>139</ns3:hr>
            <ns3:cad>81</ns3:cad>
          </ns3:TrackPointExtension>
        </extensions>
      </trkpt>
      <trkpt lat="23.05002962239086627960205078125" lon="113.30879397690296173095703125">
        <ele>6.400000095367431640625</ele>
        <time>2026-09-09T23:13:10.000Z</time>
        <extensions>
          <ns3:TrackPointExtension>
            <ns3:hr>139</ns3:hr>
            <ns3:cad>81</ns3:cad>
          </ns3:TrackPointExtension>
        </extensions>
      </trkpt>
      <trkpt lat="23.0500124394893646240234375" lon="113.308815099298954010009765625">
        <ele>6.19999980926513671875</ele>
        <time>2026-09-09T23:13:11.000Z</time>
        <extensions>
          <ns3:TrackPointExtension>
            <ns3:hr>139</ns3:hr>
            <ns3:cad>81</ns3:cad>
          </ns3:TrackPointExtension>
        </extensions>
      </trkpt>
      <trkpt lat="23.0500116012990474700927734375" lon="113.3088340424001216888427734375">
        <ele>6.19999980926513671875</ele>
        <time>2026-09-09T23:13:12.000Z</time>
        <extensions>
          <ns3:TrackPointExtension>
            <ns3:hr>140</ns3:hr>
            <ns3:cad>80</ns3:cad>
          </ns3:TrackPointExtension>
        </extensions>
      </trkpt>
      <trkpt lat="23.05000372231006622314453125" lon="113.30884820781648159027099609375">
        <ele>6.19999980926513671875</ele>
        <time>2026-09-09T23:13:13.000Z</time>
        <extensions>
          <ns3:TrackPointExtension>
            <ns3:hr>139</ns3:hr>
            <ns3:cad>80</ns3:cad>
          </ns3:TrackPointExtension>
        </extensions>
      </trkpt>
      <trkpt lat="23.0499945022165775299072265625" lon="113.3088829927146434783935546875">
        <ele>6.19999980926513671875</ele>
        <time>2026-09-09T23:13:14.000Z</time>
        <extensions>
          <ns3:TrackPointExtension>
            <ns3:hr>139</ns3:hr>
            <ns3:cad>80</ns3:cad>
          </ns3:TrackPointExtension>
        </extensions>
      </trkpt>
      <trkpt lat="23.0499988608062267303466796875" lon="113.3089005947113037109375">
        <ele>6.19999980926513671875</ele>
        <time>2026-09-09T23:13:15.000Z</time>
        <extensions>
          <ns3:TrackPointExtension>
            <ns3:hr>140</ns3:hr>
            <ns3:cad>81</ns3:cad>
          </ns3:TrackPointExtension>
        </extensions>
      </trkpt>
      <trkpt lat="23.05000095628201961517333984375" lon="113.30891911871731281280517578125">
        <ele>6.19999980926513671875</ele>
        <time>2026-09-09T23:13:16.000Z</time>
        <extensions>
          <ns3:TrackPointExtension>
            <ns3:hr>139</ns3:hr>
            <ns3:cad>81</ns3:cad>
          </ns3:TrackPointExtension>
        </extensions>
      </trkpt>
      <trkpt lat="23.04999441839754581451416015625" lon="113.30894929356873035430908203125">
        <ele>6</ele>
        <time>2026-09-09T23:13:17.000Z</time>
        <extensions>
          <ns3:TrackPointExtension>
            <ns3:hr>139</ns3:hr>
            <ns3:cad>81</ns3:cad>
          </ns3:TrackPointExtension>
        </extensions>
      </trkpt>
      <trkpt lat="23.0499914847314357757568359375" lon="113.30895650200545787811279296875">
        <ele>6</ele>
        <time>2026-09-09T23:13:18.000Z</time>
        <extensions>
          <ns3:TrackPointExtension>
            <ns3:hr>140</ns3:hr>
            <ns3:cad>81</ns3:cad>
          </ns3:TrackPointExtension>
        </extensions>
      </trkpt>
      <trkpt lat="23.04998897016048431396484375" lon="113.30898164771497249603271484375">
        <ele>6</ele>
        <time>2026-09-09T23:13:19.000Z</time>
        <extensions>
          <ns3:TrackPointExtension>
            <ns3:hr>139</ns3:hr>
            <ns3:cad>80</ns3:cad>
          </ns3:TrackPointExtension>
        </extensions>
      </trkpt>
      <trkpt lat="23.04998452775180339813232421875" lon="113.30901584587991237640380859375">
        <ele>6</ele>
        <time>2026-09-09T23:13:20.000Z</time>
        <extensions>
          <ns3:TrackPointExtension>
            <ns3:hr>139</ns3:hr>
            <ns3:cad>80</ns3:cad>
          </ns3:TrackPointExtension>
        </extensions>
      </trkpt>
      <trkpt lat="23.0499891377985477447509765625" lon="113.30903227441012859344482421875">
        <ele>6</ele>
        <time>2026-09-09T23:13:21.000Z</time>
        <extensions>
          <ns3:TrackPointExtension>
            <ns3:hr>139</ns3:hr>
            <ns3:cad>81</ns3:cad>
          </ns3:TrackPointExtension>
        </extensions>
      </trkpt>
      <trkpt lat="23.04998368956148624420166015625" lon="113.30906085669994354248046875">
        <ele>6</ele>
        <time>2026-09-09T23:13:22.000Z</time>
        <extensions>
          <ns3:TrackPointExtension>
            <ns3:hr>139</ns3:hr>
            <ns3:cad>81</ns3:cad>
          </ns3:TrackPointExtension>
        </extensions>
      </trkpt>
      <trkpt lat="23.0499748885631561279296875" lon="113.3090875111520290374755859375">
        <ele>6</ele>
        <time>2026-09-09T23:13:23.000Z</time>
        <extensions>
          <ns3:TrackPointExtension>
            <ns3:hr>138</ns3:hr>
            <ns3:cad>81</ns3:cad>
          </ns3:TrackPointExtension>
        </extensions>
      </trkpt>
      <trkpt lat="23.049977235496044158935546875" lon="113.30910108983516693115234375">
        <ele>6</ele>
        <time>2026-09-09T23:13:24.000Z</time>
        <extensions>
          <ns3:TrackPointExtension>
            <ns3:hr>138</ns3:hr>
            <ns3:cad>80</ns3:cad>
          </ns3:TrackPointExtension>
        </extensions>
      </trkpt>
      <trkpt lat="23.0499829351902008056640625" lon="113.30912849865853786468505859375">
        <ele>6</ele>
        <time>2026-09-09T23:13:25.000Z</time>
        <extensions>
          <ns3:TrackPointExtension>
            <ns3:hr>138</ns3:hr>
            <ns3:cad>80</ns3:cad>
          </ns3:TrackPointExtension>
        </extensions>
      </trkpt>
      <trkpt lat="23.04997966624796390533447265625" lon="113.30915599130094051361083984375">
        <ele>6</ele>
        <time>2026-09-09T23:13:26.000Z</time>
        <extensions>
          <ns3:TrackPointExtension>
            <ns3:hr>138</ns3:hr>
            <ns3:cad>80</ns3:cad>
          </ns3:TrackPointExtension>
        </extensions>
      </trkpt>
      <trkpt lat="23.04998251609504222869873046875" lon="113.3091777004301548004150390625">
        <ele>6</ele>
        <time>2026-09-09T23:13:27.000Z</time>
        <extensions>
          <ns3:TrackPointExtension>
            <ns3:hr>138</ns3:hr>
            <ns3:cad>80</ns3:cad>
          </ns3:TrackPointExtension>
        </extensions>
      </trkpt>
      <trkpt lat="23.0499807558953762054443359375" lon="113.30921198241412639617919921875">
        <ele>6</ele>
        <time>2026-09-09T23:13:28.000Z</time>
        <extensions>
          <ns3:TrackPointExtension>
            <ns3:hr>138</ns3:hr>
            <ns3:cad>80</ns3:cad>
          </ns3:TrackPointExtension>
        </extensions>
      </trkpt>
      <trkpt lat="23.04998720996081829071044921875" lon="113.3092370443046092987060546875">
        <ele>6.19999980926513671875</ele>
        <time>2026-09-09T23:13:29.000Z</time>
        <extensions>
          <ns3:TrackPointExtension>
            <ns3:hr>138</ns3:hr>
            <ns3:cad>81</ns3:cad>
          </ns3:TrackPointExtension>
        </extensions>
      </trkpt>
      <trkpt lat="23.04999567568302154541015625" lon="113.30926076509058475494384765625">
        <ele>6.19999980926513671875</ele>
        <time>2026-09-09T23:13:30.000Z</time>
        <extensions>
          <ns3:TrackPointExtension>
            <ns3:hr>138</ns3:hr>
            <ns3:cad>81</ns3:cad>
          </ns3:TrackPointExtension>
        </extensions>
      </trkpt>
      <trkpt lat="23.049986623227596282958984375" lon="113.30929110758006572723388671875">
        <ele>6.19999980926513671875</ele>
        <time>2026-09-09T23:13:31.000Z</time>
        <extensions>
          <ns3:TrackPointExtension>
            <ns3:hr>138</ns3:hr>
            <ns3:cad>81</ns3:cad>
          </ns3:TrackPointExtension>
        </extensions>
      </trkpt>
      <trkpt lat="23.04999768733978271484375" lon="113.30931792967021465301513671875">
        <ele>6</ele>
        <time>2026-09-09T23:13:32.000Z</time>
        <extensions>
          <ns3:TrackPointExtension>
            <ns3:hr>139</ns3:hr>
            <ns3:cad>81</ns3:cad>
          </ns3:TrackPointExtension>
        </extensions>
      </trkpt>
      <trkpt lat="23.050001375377178192138671875" lon="113.3093366213142871856689453125">
        <ele>6</ele>
        <time>2026-09-09T23:13:33.000Z</time>
        <extensions>
          <ns3:TrackPointExtension>
            <ns3:hr>138</ns3:hr>
            <ns3:cad>81</ns3:cad>
          </ns3:TrackPointExtension>
        </extensions>
      </trkpt>
      <trkpt lat="23.04998804815113544464111328125" lon="113.309368304908275604248046875">
        <ele>6</ele>
        <time>2026-09-09T23:13:34.000Z</time>
        <extensions>
          <ns3:TrackPointExtension>
            <ns3:hr>138</ns3:hr>
            <ns3:cad>81</ns3:cad>
          </ns3:TrackPointExtension>
        </extensions>
      </trkpt>
      <trkpt lat="23.049991317093372344970703125" lon="113.3093973062932491302490234375">
        <ele>6</ele>
        <time>2026-09-09T23:13:35.000Z</time>
        <extensions>
          <ns3:TrackPointExtension>
            <ns3:hr>138</ns3:hr>
            <ns3:cad>81</ns3:cad>
          </ns3:TrackPointExtension>
        </extensions>
      </trkpt>
      <trkpt lat="23.049996681511402130126953125" lon="113.3094177581369876861572265625">
        <ele>6</ele>
        <time>2026-09-09T23:13:36.000Z</time>
        <extensions>
          <ns3:TrackPointExtension>
            <ns3:hr>138</ns3:hr>
            <ns3:cad>81</ns3:cad>
          </ns3:TrackPointExtension>
        </extensions>
      </trkpt>
      <trkpt lat="23.049981594085693359375" lon="113.30944751389324665069580078125">
        <ele>6.19999980926513671875</ele>
        <time>2026-09-09T23:13:37.000Z</time>
        <extensions>
          <ns3:TrackPointExtension>
            <ns3:hr>138</ns3:hr>
            <ns3:cad>80</ns3:cad>
          </ns3:TrackPointExtension>
        </extensions>
      </trkpt>
      <trkpt lat="23.04998494684696197509765625" lon="113.30946385860443115234375">
        <ele>6.19999980926513671875</ele>
        <time>2026-09-09T23:13:38.000Z</time>
        <extensions>
          <ns3:TrackPointExtension>
            <ns3:hr>139</ns3:hr>
            <ns3:cad>80</ns3:cad>
          </ns3:TrackPointExtension>
        </extensions>
      </trkpt>
      <trkpt lat="23.049971871078014373779296875" lon="113.30948322080075740814208984375">
        <ele>6</ele>
        <time>2026-09-09T23:13:39.000Z</time>
        <extensions>
          <ns3:TrackPointExtension>
            <ns3:hr>138</ns3:hr>
            <ns3:cad>80</ns3:cad>
          </ns3:TrackPointExtension>
        </extensions>
      </trkpt>
      <trkpt lat="23.04995946586132049560546875" lon="113.309509791433811187744140625">
        <ele>6</ele>
        <time>2026-09-09T23:13:40.000Z</time>
        <extensions>
          <ns3:TrackPointExtension>
            <ns3:hr>138</ns3:hr>
            <ns3:cad>80</ns3:cad>
          </ns3:TrackPointExtension>
        </extensions>
      </trkpt>
      <trkpt lat="23.049971200525760650634765625" lon="113.30952823162078857421875">
        <ele>5.80000019073486328125</ele>
        <time>2026-09-09T23:13:41.000Z</time>
        <extensions>
          <ns3:TrackPointExtension>
            <ns3:hr>138</ns3:hr>
            <ns3:cad>80</ns3:cad>
          </ns3:TrackPointExtension>
        </extensions>
      </trkpt>
      <trkpt lat="23.0499673448503017425537109375" lon="113.30954558216035366058349609375">
        <ele>5.80000019073486328125</ele>
        <time>2026-09-09T23:13:42.000Z</time>
        <extensions>
          <ns3:TrackPointExtension>
            <ns3:hr>138</ns3:hr>
            <ns3:cad>80</ns3:cad>
          </ns3:TrackPointExtension>
        </extensions>
      </trkpt>
      <trkpt lat="23.0499549396336078643798828125" lon="113.309571482241153717041015625">
        <ele>5.80000019073486328125</ele>
        <time>2026-09-09T23:13:43.000Z</time>
        <extensions>
          <ns3:TrackPointExtension>
            <ns3:hr>139</ns3:hr>
            <ns3:cad>80</ns3:cad>
          </ns3:TrackPointExtension>
        </extensions>
      </trkpt>
      <trkpt lat="23.049955777823925018310546875" lon="113.3095887489616870880126953125">
        <ele>5.80000019073486328125</ele>
        <time>2026-09-09T23:13:44.000Z</time>
        <extensions>
          <ns3:TrackPointExtension>
            <ns3:hr>138</ns3:hr>
            <ns3:cad>81</ns3:cad>
          </ns3:TrackPointExtension>
        </extensions>
      </trkpt>
      <trkpt lat="23.04995812475681304931640625" lon="113.30961406230926513671875">
        <ele>6</ele>
        <time>2026-09-09T23:13:45.000Z</time>
        <extensions>
          <ns3:TrackPointExtension>
            <ns3:hr>138</ns3:hr>
            <ns3:cad>81</ns3:cad>
          </ns3:TrackPointExtension>
        </extensions>
      </trkpt>
      <trkpt lat="23.0499408580362796783447265625" lon="113.30963962711393833160400390625">
        <ele>6</ele>
        <time>2026-09-09T23:13:46.000Z</time>
        <extensions>
          <ns3:TrackPointExtension>
            <ns3:hr>139</ns3:hr>
            <ns3:cad>81</ns3:cad>
          </ns3:TrackPointExtension>
        </extensions>
      </trkpt>
      <trkpt lat="23.04994161240756511688232421875" lon="113.30965672619640827178955078125">
        <ele>6</ele>
        <time>2026-09-09T23:13:47.000Z</time>
        <extensions>
          <ns3:TrackPointExtension>
            <ns3:hr>139</ns3:hr>
            <ns3:cad>81</ns3:cad>
          </ns3:TrackPointExtension>
        </extensions>
      </trkpt>
      <trkpt lat="23.0499452166259288787841796875" lon="113.30967952497303485870361328125">
        <ele>6</ele>
        <time>2026-09-09T23:13:48.000Z</time>
        <extensions>
          <ns3:TrackPointExtension>
            <ns3:hr>139</ns3:hr>
            <ns3:cad>81</ns3:cad>
          </ns3:TrackPointExtension>
        </extensions>
      </trkpt>
      <trkpt lat="23.0499354936182498931884765625" lon="113.3097024075686931610107421875">
        <ele>6</ele>
        <time>2026-09-09T23:13:49.000Z</time>
        <extensions>
          <ns3:TrackPointExtension>
            <ns3:hr>139</ns3:hr>
            <ns3:cad>81</ns3:cad>
          </ns3:TrackPointExtension>
        </extensions>
      </trkpt>
      <trkpt lat="23.0499364994466304779052734375" lon="113.3097201772034168243408203125">
        <ele>6.19999980926513671875</ele>
        <time>2026-09-09T23:13:50.000Z</time>
        <extensions>
          <ns3:TrackPointExtension>
            <ns3:hr>139</ns3:hr>
            <ns3:cad>81</ns3:cad>
          </ns3:TrackPointExtension>
        </extensions>
      </trkpt>
      <trkpt lat="23.04993934929370880126953125" lon="113.309741131961345672607421875">
        <ele>6.19999980926513671875</ele>
        <time>2026-09-09T23:13:51.000Z</time>
        <extensions>
          <ns3:TrackPointExtension>
            <ns3:hr>140</ns3:hr>
            <ns3:cad>80</ns3:cad>
          </ns3:TrackPointExtension>
        </extensions>
      </trkpt>
      <trkpt lat="23.04992836900055408477783203125" lon="113.30976485274732112884521484375">
        <ele>6.19999980926513671875</ele>
        <time>2026-09-09T23:13:52.000Z</time>
        <extensions>
          <ns3:TrackPointExtension>
            <ns3:hr>140</ns3:hr>
            <ns3:cad>80</ns3:cad>
          </ns3:TrackPointExtension>
        </extensions>
      </trkpt>
      <trkpt lat="23.04994613863527774810791015625" lon="113.30978178419172763824462890625">
        <ele>6.19999980926513671875</ele>
        <time>2026-09-09T23:13:53.000Z</time>
        <extensions>
          <ns3:TrackPointExtension>
            <ns3:hr>140</ns3:hr>
            <ns3:cad>80</ns3:cad>
          </ns3:TrackPointExtension>
        </extensions>
      </trkpt>
      <trkpt lat="23.04994898848235607147216796875" lon="113.30980977974832057952880859375">
        <ele>6.400000095367431640625</ele>
        <time>2026-09-09T23:13:54.000Z</time>
        <extensions>
          <ns3:TrackPointExtension>
            <ns3:hr>140</ns3:hr>
            <ns3:cad>80</ns3:cad>
          </ns3:TrackPointExtension>
        </extensions>
      </trkpt>
      <trkpt lat="23.0499375052750110626220703125" lon="113.3098380267620086669921875">
        <ele>6.400000095367431640625</ele>
        <time>2026-09-09T23:13:55.000Z</time>
        <extensions>
          <ns3:TrackPointExtension>
            <ns3:hr>140</ns3:hr>
            <ns3:cad>80</ns3:cad>
          </ns3:TrackPointExtension>
        </extensions>
      </trkpt>
      <trkpt lat="23.04994203150272369384765625" lon="113.3098541200160980224609375">
        <ele>6.400000095367431640625</ele>
        <time>2026-09-09T23:13:56.000Z</time>
        <extensions>
          <ns3:TrackPointExtension>
            <ns3:hr>140</ns3:hr>
            <ns3:cad>80</ns3:cad>
          </ns3:TrackPointExtension>
        </extensions>
      </trkpt>
      <trkpt lat="23.04994630627334117889404296875" lon="113.3098841272294521331787109375">
        <ele>6.400000095367431640625</ele>
        <time>2026-09-09T23:13:57.000Z</time>
        <extensions>
          <ns3:TrackPointExtension>
            <ns3:hr>140</ns3:hr>
            <ns3:cad>80</ns3:cad>
          </ns3:TrackPointExtension>
        </extensions>
      </trkpt>
      <trkpt lat="23.04993742145597934722900390625" lon="113.309911787509918212890625">
        <ele>6.19999980926513671875</ele>
        <time>2026-09-09T23:13:58.000Z</time>
        <extensions>
          <ns3:TrackPointExtension>
            <ns3:hr>140</ns3:hr>
            <ns3:cad>80</ns3:cad>
          </ns3:TrackPointExtension>
        </extensions>
      </trkpt>
      <trkpt lat="23.04994060657918453216552734375" lon="113.30992310307919979095458984375">
        <ele>6.19999980926513671875</ele>
        <time>2026-09-09T23:13:59.000Z</time>
        <extensions>
          <ns3:TrackPointExtension>
            <ns3:hr>141</ns3:hr>
            <ns3:cad>80</ns3:cad>
          </ns3:TrackPointExtension>
        </extensions>
      </trkpt>
      <trkpt lat="23.04994546808302402496337890625" lon="113.30995277501642704010009765625">
        <ele>6.19999980926513671875</ele>
        <time>2026-09-09T23:14:00.000Z</time>
        <extensions>
          <ns3:TrackPointExtension>
            <ns3:hr>140</ns3:hr>
            <ns3:cad>80</ns3:cad>
          </ns3:TrackPointExtension>
        </extensions>
      </trkpt>
      <trkpt lat="23.0499432049691677093505859375" lon="113.30998043529689311981201171875">
        <ele>6.19999980926513671875</ele>
        <time>2026-09-09T23:14:01.000Z</time>
        <extensions>
          <ns3:TrackPointExtension>
            <ns3:hr>140</ns3:hr>
            <ns3:cad>80</ns3:cad>
          </ns3:TrackPointExtension>
        </extensions>
      </trkpt>
      <trkpt lat="23.04995066486299037933349609375" lon="113.30999200232326984405517578125">
        <ele>6.19999980926513671875</ele>
        <time>2026-09-09T23:14:02.000Z</time>
        <extensions>
          <ns3:TrackPointExtension>
            <ns3:hr>140</ns3:hr>
            <ns3:cad>80</ns3:cad>
          </ns3:TrackPointExtension>
        </extensions>
      </trkpt>
      <trkpt lat="23.04995267651975154876708984375" lon="113.310024775564670562744140625">
        <ele>6.19999980926513671875</ele>
        <time>2026-09-09T23:14:03.000Z</time>
        <extensions>
          <ns3:TrackPointExtension>
            <ns3:hr>140</ns3:hr>
            <ns3:cad>80</ns3:cad>
          </ns3:TrackPointExtension>
        </extensions>
      </trkpt>
      <trkpt lat="23.04994831793010234832763671875" lon="113.3100487478077411651611328125">
        <ele>6.19999980926513671875</ele>
        <time>2026-09-09T23:14:04.000Z</time>
        <extensions>
          <ns3:TrackPointExtension>
            <ns3:hr>140</ns3:hr>
            <ns3:cad>80</ns3:cad>
          </ns3:TrackPointExtension>
        </extensions>
      </trkpt>
      <trkpt lat="23.0499603040516376495361328125" lon="113.310062326490879058837890625">
        <ele>6.19999980926513671875</ele>
        <time>2026-09-09T23:14:05.000Z</time>
        <extensions>
          <ns3:TrackPointExtension>
            <ns3:hr>140</ns3:hr>
            <ns3:cad>80</ns3:cad>
          </ns3:TrackPointExtension>
        </extensions>
      </trkpt>
      <trkpt lat="23.0499668419361114501953125" lon="113.3100987039506435394287109375">
        <ele>6.19999980926513671875</ele>
        <time>2026-09-09T23:14:06.000Z</time>
        <extensions>
          <ns3:TrackPointExtension>
            <ns3:hr>140</ns3:hr>
            <ns3:cad>80</ns3:cad>
          </ns3:TrackPointExtension>
        </extensions>
      </trkpt>
      <trkpt lat="23.0499649979174137115478515625" lon="113.31012343056499958038330078125">
        <ele>6.19999980926513671875</ele>
        <time>2026-09-09T23:14:07.000Z</time>
        <extensions>
          <ns3:TrackPointExtension>
            <ns3:hr>141</ns3:hr>
            <ns3:cad>79</ns3:cad>
          </ns3:TrackPointExtension>
        </extensions>
      </trkpt>
      <trkpt lat="23.04996675811707973480224609375" lon="113.31014304421842098236083984375">
        <ele>6.19999980926513671875</ele>
        <time>2026-09-09T23:14:08.000Z</time>
        <extensions>
          <ns3:TrackPointExtension>
            <ns3:hr>141</ns3:hr>
            <ns3:cad>79</ns3:cad>
          </ns3:TrackPointExtension>
        </extensions>
      </trkpt>
      <trkpt lat="23.04996608756482601165771484375" lon="113.31017338670790195465087890625">
        <ele>6.19999980926513671875</ele>
        <time>2026-09-09T23:14:09.000Z</time>
        <extensions>
          <ns3:TrackPointExtension>
            <ns3:hr>141</ns3:hr>
            <ns3:cad>80</ns3:cad>
          </ns3:TrackPointExtension>
        </extensions>
      </trkpt>
      <trkpt lat="23.0499747209250926971435546875" lon="113.31019677221775054931640625">
        <ele>6.19999980926513671875</ele>
        <time>2026-09-09T23:14:10.000Z</time>
        <extensions>
          <ns3:TrackPointExtension>
            <ns3:hr>140</ns3:hr>
            <ns3:cad>80</ns3:cad>
          </ns3:TrackPointExtension>
        </extensions>
      </trkpt>
      <trkpt lat="23.04997866041958332061767578125" lon="113.3102110214531421661376953125">
        <ele>6.400000095367431640625</ele>
        <time>2026-09-09T23:14:11.000Z</time>
        <extensions>
          <ns3:TrackPointExtension>
            <ns3:hr>140</ns3:hr>
            <ns3:cad>81</ns3:cad>
          </ns3:TrackPointExtension>
        </extensions>
      </trkpt>
      <trkpt lat="23.04998301900923252105712890625" lon="113.3102415315806865692138671875">
        <ele>6.400000095367431640625</ele>
        <time>2026-09-09T23:14:12.000Z</time>
        <extensions>
          <ns3:TrackPointExtension>
            <ns3:hr>140</ns3:hr>
            <ns3:cad>81</ns3:cad>
          </ns3:TrackPointExtension>
        </extensions>
      </trkpt>
      <trkpt lat="23.0499923229217529296875" lon="113.31026642583310604095458984375">
        <ele>6.400000095367431640625</ele>
        <time>2026-09-09T23:14:13.000Z</time>
        <extensions>
          <ns3:TrackPointExtension>
            <ns3:hr>141</ns3:hr>
            <ns3:cad>81</ns3:cad>
          </ns3:TrackPointExtension>
        </extensions>
      </trkpt>
      <trkpt lat="23.0499958433210849761962890625" lon="113.3102800883352756500244140625">
        <ele>6.400000095367431640625</ele>
        <time>2026-09-09T23:14:14.000Z</time>
        <extensions>
          <ns3:TrackPointExtension>
            <ns3:hr>140</ns3:hr>
            <ns3:cad>81</ns3:cad>
          </ns3:TrackPointExtension>
        </extensions>
      </trkpt>
      <trkpt lat="23.0499961785972118377685546875" lon="113.31031872890889644622802734375">
        <ele>6.19999980926513671875</ele>
        <time>2026-09-09T23:14:15.000Z</time>
        <extensions>
          <ns3:TrackPointExtension>
            <ns3:hr>140</ns3:hr>
            <ns3:cad>80</ns3:cad>
          </ns3:TrackPointExtension>
        </extensions>
      </trkpt>
      <trkpt lat="23.05000372231006622314453125" lon="113.3103422820568084716796875">
        <ele>6.19999980926513671875</ele>
        <time>2026-09-09T23:14:16.000Z</time>
        <extensions>
          <ns3:TrackPointExtension>
            <ns3:hr>141</ns3:hr>
            <ns3:cad>80</ns3:cad>
          </ns3:TrackPointExtension>
        </extensions>
      </trkpt>
      <trkpt lat="23.05000883527100086212158203125" lon="113.31035879440605640411376953125">
        <ele>6.19999980926513671875</ele>
        <time>2026-09-09T23:14:17.000Z</time>
        <extensions>
          <ns3:TrackPointExtension>
            <ns3:hr>141</ns3:hr>
            <ns3:cad>80</ns3:cad>
          </ns3:TrackPointExtension>
        </extensions>
      </trkpt>
      <trkpt lat="23.0500035546720027923583984375" lon="113.3103900589048862457275390625">
        <ele>6.19999980926513671875</ele>
        <time>2026-09-09T23:14:18.000Z</time>
        <extensions>
          <ns3:TrackPointExtension>
            <ns3:hr>141</ns3:hr>
            <ns3:cad>80</ns3:cad>
          </ns3:TrackPointExtension>
        </extensions>
      </trkpt>
      <trkpt lat="23.05000514723360538482666015625" lon="113.3104101754724979400634765625">
        <ele>6.19999980926513671875</ele>
        <time>2026-09-09T23:14:19.000Z</time>
        <extensions>
          <ns3:TrackPointExtension>
            <ns3:hr>141</ns3:hr>
            <ns3:cad>80</ns3:cad>
          </ns3:TrackPointExtension>
        </extensions>
      </trkpt>
      <trkpt lat="23.0500085838139057159423828125" lon="113.31043087877333164215087890625">
        <ele>6.19999980926513671875</ele>
        <time>2026-09-09T23:14:20.000Z</time>
        <extensions>
          <ns3:TrackPointExtension>
            <ns3:hr>140</ns3:hr>
            <ns3:cad>80</ns3:cad>
          </ns3:TrackPointExtension>
        </extensions>
      </trkpt>
      <trkpt lat="23.05001017637550830841064453125" lon="113.31047161482274532318115234375">
        <ele>6.19999980926513671875</ele>
        <time>2026-09-09T23:14:21.000Z</time>
        <extensions>
          <ns3:TrackPointExtension>
            <ns3:hr>141</ns3:hr>
            <ns3:cad>80</ns3:cad>
          </ns3:TrackPointExtension>
        </extensions>
      </trkpt>
      <trkpt lat="23.050018139183521270751953125" lon="113.31049441359937191009521484375">
        <ele>6</ele>
        <time>2026-09-09T23:14:22.000Z</time>
        <extensions>
          <ns3:TrackPointExtension>
            <ns3:hr>141</ns3:hr>
            <ns3:cad>80</ns3:cad>
          </ns3:TrackPointExtension>
        </extensions>
      </trkpt>
      <trkpt lat="23.05003113113343715667724609375" lon="113.31052106805145740509033203125">
        <ele>6</ele>
        <time>2026-09-09T23:14:23.000Z</time>
        <extensions>
          <ns3:TrackPointExtension>
            <ns3:hr>141</ns3:hr>
            <ns3:cad>80</ns3:cad>
          </ns3:TrackPointExtension>
        </extensions>
      </trkpt>
      <trkpt lat="23.0500276945531368255615234375" lon="113.31055208109319210052490234375">
        <ele>6</ele>
        <time>2026-09-09T23:14:24.000Z</time>
        <extensions>
          <ns3:TrackPointExtension>
            <ns3:hr>142</ns3:hr>
            <ns3:cad>80</ns3:cad>
          </ns3:TrackPointExtension>
        </extensions>
      </trkpt>
      <trkpt lat="23.05004395544528961181640625" lon="113.31057622097432613372802734375">
        <ele>6</ele>
        <time>2026-09-09T23:14:25.000Z</time>
        <extensions>
          <ns3:TrackPointExtension>
            <ns3:hr>142</ns3:hr>
            <ns3:cad>80</ns3:cad>
          </ns3:TrackPointExtension>
        </extensions>
      </trkpt>
      <trkpt lat="23.05005929432809352874755859375" lon="113.31060606054961681365966796875">
        <ele>6</ele>
        <time>2026-09-09T23:14:26.000Z</time>
        <extensions>
          <ns3:TrackPointExtension>
            <ns3:hr>142</ns3:hr>
            <ns3:cad>80</ns3:cad>
          </ns3:TrackPointExtension>
        </extensions>
      </trkpt>
      <trkpt lat="23.05004856549203395843505859375" lon="113.31063187681138515472412109375">
        <ele>6</ele>
        <time>2026-09-09T23:14:27.000Z</time>
        <extensions>
          <ns3:TrackPointExtension>
            <ns3:hr>142</ns3:hr>
            <ns3:cad>80</ns3:cad>
          </ns3:TrackPointExtension>
        </extensions>
      </trkpt>
      <trkpt lat="23.05005074478685855865478515625" lon="113.31065199337899684906005859375">
        <ele>6</ele>
        <time>2026-09-09T23:14:28.000Z</time>
        <extensions>
          <ns3:TrackPointExtension>
            <ns3:hr>142</ns3:hr>
            <ns3:cad>80</ns3:cad>
          </ns3:TrackPointExtension>
        </extensions>
      </trkpt>
      <trkpt lat="23.0500471405684947967529296875" lon="113.310672529041767120361328125">
        <ele>6.19999980926513671875</ele>
        <time>2026-09-09T23:14:29.000Z</time>
        <extensions>
          <ns3:TrackPointExtension>
            <ns3:hr>141</ns3:hr>
            <ns3:cad>80</ns3:cad>
          </ns3:TrackPointExtension>
        </extensions>
      </trkpt>
      <trkpt lat="23.05004001595079898834228515625" lon="113.3106988482177257537841796875">
        <ele>6.19999980926513671875</ele>
        <time>2026-09-09T23:14:30.000Z</time>
        <extensions>
          <ns3:TrackPointExtension>
            <ns3:hr>142</ns3:hr>
            <ns3:cad>80</ns3:cad>
          </ns3:TrackPointExtension>
        </extensions>
      </trkpt>
      <trkpt lat="23.05002643726766109466552734375" lon="113.31071846187114715576171875">
        <ele>6.19999980926513671875</ele>
        <time>2026-09-09T23:14:31.000Z</time>
        <extensions>
          <ns3:TrackPointExtension>
            <ns3:hr>142</ns3:hr>
            <ns3:cad>80</ns3:cad>
          </ns3:TrackPointExtension>
        </extensions>
      </trkpt>
      <trkpt lat="23.0500042252242565155029296875" lon="113.31072810105979442596435546875">
        <ele>6</ele>
        <time>2026-09-09T23:14:32.000Z</time>
        <extensions>
          <ns3:TrackPointExtension>
            <ns3:hr>141</ns3:hr>
            <ns3:cad>80</ns3:cad>
          </ns3:TrackPointExtension>
        </extensions>
      </trkpt>
      <trkpt lat="23.049990646541118621826171875" lon="113.310744278132915496826171875">
        <ele>6</ele>
        <time>2026-09-09T23:14:33.000Z</time>
        <extensions>
          <ns3:TrackPointExtension>
            <ns3:hr>142</ns3:hr>
            <ns3:cad>80</ns3:cad>
          </ns3:TrackPointExtension>
        </extensions>
      </trkpt>
      <trkpt lat="23.04995887912809848785400390625" lon="113.31074570305645465850830078125">
        <ele>6</ele>
        <time>2026-09-09T23:14:34.000Z</time>
        <extensions>
          <ns3:TrackPointExtension>
            <ns3:hr>142</ns3:hr>
            <ns3:cad>79</ns3:cad>
          </ns3:TrackPointExtension>
        </extensions>
      </trkpt>
      <trkpt lat="23.04993574507534503936767578125" lon="113.31075064837932586669921875">
        <ele>6</ele>
        <time>2026-09-09T23:14:35.000Z</time>
        <extensions>
          <ns3:TrackPointExtension>
            <ns3:hr>141</ns3:hr>
            <ns3:cad>79</ns3:cad>
          </ns3:TrackPointExtension>
        </extensions>
      </trkpt>
      <trkpt lat="23.04989819414913654327392578125" lon="113.310750313103199005126953125">
        <ele>6</ele>
        <time>2026-09-09T23:14:36.000Z</time>
        <extensions>
          <ns3:TrackPointExtension>
            <ns3:hr>142</ns3:hr>
            <ns3:cad>79</ns3:cad>
          </ns3:TrackPointExtension>
        </extensions>
      </trkpt>
      <trkpt lat="23.04987489245831966400146484375" lon="113.31074469722807407379150390625">
        <ele>6</ele>
        <time>2026-09-09T23:14:37.000Z</time>
        <extensions>
          <ns3:TrackPointExtension>
            <ns3:hr>142</ns3:hr>
            <ns3:cad>80</ns3:cad>
          </ns3:TrackPointExtension>
        </extensions>
      </trkpt>
      <trkpt lat="23.0498530156910419464111328125" lon="113.3107420988380908966064453125">
        <ele>5.80000019073486328125</ele>
        <time>2026-09-09T23:14:38.000Z</time>
        <extensions>
          <ns3:TrackPointExtension>
            <ns3:hr>142</ns3:hr>
            <ns3:cad>80</ns3:cad>
          </ns3:TrackPointExtension>
        </extensions>
      </trkpt>
      <trkpt lat="23.04982745088636875152587890625" lon="113.310740254819393157958984375">
        <ele>5.80000019073486328125</ele>
        <time>2026-09-09T23:14:39.000Z</time>
        <extensions>
          <ns3:TrackPointExtension>
            <ns3:hr>141</ns3:hr>
            <ns3:cad>80</ns3:cad>
          </ns3:TrackPointExtension>
        </extensions>
      </trkpt>
      <trkpt lat="23.0498127825558185577392578125" lon="113.31072860397398471832275390625">
        <ele>5.599999904632568359375</ele>
        <time>2026-09-09T23:14:40.000Z</time>
        <extensions>
          <ns3:TrackPointExtension>
            <ns3:hr>142</ns3:hr>
            <ns3:cad>80</ns3:cad>
          </ns3:TrackPointExtension>
        </extensions>
      </trkpt>
      <trkpt lat="23.049780428409576416015625" lon="113.3107132650911808013916015625">
        <ele>5.400000095367431640625</ele>
        <time>2026-09-09T23:14:41.000Z</time>
        <extensions>
          <ns3:TrackPointExtension>
            <ns3:hr>142</ns3:hr>
            <ns3:cad>80</ns3:cad>
          </ns3:TrackPointExtension>
        </extensions>
      </trkpt>
      <trkpt lat="23.04975419305264949798583984375" lon="113.31071301363408565521240234375">
        <ele>5.19999980926513671875</ele>
        <time>2026-09-09T23:14:42.000Z</time>
        <extensions>
          <ns3:TrackPointExtension>
            <ns3:hr>142</ns3:hr>
            <ns3:cad>79</ns3:cad>
          </ns3:TrackPointExtension>
        </extensions>
      </trkpt>
      <trkpt lat="23.04971781559288501739501953125" lon="113.31068451516330242156982421875">
        <ele>5</ele>
        <time>2026-09-09T23:14:43.000Z</time>
        <extensions>
          <ns3:TrackPointExtension>
            <ns3:hr>141</ns3:hr>
            <ns3:cad>79</ns3:cad>
          </ns3:TrackPointExtension>
        </extensions>
      </trkpt>
      <trkpt lat="23.04969786666333675384521484375" lon="113.31068225204944610595703125">
        <ele>4.80000019073486328125</ele>
        <time>2026-09-09T23:14:44.000Z</time>
        <extensions>
          <ns3:TrackPointExtension>
            <ns3:hr>142</ns3:hr>
            <ns3:cad>80</ns3:cad>
          </ns3:TrackPointExtension>
        </extensions>
      </trkpt>
      <trkpt lat="23.04963869042694568634033203125" lon="113.31064604222774505615234375">
        <ele>4.80000019073486328125</ele>
        <time>2026-09-09T23:14:45.000Z</time>
        <extensions>
          <ns3:TrackPointExtension>
            <ns3:hr>142</ns3:hr>
            <ns3:cad>80</ns3:cad>
          </ns3:TrackPointExtension>
        </extensions>
      </trkpt>
      <trkpt lat="23.04957180283963680267333984375" lon="113.310616202652454376220703125">
        <ele>4.599999904632568359375</ele>
        <time>2026-09-09T23:14:46.000Z</time>
        <extensions>
          <ns3:TrackPointExtension>
            <ns3:hr>142</ns3:hr>
            <ns3:cad>80</ns3:cad>
          </ns3:TrackPointExtension>
        </extensions>
      </trkpt>
      <trkpt lat="23.04954196326434612274169921875" lon="113.31060446798801422119140625">
        <ele>4.599999904632568359375</ele>
        <time>2026-09-09T23:14:47.000Z</time>
        <extensions>
          <ns3:TrackPointExtension>
            <ns3:hr>142</ns3:hr>
            <ns3:cad>80</ns3:cad>
          </ns3:TrackPointExtension>
        </extensions>
      </trkpt>
      <trkpt lat="23.04949787445366382598876953125" lon="113.3105915598571300506591796875">
        <ele>4.80000019073486328125</ele>
        <time>2026-09-09T23:14:48.000Z</time>
        <extensions>
          <ns3:TrackPointExtension>
            <ns3:hr>142</ns3:hr>
            <ns3:cad>80</ns3:cad>
          </ns3:TrackPointExtension>
        </extensions>
      </trkpt>
      <trkpt lat="23.04946853779256343841552734375" lon="113.3105804957449436187744140625">
        <ele>4.80000019073486328125</ele>
        <time>2026-09-09T23:14:49.000Z</time>
        <extensions>
          <ns3:TrackPointExtension>
            <ns3:hr>143</ns3:hr>
            <ns3:cad>80</ns3:cad>
          </ns3:TrackPointExtension>
        </extensions>
      </trkpt>
      <trkpt lat="23.04944808594882488250732421875" lon="113.310578651726245880126953125">
        <ele>4.599999904632568359375</ele>
        <time>2026-09-09T23:14:50.000Z</time>
        <extensions>
          <ns3:TrackPointExtension>
            <ns3:hr>143</ns3:hr>
            <ns3:cad>80</ns3:cad>
          </ns3:TrackPointExtension>
        </extensions>
      </trkpt>
      <trkpt lat="23.04941355250775814056396484375" lon="113.31056825816631317138671875">
        <ele>4.599999904632568359375</ele>
        <time>2026-09-09T23:14:51.000Z</time>
        <extensions>
          <ns3:TrackPointExtension>
            <ns3:hr>144</ns3:hr>
            <ns3:cad>80</ns3:cad>
          </ns3:TrackPointExtension>
        </extensions>
      </trkpt>
      <trkpt lat="23.04938170127570629119873046875" lon="113.310555517673492431640625">
        <ele>4.599999904632568359375</ele>
        <time>2026-09-09T23:14:52.000Z</time>
        <extensions>
          <ns3:TrackPointExtension>
            <ns3:hr>145</ns3:hr>
            <ns3:cad>80</ns3:cad>
          </ns3:TrackPointExtension>
        </extensions>
      </trkpt>
      <trkpt lat="23.0493608303368091583251953125" lon="113.31055224873125553131103515625">
        <ele>4.400000095367431640625</ele>
        <time>2026-09-09T23:14:53.000Z</time>
        <extensions>
          <ns3:TrackPointExtension>
            <ns3:hr>146</ns3:hr>
            <ns3:cad>80</ns3:cad>
          </ns3:TrackPointExtension>
        </extensions>
      </trkpt>
      <trkpt lat="23.04934431798756122589111328125" lon="113.310555517673492431640625">
        <ele>4.19999980926513671875</ele>
        <time>2026-09-09T23:14:54.000Z</time>
        <extensions>
          <ns3:TrackPointExtension>
            <ns3:hr>148</ns3:hr>
            <ns3:cad>80</ns3:cad>
          </ns3:TrackPointExtension>
        </extensions>
      </trkpt>
      <trkpt lat="23.04933392442762851715087890625" lon="113.3105580322444438934326171875">
        <ele>4.19999980926513671875</ele>
        <time>2026-09-09T23:14:55.000Z</time>
        <extensions>
          <ns3:TrackPointExtension>
            <ns3:hr>149</ns3:hr>
            <ns3:cad>81</ns3:cad>
          </ns3:TrackPointExtension>
        </extensions>
      </trkpt>
      <trkpt lat="23.049327470362186431884765625" lon="113.31057102419435977935791015625">
        <ele>4.19999980926513671875</ele>
        <time>2026-09-09T23:14:56.000Z</time>
        <extensions>
          <ns3:TrackPointExtension>
            <ns3:hr>149</ns3:hr>
            <ns3:cad>81</ns3:cad>
          </ns3:TrackPointExtension>
        </extensions>
      </trkpt>
      <trkpt lat="23.04932185448706150054931640625" lon="113.31058326177299022674560546875">
        <ele>4.19999980926513671875</ele>
        <time>2026-09-09T23:14:57.000Z</time>
        <extensions>
          <ns3:TrackPointExtension>
            <ns3:hr>149</ns3:hr>
            <ns3:cad>81</ns3:cad>
          </ns3:TrackPointExtension>
        </extensions>
      </trkpt>
      <trkpt lat="23.04933409206569194793701171875" lon="113.3105801604688167572021484375">
        <ele>4.400000095367431640625</ele>
        <time>2026-09-09T23:14:58.000Z</time>
        <extensions>
          <ns3:TrackPointExtension>
            <ns3:hr>150</ns3:hr>
            <ns3:cad>80</ns3:cad>
          </ns3:TrackPointExtension>
        </extensions>
      </trkpt>
      <trkpt lat="23.0493346787989139556884765625" lon="113.31058166921138763427734375">
        <ele>4.400000095367431640625</ele>
        <time>2026-09-09T23:14:59.000Z</time>
        <extensions>
          <ns3:TrackPointExtension>
            <ns3:hr>149</ns3:hr>
            <ns3:cad>79</ns3:cad>
          </ns3:TrackPointExtension>
        </extensions>
      </trkpt>
      <trkpt lat="23.04933627136051654815673828125" lon="113.31057856790721416473388671875">
        <ele>4.599999904632568359375</ele>
        <time>2026-09-09T23:15:00.000Z</time>
        <extensions>
          <ns3:TrackPointExtension>
            <ns3:hr>149</ns3:hr>
            <ns3:cad>79</ns3:cad>
          </ns3:TrackPointExtension>
        </extensions>
      </trkpt>
      <trkpt lat="23.04935940541326999664306640625" lon="113.3105580322444438934326171875">
        <ele>4.599999904632568359375</ele>
        <time>2026-09-09T23:15:01.000Z</time>
        <extensions>
          <ns3:TrackPointExtension>
            <ns3:hr>149</ns3:hr>
            <ns3:cad>79</ns3:cad>
          </ns3:TrackPointExtension>
        </extensions>
      </trkpt>
      <trkpt lat="23.04936326108872890472412109375" lon="113.31055778078734874725341796875">
        <ele>4.599999904632568359375</ele>
        <time>2026-09-09T23:15:02.000Z</time>
        <extensions>
          <ns3:TrackPointExtension>
            <ns3:hr>149</ns3:hr>
            <ns3:cad>79</ns3:cad>
          </ns3:TrackPointExtension>
        </extensions>
      </trkpt>
      <trkpt lat="23.04936912842094898223876953125" lon="113.3105488121509552001953125">
        <ele>4.599999904632568359375</ele>
        <time>2026-09-09T23:15:03.000Z</time>
        <extensions>
          <ns3:TrackPointExtension>
            <ns3:hr>148</ns3:hr>
            <ns3:cad>79</ns3:cad>
          </ns3:TrackPointExtension>
        </extensions>
      </trkpt>
      <trkpt lat="23.0493718944489955902099609375" lon="113.31054386682808399200439453125">
        <ele>4.599999904632568359375</ele>
        <time>2026-09-09T23:15:04.000Z</time>
        <extensions>
          <ns3:TrackPointExtension>
            <ns3:hr>148</ns3:hr>
            <ns3:cad>79</ns3:cad>
          </ns3:TrackPointExtension>
        </extensions>
      </trkpt>
      <trkpt lat="23.04937365464866161346435546875" lon="113.31055560149252414703369140625">
        <ele>4.599999904632568359375</ele>
        <time>2026-09-09T23:15:05.000Z</time>
        <extensions>
          <ns3:TrackPointExtension>
            <ns3:hr>148</ns3:hr>
            <ns3:cad>79</ns3:cad>
          </ns3:TrackPointExtension>
        </extensions>
      </trkpt>
      <trkpt lat="23.049366362392902374267578125" lon="113.310583345592021942138671875">
        <ele>4.599999904632568359375</ele>
        <time>2026-09-09T23:15:06.000Z</time>
        <extensions>
          <ns3:TrackPointExtension>
            <ns3:hr>148</ns3:hr>
            <ns3:cad>79</ns3:cad>
          </ns3:TrackPointExtension>
        </extensions>
      </trkpt>
      <trkpt lat="23.0493725650012493133544921875" lon="113.31058879382908344268798828125">
        <ele>4.599999904632568359375</ele>
        <time>2026-09-09T23:15:07.000Z</time>
        <extensions>
          <ns3:TrackPointExtension>
            <ns3:hr>148</ns3:hr>
            <ns3:cad>79</ns3:cad>
          </ns3:TrackPointExtension>
        </extensions>
      </trkpt>
      <trkpt lat="23.04937348701059818267822265625" lon="113.31061326898634433746337890625">
        <ele>4.599999904632568359375</ele>
        <time>2026-09-09T23:15:08.000Z</time>
        <extensions>
          <ns3:TrackPointExtension>
            <ns3:hr>148</ns3:hr>
            <ns3:cad>80</ns3:cad>
          </ns3:TrackPointExtension>
        </extensions>
      </trkpt>
      <trkpt lat="23.04936527274549007415771484375" lon="113.31064478494226932525634765625">
        <ele>4.599999904632568359375</ele>
        <time>2026-09-09T23:15:09.000Z</time>
        <extensions>
          <ns3:TrackPointExtension>
            <ns3:hr>147</ns3:hr>
            <ns3:cad>80</ns3:cad>
          </ns3:TrackPointExtension>
        </extensions>
      </trkpt>
      <trkpt lat="23.049370385706424713134765625" lon="113.31066221930086612701416015625">
        <ele>4.599999904632568359375</ele>
        <time>2026-09-09T23:15:10.000Z</time>
        <extensions>
          <ns3:TrackPointExtension>
            <ns3:hr>147</ns3:hr>
            <ns3:cad>80</ns3:cad>
          </ns3:TrackPointExtension>
        </extensions>
      </trkpt>
      <trkpt lat="23.04937650449573993682861328125" lon="113.31069474108517169952392578125">
        <ele>4.599999904632568359375</ele>
        <time>2026-09-09T23:15:11.000Z</time>
        <extensions>
          <ns3:TrackPointExtension>
            <ns3:hr>147</ns3:hr>
            <ns3:cad>79</ns3:cad>
          </ns3:TrackPointExtension>
        </extensions>
      </trkpt>
      <trkpt lat="23.0493735708296298980712890625" lon="113.31071653403341770172119140625">
        <ele>4.400000095367431640625</ele>
        <time>2026-09-09T23:15:12.000Z</time>
        <extensions>
          <ns3:TrackPointExtension>
            <ns3:hr>146</ns3:hr>
            <ns3:cad>79</ns3:cad>
          </ns3:TrackPointExtension>
        </extensions>
      </trkpt>
      <trkpt lat="23.049385137856006622314453125" lon="113.31072860397398471832275390625">
        <ele>4.400000095367431640625</ele>
        <time>2026-09-09T23:15:13.000Z</time>
        <extensions>
          <ns3:TrackPointExtension>
            <ns3:hr>146</ns3:hr>
            <ns3:cad>79</ns3:cad>
          </ns3:TrackPointExtension>
        </extensions>
      </trkpt>
      <trkpt lat="23.04938706569373607635498046875" lon="113.31073950044810771942138671875">
        <ele>4.599999904632568359375</ele>
        <time>2026-09-09T23:15:14.000Z</time>
        <extensions>
          <ns3:TrackPointExtension>
            <ns3:hr>146</ns3:hr>
            <ns3:cad>79</ns3:cad>
          </ns3:TrackPointExtension>
        </extensions>
      </trkpt>
      <trkpt lat="23.04937968961894512176513671875" lon="113.31076137721538543701171875">
        <ele>4.400000095367431640625</ele>
        <time>2026-09-09T23:15:15.000Z</time>
        <extensions>
          <ns3:TrackPointExtension>
            <ns3:hr>147</ns3:hr>
            <ns3:cad>79</ns3:cad>
          </ns3:TrackPointExtension>
        </extensions>
      </trkpt>
      <trkpt lat="23.04938103072345256805419921875" lon="113.31076581962406635284423828125">
        <ele>4.400000095367431640625</ele>
        <time>2026-09-09T23:15:16.000Z</time>
        <extensions>
          <ns3:TrackPointExtension>
            <ns3:hr>146</ns3:hr>
            <ns3:cad>80</ns3:cad>
          </ns3:TrackPointExtension>
        </extensions>
      </trkpt>
      <trkpt lat="23.04938052780926227569580078125" lon="113.3107833378016948699951171875">
        <ele>4.400000095367431640625</ele>
        <time>2026-09-09T23:15:17.000Z</time>
        <extensions>
          <ns3:TrackPointExtension>
            <ns3:hr>146</ns3:hr>
            <ns3:cad>80</ns3:cad>
          </ns3:TrackPointExtension>
        </extensions>
      </trkpt>
      <trkpt lat="23.0493794381618499755859375" lon="113.31080739386379718780517578125">
        <ele>4.400000095367431640625</ele>
        <time>2026-09-09T23:15:18.000Z</time>
        <extensions>
          <ns3:TrackPointExtension>
            <ns3:hr>146</ns3:hr>
            <ns3:cad>80</ns3:cad>
          </ns3:TrackPointExtension>
        </extensions>
      </trkpt>
      <trkpt lat="23.04938119836151599884033203125" lon="113.310822062194347381591796875">
        <ele>4.400000095367431640625</ele>
        <time>2026-09-09T23:15:19.000Z</time>
        <extensions>
          <ns3:TrackPointExtension>
            <ns3:hr>146</ns3:hr>
            <ns3:cad>79</ns3:cad>
          </ns3:TrackPointExtension>
        </extensions>
      </trkpt>
      <trkpt lat="23.04937968961894512176513671875" lon="113.3108430169522762298583984375">
        <ele>4.400000095367431640625</ele>
        <time>2026-09-09T23:15:20.000Z</time>
        <extensions>
          <ns3:TrackPointExtension>
            <ns3:hr>146</ns3:hr>
            <ns3:cad>79</ns3:cad>
          </ns3:TrackPointExtension>
        </extensions>
      </trkpt>
      <trkpt lat="23.04937533102929592132568359375" lon="113.31086841411888599395751953125">
        <ele>4.400000095367431640625</ele>
        <time>2026-09-09T23:15:21.000Z</time>
        <extensions>
          <ns3:TrackPointExtension>
            <ns3:hr>146</ns3:hr>
            <ns3:cad>79</ns3:cad>
          </ns3:TrackPointExtension>
        </extensions>
      </trkpt>
      <trkpt lat="23.0493712238967418670654296875" lon="113.310880400240421295166015625">
        <ele>4.400000095367431640625</ele>
        <time>2026-09-09T23:15:22.000Z</time>
        <extensions>
          <ns3:TrackPointExtension>
            <ns3:hr>145</ns3:hr>
            <ns3:cad>79</ns3:cad>
          </ns3:TrackPointExtension>
        </extensions>
      </trkpt>
      <trkpt lat="23.049368374049663543701171875" lon="113.310897164046764373779296875">
        <ele>4.400000095367431640625</ele>
        <time>2026-09-09T23:15:23.000Z</time>
        <extensions>
          <ns3:TrackPointExtension>
            <ns3:hr>145</ns3:hr>
            <ns3:cad>80</ns3:cad>
          </ns3:TrackPointExtension>
        </extensions>
      </trkpt>
      <trkpt lat="23.04936560802161693572998046875" lon="113.310934714972972869873046875">
        <ele>4.400000095367431640625</ele>
        <time>2026-09-09T23:15:24.000Z</time>
        <extensions>
          <ns3:TrackPointExtension>
            <ns3:hr>145</ns3:hr>
            <ns3:cad>80</ns3:cad>
          </ns3:TrackPointExtension>
        </extensions>
      </trkpt>
      <trkpt lat="23.0493651889264583587646484375" lon="113.310958854854106903076171875">
        <ele>4.400000095367431640625</ele>
        <time>2026-09-09T23:15:25.000Z</time>
        <extensions>
          <ns3:TrackPointExtension>
            <ns3:hr>145</ns3:hr>
            <ns3:cad>80</ns3:cad>
          </ns3:TrackPointExtension>
        </extensions>
      </trkpt>
      <trkpt lat="23.04936225526034832000732421875" lon="113.3109891973435878753662109375">
        <ele>4.400000095367431640625</ele>
        <time>2026-09-09T23:15:26.000Z</time>
        <extensions>
          <ns3:TrackPointExtension>
            <ns3:hr>146</ns3:hr>
            <ns3:cad>80</ns3:cad>
          </ns3:TrackPointExtension>
        </extensions>
      </trkpt>
      <trkpt lat="23.04935303516685962677001953125" lon="113.3110237307846546173095703125">
        <ele>4.599999904632568359375</ele>
        <time>2026-09-09T23:15:27.000Z</time>
        <extensions>
          <ns3:TrackPointExtension>
            <ns3:hr>145</ns3:hr>
            <ns3:cad>80</ns3:cad>
          </ns3:TrackPointExtension>
        </extensions>
      </trkpt>
      <trkpt lat="23.0493420548737049102783203125" lon="113.3110542409121990203857421875">
        <ele>4.599999904632568359375</ele>
        <time>2026-09-09T23:15:28.000Z</time>
        <extensions>
          <ns3:TrackPointExtension>
            <ns3:hr>145</ns3:hr>
            <ns3:cad>80</ns3:cad>
          </ns3:TrackPointExtension>
        </extensions>
      </trkpt>
      <trkpt lat="23.04933861829340457916259765625" lon="113.311081230640411376953125">
        <ele>4.599999904632568359375</ele>
        <time>2026-09-09T23:15:29.000Z</time>
        <extensions>
          <ns3:TrackPointExtension>
            <ns3:hr>146</ns3:hr>
            <ns3:cad>79</ns3:cad>
          </ns3:TrackPointExtension>
        </extensions>
      </trkpt>
      <trkpt lat="23.0493262968957424163818359375" lon="113.311120457947254180908203125">
        <ele>4.599999904632568359375</ele>
        <time>2026-09-09T23:15:30.000Z</time>
        <extensions>
          <ns3:TrackPointExtension>
            <ns3:hr>146</ns3:hr>
            <ns3:cad>78</ns3:cad>
          </ns3:TrackPointExtension>
        </extensions>
      </trkpt>
      <trkpt lat="23.0493165738880634307861328125" lon="113.31114895641803741455078125">
        <ele>4.599999904632568359375</ele>
        <time>2026-09-09T23:15:31.000Z</time>
        <extensions>
          <ns3:TrackPointExtension>
            <ns3:hr>146</ns3:hr>
            <ns3:cad>78</ns3:cad>
          </ns3:TrackPointExtension>
        </extensions>
      </trkpt>
      <trkpt lat="23.049311377108097076416015625" lon="113.3111789636313915252685546875">
        <ele>4.599999904632568359375</ele>
        <time>2026-09-09T23:15:32.000Z</time>
        <extensions>
          <ns3:TrackPointExtension>
            <ns3:hr>147</ns3:hr>
            <ns3:cad>78</ns3:cad>
          </ns3:TrackPointExtension>
        </extensions>
      </trkpt>
      <trkpt lat="23.04929922334849834442138671875" lon="113.3112121559679508209228515625">
        <ele>4.599999904632568359375</ele>
        <time>2026-09-09T23:15:33.000Z</time>
        <extensions>
          <ns3:TrackPointExtension>
            <ns3:hr>147</ns3:hr>
            <ns3:cad>78</ns3:cad>
          </ns3:TrackPointExtension>
        </extensions>
      </trkpt>
      <trkpt lat="23.04929754696786403656005859375" lon="113.31123067997395992279052734375">
        <ele>4.80000019073486328125</ele>
        <time>2026-09-09T23:15:34.000Z</time>
        <extensions>
          <ns3:TrackPointExtension>
            <ns3:hr>148</ns3:hr>
            <ns3:cad>80</ns3:cad>
          </ns3:TrackPointExtension>
        </extensions>
      </trkpt>
      <trkpt lat="23.0492917634546756744384765625" lon="113.31125465221703052520751953125">
        <ele>4.80000019073486328125</ele>
        <time>2026-09-09T23:15:35.000Z</time>
        <extensions>
          <ns3:TrackPointExtension>
            <ns3:hr>148</ns3:hr>
            <ns3:cad>80</ns3:cad>
          </ns3:TrackPointExtension>
        </extensions>
      </trkpt>
      <trkpt lat="23.04927592165768146514892578125" lon="113.31128038465976715087890625">
        <ele>5</ele>
        <time>2026-09-09T23:15:36.000Z</time>
        <extensions>
          <ns3:TrackPointExtension>
            <ns3:hr>148</ns3:hr>
            <ns3:cad>79</ns3:cad>
          </ns3:TrackPointExtension>
        </extensions>
      </trkpt>
      <trkpt lat="23.0492716468870639801025390625" lon="113.31129916012287139892578125">
        <ele>5.19999980926513671875</ele>
        <time>2026-09-09T23:15:37.000Z</time>
        <extensions>
          <ns3:TrackPointExtension>
            <ns3:hr>148</ns3:hr>
            <ns3:cad>79</ns3:cad>
          </ns3:TrackPointExtension>
        </extensions>
      </trkpt>
      <trkpt lat="23.04926586337387561798095703125" lon="113.3113258145749568939208984375">
        <ele>5.19999980926513671875</ele>
        <time>2026-09-09T23:15:38.000Z</time>
        <extensions>
          <ns3:TrackPointExtension>
            <ns3:hr>148</ns3:hr>
            <ns3:cad>79</ns3:cad>
          </ns3:TrackPointExtension>
        </extensions>
      </trkpt>
      <trkpt lat="23.0492585711181163787841796875" lon="113.31134920008480548858642578125">
        <ele>5.400000095367431640625</ele>
        <time>2026-09-09T23:15:39.000Z</time>
        <extensions>
          <ns3:TrackPointExtension>
            <ns3:hr>148</ns3:hr>
            <ns3:cad>79</ns3:cad>
          </ns3:TrackPointExtension>
        </extensions>
      </trkpt>
      <trkpt lat="23.0492636002600193023681640625" lon="113.3113523013889789581298828125">
        <ele>5.599999904632568359375</ele>
        <time>2026-09-09T23:15:40.000Z</time>
        <extensions>
          <ns3:TrackPointExtension>
            <ns3:hr>148</ns3:hr>
            <ns3:cad>79</ns3:cad>
          </ns3:TrackPointExtension>
        </extensions>
      </trkpt>
      <trkpt lat="23.04926016367971897125244140625" lon="113.31136110238730907440185546875">
        <ele>5.80000019073486328125</ele>
        <time>2026-09-09T23:15:41.000Z</time>
        <extensions>
          <ns3:TrackPointExtension>
            <ns3:hr>148</ns3:hr>
            <ns3:cad>79</ns3:cad>
          </ns3:TrackPointExtension>
        </extensions>
      </trkpt>
      <trkpt lat="23.04924742318689823150634765625" lon="113.31138540990650653839111328125">
        <ele>5.80000019073486328125</ele>
        <time>2026-09-09T23:15:42.000Z</time>
        <extensions>
          <ns3:TrackPointExtension>
            <ns3:hr>148</ns3:hr>
            <ns3:cad>79</ns3:cad>
          </ns3:TrackPointExtension>
        </extensions>
      </trkpt>
      <trkpt lat="23.049251697957515716552734375" lon="113.311394713819026947021484375">
        <ele>6</ele>
        <time>2026-09-09T23:15:43.000Z</time>
        <extensions>
          <ns3:TrackPointExtension>
            <ns3:hr>148</ns3:hr>
            <ns3:cad>80</ns3:cad>
          </ns3:TrackPointExtension>
        </extensions>
      </trkpt>
      <trkpt lat="23.0492485128343105316162109375" lon="113.311410807073116302490234375">
        <ele>6.19999980926513671875</ele>
        <time>2026-09-09T23:15:44.000Z</time>
        <extensions>
          <ns3:TrackPointExtension>
            <ns3:hr>148</ns3:hr>
            <ns3:cad>80</ns3:cad>
          </ns3:TrackPointExtension>
        </extensions>
      </trkpt>
      <trkpt lat="23.049230910837650299072265625" lon="113.3114388026297092437744140625">
        <ele>6.19999980926513671875</ele>
        <time>2026-09-09T23:15:45.000Z</time>
        <extensions>
          <ns3:TrackPointExtension>
            <ns3:hr>147</ns3:hr>
            <ns3:cad>80</ns3:cad>
          </ns3:TrackPointExtension>
        </extensions>
      </trkpt>
      <trkpt lat="23.04922361858189105987548828125" lon="113.31144928000867366790771484375">
        <ele>6.400000095367431640625</ele>
        <time>2026-09-09T23:15:46.000Z</time>
        <extensions>
          <ns3:TrackPointExtension>
            <ns3:hr>145</ns3:hr>
            <ns3:cad>80</ns3:cad>
          </ns3:TrackPointExtension>
        </extensions>
      </trkpt>
      <trkpt lat="23.049214147031307220458984375" lon="113.3114696480333805084228515625">
        <ele>6.400000095367431640625</ele>
        <time>2026-09-09T23:15:47.000Z</time>
        <extensions>
          <ns3:TrackPointExtension>
            <ns3:hr>144</ns3:hr>
            <ns3:cad>80</ns3:cad>
          </ns3:TrackPointExtension>
        </extensions>
      </trkpt>
      <trkpt lat="23.049201071262359619140625" lon="113.3114961348474025726318359375">
        <ele>6.400000095367431640625</ele>
        <time>2026-09-09T23:15:48.000Z</time>
        <extensions>
          <ns3:TrackPointExtension>
            <ns3:hr>143</ns3:hr>
            <ns3:cad>80</ns3:cad>
          </ns3:TrackPointExtension>
        </extensions>
      </trkpt>
      <trkpt lat="23.04919813759624958038330078125" lon="113.311508037149906158447265625">
        <ele>6.400000095367431640625</ele>
        <time>2026-09-09T23:15:49.000Z</time>
        <extensions>
          <ns3:TrackPointExtension>
            <ns3:hr>142</ns3:hr>
            <ns3:cad>80</ns3:cad>
          </ns3:TrackPointExtension>
        </extensions>
      </trkpt>
      <trkpt lat="23.04919327609241008758544921875" lon="113.31152656115591526031494140625">
        <ele>6.19999980926513671875</ele>
        <time>2026-09-09T23:15:50.000Z</time>
        <extensions>
          <ns3:TrackPointExtension>
            <ns3:hr>141</ns3:hr>
            <ns3:cad>80</ns3:cad>
          </ns3:TrackPointExtension>
        </extensions>
      </trkpt>
      <trkpt lat="23.0491836369037628173828125" lon="113.31155187450349330902099609375">
        <ele>6.19999980926513671875</ele>
        <time>2026-09-09T23:15:51.000Z</time>
        <extensions>
          <ns3:TrackPointExtension>
            <ns3:hr>141</ns3:hr>
            <ns3:cad>80</ns3:cad>
          </ns3:TrackPointExtension>
        </extensions>
      </trkpt>
      <trkpt lat="23.049184642732143402099609375" lon="113.31156562082469463348388671875">
        <ele>6.19999980926513671875</ele>
        <time>2026-09-09T23:15:52.000Z</time>
        <extensions>
          <ns3:TrackPointExtension>
            <ns3:hr>141</ns3:hr>
            <ns3:cad>80</ns3:cad>
          </ns3:TrackPointExtension>
        </extensions>
      </trkpt>
      <trkpt lat="23.04918539710342884063720703125" lon="113.31159009598195552825927734375">
        <ele>6</ele>
        <time>2026-09-09T23:15:53.000Z</time>
        <extensions>
          <ns3:TrackPointExtension>
            <ns3:hr>140</ns3:hr>
            <ns3:cad>80</ns3:cad>
          </ns3:TrackPointExtension>
        </extensions>
      </trkpt>
      <trkpt lat="23.049182631075382232666015625" lon="113.31162295304238796234130859375">
        <ele>6</ele>
        <time>2026-09-09T23:15:54.000Z</time>
        <extensions>
          <ns3:TrackPointExtension>
            <ns3:hr>140</ns3:hr>
            <ns3:cad>80</ns3:cad>
          </ns3:TrackPointExtension>
        </extensions>
      </trkpt>
      <trkpt lat="23.049189336597919464111328125" lon="113.311632759869098663330078125">
        <ele>6</ele>
        <time>2026-09-09T23:15:55.000Z</time>
        <extensions>
          <ns3:TrackPointExtension>
            <ns3:hr>139</ns3:hr>
            <ns3:cad>80</ns3:cad>
          </ns3:TrackPointExtension>
        </extensions>
      </trkpt>
      <trkpt lat="23.04919428192079067230224609375" lon="113.31165078096091747283935546875">
        <ele>6</ele>
        <time>2026-09-09T23:15:56.000Z</time>
        <extensions>
          <ns3:TrackPointExtension>
            <ns3:hr>139</ns3:hr>
            <ns3:cad>80</ns3:cad>
          </ns3:TrackPointExtension>
        </extensions>
      </trkpt>
      <trkpt lat="23.04919595830142498016357421875" lon="113.31165857613086700439453125">
        <ele>6</ele>
        <time>2026-09-09T23:15:57.000Z</time>
        <extensions>
          <ns3:TrackPointExtension>
            <ns3:hr>138</ns3:hr>
            <ns3:cad>80</ns3:cad>
          </ns3:TrackPointExtension>
        </extensions>
      </trkpt>
      <trkpt lat="23.04920333437621593475341796875" lon="113.31168212927877902984619140625">
        <ele>5.80000019073486328125</ele>
        <time>2026-09-09T23:15:58.000Z</time>
        <extensions>
          <ns3:TrackPointExtension>
            <ns3:hr>138</ns3:hr>
            <ns3:cad>80</ns3:cad>
          </ns3:TrackPointExtension>
        </extensions>
      </trkpt>
      <trkpt lat="23.04921071045100688934326171875" lon="113.3116919361054897308349609375">
        <ele>5.80000019073486328125</ele>
        <time>2026-09-09T23:15:59.000Z</time>
        <extensions>
          <ns3:TrackPointExtension>
            <ns3:hr>137</ns3:hr>
            <ns3:cad>80</ns3:cad>
          </ns3:TrackPointExtension>
        </extensions>
      </trkpt>
      <trkpt lat="23.04923929274082183837890625" lon="113.3117325045168399810791015625">
        <ele>5.80000019073486328125</ele>
        <time>2026-09-09T23:16:00.000Z</time>
        <extensions>
          <ns3:TrackPointExtension>
            <ns3:hr>137</ns3:hr>
            <ns3:cad>80</ns3:cad>
          </ns3:TrackPointExtension>
        </extensions>
      </trkpt>
      <trkpt lat="23.0492533743381500244140625" lon="113.3117388747632503509521484375">
        <ele>5.80000019073486328125</ele>
        <time>2026-09-09T23:16:01.000Z</time>
        <extensions>
          <ns3:TrackPointExtension>
            <ns3:hr>137</ns3:hr>
            <ns3:cad>80</ns3:cad>
          </ns3:TrackPointExtension>
        </extensions>
      </trkpt>
      <trkpt lat="23.04927826859056949615478515625" lon="113.31174851395189762115478515625">
        <ele>5.80000019073486328125</ele>
        <time>2026-09-09T23:16:02.000Z</time>
        <extensions>
          <ns3:TrackPointExtension>
            <ns3:hr>137</ns3:hr>
            <ns3:cad>80</ns3:cad>
          </ns3:TrackPointExtension>
        </extensions>
      </trkpt>
      <trkpt lat="23.0493078567087650299072265625" lon="113.31176628358662128448486328125">
        <ele>5.80000019073486328125</ele>
        <time>2026-09-09T23:16:03.000Z</time>
        <extensions>
          <ns3:TrackPointExtension>
            <ns3:hr>136</ns3:hr>
            <ns3:cad>80</ns3:cad>
          </ns3:TrackPointExtension>
        </extensions>
      </trkpt>
      <trkpt lat="23.04932646453380584716796875" lon="113.3117754198610782623291015625">
        <ele>5.80000019073486328125</ele>
        <time>2026-09-09T23:16:04.000Z</time>
        <extensions>
          <ns3:TrackPointExtension>
            <ns3:hr>137</ns3:hr>
            <ns3:cad>80</ns3:cad>
          </ns3:TrackPointExtension>
        </extensions>
      </trkpt>
      <trkpt lat="23.049351610243320465087890625" lon="113.31178070046007633209228515625">
        <ele>6</ele>
        <time>2026-09-09T23:16:05.000Z</time>
        <extensions>
          <ns3:TrackPointExtension>
            <ns3:hr>137</ns3:hr>
            <ns3:cad>80</ns3:cad>
          </ns3:TrackPointExtension>
        </extensions>
      </trkpt>
      <trkpt lat="23.04937164299190044403076171875" lon="113.31179964356124401092529296875">
        <ele>6</ele>
        <time>2026-09-09T23:16:06.000Z</time>
        <extensions>
          <ns3:TrackPointExtension>
            <ns3:hr>137</ns3:hr>
            <ns3:cad>80</ns3:cad>
          </ns3:TrackPointExtension>
        </extensions>
      </trkpt>
      <trkpt lat="23.0494258739054203033447265625" lon="113.31182730384171009063720703125">
        <ele>6.19999980926513671875</ele>
        <time>2026-09-09T23:16:07.000Z</time>
        <extensions>
          <ns3:TrackPointExtension>
            <ns3:hr>137</ns3:hr>
            <ns3:cad>80</ns3:cad>
          </ns3:TrackPointExtension>
        </extensions>
      </trkpt>
      <trkpt lat="23.04946862161159515380859375" lon="113.31185328774154186248779296875">
        <ele>6.19999980926513671875</ele>
        <time>2026-09-09T23:16:08.000Z</time>
        <extensions>
          <ns3:TrackPointExtension>
            <ns3:hr>137</ns3:hr>
            <ns3:cad>80</ns3:cad>
          </ns3:TrackPointExtension>
        </extensions>
      </trkpt>
      <trkpt lat="23.04949334822595119476318359375" lon="113.31187038682401180267333984375">
        <ele>6.19999980926513671875</ele>
        <time>2026-09-09T23:16:09.000Z</time>
        <extensions>
          <ns3:TrackPointExtension>
            <ns3:hr>137</ns3:hr>
            <ns3:cad>80</ns3:cad>
          </ns3:TrackPointExtension>
        </extensions>
      </trkpt>
      <trkpt lat="23.04951815865933895111083984375" lon="113.3118790201842784881591796875">
        <ele>6.400000095367431640625</ele>
        <time>2026-09-09T23:16:10.000Z</time>
        <extensions>
          <ns3:TrackPointExtension>
            <ns3:hr>137</ns3:hr>
            <ns3:cad>80</ns3:cad>
          </ns3:TrackPointExtension>
        </extensions>
      </trkpt>
      <trkpt lat="23.0495445616543292999267578125" lon="113.3118845522403717041015625">
        <ele>6.400000095367431640625</ele>
        <time>2026-09-09T23:16:11.000Z</time>
        <extensions>
          <ns3:TrackPointExtension>
            <ns3:hr>137</ns3:hr>
            <ns3:cad>80</ns3:cad>
          </ns3:TrackPointExtension>
        </extensions>
      </trkpt>
      <trkpt lat="23.04956828244030475616455078125" lon="113.3118931017816066741943359375">
        <ele>6.400000095367431640625</ele>
        <time>2026-09-09T23:16:12.000Z</time>
        <extensions>
          <ns3:TrackPointExtension>
            <ns3:hr>138</ns3:hr>
            <ns3:cad>80</ns3:cad>
          </ns3:TrackPointExtension>
        </extensions>
      </trkpt>
      <trkpt lat="23.04959208704531192779541015625" lon="113.3118952810764312744140625">
        <ele>6.400000095367431640625</ele>
        <time>2026-09-09T23:16:13.000Z</time>
        <extensions>
          <ns3:TrackPointExtension>
            <ns3:hr>139</ns3:hr>
            <ns3:cad>80</ns3:cad>
          </ns3:TrackPointExtension>
        </extensions>
      </trkpt>
      <trkpt lat="23.04962678812444210052490234375" lon="113.31190592609345912933349609375">
        <ele>6.400000095367431640625</ele>
        <time>2026-09-09T23:16:14.000Z</time>
        <extensions>
          <ns3:TrackPointExtension>
            <ns3:hr>139</ns3:hr>
            <ns3:cad>80</ns3:cad>
          </ns3:TrackPointExtension>
        </extensions>
      </trkpt>
      <trkpt lat="23.04964757524430751800537109375" lon="113.311914391815662384033203125">
        <ele>6.400000095367431640625</ele>
        <time>2026-09-09T23:16:15.000Z</time>
        <extensions>
          <ns3:TrackPointExtension>
            <ns3:hr>140</ns3:hr>
            <ns3:cad>81</ns3:cad>
          </ns3:TrackPointExtension>
        </extensions>
      </trkpt>
      <trkpt lat="23.04966450668871402740478515625" lon="113.311915062367916107177734375">
        <ele>6.400000095367431640625</ele>
        <time>2026-09-09T23:16:16.000Z</time>
        <extensions>
          <ns3:TrackPointExtension>
            <ns3:hr>140</ns3:hr>
            <ns3:cad>81</ns3:cad>
          </ns3:TrackPointExtension>
        </extensions>
      </trkpt>
      <trkpt lat="23.04969367571175098419189453125" lon="113.31192411482334136962890625">
        <ele>6.599999904632568359375</ele>
        <time>2026-09-09T23:16:17.000Z</time>
        <extensions>
          <ns3:TrackPointExtension>
            <ns3:hr>141</ns3:hr>
            <ns3:cad>81</ns3:cad>
          </ns3:TrackPointExtension>
        </extensions>
      </trkpt>
      <trkpt lat="23.04971362464129924774169921875" lon="113.3119313232600688934326171875">
        <ele>6.599999904632568359375</ele>
        <time>2026-09-09T23:16:18.000Z</time>
        <extensions>
          <ns3:TrackPointExtension>
            <ns3:hr>141</ns3:hr>
            <ns3:cad>81</ns3:cad>
          </ns3:TrackPointExtension>
        </extensions>
      </trkpt>
      <trkpt lat="23.04973223246634006500244140625" lon="113.311929814517498016357421875">
        <ele>6.400000095367431640625</ele>
        <time>2026-09-09T23:16:19.000Z</time>
        <extensions>
          <ns3:TrackPointExtension>
            <ns3:hr>141</ns3:hr>
            <ns3:cad>81</ns3:cad>
          </ns3:TrackPointExtension>
        </extensions>
      </trkpt>
      <trkpt lat="23.0497594736516475677490234375" lon="113.31194180063903331756591796875">
        <ele>6.400000095367431640625</ele>
        <time>2026-09-09T23:16:20.000Z</time>
        <extensions>
          <ns3:TrackPointExtension>
            <ns3:hr>141</ns3:hr>
            <ns3:cad>81</ns3:cad>
          </ns3:TrackPointExtension>
        </extensions>
      </trkpt>
      <trkpt lat="23.04977766238152980804443359375" lon="113.3119516074657440185546875">
        <ele>6.400000095367431640625</ele>
        <time>2026-09-09T23:16:21.000Z</time>
        <extensions>
          <ns3:TrackPointExtension>
            <ns3:hr>140</ns3:hr>
            <ns3:cad>81</ns3:cad>
          </ns3:TrackPointExtension>
        </extensions>
      </trkpt>
      <trkpt lat="23.04979710839688777923583984375" lon="113.31196057610213756561279296875">
        <ele>6.400000095367431640625</ele>
        <time>2026-09-09T23:16:22.000Z</time>
        <extensions>
          <ns3:TrackPointExtension>
            <ns3:hr>140</ns3:hr>
            <ns3:cad>80</ns3:cad>
          </ns3:TrackPointExtension>
        </extensions>
      </trkpt>
      <trkpt lat="23.04981856606900691986083984375" lon="113.31198287196457386016845703125">
        <ele>6.400000095367431640625</ele>
        <time>2026-09-09T23:16:23.000Z</time>
        <extensions>
          <ns3:TrackPointExtension>
            <ns3:hr>140</ns3:hr>
            <ns3:cad>80</ns3:cad>
          </ns3:TrackPointExtension>
        </extensions>
      </trkpt>
      <trkpt lat="23.04982644505798816680908203125" lon="113.3119990490376949310302734375">
        <ele>6.400000095367431640625</ele>
        <time>2026-09-09T23:16:24.000Z</time>
        <extensions>
          <ns3:TrackPointExtension>
            <ns3:hr>140</ns3:hr>
            <ns3:cad>80</ns3:cad>
          </ns3:TrackPointExtension>
        </extensions>
      </trkpt>
      <trkpt lat="23.0498432926833629608154296875" lon="113.3120181597769260406494140625">
        <ele>6.400000095367431640625</ele>
        <time>2026-09-09T23:16:25.000Z</time>
        <extensions>
          <ns3:TrackPointExtension>
            <ns3:hr>140</ns3:hr>
            <ns3:cad>80</ns3:cad>
          </ns3:TrackPointExtension>
        </extensions>
      </trkpt>
      <trkpt lat="23.04985494352877140045166015625" lon="113.3120536990463733673095703125">
        <ele>6.400000095367431640625</ele>
        <time>2026-09-09T23:16:26.000Z</time>
        <extensions>
          <ns3:TrackPointExtension>
            <ns3:hr>139</ns3:hr>
            <ns3:cad>80</ns3:cad>
          </ns3:TrackPointExtension>
        </extensions>
      </trkpt>
      <trkpt lat="23.0498617328703403472900390625" lon="113.3120691217482089996337890625">
        <ele>6.400000095367431640625</ele>
        <time>2026-09-09T23:16:27.000Z</time>
        <extensions>
          <ns3:TrackPointExtension>
            <ns3:hr>140</ns3:hr>
            <ns3:cad>80</ns3:cad>
          </ns3:TrackPointExtension>
        </extensions>
      </trkpt>
      <trkpt lat="23.0498774908483028411865234375" lon="113.31208094023168087005615234375">
        <ele>6.400000095367431640625</ele>
        <time>2026-09-09T23:16:28.000Z</time>
        <extensions>
          <ns3:TrackPointExtension>
            <ns3:hr>140</ns3:hr>
            <ns3:cad>81</ns3:cad>
          </ns3:TrackPointExtension>
        </extensions>
      </trkpt>
      <trkpt lat="23.04988495074212551116943359375" lon="113.3121086843311786651611328125">
        <ele>6.599999904632568359375</ele>
        <time>2026-09-09T23:16:29.000Z</time>
        <extensions>
          <ns3:TrackPointExtension>
            <ns3:hr>139</ns3:hr>
            <ns3:cad>81</ns3:cad>
          </ns3:TrackPointExtension>
        </extensions>
      </trkpt>
      <trkpt lat="23.04988847114145755767822265625" lon="113.3121257834136486053466796875">
        <ele>6.599999904632568359375</ele>
        <time>2026-09-09T23:16:30.000Z</time>
        <extensions>
          <ns3:TrackPointExtension>
            <ns3:hr>139</ns3:hr>
            <ns3:cad>81</ns3:cad>
          </ns3:TrackPointExtension>
        </extensions>
      </trkpt>
      <trkpt lat="23.049898445606231689453125" lon="113.312145732343196868896484375">
        <ele>6.400000095367431640625</ele>
        <time>2026-09-09T23:16:31.000Z</time>
        <extensions>
          <ns3:TrackPointExtension>
            <ns3:hr>139</ns3:hr>
            <ns3:cad>81</ns3:cad>
          </ns3:TrackPointExtension>
        </extensions>
      </trkpt>
      <trkpt lat="23.04989718832075595855712890625" lon="113.312176577746868133544921875">
        <ele>6.400000095367431640625</ele>
        <time>2026-09-09T23:16:32.000Z</time>
        <extensions>
          <ns3:TrackPointExtension>
            <ns3:hr>139</ns3:hr>
            <ns3:cad>80</ns3:cad>
          </ns3:TrackPointExtension>
        </extensions>
      </trkpt>
      <trkpt lat="23.04989802651107311248779296875" lon="113.3121931739151477813720703125">
        <ele>6.400000095367431640625</ele>
        <time>2026-09-09T23:16:33.000Z</time>
        <extensions>
          <ns3:TrackPointExtension>
            <ns3:hr>139</ns3:hr>
            <ns3:cad>80</ns3:cad>
          </ns3:TrackPointExtension>
        </extensions>
      </trkpt>
      <trkpt lat="23.049899451434612274169921875" lon="113.31221840344369411468505859375">
        <ele>6.400000095367431640625</ele>
        <time>2026-09-09T23:16:34.000Z</time>
        <extensions>
          <ns3:TrackPointExtension>
            <ns3:hr>139</ns3:hr>
            <ns3:cad>80</ns3:cad>
          </ns3:TrackPointExtension>
        </extensions>
      </trkpt>
      <trkpt lat="23.049892075359821319580078125" lon="113.31225402653217315673828125">
        <ele>6.400000095367431640625</ele>
        <time>2026-09-09T23:16:35.000Z</time>
        <extensions>
          <ns3:TrackPointExtension>
            <ns3:hr>139</ns3:hr>
            <ns3:cad>80</ns3:cad>
          </ns3:TrackPointExtension>
        </extensions>
      </trkpt>
      <trkpt lat="23.04989375174045562744140625" lon="113.3122746460139751434326171875">
        <ele>6.599999904632568359375</ele>
        <time>2026-09-09T23:16:36.000Z</time>
        <extensions>
          <ns3:TrackPointExtension>
            <ns3:hr>139</ns3:hr>
            <ns3:cad>81</ns3:cad>
          </ns3:TrackPointExtension>
        </extensions>
      </trkpt>
      <trkpt lat="23.04989249445497989654541015625" lon="113.3123014681041240692138671875">
        <ele>6.599999904632568359375</ele>
        <time>2026-09-09T23:16:37.000Z</time>
        <extensions>
          <ns3:TrackPointExtension>
            <ns3:hr>139</ns3:hr>
            <ns3:cad>81</ns3:cad>
          </ns3:TrackPointExtension>
        </extensions>
      </trkpt>
      <trkpt lat="23.0498882196843624114990234375" lon="113.31233038567006587982177734375">
        <ele>6.599999904632568359375</ele>
        <time>2026-09-09T23:16:38.000Z</time>
        <extensions>
          <ns3:TrackPointExtension>
            <ns3:hr>139</ns3:hr>
            <ns3:cad>81</ns3:cad>
          </ns3:TrackPointExtension>
        </extensions>
      </trkpt>
      <trkpt lat="23.04989651776850223541259765625" lon="113.31233826465904712677001953125">
        <ele>6.599999904632568359375</ele>
        <time>2026-09-09T23:16:39.000Z</time>
        <extensions>
          <ns3:TrackPointExtension>
            <ns3:hr>139</ns3:hr>
            <ns3:cad>81</ns3:cad>
          </ns3:TrackPointExtension>
        </extensions>
      </trkpt>
      <trkpt lat="23.04989702068269252777099609375" lon="113.31236726604402065277099609375">
        <ele>6.599999904632568359375</ele>
        <time>2026-09-09T23:16:40.000Z</time>
        <extensions>
          <ns3:TrackPointExtension>
            <ns3:hr>140</ns3:hr>
            <ns3:cad>81</ns3:cad>
          </ns3:TrackPointExtension>
        </extensions>
      </trkpt>
      <trkpt lat="23.0498942546546459197998046875" lon="113.312389813363552093505859375">
        <ele>6.599999904632568359375</ele>
        <time>2026-09-09T23:16:41.000Z</time>
        <extensions>
          <ns3:TrackPointExtension>
            <ns3:hr>140</ns3:hr>
            <ns3:cad>80</ns3:cad>
          </ns3:TrackPointExtension>
        </extensions>
      </trkpt>
      <trkpt lat="23.04989752359688282012939453125" lon="113.31240733154118061065673828125">
        <ele>6.599999904632568359375</ele>
        <time>2026-09-09T23:16:42.000Z</time>
        <extensions>
          <ns3:TrackPointExtension>
            <ns3:hr>140</ns3:hr>
            <ns3:cad>80</ns3:cad>
          </ns3:TrackPointExtension>
        </extensions>
      </trkpt>
      <trkpt lat="23.04989769123494625091552734375" lon="113.31243348307907581329345703125">
        <ele>6.599999904632568359375</ele>
        <time>2026-09-09T23:16:43.000Z</time>
        <extensions>
          <ns3:TrackPointExtension>
            <ns3:hr>140</ns3:hr>
            <ns3:cad>80</ns3:cad>
          </ns3:TrackPointExtension>
        </extensions>
      </trkpt>
      <trkpt lat="23.0498979426920413970947265625" lon="113.3124570362269878387451171875">
        <ele>6.80000019073486328125</ele>
        <time>2026-09-09T23:16:44.000Z</time>
        <extensions>
          <ns3:TrackPointExtension>
            <ns3:hr>140</ns3:hr>
            <ns3:cad>81</ns3:cad>
          </ns3:TrackPointExtension>
        </extensions>
      </trkpt>
      <trkpt lat="23.0498969368636608123779296875" lon="113.3124851994216442108154296875">
        <ele>7</ele>
        <time>2026-09-09T23:16:45.000Z</time>
        <extensions>
          <ns3:TrackPointExtension>
            <ns3:hr>139</ns3:hr>
            <ns3:cad>81</ns3:cad>
          </ns3:TrackPointExtension>
        </extensions>
      </trkpt>
      <trkpt lat="23.0498838610947132110595703125" lon="113.3125090040266513824462890625">
        <ele>7</ele>
        <time>2026-09-09T23:16:46.000Z</time>
        <extensions>
          <ns3:TrackPointExtension>
            <ns3:hr>140</ns3:hr>
            <ns3:cad>81</ns3:cad>
          </ns3:TrackPointExtension>
        </extensions>
      </trkpt>
      <trkpt lat="23.04988344199955463409423828125" lon="113.31252685748040676116943359375">
        <ele>7</ele>
        <time>2026-09-09T23:16:47.000Z</time>
        <extensions>
          <ns3:TrackPointExtension>
            <ns3:hr>140</ns3:hr>
            <ns3:cad>81</ns3:cad>
          </ns3:TrackPointExtension>
        </extensions>
      </trkpt>
      <trkpt lat="23.04988377727568149566650390625" lon="113.31255166791379451751708984375">
        <ele>7</ele>
        <time>2026-09-09T23:16:48.000Z</time>
        <extensions>
          <ns3:TrackPointExtension>
            <ns3:hr>139</ns3:hr>
            <ns3:cad>81</ns3:cad>
          </ns3:TrackPointExtension>
        </extensions>
      </trkpt>
      <trkpt lat="23.04988034069538116455078125" lon="113.31257522106170654296875">
        <ele>6.599999904632568359375</ele>
        <time>2026-09-09T23:16:49.000Z</time>
        <extensions>
          <ns3:TrackPointExtension>
            <ns3:hr>140</ns3:hr>
            <ns3:cad>80</ns3:cad>
          </ns3:TrackPointExtension>
        </extensions>
      </trkpt>
      <trkpt lat="23.0498852021992206573486328125" lon="113.31259659491479396820068359375">
        <ele>6.400000095367431640625</ele>
        <time>2026-09-09T23:16:50.000Z</time>
        <extensions>
          <ns3:TrackPointExtension>
            <ns3:hr>139</ns3:hr>
            <ns3:cad>80</ns3:cad>
          </ns3:TrackPointExtension>
        </extensions>
      </trkpt>
      <trkpt lat="23.0498811788856983184814453125" lon="113.312625177204608917236328125">
        <ele>6.400000095367431640625</ele>
        <time>2026-09-09T23:16:51.000Z</time>
        <extensions>
          <ns3:TrackPointExtension>
            <ns3:hr>139</ns3:hr>
            <ns3:cad>81</ns3:cad>
          </ns3:TrackPointExtension>
        </extensions>
      </trkpt>
      <trkpt lat="23.049876987934112548828125" lon="113.3126535080373287200927734375">
        <ele>6.400000095367431640625</ele>
        <time>2026-09-09T23:16:52.000Z</time>
        <extensions>
          <ns3:TrackPointExtension>
            <ns3:hr>139</ns3:hr>
            <ns3:cad>80</ns3:cad>
          </ns3:TrackPointExtension>
        </extensions>
      </trkpt>
      <trkpt lat="23.0498808436095714569091796875" lon="113.31266767345368862152099609375">
        <ele>6.599999904632568359375</ele>
        <time>2026-09-09T23:16:53.000Z</time>
        <extensions>
          <ns3:TrackPointExtension>
            <ns3:hr>139</ns3:hr>
            <ns3:cad>80</ns3:cad>
          </ns3:TrackPointExtension>
        </extensions>
      </trkpt>
      <trkpt lat="23.04988008923828601837158203125" lon="113.3126918971538543701171875">
        <ele>6.599999904632568359375</ele>
        <time>2026-09-09T23:16:54.000Z</time>
        <extensions>
          <ns3:TrackPointExtension>
            <ns3:hr>139</ns3:hr>
            <ns3:cad>81</ns3:cad>
          </ns3:TrackPointExtension>
        </extensions>
      </trkpt>
      <trkpt lat="23.04987539537250995635986328125" lon="113.31271846778690814971923828125">
        <ele>6.80000019073486328125</ele>
        <time>2026-09-09T23:16:55.000Z</time>
        <extensions>
          <ns3:TrackPointExtension>
            <ns3:hr>138</ns3:hr>
            <ns3:cad>81</ns3:cad>
          </ns3:TrackPointExtension>
        </extensions>
      </trkpt>
      <trkpt lat="23.0498888902366161346435546875" lon="113.312733471393585205078125">
        <ele>6.80000019073486328125</ele>
        <time>2026-09-09T23:16:56.000Z</time>
        <extensions>
          <ns3:TrackPointExtension>
            <ns3:hr>139</ns3:hr>
            <ns3:cad>81</ns3:cad>
          </ns3:TrackPointExtension>
        </extensions>
      </trkpt>
      <trkpt lat="23.0498885549604892730712890625" lon="113.31276423297822475433349609375">
        <ele>6.80000019073486328125</ele>
        <time>2026-09-09T23:16:57.000Z</time>
        <extensions>
          <ns3:TrackPointExtension>
            <ns3:hr>139</ns3:hr>
            <ns3:cad>81</ns3:cad>
          </ns3:TrackPointExtension>
        </extensions>
      </trkpt>
      <trkpt lat="23.04988914169371128082275390625" lon="113.31278736703097820281982421875">
        <ele>6.80000019073486328125</ele>
        <time>2026-09-09T23:16:58.000Z</time>
        <extensions>
          <ns3:TrackPointExtension>
            <ns3:hr>140</ns3:hr>
            <ns3:cad>80</ns3:cad>
          </ns3:TrackPointExtension>
        </extensions>
      </trkpt>
      <trkpt lat="23.04989819414913654327392578125" lon="113.3128134347498416900634765625">
        <ele>6.80000019073486328125</ele>
        <time>2026-09-09T23:16:59.000Z</time>
        <extensions>
          <ns3:TrackPointExtension>
            <ns3:hr>140</ns3:hr>
            <ns3:cad>80</ns3:cad>
          </ns3:TrackPointExtension>
        </extensions>
      </trkpt>
      <trkpt lat="23.04989802651107311248779296875" lon="113.31283967010676860809326171875">
        <ele>6.80000019073486328125</ele>
        <time>2026-09-09T23:17:00.000Z</time>
        <extensions>
          <ns3:TrackPointExtension>
            <ns3:hr>140</ns3:hr>
            <ns3:cad>80</ns3:cad>
          </ns3:TrackPointExtension>
        </extensions>
      </trkpt>
      <trkpt lat="23.0498982779681682586669921875" lon="113.3128660731017589569091796875">
        <ele>6.80000019073486328125</ele>
        <time>2026-09-09T23:17:01.000Z</time>
        <extensions>
          <ns3:TrackPointExtension>
            <ns3:hr>140</ns3:hr>
            <ns3:cad>81</ns3:cad>
          </ns3:TrackPointExtension>
        </extensions>
      </trkpt>
      <trkpt lat="23.0498992837965488433837890625" lon="113.3128858543932437896728515625">
        <ele>6.80000019073486328125</ele>
        <time>2026-09-09T23:17:02.000Z</time>
        <extensions>
          <ns3:TrackPointExtension>
            <ns3:hr>140</ns3:hr>
            <ns3:cad>81</ns3:cad>
          </ns3:TrackPointExtension>
        </extensions>
      </trkpt>
      <trkpt lat="23.04989785887300968170166015625" lon="113.3129163645207881927490234375">
        <ele>6.80000019073486328125</ele>
        <time>2026-09-09T23:17:03.000Z</time>
        <extensions>
          <ns3:TrackPointExtension>
            <ns3:hr>140</ns3:hr>
            <ns3:cad>81</ns3:cad>
          </ns3:TrackPointExtension>
        </extensions>
      </trkpt>
      <trkpt lat="23.04988780058920383453369140625" lon="113.312936984002590179443359375">
        <ele>6.80000019073486328125</ele>
        <time>2026-09-09T23:17:04.000Z</time>
        <extensions>
          <ns3:TrackPointExtension>
            <ns3:hr>140</ns3:hr>
            <ns3:cad>80</ns3:cad>
          </ns3:TrackPointExtension>
        </extensions>
      </trkpt>
      <trkpt lat="23.04988729767501354217529296875" lon="113.312958441674709320068359375">
        <ele>6.80000019073486328125</ele>
        <time>2026-09-09T23:17:05.000Z</time>
        <extensions>
          <ns3:TrackPointExtension>
            <ns3:hr>140</ns3:hr>
            <ns3:cad>80</ns3:cad>
          </ns3:TrackPointExtension>
        </extensions>
      </trkpt>
      <trkpt lat="23.0498868785798549652099609375" lon="113.31299087963998317718505859375">
        <ele>6.80000019073486328125</ele>
        <time>2026-09-09T23:17:06.000Z</time>
        <extensions>
          <ns3:TrackPointExtension>
            <ns3:hr>140</ns3:hr>
            <ns3:cad>80</ns3:cad>
          </ns3:TrackPointExtension>
        </extensions>
      </trkpt>
      <trkpt lat="23.0498865433037281036376953125" lon="113.313008062541484832763671875">
        <ele>6.80000019073486328125</ele>
        <time>2026-09-09T23:17:07.000Z</time>
        <extensions>
          <ns3:TrackPointExtension>
            <ns3:hr>140</ns3:hr>
            <ns3:cad>80</ns3:cad>
          </ns3:TrackPointExtension>
        </extensions>
      </trkpt>
      <trkpt lat="23.0498863756656646728515625" lon="113.3130280114710330963134765625">
        <ele>6.599999904632568359375</ele>
        <time>2026-09-09T23:17:08.000Z</time>
        <extensions>
          <ns3:TrackPointExtension>
            <ns3:hr>140</ns3:hr>
            <ns3:cad>79</ns3:cad>
          </ns3:TrackPointExtension>
        </extensions>
      </trkpt>
      <trkpt lat="23.0498836934566497802734375" lon="113.31305726431310176849365234375">
        <ele>6.599999904632568359375</ele>
        <time>2026-09-09T23:17:09.000Z</time>
        <extensions>
          <ns3:TrackPointExtension>
            <ns3:hr>140</ns3:hr>
            <ns3:cad>80</ns3:cad>
          </ns3:TrackPointExtension>
        </extensions>
      </trkpt>
      <trkpt lat="23.04988143034279346466064453125" lon="113.31307210028171539306640625">
        <ele>6.599999904632568359375</ele>
        <time>2026-09-09T23:17:10.000Z</time>
        <extensions>
          <ns3:TrackPointExtension>
            <ns3:hr>140</ns3:hr>
            <ns3:cad>80</ns3:cad>
          </ns3:TrackPointExtension>
        </extensions>
      </trkpt>
      <trkpt lat="23.0498863756656646728515625" lon="113.3130994252860546112060546875">
        <ele>6.599999904632568359375</ele>
        <time>2026-09-09T23:17:11.000Z</time>
        <extensions>
          <ns3:TrackPointExtension>
            <ns3:hr>140</ns3:hr>
            <ns3:cad>80</ns3:cad>
          </ns3:TrackPointExtension>
        </extensions>
      </trkpt>
      <trkpt lat="23.049887716770172119140625" lon="113.31313471309840679168701171875">
        <ele>6.80000019073486328125</ele>
        <time>2026-09-09T23:17:12.000Z</time>
        <extensions>
          <ns3:TrackPointExtension>
            <ns3:hr>141</ns3:hr>
            <ns3:cad>81</ns3:cad>
          </ns3:TrackPointExtension>
        </extensions>
      </trkpt>
      <trkpt lat="23.04988914169371128082275390625" lon="113.31315415911376476287841796875">
        <ele>6.80000019073486328125</ele>
        <time>2026-09-09T23:17:13.000Z</time>
        <extensions>
          <ns3:TrackPointExtension>
            <ns3:hr>141</ns3:hr>
            <ns3:cad>81</ns3:cad>
          </ns3:TrackPointExtension>
        </extensions>
      </trkpt>
      <trkpt lat="23.04988964460790157318115234375" lon="113.31318207085132598876953125">
        <ele>6.80000019073486328125</ele>
        <time>2026-09-09T23:17:14.000Z</time>
        <extensions>
          <ns3:TrackPointExtension>
            <ns3:hr>141</ns3:hr>
            <ns3:cad>81</ns3:cad>
          </ns3:TrackPointExtension>
        </extensions>
      </trkpt>
      <trkpt lat="23.04988780058920383453369140625" lon="113.31320897676050662994384765625">
        <ele>6.80000019073486328125</ele>
        <time>2026-09-09T23:17:15.000Z</time>
        <extensions>
          <ns3:TrackPointExtension>
            <ns3:hr>141</ns3:hr>
            <ns3:cad>80</ns3:cad>
          </ns3:TrackPointExtension>
        </extensions>
      </trkpt>
      <trkpt lat="23.0498875491321086883544921875" lon="113.31322523765265941619873046875">
        <ele>6.80000019073486328125</ele>
        <time>2026-09-09T23:17:16.000Z</time>
        <extensions>
          <ns3:TrackPointExtension>
            <ns3:hr>141</ns3:hr>
            <ns3:cad>80</ns3:cad>
          </ns3:TrackPointExtension>
        </extensions>
      </trkpt>
      <trkpt lat="23.04988914169371128082275390625" lon="113.3132551610469818115234375">
        <ele>6.80000019073486328125</ele>
        <time>2026-09-09T23:17:17.000Z</time>
        <extensions>
          <ns3:TrackPointExtension>
            <ns3:hr>141</ns3:hr>
            <ns3:cad>81</ns3:cad>
          </ns3:TrackPointExtension>
        </extensions>
      </trkpt>
      <trkpt lat="23.04988302290439605712890625" lon="113.3132757805287837982177734375">
        <ele>6.80000019073486328125</ele>
        <time>2026-09-09T23:17:18.000Z</time>
        <extensions>
          <ns3:TrackPointExtension>
            <ns3:hr>140</ns3:hr>
            <ns3:cad>81</ns3:cad>
          </ns3:TrackPointExtension>
        </extensions>
      </trkpt>
      <trkpt lat="23.0498841963708400726318359375" lon="113.31329128704965114593505859375">
        <ele>6.80000019073486328125</ele>
        <time>2026-09-09T23:17:19.000Z</time>
        <extensions>
          <ns3:TrackPointExtension>
            <ns3:hr>139</ns3:hr>
            <ns3:cad>80</ns3:cad>
          </ns3:TrackPointExtension>
        </extensions>
      </trkpt>
      <trkpt lat="23.04988210089504718780517578125" lon="113.313319198787212371826171875">
        <ele>6.80000019073486328125</ele>
        <time>2026-09-09T23:17:20.000Z</time>
        <extensions>
          <ns3:TrackPointExtension>
            <ns3:hr>138</ns3:hr>
            <ns3:cad>80</ns3:cad>
          </ns3:TrackPointExtension>
        </extensions>
      </trkpt>
      <trkpt lat="23.049880005419254302978515625" lon="113.31334434449672698974609375">
        <ele>6.80000019073486328125</ele>
        <time>2026-09-09T23:17:21.000Z</time>
        <extensions>
          <ns3:TrackPointExtension>
            <ns3:hr>137</ns3:hr>
            <ns3:cad>81</ns3:cad>
          </ns3:TrackPointExtension>
        </extensions>
      </trkpt>
      <trkpt lat="23.0498888902366161346435546875" lon="113.31336437724530696868896484375">
        <ele>6.80000019073486328125</ele>
        <time>2026-09-09T23:17:22.000Z</time>
        <extensions>
          <ns3:TrackPointExtension>
            <ns3:hr>137</ns3:hr>
            <ns3:cad>81</ns3:cad>
          </ns3:TrackPointExtension>
        </extensions>
      </trkpt>
      <trkpt lat="23.0498875491321086883544921875" lon="113.313396982848644256591796875">
        <ele>6.599999904632568359375</ele>
        <time>2026-09-09T23:17:23.000Z</time>
        <extensions>
          <ns3:TrackPointExtension>
            <ns3:hr>137</ns3:hr>
            <ns3:cad>81</ns3:cad>
          </ns3:TrackPointExtension>
        </extensions>
      </trkpt>
      <trkpt lat="23.04988193325698375701904296875" lon="113.31341818906366825103759765625">
        <ele>6.599999904632568359375</ele>
        <time>2026-09-09T23:17:24.000Z</time>
        <extensions>
          <ns3:TrackPointExtension>
            <ns3:hr>137</ns3:hr>
            <ns3:cad>81</ns3:cad>
          </ns3:TrackPointExtension>
        </extensions>
      </trkpt>
      <trkpt lat="23.04988210089504718780517578125" lon="113.31344283185899257659912109375">
        <ele>6.599999904632568359375</ele>
        <time>2026-09-09T23:17:25.000Z</time>
        <extensions>
          <ns3:TrackPointExtension>
            <ns3:hr>138</ns3:hr>
            <ns3:cad>81</ns3:cad>
          </ns3:TrackPointExtension>
        </extensions>
      </trkpt>
      <trkpt lat="23.049869276583194732666015625" lon="113.3134739287197589874267578125">
        <ele>6.599999904632568359375</ele>
        <time>2026-09-09T23:17:26.000Z</time>
        <extensions>
          <ns3:TrackPointExtension>
            <ns3:hr>138</ns3:hr>
            <ns3:cad>81</ns3:cad>
          </ns3:TrackPointExtension>
        </extensions>
      </trkpt>
      <trkpt lat="23.04986047558486461639404296875" lon="113.3134997449815273284912109375">
        <ele>6.599999904632568359375</ele>
        <time>2026-09-09T23:17:27.000Z</time>
        <extensions>
          <ns3:TrackPointExtension>
            <ns3:hr>138</ns3:hr>
            <ns3:cad>81</ns3:cad>
          </ns3:TrackPointExtension>
        </extensions>
      </trkpt>
      <trkpt lat="23.04986156523227691650390625" lon="113.31351826898753643035888671875">
        <ele>6.400000095367431640625</ele>
        <time>2026-09-09T23:17:28.000Z</time>
        <extensions>
          <ns3:TrackPointExtension>
            <ns3:hr>138</ns3:hr>
            <ns3:cad>81</ns3:cad>
          </ns3:TrackPointExtension>
        </extensions>
      </trkpt>
      <trkpt lat="23.04985846392810344696044921875" lon="113.313552550971508026123046875">
        <ele>6.400000095367431640625</ele>
        <time>2026-09-09T23:17:29.000Z</time>
        <extensions>
          <ns3:TrackPointExtension>
            <ns3:hr>138</ns3:hr>
            <ns3:cad>81</ns3:cad>
          </ns3:TrackPointExtension>
        </extensions>
      </trkpt>
      <trkpt lat="23.04985829629004001617431640625" lon="113.31357459537684917449951171875">
        <ele>6.400000095367431640625</ele>
        <time>2026-09-09T23:17:30.000Z</time>
        <extensions>
          <ns3:TrackPointExtension>
            <ns3:hr>138</ns3:hr>
            <ns3:cad>81</ns3:cad>
          </ns3:TrackPointExtension>
        </extensions>
      </trkpt>
      <trkpt lat="23.04986265487968921661376953125" lon="113.313602507114410400390625">
        <ele>6.400000095367431640625</ele>
        <time>2026-09-09T23:17:31.000Z</time>
        <extensions>
          <ns3:TrackPointExtension>
            <ns3:hr>138</ns3:hr>
            <ns3:cad>81</ns3:cad>
          </ns3:TrackPointExtension>
        </extensions>
      </trkpt>
      <trkpt lat="23.04986634291708469390869140625" lon="113.3136331848800182342529296875">
        <ele>6.599999904632568359375</ele>
        <time>2026-09-09T23:17:32.000Z</time>
        <extensions>
          <ns3:TrackPointExtension>
            <ns3:hr>138</ns3:hr>
            <ns3:cad>81</ns3:cad>
          </ns3:TrackPointExtension>
        </extensions>
      </trkpt>
      <trkpt lat="23.049867264926433563232421875" lon="113.3136445842683315277099609375">
        <ele>6.599999904632568359375</ele>
        <time>2026-09-09T23:17:33.000Z</time>
        <extensions>
          <ns3:TrackPointExtension>
            <ns3:hr>138</ns3:hr>
            <ns3:cad>81</ns3:cad>
          </ns3:TrackPointExtension>
        </extensions>
      </trkpt>
      <trkpt lat="23.04986684583127498626708984375" lon="113.313671909272670745849609375">
        <ele>6.599999904632568359375</ele>
        <time>2026-09-09T23:17:34.000Z</time>
        <extensions>
          <ns3:TrackPointExtension>
            <ns3:hr>138</ns3:hr>
            <ns3:cad>80</ns3:cad>
          </ns3:TrackPointExtension>
        </extensions>
      </trkpt>
      <trkpt lat="23.049867264926433563232421875" lon="113.31369814462959766387939453125">
        <ele>6.599999904632568359375</ele>
        <time>2026-09-09T23:17:35.000Z</time>
        <extensions>
          <ns3:TrackPointExtension>
            <ns3:hr>138</ns3:hr>
            <ns3:cad>80</ns3:cad>
          </ns3:TrackPointExtension>
        </extensions>
      </trkpt>
      <trkpt lat="23.04986768402159214019775390625" lon="113.31371960230171680450439453125">
        <ele>6.599999904632568359375</ele>
        <time>2026-09-09T23:17:36.000Z</time>
        <extensions>
          <ns3:TrackPointExtension>
            <ns3:hr>139</ns3:hr>
            <ns3:cad>80</ns3:cad>
          </ns3:TrackPointExtension>
        </extensions>
      </trkpt>
      <trkpt lat="23.04986718110740184783935546875" lon="113.31374575383961200714111328125">
        <ele>6.599999904632568359375</ele>
        <time>2026-09-09T23:17:37.000Z</time>
        <extensions>
          <ns3:TrackPointExtension>
            <ns3:hr>138</ns3:hr>
            <ns3:cad>80</ns3:cad>
          </ns3:TrackPointExtension>
        </extensions>
      </trkpt>
      <trkpt lat="23.049863241612911224365234375" lon="113.3137716539204120635986328125">
        <ele>6.599999904632568359375</ele>
        <time>2026-09-09T23:17:38.000Z</time>
        <extensions>
          <ns3:TrackPointExtension>
            <ns3:hr>138</ns3:hr>
            <ns3:cad>81</ns3:cad>
          </ns3:TrackPointExtension>
        </extensions>
      </trkpt>
      <trkpt lat="23.04987137205898761749267578125" lon="113.31378397531807422637939453125">
        <ele>6.599999904632568359375</ele>
        <time>2026-09-09T23:17:39.000Z</time>
        <extensions>
          <ns3:TrackPointExtension>
            <ns3:hr>139</ns3:hr>
            <ns3:cad>81</ns3:cad>
          </ns3:TrackPointExtension>
        </extensions>
      </trkpt>
      <trkpt lat="23.04986550472676753997802734375" lon="113.3138102106750011444091796875">
        <ele>6.599999904632568359375</ele>
        <time>2026-09-09T23:17:40.000Z</time>
        <extensions>
          <ns3:TrackPointExtension>
            <ns3:hr>139</ns3:hr>
            <ns3:cad>80</ns3:cad>
          </ns3:TrackPointExtension>
        </extensions>
      </trkpt>
      <trkpt lat="23.04986156523227691650390625" lon="113.3138320036232471466064453125">
        <ele>6.599999904632568359375</ele>
        <time>2026-09-09T23:17:41.000Z</time>
        <extensions>
          <ns3:TrackPointExtension>
            <ns3:hr>139</ns3:hr>
            <ns3:cad>80</ns3:cad>
          </ns3:TrackPointExtension>
        </extensions>
      </trkpt>
      <trkpt lat="23.04985913448035717010498046875" lon="113.3138564787805080413818359375">
        <ele>6.599999904632568359375</ele>
        <time>2026-09-09T23:17:42.000Z</time>
        <extensions>
          <ns3:TrackPointExtension>
            <ns3:hr>139</ns3:hr>
            <ns3:cad>81</ns3:cad>
          </ns3:TrackPointExtension>
        </extensions>
      </trkpt>
      <trkpt lat="23.0498489923775196075439453125" lon="113.313886821269989013671875">
        <ele>6.599999904632568359375</ele>
        <time>2026-09-09T23:17:43.000Z</time>
        <extensions>
          <ns3:TrackPointExtension>
            <ns3:hr>139</ns3:hr>
            <ns3:cad>80</ns3:cad>
          </ns3:TrackPointExtension>
        </extensions>
      </trkpt>
      <trkpt lat="23.04984672926366329193115234375" lon="113.31391020677983760833740234375">
        <ele>6.599999904632568359375</ele>
        <time>2026-09-09T23:17:44.000Z</time>
        <extensions>
          <ns3:TrackPointExtension>
            <ns3:hr>140</ns3:hr>
            <ns3:cad>80</ns3:cad>
          </ns3:TrackPointExtension>
        </extensions>
      </trkpt>
      <trkpt lat="23.04984488524496555328369140625" lon="113.31393501721322536468505859375">
        <ele>6.599999904632568359375</ele>
        <time>2026-09-09T23:17:45.000Z</time>
        <extensions>
          <ns3:TrackPointExtension>
            <ns3:hr>140</ns3:hr>
            <ns3:cad>80</ns3:cad>
          </ns3:TrackPointExtension>
        </extensions>
      </trkpt>
      <trkpt lat="23.04983600042760372161865234375" lon="113.31397122703492641448974609375">
        <ele>6.400000095367431640625</ele>
        <time>2026-09-09T23:17:46.000Z</time>
        <extensions>
          <ns3:TrackPointExtension>
            <ns3:hr>140</ns3:hr>
            <ns3:cad>80</ns3:cad>
          </ns3:TrackPointExtension>
        </extensions>
      </trkpt>
      <trkpt lat="23.04983348585665225982666015625" lon="113.31398547627031803131103515625">
        <ele>6.400000095367431640625</ele>
        <time>2026-09-09T23:17:47.000Z</time>
        <extensions>
          <ns3:TrackPointExtension>
            <ns3:hr>140</ns3:hr>
            <ns3:cad>81</ns3:cad>
          </ns3:TrackPointExtension>
        </extensions>
      </trkpt>
      <trkpt lat="23.04983600042760372161865234375" lon="113.31400877796113491058349609375">
        <ele>6.400000095367431640625</ele>
        <time>2026-09-09T23:17:48.000Z</time>
        <extensions>
          <ns3:TrackPointExtension>
            <ns3:hr>139</ns3:hr>
            <ns3:cad>81</ns3:cad>
          </ns3:TrackPointExtension>
        </extensions>
      </trkpt>
      <trkpt lat="23.04983164183795452117919921875" lon="113.314039371907711029052734375">
        <ele>6.400000095367431640625</ele>
        <time>2026-09-09T23:17:49.000Z</time>
        <extensions>
          <ns3:TrackPointExtension>
            <ns3:hr>140</ns3:hr>
            <ns3:cad>81</ns3:cad>
          </ns3:TrackPointExtension>
        </extensions>
      </trkpt>
      <trkpt lat="23.0498282052576541900634765625" lon="113.314051441848278045654296875">
        <ele>6.400000095367431640625</ele>
        <time>2026-09-09T23:17:50.000Z</time>
        <extensions>
          <ns3:TrackPointExtension>
            <ns3:hr>140</ns3:hr>
            <ns3:cad>81</ns3:cad>
          </ns3:TrackPointExtension>
        </extensions>
      </trkpt>
      <trkpt lat="23.0498285405337810516357421875" lon="113.31407792866230010986328125">
        <ele>6.599999904632568359375</ele>
        <time>2026-09-09T23:17:51.000Z</time>
        <extensions>
          <ns3:TrackPointExtension>
            <ns3:hr>141</ns3:hr>
            <ns3:cad>81</ns3:cad>
          </ns3:TrackPointExtension>
        </extensions>
      </trkpt>
      <trkpt lat="23.0498201586306095123291015625" lon="113.314111120998859405517578125">
        <ele>6.599999904632568359375</ele>
        <time>2026-09-09T23:17:52.000Z</time>
        <extensions>
          <ns3:TrackPointExtension>
            <ns3:hr>142</ns3:hr>
            <ns3:cad>81</ns3:cad>
          </ns3:TrackPointExtension>
        </extensions>
      </trkpt>
      <trkpt lat="23.04981462657451629638671875" lon="113.31412763334810733795166015625">
        <ele>6.599999904632568359375</ele>
        <time>2026-09-09T23:17:53.000Z</time>
        <extensions>
          <ns3:TrackPointExtension>
            <ns3:hr>142</ns3:hr>
            <ns3:cad>80</ns3:cad>
          </ns3:TrackPointExtension>
        </extensions>
      </trkpt>
      <trkpt lat="23.0498191528022289276123046875" lon="113.3141558803617954254150390625">
        <ele>6.599999904632568359375</ele>
        <time>2026-09-09T23:17:54.000Z</time>
        <extensions>
          <ns3:TrackPointExtension>
            <ns3:hr>143</ns3:hr>
            <ns3:cad>80</ns3:cad>
          </ns3:TrackPointExtension>
        </extensions>
      </trkpt>
      <trkpt lat="23.0498193204402923583984375" lon="113.31418597139418125152587890625">
        <ele>6.599999904632568359375</ele>
        <time>2026-09-09T23:17:55.000Z</time>
        <extensions>
          <ns3:TrackPointExtension>
            <ns3:hr>143</ns3:hr>
            <ns3:cad>81</ns3:cad>
          </ns3:TrackPointExtension>
        </extensions>
      </trkpt>
      <trkpt lat="23.0498211644589900970458984375" lon="113.31420290283858776092529296875">
        <ele>6.599999904632568359375</ele>
        <time>2026-09-09T23:17:56.000Z</time>
        <extensions>
          <ns3:TrackPointExtension>
            <ns3:hr>144</ns3:hr>
            <ns3:cad>81</ns3:cad>
          </ns3:TrackPointExtension>
        </extensions>
      </trkpt>
      <trkpt lat="23.049822337925434112548828125" lon="113.31422167830169200897216796875">
        <ele>6.599999904632568359375</ele>
        <time>2026-09-09T23:17:57.000Z</time>
        <extensions>
          <ns3:TrackPointExtension>
            <ns3:hr>144</ns3:hr>
            <ns3:cad>80</ns3:cad>
          </ns3:TrackPointExtension>
        </extensions>
      </trkpt>
      <trkpt lat="23.0498214997351169586181640625" lon="113.3142407052218914031982421875">
        <ele>6.599999904632568359375</ele>
        <time>2026-09-09T23:17:58.000Z</time>
        <extensions>
          <ns3:TrackPointExtension>
            <ns3:hr>144</ns3:hr>
            <ns3:cad>80</ns3:cad>
          </ns3:TrackPointExtension>
        </extensions>
      </trkpt>
      <trkpt lat="23.04982979781925678253173828125" lon="113.31425897777080535888671875">
        <ele>6.400000095367431640625</ele>
        <time>2026-09-09T23:17:59.000Z</time>
        <extensions>
          <ns3:TrackPointExtension>
            <ns3:hr>144</ns3:hr>
            <ns3:cad>80</ns3:cad>
          </ns3:TrackPointExtension>
        </extensions>
      </trkpt>
      <trkpt lat="23.0498220026493072509765625" lon="113.31428454257547855377197265625">
        <ele>6.400000095367431640625</ele>
        <time>2026-09-09T23:18:00.000Z</time>
        <extensions>
          <ns3:TrackPointExtension>
            <ns3:hr>144</ns3:hr>
            <ns3:cad>81</ns3:cad>
          </ns3:TrackPointExtension>
        </extensions>
      </trkpt>
      <trkpt lat="23.04981688968837261199951171875" lon="113.31431488506495952606201171875">
        <ele>6.400000095367431640625</ele>
        <time>2026-09-09T23:18:01.000Z</time>
        <extensions>
          <ns3:TrackPointExtension>
            <ns3:hr>144</ns3:hr>
            <ns3:cad>81</ns3:cad>
          </ns3:TrackPointExtension>
        </extensions>
      </trkpt>
      <trkpt lat="23.0498151294887065887451171875" lon="113.31433583982288837432861328125">
        <ele>6.599999904632568359375</ele>
        <time>2026-09-09T23:18:02.000Z</time>
        <extensions>
          <ns3:TrackPointExtension>
            <ns3:hr>143</ns3:hr>
            <ns3:cad>81</ns3:cad>
          </ns3:TrackPointExtension>
        </extensions>
      </trkpt>
      <trkpt lat="23.04980657994747161865234375" lon="113.314365260303020477294921875">
        <ele>6.599999904632568359375</ele>
        <time>2026-09-09T23:18:03.000Z</time>
        <extensions>
          <ns3:TrackPointExtension>
            <ns3:hr>144</ns3:hr>
            <ns3:cad>81</ns3:cad>
          </ns3:TrackPointExtension>
        </extensions>
      </trkpt>
      <trkpt lat="23.04980129934847354888916015625" lon="113.314390741288661956787109375">
        <ele>6.599999904632568359375</ele>
        <time>2026-09-09T23:18:04.000Z</time>
        <extensions>
          <ns3:TrackPointExtension>
            <ns3:hr>144</ns3:hr>
            <ns3:cad>81</ns3:cad>
          </ns3:TrackPointExtension>
        </extensions>
      </trkpt>
      <trkpt lat="23.0497950129210948944091796875" lon="113.3144150488078594207763671875">
        <ele>6.599999904632568359375</ele>
        <time>2026-09-09T23:18:05.000Z</time>
        <extensions>
          <ns3:TrackPointExtension>
            <ns3:hr>143</ns3:hr>
            <ns3:cad>81</ns3:cad>
          </ns3:TrackPointExtension>
        </extensions>
      </trkpt>
      <trkpt lat="23.04978989996016025543212890625" lon="113.31443960778415203094482421875">
        <ele>6.599999904632568359375</ele>
        <time>2026-09-09T23:18:06.000Z</time>
        <extensions>
          <ns3:TrackPointExtension>
            <ns3:hr>144</ns3:hr>
            <ns3:cad>81</ns3:cad>
          </ns3:TrackPointExtension>
        </extensions>
      </trkpt>
      <trkpt lat="23.04978654719889163970947265625" lon="113.3144629932940006256103515625">
        <ele>6.599999904632568359375</ele>
        <time>2026-09-09T23:18:07.000Z</time>
        <extensions>
          <ns3:TrackPointExtension>
            <ns3:hr>144</ns3:hr>
            <ns3:cad>81</ns3:cad>
          </ns3:TrackPointExtension>
        </extensions>
      </trkpt>
      <trkpt lat="23.04978788830339908599853515625" lon="113.31448537297546863555908203125">
        <ele>6.599999904632568359375</ele>
        <time>2026-09-09T23:18:08.000Z</time>
        <extensions>
          <ns3:TrackPointExtension>
            <ns3:hr>144</ns3:hr>
            <ns3:cad>81</ns3:cad>
          </ns3:TrackPointExtension>
        </extensions>
      </trkpt>
      <trkpt lat="23.04978302679955959320068359375" lon="113.3145159669220447540283203125">
        <ele>6.599999904632568359375</ele>
        <time>2026-09-09T23:18:09.000Z</time>
        <extensions>
          <ns3:TrackPointExtension>
            <ns3:hr>143</ns3:hr>
            <ns3:cad>81</ns3:cad>
          </ns3:TrackPointExtension>
        </extensions>
      </trkpt>
      <trkpt lat="23.04978512227535247802734375" lon="113.3145357482135295867919921875">
        <ele>6.400000095367431640625</ele>
        <time>2026-09-09T23:18:10.000Z</time>
        <extensions>
          <ns3:TrackPointExtension>
            <ns3:hr>144</ns3:hr>
            <ns3:cad>81</ns3:cad>
          </ns3:TrackPointExtension>
        </extensions>
      </trkpt>
      <trkpt lat="23.0497913248836994171142578125" lon="113.31455896608531475067138671875">
        <ele>6.400000095367431640625</ele>
        <time>2026-09-09T23:18:11.000Z</time>
        <extensions>
          <ns3:TrackPointExtension>
            <ns3:hr>144</ns3:hr>
            <ns3:cad>81</ns3:cad>
          </ns3:TrackPointExtension>
        </extensions>
      </trkpt>
      <trkpt lat="23.0497846193611621856689453125" lon="113.31459425389766693115234375">
        <ele>6.19999980926513671875</ele>
        <time>2026-09-09T23:18:12.000Z</time>
        <extensions>
          <ns3:TrackPointExtension>
            <ns3:hr>145</ns3:hr>
            <ns3:cad>81</ns3:cad>
          </ns3:TrackPointExtension>
        </extensions>
      </trkpt>
      <trkpt lat="23.0497765727341175079345703125" lon="113.31460858695209026336669921875">
        <ele>6.19999980926513671875</ele>
        <time>2026-09-09T23:18:13.000Z</time>
        <extensions>
          <ns3:TrackPointExtension>
            <ns3:hr>145</ns3:hr>
            <ns3:cad>81</ns3:cad>
          </ns3:TrackPointExtension>
        </extensions>
      </trkpt>
      <trkpt lat="23.049781434237957000732421875" lon="113.31463574431836605072021484375">
        <ele>6.19999980926513671875</ele>
        <time>2026-09-09T23:18:14.000Z</time>
        <extensions>
          <ns3:TrackPointExtension>
            <ns3:hr>145</ns3:hr>
            <ns3:cad>81</ns3:cad>
          </ns3:TrackPointExtension>
        </extensions>
      </trkpt>
      <trkpt lat="23.04977573454380035400390625" lon="113.3146715350449085235595703125">
        <ele>6.400000095367431640625</ele>
        <time>2026-09-09T23:18:15.000Z</time>
        <extensions>
          <ns3:TrackPointExtension>
            <ns3:hr>145</ns3:hr>
            <ns3:cad>81</ns3:cad>
          </ns3:TrackPointExtension>
        </extensions>
      </trkpt>
      <trkpt lat="23.0497712083160877227783203125" lon="113.31469089724123477935791015625">
        <ele>6.400000095367431640625</ele>
        <time>2026-09-09T23:18:16.000Z</time>
        <extensions>
          <ns3:TrackPointExtension>
            <ns3:hr>145</ns3:hr>
            <ns3:cad>80</ns3:cad>
          </ns3:TrackPointExtension>
        </extensions>
      </trkpt>
      <trkpt lat="23.0497789196670055389404296875" lon="113.3147161267697811126708984375">
        <ele>6.400000095367431640625</ele>
        <time>2026-09-09T23:18:17.000Z</time>
        <extensions>
          <ns3:TrackPointExtension>
            <ns3:hr>145</ns3:hr>
            <ns3:cad>80</ns3:cad>
          </ns3:TrackPointExtension>
        </extensions>
      </trkpt>
      <trkpt lat="23.0497839488089084625244140625" lon="113.31473783589899539947509765625">
        <ele>6.400000095367431640625</ele>
        <time>2026-09-09T23:18:18.000Z</time>
        <extensions>
          <ns3:TrackPointExtension>
            <ns3:hr>146</ns3:hr>
            <ns3:cad>80</ns3:cad>
          </ns3:TrackPointExtension>
        </extensions>
      </trkpt>
      <trkpt lat="23.0497924983501434326171875" lon="113.31475174985826015472412109375">
        <ele>6.400000095367431640625</ele>
        <time>2026-09-09T23:18:19.000Z</time>
        <extensions>
          <ns3:TrackPointExtension>
            <ns3:hr>145</ns3:hr>
            <ns3:cad>80</ns3:cad>
          </ns3:TrackPointExtension>
        </extensions>
      </trkpt>
      <trkpt lat="23.04979006759822368621826171875" lon="113.31477622501552104949951171875">
        <ele>6.400000095367431640625</ele>
        <time>2026-09-09T23:18:20.000Z</time>
        <extensions>
          <ns3:TrackPointExtension>
            <ns3:hr>145</ns3:hr>
            <ns3:cad>80</ns3:cad>
          </ns3:TrackPointExtension>
        </extensions>
      </trkpt>
      <trkpt lat="23.049786128103733062744140625" lon="113.314807824790477752685546875">
        <ele>6.400000095367431640625</ele>
        <time>2026-09-09T23:18:21.000Z</time>
        <extensions>
          <ns3:TrackPointExtension>
            <ns3:hr>146</ns3:hr>
            <ns3:cad>80</ns3:cad>
          </ns3:TrackPointExtension>
        </extensions>
      </trkpt>
      <trkpt lat="23.04979157634079456329345703125" lon="113.314822576940059661865234375">
        <ele>6.400000095367431640625</ele>
        <time>2026-09-09T23:18:22.000Z</time>
        <extensions>
          <ns3:TrackPointExtension>
            <ns3:hr>145</ns3:hr>
            <ns3:cad>80</ns3:cad>
          </ns3:TrackPointExtension>
        </extensions>
      </trkpt>
      <trkpt lat="23.049794174730777740478515625" lon="113.3148488961160182952880859375">
        <ele>6.400000095367431640625</ele>
        <time>2026-09-09T23:18:23.000Z</time>
        <extensions>
          <ns3:TrackPointExtension>
            <ns3:hr>146</ns3:hr>
            <ns3:cad>80</ns3:cad>
          </ns3:TrackPointExtension>
        </extensions>
      </trkpt>
      <trkpt lat="23.0497909896075725555419921875" lon="113.31487965770065784454345703125">
        <ele>6.400000095367431640625</ele>
        <time>2026-09-09T23:18:24.000Z</time>
        <extensions>
          <ns3:TrackPointExtension>
            <ns3:hr>145</ns3:hr>
            <ns3:cad>80</ns3:cad>
          </ns3:TrackPointExtension>
        </extensions>
      </trkpt>
      <trkpt lat="23.0497856251895427703857421875" lon="113.31489373929798603057861328125">
        <ele>6.400000095367431640625</ele>
        <time>2026-09-09T23:18:25.000Z</time>
        <extensions>
          <ns3:TrackPointExtension>
            <ns3:hr>146</ns3:hr>
            <ns3:cad>80</ns3:cad>
          </ns3:TrackPointExtension>
        </extensions>
      </trkpt>
      <trkpt lat="23.0497836135327816009521484375" lon="113.31491838209331035614013671875">
        <ele>6.400000095367431640625</ele>
        <time>2026-09-09T23:18:26.000Z</time>
        <extensions>
          <ns3:TrackPointExtension>
            <ns3:hr>146</ns3:hr>
            <ns3:cad>80</ns3:cad>
          </ns3:TrackPointExtension>
        </extensions>
      </trkpt>
      <trkpt lat="23.04978369735181331634521484375" lon="113.31494470126926898956298828125">
        <ele>6.400000095367431640625</ele>
        <time>2026-09-09T23:18:27.000Z</time>
        <extensions>
          <ns3:TrackPointExtension>
            <ns3:hr>146</ns3:hr>
            <ns3:cad>80</ns3:cad>
          </ns3:TrackPointExtension>
        </extensions>
      </trkpt>
      <trkpt lat="23.04978453554213047027587890625" lon="113.3149623870849609375">
        <ele>6.400000095367431640625</ele>
        <time>2026-09-09T23:18:28.000Z</time>
        <extensions>
          <ns3:TrackPointExtension>
            <ns3:hr>145</ns3:hr>
            <ns3:cad>80</ns3:cad>
          </ns3:TrackPointExtension>
        </extensions>
      </trkpt>
      <trkpt lat="23.0497856251895427703857421875" lon="113.31499264575541019439697265625">
        <ele>6.400000095367431640625</ele>
        <time>2026-09-09T23:18:29.000Z</time>
        <extensions>
          <ns3:TrackPointExtension>
            <ns3:hr>146</ns3:hr>
            <ns3:cad>80</ns3:cad>
          </ns3:TrackPointExtension>
        </extensions>
      </trkpt>
      <trkpt lat="23.04978369735181331634521484375" lon="113.315023742616176605224609375">
        <ele>6.400000095367431640625</ele>
        <time>2026-09-09T23:18:30.000Z</time>
        <extensions>
          <ns3:TrackPointExtension>
            <ns3:hr>146</ns3:hr>
            <ns3:cad>79</ns3:cad>
          </ns3:TrackPointExtension>
        </extensions>
      </trkpt>
      <trkpt lat="23.0497886426746845245361328125" lon="113.31504276953637599945068359375">
        <ele>6.400000095367431640625</ele>
        <time>2026-09-09T23:18:31.000Z</time>
        <extensions>
          <ns3:TrackPointExtension>
            <ns3:hr>146</ns3:hr>
            <ns3:cad>80</ns3:cad>
          </ns3:TrackPointExtension>
        </extensions>
      </trkpt>
      <trkpt lat="23.04978822357952594757080078125" lon="113.3150695078074932098388671875">
        <ele>6.400000095367431640625</ele>
        <time>2026-09-09T23:18:32.000Z</time>
        <extensions>
          <ns3:TrackPointExtension>
            <ns3:hr>146</ns3:hr>
            <ns3:cad>79</ns3:cad>
          </ns3:TrackPointExtension>
        </extensions>
      </trkpt>
      <trkpt lat="23.049785457551479339599609375" lon="113.31509658135473728179931640625">
        <ele>6.400000095367431640625</ele>
        <time>2026-09-09T23:18:33.000Z</time>
        <extensions>
          <ns3:TrackPointExtension>
            <ns3:hr>146</ns3:hr>
            <ns3:cad>80</ns3:cad>
          </ns3:TrackPointExtension>
        </extensions>
      </trkpt>
      <trkpt lat="23.0497903190553188323974609375" lon="113.31512021832168102264404296875">
        <ele>6.400000095367431640625</ele>
        <time>2026-09-09T23:18:34.000Z</time>
        <extensions>
          <ns3:TrackPointExtension>
            <ns3:hr>146</ns3:hr>
            <ns3:cad>80</ns3:cad>
          </ns3:TrackPointExtension>
        </extensions>
      </trkpt>
      <trkpt lat="23.04978939704596996307373046875" lon="113.31514569930732250213623046875">
        <ele>6.400000095367431640625</ele>
        <time>2026-09-09T23:18:35.000Z</time>
        <extensions>
          <ns3:TrackPointExtension>
            <ns3:hr>145</ns3:hr>
            <ns3:cad>81</ns3:cad>
          </ns3:TrackPointExtension>
        </extensions>
      </trkpt>
      <trkpt lat="23.04979090578854084014892578125" lon="113.31516816280782222747802734375">
        <ele>6.400000095367431640625</ele>
        <time>2026-09-09T23:18:36.000Z</time>
        <extensions>
          <ns3:TrackPointExtension>
            <ns3:hr>146</ns3:hr>
            <ns3:cad>80</ns3:cad>
          </ns3:TrackPointExtension>
        </extensions>
      </trkpt>
      <trkpt lat="23.04979593493044376373291015625" lon="113.315187357366085052490234375">
        <ele>6.400000095367431640625</ele>
        <time>2026-09-09T23:18:37.000Z</time>
        <extensions>
          <ns3:TrackPointExtension>
            <ns3:hr>146</ns3:hr>
            <ns3:cad>80</ns3:cad>
          </ns3:TrackPointExtension>
        </extensions>
      </trkpt>
      <trkpt lat="23.0497970245778560638427734375" lon="113.31521946005523204803466796875">
        <ele>6.400000095367431640625</ele>
        <time>2026-09-09T23:18:38.000Z</time>
        <extensions>
          <ns3:TrackPointExtension>
            <ns3:hr>146</ns3:hr>
            <ns3:cad>81</ns3:cad>
          </ns3:TrackPointExtension>
        </extensions>
      </trkpt>
      <trkpt lat="23.04979928769171237945556640625" lon="113.31524712033569812774658203125">
        <ele>6.400000095367431640625</ele>
        <time>2026-09-09T23:18:39.000Z</time>
        <extensions>
          <ns3:TrackPointExtension>
            <ns3:hr>147</ns3:hr>
            <ns3:cad>81</ns3:cad>
          </ns3:TrackPointExtension>
        </extensions>
      </trkpt>
      <trkpt lat="23.04980716668069362640380859375" lon="113.31527511589229106903076171875">
        <ele>6.400000095367431640625</ele>
        <time>2026-09-09T23:18:40.000Z</time>
        <extensions>
          <ns3:TrackPointExtension>
            <ns3:hr>147</ns3:hr>
            <ns3:cad>81</ns3:cad>
          </ns3:TrackPointExtension>
        </extensions>
      </trkpt>
      <trkpt lat="23.04980817250907421112060546875" lon="113.3153145946562290191650390625">
        <ele>6.400000095367431640625</ele>
        <time>2026-09-09T23:18:41.000Z</time>
        <extensions>
          <ns3:TrackPointExtension>
            <ns3:hr>147</ns3:hr>
            <ns3:cad>81</ns3:cad>
          </ns3:TrackPointExtension>
        </extensions>
      </trkpt>
      <trkpt lat="23.04979912005364894866943359375" lon="113.31533663906157016754150390625">
        <ele>6.400000095367431640625</ele>
        <time>2026-09-09T23:18:42.000Z</time>
        <extensions>
          <ns3:TrackPointExtension>
            <ns3:hr>147</ns3:hr>
            <ns3:cad>81</ns3:cad>
          </ns3:TrackPointExtension>
        </extensions>
      </trkpt>
      <trkpt lat="23.049802221357822418212890625" lon="113.31536262296140193939208984375">
        <ele>6.19999980926513671875</ele>
        <time>2026-09-09T23:18:43.000Z</time>
        <extensions>
          <ns3:TrackPointExtension>
            <ns3:hr>147</ns3:hr>
            <ns3:cad>81</ns3:cad>
          </ns3:TrackPointExtension>
        </extensions>
      </trkpt>
      <trkpt lat="23.049806244671344757080078125" lon="113.315393887460231781005859375">
        <ele>6.19999980926513671875</ele>
        <time>2026-09-09T23:18:44.000Z</time>
        <extensions>
          <ns3:TrackPointExtension>
            <ns3:hr>147</ns3:hr>
            <ns3:cad>81</ns3:cad>
          </ns3:TrackPointExtension>
        </extensions>
      </trkpt>
      <trkpt lat="23.0498101003468036651611328125" lon="113.31540805287659168243408203125">
        <ele>6</ele>
        <time>2026-09-09T23:18:45.000Z</time>
        <extensions>
          <ns3:TrackPointExtension>
            <ns3:hr>148</ns3:hr>
            <ns3:cad>81</ns3:cad>
          </ns3:TrackPointExtension>
        </extensions>
      </trkpt>
      <trkpt lat="23.04981940425932407379150390625" lon="113.3154295943677425384521484375">
        <ele>6</ele>
        <time>2026-09-09T23:18:46.000Z</time>
        <extensions>
          <ns3:TrackPointExtension>
            <ns3:hr>147</ns3:hr>
            <ns3:cad>80</ns3:cad>
          </ns3:TrackPointExtension>
        </extensions>
      </trkpt>
      <trkpt lat="23.04982828907668590545654296875" lon="113.3154564164578914642333984375">
        <ele>6</ele>
        <time>2026-09-09T23:18:47.000Z</time>
        <extensions>
          <ns3:TrackPointExtension>
            <ns3:hr>147</ns3:hr>
            <ns3:cad>80</ns3:cad>
          </ns3:TrackPointExtension>
        </extensions>
      </trkpt>
      <trkpt lat="23.04983113892376422882080078125" lon="113.315475024282932281494140625">
        <ele>6.19999980926513671875</ele>
        <time>2026-09-09T23:18:48.000Z</time>
        <extensions>
          <ns3:TrackPointExtension>
            <ns3:hr>147</ns3:hr>
            <ns3:cad>80</ns3:cad>
          </ns3:TrackPointExtension>
        </extensions>
      </trkpt>
      <trkpt lat="23.049843125045299530029296875" lon="113.315501175820827484130859375">
        <ele>6.19999980926513671875</ele>
        <time>2026-09-09T23:18:49.000Z</time>
        <extensions>
          <ns3:TrackPointExtension>
            <ns3:hr>147</ns3:hr>
            <ns3:cad>81</ns3:cad>
          </ns3:TrackPointExtension>
        </extensions>
      </trkpt>
      <trkpt lat="23.0498434603214263916015625" lon="113.3155295066535472869873046875">
        <ele>6.19999980926513671875</ele>
        <time>2026-09-09T23:18:50.000Z</time>
        <extensions>
          <ns3:TrackPointExtension>
            <ns3:hr>147</ns3:hr>
            <ns3:cad>81</ns3:cad>
          </ns3:TrackPointExtension>
        </extensions>
      </trkpt>
      <trkpt lat="23.04985092021524906158447265625" lon="113.31554903648793697357177734375">
        <ele>6.19999980926513671875</ele>
        <time>2026-09-09T23:18:51.000Z</time>
        <extensions>
          <ns3:TrackPointExtension>
            <ns3:hr>147</ns3:hr>
            <ns3:cad>81</ns3:cad>
          </ns3:TrackPointExtension>
        </extensions>
      </trkpt>
      <trkpt lat="23.0498587153851985931396484375" lon="113.3155814744532108306884765625">
        <ele>6.19999980926513671875</ele>
        <time>2026-09-09T23:18:52.000Z</time>
        <extensions>
          <ns3:TrackPointExtension>
            <ns3:hr>147</ns3:hr>
            <ns3:cad>81</ns3:cad>
          </ns3:TrackPointExtension>
        </extensions>
      </trkpt>
      <trkpt lat="23.04986097849905490875244140625" lon="113.31560921855270862579345703125">
        <ele>6.19999980926513671875</ele>
        <time>2026-09-09T23:18:53.000Z</time>
        <extensions>
          <ns3:TrackPointExtension>
            <ns3:hr>146</ns3:hr>
            <ns3:cad>81</ns3:cad>
          </ns3:TrackPointExtension>
        </extensions>
      </trkpt>
      <trkpt lat="23.0498707853257656097412109375" lon="113.31562330015003681182861328125">
        <ele>6.19999980926513671875</ele>
        <time>2026-09-09T23:18:54.000Z</time>
        <extensions>
          <ns3:TrackPointExtension>
            <ns3:hr>146</ns3:hr>
            <ns3:cad>81</ns3:cad>
          </ns3:TrackPointExtension>
        </extensions>
      </trkpt>
      <trkpt lat="23.0498714558780193328857421875" lon="113.31565598957240581512451171875">
        <ele>6.19999980926513671875</ele>
        <time>2026-09-09T23:18:55.000Z</time>
        <extensions>
          <ns3:TrackPointExtension>
            <ns3:hr>146</ns3:hr>
            <ns3:cad>81</ns3:cad>
          </ns3:TrackPointExtension>
        </extensions>
      </trkpt>
      <trkpt lat="23.04987137205898761749267578125" lon="113.3156793750822544097900390625">
        <ele>6.19999980926513671875</ele>
        <time>2026-09-09T23:18:56.000Z</time>
        <extensions>
          <ns3:TrackPointExtension>
            <ns3:hr>146</ns3:hr>
            <ns3:cad>81</ns3:cad>
          </ns3:TrackPointExtension>
        </extensions>
      </trkpt>
      <trkpt lat="23.0498724617063999176025390625" lon="113.3157013356685638427734375">
        <ele>6.19999980926513671875</ele>
        <time>2026-09-09T23:18:57.000Z</time>
        <extensions>
          <ns3:TrackPointExtension>
            <ns3:hr>146</ns3:hr>
            <ns3:cad>80</ns3:cad>
          </ns3:TrackPointExtension>
        </extensions>
      </trkpt>
      <trkpt lat="23.04987120442092418670654296875" lon="113.31572924740612506866455078125">
        <ele>6.19999980926513671875</ele>
        <time>2026-09-09T23:18:58.000Z</time>
        <extensions>
          <ns3:TrackPointExtension>
            <ns3:hr>147</ns3:hr>
            <ns3:cad>81</ns3:cad>
          </ns3:TrackPointExtension>
        </extensions>
      </trkpt>
      <trkpt lat="23.04987288080155849456787109375" lon="113.31575321964919567108154296875">
        <ele>6.400000095367431640625</ele>
        <time>2026-09-09T23:18:59.000Z</time>
        <extensions>
          <ns3:TrackPointExtension>
            <ns3:hr>146</ns3:hr>
            <ns3:cad>81</ns3:cad>
          </ns3:TrackPointExtension>
        </extensions>
      </trkpt>
      <trkpt lat="23.0498848669230937957763671875" lon="113.3157715760171413421630859375">
        <ele>6.400000095367431640625</ele>
        <time>2026-09-09T23:19:00.000Z</time>
        <extensions>
          <ns3:TrackPointExtension>
            <ns3:hr>146</ns3:hr>
            <ns3:cad>81</ns3:cad>
          </ns3:TrackPointExtension>
        </extensions>
      </trkpt>
      <trkpt lat="23.04988528601825237274169921875" lon="113.31580082885921001434326171875">
        <ele>6.400000095367431640625</ele>
        <time>2026-09-09T23:19:01.000Z</time>
        <extensions>
          <ns3:TrackPointExtension>
            <ns3:hr>146</ns3:hr>
            <ns3:cad>80</ns3:cad>
          </ns3:TrackPointExtension>
        </extensions>
      </trkpt>
      <trkpt lat="23.04988880641758441925048828125" lon="113.31582698039710521697998046875">
        <ele>6.400000095367431640625</ele>
        <time>2026-09-09T23:19:02.000Z</time>
        <extensions>
          <ns3:TrackPointExtension>
            <ns3:hr>145</ns3:hr>
            <ns3:cad>80</ns3:cad>
          </ns3:TrackPointExtension>
        </extensions>
      </trkpt>
      <trkpt lat="23.04988897405564785003662109375" lon="113.31585363484919071197509765625">
        <ele>6.400000095367431640625</ele>
        <time>2026-09-09T23:19:03.000Z</time>
        <extensions>
          <ns3:TrackPointExtension>
            <ns3:hr>145</ns3:hr>
            <ns3:cad>80</ns3:cad>
          </ns3:TrackPointExtension>
        </extensions>
      </trkpt>
      <trkpt lat="23.0498878844082355499267578125" lon="113.31588414497673511505126953125">
        <ele>6.400000095367431640625</ele>
        <time>2026-09-09T23:19:04.000Z</time>
        <extensions>
          <ns3:TrackPointExtension>
            <ns3:hr>144</ns3:hr>
            <ns3:cad>80</ns3:cad>
          </ns3:TrackPointExtension>
        </extensions>
      </trkpt>
      <trkpt lat="23.04988713003695011138916015625" lon="113.31590325571596622467041015625">
        <ele>6.400000095367431640625</ele>
        <time>2026-09-09T23:19:05.000Z</time>
        <extensions>
          <ns3:TrackPointExtension>
            <ns3:hr>144</ns3:hr>
            <ns3:cad>80</ns3:cad>
          </ns3:TrackPointExtension>
        </extensions>
      </trkpt>
      <trkpt lat="23.04989014752209186553955078125" lon="113.31592387519776821136474609375">
        <ele>6.400000095367431640625</ele>
        <time>2026-09-09T23:19:06.000Z</time>
        <extensions>
          <ns3:TrackPointExtension>
            <ns3:hr>144</ns3:hr>
            <ns3:cad>80</ns3:cad>
          </ns3:TrackPointExtension>
        </extensions>
      </trkpt>
      <trkpt lat="23.0498865433037281036376953125" lon="113.315951786935329437255859375">
        <ele>6.400000095367431640625</ele>
        <time>2026-09-09T23:19:07.000Z</time>
        <extensions>
          <ns3:TrackPointExtension>
            <ns3:hr>143</ns3:hr>
            <ns3:cad>80</ns3:cad>
          </ns3:TrackPointExtension>
        </extensions>
      </trkpt>
      <trkpt lat="23.04988377727568149566650390625" lon="113.3159670419991016387939453125">
        <ele>6.400000095367431640625</ele>
        <time>2026-09-09T23:19:08.000Z</time>
        <extensions>
          <ns3:TrackPointExtension>
            <ns3:hr>143</ns3:hr>
            <ns3:cad>80</ns3:cad>
          </ns3:TrackPointExtension>
        </extensions>
      </trkpt>
      <trkpt lat="23.049880005419254302978515625" lon="113.3159811235964298248291015625">
        <ele>6.400000095367431640625</ele>
        <time>2026-09-09T23:19:09.000Z</time>
        <extensions>
          <ns3:TrackPointExtension>
            <ns3:hr>143</ns3:hr>
            <ns3:cad>80</ns3:cad>
          </ns3:TrackPointExtension>
        </extensions>
      </trkpt>
      <trkpt lat="23.04987899959087371826171875" lon="113.31601724959909915924072265625">
        <ele>6.400000095367431640625</ele>
        <time>2026-09-09T23:19:10.000Z</time>
        <extensions>
          <ns3:TrackPointExtension>
            <ns3:hr>144</ns3:hr>
            <ns3:cad>80</ns3:cad>
          </ns3:TrackPointExtension>
        </extensions>
      </trkpt>
      <trkpt lat="23.04988059215247631072998046875" lon="113.3160364441573619842529296875">
        <ele>6.400000095367431640625</ele>
        <time>2026-09-09T23:19:11.000Z</time>
        <extensions>
          <ns3:TrackPointExtension>
            <ns3:hr>144</ns3:hr>
            <ns3:cad>80</ns3:cad>
          </ns3:TrackPointExtension>
        </extensions>
      </trkpt>
      <trkpt lat="23.04988679476082324981689453125" lon="113.316054046154022216796875">
        <ele>6.400000095367431640625</ele>
        <time>2026-09-09T23:19:12.000Z</time>
        <extensions>
          <ns3:TrackPointExtension>
            <ns3:hr>144</ns3:hr>
            <ns3:cad>79</ns3:cad>
          </ns3:TrackPointExtension>
        </extensions>
      </trkpt>
      <trkpt lat="23.0498855374753475189208984375" lon="113.316089920699596405029296875">
        <ele>6.400000095367431640625</ele>
        <time>2026-09-09T23:19:13.000Z</time>
        <extensions>
          <ns3:TrackPointExtension>
            <ns3:hr>144</ns3:hr>
            <ns3:cad>79</ns3:cad>
          </ns3:TrackPointExtension>
        </extensions>
      </trkpt>
      <trkpt lat="23.04988578893244266510009765625" lon="113.31611146219074726104736328125">
        <ele>6.400000095367431640625</ele>
        <time>2026-09-09T23:19:14.000Z</time>
        <extensions>
          <ns3:TrackPointExtension>
            <ns3:hr>144</ns3:hr>
            <ns3:cad>79</ns3:cad>
          </ns3:TrackPointExtension>
        </extensions>
      </trkpt>
      <trkpt lat="23.0498966015875339508056640625" lon="113.31613627262413501739501953125">
        <ele>6.400000095367431640625</ele>
        <time>2026-09-09T23:19:15.000Z</time>
        <extensions>
          <ns3:TrackPointExtension>
            <ns3:hr>144</ns3:hr>
            <ns3:cad>80</ns3:cad>
          </ns3:TrackPointExtension>
        </extensions>
      </trkpt>
      <trkpt lat="23.04990137927234172821044921875" lon="113.3161695487797260284423828125">
        <ele>6.400000095367431640625</ele>
        <time>2026-09-09T23:19:16.000Z</time>
        <extensions>
          <ns3:TrackPointExtension>
            <ns3:hr>144</ns3:hr>
            <ns3:cad>80</ns3:cad>
          </ns3:TrackPointExtension>
        </extensions>
      </trkpt>
      <trkpt lat="23.0498997867107391357421875" lon="113.316188491880893707275390625">
        <ele>6.400000095367431640625</ele>
        <time>2026-09-09T23:19:17.000Z</time>
        <extensions>
          <ns3:TrackPointExtension>
            <ns3:hr>144</ns3:hr>
            <ns3:cad>80</ns3:cad>
          </ns3:TrackPointExtension>
        </extensions>
      </trkpt>
      <trkpt lat="23.0499069951474666595458984375" lon="113.31620684824883937835693359375">
        <ele>6.400000095367431640625</ele>
        <time>2026-09-09T23:19:18.000Z</time>
        <extensions>
          <ns3:TrackPointExtension>
            <ns3:hr>144</ns3:hr>
            <ns3:cad>80</ns3:cad>
          </ns3:TrackPointExtension>
        </extensions>
      </trkpt>
      <trkpt lat="23.0499026365578174591064453125" lon="113.31623710691928863525390625">
        <ele>6.400000095367431640625</ele>
        <time>2026-09-09T23:19:19.000Z</time>
        <extensions>
          <ns3:TrackPointExtension>
            <ns3:hr>144</ns3:hr>
            <ns3:cad>80</ns3:cad>
          </ns3:TrackPointExtension>
        </extensions>
      </trkpt>
      <trkpt lat="23.049898780882358551025390625" lon="113.3162510208785533905029296875">
        <ele>6.400000095367431640625</ele>
        <time>2026-09-09T23:19:20.000Z</time>
        <extensions>
          <ns3:TrackPointExtension>
            <ns3:hr>144</ns3:hr>
            <ns3:cad>80</ns3:cad>
          </ns3:TrackPointExtension>
        </extensions>
      </trkpt>
      <trkpt lat="23.04989903233945369720458984375" lon="113.31627465784549713134765625">
        <ele>6.19999980926513671875</ele>
        <time>2026-09-09T23:19:21.000Z</time>
        <extensions>
          <ns3:TrackPointExtension>
            <ns3:hr>144</ns3:hr>
            <ns3:cad>80</ns3:cad>
          </ns3:TrackPointExtension>
        </extensions>
      </trkpt>
      <trkpt lat="23.04988679476082324981689453125" lon="113.3162989653646945953369140625">
        <ele>6.19999980926513671875</ele>
        <time>2026-09-09T23:19:22.000Z</time>
        <extensions>
          <ns3:TrackPointExtension>
            <ns3:hr>144</ns3:hr>
            <ns3:cad>80</ns3:cad>
          </ns3:TrackPointExtension>
        </extensions>
      </trkpt>
      <trkpt lat="23.04987967014312744140625" lon="113.316308520734310150146484375">
        <ele>6.19999980926513671875</ele>
        <time>2026-09-09T23:19:23.000Z</time>
        <extensions>
          <ns3:TrackPointExtension>
            <ns3:hr>144</ns3:hr>
            <ns3:cad>80</ns3:cad>
          </ns3:TrackPointExtension>
        </extensions>
      </trkpt>
      <trkpt lat="23.04986667819321155548095703125" lon="113.31632771529257297515869140625">
        <ele>6.400000095367431640625</ele>
        <time>2026-09-09T23:19:24.000Z</time>
        <extensions>
          <ns3:TrackPointExtension>
            <ns3:hr>144</ns3:hr>
            <ns3:cad>80</ns3:cad>
          </ns3:TrackPointExtension>
        </extensions>
      </trkpt>
      <trkpt lat="23.04985008202493190765380859375" lon="113.31634095869958400726318359375">
        <ele>6.400000095367431640625</ele>
        <time>2026-09-09T23:19:25.000Z</time>
        <extensions>
          <ns3:TrackPointExtension>
            <ns3:hr>144</ns3:hr>
            <ns3:cad>80</ns3:cad>
          </ns3:TrackPointExtension>
        </extensions>
      </trkpt>
      <trkpt lat="23.04983968846499919891357421875" lon="113.3163556270301342010498046875">
        <ele>6.400000095367431640625</ele>
        <time>2026-09-09T23:19:26.000Z</time>
        <extensions>
          <ns3:TrackPointExtension>
            <ns3:hr>144</ns3:hr>
            <ns3:cad>81</ns3:cad>
          </ns3:TrackPointExtension>
        </extensions>
      </trkpt>
      <trkpt lat="23.049825690686702728271484375" lon="113.31637213937938213348388671875">
        <ele>6.400000095367431640625</ele>
        <time>2026-09-09T23:19:27.000Z</time>
        <extensions>
          <ns3:TrackPointExtension>
            <ns3:hr>143</ns3:hr>
            <ns3:cad>81</ns3:cad>
          </ns3:TrackPointExtension>
        </extensions>
      </trkpt>
      <trkpt lat="23.04980532266199588775634765625" lon="113.3163814432919025421142578125">
        <ele>6.400000095367431640625</ele>
        <time>2026-09-09T23:19:28.000Z</time>
        <extensions>
          <ns3:TrackPointExtension>
            <ns3:hr>143</ns3:hr>
            <ns3:cad>81</ns3:cad>
          </ns3:TrackPointExtension>
        </extensions>
      </trkpt>
      <trkpt lat="23.0497898161411285400390625" lon="113.316393010318279266357421875">
        <ele>6.19999980926513671875</ele>
        <time>2026-09-09T23:19:29.000Z</time>
        <extensions>
          <ns3:TrackPointExtension>
            <ns3:hr>143</ns3:hr>
            <ns3:cad>81</ns3:cad>
          </ns3:TrackPointExtension>
        </extensions>
      </trkpt>
      <trkpt lat="23.049774728715419769287109375" lon="113.31640583463013172149658203125">
        <ele>6.400000095367431640625</ele>
        <time>2026-09-09T23:19:30.000Z</time>
        <extensions>
          <ns3:TrackPointExtension>
            <ns3:hr>143</ns3:hr>
            <ns3:cad>81</ns3:cad>
          </ns3:TrackPointExtension>
        </extensions>
      </trkpt>
      <trkpt lat="23.04975033737719058990478515625" lon="113.3164096064865589141845703125">
        <ele>6.400000095367431640625</ele>
        <time>2026-09-09T23:19:31.000Z</time>
        <extensions>
          <ns3:TrackPointExtension>
            <ns3:hr>143</ns3:hr>
            <ns3:cad>81</ns3:cad>
          </ns3:TrackPointExtension>
        </extensions>
      </trkpt>
      <trkpt lat="23.04973122663795948028564453125" lon="113.316423855721950531005859375">
        <ele>6.400000095367431640625</ele>
        <time>2026-09-09T23:19:32.000Z</time>
        <extensions>
          <ns3:TrackPointExtension>
            <ns3:hr>142</ns3:hr>
            <ns3:cad>81</ns3:cad>
          </ns3:TrackPointExtension>
        </extensions>
      </trkpt>
      <trkpt lat="23.04970800876617431640625" lon="113.3164300583302974700927734375">
        <ele>6.400000095367431640625</ele>
        <time>2026-09-09T23:19:33.000Z</time>
        <extensions>
          <ns3:TrackPointExtension>
            <ns3:hr>142</ns3:hr>
            <ns3:cad>81</ns3:cad>
          </ns3:TrackPointExtension>
        </extensions>
      </trkpt>
      <trkpt lat="23.04968395270407199859619140625" lon="113.316427879035472869873046875">
        <ele>6.400000095367431640625</ele>
        <time>2026-09-09T23:19:34.000Z</time>
        <extensions>
          <ns3:TrackPointExtension>
            <ns3:hr>142</ns3:hr>
            <ns3:cad>80</ns3:cad>
          </ns3:TrackPointExtension>
        </extensions>
      </trkpt>
      <trkpt lat="23.0496659316122531890869140625" lon="113.31642997451126575469970703125">
        <ele>6.400000095367431640625</ele>
        <time>2026-09-09T23:19:35.000Z</time>
        <extensions>
          <ns3:TrackPointExtension>
            <ns3:hr>142</ns3:hr>
            <ns3:cad>80</ns3:cad>
          </ns3:TrackPointExtension>
        </extensions>
      </trkpt>
      <trkpt lat="23.04964623413980007171630859375" lon="113.316436596214771270751953125">
        <ele>6.400000095367431640625</ele>
        <time>2026-09-09T23:19:36.000Z</time>
        <extensions>
          <ns3:TrackPointExtension>
            <ns3:hr>142</ns3:hr>
            <ns3:cad>80</ns3:cad>
          </ns3:TrackPointExtension>
        </extensions>
      </trkpt>
      <trkpt lat="23.049625195562839508056640625" lon="113.31643969751894474029541015625">
        <ele>6.400000095367431640625</ele>
        <time>2026-09-09T23:19:37.000Z</time>
        <extensions>
          <ns3:TrackPointExtension>
            <ns3:hr>142</ns3:hr>
            <ns3:cad>80</ns3:cad>
          </ns3:TrackPointExtension>
        </extensions>
      </trkpt>
      <trkpt lat="23.04961807094514369964599609375" lon="113.31644740886986255645751953125">
        <ele>6.400000095367431640625</ele>
        <time>2026-09-09T23:19:38.000Z</time>
        <extensions>
          <ns3:TrackPointExtension>
            <ns3:hr>141</ns3:hr>
            <ns3:cad>80</ns3:cad>
          </ns3:TrackPointExtension>
        </extensions>
      </trkpt>
      <trkpt lat="23.049602396786212921142578125" lon="113.31646383740007877349853515625">
        <ele>6.599999904632568359375</ele>
        <time>2026-09-09T23:19:39.000Z</time>
        <extensions>
          <ns3:TrackPointExtension>
            <ns3:hr>142</ns3:hr>
            <ns3:cad>80</ns3:cad>
          </ns3:TrackPointExtension>
        </extensions>
      </trkpt>
      <trkpt lat="23.04958588443696498870849609375" lon="113.3164749853312969207763671875">
        <ele>6.599999904632568359375</ele>
        <time>2026-09-09T23:19:40.000Z</time>
        <extensions>
          <ns3:TrackPointExtension>
            <ns3:hr>142</ns3:hr>
            <ns3:cad>81</ns3:cad>
          </ns3:TrackPointExtension>
        </extensions>
      </trkpt>
      <trkpt lat="23.049581609666347503662109375" lon="113.31649015657603740692138671875">
        <ele>6.80000019073486328125</ele>
        <time>2026-09-09T23:19:41.000Z</time>
        <extensions>
          <ns3:TrackPointExtension>
            <ns3:hr>142</ns3:hr>
            <ns3:cad>80</ns3:cad>
          </ns3:TrackPointExtension>
        </extensions>
      </trkpt>
      <trkpt lat="23.0495583079755306243896484375" lon="113.31650909967720508575439453125">
        <ele>6.80000019073486328125</ele>
        <time>2026-09-09T23:19:42.000Z</time>
        <extensions>
          <ns3:TrackPointExtension>
            <ns3:hr>143</ns3:hr>
            <ns3:cad>80</ns3:cad>
          </ns3:TrackPointExtension>
        </extensions>
      </trkpt>
      <trkpt lat="23.0495492555201053619384765625" lon="113.31652410328388214111328125">
        <ele>6.80000019073486328125</ele>
        <time>2026-09-09T23:19:43.000Z</time>
        <extensions>
          <ns3:TrackPointExtension>
            <ns3:hr>142</ns3:hr>
            <ns3:cad>80</ns3:cad>
          </ns3:TrackPointExtension>
        </extensions>
      </trkpt>
      <trkpt lat="23.04955311119556427001953125" lon="113.31653893925249576568603515625">
        <ele>6.80000019073486328125</ele>
        <time>2026-09-09T23:19:44.000Z</time>
        <extensions>
          <ns3:TrackPointExtension>
            <ns3:hr>142</ns3:hr>
            <ns3:cad>80</ns3:cad>
          </ns3:TrackPointExtension>
        </extensions>
      </trkpt>
      <trkpt lat="23.04954280145466327667236328125" lon="113.316568024456501007080078125">
        <ele>6.80000019073486328125</ele>
        <time>2026-09-09T23:19:45.000Z</time>
        <extensions>
          <ns3:TrackPointExtension>
            <ns3:hr>143</ns3:hr>
            <ns3:cad>80</ns3:cad>
          </ns3:TrackPointExtension>
        </extensions>
      </trkpt>
      <trkpt lat="23.04953676648437976837158203125" lon="113.31658470444381237030029296875">
        <ele>6.80000019073486328125</ele>
        <time>2026-09-09T23:19:46.000Z</time>
        <extensions>
          <ns3:TrackPointExtension>
            <ns3:hr>142</ns3:hr>
            <ns3:cad>80</ns3:cad>
          </ns3:TrackPointExtension>
        </extensions>
      </trkpt>
      <trkpt lat="23.049536012113094329833984375" lon="113.31660398282110691070556640625">
        <ele>6.80000019073486328125</ele>
        <time>2026-09-09T23:19:47.000Z</time>
        <extensions>
          <ns3:TrackPointExtension>
            <ns3:hr>142</ns3:hr>
            <ns3:cad>80</ns3:cad>
          </ns3:TrackPointExtension>
        </extensions>
      </trkpt>
      <trkpt lat="23.049525283277034759521484375" lon="113.3166349120438098907470703125">
        <ele>6.80000019073486328125</ele>
        <time>2026-09-09T23:19:48.000Z</time>
        <extensions>
          <ns3:TrackPointExtension>
            <ns3:hr>143</ns3:hr>
            <ns3:cad>80</ns3:cad>
          </ns3:TrackPointExtension>
        </extensions>
      </trkpt>
      <trkpt lat="23.04951497353613376617431640625" lon="113.3166577108204364776611328125">
        <ele>6.80000019073486328125</ele>
        <time>2026-09-09T23:19:49.000Z</time>
        <extensions>
          <ns3:TrackPointExtension>
            <ns3:hr>143</ns3:hr>
            <ns3:cad>80</ns3:cad>
          </ns3:TrackPointExtension>
        </extensions>
      </trkpt>
      <trkpt lat="23.0495153926312923431396484375" lon="113.31668461672961711883544921875">
        <ele>6.80000019073486328125</ele>
        <time>2026-09-09T23:19:50.000Z</time>
        <extensions>
          <ns3:TrackPointExtension>
            <ns3:hr>143</ns3:hr>
            <ns3:cad>80</ns3:cad>
          </ns3:TrackPointExtension>
        </extensions>
      </trkpt>
      <trkpt lat="23.0495207570493221282958984375" lon="113.316718898713588714599609375">
        <ele>6.80000019073486328125</ele>
        <time>2026-09-09T23:19:51.000Z</time>
        <extensions>
          <ns3:TrackPointExtension>
            <ns3:hr>143</ns3:hr>
            <ns3:cad>80</ns3:cad>
          </ns3:TrackPointExtension>
        </extensions>
      </trkpt>
      <trkpt lat="23.04951933212578296661376953125" lon="113.31674379296600818634033203125">
        <ele>6.80000019073486328125</ele>
        <time>2026-09-09T23:19:52.000Z</time>
        <extensions>
          <ns3:TrackPointExtension>
            <ns3:hr>143</ns3:hr>
            <ns3:cad>80</ns3:cad>
          </ns3:TrackPointExtension>
        </extensions>
      </trkpt>
      <trkpt lat="23.04953073151409626007080078125" lon="113.31676508300006389617919921875">
        <ele>6.80000019073486328125</ele>
        <time>2026-09-09T23:19:53.000Z</time>
        <extensions>
          <ns3:TrackPointExtension>
            <ns3:hr>144</ns3:hr>
            <ns3:cad>80</ns3:cad>
          </ns3:TrackPointExtension>
        </extensions>
      </trkpt>
      <trkpt lat="23.04954431019723415374755859375" lon="113.31680078990757465362548828125">
        <ele>6.80000019073486328125</ele>
        <time>2026-09-09T23:19:54.000Z</time>
        <extensions>
          <ns3:TrackPointExtension>
            <ns3:hr>144</ns3:hr>
            <ns3:cad>80</ns3:cad>
          </ns3:TrackPointExtension>
        </extensions>
      </trkpt>
      <trkpt lat="23.049554787576198577880859375" lon="113.31682392396032810211181640625">
        <ele>6.80000019073486328125</ele>
        <time>2026-09-09T23:19:55.000Z</time>
        <extensions>
          <ns3:TrackPointExtension>
            <ns3:hr>144</ns3:hr>
            <ns3:cad>79</ns3:cad>
          </ns3:TrackPointExtension>
        </extensions>
      </trkpt>
      <trkpt lat="23.0495738983154296875" lon="113.3168390952050685882568359375">
        <ele>6.599999904632568359375</ele>
        <time>2026-09-09T23:19:56.000Z</time>
        <extensions>
          <ns3:TrackPointExtension>
            <ns3:hr>144</ns3:hr>
            <ns3:cad>79</ns3:cad>
          </ns3:TrackPointExtension>
        </extensions>
      </trkpt>
      <trkpt lat="23.049595020711421966552734375" lon="113.31686231307685375213623046875">
        <ele>6.599999904632568359375</ele>
        <time>2026-09-09T23:19:57.000Z</time>
        <extensions>
          <ns3:TrackPointExtension>
            <ns3:hr>144</ns3:hr>
            <ns3:cad>79</ns3:cad>
          </ns3:TrackPointExtension>
        </extensions>
      </trkpt>
      <trkpt lat="23.04961077868938446044921875" lon="113.3168833516538143157958984375">
        <ele>6.599999904632568359375</ele>
        <time>2026-09-09T23:19:58.000Z</time>
        <extensions>
          <ns3:TrackPointExtension>
            <ns3:hr>145</ns3:hr>
            <ns3:cad>80</ns3:cad>
          </ns3:TrackPointExtension>
        </extensions>
      </trkpt>
      <trkpt lat="23.04962846450507640838623046875" lon="113.31689265556633472442626953125">
        <ele>6.599999904632568359375</ele>
        <time>2026-09-09T23:19:59.000Z</time>
        <extensions>
          <ns3:TrackPointExtension>
            <ns3:hr>145</ns3:hr>
            <ns3:cad>80</ns3:cad>
          </ns3:TrackPointExtension>
        </extensions>
      </trkpt>
      <trkpt lat="23.04965369403362274169921875" lon="113.31690338440239429473876953125">
        <ele>6.599999904632568359375</ele>
        <time>2026-09-09T23:20:00.000Z</time>
        <extensions>
          <ns3:TrackPointExtension>
            <ns3:hr>146</ns3:hr>
            <ns3:cad>80</ns3:cad>
          </ns3:TrackPointExtension>
        </extensions>
      </trkpt>
      <trkpt lat="23.0496676079928874969482421875" lon="113.31690288148820400238037109375">
        <ele>6.599999904632568359375</ele>
        <time>2026-09-09T23:20:01.000Z</time>
        <extensions>
          <ns3:TrackPointExtension>
            <ns3:hr>146</ns3:hr>
            <ns3:cad>80</ns3:cad>
          </ns3:TrackPointExtension>
        </extensions>
      </trkpt>
      <trkpt lat="23.0496863834559917449951171875" lon="113.31690170802175998687744140625">
        <ele>6.80000019073486328125</ele>
        <time>2026-09-09T23:20:02.000Z</time>
        <extensions>
          <ns3:TrackPointExtension>
            <ns3:hr>146</ns3:hr>
            <ns3:cad>80</ns3:cad>
          </ns3:TrackPointExtension>
        </extensions>
      </trkpt>
      <trkpt lat="23.04971261881291866302490234375" lon="113.3169088326394557952880859375">
        <ele>6.599999904632568359375</ele>
        <time>2026-09-09T23:20:03.000Z</time>
        <extensions>
          <ns3:TrackPointExtension>
            <ns3:hr>146</ns3:hr>
            <ns3:cad>80</ns3:cad>
          </ns3:TrackPointExtension>
        </extensions>
      </trkpt>
      <trkpt lat="23.049727119505405426025390625" lon="113.31690229475498199462890625">
        <ele>6.599999904632568359375</ele>
        <time>2026-09-09T23:20:04.000Z</time>
        <extensions>
          <ns3:TrackPointExtension>
            <ns3:hr>146</ns3:hr>
            <ns3:cad>80</ns3:cad>
          </ns3:TrackPointExtension>
        </extensions>
      </trkpt>
      <trkpt lat="23.04974933154881000518798828125" lon="113.31689684651792049407958984375">
        <ele>6.599999904632568359375</ele>
        <time>2026-09-09T23:20:05.000Z</time>
        <extensions>
          <ns3:TrackPointExtension>
            <ns3:hr>146</ns3:hr>
            <ns3:cad>80</ns3:cad>
          </ns3:TrackPointExtension>
        </extensions>
      </trkpt>
      <trkpt lat="23.0497765727341175079345703125" lon="113.3169034682214260101318359375">
        <ele>6.599999904632568359375</ele>
        <time>2026-09-09T23:20:06.000Z</time>
        <extensions>
          <ns3:TrackPointExtension>
            <ns3:hr>147</ns3:hr>
            <ns3:cad>80</ns3:cad>
          </ns3:TrackPointExtension>
        </extensions>
      </trkpt>
      <trkpt lat="23.04978637956082820892333984375" lon="113.3169056475162506103515625">
        <ele>6.599999904632568359375</ele>
        <time>2026-09-09T23:20:07.000Z</time>
        <extensions>
          <ns3:TrackPointExtension>
            <ns3:hr>147</ns3:hr>
            <ns3:cad>80</ns3:cad>
          </ns3:TrackPointExtension>
        </extensions>
      </trkpt>
      <trkpt lat="23.04980649612843990325927734375" lon="113.316903971135616302490234375">
        <ele>6.599999904632568359375</ele>
        <time>2026-09-09T23:20:08.000Z</time>
        <extensions>
          <ns3:TrackPointExtension>
            <ns3:hr>147</ns3:hr>
            <ns3:cad>80</ns3:cad>
          </ns3:TrackPointExtension>
        </extensions>
      </trkpt>
      <trkpt lat="23.049835748970508575439453125" lon="113.3169068209826946258544921875">
        <ele>6.599999904632568359375</ele>
        <time>2026-09-09T23:20:09.000Z</time>
        <extensions>
          <ns3:TrackPointExtension>
            <ns3:hr>146</ns3:hr>
            <ns3:cad>80</ns3:cad>
          </ns3:TrackPointExtension>
        </extensions>
      </trkpt>
      <trkpt lat="23.0498567037284374237060546875" lon="113.3169091679155826568603515625">
        <ele>6.599999904632568359375</ele>
        <time>2026-09-09T23:20:10.000Z</time>
        <extensions>
          <ns3:TrackPointExtension>
            <ns3:hr>146</ns3:hr>
            <ns3:cad>80</ns3:cad>
          </ns3:TrackPointExtension>
        </extensions>
      </trkpt>
      <trkpt lat="23.04988159798085689544677734375" lon="113.31691210158169269561767578125">
        <ele>6.599999904632568359375</ele>
        <time>2026-09-09T23:20:11.000Z</time>
        <extensions>
          <ns3:TrackPointExtension>
            <ns3:hr>146</ns3:hr>
            <ns3:cad>80</ns3:cad>
          </ns3:TrackPointExtension>
        </extensions>
      </trkpt>
      <trkpt lat="23.04990573786199092864990234375" lon="113.3169163763523101806640625">
        <ele>6.599999904632568359375</ele>
        <time>2026-09-09T23:20:12.000Z</time>
        <extensions>
          <ns3:TrackPointExtension>
            <ns3:hr>147</ns3:hr>
            <ns3:cad>79</ns3:cad>
          </ns3:TrackPointExtension>
        </extensions>
      </trkpt>
      <trkpt lat="23.0499279499053955078125" lon="113.31692115403711795806884765625">
        <ele>6.599999904632568359375</ele>
        <time>2026-09-09T23:20:13.000Z</time>
        <extensions>
          <ns3:TrackPointExtension>
            <ns3:hr>147</ns3:hr>
            <ns3:cad>79</ns3:cad>
          </ns3:TrackPointExtension>
        </extensions>
      </trkpt>
      <trkpt lat="23.04994739592075347900390625" lon="113.31692936830222606658935546875">
        <ele>6.599999904632568359375</ele>
        <time>2026-09-09T23:20:14.000Z</time>
        <extensions>
          <ns3:TrackPointExtension>
            <ns3:hr>147</ns3:hr>
            <ns3:cad>79</ns3:cad>
          </ns3:TrackPointExtension>
        </extensions>
      </trkpt>
      <trkpt lat="23.04997153580188751220703125" lon="113.31695384345948696136474609375">
        <ele>6.80000019073486328125</ele>
        <time>2026-09-09T23:20:15.000Z</time>
        <extensions>
          <ns3:TrackPointExtension>
            <ns3:hr>146</ns3:hr>
            <ns3:cad>79</ns3:cad>
          </ns3:TrackPointExtension>
        </extensions>
      </trkpt>
      <trkpt lat="23.0499877966940402984619140625" lon="113.31696934998035430908203125">
        <ele>6.599999904632568359375</ele>
        <time>2026-09-09T23:20:16.000Z</time>
        <extensions>
          <ns3:TrackPointExtension>
            <ns3:hr>146</ns3:hr>
            <ns3:cad>80</ns3:cad>
          </ns3:TrackPointExtension>
        </extensions>
      </trkpt>
      <trkpt lat="23.05000481195747852325439453125" lon="113.31698217429220676422119140625">
        <ele>6.599999904632568359375</ele>
        <time>2026-09-09T23:20:17.000Z</time>
        <extensions>
          <ns3:TrackPointExtension>
            <ns3:hr>146</ns3:hr>
            <ns3:cad>80</ns3:cad>
          </ns3:TrackPointExtension>
        </extensions>
      </trkpt>
      <trkpt lat="23.05001839064061641693115234375" lon="113.317008577287197113037109375">
        <ele>6.80000019073486328125</ele>
        <time>2026-09-09T23:20:18.000Z</time>
        <extensions>
          <ns3:TrackPointExtension>
            <ns3:hr>145</ns3:hr>
            <ns3:cad>80</ns3:cad>
          </ns3:TrackPointExtension>
        </extensions>
      </trkpt>
      <trkpt lat="23.05002107284963130950927734375" lon="113.317018635571002960205078125">
        <ele>6.80000019073486328125</ele>
        <time>2026-09-09T23:20:19.000Z</time>
        <extensions>
          <ns3:TrackPointExtension>
            <ns3:hr>145</ns3:hr>
            <ns3:cad>80</ns3:cad>
          </ns3:TrackPointExtension>
        </extensions>
      </trkpt>
      <trkpt lat="23.05003817193210124969482421875" lon="113.31703774631023406982421875">
        <ele>6.80000019073486328125</ele>
        <time>2026-09-09T23:20:20.000Z</time>
        <extensions>
          <ns3:TrackPointExtension>
            <ns3:hr>145</ns3:hr>
            <ns3:cad>80</ns3:cad>
          </ns3:TrackPointExtension>
        </extensions>
      </trkpt>
      <trkpt lat="23.050049655139446258544921875" lon="113.31706649623811244964599609375">
        <ele>6.80000019073486328125</ele>
        <time>2026-09-09T23:20:21.000Z</time>
        <extensions>
          <ns3:TrackPointExtension>
            <ns3:hr>145</ns3:hr>
            <ns3:cad>80</ns3:cad>
          </ns3:TrackPointExtension>
        </extensions>
      </trkpt>
      <trkpt lat="23.05005879141390323638916015625" lon="113.31707504577934741973876953125">
        <ele>6.80000019073486328125</ele>
        <time>2026-09-09T23:20:22.000Z</time>
        <extensions>
          <ns3:TrackPointExtension>
            <ns3:hr>145</ns3:hr>
            <ns3:cad>81</ns3:cad>
          </ns3:TrackPointExtension>
        </extensions>
      </trkpt>
      <trkpt lat="23.05006516166031360626220703125" lon="113.31709943711757659912109375">
        <ele>6.80000019073486328125</ele>
        <time>2026-09-09T23:20:23.000Z</time>
        <extensions>
          <ns3:TrackPointExtension>
            <ns3:hr>145</ns3:hr>
            <ns3:cad>81</ns3:cad>
          </ns3:TrackPointExtension>
        </extensions>
      </trkpt>
      <trkpt lat="23.05006499402225017547607421875" lon="113.31713137216866016387939453125">
        <ele>6.80000019073486328125</ele>
        <time>2026-09-09T23:20:24.000Z</time>
        <extensions>
          <ns3:TrackPointExtension>
            <ns3:hr>144</ns3:hr>
            <ns3:cad>81</ns3:cad>
          </ns3:TrackPointExtension>
        </extensions>
      </trkpt>
      <trkpt lat="23.05006298236548900604248046875" lon="113.31714679487049579620361328125">
        <ele>6.80000019073486328125</ele>
        <time>2026-09-09T23:20:25.000Z</time>
        <extensions>
          <ns3:TrackPointExtension>
            <ns3:hr>144</ns3:hr>
            <ns3:cad>80</ns3:cad>
          </ns3:TrackPointExtension>
        </extensions>
      </trkpt>
      <trkpt lat="23.050061725080013275146484375" lon="113.31717110238969326019287109375">
        <ele>6.80000019073486328125</ele>
        <time>2026-09-09T23:20:26.000Z</time>
        <extensions>
          <ns3:TrackPointExtension>
            <ns3:hr>144</ns3:hr>
            <ns3:cad>80</ns3:cad>
          </ns3:TrackPointExtension>
        </extensions>
      </trkpt>
      <trkpt lat="23.05005292408168315887451171875" lon="113.3172006905078887939453125">
        <ele>6.80000019073486328125</ele>
        <time>2026-09-09T23:20:27.000Z</time>
        <extensions>
          <ns3:TrackPointExtension>
            <ns3:hr>144</ns3:hr>
            <ns3:cad>80</ns3:cad>
          </ns3:TrackPointExtension>
        </extensions>
      </trkpt>
      <trkpt lat="23.05005745030939579010009765625" lon="113.31721208989620208740234375">
        <ele>6.80000019073486328125</ele>
        <time>2026-09-09T23:20:28.000Z</time>
        <extensions>
          <ns3:TrackPointExtension>
            <ns3:hr>144</ns3:hr>
            <ns3:cad>80</ns3:cad>
          </ns3:TrackPointExtension>
        </extensions>
      </trkpt>
      <trkpt lat="23.05005845613777637481689453125" lon="113.31724033690989017486572265625">
        <ele>6.80000019073486328125</ele>
        <time>2026-09-09T23:20:29.000Z</time>
        <extensions>
          <ns3:TrackPointExtension>
            <ns3:hr>143</ns3:hr>
            <ns3:cad>80</ns3:cad>
          </ns3:TrackPointExtension>
        </extensions>
      </trkpt>
      <trkpt lat="23.05005426518619060516357421875" lon="113.3172659017145633697509765625">
        <ele>6.80000019073486328125</ele>
        <time>2026-09-09T23:20:30.000Z</time>
        <extensions>
          <ns3:TrackPointExtension>
            <ns3:hr>144</ns3:hr>
            <ns3:cad>80</ns3:cad>
          </ns3:TrackPointExtension>
        </extensions>
      </trkpt>
      <trkpt lat="23.05006197653710842132568359375" lon="113.31727922894060611724853515625">
        <ele>6.80000019073486328125</ele>
        <time>2026-09-09T23:20:31.000Z</time>
        <extensions>
          <ns3:TrackPointExtension>
            <ns3:hr>144</ns3:hr>
            <ns3:cad>80</ns3:cad>
          </ns3:TrackPointExtension>
        </extensions>
      </trkpt>
      <trkpt lat="23.05006281472742557525634765625" lon="113.31730730831623077392578125">
        <ele>7</ele>
        <time>2026-09-09T23:20:32.000Z</time>
        <extensions>
          <ns3:TrackPointExtension>
            <ns3:hr>144</ns3:hr>
            <ns3:cad>80</ns3:cad>
          </ns3:TrackPointExtension>
        </extensions>
      </trkpt>
      <trkpt lat="23.0500595457851886749267578125" lon="113.31733505241572856903076171875">
        <ele>7</ele>
        <time>2026-09-09T23:20:33.000Z</time>
        <extensions>
          <ns3:TrackPointExtension>
            <ns3:hr>144</ns3:hr>
            <ns3:cad>80</ns3:cad>
          </ns3:TrackPointExtension>
        </extensions>
      </trkpt>
      <trkpt lat="23.050061725080013275146484375" lon="113.3173577673733234405517578125">
        <ele>7</ele>
        <time>2026-09-09T23:20:34.000Z</time>
        <extensions>
          <ns3:TrackPointExtension>
            <ns3:hr>144</ns3:hr>
            <ns3:cad>80</ns3:cad>
          </ns3:TrackPointExtension>
        </extensions>
      </trkpt>
      <trkpt lat="23.05006147362291812896728515625" lon="113.31738785840570926666259765625">
        <ele>7</ele>
        <time>2026-09-09T23:20:35.000Z</time>
        <extensions>
          <ns3:TrackPointExtension>
            <ns3:hr>143</ns3:hr>
            <ns3:cad>80</ns3:cad>
          </ns3:TrackPointExtension>
        </extensions>
      </trkpt>
      <trkpt lat="23.0500555224716663360595703125" lon="113.31741635687649250030517578125">
        <ele>7</ele>
        <time>2026-09-09T23:20:36.000Z</time>
        <extensions>
          <ns3:TrackPointExtension>
            <ns3:hr>143</ns3:hr>
            <ns3:cad>80</ns3:cad>
          </ns3:TrackPointExtension>
        </extensions>
      </trkpt>
      <trkpt lat="23.05005870759487152099609375" lon="113.3174313604831695556640625">
        <ele>7</ele>
        <time>2026-09-09T23:20:37.000Z</time>
        <extensions>
          <ns3:TrackPointExtension>
            <ns3:hr>143</ns3:hr>
            <ns3:cad>80</ns3:cad>
          </ns3:TrackPointExtension>
        </extensions>
      </trkpt>
      <trkpt lat="23.05005225352942943572998046875" lon="113.3174637146294116973876953125">
        <ele>7</ele>
        <time>2026-09-09T23:20:38.000Z</time>
        <extensions>
          <ns3:TrackPointExtension>
            <ns3:hr>143</ns3:hr>
            <ns3:cad>80</ns3:cad>
          </ns3:TrackPointExtension>
        </extensions>
      </trkpt>
      <trkpt lat="23.05005024187266826629638671875" lon="113.31748433411121368408203125">
        <ele>7</ele>
        <time>2026-09-09T23:20:39.000Z</time>
        <extensions>
          <ns3:TrackPointExtension>
            <ns3:hr>143</ns3:hr>
            <ns3:cad>81</ns3:cad>
          </ns3:TrackPointExtension>
        </extensions>
      </trkpt>
      <trkpt lat="23.050051666796207427978515625" lon="113.3175062946975231170654296875">
        <ele>7</ele>
        <time>2026-09-09T23:20:40.000Z</time>
        <extensions>
          <ns3:TrackPointExtension>
            <ns3:hr>142</ns3:hr>
            <ns3:cad>81</ns3:cad>
          </ns3:TrackPointExtension>
        </extensions>
      </trkpt>
      <trkpt lat="23.05004722438752651214599609375" lon="113.31753621809184551239013671875">
        <ele>7</ele>
        <time>2026-09-09T23:20:41.000Z</time>
        <extensions>
          <ns3:TrackPointExtension>
            <ns3:hr>143</ns3:hr>
            <ns3:cad>81</ns3:cad>
          </ns3:TrackPointExtension>
        </extensions>
      </trkpt>
      <trkpt lat="23.05004973895847797393798828125" lon="113.3175574243068695068359375">
        <ele>7</ele>
        <time>2026-09-09T23:20:42.000Z</time>
        <extensions>
          <ns3:TrackPointExtension>
            <ns3:hr>143</ns3:hr>
            <ns3:cad>81</ns3:cad>
          </ns3:TrackPointExtension>
        </extensions>
      </trkpt>
      <trkpt lat="23.05004797875881195068359375" lon="113.31757846288383007049560546875">
        <ele>7</ele>
        <time>2026-09-09T23:20:43.000Z</time>
        <extensions>
          <ns3:TrackPointExtension>
            <ns3:hr>143</ns3:hr>
            <ns3:cad>80</ns3:cad>
          </ns3:TrackPointExtension>
        </extensions>
      </trkpt>
      <trkpt lat="23.05004060268402099609375" lon="113.31761718727648258209228515625">
        <ele>7</ele>
        <time>2026-09-09T23:20:44.000Z</time>
        <extensions>
          <ns3:TrackPointExtension>
            <ns3:hr>142</ns3:hr>
            <ns3:cad>80</ns3:cad>
          </ns3:TrackPointExtension>
        </extensions>
      </trkpt>
      <trkpt lat="23.05004219524562358856201171875" lon="113.31763856112957000732421875">
        <ele>7</ele>
        <time>2026-09-09T23:20:45.000Z</time>
        <extensions>
          <ns3:TrackPointExtension>
            <ns3:hr>143</ns3:hr>
            <ns3:cad>81</ns3:cad>
          </ns3:TrackPointExtension>
        </extensions>
      </trkpt>
      <trkpt lat="23.05004521273076534271240234375" lon="113.31766261719167232513427734375">
        <ele>7</ele>
        <time>2026-09-09T23:20:46.000Z</time>
        <extensions>
          <ns3:TrackPointExtension>
            <ns3:hr>143</ns3:hr>
            <ns3:cad>81</ns3:cad>
          </ns3:TrackPointExtension>
        </extensions>
      </trkpt>
      <trkpt lat="23.0500333942472934722900390625" lon="113.31769027747213840484619140625">
        <ele>6.80000019073486328125</ele>
        <time>2026-09-09T23:20:47.000Z</time>
        <extensions>
          <ns3:TrackPointExtension>
            <ns3:hr>142</ns3:hr>
            <ns3:cad>81</ns3:cad>
          </ns3:TrackPointExtension>
        </extensions>
      </trkpt>
      <trkpt lat="23.05002811364829540252685546875" lon="113.3177101425826549530029296875">
        <ele>6.80000019073486328125</ele>
        <time>2026-09-09T23:20:48.000Z</time>
        <extensions>
          <ns3:TrackPointExtension>
            <ns3:hr>143</ns3:hr>
            <ns3:cad>81</ns3:cad>
          </ns3:TrackPointExtension>
        </extensions>
      </trkpt>
      <trkpt lat="23.0500320531427860260009765625" lon="113.317734114825725555419921875">
        <ele>6.80000019073486328125</ele>
        <time>2026-09-09T23:20:49.000Z</time>
        <extensions>
          <ns3:TrackPointExtension>
            <ns3:hr>143</ns3:hr>
            <ns3:cad>81</ns3:cad>
          </ns3:TrackPointExtension>
        </extensions>
      </trkpt>
      <trkpt lat="23.05002794601023197174072265625" lon="113.31776864826679229736328125">
        <ele>6.80000019073486328125</ele>
        <time>2026-09-09T23:20:50.000Z</time>
        <extensions>
          <ns3:TrackPointExtension>
            <ns3:hr>142</ns3:hr>
            <ns3:cad>81</ns3:cad>
          </ns3:TrackPointExtension>
        </extensions>
      </trkpt>
      <trkpt lat="23.0500330589711666107177734375" lon="113.317787759006023406982421875">
        <ele>7</ele>
        <time>2026-09-09T23:20:51.000Z</time>
        <extensions>
          <ns3:TrackPointExtension>
            <ns3:hr>143</ns3:hr>
            <ns3:cad>81</ns3:cad>
          </ns3:TrackPointExtension>
        </extensions>
      </trkpt>
      <trkpt lat="23.05003364570438861846923828125" lon="113.3178160898387432098388671875">
        <ele>7</ele>
        <time>2026-09-09T23:20:52.000Z</time>
        <extensions>
          <ns3:TrackPointExtension>
            <ns3:hr>143</ns3:hr>
            <ns3:cad>81</ns3:cad>
          </ns3:TrackPointExtension>
        </extensions>
      </trkpt>
      <trkpt lat="23.0500250123441219329833984375" lon="113.3178442530333995819091796875">
        <ele>6.80000019073486328125</ele>
        <time>2026-09-09T23:20:53.000Z</time>
        <extensions>
          <ns3:TrackPointExtension>
            <ns3:hr>143</ns3:hr>
            <ns3:cad>81</ns3:cad>
          </ns3:TrackPointExtension>
        </extensions>
      </trkpt>
      <trkpt lat="23.05003046058118343353271484375" lon="113.31785841844975948333740234375">
        <ele>6.80000019073486328125</ele>
        <time>2026-09-09T23:20:54.000Z</time>
        <extensions>
          <ns3:TrackPointExtension>
            <ns3:hr>142</ns3:hr>
            <ns3:cad>81</ns3:cad>
          </ns3:TrackPointExtension>
        </extensions>
      </trkpt>
      <trkpt lat="23.0500310473144054412841796875" lon="113.317884318530559539794921875">
        <ele>6.80000019073486328125</ele>
        <time>2026-09-09T23:20:55.000Z</time>
        <extensions>
          <ns3:TrackPointExtension>
            <ns3:hr>143</ns3:hr>
            <ns3:cad>81</ns3:cad>
          </ns3:TrackPointExtension>
        </extensions>
      </trkpt>
      <trkpt lat="23.050028197467327117919921875" lon="113.3179106377065181732177734375">
        <ele>6.80000019073486328125</ele>
        <time>2026-09-09T23:20:56.000Z</time>
        <extensions>
          <ns3:TrackPointExtension>
            <ns3:hr>143</ns3:hr>
            <ns3:cad>81</ns3:cad>
          </ns3:TrackPointExtension>
        </extensions>
      </trkpt>
      <trkpt lat="23.05003867484629154205322265625" lon="113.317921198904514312744140625">
        <ele>7</ele>
        <time>2026-09-09T23:20:57.000Z</time>
        <extensions>
          <ns3:TrackPointExtension>
            <ns3:hr>144</ns3:hr>
            <ns3:cad>81</ns3:cad>
          </ns3:TrackPointExtension>
        </extensions>
      </trkpt>
      <trkpt lat="23.05004261434078216552734375" lon="113.317950703203678131103515625">
        <ele>7</ele>
        <time>2026-09-09T23:20:58.000Z</time>
        <extensions>
          <ns3:TrackPointExtension>
            <ns3:hr>144</ns3:hr>
            <ns3:cad>81</ns3:cad>
          </ns3:TrackPointExtension>
        </extensions>
      </trkpt>
      <trkpt lat="23.050037920475006103515625" lon="113.317977525293827056884765625">
        <ele>7</ele>
        <time>2026-09-09T23:20:59.000Z</time>
        <extensions>
          <ns3:TrackPointExtension>
            <ns3:hr>144</ns3:hr>
            <ns3:cad>81</ns3:cad>
          </ns3:TrackPointExtension>
        </extensions>
      </trkpt>
      <trkpt lat="23.05004722438752651214599609375" lon="113.31798900850117206573486328125">
        <ele>7.19999980926513671875</ele>
        <time>2026-09-09T23:21:00.000Z</time>
        <extensions>
          <ns3:TrackPointExtension>
            <ns3:hr>144</ns3:hr>
            <ns3:cad>81</ns3:cad>
          </ns3:TrackPointExtension>
        </extensions>
      </trkpt>
      <trkpt lat="23.05005124770104885101318359375" lon="113.3180253021419048309326171875">
        <ele>7.19999980926513671875</ele>
        <time>2026-09-09T23:21:01.000Z</time>
        <extensions>
          <ns3:TrackPointExtension>
            <ns3:hr>144</ns3:hr>
            <ns3:cad>80</ns3:cad>
          </ns3:TrackPointExtension>
        </extensions>
      </trkpt>
      <trkpt lat="23.0500464700162410736083984375" lon="113.31805220805108547210693359375">
        <ele>7.19999980926513671875</ele>
        <time>2026-09-09T23:21:02.000Z</time>
        <extensions>
          <ns3:TrackPointExtension>
            <ns3:hr>144</ns3:hr>
            <ns3:cad>80</ns3:cad>
          </ns3:TrackPointExtension>
        </extensions>
      </trkpt>
      <trkpt lat="23.050056360661983489990234375" lon="113.31806930713355541229248046875">
        <ele>7.19999980926513671875</ele>
        <time>2026-09-09T23:21:03.000Z</time>
        <extensions>
          <ns3:TrackPointExtension>
            <ns3:hr>144</ns3:hr>
            <ns3:cad>80</ns3:cad>
          </ns3:TrackPointExtension>
        </extensions>
      </trkpt>
      <trkpt lat="23.05005493573844432830810546875" lon="113.31809881143271923065185546875">
        <ele>7.19999980926513671875</ele>
        <time>2026-09-09T23:21:04.000Z</time>
        <extensions>
          <ns3:TrackPointExtension>
            <ns3:hr>144</ns3:hr>
            <ns3:cad>80</ns3:cad>
          </ns3:TrackPointExtension>
        </extensions>
      </trkpt>
      <trkpt lat="23.05005133152008056640625" lon="113.31812060438096523284912109375">
        <ele>7.19999980926513671875</ele>
        <time>2026-09-09T23:21:05.000Z</time>
        <extensions>
          <ns3:TrackPointExtension>
            <ns3:hr>144</ns3:hr>
            <ns3:cad>81</ns3:cad>
          </ns3:TrackPointExtension>
        </extensions>
      </trkpt>
      <trkpt lat="23.0500508286058902740478515625" lon="113.31814642064273357391357421875">
        <ele>7.19999980926513671875</ele>
        <time>2026-09-09T23:21:06.000Z</time>
        <extensions>
          <ns3:TrackPointExtension>
            <ns3:hr>144</ns3:hr>
            <ns3:cad>81</ns3:cad>
          </ns3:TrackPointExtension>
        </extensions>
      </trkpt>
      <trkpt lat="23.050032220780849456787109375" lon="113.31817726604640483856201171875">
        <ele>7.19999980926513671875</ele>
        <time>2026-09-09T23:21:07.000Z</time>
        <extensions>
          <ns3:TrackPointExtension>
            <ns3:hr>144</ns3:hr>
            <ns3:cad>81</ns3:cad>
          </ns3:TrackPointExtension>
        </extensions>
      </trkpt>
      <trkpt lat="23.05002987384796142578125" lon="113.31819738261401653289794921875">
        <ele>7.19999980926513671875</ele>
        <time>2026-09-09T23:21:08.000Z</time>
        <extensions>
          <ns3:TrackPointExtension>
            <ns3:hr>144</ns3:hr>
            <ns3:cad>81</ns3:cad>
          </ns3:TrackPointExtension>
        </extensions>
      </trkpt>
      <trkpt lat="23.050033561885356903076171875" lon="113.31821632571518421173095703125">
        <ele>7</ele>
        <time>2026-09-09T23:21:09.000Z</time>
        <extensions>
          <ns3:TrackPointExtension>
            <ns3:hr>144</ns3:hr>
            <ns3:cad>80</ns3:cad>
          </ns3:TrackPointExtension>
        </extensions>
      </trkpt>
      <trkpt lat="23.05002375505864620208740234375" lon="113.3182465843856334686279296875">
        <ele>7</ele>
        <time>2026-09-09T23:21:10.000Z</time>
        <extensions>
          <ns3:TrackPointExtension>
            <ns3:hr>145</ns3:hr>
            <ns3:cad>81</ns3:cad>
          </ns3:TrackPointExtension>
        </extensions>
      </trkpt>
      <trkpt lat="23.0500216595828533172607421875" lon="113.31826862879097461700439453125">
        <ele>6.80000019073486328125</ele>
        <time>2026-09-09T23:21:11.000Z</time>
        <extensions>
          <ns3:TrackPointExtension>
            <ns3:hr>144</ns3:hr>
            <ns3:cad>81</ns3:cad>
          </ns3:TrackPointExtension>
        </extensions>
      </trkpt>
      <trkpt lat="23.050025515258312225341796875" lon="113.3182908408343791961669921875">
        <ele>6.80000019073486328125</ele>
        <time>2026-09-09T23:21:12.000Z</time>
        <extensions>
          <ns3:TrackPointExtension>
            <ns3:hr>144</ns3:hr>
            <ns3:cad>80</ns3:cad>
          </ns3:TrackPointExtension>
        </extensions>
      </trkpt>
      <trkpt lat="23.0500231683254241943359375" lon="113.31832093186676502227783203125">
        <ele>6.80000019073486328125</ele>
        <time>2026-09-09T23:21:13.000Z</time>
        <extensions>
          <ns3:TrackPointExtension>
            <ns3:hr>144</ns3:hr>
            <ns3:cad>80</ns3:cad>
          </ns3:TrackPointExtension>
        </extensions>
      </trkpt>
      <trkpt lat="23.05001889355480670928955078125" lon="113.31833300180733203887939453125">
        <ele>6.80000019073486328125</ele>
        <time>2026-09-09T23:21:14.000Z</time>
        <extensions>
          <ns3:TrackPointExtension>
            <ns3:hr>144</ns3:hr>
            <ns3:cad>80</ns3:cad>
          </ns3:TrackPointExtension>
        </extensions>
      </trkpt>
      <trkpt lat="23.050016798079013824462890625" lon="113.3183548785746097564697265625">
        <ele>6.80000019073486328125</ele>
        <time>2026-09-09T23:21:15.000Z</time>
        <extensions>
          <ns3:TrackPointExtension>
            <ns3:hr>144</ns3:hr>
            <ns3:cad>80</ns3:cad>
          </ns3:TrackPointExtension>
        </extensions>
      </trkpt>
      <trkpt lat="23.05001252330839633941650390625" lon="113.318385221064090728759765625">
        <ele>6.80000019073486328125</ele>
        <time>2026-09-09T23:21:16.000Z</time>
        <extensions>
          <ns3:TrackPointExtension>
            <ns3:hr>143</ns3:hr>
            <ns3:cad>80</ns3:cad>
          </ns3:TrackPointExtension>
        </extensions>
      </trkpt>
      <trkpt lat="23.050008751451969146728515625" lon="113.31840307451784610748291015625">
        <ele>6.80000019073486328125</ele>
        <time>2026-09-09T23:21:17.000Z</time>
        <extensions>
          <ns3:TrackPointExtension>
            <ns3:hr>143</ns3:hr>
            <ns3:cad>80</ns3:cad>
          </ns3:TrackPointExtension>
        </extensions>
      </trkpt>
      <trkpt lat="23.05000699125230312347412109375" lon="113.31842654384672641754150390625">
        <ele>6.80000019073486328125</ele>
        <time>2026-09-09T23:21:18.000Z</time>
        <extensions>
          <ns3:TrackPointExtension>
            <ns3:hr>143</ns3:hr>
            <ns3:cad>80</ns3:cad>
          </ns3:TrackPointExtension>
        </extensions>
      </trkpt>
      <trkpt lat="23.0499965138733386993408203125" lon="113.31846158020198345184326171875">
        <ele>6.80000019073486328125</ele>
        <time>2026-09-09T23:21:19.000Z</time>
        <extensions>
          <ns3:TrackPointExtension>
            <ns3:hr>143</ns3:hr>
            <ns3:cad>80</ns3:cad>
          </ns3:TrackPointExtension>
        </extensions>
      </trkpt>
      <trkpt lat="23.04998419247567653656005859375" lon="113.318477086722850799560546875">
        <ele>7</ele>
        <time>2026-09-09T23:21:20.000Z</time>
        <extensions>
          <ns3:TrackPointExtension>
            <ns3:hr>144</ns3:hr>
            <ns3:cad>80</ns3:cad>
          </ns3:TrackPointExtension>
        </extensions>
      </trkpt>
      <trkpt lat="23.0499831028282642364501953125" lon="113.3185050822794437408447265625">
        <ele>7</ele>
        <time>2026-09-09T23:21:21.000Z</time>
        <extensions>
          <ns3:TrackPointExtension>
            <ns3:hr>143</ns3:hr>
            <ns3:cad>80</ns3:cad>
          </ns3:TrackPointExtension>
        </extensions>
      </trkpt>
      <trkpt lat="23.049972541630268096923828125" lon="113.3185335807502269744873046875">
        <ele>7</ele>
        <time>2026-09-09T23:21:22.000Z</time>
        <extensions>
          <ns3:TrackPointExtension>
            <ns3:hr>143</ns3:hr>
            <ns3:cad>80</ns3:cad>
          </ns3:TrackPointExtension>
        </extensions>
      </trkpt>
      <trkpt lat="23.049968183040618896484375" lon="113.318544141948223114013671875">
        <ele>7</ele>
        <time>2026-09-09T23:21:23.000Z</time>
        <extensions>
          <ns3:TrackPointExtension>
            <ns3:hr>143</ns3:hr>
            <ns3:cad>81</ns3:cad>
          </ns3:TrackPointExtension>
        </extensions>
      </trkpt>
      <trkpt lat="23.049962483346462249755859375" lon="113.31857255659997463226318359375">
        <ele>7</ele>
        <time>2026-09-09T23:21:24.000Z</time>
        <extensions>
          <ns3:TrackPointExtension>
            <ns3:hr>144</ns3:hr>
            <ns3:cad>81</ns3:cad>
          </ns3:TrackPointExtension>
        </extensions>
      </trkpt>
      <trkpt lat="23.0499507486820220947265625" lon="113.31859753467142581939697265625">
        <ele>7</ele>
        <time>2026-09-09T23:21:25.000Z</time>
        <extensions>
          <ns3:TrackPointExtension>
            <ns3:hr>143</ns3:hr>
            <ns3:cad>80</ns3:cad>
          </ns3:TrackPointExtension>
        </extensions>
      </trkpt>
      <trkpt lat="23.04994781501591205596923828125" lon="113.31861195154488086700439453125">
        <ele>7.19999980926513671875</ele>
        <time>2026-09-09T23:21:26.000Z</time>
        <extensions>
          <ns3:TrackPointExtension>
            <ns3:hr>143</ns3:hr>
            <ns3:cad>80</ns3:cad>
          </ns3:TrackPointExtension>
        </extensions>
      </trkpt>
      <trkpt lat="23.0499425344169139862060546875" lon="113.31863424740731716156005859375">
        <ele>7.19999980926513671875</ele>
        <time>2026-09-09T23:21:27.000Z</time>
        <extensions>
          <ns3:TrackPointExtension>
            <ns3:hr>143</ns3:hr>
            <ns3:cad>80</ns3:cad>
          </ns3:TrackPointExtension>
        </extensions>
      </trkpt>
      <trkpt lat="23.04993054829537868499755859375" lon="113.3186603151261806488037109375">
        <ele>7.19999980926513671875</ele>
        <time>2026-09-09T23:21:28.000Z</time>
        <extensions>
          <ns3:TrackPointExtension>
            <ns3:hr>143</ns3:hr>
            <ns3:cad>80</ns3:cad>
          </ns3:TrackPointExtension>
        </extensions>
      </trkpt>
      <trkpt lat="23.0499354936182498931884765625" lon="113.31867498345673084259033203125">
        <ele>7.19999980926513671875</ele>
        <time>2026-09-09T23:21:29.000Z</time>
        <extensions>
          <ns3:TrackPointExtension>
            <ns3:hr>143</ns3:hr>
            <ns3:cad>80</ns3:cad>
          </ns3:TrackPointExtension>
        </extensions>
      </trkpt>
      <trkpt lat="23.04992937482893466949462890625" lon="113.31870582886040210723876953125">
        <ele>7.19999980926513671875</ele>
        <time>2026-09-09T23:21:30.000Z</time>
        <extensions>
          <ns3:TrackPointExtension>
            <ns3:hr>143</ns3:hr>
            <ns3:cad>81</ns3:cad>
          </ns3:TrackPointExtension>
        </extensions>
      </trkpt>
      <trkpt lat="23.0499207414686679840087890625" lon="113.31873164512217044830322265625">
        <ele>7.19999980926513671875</ele>
        <time>2026-09-09T23:21:31.000Z</time>
        <extensions>
          <ns3:TrackPointExtension>
            <ns3:hr>143</ns3:hr>
            <ns3:cad>81</ns3:cad>
          </ns3:TrackPointExtension>
        </extensions>
      </trkpt>
      <trkpt lat="23.0499311350286006927490234375" lon="113.31874069757759571075439453125">
        <ele>7.19999980926513671875</ele>
        <time>2026-09-09T23:21:32.000Z</time>
        <extensions>
          <ns3:TrackPointExtension>
            <ns3:hr>143</ns3:hr>
            <ns3:cad>81</ns3:cad>
          </ns3:TrackPointExtension>
        </extensions>
      </trkpt>
      <trkpt lat="23.04993038065731525421142578125" lon="113.31877321936190128326416015625">
        <ele>7</ele>
        <time>2026-09-09T23:21:33.000Z</time>
        <extensions>
          <ns3:TrackPointExtension>
            <ns3:hr>142</ns3:hr>
            <ns3:cad>80</ns3:cad>
          </ns3:TrackPointExtension>
        </extensions>
      </trkpt>
      <trkpt lat="23.0499266088008880615234375" lon="113.31879786215722560882568359375">
        <ele>7</ele>
        <time>2026-09-09T23:21:34.000Z</time>
        <extensions>
          <ns3:TrackPointExtension>
            <ns3:hr>143</ns3:hr>
            <ns3:cad>80</ns3:cad>
          </ns3:TrackPointExtension>
        </extensions>
      </trkpt>
      <trkpt lat="23.0499279499053955078125" lon="113.31881797872483730316162109375">
        <ele>7.19999980926513671875</ele>
        <time>2026-09-09T23:21:35.000Z</time>
        <extensions>
          <ns3:TrackPointExtension>
            <ns3:hr>143</ns3:hr>
            <ns3:cad>81</ns3:cad>
          </ns3:TrackPointExtension>
        </extensions>
      </trkpt>
      <trkpt lat="23.04992283694446086883544921875" lon="113.31885251216590404510498046875">
        <ele>7.19999980926513671875</ele>
        <time>2026-09-09T23:21:36.000Z</time>
        <extensions>
          <ns3:TrackPointExtension>
            <ns3:hr>142</ns3:hr>
            <ns3:cad>81</ns3:cad>
          </ns3:TrackPointExtension>
        </extensions>
      </trkpt>
      <trkpt lat="23.0499261058866977691650390625" lon="113.3188715390861034393310546875">
        <ele>7.19999980926513671875</ele>
        <time>2026-09-09T23:21:37.000Z</time>
        <extensions>
          <ns3:TrackPointExtension>
            <ns3:hr>142</ns3:hr>
            <ns3:cad>81</ns3:cad>
          </ns3:TrackPointExtension>
        </extensions>
      </trkpt>
      <trkpt lat="23.04992987774312496185302734375" lon="113.31889291293919086456298828125">
        <ele>7.19999980926513671875</ele>
        <time>2026-09-09T23:21:38.000Z</time>
        <extensions>
          <ns3:TrackPointExtension>
            <ns3:hr>141</ns3:hr>
            <ns3:cad>81</ns3:cad>
          </ns3:TrackPointExtension>
        </extensions>
      </trkpt>
      <trkpt lat="23.04991914890706539154052734375" lon="113.31892199814319610595703125">
        <ele>7.19999980926513671875</ele>
        <time>2026-09-09T23:21:39.000Z</time>
        <extensions>
          <ns3:TrackPointExtension>
            <ns3:hr>141</ns3:hr>
            <ns3:cad>81</ns3:cad>
          </ns3:TrackPointExtension>
        </extensions>
      </trkpt>
      <trkpt lat="23.04991462267935276031494140625" lon="113.31894035451114177703857421875">
        <ele>7</ele>
        <time>2026-09-09T23:21:40.000Z</time>
        <extensions>
          <ns3:TrackPointExtension>
            <ns3:hr>141</ns3:hr>
            <ns3:cad>81</ns3:cad>
          </ns3:TrackPointExtension>
        </extensions>
      </trkpt>
      <trkpt lat="23.04991462267935276031494140625" lon="113.31896583549678325653076171875">
        <ele>7</ele>
        <time>2026-09-09T23:21:41.000Z</time>
        <extensions>
          <ns3:TrackPointExtension>
            <ns3:hr>141</ns3:hr>
            <ns3:cad>81</ns3:cad>
          </ns3:TrackPointExtension>
        </extensions>
      </trkpt>
      <trkpt lat="23.0499090068042278289794921875" lon="113.319001458585262298583984375">
        <ele>7</ele>
        <time>2026-09-09T23:21:42.000Z</time>
        <extensions>
          <ns3:TrackPointExtension>
            <ns3:hr>141</ns3:hr>
            <ns3:cad>81</ns3:cad>
          </ns3:TrackPointExtension>
        </extensions>
      </trkpt>
      <trkpt lat="23.049913533031940460205078125" lon="113.31901989877223968505859375">
        <ele>7</ele>
        <time>2026-09-09T23:21:43.000Z</time>
        <extensions>
          <ns3:TrackPointExtension>
            <ns3:hr>141</ns3:hr>
            <ns3:cad>81</ns3:cad>
          </ns3:TrackPointExtension>
        </extensions>
      </trkpt>
      <trkpt lat="23.04991445504128932952880859375" lon="113.31904982216656208038330078125">
        <ele>7</ele>
        <time>2026-09-09T23:21:44.000Z</time>
        <extensions>
          <ns3:TrackPointExtension>
            <ns3:hr>141</ns3:hr>
            <ns3:cad>81</ns3:cad>
          </ns3:TrackPointExtension>
        </extensions>
      </trkpt>
      <trkpt lat="23.04990774951875209808349609375" lon="113.3190794102847576141357421875">
        <ele>7</ele>
        <time>2026-09-09T23:21:45.000Z</time>
        <extensions>
          <ns3:TrackPointExtension>
            <ns3:hr>141</ns3:hr>
            <ns3:cad>81</ns3:cad>
          </ns3:TrackPointExtension>
        </extensions>
      </trkpt>
      <trkpt lat="23.04990255273878574371337890625" lon="113.3190961740911006927490234375">
        <ele>7</ele>
        <time>2026-09-09T23:21:46.000Z</time>
        <extensions>
          <ns3:TrackPointExtension>
            <ns3:hr>140</ns3:hr>
            <ns3:cad>81</ns3:cad>
          </ns3:TrackPointExtension>
        </extensions>
      </trkpt>
      <trkpt lat="23.04990255273878574371337890625" lon="113.31912509165704250335693359375">
        <ele>7.19999980926513671875</ele>
        <time>2026-09-09T23:21:47.000Z</time>
        <extensions>
          <ns3:TrackPointExtension>
            <ns3:hr>141</ns3:hr>
            <ns3:cad>81</ns3:cad>
          </ns3:TrackPointExtension>
        </extensions>
      </trkpt>
      <trkpt lat="23.04989551194012165069580078125" lon="113.31915208138525485992431640625">
        <ele>7</ele>
        <time>2026-09-09T23:21:48.000Z</time>
        <extensions>
          <ns3:TrackPointExtension>
            <ns3:hr>141</ns3:hr>
            <ns3:cad>81</ns3:cad>
          </ns3:TrackPointExtension>
        </extensions>
      </trkpt>
      <trkpt lat="23.049895428121089935302734375" lon="113.31916876137256622314453125">
        <ele>7</ele>
        <time>2026-09-09T23:21:49.000Z</time>
        <extensions>
          <ns3:TrackPointExtension>
            <ns3:hr>141</ns3:hr>
            <ns3:cad>81</ns3:cad>
          </ns3:TrackPointExtension>
        </extensions>
      </trkpt>
      <trkpt lat="23.04988880641758441925048828125" lon="113.3191984333097934722900390625">
        <ele>7.19999980926513671875</ele>
        <time>2026-09-09T23:21:50.000Z</time>
        <extensions>
          <ns3:TrackPointExtension>
            <ns3:hr>141</ns3:hr>
            <ns3:cad>81</ns3:cad>
          </ns3:TrackPointExtension>
        </extensions>
      </trkpt>
      <trkpt lat="23.04988034069538116455078125" lon="113.31922299228608608245849609375">
        <ele>7.19999980926513671875</ele>
        <time>2026-09-09T23:21:51.000Z</time>
        <extensions>
          <ns3:TrackPointExtension>
            <ns3:hr>141</ns3:hr>
            <ns3:cad>80</ns3:cad>
          </ns3:TrackPointExtension>
        </extensions>
      </trkpt>
      <trkpt lat="23.0498848669230937957763671875" lon="113.319240845739841461181640625">
        <ele>7.19999980926513671875</ele>
        <time>2026-09-09T23:21:52.000Z</time>
        <extensions>
          <ns3:TrackPointExtension>
            <ns3:hr>141</ns3:hr>
            <ns3:cad>80</ns3:cad>
          </ns3:TrackPointExtension>
        </extensions>
      </trkpt>
      <trkpt lat="23.049875982105731964111328125" lon="113.31926993094384670257568359375">
        <ele>7.19999980926513671875</ele>
        <time>2026-09-09T23:21:53.000Z</time>
        <extensions>
          <ns3:TrackPointExtension>
            <ns3:hr>141</ns3:hr>
            <ns3:cad>81</ns3:cad>
          </ns3:TrackPointExtension>
        </extensions>
      </trkpt>
      <trkpt lat="23.04986902512609958648681640625" lon="113.31929088570177555084228515625">
        <ele>7.19999980926513671875</ele>
        <time>2026-09-09T23:21:54.000Z</time>
        <extensions>
          <ns3:TrackPointExtension>
            <ns3:hr>141</ns3:hr>
            <ns3:cad>81</ns3:cad>
          </ns3:TrackPointExtension>
        </extensions>
      </trkpt>
      <trkpt lat="23.04987455718219280242919921875" lon="113.3193141035735607147216796875">
        <ele>7.19999980926513671875</ele>
        <time>2026-09-09T23:21:55.000Z</time>
        <extensions>
          <ns3:TrackPointExtension>
            <ns3:hr>142</ns3:hr>
            <ns3:cad>81</ns3:cad>
          </ns3:TrackPointExtension>
        </extensions>
      </trkpt>
      <trkpt lat="23.0498647503554821014404296875" lon="113.3193426020443439483642578125">
        <ele>7.19999980926513671875</ele>
        <time>2026-09-09T23:21:56.000Z</time>
        <extensions>
          <ns3:TrackPointExtension>
            <ns3:hr>142</ns3:hr>
            <ns3:cad>80</ns3:cad>
          </ns3:TrackPointExtension>
        </extensions>
      </trkpt>
      <trkpt lat="23.049858547747135162353515625" lon="113.31936514936387538909912109375">
        <ele>7.19999980926513671875</ele>
        <time>2026-09-09T23:21:57.000Z</time>
        <extensions>
          <ns3:TrackPointExtension>
            <ns3:hr>142</ns3:hr>
            <ns3:cad>80</ns3:cad>
          </ns3:TrackPointExtension>
        </extensions>
      </trkpt>
      <trkpt lat="23.0498595535755157470703125" lon="113.31938325427472591400146484375">
        <ele>7.19999980926513671875</ele>
        <time>2026-09-09T23:21:58.000Z</time>
        <extensions>
          <ns3:TrackPointExtension>
            <ns3:hr>143</ns3:hr>
            <ns3:cad>80</ns3:cad>
          </ns3:TrackPointExtension>
        </extensions>
      </trkpt>
      <trkpt lat="23.049851171672344207763671875" lon="113.31941158510744571685791015625">
        <ele>7.19999980926513671875</ele>
        <time>2026-09-09T23:21:59.000Z</time>
        <extensions>
          <ns3:TrackPointExtension>
            <ns3:hr>143</ns3:hr>
            <ns3:cad>81</ns3:cad>
          </ns3:TrackPointExtension>
        </extensions>
      </trkpt>
      <trkpt lat="23.04984538815915584564208984375" lon="113.31943027675151824951171875">
        <ele>7.19999980926513671875</ele>
        <time>2026-09-09T23:22:00.000Z</time>
        <extensions>
          <ns3:TrackPointExtension>
            <ns3:hr>143</ns3:hr>
            <ns3:cad>81</ns3:cad>
          </ns3:TrackPointExtension>
        </extensions>
      </trkpt>
      <trkpt lat="23.04984522052109241485595703125" lon="113.31945517100393772125244140625">
        <ele>7</ele>
        <time>2026-09-09T23:22:01.000Z</time>
        <extensions>
          <ns3:TrackPointExtension>
            <ns3:hr>143</ns3:hr>
            <ns3:cad>81</ns3:cad>
          </ns3:TrackPointExtension>
        </extensions>
      </trkpt>
      <trkpt lat="23.049839772284030914306640625" lon="113.319492973387241363525390625">
        <ele>7</ele>
        <time>2026-09-09T23:22:02.000Z</time>
        <extensions>
          <ns3:TrackPointExtension>
            <ns3:hr>144</ns3:hr>
            <ns3:cad>81</ns3:cad>
          </ns3:TrackPointExtension>
        </extensions>
      </trkpt>
      <trkpt lat="23.04983750917017459869384765625" lon="113.319512419402599334716796875">
        <ele>7</ele>
        <time>2026-09-09T23:22:03.000Z</time>
        <extensions>
          <ns3:TrackPointExtension>
            <ns3:hr>144</ns3:hr>
            <ns3:cad>81</ns3:cad>
          </ns3:TrackPointExtension>
        </extensions>
      </trkpt>
      <trkpt lat="23.0498385988175868988037109375" lon="113.31953831948339939117431640625">
        <ele>7</ele>
        <time>2026-09-09T23:22:04.000Z</time>
        <extensions>
          <ns3:TrackPointExtension>
            <ns3:hr>144</ns3:hr>
            <ns3:cad>81</ns3:cad>
          </ns3:TrackPointExtension>
        </extensions>
      </trkpt>
      <trkpt lat="23.04983097128570079803466796875" lon="113.31956698559224605560302734375">
        <ele>7</ele>
        <time>2026-09-09T23:22:05.000Z</time>
        <extensions>
          <ns3:TrackPointExtension>
            <ns3:hr>144</ns3:hr>
            <ns3:cad>80</ns3:cad>
          </ns3:TrackPointExtension>
        </extensions>
      </trkpt>
      <trkpt lat="23.04983046837151050567626953125" lon="113.3195796422660350799560546875">
        <ele>7</ele>
        <time>2026-09-09T23:22:06.000Z</time>
        <extensions>
          <ns3:TrackPointExtension>
            <ns3:hr>144</ns3:hr>
            <ns3:cad>80</ns3:cad>
          </ns3:TrackPointExtension>
        </extensions>
      </trkpt>
      <trkpt lat="23.049831055104732513427734375" lon="113.31960738636553287506103515625">
        <ele>7</ele>
        <time>2026-09-09T23:22:07.000Z</time>
        <extensions>
          <ns3:TrackPointExtension>
            <ns3:hr>144</ns3:hr>
            <ns3:cad>80</ns3:cad>
          </ns3:TrackPointExtension>
        </extensions>
      </trkpt>
      <trkpt lat="23.0498288758099079132080078125" lon="113.3196359686553478240966796875">
        <ele>7</ele>
        <time>2026-09-09T23:22:08.000Z</time>
        <extensions>
          <ns3:TrackPointExtension>
            <ns3:hr>145</ns3:hr>
            <ns3:cad>80</ns3:cad>
          </ns3:TrackPointExtension>
        </extensions>
      </trkpt>
      <trkpt lat="23.0498342402279376983642578125" lon="113.3196544088423252105712890625">
        <ele>7</ele>
        <time>2026-09-09T23:22:09.000Z</time>
        <extensions>
          <ns3:TrackPointExtension>
            <ns3:hr>145</ns3:hr>
            <ns3:cad>81</ns3:cad>
          </ns3:TrackPointExtension>
        </extensions>
      </trkpt>
      <trkpt lat="23.0498295463621616363525390625" lon="113.3196795545518398284912109375">
        <ele>7.19999980926513671875</ele>
        <time>2026-09-09T23:22:10.000Z</time>
        <extensions>
          <ns3:TrackPointExtension>
            <ns3:hr>145</ns3:hr>
            <ns3:cad>81</ns3:cad>
          </ns3:TrackPointExtension>
        </extensions>
      </trkpt>
      <trkpt lat="23.04982678033411502838134765625" lon="113.31970377825200557708740234375">
        <ele>7.19999980926513671875</ele>
        <time>2026-09-09T23:22:11.000Z</time>
        <extensions>
          <ns3:TrackPointExtension>
            <ns3:hr>145</ns3:hr>
            <ns3:cad>80</ns3:cad>
          </ns3:TrackPointExtension>
        </extensions>
      </trkpt>
      <trkpt lat="23.04983281530439853668212890625" lon="113.31972490064799785614013671875">
        <ele>7.19999980926513671875</ele>
        <time>2026-09-09T23:22:12.000Z</time>
        <extensions>
          <ns3:TrackPointExtension>
            <ns3:hr>145</ns3:hr>
            <ns3:cad>80</ns3:cad>
          </ns3:TrackPointExtension>
        </extensions>
      </trkpt>
      <trkpt lat="23.0498251877725124359130859375" lon="113.319754488766193389892578125">
        <ele>7.19999980926513671875</ele>
        <time>2026-09-09T23:22:13.000Z</time>
        <extensions>
          <ns3:TrackPointExtension>
            <ns3:hr>145</ns3:hr>
            <ns3:cad>80</ns3:cad>
          </ns3:TrackPointExtension>
        </extensions>
      </trkpt>
      <trkpt lat="23.0498214997351169586181640625" lon="113.31977686844766139984130859375">
        <ele>7.19999980926513671875</ele>
        <time>2026-09-09T23:22:14.000Z</time>
        <extensions>
          <ns3:TrackPointExtension>
            <ns3:hr>146</ns3:hr>
            <ns3:cad>80</ns3:cad>
          </ns3:TrackPointExtension>
        </extensions>
      </trkpt>
      <trkpt lat="23.04983214475214481353759765625" lon="113.3197942189872264862060546875">
        <ele>7.19999980926513671875</ele>
        <time>2026-09-09T23:22:15.000Z</time>
        <extensions>
          <ns3:TrackPointExtension>
            <ns3:hr>146</ns3:hr>
            <ns3:cad>81</ns3:cad>
          </ns3:TrackPointExtension>
        </extensions>
      </trkpt>
      <trkpt lat="23.04983382113277912139892578125" lon="113.3198253996670246124267578125">
        <ele>7</ele>
        <time>2026-09-09T23:22:16.000Z</time>
        <extensions>
          <ns3:TrackPointExtension>
            <ns3:hr>146</ns3:hr>
            <ns3:cad>81</ns3:cad>
          </ns3:TrackPointExtension>
        </extensions>
      </trkpt>
      <trkpt lat="23.0498385988175868988037109375" lon="113.3198388107120990753173828125">
        <ele>7</ele>
        <time>2026-09-09T23:22:17.000Z</time>
        <extensions>
          <ns3:TrackPointExtension>
            <ns3:hr>146</ns3:hr>
            <ns3:cad>81</ns3:cad>
          </ns3:TrackPointExtension>
        </extensions>
      </trkpt>
      <trkpt lat="23.049845807254314422607421875" lon="113.319857418537139892578125">
        <ele>7</ele>
        <time>2026-09-09T23:22:18.000Z</time>
        <extensions>
          <ns3:TrackPointExtension>
            <ns3:hr>146</ns3:hr>
            <ns3:cad>81</ns3:cad>
          </ns3:TrackPointExtension>
        </extensions>
      </trkpt>
      <trkpt lat="23.04983465932309627532958984375" lon="113.3198855817317962646484375">
        <ele>7</ele>
        <time>2026-09-09T23:22:19.000Z</time>
        <extensions>
          <ns3:TrackPointExtension>
            <ns3:hr>146</ns3:hr>
            <ns3:cad>81</ns3:cad>
          </ns3:TrackPointExtension>
        </extensions>
      </trkpt>
      <trkpt lat="23.04983071982860565185546875" lon="113.31990209408104419708251953125">
        <ele>7</ele>
        <time>2026-09-09T23:22:20.000Z</time>
        <extensions>
          <ns3:TrackPointExtension>
            <ns3:hr>147</ns3:hr>
            <ns3:cad>81</ns3:cad>
          </ns3:TrackPointExtension>
        </extensions>
      </trkpt>
      <trkpt lat="23.04982803761959075927734375" lon="113.319927155971527099609375">
        <ele>7</ele>
        <time>2026-09-09T23:22:21.000Z</time>
        <extensions>
          <ns3:TrackPointExtension>
            <ns3:hr>146</ns3:hr>
            <ns3:cad>81</ns3:cad>
          </ns3:TrackPointExtension>
        </extensions>
      </trkpt>
      <trkpt lat="23.04981739260256290435791015625" lon="113.31995288841426372528076171875">
        <ele>7</ele>
        <time>2026-09-09T23:22:22.000Z</time>
        <extensions>
          <ns3:TrackPointExtension>
            <ns3:hr>146</ns3:hr>
            <ns3:cad>80</ns3:cad>
          </ns3:TrackPointExtension>
        </extensions>
      </trkpt>
      <trkpt lat="23.04981194436550140380859375" lon="113.31996814347803592681884765625">
        <ele>7</ele>
        <time>2026-09-09T23:22:23.000Z</time>
        <extensions>
          <ns3:TrackPointExtension>
            <ns3:hr>147</ns3:hr>
            <ns3:cad>80</ns3:cad>
          </ns3:TrackPointExtension>
        </extensions>
      </trkpt>
      <trkpt lat="23.04980264045298099517822265625" lon="113.3199920319020748138427734375">
        <ele>7</ele>
        <time>2026-09-09T23:22:24.000Z</time>
        <extensions>
          <ns3:TrackPointExtension>
            <ns3:hr>147</ns3:hr>
            <ns3:cad>80</ns3:cad>
          </ns3:TrackPointExtension>
        </extensions>
      </trkpt>
      <trkpt lat="23.04979794658720493316650390625" lon="113.320012651383876800537109375">
        <ele>7</ele>
        <time>2026-09-09T23:22:25.000Z</time>
        <extensions>
          <ns3:TrackPointExtension>
            <ns3:hr>146</ns3:hr>
            <ns3:cad>80</ns3:cad>
          </ns3:TrackPointExtension>
        </extensions>
      </trkpt>
      <trkpt lat="23.04979912005364894866943359375" lon="113.320032097399234771728515625">
        <ele>7</ele>
        <time>2026-09-09T23:22:26.000Z</time>
        <extensions>
          <ns3:TrackPointExtension>
            <ns3:hr>147</ns3:hr>
            <ns3:cad>81</ns3:cad>
          </ns3:TrackPointExtension>
        </extensions>
      </trkpt>
      <trkpt lat="23.04979928769171237945556640625" lon="113.32006193697452545166015625">
        <ele>7</ele>
        <time>2026-09-09T23:22:27.000Z</time>
        <extensions>
          <ns3:TrackPointExtension>
            <ns3:hr>147</ns3:hr>
            <ns3:cad>81</ns3:cad>
          </ns3:TrackPointExtension>
        </extensions>
      </trkpt>
      <trkpt lat="23.049794174730777740478515625" lon="113.320085071027278900146484375">
        <ele>7.19999980926513671875</ele>
        <time>2026-09-09T23:22:28.000Z</time>
        <extensions>
          <ns3:TrackPointExtension>
            <ns3:hr>147</ns3:hr>
            <ns3:cad>81</ns3:cad>
          </ns3:TrackPointExtension>
        </extensions>
      </trkpt>
      <trkpt lat="23.049794845283031463623046875" lon="113.32010778598487377166748046875">
        <ele>7.19999980926513671875</ele>
        <time>2026-09-09T23:22:29.000Z</time>
        <extensions>
          <ns3:TrackPointExtension>
            <ns3:hr>146</ns3:hr>
            <ns3:cad>81</ns3:cad>
          </ns3:TrackPointExtension>
        </extensions>
      </trkpt>
      <trkpt lat="23.04978319443762302398681640625" lon="113.3201382122933864593505859375">
        <ele>7.19999980926513671875</ele>
        <time>2026-09-09T23:22:30.000Z</time>
        <extensions>
          <ns3:TrackPointExtension>
            <ns3:hr>146</ns3:hr>
            <ns3:cad>81</ns3:cad>
          </ns3:TrackPointExtension>
        </extensions>
      </trkpt>
      <trkpt lat="23.04977749474346637725830078125" lon="113.32015723921358585357666015625">
        <ele>7.19999980926513671875</ele>
        <time>2026-09-09T23:22:31.000Z</time>
        <extensions>
          <ns3:TrackPointExtension>
            <ns3:hr>146</ns3:hr>
            <ns3:cad>81</ns3:cad>
          </ns3:TrackPointExtension>
        </extensions>
      </trkpt>
      <trkpt lat="23.04978109896183013916015625" lon="113.32017601467669010162353515625">
        <ele>7.19999980926513671875</ele>
        <time>2026-09-09T23:22:32.000Z</time>
        <extensions>
          <ns3:TrackPointExtension>
            <ns3:hr>146</ns3:hr>
            <ns3:cad>81</ns3:cad>
          </ns3:TrackPointExtension>
        </extensions>
      </trkpt>
      <trkpt lat="23.0497775785624980926513671875" lon="113.32020811736583709716796875">
        <ele>7.19999980926513671875</ele>
        <time>2026-09-09T23:22:33.000Z</time>
        <extensions>
          <ns3:TrackPointExtension>
            <ns3:hr>145</ns3:hr>
            <ns3:cad>81</ns3:cad>
          </ns3:TrackPointExtension>
        </extensions>
      </trkpt>
      <trkpt lat="23.04977548308670520782470703125" lon="113.32022689282894134521484375">
        <ele>7.19999980926513671875</ele>
        <time>2026-09-09T23:22:34.000Z</time>
        <extensions>
          <ns3:TrackPointExtension>
            <ns3:hr>144</ns3:hr>
            <ns3:cad>80</ns3:cad>
          </ns3:TrackPointExtension>
        </extensions>
      </trkpt>
      <trkpt lat="23.04977682419121265411376953125" lon="113.3202448301017284393310546875">
        <ele>7.19999980926513671875</ele>
        <time>2026-09-09T23:22:35.000Z</time>
        <extensions>
          <ns3:TrackPointExtension>
            <ns3:hr>144</ns3:hr>
            <ns3:cad>80</ns3:cad>
          </ns3:TrackPointExtension>
        </extensions>
      </trkpt>
      <trkpt lat="23.04976860992610454559326171875" lon="113.32027374766767024993896484375">
        <ele>7.400000095367431640625</ele>
        <time>2026-09-09T23:22:36.000Z</time>
        <extensions>
          <ns3:TrackPointExtension>
            <ns3:hr>144</ns3:hr>
            <ns3:cad>80</ns3:cad>
          </ns3:TrackPointExtension>
        </extensions>
      </trkpt>
      <trkpt lat="23.0497668497264385223388671875" lon="113.32029721699655055999755859375">
        <ele>7.400000095367431640625</ele>
        <time>2026-09-09T23:22:37.000Z</time>
        <extensions>
          <ns3:TrackPointExtension>
            <ns3:hr>143</ns3:hr>
            <ns3:cad>81</ns3:cad>
          </ns3:TrackPointExtension>
        </extensions>
      </trkpt>
      <trkpt lat="23.04976307787001132965087890625" lon="113.32031900994479656219482421875">
        <ele>7.400000095367431640625</ele>
        <time>2026-09-09T23:22:38.000Z</time>
        <extensions>
          <ns3:TrackPointExtension>
            <ns3:hr>143</ns3:hr>
            <ns3:cad>81</ns3:cad>
          </ns3:TrackPointExtension>
        </extensions>
      </trkpt>
      <trkpt lat="23.0497541092336177825927734375" lon="113.3203467540442943572998046875">
        <ele>7.400000095367431640625</ele>
        <time>2026-09-09T23:22:39.000Z</time>
        <extensions>
          <ns3:TrackPointExtension>
            <ns3:hr>143</ns3:hr>
            <ns3:cad>81</ns3:cad>
          </ns3:TrackPointExtension>
        </extensions>
      </trkpt>
      <trkpt lat="23.04975830018520355224609375" lon="113.32036226056516170501708984375">
        <ele>7.400000095367431640625</ele>
        <time>2026-09-09T23:22:40.000Z</time>
        <extensions>
          <ns3:TrackPointExtension>
            <ns3:hr>143</ns3:hr>
            <ns3:cad>81</ns3:cad>
          </ns3:TrackPointExtension>
        </extensions>
      </trkpt>
      <trkpt lat="23.04975603707134723663330078125" lon="113.32038707099854946136474609375">
        <ele>7.400000095367431640625</ele>
        <time>2026-09-09T23:22:41.000Z</time>
        <extensions>
          <ns3:TrackPointExtension>
            <ns3:hr>143</ns3:hr>
            <ns3:cad>81</ns3:cad>
          </ns3:TrackPointExtension>
        </extensions>
      </trkpt>
      <trkpt lat="23.0497450567781925201416015625" lon="113.32041087560355663299560546875">
        <ele>7.599999904632568359375</ele>
        <time>2026-09-09T23:22:42.000Z</time>
        <extensions>
          <ns3:TrackPointExtension>
            <ns3:hr>143</ns3:hr>
            <ns3:cad>81</ns3:cad>
          </ns3:TrackPointExtension>
        </extensions>
      </trkpt>
      <trkpt lat="23.04974715225398540496826171875" lon="113.32042646594345569610595703125">
        <ele>7.400000095367431640625</ele>
        <time>2026-09-09T23:22:43.000Z</time>
        <extensions>
          <ns3:TrackPointExtension>
            <ns3:hr>143</ns3:hr>
            <ns3:cad>81</ns3:cad>
          </ns3:TrackPointExtension>
        </extensions>
      </trkpt>
      <trkpt lat="23.049744553864002227783203125" lon="113.3204567246139049530029296875">
        <ele>7.400000095367431640625</ele>
        <time>2026-09-09T23:22:44.000Z</time>
        <extensions>
          <ns3:TrackPointExtension>
            <ns3:hr>143</ns3:hr>
            <ns3:cad>80</ns3:cad>
          </ns3:TrackPointExtension>
        </extensions>
      </trkpt>
      <trkpt lat="23.04972871206700801849365234375" lon="113.3204703032970428466796875">
        <ele>7.400000095367431640625</ele>
        <time>2026-09-09T23:22:45.000Z</time>
        <extensions>
          <ns3:TrackPointExtension>
            <ns3:hr>143</ns3:hr>
            <ns3:cad>80</ns3:cad>
          </ns3:TrackPointExtension>
        </extensions>
      </trkpt>
      <trkpt lat="23.0497292988002300262451171875" lon="113.32048036158084869384765625">
        <ele>7.400000095367431640625</ele>
        <time>2026-09-09T23:22:46.000Z</time>
        <extensions>
          <ns3:TrackPointExtension>
            <ns3:hr>143</ns3:hr>
            <ns3:cad>80</ns3:cad>
          </ns3:TrackPointExtension>
        </extensions>
      </trkpt>
      <trkpt lat="23.0497200787067413330078125" lon="113.320502825081348419189453125">
        <ele>7.400000095367431640625</ele>
        <time>2026-09-09T23:22:47.000Z</time>
        <extensions>
          <ns3:TrackPointExtension>
            <ns3:hr>142</ns3:hr>
            <ns3:cad>81</ns3:cad>
          </ns3:TrackPointExtension>
        </extensions>
      </trkpt>
      <trkpt lat="23.04970993660390377044677734375" lon="113.32052269019186496734619140625">
        <ele>7.599999904632568359375</ele>
        <time>2026-09-09T23:22:48.000Z</time>
        <extensions>
          <ns3:TrackPointExtension>
            <ns3:hr>142</ns3:hr>
            <ns3:cad>81</ns3:cad>
          </ns3:TrackPointExtension>
        </extensions>
      </trkpt>
      <trkpt lat="23.0497105233371257781982421875" lon="113.32054163329303264617919921875">
        <ele>7.599999904632568359375</ele>
        <time>2026-09-09T23:22:49.000Z</time>
        <extensions>
          <ns3:TrackPointExtension>
            <ns3:hr>142</ns3:hr>
            <ns3:cad>81</ns3:cad>
          </ns3:TrackPointExtension>
        </extensions>
      </trkpt>
      <trkpt lat="23.04969937540590763092041015625" lon="113.32056493498384952545166015625">
        <ele>7.80000019073486328125</ele>
        <time>2026-09-09T23:22:50.000Z</time>
        <extensions>
          <ns3:TrackPointExtension>
            <ns3:hr>143</ns3:hr>
            <ns3:cad>81</ns3:cad>
          </ns3:TrackPointExtension>
        </extensions>
      </trkpt>
      <trkpt lat="23.04969082586467266082763671875" lon="113.32058639265596866607666015625">
        <ele>7.80000019073486328125</ele>
        <time>2026-09-09T23:22:51.000Z</time>
        <extensions>
          <ns3:TrackPointExtension>
            <ns3:hr>142</ns3:hr>
            <ns3:cad>81</ns3:cad>
          </ns3:TrackPointExtension>
        </extensions>
      </trkpt>
      <trkpt lat="23.04969795048236846923828125" lon="113.32061036489903926849365234375">
        <ele>7.80000019073486328125</ele>
        <time>2026-09-09T23:22:52.000Z</time>
        <extensions>
          <ns3:TrackPointExtension>
            <ns3:hr>142</ns3:hr>
            <ns3:cad>81</ns3:cad>
          </ns3:TrackPointExtension>
        </extensions>
      </trkpt>
      <trkpt lat="23.04971077479422092437744140625" lon="113.32063836045563220977783203125">
        <ele>7.599999904632568359375</ele>
        <time>2026-09-09T23:22:53.000Z</time>
        <extensions>
          <ns3:TrackPointExtension>
            <ns3:hr>143</ns3:hr>
            <ns3:cad>81</ns3:cad>
          </ns3:TrackPointExtension>
        </extensions>
      </trkpt>
      <trkpt lat="23.0497282929718494415283203125" lon="113.32065478898584842681884765625">
        <ele>7.80000019073486328125</ele>
        <time>2026-09-09T23:22:54.000Z</time>
        <extensions>
          <ns3:TrackPointExtension>
            <ns3:hr>143</ns3:hr>
            <ns3:cad>80</ns3:cad>
          </ns3:TrackPointExtension>
        </extensions>
      </trkpt>
      <trkpt lat="23.04974162019789218902587890625" lon="113.32066384144127368927001953125">
        <ele>7.599999904632568359375</ele>
        <time>2026-09-09T23:22:55.000Z</time>
        <extensions>
          <ns3:TrackPointExtension>
            <ns3:hr>143</ns3:hr>
            <ns3:cad>80</ns3:cad>
          </ns3:TrackPointExtension>
        </extensions>
      </trkpt>
      <trkpt lat="23.0497549474239349365234375" lon="113.3206419646739959716796875">
        <ele>7.599999904632568359375</ele>
        <time>2026-09-09T23:22:56.000Z</time>
        <extensions>
          <ns3:TrackPointExtension>
            <ns3:hr>142</ns3:hr>
            <ns3:cad>80</ns3:cad>
          </ns3:TrackPointExtension>
        </extensions>
      </trkpt>
      <trkpt lat="23.0497628264129161834716796875" lon="113.32062461413443088531494140625">
        <ele>7.599999904632568359375</ele>
        <time>2026-09-09T23:22:57.000Z</time>
        <extensions>
          <ns3:TrackPointExtension>
            <ns3:hr>142</ns3:hr>
            <ns3:cad>80</ns3:cad>
          </ns3:TrackPointExtension>
        </extensions>
      </trkpt>
      <trkpt lat="23.04976274259388446807861328125" lon="113.320603407919406890869140625">
        <ele>7.599999904632568359375</ele>
        <time>2026-09-09T23:22:58.000Z</time>
        <extensions>
          <ns3:TrackPointExtension>
            <ns3:hr>142</ns3:hr>
            <ns3:cad>80</ns3:cad>
          </ns3:TrackPointExtension>
        </extensions>
      </trkpt>
      <trkpt lat="23.04977447725832462310791015625" lon="113.32057650201022624969482421875">
        <ele>7.599999904632568359375</ele>
        <time>2026-09-09T23:22:59.000Z</time>
        <extensions>
          <ns3:TrackPointExtension>
            <ns3:hr>142</ns3:hr>
            <ns3:cad>80</ns3:cad>
          </ns3:TrackPointExtension>
        </extensions>
      </trkpt>
      <trkpt lat="23.04978084750473499298095703125" lon="113.320552445948123931884765625">
        <ele>7.599999904632568359375</ele>
        <time>2026-09-09T23:23:00.000Z</time>
        <extensions>
          <ns3:TrackPointExtension>
            <ns3:hr>142</ns3:hr>
            <ns3:cad>81</ns3:cad>
          </ns3:TrackPointExtension>
        </extensions>
      </trkpt>
      <trkpt lat="23.04978269152343273162841796875" lon="113.32052939571440219879150390625">
        <ele>7.599999904632568359375</ele>
        <time>2026-09-09T23:23:01.000Z</time>
        <extensions>
          <ns3:TrackPointExtension>
            <ns3:hr>142</ns3:hr>
            <ns3:cad>81</ns3:cad>
          </ns3:TrackPointExtension>
        </extensions>
      </trkpt>
      <trkpt lat="23.04978646337985992431640625" lon="113.32050324417650699615478515625">
        <ele>7.599999904632568359375</ele>
        <time>2026-09-09T23:23:02.000Z</time>
        <extensions>
          <ns3:TrackPointExtension>
            <ns3:hr>142</ns3:hr>
            <ns3:cad>81</ns3:cad>
          </ns3:TrackPointExtension>
        </extensions>
      </trkpt>
      <trkpt lat="23.04977883584797382354736328125" lon="113.32048782147467136383056640625">
        <ele>7.599999904632568359375</ele>
        <time>2026-09-09T23:23:03.000Z</time>
        <extensions>
          <ns3:TrackPointExtension>
            <ns3:hr>142</ns3:hr>
            <ns3:cad>80</ns3:cad>
          </ns3:TrackPointExtension>
        </extensions>
      </trkpt>
      <trkpt lat="23.04978637956082820892333984375" lon="113.32046426832675933837890625">
        <ele>7.599999904632568359375</ele>
        <time>2026-09-09T23:23:04.000Z</time>
        <extensions>
          <ns3:TrackPointExtension>
            <ns3:hr>142</ns3:hr>
            <ns3:cad>80</ns3:cad>
          </ns3:TrackPointExtension>
        </extensions>
      </trkpt>
      <trkpt lat="23.0497990362346172332763671875" lon="113.32043970935046672821044921875">
        <ele>7.599999904632568359375</ele>
        <time>2026-09-09T23:23:05.000Z</time>
        <extensions>
          <ns3:TrackPointExtension>
            <ns3:hr>142</ns3:hr>
            <ns3:cad>80</ns3:cad>
          </ns3:TrackPointExtension>
        </extensions>
      </trkpt>
      <trkpt lat="23.04979962296783924102783203125" lon="113.32041858695447444915771484375">
        <ele>7.599999904632568359375</ele>
        <time>2026-09-09T23:23:06.000Z</time>
        <extensions>
          <ns3:TrackPointExtension>
            <ns3:hr>142</ns3:hr>
            <ns3:cad>80</ns3:cad>
          </ns3:TrackPointExtension>
        </extensions>
      </trkpt>
      <trkpt lat="23.0498047359287738800048828125" lon="113.32038975320756435394287109375">
        <ele>7.599999904632568359375</ele>
        <time>2026-09-09T23:23:07.000Z</time>
        <extensions>
          <ns3:TrackPointExtension>
            <ns3:hr>142</ns3:hr>
            <ns3:cad>81</ns3:cad>
          </ns3:TrackPointExtension>
        </extensions>
      </trkpt>
      <trkpt lat="23.049808926880359649658203125" lon="113.32036745734512805938720703125">
        <ele>7.599999904632568359375</ele>
        <time>2026-09-09T23:23:08.000Z</time>
        <extensions>
          <ns3:TrackPointExtension>
            <ns3:hr>142</ns3:hr>
            <ns3:cad>81</ns3:cad>
          </ns3:TrackPointExtension>
        </extensions>
      </trkpt>
      <trkpt lat="23.04980666376650333404541015625" lon="113.32033879123628139495849609375">
        <ele>7.80000019073486328125</ele>
        <time>2026-09-09T23:23:09.000Z</time>
        <extensions>
          <ns3:TrackPointExtension>
            <ns3:hr>142</ns3:hr>
            <ns3:cad>80</ns3:cad>
          </ns3:TrackPointExtension>
        </extensions>
      </trkpt>
      <trkpt lat="23.04981102235615253448486328125" lon="113.32031113095581531524658203125">
        <ele>7.80000019073486328125</ele>
        <time>2026-09-09T23:23:10.000Z</time>
        <extensions>
          <ns3:TrackPointExtension>
            <ns3:hr>142</ns3:hr>
            <ns3:cad>80</ns3:cad>
          </ns3:TrackPointExtension>
        </extensions>
      </trkpt>
      <trkpt lat="23.0498104356229305267333984375" lon="113.32029587589204311370849609375">
        <ele>7.599999904632568359375</ele>
        <time>2026-09-09T23:23:11.000Z</time>
        <extensions>
          <ns3:TrackPointExtension>
            <ns3:hr>142</ns3:hr>
            <ns3:cad>80</ns3:cad>
          </ns3:TrackPointExtension>
        </extensions>
      </trkpt>
      <trkpt lat="23.04981018416583538055419921875" lon="113.32026779651641845703125">
        <ele>7.599999904632568359375</ele>
        <time>2026-09-09T23:23:12.000Z</time>
        <extensions>
          <ns3:TrackPointExtension>
            <ns3:hr>142</ns3:hr>
            <ns3:cad>81</ns3:cad>
          </ns3:TrackPointExtension>
        </extensions>
      </trkpt>
      <trkpt lat="23.04981471039354801177978515625" lon="113.32024323754012584686279296875">
        <ele>7.599999904632568359375</ele>
        <time>2026-09-09T23:23:13.000Z</time>
        <extensions>
          <ns3:TrackPointExtension>
            <ns3:hr>142</ns3:hr>
            <ns3:cad>81</ns3:cad>
          </ns3:TrackPointExtension>
        </extensions>
      </trkpt>
      <trkpt lat="23.04981856606900691986083984375" lon="113.3202273957431316375732421875">
        <ele>7.599999904632568359375</ele>
        <time>2026-09-09T23:23:14.000Z</time>
        <extensions>
          <ns3:TrackPointExtension>
            <ns3:hr>142</ns3:hr>
            <ns3:cad>81</ns3:cad>
          </ns3:TrackPointExtension>
        </extensions>
      </trkpt>
      <trkpt lat="23.0498204939067363739013671875" lon="113.32019881345331668853759765625">
        <ele>7.400000095367431640625</ele>
        <time>2026-09-09T23:23:15.000Z</time>
        <extensions>
          <ns3:TrackPointExtension>
            <ns3:hr>142</ns3:hr>
            <ns3:cad>81</ns3:cad>
          </ns3:TrackPointExtension>
        </extensions>
      </trkpt>
      <trkpt lat="23.04982158355414867401123046875" lon="113.32017517648637294769287109375">
        <ele>7.400000095367431640625</ele>
        <time>2026-09-09T23:23:16.000Z</time>
        <extensions>
          <ns3:TrackPointExtension>
            <ns3:hr>141</ns3:hr>
            <ns3:cad>81</ns3:cad>
          </ns3:TrackPointExtension>
        </extensions>
      </trkpt>
      <trkpt lat="23.04982493631541728973388671875" lon="113.320152796804904937744140625">
        <ele>7.400000095367431640625</ele>
        <time>2026-09-09T23:23:17.000Z</time>
        <extensions>
          <ns3:TrackPointExtension>
            <ns3:hr>142</ns3:hr>
            <ns3:cad>81</ns3:cad>
          </ns3:TrackPointExtension>
        </extensions>
      </trkpt>
      <trkpt lat="23.049825690686702728271484375" lon="113.32012773491442203521728515625">
        <ele>7.599999904632568359375</ele>
        <time>2026-09-09T23:23:18.000Z</time>
        <extensions>
          <ns3:TrackPointExtension>
            <ns3:hr>142</ns3:hr>
            <ns3:cad>81</ns3:cad>
          </ns3:TrackPointExtension>
        </extensions>
      </trkpt>
      <trkpt lat="23.0498225055634975433349609375" lon="113.3201120607554912567138671875">
        <ele>7.599999904632568359375</ele>
        <time>2026-09-09T23:23:19.000Z</time>
        <extensions>
          <ns3:TrackPointExtension>
            <ns3:hr>142</ns3:hr>
            <ns3:cad>81</ns3:cad>
          </ns3:TrackPointExtension>
        </extensions>
      </trkpt>
      <trkpt lat="23.04981940425932407379150390625" lon="113.32008934579789638519287109375">
        <ele>7.599999904632568359375</ele>
        <time>2026-09-09T23:23:20.000Z</time>
        <extensions>
          <ns3:TrackPointExtension>
            <ns3:hr>143</ns3:hr>
            <ns3:cad>81</ns3:cad>
          </ns3:TrackPointExtension>
        </extensions>
      </trkpt>
      <trkpt lat="23.049823008477687835693359375" lon="113.3200624398887157440185546875">
        <ele>7.599999904632568359375</ele>
        <time>2026-09-09T23:23:21.000Z</time>
        <extensions>
          <ns3:TrackPointExtension>
            <ns3:hr>143</ns3:hr>
            <ns3:cad>81</ns3:cad>
          </ns3:TrackPointExtension>
        </extensions>
      </trkpt>
      <trkpt lat="23.0498275347054004669189453125" lon="113.3200446702539920806884765625">
        <ele>7.599999904632568359375</ele>
        <time>2026-09-09T23:23:22.000Z</time>
        <extensions>
          <ns3:TrackPointExtension>
            <ns3:hr>143</ns3:hr>
            <ns3:cad>81</ns3:cad>
          </ns3:TrackPointExtension>
        </extensions>
      </trkpt>
      <trkpt lat="23.04982745088636875152587890625" lon="113.32001860253512859344482421875">
        <ele>7.599999904632568359375</ele>
        <time>2026-09-09T23:23:23.000Z</time>
        <extensions>
          <ns3:TrackPointExtension>
            <ns3:hr>142</ns3:hr>
            <ns3:cad>81</ns3:cad>
          </ns3:TrackPointExtension>
        </extensions>
      </trkpt>
      <trkpt lat="23.0498327314853668212890625" lon="113.31998842768371105194091796875">
        <ele>7.599999904632568359375</ele>
        <time>2026-09-09T23:23:24.000Z</time>
        <extensions>
          <ns3:TrackPointExtension>
            <ns3:hr>142</ns3:hr>
            <ns3:cad>81</ns3:cad>
          </ns3:TrackPointExtension>
        </extensions>
      </trkpt>
      <trkpt lat="23.049834407866001129150390625" lon="113.3199685625731945037841796875">
        <ele>7.599999904632568359375</ele>
        <time>2026-09-09T23:23:25.000Z</time>
        <extensions>
          <ns3:TrackPointExtension>
            <ns3:hr>142</ns3:hr>
            <ns3:cad>81</ns3:cad>
          </ns3:TrackPointExtension>
        </extensions>
      </trkpt>
      <trkpt lat="23.04983382113277912139892578125" lon="113.31994048319756984710693359375">
        <ele>7.599999904632568359375</ele>
        <time>2026-09-09T23:23:26.000Z</time>
        <extensions>
          <ns3:TrackPointExtension>
            <ns3:hr>142</ns3:hr>
            <ns3:cad>80</ns3:cad>
          </ns3:TrackPointExtension>
        </extensions>
      </trkpt>
      <trkpt lat="23.0498412810266017913818359375" lon="113.31991148181259632110595703125">
        <ele>7.400000095367431640625</ele>
        <time>2026-09-09T23:23:27.000Z</time>
        <extensions>
          <ns3:TrackPointExtension>
            <ns3:hr>141</ns3:hr>
            <ns3:cad>80</ns3:cad>
          </ns3:TrackPointExtension>
        </extensions>
      </trkpt>
      <trkpt lat="23.0498453043401241302490234375" lon="113.31989706493914127349853515625">
        <ele>7.400000095367431640625</ele>
        <time>2026-09-09T23:23:28.000Z</time>
        <extensions>
          <ns3:TrackPointExtension>
            <ns3:hr>141</ns3:hr>
            <ns3:cad>80</ns3:cad>
          </ns3:TrackPointExtension>
        </extensions>
      </trkpt>
      <trkpt lat="23.04984739981591701507568359375" lon="113.3198730088770389556884765625">
        <ele>7.19999980926513671875</ele>
        <time>2026-09-09T23:23:29.000Z</time>
        <extensions>
          <ns3:TrackPointExtension>
            <ns3:hr>141</ns3:hr>
            <ns3:cad>80</ns3:cad>
          </ns3:TrackPointExtension>
        </extensions>
      </trkpt>
      <trkpt lat="23.0498526804149150848388671875" lon="113.31984870135784149169921875">
        <ele>7.19999980926513671875</ele>
        <time>2026-09-09T23:23:30.000Z</time>
        <extensions>
          <ns3:TrackPointExtension>
            <ns3:hr>140</ns3:hr>
            <ns3:cad>81</ns3:cad>
          </ns3:TrackPointExtension>
        </extensions>
      </trkpt>
      <trkpt lat="23.049849830567836761474609375" lon="113.3198297582566738128662109375">
        <ele>7.400000095367431640625</ele>
        <time>2026-09-09T23:23:31.000Z</time>
        <extensions>
          <ns3:TrackPointExtension>
            <ns3:hr>140</ns3:hr>
            <ns3:cad>81</ns3:cad>
          </ns3:TrackPointExtension>
        </extensions>
      </trkpt>
      <trkpt lat="23.04984941147267818450927734375" lon="113.31980151124298572540283203125">
        <ele>7.400000095367431640625</ele>
        <time>2026-09-09T23:23:32.000Z</time>
        <extensions>
          <ns3:TrackPointExtension>
            <ns3:hr>140</ns3:hr>
            <ns3:cad>81</ns3:cad>
          </ns3:TrackPointExtension>
        </extensions>
      </trkpt>
      <trkpt lat="23.0498567037284374237060546875" lon="113.31977921538054943084716796875">
        <ele>7.400000095367431640625</ele>
        <time>2026-09-09T23:23:33.000Z</time>
        <extensions>
          <ns3:TrackPointExtension>
            <ns3:hr>140</ns3:hr>
            <ns3:cad>81</ns3:cad>
          </ns3:TrackPointExtension>
        </extensions>
      </trkpt>
      <trkpt lat="23.049852512776851654052734375" lon="113.31976245157420635223388671875">
        <ele>7.400000095367431640625</ele>
        <time>2026-09-09T23:23:34.000Z</time>
        <extensions>
          <ns3:TrackPointExtension>
            <ns3:hr>141</ns3:hr>
            <ns3:cad>81</ns3:cad>
          </ns3:TrackPointExtension>
        </extensions>
      </trkpt>
      <trkpt lat="23.0498543567955493927001953125" lon="113.31973881460726261138916015625">
        <ele>7.400000095367431640625</ele>
        <time>2026-09-09T23:23:35.000Z</time>
        <extensions>
          <ns3:TrackPointExtension>
            <ns3:hr>140</ns3:hr>
            <ns3:cad>81</ns3:cad>
          </ns3:TrackPointExtension>
        </extensions>
      </trkpt>
      <trkpt lat="23.04986097849905490875244140625" lon="113.3197191171348094940185546875">
        <ele>7.400000095367431640625</ele>
        <time>2026-09-09T23:23:36.000Z</time>
        <extensions>
          <ns3:TrackPointExtension>
            <ns3:hr>140</ns3:hr>
            <ns3:cad>81</ns3:cad>
          </ns3:TrackPointExtension>
        </extensions>
      </trkpt>
      <trkpt lat="23.0498613975942134857177734375" lon="113.319694809615612030029296875">
        <ele>7.400000095367431640625</ele>
        <time>2026-09-09T23:23:37.000Z</time>
        <extensions>
          <ns3:TrackPointExtension>
            <ns3:hr>140</ns3:hr>
            <ns3:cad>80</ns3:cad>
          </ns3:TrackPointExtension>
        </extensions>
      </trkpt>
      <trkpt lat="23.04986718110740184783935546875" lon="113.31965834833681583404541015625">
        <ele>7.599999904632568359375</ele>
        <time>2026-09-09T23:23:38.000Z</time>
        <extensions>
          <ns3:TrackPointExtension>
            <ns3:hr>140</ns3:hr>
            <ns3:cad>80</ns3:cad>
          </ns3:TrackPointExtension>
        </extensions>
      </trkpt>
      <trkpt lat="23.04987254552543163299560546875" lon="113.3196416683495044708251953125">
        <ele>7.599999904632568359375</ele>
        <time>2026-09-09T23:23:39.000Z</time>
        <extensions>
          <ns3:TrackPointExtension>
            <ns3:hr>139</ns3:hr>
            <ns3:cad>81</ns3:cad>
          </ns3:TrackPointExtension>
        </extensions>
      </trkpt>
      <trkpt lat="23.04987556301057338714599609375" lon="113.31961459480226039886474609375">
        <ele>7.400000095367431640625</ele>
        <time>2026-09-09T23:23:40.000Z</time>
        <extensions>
          <ns3:TrackPointExtension>
            <ns3:hr>140</ns3:hr>
            <ns3:cad>81</ns3:cad>
          </ns3:TrackPointExtension>
        </extensions>
      </trkpt>
      <trkpt lat="23.0498774908483028411865234375" lon="113.31957779824733734130859375">
        <ele>7.400000095367431640625</ele>
        <time>2026-09-09T23:23:41.000Z</time>
        <extensions>
          <ns3:TrackPointExtension>
            <ns3:hr>140</ns3:hr>
            <ns3:cad>81</ns3:cad>
          </ns3:TrackPointExtension>
        </extensions>
      </trkpt>
      <trkpt lat="23.04987891577184200286865234375" lon="113.3195538260042667388916015625">
        <ele>7.400000095367431640625</ele>
        <time>2026-09-09T23:23:42.000Z</time>
        <extensions>
          <ns3:TrackPointExtension>
            <ns3:hr>139</ns3:hr>
            <ns3:cad>81</ns3:cad>
          </ns3:TrackPointExtension>
        </extensions>
      </trkpt>
      <trkpt lat="23.04988210089504718780517578125" lon="113.31952692009508609771728515625">
        <ele>7.19999980926513671875</ele>
        <time>2026-09-09T23:23:43.000Z</time>
        <extensions>
          <ns3:TrackPointExtension>
            <ns3:hr>140</ns3:hr>
            <ns3:cad>82</ns3:cad>
          </ns3:TrackPointExtension>
        </extensions>
      </trkpt>
      <trkpt lat="23.04989517666399478912353515625" lon="113.3194998465478420257568359375">
        <ele>7.19999980926513671875</ele>
        <time>2026-09-09T23:23:44.000Z</time>
        <extensions>
          <ns3:TrackPointExtension>
            <ns3:hr>140</ns3:hr>
            <ns3:cad>82</ns3:cad>
          </ns3:TrackPointExtension>
        </extensions>
      </trkpt>
      <trkpt lat="23.04989249445497989654541015625" lon="113.31948526203632354736328125">
        <ele>7.400000095367431640625</ele>
        <time>2026-09-09T23:23:45.000Z</time>
        <extensions>
          <ns3:TrackPointExtension>
            <ns3:hr>139</ns3:hr>
            <ns3:cad>81</ns3:cad>
          </ns3:TrackPointExtension>
        </extensions>
      </trkpt>
      <trkpt lat="23.04989551194012165069580078125" lon="113.31945919431746006011962890625">
        <ele>7.400000095367431640625</ele>
        <time>2026-09-09T23:23:46.000Z</time>
        <extensions>
          <ns3:TrackPointExtension>
            <ns3:hr>140</ns3:hr>
            <ns3:cad>81</ns3:cad>
          </ns3:TrackPointExtension>
        </extensions>
      </trkpt>
      <trkpt lat="23.0498992837965488433837890625" lon="113.319433964788913726806640625">
        <ele>7.400000095367431640625</ele>
        <time>2026-09-09T23:23:47.000Z</time>
        <extensions>
          <ns3:TrackPointExtension>
            <ns3:hr>140</ns3:hr>
            <ns3:cad>81</ns3:cad>
          </ns3:TrackPointExtension>
        </extensions>
      </trkpt>
      <trkpt lat="23.0499002896249294281005859375" lon="113.31941460259258747100830078125">
        <ele>7.400000095367431640625</ele>
        <time>2026-09-09T23:23:48.000Z</time>
        <extensions>
          <ns3:TrackPointExtension>
            <ns3:hr>139</ns3:hr>
            <ns3:cad>81</ns3:cad>
          </ns3:TrackPointExtension>
        </extensions>
      </trkpt>
      <trkpt lat="23.0498997867107391357421875" lon="113.3193786442279815673828125">
        <ele>7.400000095367431640625</ele>
        <time>2026-09-09T23:23:49.000Z</time>
        <extensions>
          <ns3:TrackPointExtension>
            <ns3:hr>140</ns3:hr>
            <ns3:cad>81</ns3:cad>
          </ns3:TrackPointExtension>
        </extensions>
      </trkpt>
      <trkpt lat="23.04989785887300968170166015625" lon="113.31936095841228961944580078125">
        <ele>7.400000095367431640625</ele>
        <time>2026-09-09T23:23:50.000Z</time>
        <extensions>
          <ns3:TrackPointExtension>
            <ns3:hr>140</ns3:hr>
            <ns3:cad>81</ns3:cad>
          </ns3:TrackPointExtension>
        </extensions>
      </trkpt>
      <trkpt lat="23.04989316500723361968994140625" lon="113.31933598034083843231201171875">
        <ele>7.400000095367431640625</ele>
        <time>2026-09-09T23:23:51.000Z</time>
        <extensions>
          <ns3:TrackPointExtension>
            <ns3:hr>139</ns3:hr>
            <ns3:cad>81</ns3:cad>
          </ns3:TrackPointExtension>
        </extensions>
      </trkpt>
      <trkpt lat="23.04989769123494625091552734375" lon="113.31930060870945453643798828125">
        <ele>7.400000095367431640625</ele>
        <time>2026-09-09T23:23:52.000Z</time>
        <extensions>
          <ns3:TrackPointExtension>
            <ns3:hr>140</ns3:hr>
            <ns3:cad>81</ns3:cad>
          </ns3:TrackPointExtension>
        </extensions>
      </trkpt>
      <trkpt lat="23.04989903233945369720458984375" lon="113.31928409636020660400390625">
        <ele>7.400000095367431640625</ele>
        <time>2026-09-09T23:23:53.000Z</time>
        <extensions>
          <ns3:TrackPointExtension>
            <ns3:hr>141</ns3:hr>
            <ns3:cad>82</ns3:cad>
          </ns3:TrackPointExtension>
        </extensions>
      </trkpt>
      <trkpt lat="23.04989333264529705047607421875" lon="113.31925752572715282440185546875">
        <ele>7.400000095367431640625</ele>
        <time>2026-09-09T23:23:54.000Z</time>
        <extensions>
          <ns3:TrackPointExtension>
            <ns3:hr>142</ns3:hr>
            <ns3:cad>82</ns3:cad>
          </ns3:TrackPointExtension>
        </extensions>
      </trkpt>
      <trkpt lat="23.0499009601771831512451171875" lon="113.319225423038005828857421875">
        <ele>7.400000095367431640625</ele>
        <time>2026-09-09T23:23:55.000Z</time>
        <extensions>
          <ns3:TrackPointExtension>
            <ns3:hr>143</ns3:hr>
            <ns3:cad>82</ns3:cad>
          </ns3:TrackPointExtension>
        </extensions>
      </trkpt>
      <trkpt lat="23.04989852942526340484619140625" lon="113.31920589320361614227294921875">
        <ele>7.400000095367431640625</ele>
        <time>2026-09-09T23:23:56.000Z</time>
        <extensions>
          <ns3:TrackPointExtension>
            <ns3:hr>144</ns3:hr>
            <ns3:cad>82</ns3:cad>
          </ns3:TrackPointExtension>
        </extensions>
      </trkpt>
      <trkpt lat="23.049898445606231689453125" lon="113.3191809989511966705322265625">
        <ele>7.400000095367431640625</ele>
        <time>2026-09-09T23:23:57.000Z</time>
        <extensions>
          <ns3:TrackPointExtension>
            <ns3:hr>144</ns3:hr>
            <ns3:cad>82</ns3:cad>
          </ns3:TrackPointExtension>
        </extensions>
      </trkpt>
      <trkpt lat="23.0498971045017242431640625" lon="113.3191587030887603759765625">
        <ele>7.400000095367431640625</ele>
        <time>2026-09-09T23:23:58.000Z</time>
        <extensions>
          <ns3:TrackPointExtension>
            <ns3:hr>145</ns3:hr>
            <ns3:cad>82</ns3:cad>
          </ns3:TrackPointExtension>
        </extensions>
      </trkpt>
      <trkpt lat="23.04989685304462909698486328125" lon="113.319138921797275543212890625">
        <ele>7.400000095367431640625</ele>
        <time>2026-09-09T23:23:59.000Z</time>
        <extensions>
          <ns3:TrackPointExtension>
            <ns3:hr>145</ns3:hr>
            <ns3:cad>82</ns3:cad>
          </ns3:TrackPointExtension>
        </extensions>
      </trkpt>
      <trkpt lat="23.04991110228002071380615234375" lon="113.31910975277423858642578125">
        <ele>7.400000095367431640625</ele>
        <time>2026-09-09T23:24:00.000Z</time>
        <extensions>
          <ns3:TrackPointExtension>
            <ns3:hr>145</ns3:hr>
            <ns3:cad>81</ns3:cad>
          </ns3:TrackPointExtension>
        </extensions>
      </trkpt>
      <trkpt lat="23.04991386830806732177734375" lon="113.3190911449491977691650390625">
        <ele>7.400000095367431640625</ele>
        <time>2026-09-09T23:24:01.000Z</time>
        <extensions>
          <ns3:TrackPointExtension>
            <ns3:hr>144</ns3:hr>
            <ns3:cad>81</ns3:cad>
          </ns3:TrackPointExtension>
        </extensions>
      </trkpt>
      <trkpt lat="23.04991579614579677581787109375" lon="113.319065161049365997314453125">
        <ele>7.400000095367431640625</ele>
        <time>2026-09-09T23:24:02.000Z</time>
        <extensions>
          <ns3:TrackPointExtension>
            <ns3:hr>144</ns3:hr>
            <ns3:cad>81</ns3:cad>
          </ns3:TrackPointExtension>
        </extensions>
      </trkpt>
      <trkpt lat="23.049923591315746307373046875" lon="113.31903196871280670166015625">
        <ele>7.400000095367431640625</ele>
        <time>2026-09-09T23:24:03.000Z</time>
        <extensions>
          <ns3:TrackPointExtension>
            <ns3:hr>144</ns3:hr>
            <ns3:cad>81</ns3:cad>
          </ns3:TrackPointExtension>
        </extensions>
      </trkpt>
      <trkpt lat="23.04992266930639743804931640625" lon="113.3190170489251613616943359375">
        <ele>7.400000095367431640625</ele>
        <time>2026-09-09T23:24:04.000Z</time>
        <extensions>
          <ns3:TrackPointExtension>
            <ns3:hr>145</ns3:hr>
            <ns3:cad>81</ns3:cad>
          </ns3:TrackPointExtension>
        </extensions>
      </trkpt>
      <trkpt lat="23.04992333985865116119384765625" lon="113.3189857006072998046875">
        <ele>7.400000095367431640625</ele>
        <time>2026-09-09T23:24:05.000Z</time>
        <extensions>
          <ns3:TrackPointExtension>
            <ns3:hr>145</ns3:hr>
            <ns3:cad>81</ns3:cad>
          </ns3:TrackPointExtension>
        </extensions>
      </trkpt>
      <trkpt lat="23.04993054829537868499755859375" lon="113.31895410083234310150146484375">
        <ele>7.400000095367431640625</ele>
        <time>2026-09-09T23:24:06.000Z</time>
        <extensions>
          <ns3:TrackPointExtension>
            <ns3:hr>145</ns3:hr>
            <ns3:cad>81</ns3:cad>
          </ns3:TrackPointExtension>
        </extensions>
      </trkpt>
      <trkpt lat="23.0499301292002201080322265625" lon="113.318929374217987060546875">
        <ele>7.599999904632568359375</ele>
        <time>2026-09-09T23:24:07.000Z</time>
        <extensions>
          <ns3:TrackPointExtension>
            <ns3:hr>145</ns3:hr>
            <ns3:cad>81</ns3:cad>
          </ns3:TrackPointExtension>
        </extensions>
      </trkpt>
      <trkpt lat="23.04993490688502788543701171875" lon="113.318902552127838134765625">
        <ele>7.599999904632568359375</ele>
        <time>2026-09-09T23:24:08.000Z</time>
        <extensions>
          <ns3:TrackPointExtension>
            <ns3:hr>145</ns3:hr>
            <ns3:cad>81</ns3:cad>
          </ns3:TrackPointExtension>
        </extensions>
      </trkpt>
      <trkpt lat="23.04993775673210620880126953125" lon="113.31887799315154552459716796875">
        <ele>7.599999904632568359375</ele>
        <time>2026-09-09T23:24:09.000Z</time>
        <extensions>
          <ns3:TrackPointExtension>
            <ns3:hr>145</ns3:hr>
            <ns3:cad>81</ns3:cad>
          </ns3:TrackPointExtension>
        </extensions>
      </trkpt>
      <trkpt lat="23.0499401874840259552001953125" lon="113.3188504166901111602783203125">
        <ele>7.599999904632568359375</ele>
        <time>2026-09-09T23:24:10.000Z</time>
        <extensions>
          <ns3:TrackPointExtension>
            <ns3:hr>145</ns3:hr>
            <ns3:cad>81</ns3:cad>
          </ns3:TrackPointExtension>
        </extensions>
      </trkpt>
      <trkpt lat="23.04994873702526092529296875" lon="113.3188205771148204803466796875">
        <ele>7.599999904632568359375</ele>
        <time>2026-09-09T23:24:11.000Z</time>
        <extensions>
          <ns3:TrackPointExtension>
            <ns3:hr>145</ns3:hr>
            <ns3:cad>81</ns3:cad>
          </ns3:TrackPointExtension>
        </extensions>
      </trkpt>
      <trkpt lat="23.0499586276710033416748046875" lon="113.31880071200430393218994140625">
        <ele>7.599999904632568359375</ele>
        <time>2026-09-09T23:24:12.000Z</time>
        <extensions>
          <ns3:TrackPointExtension>
            <ns3:hr>146</ns3:hr>
            <ns3:cad>81</ns3:cad>
          </ns3:TrackPointExtension>
        </extensions>
      </trkpt>
      <trkpt lat="23.04996742866933345794677734375" lon="113.31877992488443851470947265625">
        <ele>7.599999904632568359375</ele>
        <time>2026-09-09T23:24:13.000Z</time>
        <extensions>
          <ns3:TrackPointExtension>
            <ns3:hr>146</ns3:hr>
            <ns3:cad>81</ns3:cad>
          </ns3:TrackPointExtension>
        </extensions>
      </trkpt>
      <trkpt lat="23.04997631348669528961181640625" lon="113.31874622963368892669677734375">
        <ele>7.599999904632568359375</ele>
        <time>2026-09-09T23:24:14.000Z</time>
        <extensions>
          <ns3:TrackPointExtension>
            <ns3:hr>146</ns3:hr>
            <ns3:cad>81</ns3:cad>
          </ns3:TrackPointExtension>
        </extensions>
      </trkpt>
      <trkpt lat="23.0499774031341075897216796875" lon="113.318733908236026763916015625">
        <ele>7.400000095367431640625</ele>
        <time>2026-09-09T23:24:15.000Z</time>
        <extensions>
          <ns3:TrackPointExtension>
            <ns3:hr>146</ns3:hr>
            <ns3:cad>81</ns3:cad>
          </ns3:TrackPointExtension>
        </extensions>
      </trkpt>
      <trkpt lat="23.04998385719954967498779296875" lon="113.31871119327843189239501953125">
        <ele>7.400000095367431640625</ele>
        <time>2026-09-09T23:24:16.000Z</time>
        <extensions>
          <ns3:TrackPointExtension>
            <ns3:hr>146</ns3:hr>
            <ns3:cad>81</ns3:cad>
          </ns3:TrackPointExtension>
        </extensions>
      </trkpt>
      <trkpt lat="23.050000369548797607421875" lon="113.31868219189345836639404296875">
        <ele>7.400000095367431640625</ele>
        <time>2026-09-09T23:24:17.000Z</time>
        <extensions>
          <ns3:TrackPointExtension>
            <ns3:hr>146</ns3:hr>
            <ns3:cad>81</ns3:cad>
          </ns3:TrackPointExtension>
        </extensions>
      </trkpt>
      <trkpt lat="23.0500028841197490692138671875" lon="113.31866073422133922576904296875">
        <ele>7.400000095367431640625</ele>
        <time>2026-09-09T23:24:18.000Z</time>
        <extensions>
          <ns3:TrackPointExtension>
            <ns3:hr>146</ns3:hr>
            <ns3:cad>81</ns3:cad>
          </ns3:TrackPointExtension>
        </extensions>
      </trkpt>
      <trkpt lat="23.0500099249184131622314453125" lon="113.31863491795957088470458984375">
        <ele>7.400000095367431640625</ele>
        <time>2026-09-09T23:24:19.000Z</time>
        <extensions>
          <ns3:TrackPointExtension>
            <ns3:hr>146</ns3:hr>
            <ns3:cad>81</ns3:cad>
          </ns3:TrackPointExtension>
        </extensions>
      </trkpt>
      <trkpt lat="23.0500178039073944091796875" lon="113.31861295737326145172119140625">
        <ele>7.400000095367431640625</ele>
        <time>2026-09-09T23:24:20.000Z</time>
        <extensions>
          <ns3:TrackPointExtension>
            <ns3:hr>146</ns3:hr>
            <ns3:cad>81</ns3:cad>
          </ns3:TrackPointExtension>
        </extensions>
      </trkpt>
      <trkpt lat="23.0500233359634876251220703125" lon="113.3185925893485546112060546875">
        <ele>7.400000095367431640625</ele>
        <time>2026-09-09T23:24:21.000Z</time>
        <extensions>
          <ns3:TrackPointExtension>
            <ns3:hr>146</ns3:hr>
            <ns3:cad>82</ns3:cad>
          </ns3:TrackPointExtension>
        </extensions>
      </trkpt>
      <trkpt lat="23.05003079585731029510498046875" lon="113.3185593970119953155517578125">
        <ele>7.400000095367431640625</ele>
        <time>2026-09-09T23:24:22.000Z</time>
        <extensions>
          <ns3:TrackPointExtension>
            <ns3:hr>146</ns3:hr>
            <ns3:cad>82</ns3:cad>
          </ns3:TrackPointExtension>
        </extensions>
      </trkpt>
      <trkpt lat="23.05003280751407146453857421875" lon="113.31854037009179592132568359375">
        <ele>7.599999904632568359375</ele>
        <time>2026-09-09T23:24:23.000Z</time>
        <extensions>
          <ns3:TrackPointExtension>
            <ns3:hr>146</ns3:hr>
            <ns3:cad>82</ns3:cad>
          </ns3:TrackPointExtension>
        </extensions>
      </trkpt>
      <trkpt lat="23.05003347806632518768310546875" lon="113.31851371563971042633056640625">
        <ele>7.400000095367431640625</ele>
        <time>2026-09-09T23:24:24.000Z</time>
        <extensions>
          <ns3:TrackPointExtension>
            <ns3:hr>146</ns3:hr>
            <ns3:cad>82</ns3:cad>
          </ns3:TrackPointExtension>
        </extensions>
      </trkpt>
      <trkpt lat="23.05004102177917957305908203125" lon="113.31848085857927799224853515625">
        <ele>7.400000095367431640625</ele>
        <time>2026-09-09T23:24:25.000Z</time>
        <extensions>
          <ns3:TrackPointExtension>
            <ns3:hr>146</ns3:hr>
            <ns3:cad>82</ns3:cad>
          </ns3:TrackPointExtension>
        </extensions>
      </trkpt>
      <trkpt lat="23.05004152469336986541748046875" lon="113.3184641785919666290283203125">
        <ele>7.400000095367431640625</ele>
        <time>2026-09-09T23:24:26.000Z</time>
        <extensions>
          <ns3:TrackPointExtension>
            <ns3:hr>147</ns3:hr>
            <ns3:cad>82</ns3:cad>
          </ns3:TrackPointExtension>
        </extensions>
      </trkpt>
      <trkpt lat="23.05004118941724300384521484375" lon="113.31844263710081577301025390625">
        <ele>7.400000095367431640625</ele>
        <time>2026-09-09T23:24:27.000Z</time>
        <extensions>
          <ns3:TrackPointExtension>
            <ns3:hr>146</ns3:hr>
            <ns3:cad>81</ns3:cad>
          </ns3:TrackPointExtension>
        </extensions>
      </trkpt>
      <trkpt lat="23.05005108006298542022705078125" lon="113.3184209279716014862060546875">
        <ele>7.400000095367431640625</ele>
        <time>2026-09-09T23:24:28.000Z</time>
        <extensions>
          <ns3:TrackPointExtension>
            <ns3:hr>147</ns3:hr>
            <ns3:cad>81</ns3:cad>
          </ns3:TrackPointExtension>
        </extensions>
      </trkpt>
      <trkpt lat="23.05005208589136600494384765625" lon="113.3184008114039897918701171875">
        <ele>7.599999904632568359375</ele>
        <time>2026-09-09T23:24:29.000Z</time>
        <extensions>
          <ns3:TrackPointExtension>
            <ns3:hr>147</ns3:hr>
            <ns3:cad>81</ns3:cad>
          </ns3:TrackPointExtension>
        </extensions>
      </trkpt>
      <trkpt lat="23.0500632338225841522216796875" lon="113.318366110324859619140625">
        <ele>7.599999904632568359375</ele>
        <time>2026-09-09T23:24:30.000Z</time>
        <extensions>
          <ns3:TrackPointExtension>
            <ns3:hr>147</ns3:hr>
            <ns3:cad>82</ns3:cad>
          </ns3:TrackPointExtension>
        </extensions>
      </trkpt>
      <trkpt lat="23.05006633512675762176513671875" lon="113.31834875978529453277587890625">
        <ele>7.599999904632568359375</ele>
        <time>2026-09-09T23:24:31.000Z</time>
        <extensions>
          <ns3:TrackPointExtension>
            <ns3:hr>147</ns3:hr>
            <ns3:cad>82</ns3:cad>
          </ns3:TrackPointExtension>
        </extensions>
      </trkpt>
      <trkpt lat="23.05006868205964565277099609375" lon="113.3183245360851287841796875">
        <ele>7.599999904632568359375</ele>
        <time>2026-09-09T23:24:32.000Z</time>
        <extensions>
          <ns3:TrackPointExtension>
            <ns3:hr>147</ns3:hr>
            <ns3:cad>82</ns3:cad>
          </ns3:TrackPointExtension>
        </extensions>
      </trkpt>
      <trkpt lat="23.05007639341056346893310546875" lon="113.3182905055582523345947265625">
        <ele>7.599999904632568359375</ele>
        <time>2026-09-09T23:24:33.000Z</time>
        <extensions>
          <ns3:TrackPointExtension>
            <ns3:hr>147</ns3:hr>
            <ns3:cad>82</ns3:cad>
          </ns3:TrackPointExtension>
        </extensions>
      </trkpt>
      <trkpt lat="23.05007974617183208465576171875" lon="113.3182663656771183013916015625">
        <ele>7.599999904632568359375</ele>
        <time>2026-09-09T23:24:34.000Z</time>
        <extensions>
          <ns3:TrackPointExtension>
            <ns3:hr>147</ns3:hr>
            <ns3:cad>82</ns3:cad>
          </ns3:TrackPointExtension>
        </extensions>
      </trkpt>
      <trkpt lat="23.0500820092856884002685546875" lon="113.31824147142469882965087890625">
        <ele>7.599999904632568359375</ele>
        <time>2026-09-09T23:24:35.000Z</time>
        <extensions>
          <ns3:TrackPointExtension>
            <ns3:hr>147</ns3:hr>
            <ns3:cad>82</ns3:cad>
          </ns3:TrackPointExtension>
        </extensions>
      </trkpt>
      <trkpt lat="23.05009215138852596282958984375" lon="113.3182127214968204498291015625">
        <ele>7.599999904632568359375</ele>
        <time>2026-09-09T23:24:36.000Z</time>
        <extensions>
          <ns3:TrackPointExtension>
            <ns3:hr>147</ns3:hr>
            <ns3:cad>82</ns3:cad>
          </ns3:TrackPointExtension>
        </extensions>
      </trkpt>
      <trkpt lat="23.050091899931430816650390625" lon="113.31819050945341587066650390625">
        <ele>7.599999904632568359375</ele>
        <time>2026-09-09T23:24:37.000Z</time>
        <extensions>
          <ns3:TrackPointExtension>
            <ns3:hr>147</ns3:hr>
            <ns3:cad>82</ns3:cad>
          </ns3:TrackPointExtension>
        </extensions>
      </trkpt>
      <trkpt lat="23.05009768344461917877197265625" lon="113.31816134043037891387939453125">
        <ele>7.599999904632568359375</ele>
        <time>2026-09-09T23:24:38.000Z</time>
        <extensions>
          <ns3:TrackPointExtension>
            <ns3:hr>147</ns3:hr>
            <ns3:cad>82</ns3:cad>
          </ns3:TrackPointExtension>
        </extensions>
      </trkpt>
      <trkpt lat="23.05010220967233180999755859375" lon="113.318140804767608642578125">
        <ele>7.599999904632568359375</ele>
        <time>2026-09-09T23:24:39.000Z</time>
        <extensions>
          <ns3:TrackPointExtension>
            <ns3:hr>147</ns3:hr>
            <ns3:cad>82</ns3:cad>
          </ns3:TrackPointExtension>
        </extensions>
      </trkpt>
      <trkpt lat="23.050096593797206878662109375" lon="113.31811523996293544769287109375">
        <ele>7.599999904632568359375</ele>
        <time>2026-09-09T23:24:40.000Z</time>
        <extensions>
          <ns3:TrackPointExtension>
            <ns3:hr>147</ns3:hr>
            <ns3:cad>82</ns3:cad>
          </ns3:TrackPointExtension>
        </extensions>
      </trkpt>
      <trkpt lat="23.05010003037750720977783203125" lon="113.31808255054056644439697265625">
        <ele>7.599999904632568359375</ele>
        <time>2026-09-09T23:24:41.000Z</time>
        <extensions>
          <ns3:TrackPointExtension>
            <ns3:hr>147</ns3:hr>
            <ns3:cad>81</ns3:cad>
          </ns3:TrackPointExtension>
        </extensions>
      </trkpt>
      <trkpt lat="23.05009483359754085540771484375" lon="113.318060673773288726806640625">
        <ele>7.599999904632568359375</ele>
        <time>2026-09-09T23:24:42.000Z</time>
        <extensions>
          <ns3:TrackPointExtension>
            <ns3:hr>147</ns3:hr>
            <ns3:cad>81</ns3:cad>
          </ns3:TrackPointExtension>
        </extensions>
      </trkpt>
      <trkpt lat="23.0500937439501285552978515625" lon="113.31803552806377410888671875">
        <ele>7.599999904632568359375</ele>
        <time>2026-09-09T23:24:43.000Z</time>
        <extensions>
          <ns3:TrackPointExtension>
            <ns3:hr>147</ns3:hr>
            <ns3:cad>81</ns3:cad>
          </ns3:TrackPointExtension>
        </extensions>
      </trkpt>
      <trkpt lat="23.05009801872074604034423828125" lon="113.31800174899399280548095703125">
        <ele>7.599999904632568359375</ele>
        <time>2026-09-09T23:24:44.000Z</time>
        <extensions>
          <ns3:TrackPointExtension>
            <ns3:hr>147</ns3:hr>
            <ns3:cad>82</ns3:cad>
          </ns3:TrackPointExtension>
        </extensions>
      </trkpt>
      <trkpt lat="23.05008846335113048553466796875" lon="113.31798448227345943450927734375">
        <ele>7.599999904632568359375</ele>
        <time>2026-09-09T23:24:45.000Z</time>
        <extensions>
          <ns3:TrackPointExtension>
            <ns3:hr>147</ns3:hr>
            <ns3:cad>82</ns3:cad>
          </ns3:TrackPointExtension>
        </extensions>
      </trkpt>
      <trkpt lat="23.05008745752274990081787109375" lon="113.31795447506010532379150390625">
        <ele>7.599999904632568359375</ele>
        <time>2026-09-09T23:24:46.000Z</time>
        <extensions>
          <ns3:TrackPointExtension>
            <ns3:hr>147</ns3:hr>
            <ns3:cad>82</ns3:cad>
          </ns3:TrackPointExtension>
        </extensions>
      </trkpt>
      <trkpt lat="23.05008410476148128509521484375" lon="113.31793352030217647552490234375">
        <ele>7.599999904632568359375</ele>
        <time>2026-09-09T23:24:47.000Z</time>
        <extensions>
          <ns3:TrackPointExtension>
            <ns3:hr>148</ns3:hr>
            <ns3:cad>82</ns3:cad>
          </ns3:TrackPointExtension>
        </extensions>
      </trkpt>
      <trkpt lat="23.05007924325764179229736328125" lon="113.31791725941002368927001953125">
        <ele>7.80000019073486328125</ele>
        <time>2026-09-09T23:24:48.000Z</time>
        <extensions>
          <ns3:TrackPointExtension>
            <ns3:hr>147</ns3:hr>
            <ns3:cad>82</ns3:cad>
          </ns3:TrackPointExtension>
        </extensions>
      </trkpt>
      <trkpt lat="23.05008293129503726959228515625" lon="113.31788389943540096282958984375">
        <ele>7.599999904632568359375</ele>
        <time>2026-09-09T23:24:49.000Z</time>
        <extensions>
          <ns3:TrackPointExtension>
            <ns3:hr>147</ns3:hr>
            <ns3:cad>82</ns3:cad>
          </ns3:TrackPointExtension>
        </extensions>
      </trkpt>
      <trkpt lat="23.05008209310472011566162109375" lon="113.31786462105810642242431640625">
        <ele>7.599999904632568359375</ele>
        <time>2026-09-09T23:24:50.000Z</time>
        <extensions>
          <ns3:TrackPointExtension>
            <ns3:hr>147</ns3:hr>
            <ns3:cad>83</ns3:cad>
          </ns3:TrackPointExtension>
        </extensions>
      </trkpt>
      <trkpt lat="23.0500739626586437225341796875" lon="113.3178442530333995819091796875">
        <ele>7.599999904632568359375</ele>
        <time>2026-09-09T23:24:51.000Z</time>
        <extensions>
          <ns3:TrackPointExtension>
            <ns3:hr>147</ns3:hr>
            <ns3:cad>83</ns3:cad>
          </ns3:TrackPointExtension>
        </extensions>
      </trkpt>
      <trkpt lat="23.0500689335167407989501953125" lon="113.31780997104942798614501953125">
        <ele>7.599999904632568359375</ele>
        <time>2026-09-09T23:24:52.000Z</time>
        <extensions>
          <ns3:TrackPointExtension>
            <ns3:hr>147</ns3:hr>
            <ns3:cad>82</ns3:cad>
          </ns3:TrackPointExtension>
        </extensions>
      </trkpt>
      <trkpt lat="23.05006868205964565277099609375" lon="113.31778951920568943023681640625">
        <ele>7.599999904632568359375</ele>
        <time>2026-09-09T23:24:53.000Z</time>
        <extensions>
          <ns3:TrackPointExtension>
            <ns3:hr>147</ns3:hr>
            <ns3:cad>82</ns3:cad>
          </ns3:TrackPointExtension>
        </extensions>
      </trkpt>
      <trkpt lat="23.05007287301123142242431640625" lon="113.3177617751061916351318359375">
        <ele>7.599999904632568359375</ele>
        <time>2026-09-09T23:24:54.000Z</time>
        <extensions>
          <ns3:TrackPointExtension>
            <ns3:hr>147</ns3:hr>
            <ns3:cad>82</ns3:cad>
          </ns3:TrackPointExtension>
        </extensions>
      </trkpt>
      <trkpt lat="23.050086535513401031494140625" lon="113.31773604266345500946044921875">
        <ele>7.599999904632568359375</ele>
        <time>2026-09-09T23:24:55.000Z</time>
        <extensions>
          <ns3:TrackPointExtension>
            <ns3:hr>147</ns3:hr>
            <ns3:cad>82</ns3:cad>
          </ns3:TrackPointExtension>
        </extensions>
      </trkpt>
      <trkpt lat="23.05009097792208194732666015625" lon="113.31771056167781352996826171875">
        <ele>7.599999904632568359375</ele>
        <time>2026-09-09T23:24:56.000Z</time>
        <extensions>
          <ns3:TrackPointExtension>
            <ns3:hr>147</ns3:hr>
            <ns3:cad>82</ns3:cad>
          </ns3:TrackPointExtension>
        </extensions>
      </trkpt>
      <trkpt lat="23.0500875413417816162109375" lon="113.31767954863607883453369140625">
        <ele>7.599999904632568359375</ele>
        <time>2026-09-09T23:24:57.000Z</time>
        <extensions>
          <ns3:TrackPointExtension>
            <ns3:hr>147</ns3:hr>
            <ns3:cad>82</ns3:cad>
          </ns3:TrackPointExtension>
        </extensions>
      </trkpt>
      <trkpt lat="23.05008930154144763946533203125" lon="113.31766060553491115570068359375">
        <ele>7.599999904632568359375</ele>
        <time>2026-09-09T23:24:58.000Z</time>
        <extensions>
          <ns3:TrackPointExtension>
            <ns3:hr>147</ns3:hr>
            <ns3:cad>82</ns3:cad>
          </ns3:TrackPointExtension>
        </extensions>
      </trkpt>
      <trkpt lat="23.0500833503901958465576171875" lon="113.31763713620603084564208984375">
        <ele>7.599999904632568359375</ele>
        <time>2026-09-09T23:24:59.000Z</time>
        <extensions>
          <ns3:TrackPointExtension>
            <ns3:hr>146</ns3:hr>
            <ns3:cad>81</ns3:cad>
          </ns3:TrackPointExtension>
        </extensions>
      </trkpt>
      <trkpt lat="23.05008762516081333160400390625" lon="113.31760377623140811920166015625">
        <ele>7.599999904632568359375</ele>
        <time>2026-09-09T23:25:00.000Z</time>
        <extensions>
          <ns3:TrackPointExtension>
            <ns3:hr>146</ns3:hr>
            <ns3:cad>81</ns3:cad>
          </ns3:TrackPointExtension>
        </extensions>
      </trkpt>
      <trkpt lat="23.05009148083627223968505859375" lon="113.31758491694927215576171875">
        <ele>7.599999904632568359375</ele>
        <time>2026-09-09T23:25:01.000Z</time>
        <extensions>
          <ns3:TrackPointExtension>
            <ns3:hr>147</ns3:hr>
            <ns3:cad>82</ns3:cad>
          </ns3:TrackPointExtension>
        </extensions>
      </trkpt>
      <trkpt lat="23.05009424686431884765625" lon="113.31756069324910640716552734375">
        <ele>7.599999904632568359375</ele>
        <time>2026-09-09T23:25:02.000Z</time>
        <extensions>
          <ns3:TrackPointExtension>
            <ns3:hr>147</ns3:hr>
            <ns3:cad>82</ns3:cad>
          </ns3:TrackPointExtension>
        </extensions>
      </trkpt>
      <trkpt lat="23.05010137148201465606689453125" lon="113.31753529608249664306640625">
        <ele>7.599999904632568359375</ele>
        <time>2026-09-09T23:25:03.000Z</time>
        <extensions>
          <ns3:TrackPointExtension>
            <ns3:hr>147</ns3:hr>
            <ns3:cad>83</ns3:cad>
          </ns3:TrackPointExtension>
        </extensions>
      </trkpt>
      <trkpt lat="23.05009751580655574798583984375" lon="113.317510150372982025146484375">
        <ele>7.80000019073486328125</ele>
        <time>2026-09-09T23:25:04.000Z</time>
        <extensions>
          <ns3:TrackPointExtension>
            <ns3:hr>147</ns3:hr>
            <ns3:cad>83</ns3:cad>
          </ns3:TrackPointExtension>
        </extensions>
      </trkpt>
      <trkpt lat="23.05009935982525348663330078125" lon="113.31747352145612239837646484375">
        <ele>7.80000019073486328125</ele>
        <time>2026-09-09T23:25:05.000Z</time>
        <extensions>
          <ns3:TrackPointExtension>
            <ns3:hr>147</ns3:hr>
            <ns3:cad>82</ns3:cad>
          </ns3:TrackPointExtension>
        </extensions>
      </trkpt>
      <trkpt lat="23.0501031316816806793212890625" lon="113.317454494535923004150390625">
        <ele>7.80000019073486328125</ele>
        <time>2026-09-09T23:25:06.000Z</time>
        <extensions>
          <ns3:TrackPointExtension>
            <ns3:hr>147</ns3:hr>
            <ns3:cad>82</ns3:cad>
          </ns3:TrackPointExtension>
        </extensions>
      </trkpt>
      <trkpt lat="23.050097934901714324951171875" lon="113.31742666661739349365234375">
        <ele>7.80000019073486328125</ele>
        <time>2026-09-09T23:25:07.000Z</time>
        <extensions>
          <ns3:TrackPointExtension>
            <ns3:hr>147</ns3:hr>
            <ns3:cad>82</ns3:cad>
          </ns3:TrackPointExtension>
        </extensions>
      </trkpt>
      <trkpt lat="23.05010070092976093292236328125" lon="113.31739825196564197540283203125">
        <ele>7.80000019073486328125</ele>
        <time>2026-09-09T23:25:08.000Z</time>
        <extensions>
          <ns3:TrackPointExtension>
            <ns3:hr>147</ns3:hr>
            <ns3:cad>82</ns3:cad>
          </ns3:TrackPointExtension>
        </extensions>
      </trkpt>
      <trkpt lat="23.05010103620588779449462890625" lon="113.31737210042774677276611328125">
        <ele>7.599999904632568359375</ele>
        <time>2026-09-09T23:25:09.000Z</time>
        <extensions>
          <ns3:TrackPointExtension>
            <ns3:hr>147</ns3:hr>
            <ns3:cad>82</ns3:cad>
          </ns3:TrackPointExtension>
        </extensions>
      </trkpt>
      <trkpt lat="23.05010120384395122528076171875" lon="113.31735148094594478607177734375">
        <ele>7.599999904632568359375</ele>
        <time>2026-09-09T23:25:10.000Z</time>
        <extensions>
          <ns3:TrackPointExtension>
            <ns3:hr>147</ns3:hr>
            <ns3:cad>82</ns3:cad>
          </ns3:TrackPointExtension>
        </extensions>
      </trkpt>
      <trkpt lat="23.05010472424328327178955078125" lon="113.31732147373259067535400390625">
        <ele>7.599999904632568359375</ele>
        <time>2026-09-09T23:25:11.000Z</time>
        <extensions>
          <ns3:TrackPointExtension>
            <ns3:hr>147</ns3:hr>
            <ns3:cad>82</ns3:cad>
          </ns3:TrackPointExtension>
        </extensions>
      </trkpt>
      <trkpt lat="23.050091229379177093505859375" lon="113.31730554811656475067138671875">
        <ele>7.599999904632568359375</ele>
        <time>2026-09-09T23:25:12.000Z</time>
        <extensions>
          <ns3:TrackPointExtension>
            <ns3:hr>147</ns3:hr>
            <ns3:cad>82</ns3:cad>
          </ns3:TrackPointExtension>
        </extensions>
      </trkpt>
      <trkpt lat="23.05008863098919391632080078125" lon="113.317282497882843017578125">
        <ele>7.599999904632568359375</ele>
        <time>2026-09-09T23:25:13.000Z</time>
        <extensions>
          <ns3:TrackPointExtension>
            <ns3:hr>147</ns3:hr>
            <ns3:cad>82</ns3:cad>
          </ns3:TrackPointExtension>
        </extensions>
      </trkpt>
      <trkpt lat="23.05009097792208194732666015625" lon="113.31726212985813617706298828125">
        <ele>7.599999904632568359375</ele>
        <time>2026-09-09T23:25:14.000Z</time>
        <extensions>
          <ns3:TrackPointExtension>
            <ns3:hr>147</ns3:hr>
            <ns3:cad>82</ns3:cad>
          </ns3:TrackPointExtension>
        </extensions>
      </trkpt>
      <trkpt lat="23.05008762516081333160400390625" lon="113.31723849289119243621826171875">
        <ele>7.599999904632568359375</ele>
        <time>2026-09-09T23:25:15.000Z</time>
        <extensions>
          <ns3:TrackPointExtension>
            <ns3:hr>147</ns3:hr>
            <ns3:cad>81</ns3:cad>
          </ns3:TrackPointExtension>
        </extensions>
      </trkpt>
      <trkpt lat="23.05008796043694019317626953125" lon="113.3172060549259185791015625">
        <ele>7.599999904632568359375</ele>
        <time>2026-09-09T23:25:16.000Z</time>
        <extensions>
          <ns3:TrackPointExtension>
            <ns3:hr>146</ns3:hr>
            <ns3:cad>81</ns3:cad>
          </ns3:TrackPointExtension>
        </extensions>
      </trkpt>
      <trkpt lat="23.0500877089798450469970703125" lon="113.31718501634895801544189453125">
        <ele>7.599999904632568359375</ele>
        <time>2026-09-09T23:25:17.000Z</time>
        <extensions>
          <ns3:TrackPointExtension>
            <ns3:hr>146</ns3:hr>
            <ns3:cad>81</ns3:cad>
          </ns3:TrackPointExtension>
        </extensions>
      </trkpt>
      <trkpt lat="23.05007882416248321533203125" lon="113.31716204993426799774169921875">
        <ele>7.599999904632568359375</ele>
        <time>2026-09-09T23:25:18.000Z</time>
        <extensions>
          <ns3:TrackPointExtension>
            <ns3:hr>146</ns3:hr>
            <ns3:cad>81</ns3:cad>
          </ns3:TrackPointExtension>
        </extensions>
      </trkpt>
      <trkpt lat="23.05008192546665668487548828125" lon="113.317127935588359832763671875">
        <ele>7.599999904632568359375</ele>
        <time>2026-09-09T23:25:19.000Z</time>
        <extensions>
          <ns3:TrackPointExtension>
            <ns3:hr>146</ns3:hr>
            <ns3:cad>81</ns3:cad>
          </ns3:TrackPointExtension>
        </extensions>
      </trkpt>
      <trkpt lat="23.0500741302967071533203125" lon="113.31711309961974620819091796875">
        <ele>7.599999904632568359375</ele>
        <time>2026-09-09T23:25:20.000Z</time>
        <extensions>
          <ns3:TrackPointExtension>
            <ns3:hr>147</ns3:hr>
            <ns3:cad>81</ns3:cad>
          </ns3:TrackPointExtension>
        </extensions>
      </trkpt>
      <trkpt lat="23.05006700567901134490966796875" lon="113.3170880377292633056640625">
        <ele>7.599999904632568359375</ele>
        <time>2026-09-09T23:25:21.000Z</time>
        <extensions>
          <ns3:TrackPointExtension>
            <ns3:hr>147</ns3:hr>
            <ns3:cad>82</ns3:cad>
          </ns3:TrackPointExtension>
        </extensions>
      </trkpt>
      <trkpt lat="23.050064742565155029296875" lon="113.317060880362987518310546875">
        <ele>7.599999904632568359375</ele>
        <time>2026-09-09T23:25:22.000Z</time>
        <extensions>
          <ns3:TrackPointExtension>
            <ns3:hr>147</ns3:hr>
            <ns3:cad>82</ns3:cad>
          </ns3:TrackPointExtension>
        </extensions>
      </trkpt>
      <trkpt lat="23.050055019557476043701171875" lon="113.317040763795375823974609375">
        <ele>7.599999904632568359375</ele>
        <time>2026-09-09T23:25:23.000Z</time>
        <extensions>
          <ns3:TrackPointExtension>
            <ns3:hr>147</ns3:hr>
            <ns3:cad>82</ns3:cad>
          </ns3:TrackPointExtension>
        </extensions>
      </trkpt>
      <trkpt lat="23.0500481463968753814697265625" lon="113.31701603718101978302001953125">
        <ele>7.599999904632568359375</ele>
        <time>2026-09-09T23:25:24.000Z</time>
        <extensions>
          <ns3:TrackPointExtension>
            <ns3:hr>147</ns3:hr>
            <ns3:cad>82</ns3:cad>
          </ns3:TrackPointExtension>
        </extensions>
      </trkpt>
      <trkpt lat="23.0500427819788455963134765625" lon="113.31699348986148834228515625">
        <ele>7.599999904632568359375</ele>
        <time>2026-09-09T23:25:25.000Z</time>
        <extensions>
          <ns3:TrackPointExtension>
            <ns3:hr>147</ns3:hr>
            <ns3:cad>82</ns3:cad>
          </ns3:TrackPointExtension>
        </extensions>
      </trkpt>
      <trkpt lat="23.05002643726766109466552734375" lon="113.31697748042643070220947265625">
        <ele>7.599999904632568359375</ele>
        <time>2026-09-09T23:25:26.000Z</time>
        <extensions>
          <ns3:TrackPointExtension>
            <ns3:hr>147</ns3:hr>
            <ns3:cad>82</ns3:cad>
          </ns3:TrackPointExtension>
        </extensions>
      </trkpt>
      <trkpt lat="23.05000682361423969268798828125" lon="113.316952250897884368896484375">
        <ele>7.80000019073486328125</ele>
        <time>2026-09-09T23:25:27.000Z</time>
        <extensions>
          <ns3:TrackPointExtension>
            <ns3:hr>147</ns3:hr>
            <ns3:cad>81</ns3:cad>
          </ns3:TrackPointExtension>
        </extensions>
      </trkpt>
      <trkpt lat="23.04998737759888172149658203125" lon="113.3169366605579853057861328125">
        <ele>7.599999904632568359375</ele>
        <time>2026-09-09T23:25:28.000Z</time>
        <extensions>
          <ns3:TrackPointExtension>
            <ns3:hr>147</ns3:hr>
            <ns3:cad>81</ns3:cad>
          </ns3:TrackPointExtension>
        </extensions>
      </trkpt>
      <trkpt lat="23.04996709339320659637451171875" lon="113.31692350097000598907470703125">
        <ele>7.599999904632568359375</ele>
        <time>2026-09-09T23:25:29.000Z</time>
        <extensions>
          <ns3:TrackPointExtension>
            <ns3:hr>147</ns3:hr>
            <ns3:cad>81</ns3:cad>
          </ns3:TrackPointExtension>
        </extensions>
      </trkpt>
      <trkpt lat="23.049950413405895233154296875" lon="113.31689902581274509429931640625">
        <ele>7.599999904632568359375</ele>
        <time>2026-09-09T23:25:30.000Z</time>
        <extensions>
          <ns3:TrackPointExtension>
            <ns3:hr>147</ns3:hr>
            <ns3:cad>81</ns3:cad>
          </ns3:TrackPointExtension>
        </extensions>
      </trkpt>
      <trkpt lat="23.049933649599552154541015625" lon="113.3169001154601573944091796875">
        <ele>7.599999904632568359375</ele>
        <time>2026-09-09T23:25:31.000Z</time>
        <extensions>
          <ns3:TrackPointExtension>
            <ns3:hr>148</ns3:hr>
            <ns3:cad>81</ns3:cad>
          </ns3:TrackPointExtension>
        </extensions>
      </trkpt>
      <trkpt lat="23.04990741424262523651123046875" lon="113.31689114682376384735107421875">
        <ele>7.599999904632568359375</ele>
        <time>2026-09-09T23:25:32.000Z</time>
        <extensions>
          <ns3:TrackPointExtension>
            <ns3:hr>148</ns3:hr>
            <ns3:cad>81</ns3:cad>
          </ns3:TrackPointExtension>
        </extensions>
      </trkpt>
      <trkpt lat="23.0498895607888698577880859375" lon="113.3168843574821949005126953125">
        <ele>7.599999904632568359375</ele>
        <time>2026-09-09T23:25:33.000Z</time>
        <extensions>
          <ns3:TrackPointExtension>
            <ns3:hr>148</ns3:hr>
            <ns3:cad>82</ns3:cad>
          </ns3:TrackPointExtension>
        </extensions>
      </trkpt>
      <trkpt lat="23.04987137205898761749267578125" lon="113.3168850280344486236572265625">
        <ele>7.599999904632568359375</ele>
        <time>2026-09-09T23:25:34.000Z</time>
        <extensions>
          <ns3:TrackPointExtension>
            <ns3:hr>148</ns3:hr>
            <ns3:cad>82</ns3:cad>
          </ns3:TrackPointExtension>
        </extensions>
      </trkpt>
      <trkpt lat="23.04984253831207752227783203125" lon="113.31687740050256252288818359375">
        <ele>7.599999904632568359375</ele>
        <time>2026-09-09T23:25:35.000Z</time>
        <extensions>
          <ns3:TrackPointExtension>
            <ns3:hr>148</ns3:hr>
            <ns3:cad>82</ns3:cad>
          </ns3:TrackPointExtension>
        </extensions>
      </trkpt>
      <trkpt lat="23.04982602596282958984375" lon="113.316878490149974822998046875">
        <ele>7.599999904632568359375</ele>
        <time>2026-09-09T23:25:36.000Z</time>
        <extensions>
          <ns3:TrackPointExtension>
            <ns3:hr>148</ns3:hr>
            <ns3:cad>82</ns3:cad>
          </ns3:TrackPointExtension>
        </extensions>
      </trkpt>
      <trkpt lat="23.04980783723294734954833984375" lon="113.31688645295798778533935546875">
        <ele>7.599999904632568359375</ele>
        <time>2026-09-09T23:25:37.000Z</time>
        <extensions>
          <ns3:TrackPointExtension>
            <ns3:hr>148</ns3:hr>
            <ns3:cad>82</ns3:cad>
          </ns3:TrackPointExtension>
        </extensions>
      </trkpt>
      <trkpt lat="23.04977598600089550018310546875" lon="113.316878490149974822998046875">
        <ele>7.400000095367431640625</ele>
        <time>2026-09-09T23:25:38.000Z</time>
        <extensions>
          <ns3:TrackPointExtension>
            <ns3:hr>148</ns3:hr>
            <ns3:cad>83</ns3:cad>
          </ns3:TrackPointExtension>
        </extensions>
      </trkpt>
      <trkpt lat="23.04975922219455242156982421875" lon="113.3168786577880382537841796875">
        <ele>7.400000095367431640625</ele>
        <time>2026-09-09T23:25:39.000Z</time>
        <extensions>
          <ns3:TrackPointExtension>
            <ns3:hr>148</ns3:hr>
            <ns3:cad>83</ns3:cad>
          </ns3:TrackPointExtension>
        </extensions>
      </trkpt>
      <trkpt lat="23.049735836684703826904296875" lon="113.31688058562576770782470703125">
        <ele>7.400000095367431640625</ele>
        <time>2026-09-09T23:25:40.000Z</time>
        <extensions>
          <ns3:TrackPointExtension>
            <ns3:hr>148</ns3:hr>
            <ns3:cad>82</ns3:cad>
          </ns3:TrackPointExtension>
        </extensions>
      </trkpt>
      <trkpt lat="23.0497088469564914703369140625" lon="113.31688393838703632354736328125">
        <ele>7.599999904632568359375</ele>
        <time>2026-09-09T23:25:41.000Z</time>
        <extensions>
          <ns3:TrackPointExtension>
            <ns3:hr>148</ns3:hr>
            <ns3:cad>82</ns3:cad>
          </ns3:TrackPointExtension>
        </extensions>
      </trkpt>
      <trkpt lat="23.049690239131450653076171875" lon="113.31688745878636837005615234375">
        <ele>7.599999904632568359375</ele>
        <time>2026-09-09T23:25:42.000Z</time>
        <extensions>
          <ns3:TrackPointExtension>
            <ns3:hr>148</ns3:hr>
            <ns3:cad>82</ns3:cad>
          </ns3:TrackPointExtension>
        </extensions>
      </trkpt>
      <trkpt lat="23.0496622435748577117919921875" lon="113.31688729114830493927001953125">
        <ele>7.80000019073486328125</ele>
        <time>2026-09-09T23:25:43.000Z</time>
        <extensions>
          <ns3:TrackPointExtension>
            <ns3:hr>148</ns3:hr>
            <ns3:cad>82</ns3:cad>
          </ns3:TrackPointExtension>
        </extensions>
      </trkpt>
      <trkpt lat="23.04964690469205379486083984375" lon="113.3168900571763515472412109375">
        <ele>7.80000019073486328125</ele>
        <time>2026-09-09T23:25:44.000Z</time>
        <extensions>
          <ns3:TrackPointExtension>
            <ns3:hr>147</ns3:hr>
            <ns3:cad>82</ns3:cad>
          </ns3:TrackPointExtension>
        </extensions>
      </trkpt>
      <trkpt lat="23.049627877771854400634765625" lon="113.31688620150089263916015625">
        <ele>7.80000019073486328125</ele>
        <time>2026-09-09T23:25:45.000Z</time>
        <extensions>
          <ns3:TrackPointExtension>
            <ns3:hr>147</ns3:hr>
            <ns3:cad>82</ns3:cad>
          </ns3:TrackPointExtension>
        </extensions>
      </trkpt>
      <trkpt lat="23.04960533045232295989990234375" lon="113.31686650402843952178955078125">
        <ele>7.80000019073486328125</ele>
        <time>2026-09-09T23:25:46.000Z</time>
        <extensions>
          <ns3:TrackPointExtension>
            <ns3:hr>147</ns3:hr>
            <ns3:cad>82</ns3:cad>
          </ns3:TrackPointExtension>
        </extensions>
      </trkpt>
      <trkpt lat="23.04958554916083812713623046875" lon="113.3168628998100757598876953125">
        <ele>7.599999904632568359375</ele>
        <time>2026-09-09T23:25:47.000Z</time>
        <extensions>
          <ns3:TrackPointExtension>
            <ns3:hr>147</ns3:hr>
            <ns3:cad>82</ns3:cad>
          </ns3:TrackPointExtension>
        </extensions>
      </trkpt>
      <trkpt lat="23.04956073872745037078857421875" lon="113.31684085540473461151123046875">
        <ele>7.599999904632568359375</ele>
        <time>2026-09-09T23:25:48.000Z</time>
        <extensions>
          <ns3:TrackPointExtension>
            <ns3:hr>147</ns3:hr>
            <ns3:cad>82</ns3:cad>
          </ns3:TrackPointExtension>
        </extensions>
      </trkpt>
      <trkpt lat="23.0495510995388031005859375" lon="113.316818140447139739990234375">
        <ele>7.599999904632568359375</ele>
        <time>2026-09-09T23:25:49.000Z</time>
        <extensions>
          <ns3:TrackPointExtension>
            <ns3:hr>147</ns3:hr>
            <ns3:cad>82</ns3:cad>
          </ns3:TrackPointExtension>
        </extensions>
      </trkpt>
      <trkpt lat="23.04953576065599918365478515625" lon="113.316801376640796661376953125">
        <ele>7.599999904632568359375</ele>
        <time>2026-09-09T23:25:50.000Z</time>
        <extensions>
          <ns3:TrackPointExtension>
            <ns3:hr>147</ns3:hr>
            <ns3:cad>82</ns3:cad>
          </ns3:TrackPointExtension>
        </extensions>
      </trkpt>
      <trkpt lat="23.04952000267803668975830078125" lon="113.31677354872226715087890625">
        <ele>7.599999904632568359375</ele>
        <time>2026-09-09T23:25:51.000Z</time>
        <extensions>
          <ns3:TrackPointExtension>
            <ns3:hr>147</ns3:hr>
            <ns3:cad>82</ns3:cad>
          </ns3:TrackPointExtension>
        </extensions>
      </trkpt>
      <trkpt lat="23.0495170690119266510009765625" lon="113.3167525939643383026123046875">
        <ele>7.599999904632568359375</ele>
        <time>2026-09-09T23:25:52.000Z</time>
        <extensions>
          <ns3:TrackPointExtension>
            <ns3:hr>147</ns3:hr>
            <ns3:cad>82</ns3:cad>
          </ns3:TrackPointExtension>
        </extensions>
      </trkpt>
      <trkpt lat="23.0495108664035797119140625" lon="113.3167247660458087921142578125">
        <ele>7.599999904632568359375</ele>
        <time>2026-09-09T23:25:53.000Z</time>
        <extensions>
          <ns3:TrackPointExtension>
            <ns3:hr>147</ns3:hr>
            <ns3:cad>82</ns3:cad>
          </ns3:TrackPointExtension>
        </extensions>
      </trkpt>
      <trkpt lat="23.04951899684965610504150390625" lon="113.3166878856718540191650390625">
        <ele>7.599999904632568359375</ele>
        <time>2026-09-09T23:25:54.000Z</time>
        <extensions>
          <ns3:TrackPointExtension>
            <ns3:hr>147</ns3:hr>
            <ns3:cad>82</ns3:cad>
          </ns3:TrackPointExtension>
        </extensions>
      </trkpt>
      <trkpt lat="23.0495130456984043121337890625" lon="113.31667388789355754852294921875">
        <ele>7.80000019073486328125</ele>
        <time>2026-09-09T23:25:55.000Z</time>
        <extensions>
          <ns3:TrackPointExtension>
            <ns3:hr>147</ns3:hr>
            <ns3:cad>82</ns3:cad>
          </ns3:TrackPointExtension>
        </extensions>
      </trkpt>
      <trkpt lat="23.04951078258454799652099609375" lon="113.31664614379405975341796875">
        <ele>7.80000019073486328125</ele>
        <time>2026-09-09T23:25:56.000Z</time>
        <extensions>
          <ns3:TrackPointExtension>
            <ns3:hr>146</ns3:hr>
            <ns3:cad>82</ns3:cad>
          </ns3:TrackPointExtension>
        </extensions>
      </trkpt>
      <trkpt lat="23.04952318780124187469482421875" lon="113.31660901196300983428955078125">
        <ele>7.80000019073486328125</ele>
        <time>2026-09-09T23:25:57.000Z</time>
        <extensions>
          <ns3:TrackPointExtension>
            <ns3:hr>146</ns3:hr>
            <ns3:cad>81</ns3:cad>
          </ns3:TrackPointExtension>
        </extensions>
      </trkpt>
      <trkpt lat="23.0495210923254489898681640625" lon="113.31658638082444667816162109375">
        <ele>7.80000019073486328125</ele>
        <time>2026-09-09T23:25:58.000Z</time>
        <extensions>
          <ns3:TrackPointExtension>
            <ns3:hr>146</ns3:hr>
            <ns3:cad>80</ns3:cad>
          </ns3:TrackPointExtension>
        </extensions>
      </trkpt>
      <trkpt lat="23.049527294933795928955078125" lon="113.31655804999172687530517578125">
        <ele>7.80000019073486328125</ele>
        <time>2026-09-09T23:25:59.000Z</time>
        <extensions>
          <ns3:TrackPointExtension>
            <ns3:hr>146</ns3:hr>
            <ns3:cad>80</ns3:cad>
          </ns3:TrackPointExtension>
        </extensions>
      </trkpt>
      <trkpt lat="23.049545399844646453857421875" lon="113.31653743050992488861083984375">
        <ele>7.80000019073486328125</ele>
        <time>2026-09-09T23:26:00.000Z</time>
        <extensions>
          <ns3:TrackPointExtension>
            <ns3:hr>146</ns3:hr>
            <ns3:cad>81</ns3:cad>
          </ns3:TrackPointExtension>
        </extensions>
      </trkpt>
      <trkpt lat="23.04955336265265941619873046875" lon="113.31651932559907436370849609375">
        <ele>7.80000019073486328125</ele>
        <time>2026-09-09T23:26:01.000Z</time>
        <extensions>
          <ns3:TrackPointExtension>
            <ns3:hr>146</ns3:hr>
            <ns3:cad>81</ns3:cad>
          </ns3:TrackPointExtension>
        </extensions>
      </trkpt>
      <trkpt lat="23.049576580524444580078125" lon="113.3164967782795429229736328125">
        <ele>7.80000019073486328125</ele>
        <time>2026-09-09T23:26:02.000Z</time>
        <extensions>
          <ns3:TrackPointExtension>
            <ns3:hr>146</ns3:hr>
            <ns3:cad>81</ns3:cad>
          </ns3:TrackPointExtension>
        </extensions>
      </trkpt>
      <trkpt lat="23.04959200322628021240234375" lon="113.31648831255733966827392578125">
        <ele>7.80000019073486328125</ele>
        <time>2026-09-09T23:26:03.000Z</time>
        <extensions>
          <ns3:TrackPointExtension>
            <ns3:hr>145</ns3:hr>
            <ns3:cad>81</ns3:cad>
          </ns3:TrackPointExtension>
        </extensions>
      </trkpt>
      <trkpt lat="23.049607761204242706298828125" lon="113.3164786733686923980712890625">
        <ele>7.80000019073486328125</ele>
        <time>2026-09-09T23:26:04.000Z</time>
        <extensions>
          <ns3:TrackPointExtension>
            <ns3:hr>146</ns3:hr>
            <ns3:cad>81</ns3:cad>
          </ns3:TrackPointExtension>
        </extensions>
      </trkpt>
      <trkpt lat="23.0496313981711864471435546875" lon="113.31647506915032863616943359375">
        <ele>7.80000019073486328125</ele>
        <time>2026-09-09T23:26:05.000Z</time>
        <extensions>
          <ns3:TrackPointExtension>
            <ns3:hr>146</ns3:hr>
            <ns3:cad>81</ns3:cad>
          </ns3:TrackPointExtension>
        </extensions>
      </trkpt>
      <trkpt lat="23.04965612478554248809814453125" lon="113.316469453275203704833984375">
        <ele>7.80000019073486328125</ele>
        <time>2026-09-09T23:26:06.000Z</time>
        <extensions>
          <ns3:TrackPointExtension>
            <ns3:hr>146</ns3:hr>
            <ns3:cad>81</ns3:cad>
          </ns3:TrackPointExtension>
        </extensions>
      </trkpt>
      <trkpt lat="23.04967624135315418243408203125" lon="113.31646668724715709686279296875">
        <ele>7.80000019073486328125</ele>
        <time>2026-09-09T23:26:07.000Z</time>
        <extensions>
          <ns3:TrackPointExtension>
            <ns3:hr>147</ns3:hr>
            <ns3:cad>82</ns3:cad>
          </ns3:TrackPointExtension>
        </extensions>
      </trkpt>
      <trkpt lat="23.04970323108136653900146484375" lon="113.31647104583680629730224609375">
        <ele>7.80000019073486328125</ele>
        <time>2026-09-09T23:26:08.000Z</time>
        <extensions>
          <ns3:TrackPointExtension>
            <ns3:hr>147</ns3:hr>
            <ns3:cad>82</ns3:cad>
          </ns3:TrackPointExtension>
        </extensions>
      </trkpt>
      <trkpt lat="23.04971873760223388671875" lon="113.31646584905683994293212890625">
        <ele>7.80000019073486328125</ele>
        <time>2026-09-09T23:26:09.000Z</time>
        <extensions>
          <ns3:TrackPointExtension>
            <ns3:hr>147</ns3:hr>
            <ns3:cad>82</ns3:cad>
          </ns3:TrackPointExtension>
        </extensions>
      </trkpt>
      <trkpt lat="23.049742877483367919921875" lon="113.31646048463881015777587890625">
        <ele>7.80000019073486328125</ele>
        <time>2026-09-09T23:26:10.000Z</time>
        <extensions>
          <ns3:TrackPointExtension>
            <ns3:hr>147</ns3:hr>
            <ns3:cad>82</ns3:cad>
          </ns3:TrackPointExtension>
        </extensions>
      </trkpt>
      <trkpt lat="23.0497681908309459686279296875" lon="113.31645646132528781890869140625">
        <ele>7.80000019073486328125</ele>
        <time>2026-09-09T23:26:11.000Z</time>
        <extensions>
          <ns3:TrackPointExtension>
            <ns3:hr>147</ns3:hr>
            <ns3:cad>82</ns3:cad>
          </ns3:TrackPointExtension>
        </extensions>
      </trkpt>
      <trkpt lat="23.04978503845632076263427734375" lon="113.316441960632801055908203125">
        <ele>7.80000019073486328125</ele>
        <time>2026-09-09T23:26:12.000Z</time>
        <extensions>
          <ns3:TrackPointExtension>
            <ns3:hr>147</ns3:hr>
            <ns3:cad>82</ns3:cad>
          </ns3:TrackPointExtension>
        </extensions>
      </trkpt>
      <trkpt lat="23.04981504566967487335205078125" lon="113.316431902348995208740234375">
        <ele>7.80000019073486328125</ele>
        <time>2026-09-09T23:26:13.000Z</time>
        <extensions>
          <ns3:TrackPointExtension>
            <ns3:hr>147</ns3:hr>
            <ns3:cad>81</ns3:cad>
          </ns3:TrackPointExtension>
        </extensions>
      </trkpt>
      <trkpt lat="23.0498322285711765289306640625" lon="113.3164293877780437469482421875">
        <ele>7.80000019073486328125</ele>
        <time>2026-09-09T23:26:14.000Z</time>
        <extensions>
          <ns3:TrackPointExtension>
            <ns3:hr>146</ns3:hr>
            <ns3:cad>81</ns3:cad>
          </ns3:TrackPointExtension>
        </extensions>
      </trkpt>
      <trkpt lat="23.04985276423394680023193359375" lon="113.3164156414568424224853515625">
        <ele>7.80000019073486328125</ele>
        <time>2026-09-09T23:26:15.000Z</time>
        <extensions>
          <ns3:TrackPointExtension>
            <ns3:hr>147</ns3:hr>
            <ns3:cad>81</ns3:cad>
          </ns3:TrackPointExtension>
        </extensions>
      </trkpt>
      <trkpt lat="23.04987623356282711029052734375" lon="113.3163992129266262054443359375">
        <ele>7.80000019073486328125</ele>
        <time>2026-09-09T23:26:16.000Z</time>
        <extensions>
          <ns3:TrackPointExtension>
            <ns3:hr>147</ns3:hr>
            <ns3:cad>82</ns3:cad>
          </ns3:TrackPointExtension>
        </extensions>
      </trkpt>
      <trkpt lat="23.049887716770172119140625" lon="113.31639208830893039703369140625">
        <ele>7.80000019073486328125</ele>
        <time>2026-09-09T23:26:17.000Z</time>
        <extensions>
          <ns3:TrackPointExtension>
            <ns3:hr>147</ns3:hr>
            <ns3:cad>82</ns3:cad>
          </ns3:TrackPointExtension>
        </extensions>
      </trkpt>
      <trkpt lat="23.04990104399621486663818359375" lon="113.31637280993163585662841796875">
        <ele>7.80000019073486328125</ele>
        <time>2026-09-09T23:26:18.000Z</time>
        <extensions>
          <ns3:TrackPointExtension>
            <ns3:hr>147</ns3:hr>
            <ns3:cad>82</ns3:cad>
          </ns3:TrackPointExtension>
        </extensions>
      </trkpt>
      <trkpt lat="23.04991797544062137603759765625" lon="113.3163566328585147857666015625">
        <ele>7.599999904632568359375</ele>
        <time>2026-09-09T23:26:19.000Z</time>
        <extensions>
          <ns3:TrackPointExtension>
            <ns3:hr>147</ns3:hr>
            <ns3:cad>82</ns3:cad>
          </ns3:TrackPointExtension>
        </extensions>
      </trkpt>
      <trkpt lat="23.04992183111608028411865234375" lon="113.3163371868431568145751953125">
        <ele>7.80000019073486328125</ele>
        <time>2026-09-09T23:26:20.000Z</time>
        <extensions>
          <ns3:TrackPointExtension>
            <ns3:hr>146</ns3:hr>
            <ns3:cad>82</ns3:cad>
          </ns3:TrackPointExtension>
        </extensions>
      </trkpt>
      <trkpt lat="23.04993624798953533172607421875" lon="113.31630223430693149566650390625">
        <ele>7.80000019073486328125</ele>
        <time>2026-09-09T23:26:21.000Z</time>
        <extensions>
          <ns3:TrackPointExtension>
            <ns3:hr>146</ns3:hr>
            <ns3:cad>82</ns3:cad>
          </ns3:TrackPointExtension>
        </extensions>
      </trkpt>
      <trkpt lat="23.04994530044496059417724609375" lon="113.3162801899015903472900390625">
        <ele>7.80000019073486328125</ele>
        <time>2026-09-09T23:26:22.000Z</time>
        <extensions>
          <ns3:TrackPointExtension>
            <ns3:hr>146</ns3:hr>
            <ns3:cad>82</ns3:cad>
          </ns3:TrackPointExtension>
        </extensions>
      </trkpt>
      <trkpt lat="23.04994580335915088653564453125" lon="113.31625596620142459869384765625">
        <ele>7.80000019073486328125</ele>
        <time>2026-09-09T23:26:23.000Z</time>
        <extensions>
          <ns3:TrackPointExtension>
            <ns3:hr>146</ns3:hr>
            <ns3:cad>82</ns3:cad>
          </ns3:TrackPointExtension>
        </extensions>
      </trkpt>
      <trkpt lat="23.0499532632529735565185546875" lon="113.31622092984616756439208984375">
        <ele>7.80000019073486328125</ele>
        <time>2026-09-09T23:26:24.000Z</time>
        <extensions>
          <ns3:TrackPointExtension>
            <ns3:hr>146</ns3:hr>
            <ns3:cad>82</ns3:cad>
          </ns3:TrackPointExtension>
        </extensions>
      </trkpt>
      <trkpt lat="23.04994999431073665618896484375" lon="113.31620718352496623992919921875">
        <ele>7.80000019073486328125</ele>
        <time>2026-09-09T23:26:25.000Z</time>
        <extensions>
          <ns3:TrackPointExtension>
            <ns3:hr>146</ns3:hr>
            <ns3:cad>82</ns3:cad>
          </ns3:TrackPointExtension>
        </extensions>
      </trkpt>
      <trkpt lat="23.04995167069137096405029296875" lon="113.3161782659590244293212890625">
        <ele>7.80000019073486328125</ele>
        <time>2026-09-09T23:26:26.000Z</time>
        <extensions>
          <ns3:TrackPointExtension>
            <ns3:hr>145</ns3:hr>
            <ns3:cad>82</ns3:cad>
          </ns3:TrackPointExtension>
        </extensions>
      </trkpt>
      <trkpt lat="23.04995720274746417999267578125" lon="113.31615253351628780364990234375">
        <ele>7.80000019073486328125</ele>
        <time>2026-09-09T23:26:27.000Z</time>
        <extensions>
          <ns3:TrackPointExtension>
            <ns3:hr>146</ns3:hr>
            <ns3:cad>82</ns3:cad>
          </ns3:TrackPointExtension>
        </extensions>
      </trkpt>
      <trkpt lat="23.0499482341110706329345703125" lon="113.31612981855869293212890625">
        <ele>7.80000019073486328125</ele>
        <time>2026-09-09T23:26:28.000Z</time>
        <extensions>
          <ns3:TrackPointExtension>
            <ns3:hr>146</ns3:hr>
            <ns3:cad>82</ns3:cad>
          </ns3:TrackPointExtension>
        </extensions>
      </trkpt>
      <trkpt lat="23.049946725368499755859375" lon="113.316097967326641082763671875">
        <ele>7.80000019073486328125</ele>
        <time>2026-09-09T23:26:29.000Z</time>
        <extensions>
          <ns3:TrackPointExtension>
            <ns3:hr>146</ns3:hr>
            <ns3:cad>82</ns3:cad>
          </ns3:TrackPointExtension>
        </extensions>
      </trkpt>
      <trkpt lat="23.04994404315948486328125" lon="113.31607743166387081146240234375">
        <ele>7.80000019073486328125</ele>
        <time>2026-09-09T23:26:30.000Z</time>
        <extensions>
          <ns3:TrackPointExtension>
            <ns3:hr>146</ns3:hr>
            <ns3:cad>82</ns3:cad>
          </ns3:TrackPointExtension>
        </extensions>
      </trkpt>
      <trkpt lat="23.04993943311274051666259765625" lon="113.31605203449726104736328125">
        <ele>7.80000019073486328125</ele>
        <time>2026-09-09T23:26:31.000Z</time>
        <extensions>
          <ns3:TrackPointExtension>
            <ns3:hr>146</ns3:hr>
            <ns3:cad>82</ns3:cad>
          </ns3:TrackPointExtension>
        </extensions>
      </trkpt>
      <trkpt lat="23.04994069039821624755859375" lon="113.31601984798908233642578125">
        <ele>7.80000019073486328125</ele>
        <time>2026-09-09T23:26:32.000Z</time>
        <extensions>
          <ns3:TrackPointExtension>
            <ns3:hr>146</ns3:hr>
            <ns3:cad>82</ns3:cad>
          </ns3:TrackPointExtension>
        </extensions>
      </trkpt>
      <trkpt lat="23.04994546808302402496337890625" lon="113.31599998287856578826904296875">
        <ele>7.80000019073486328125</ele>
        <time>2026-09-09T23:26:33.000Z</time>
        <extensions>
          <ns3:TrackPointExtension>
            <ns3:hr>147</ns3:hr>
            <ns3:cad>82</ns3:cad>
          </ns3:TrackPointExtension>
        </extensions>
      </trkpt>
      <trkpt lat="23.04994295351207256317138671875" lon="113.31597500480711460113525390625">
        <ele>7.80000019073486328125</ele>
        <time>2026-09-09T23:26:34.000Z</time>
        <extensions>
          <ns3:TrackPointExtension>
            <ns3:hr>147</ns3:hr>
            <ns3:cad>81</ns3:cad>
          </ns3:TrackPointExtension>
        </extensions>
      </trkpt>
      <trkpt lat="23.04994429461658000946044921875" lon="113.3159532956779003143310546875">
        <ele>7.80000019073486328125</ele>
        <time>2026-09-09T23:26:35.000Z</time>
        <extensions>
          <ns3:TrackPointExtension>
            <ns3:hr>147</ns3:hr>
            <ns3:cad>82</ns3:cad>
          </ns3:TrackPointExtension>
        </extensions>
      </trkpt>
      <trkpt lat="23.0499395169317722320556640625" lon="113.31592991016805171966552734375">
        <ele>7.80000019073486328125</ele>
        <time>2026-09-09T23:26:36.000Z</time>
        <extensions>
          <ns3:TrackPointExtension>
            <ns3:hr>147</ns3:hr>
            <ns3:cad>82</ns3:cad>
          </ns3:TrackPointExtension>
        </extensions>
      </trkpt>
      <trkpt lat="23.04994345642626285552978515625" lon="113.3158949576318264007568359375">
        <ele>7.80000019073486328125</ele>
        <time>2026-09-09T23:26:37.000Z</time>
        <extensions>
          <ns3:TrackPointExtension>
            <ns3:hr>147</ns3:hr>
            <ns3:cad>82</ns3:cad>
          </ns3:TrackPointExtension>
        </extensions>
      </trkpt>
      <trkpt lat="23.049943707883358001708984375" lon="113.3158758468925952911376953125">
        <ele>7.80000019073486328125</ele>
        <time>2026-09-09T23:26:38.000Z</time>
        <extensions>
          <ns3:TrackPointExtension>
            <ns3:hr>148</ns3:hr>
            <ns3:cad>83</ns3:cad>
          </ns3:TrackPointExtension>
        </extensions>
      </trkpt>
      <trkpt lat="23.049938343465328216552734375" lon="113.3158543892204761505126953125">
        <ele>7.80000019073486328125</ele>
        <time>2026-09-09T23:26:39.000Z</time>
        <extensions>
          <ns3:TrackPointExtension>
            <ns3:hr>147</ns3:hr>
            <ns3:cad>83</ns3:cad>
          </ns3:TrackPointExtension>
        </extensions>
      </trkpt>
      <trkpt lat="23.049930632114410400390625" lon="113.31582664512097835540771484375">
        <ele>7.80000019073486328125</ele>
        <time>2026-09-09T23:26:40.000Z</time>
        <extensions>
          <ns3:TrackPointExtension>
            <ns3:hr>147</ns3:hr>
            <ns3:cad>83</ns3:cad>
          </ns3:TrackPointExtension>
        </extensions>
      </trkpt>
      <trkpt lat="23.04992015473544597625732421875" lon="113.31581273116171360015869140625">
        <ele>7.80000019073486328125</ele>
        <time>2026-09-09T23:26:41.000Z</time>
        <extensions>
          <ns3:TrackPointExtension>
            <ns3:hr>147</ns3:hr>
            <ns3:cad>83</ns3:cad>
          </ns3:TrackPointExtension>
        </extensions>
      </trkpt>
      <trkpt lat="23.0499147064983844757080078125" lon="113.315790854394435882568359375">
        <ele>7.80000019073486328125</ele>
        <time>2026-09-09T23:26:42.000Z</time>
        <extensions>
          <ns3:TrackPointExtension>
            <ns3:hr>148</ns3:hr>
            <ns3:cad>82</ns3:cad>
          </ns3:TrackPointExtension>
        </extensions>
      </trkpt>
      <trkpt lat="23.0499163828790187835693359375" lon="113.3157603442668914794921875">
        <ele>7.80000019073486328125</ele>
        <time>2026-09-09T23:26:43.000Z</time>
        <extensions>
          <ns3:TrackPointExtension>
            <ns3:hr>147</ns3:hr>
            <ns3:cad>82</ns3:cad>
          </ns3:TrackPointExtension>
        </extensions>
      </trkpt>
      <trkpt lat="23.04991378448903560638427734375" lon="113.31573645584285259246826171875">
        <ele>7.80000019073486328125</ele>
        <time>2026-09-09T23:26:44.000Z</time>
        <extensions>
          <ns3:TrackPointExtension>
            <ns3:hr>147</ns3:hr>
            <ns3:cad>82</ns3:cad>
          </ns3:TrackPointExtension>
        </extensions>
      </trkpt>
      <trkpt lat="23.04991252720355987548828125" lon="113.3157082088291645050048828125">
        <ele>7.80000019073486328125</ele>
        <time>2026-09-09T23:26:45.000Z</time>
        <extensions>
          <ns3:TrackPointExtension>
            <ns3:hr>147</ns3:hr>
            <ns3:cad>82</ns3:cad>
          </ns3:TrackPointExtension>
        </extensions>
      </trkpt>
      <trkpt lat="23.04991311393678188323974609375" lon="113.3156867511570453643798828125">
        <ele>7.80000019073486328125</ele>
        <time>2026-09-09T23:26:46.000Z</time>
        <extensions>
          <ns3:TrackPointExtension>
            <ns3:hr>147</ns3:hr>
            <ns3:cad>82</ns3:cad>
          </ns3:TrackPointExtension>
        </extensions>
      </trkpt>
      <trkpt lat="23.04990909062325954437255859375" lon="113.31566319800913333892822265625">
        <ele>7.80000019073486328125</ele>
        <time>2026-09-09T23:26:47.000Z</time>
        <extensions>
          <ns3:TrackPointExtension>
            <ns3:hr>147</ns3:hr>
            <ns3:cad>82</ns3:cad>
          </ns3:TrackPointExtension>
        </extensions>
      </trkpt>
      <trkpt lat="23.04990657605230808258056640625" lon="113.31563360989093780517578125">
        <ele>7.80000019073486328125</ele>
        <time>2026-09-09T23:26:48.000Z</time>
        <extensions>
          <ns3:TrackPointExtension>
            <ns3:hr>146</ns3:hr>
            <ns3:cad>81</ns3:cad>
          </ns3:TrackPointExtension>
        </extensions>
      </trkpt>
      <trkpt lat="23.049906827509403228759765625" lon="113.315615169703960418701171875">
        <ele>7.80000019073486328125</ele>
        <time>2026-09-09T23:26:49.000Z</time>
        <extensions>
          <ns3:TrackPointExtension>
            <ns3:hr>146</ns3:hr>
            <ns3:cad>81</ns3:cad>
          </ns3:TrackPointExtension>
        </extensions>
      </trkpt>
      <trkpt lat="23.04990540258586406707763671875" lon="113.31559211947023868560791015625">
        <ele>7.80000019073486328125</ele>
        <time>2026-09-09T23:26:50.000Z</time>
        <extensions>
          <ns3:TrackPointExtension>
            <ns3:hr>146</ns3:hr>
            <ns3:cad>81</ns3:cad>
          </ns3:TrackPointExtension>
        </extensions>
      </trkpt>
      <trkpt lat="23.0499123595654964447021484375" lon="113.31555741839110851287841796875">
        <ele>7.80000019073486328125</ele>
        <time>2026-09-09T23:26:51.000Z</time>
        <extensions>
          <ns3:TrackPointExtension>
            <ns3:hr>146</ns3:hr>
            <ns3:cad>81</ns3:cad>
          </ns3:TrackPointExtension>
        </extensions>
      </trkpt>
      <trkpt lat="23.04991311393678188323974609375" lon="113.31554031930863857269287109375">
        <ele>7.80000019073486328125</ele>
        <time>2026-09-09T23:26:52.000Z</time>
        <extensions>
          <ns3:TrackPointExtension>
            <ns3:hr>146</ns3:hr>
            <ns3:cad>81</ns3:cad>
          </ns3:TrackPointExtension>
        </extensions>
      </trkpt>
      <trkpt lat="23.04991093464195728302001953125" lon="113.3155135810375213623046875">
        <ele>7.80000019073486328125</ele>
        <time>2026-09-09T23:26:53.000Z</time>
        <extensions>
          <ns3:TrackPointExtension>
            <ns3:hr>147</ns3:hr>
            <ns3:cad>80</ns3:cad>
          </ns3:TrackPointExtension>
        </extensions>
      </trkpt>
      <trkpt lat="23.049914874136447906494140625" lon="113.31548416055738925933837890625">
        <ele>7.80000019073486328125</ele>
        <time>2026-09-09T23:26:54.000Z</time>
        <extensions>
          <ns3:TrackPointExtension>
            <ns3:hr>147</ns3:hr>
            <ns3:cad>81</ns3:cad>
          </ns3:TrackPointExtension>
        </extensions>
      </trkpt>
      <trkpt lat="23.049905486404895782470703125" lon="113.31546622328460216522216796875">
        <ele>7.80000019073486328125</ele>
        <time>2026-09-09T23:26:55.000Z</time>
        <extensions>
          <ns3:TrackPointExtension>
            <ns3:hr>147</ns3:hr>
            <ns3:cad>81</ns3:cad>
          </ns3:TrackPointExtension>
        </extensions>
      </trkpt>
      <trkpt lat="23.04990473203361034393310546875" lon="113.31543982028961181640625">
        <ele>7.80000019073486328125</ele>
        <time>2026-09-09T23:26:56.000Z</time>
        <extensions>
          <ns3:TrackPointExtension>
            <ns3:hr>148</ns3:hr>
            <ns3:cad>82</ns3:cad>
          </ns3:TrackPointExtension>
        </extensions>
      </trkpt>
      <trkpt lat="23.04990439675748348236083984375" lon="113.3154205419123172760009765625">
        <ele>7.80000019073486328125</ele>
        <time>2026-09-09T23:26:57.000Z</time>
        <extensions>
          <ns3:TrackPointExtension>
            <ns3:hr>148</ns3:hr>
            <ns3:cad>82</ns3:cad>
          </ns3:TrackPointExtension>
        </extensions>
      </trkpt>
      <trkpt lat="23.0498989485204219818115234375" lon="113.3153964020311832427978515625">
        <ele>7.80000019073486328125</ele>
        <time>2026-09-09T23:26:58.000Z</time>
        <extensions>
          <ns3:TrackPointExtension>
            <ns3:hr>149</ns3:hr>
            <ns3:cad>82</ns3:cad>
          </ns3:TrackPointExtension>
        </extensions>
      </trkpt>
      <trkpt lat="23.0498955957591533660888671875" lon="113.3153625391423702239990234375">
        <ele>7.80000019073486328125</ele>
        <time>2026-09-09T23:26:59.000Z</time>
        <extensions>
          <ns3:TrackPointExtension>
            <ns3:hr>149</ns3:hr>
            <ns3:cad>83</ns3:cad>
          </ns3:TrackPointExtension>
        </extensions>
      </trkpt>
      <trkpt lat="23.04989098571240901947021484375" lon="113.3153370581567287445068359375">
        <ele>7.80000019073486328125</ele>
        <time>2026-09-09T23:27:00.000Z</time>
        <extensions>
          <ns3:TrackPointExtension>
            <ns3:hr>149</ns3:hr>
            <ns3:cad>82</ns3:cad>
          </ns3:TrackPointExtension>
        </extensions>
      </trkpt>
      <trkpt lat="23.04988436400890350341796875" lon="113.3153095655143260955810546875">
        <ele>7.80000019073486328125</ele>
        <time>2026-09-09T23:27:01.000Z</time>
        <extensions>
          <ns3:TrackPointExtension>
            <ns3:hr>150</ns3:hr>
            <ns3:cad>82</ns3:cad>
          </ns3:TrackPointExtension>
        </extensions>
      </trkpt>
      <trkpt lat="23.0498828552663326263427734375" lon="113.315283916890621185302734375">
        <ele>7.80000019073486328125</ele>
        <time>2026-09-09T23:27:02.000Z</time>
        <extensions>
          <ns3:TrackPointExtension>
            <ns3:hr>150</ns3:hr>
            <ns3:cad>82</ns3:cad>
          </ns3:TrackPointExtension>
        </extensions>
      </trkpt>
      <trkpt lat="23.049880005419254302978515625" lon="113.31526346504688262939453125">
        <ele>7.80000019073486328125</ele>
        <time>2026-09-09T23:27:03.000Z</time>
        <extensions>
          <ns3:TrackPointExtension>
            <ns3:hr>150</ns3:hr>
            <ns3:cad>82</ns3:cad>
          </ns3:TrackPointExtension>
        </extensions>
      </trkpt>
      <trkpt lat="23.04988645948469638824462890625" lon="113.3152388222515583038330078125">
        <ele>7.80000019073486328125</ele>
        <time>2026-09-09T23:27:04.000Z</time>
        <extensions>
          <ns3:TrackPointExtension>
            <ns3:hr>150</ns3:hr>
            <ns3:cad>82</ns3:cad>
          </ns3:TrackPointExtension>
        </extensions>
      </trkpt>
      <trkpt lat="23.04989148862659931182861328125" lon="113.31521593965590000152587890625">
        <ele>7.80000019073486328125</ele>
        <time>2026-09-09T23:27:05.000Z</time>
        <extensions>
          <ns3:TrackPointExtension>
            <ns3:hr>151</ns3:hr>
            <ns3:cad>82</ns3:cad>
          </ns3:TrackPointExtension>
        </extensions>
      </trkpt>
      <trkpt lat="23.04988746531307697296142578125" lon="113.3151912130415439605712890625">
        <ele>8</ele>
        <time>2026-09-09T23:27:06.000Z</time>
        <extensions>
          <ns3:TrackPointExtension>
            <ns3:hr>151</ns3:hr>
            <ns3:cad>82</ns3:cad>
          </ns3:TrackPointExtension>
        </extensions>
      </trkpt>
      <trkpt lat="23.0498835258185863494873046875" lon="113.31515642814338207244873046875">
        <ele>8</ele>
        <time>2026-09-09T23:27:07.000Z</time>
        <extensions>
          <ns3:TrackPointExtension>
            <ns3:hr>151</ns3:hr>
            <ns3:cad>82</ns3:cad>
          </ns3:TrackPointExtension>
        </extensions>
      </trkpt>
      <trkpt lat="23.049886040389537811279296875" lon="113.31513798795640468597412109375">
        <ele>8</ele>
        <time>2026-09-09T23:27:08.000Z</time>
        <extensions>
          <ns3:TrackPointExtension>
            <ns3:hr>151</ns3:hr>
            <ns3:cad>82</ns3:cad>
          </ns3:TrackPointExtension>
        </extensions>
      </trkpt>
      <trkpt lat="23.04988008923828601837158203125" lon="113.31511803902685642242431640625">
        <ele>7.80000019073486328125</ele>
        <time>2026-09-09T23:27:09.000Z</time>
        <extensions>
          <ns3:TrackPointExtension>
            <ns3:hr>150</ns3:hr>
            <ns3:cad>82</ns3:cad>
          </ns3:TrackPointExtension>
        </extensions>
      </trkpt>
      <trkpt lat="23.04988260380923748016357421875" lon="113.31508887000381946563720703125">
        <ele>7.80000019073486328125</ele>
        <time>2026-09-09T23:27:10.000Z</time>
        <extensions>
          <ns3:TrackPointExtension>
            <ns3:hr>150</ns3:hr>
            <ns3:cad>82</ns3:cad>
          </ns3:TrackPointExtension>
        </extensions>
      </trkpt>
      <trkpt lat="23.04988042451441287994384765625" lon="113.3150698430836200714111328125">
        <ele>7.80000019073486328125</ele>
        <time>2026-09-09T23:27:11.000Z</time>
        <extensions>
          <ns3:TrackPointExtension>
            <ns3:hr>150</ns3:hr>
            <ns3:cad>82</ns3:cad>
          </ns3:TrackPointExtension>
        </extensions>
      </trkpt>
      <trkpt lat="23.04987790994346141815185546875" lon="113.3150446973741054534912109375">
        <ele>7.80000019073486328125</ele>
        <time>2026-09-09T23:27:12.000Z</time>
        <extensions>
          <ns3:TrackPointExtension>
            <ns3:hr>150</ns3:hr>
            <ns3:cad>82</ns3:cad>
          </ns3:TrackPointExtension>
        </extensions>
      </trkpt>
      <trkpt lat="23.04987841285765171051025390625" lon="113.31502131186425685882568359375">
        <ele>7.80000019073486328125</ele>
        <time>2026-09-09T23:27:13.000Z</time>
        <extensions>
          <ns3:TrackPointExtension>
            <ns3:hr>150</ns3:hr>
            <ns3:cad>82</ns3:cad>
          </ns3:TrackPointExtension>
        </extensions>
      </trkpt>
      <trkpt lat="23.04987187497317790985107421875" lon="113.31499700434505939483642578125">
        <ele>7.80000019073486328125</ele>
        <time>2026-09-09T23:27:14.000Z</time>
        <extensions>
          <ns3:TrackPointExtension>
            <ns3:hr>150</ns3:hr>
            <ns3:cad>82</ns3:cad>
          </ns3:TrackPointExtension>
        </extensions>
      </trkpt>
      <trkpt lat="23.04987489245831966400146484375" lon="113.3149659074842929840087890625">
        <ele>7.80000019073486328125</ele>
        <time>2026-09-09T23:27:15.000Z</time>
        <extensions>
          <ns3:TrackPointExtension>
            <ns3:hr>150</ns3:hr>
            <ns3:cad>82</ns3:cad>
          </ns3:TrackPointExtension>
        </extensions>
      </trkpt>
      <trkpt lat="23.04987371899187564849853515625" lon="113.31494654528796672821044921875">
        <ele>7.80000019073486328125</ele>
        <time>2026-09-09T23:27:16.000Z</time>
        <extensions>
          <ns3:TrackPointExtension>
            <ns3:hr>150</ns3:hr>
            <ns3:cad>82</ns3:cad>
          </ns3:TrackPointExtension>
        </extensions>
      </trkpt>
      <trkpt lat="23.0498681031167507171630859375" lon="113.3149276860058307647705078125">
        <ele>7.80000019073486328125</ele>
        <time>2026-09-09T23:27:17.000Z</time>
        <extensions>
          <ns3:TrackPointExtension>
            <ns3:hr>150</ns3:hr>
            <ns3:cad>82</ns3:cad>
          </ns3:TrackPointExtension>
        </extensions>
      </trkpt>
      <trkpt lat="23.04986969567835330963134765625" lon="113.3148971758782863616943359375">
        <ele>7.80000019073486328125</ele>
        <time>2026-09-09T23:27:18.000Z</time>
        <extensions>
          <ns3:TrackPointExtension>
            <ns3:hr>150</ns3:hr>
            <ns3:cad>82</ns3:cad>
          </ns3:TrackPointExtension>
        </extensions>
      </trkpt>
      <trkpt lat="23.04987095296382904052734375" lon="113.3148770593106746673583984375">
        <ele>7.80000019073486328125</ele>
        <time>2026-09-09T23:27:19.000Z</time>
        <extensions>
          <ns3:TrackPointExtension>
            <ns3:hr>150</ns3:hr>
            <ns3:cad>82</ns3:cad>
          </ns3:TrackPointExtension>
        </extensions>
      </trkpt>
      <trkpt lat="23.04986894130706787109375" lon="113.31485250033438205718994140625">
        <ele>7.80000019073486328125</ele>
        <time>2026-09-09T23:27:20.000Z</time>
        <extensions>
          <ns3:TrackPointExtension>
            <ns3:hr>149</ns3:hr>
            <ns3:cad>82</ns3:cad>
          </ns3:TrackPointExtension>
        </extensions>
      </trkpt>
      <trkpt lat="23.0498729646205902099609375" lon="113.31482802517712116241455078125">
        <ele>7.80000019073486328125</ele>
        <time>2026-09-09T23:27:21.000Z</time>
        <extensions>
          <ns3:TrackPointExtension>
            <ns3:hr>149</ns3:hr>
            <ns3:cad>82</ns3:cad>
          </ns3:TrackPointExtension>
        </extensions>
      </trkpt>
      <trkpt lat="23.049867935478687286376953125" lon="113.3148096688091754913330078125">
        <ele>7.80000019073486328125</ele>
        <time>2026-09-09T23:27:22.000Z</time>
        <extensions>
          <ns3:TrackPointExtension>
            <ns3:hr>149</ns3:hr>
            <ns3:cad>82</ns3:cad>
          </ns3:TrackPointExtension>
        </extensions>
      </trkpt>
      <trkpt lat="23.04987019859254360198974609375" lon="113.31477756612002849578857421875">
        <ele>7.80000019073486328125</ele>
        <time>2026-09-09T23:27:23.000Z</time>
        <extensions>
          <ns3:TrackPointExtension>
            <ns3:hr>148</ns3:hr>
            <ns3:cad>81</ns3:cad>
          </ns3:TrackPointExtension>
        </extensions>
      </trkpt>
      <trkpt lat="23.049866594374179840087890625" lon="113.31475862301886081695556640625">
        <ele>7.80000019073486328125</ele>
        <time>2026-09-09T23:27:24.000Z</time>
        <extensions>
          <ns3:TrackPointExtension>
            <ns3:hr>148</ns3:hr>
            <ns3:cad>81</ns3:cad>
          </ns3:TrackPointExtension>
        </extensions>
      </trkpt>
      <trkpt lat="23.0498627386987209320068359375" lon="113.31473414786159992218017578125">
        <ele>7.80000019073486328125</ele>
        <time>2026-09-09T23:27:25.000Z</time>
        <extensions>
          <ns3:TrackPointExtension>
            <ns3:hr>148</ns3:hr>
            <ns3:cad>82</ns3:cad>
          </ns3:TrackPointExtension>
        </extensions>
      </trkpt>
      <trkpt lat="23.04986852221190929412841796875" lon="113.31470414064824581146240234375">
        <ele>7.80000019073486328125</ele>
        <time>2026-09-09T23:27:26.000Z</time>
        <extensions>
          <ns3:TrackPointExtension>
            <ns3:hr>149</ns3:hr>
            <ns3:cad>82</ns3:cad>
          </ns3:TrackPointExtension>
        </extensions>
      </trkpt>
      <trkpt lat="23.04987153969705104827880859375" lon="113.314686454832553863525390625">
        <ele>7.80000019073486328125</ele>
        <time>2026-09-09T23:27:27.000Z</time>
        <extensions>
          <ns3:TrackPointExtension>
            <ns3:hr>148</ns3:hr>
            <ns3:cad>82</ns3:cad>
          </ns3:TrackPointExtension>
        </extensions>
      </trkpt>
      <trkpt lat="23.0498697794973850250244140625" lon="113.3146606385707855224609375">
        <ele>7.80000019073486328125</ele>
        <time>2026-09-09T23:27:28.000Z</time>
        <extensions>
          <ns3:TrackPointExtension>
            <ns3:hr>148</ns3:hr>
            <ns3:cad>82</ns3:cad>
          </ns3:TrackPointExtension>
        </extensions>
      </trkpt>
      <trkpt lat="23.04987388662993907928466796875" lon="113.31463557668030261993408203125">
        <ele>7.80000019073486328125</ele>
        <time>2026-09-09T23:27:29.000Z</time>
        <extensions>
          <ns3:TrackPointExtension>
            <ns3:hr>148</ns3:hr>
            <ns3:cad>82</ns3:cad>
          </ns3:TrackPointExtension>
        </extensions>
      </trkpt>
      <trkpt lat="23.0498707853257656097412109375" lon="113.3146128617227077484130859375">
        <ele>7.80000019073486328125</ele>
        <time>2026-09-09T23:27:30.000Z</time>
        <extensions>
          <ns3:TrackPointExtension>
            <ns3:hr>148</ns3:hr>
            <ns3:cad>82</ns3:cad>
          </ns3:TrackPointExtension>
        </extensions>
      </trkpt>
      <trkpt lat="23.0498711206018924713134765625" lon="113.3145843632519245147705078125">
        <ele>7.80000019073486328125</ele>
        <time>2026-09-09T23:27:31.000Z</time>
        <extensions>
          <ns3:TrackPointExtension>
            <ns3:hr>148</ns3:hr>
            <ns3:cad>82</ns3:cad>
          </ns3:TrackPointExtension>
        </extensions>
      </trkpt>
      <trkpt lat="23.04986332543194293975830078125" lon="113.3145655877888202667236328125">
        <ele>7.80000019073486328125</ele>
        <time>2026-09-09T23:27:32.000Z</time>
        <extensions>
          <ns3:TrackPointExtension>
            <ns3:hr>148</ns3:hr>
            <ns3:cad>82</ns3:cad>
          </ns3:TrackPointExtension>
        </extensions>
      </trkpt>
      <trkpt lat="23.04986014030873775482177734375" lon="113.314538933336734771728515625">
        <ele>7.599999904632568359375</ele>
        <time>2026-09-09T23:27:33.000Z</time>
        <extensions>
          <ns3:TrackPointExtension>
            <ns3:hr>147</ns3:hr>
            <ns3:cad>82</ns3:cad>
          </ns3:TrackPointExtension>
        </extensions>
      </trkpt>
      <trkpt lat="23.04986835457384586334228515625" lon="113.3145119436085224151611328125">
        <ele>7.599999904632568359375</ele>
        <time>2026-09-09T23:27:34.000Z</time>
        <extensions>
          <ns3:TrackPointExtension>
            <ns3:hr>148</ns3:hr>
            <ns3:cad>83</ns3:cad>
          </ns3:TrackPointExtension>
        </extensions>
      </trkpt>
      <trkpt lat="23.04986349307000637054443359375" lon="113.31449501216411590576171875">
        <ele>7.599999904632568359375</ele>
        <time>2026-09-09T23:27:35.000Z</time>
        <extensions>
          <ns3:TrackPointExtension>
            <ns3:hr>148</ns3:hr>
            <ns3:cad>83</ns3:cad>
          </ns3:TrackPointExtension>
        </extensions>
      </trkpt>
      <trkpt lat="23.0498667620122432708740234375" lon="113.31446760334074497222900390625">
        <ele>7.599999904632568359375</ele>
        <time>2026-09-09T23:27:36.000Z</time>
        <extensions>
          <ns3:TrackPointExtension>
            <ns3:hr>148</ns3:hr>
            <ns3:cad>83</ns3:cad>
          </ns3:TrackPointExtension>
        </extensions>
      </trkpt>
      <trkpt lat="23.04987254552543163299560546875" lon="113.31444782204926013946533203125">
        <ele>7.599999904632568359375</ele>
        <time>2026-09-09T23:27:37.000Z</time>
        <extensions>
          <ns3:TrackPointExtension>
            <ns3:hr>148</ns3:hr>
            <ns3:cad>82</ns3:cad>
          </ns3:TrackPointExtension>
        </extensions>
      </trkpt>
      <trkpt lat="23.0498721264302730560302734375" lon="113.3144210837781429290771484375">
        <ele>7.80000019073486328125</ele>
        <time>2026-09-09T23:27:38.000Z</time>
        <extensions>
          <ns3:TrackPointExtension>
            <ns3:hr>148</ns3:hr>
            <ns3:cad>82</ns3:cad>
          </ns3:TrackPointExtension>
        </extensions>
      </trkpt>
      <trkpt lat="23.0498754791915416717529296875" lon="113.31438914872705936431884765625">
        <ele>7.80000019073486328125</ele>
        <time>2026-09-09T23:27:39.000Z</time>
        <extensions>
          <ns3:TrackPointExtension>
            <ns3:hr>148</ns3:hr>
            <ns3:cad>82</ns3:cad>
          </ns3:TrackPointExtension>
        </extensions>
      </trkpt>
      <trkpt lat="23.04987774230539798736572265625" lon="113.314369954168796539306640625">
        <ele>7.80000019073486328125</ele>
        <time>2026-09-09T23:27:40.000Z</time>
        <extensions>
          <ns3:TrackPointExtension>
            <ns3:hr>148</ns3:hr>
            <ns3:cad>82</ns3:cad>
          </ns3:TrackPointExtension>
        </extensions>
      </trkpt>
      <trkpt lat="23.04987438954412937164306640625" lon="113.314341790974140167236328125">
        <ele>7.599999904632568359375</ele>
        <time>2026-09-09T23:27:41.000Z</time>
        <extensions>
          <ns3:TrackPointExtension>
            <ns3:hr>148</ns3:hr>
            <ns3:cad>82</ns3:cad>
          </ns3:TrackPointExtension>
        </extensions>
      </trkpt>
      <trkpt lat="23.04987405426800251007080078125" lon="113.31431186757981777191162109375">
        <ele>7.599999904632568359375</ele>
        <time>2026-09-09T23:27:42.000Z</time>
        <extensions>
          <ns3:TrackPointExtension>
            <ns3:hr>148</ns3:hr>
            <ns3:cad>82</ns3:cad>
          </ns3:TrackPointExtension>
        </extensions>
      </trkpt>
      <trkpt lat="23.049866259098052978515625" lon="113.3142940141260623931884765625">
        <ele>7.599999904632568359375</ele>
        <time>2026-09-09T23:27:43.000Z</time>
        <extensions>
          <ns3:TrackPointExtension>
            <ns3:hr>148</ns3:hr>
            <ns3:cad>82</ns3:cad>
          </ns3:TrackPointExtension>
        </extensions>
      </trkpt>
      <trkpt lat="23.0498664267361164093017578125" lon="113.31426610238850116729736328125">
        <ele>7.80000019073486328125</ele>
        <time>2026-09-09T23:27:44.000Z</time>
        <extensions>
          <ns3:TrackPointExtension>
            <ns3:hr>148</ns3:hr>
            <ns3:cad>82</ns3:cad>
          </ns3:TrackPointExtension>
        </extensions>
      </trkpt>
      <trkpt lat="23.04986584000289440155029296875" lon="113.3142470754683017730712890625">
        <ele>7.80000019073486328125</ele>
        <time>2026-09-09T23:27:45.000Z</time>
        <extensions>
          <ns3:TrackPointExtension>
            <ns3:hr>148</ns3:hr>
            <ns3:cad>82</ns3:cad>
          </ns3:TrackPointExtension>
        </extensions>
      </trkpt>
      <trkpt lat="23.049861229956150054931640625" lon="113.31422100774943828582763671875">
        <ele>7.80000019073486328125</ele>
        <time>2026-09-09T23:27:46.000Z</time>
        <extensions>
          <ns3:TrackPointExtension>
            <ns3:hr>148</ns3:hr>
            <ns3:cad>82</ns3:cad>
          </ns3:TrackPointExtension>
        </extensions>
      </trkpt>
      <trkpt lat="23.04986382834613323211669921875" lon="113.3141910843551158905029296875">
        <ele>7.80000019073486328125</ele>
        <time>2026-09-09T23:27:47.000Z</time>
        <extensions>
          <ns3:TrackPointExtension>
            <ns3:hr>147</ns3:hr>
            <ns3:cad>82</ns3:cad>
          </ns3:TrackPointExtension>
        </extensions>
      </trkpt>
      <trkpt lat="23.04985796101391315460205078125" lon="113.31417717039585113525390625">
        <ele>7.80000019073486328125</ele>
        <time>2026-09-09T23:27:48.000Z</time>
        <extensions>
          <ns3:TrackPointExtension>
            <ns3:hr>147</ns3:hr>
            <ns3:cad>82</ns3:cad>
          </ns3:TrackPointExtension>
        </extensions>
      </trkpt>
      <trkpt lat="23.0498556979000568389892578125" lon="113.31414942629635334014892578125">
        <ele>7.599999904632568359375</ele>
        <time>2026-09-09T23:27:49.000Z</time>
        <extensions>
          <ns3:TrackPointExtension>
            <ns3:hr>147</ns3:hr>
            <ns3:cad>82</ns3:cad>
          </ns3:TrackPointExtension>
        </extensions>
      </trkpt>
      <trkpt lat="23.04986584000289440155029296875" lon="113.31412109546363353729248046875">
        <ele>7.599999904632568359375</ele>
        <time>2026-09-09T23:27:50.000Z</time>
        <extensions>
          <ns3:TrackPointExtension>
            <ns3:hr>147</ns3:hr>
            <ns3:cad>82</ns3:cad>
          </ns3:TrackPointExtension>
        </extensions>
      </trkpt>
      <trkpt lat="23.049859888851642608642578125" lon="113.3140988834202289581298828125">
        <ele>7.599999904632568359375</ele>
        <time>2026-09-09T23:27:51.000Z</time>
        <extensions>
          <ns3:TrackPointExtension>
            <ns3:hr>147</ns3:hr>
            <ns3:cad>82</ns3:cad>
          </ns3:TrackPointExtension>
        </extensions>
      </trkpt>
      <trkpt lat="23.04985645227134227752685546875" lon="113.31406258977949619293212890625">
        <ele>7.599999904632568359375</ele>
        <time>2026-09-09T23:27:52.000Z</time>
        <extensions>
          <ns3:TrackPointExtension>
            <ns3:hr>147</ns3:hr>
            <ns3:cad>82</ns3:cad>
          </ns3:TrackPointExtension>
        </extensions>
      </trkpt>
      <trkpt lat="23.049855865538120269775390625" lon="113.31404347904026508331298828125">
        <ele>7.80000019073486328125</ele>
        <time>2026-09-09T23:27:53.000Z</time>
        <extensions>
          <ns3:TrackPointExtension>
            <ns3:hr>147</ns3:hr>
            <ns3:cad>82</ns3:cad>
          </ns3:TrackPointExtension>
        </extensions>
      </trkpt>
      <trkpt lat="23.04985092021524906158447265625" lon="113.31401783041656017303466796875">
        <ele>7.80000019073486328125</ele>
        <time>2026-09-09T23:27:54.000Z</time>
        <extensions>
          <ns3:TrackPointExtension>
            <ns3:hr>147</ns3:hr>
            <ns3:cad>82</ns3:cad>
          </ns3:TrackPointExtension>
        </extensions>
      </trkpt>
      <trkpt lat="23.0498577095568180084228515625" lon="113.31398027949035167694091796875">
        <ele>7.599999904632568359375</ele>
        <time>2026-09-09T23:27:55.000Z</time>
        <extensions>
          <ns3:TrackPointExtension>
            <ns3:hr>147</ns3:hr>
            <ns3:cad>82</ns3:cad>
          </ns3:TrackPointExtension>
        </extensions>
      </trkpt>
      <trkpt lat="23.04985410533845424652099609375" lon="113.31396368332207202911376953125">
        <ele>7.599999904632568359375</ele>
        <time>2026-09-09T23:27:56.000Z</time>
        <extensions>
          <ns3:TrackPointExtension>
            <ns3:hr>148</ns3:hr>
            <ns3:cad>82</ns3:cad>
          </ns3:TrackPointExtension>
        </extensions>
      </trkpt>
      <trkpt lat="23.04985527880489826202392578125" lon="113.3139324188232421875">
        <ele>7.599999904632568359375</ele>
        <time>2026-09-09T23:27:57.000Z</time>
        <extensions>
          <ns3:TrackPointExtension>
            <ns3:hr>148</ns3:hr>
            <ns3:cad>82</ns3:cad>
          </ns3:TrackPointExtension>
        </extensions>
      </trkpt>
      <trkpt lat="23.04986290633678436279296875" lon="113.31390668638050556182861328125">
        <ele>7.80000019073486328125</ele>
        <time>2026-09-09T23:27:58.000Z</time>
        <extensions>
          <ns3:TrackPointExtension>
            <ns3:hr>148</ns3:hr>
            <ns3:cad>82</ns3:cad>
          </ns3:TrackPointExtension>
        </extensions>
      </trkpt>
      <trkpt lat="23.04986584000289440155029296875" lon="113.3138896711170673370361328125">
        <ele>7.80000019073486328125</ele>
        <time>2026-09-09T23:27:59.000Z</time>
        <extensions>
          <ns3:TrackPointExtension>
            <ns3:hr>148</ns3:hr>
            <ns3:cad>82</ns3:cad>
          </ns3:TrackPointExtension>
        </extensions>
      </trkpt>
      <trkpt lat="23.049867935478687286376953125" lon="113.3138507790863513946533203125">
        <ele>7.80000019073486328125</ele>
        <time>2026-09-09T23:28:00.000Z</time>
        <extensions>
          <ns3:TrackPointExtension>
            <ns3:hr>148</ns3:hr>
            <ns3:cad>82</ns3:cad>
          </ns3:TrackPointExtension>
        </extensions>
      </trkpt>
      <trkpt lat="23.049864582717418670654296875" lon="113.31383359618484973907470703125">
        <ele>7.599999904632568359375</ele>
        <time>2026-09-09T23:28:01.000Z</time>
        <extensions>
          <ns3:TrackPointExtension>
            <ns3:hr>148</ns3:hr>
            <ns3:cad>82</ns3:cad>
          </ns3:TrackPointExtension>
        </extensions>
      </trkpt>
      <trkpt lat="23.049857877194881439208984375" lon="113.31380878575146198272705078125">
        <ele>7.599999904632568359375</ele>
        <time>2026-09-09T23:28:02.000Z</time>
        <extensions>
          <ns3:TrackPointExtension>
            <ns3:hr>148</ns3:hr>
            <ns3:cad>82</ns3:cad>
          </ns3:TrackPointExtension>
        </extensions>
      </trkpt>
      <trkpt lat="23.049862571060657501220703125" lon="113.31378263421356678009033203125">
        <ele>7.599999904632568359375</ele>
        <time>2026-09-09T23:28:03.000Z</time>
        <extensions>
          <ns3:TrackPointExtension>
            <ns3:hr>148</ns3:hr>
            <ns3:cad>83</ns3:cad>
          </ns3:TrackPointExtension>
        </extensions>
      </trkpt>
      <trkpt lat="23.04985511116683483123779296875" lon="113.31376134417951107025146484375">
        <ele>7.599999904632568359375</ele>
        <time>2026-09-09T23:28:04.000Z</time>
        <extensions>
          <ns3:TrackPointExtension>
            <ns3:hr>148</ns3:hr>
            <ns3:cad>83</ns3:cad>
          </ns3:TrackPointExtension>
        </extensions>
      </trkpt>
      <trkpt lat="23.04985477589070796966552734375" lon="113.31372848711907863616943359375">
        <ele>7.599999904632568359375</ele>
        <time>2026-09-09T23:28:05.000Z</time>
        <extensions>
          <ns3:TrackPointExtension>
            <ns3:hr>148</ns3:hr>
            <ns3:cad>83</ns3:cad>
          </ns3:TrackPointExtension>
        </extensions>
      </trkpt>
      <trkpt lat="23.049853853881359100341796875" lon="113.31370870582759380340576171875">
        <ele>7.599999904632568359375</ele>
        <time>2026-09-09T23:28:06.000Z</time>
        <extensions>
          <ns3:TrackPointExtension>
            <ns3:hr>148</ns3:hr>
            <ns3:cad>83</ns3:cad>
          </ns3:TrackPointExtension>
        </extensions>
      </trkpt>
      <trkpt lat="23.0498503334820270538330078125" lon="113.31368892453610897064208984375">
        <ele>7.599999904632568359375</ele>
        <time>2026-09-09T23:28:07.000Z</time>
        <extensions>
          <ns3:TrackPointExtension>
            <ns3:hr>149</ns3:hr>
            <ns3:cad>83</ns3:cad>
          </ns3:TrackPointExtension>
        </extensions>
      </trkpt>
      <trkpt lat="23.04985494352877140045166015625" lon="113.31365975551307201385498046875">
        <ele>7.599999904632568359375</ele>
        <time>2026-09-09T23:28:08.000Z</time>
        <extensions>
          <ns3:TrackPointExtension>
            <ns3:hr>148</ns3:hr>
            <ns3:cad>83</ns3:cad>
          </ns3:TrackPointExtension>
        </extensions>
      </trkpt>
      <trkpt lat="23.04985024966299533843994140625" lon="113.31364466808736324310302734375">
        <ele>7.599999904632568359375</ele>
        <time>2026-09-09T23:28:09.000Z</time>
        <extensions>
          <ns3:TrackPointExtension>
            <ns3:hr>148</ns3:hr>
            <ns3:cad>83</ns3:cad>
          </ns3:TrackPointExtension>
        </extensions>
      </trkpt>
      <trkpt lat="23.04985108785331249237060546875" lon="113.31361214630305767059326171875">
        <ele>7.599999904632568359375</ele>
        <time>2026-09-09T23:28:10.000Z</time>
        <extensions>
          <ns3:TrackPointExtension>
            <ns3:hr>149</ns3:hr>
            <ns3:cad>83</ns3:cad>
          </ns3:TrackPointExtension>
        </extensions>
      </trkpt>
      <trkpt lat="23.04985745809972286224365234375" lon="113.31359186209738254547119140625">
        <ele>7.400000095367431640625</ele>
        <time>2026-09-09T23:28:11.000Z</time>
        <extensions>
          <ns3:TrackPointExtension>
            <ns3:hr>149</ns3:hr>
            <ns3:cad>83</ns3:cad>
          </ns3:TrackPointExtension>
        </extensions>
      </trkpt>
      <trkpt lat="23.04985527880489826202392578125" lon="113.31356872804462909698486328125">
        <ele>7.400000095367431640625</ele>
        <time>2026-09-09T23:28:12.000Z</time>
        <extensions>
          <ns3:TrackPointExtension>
            <ns3:hr>149</ns3:hr>
            <ns3:cad>83</ns3:cad>
          </ns3:TrackPointExtension>
        </extensions>
      </trkpt>
      <trkpt lat="23.0498570390045642852783203125" lon="113.31353151239454746246337890625">
        <ele>7.400000095367431640625</ele>
        <time>2026-09-09T23:28:13.000Z</time>
        <extensions>
          <ns3:TrackPointExtension>
            <ns3:hr>149</ns3:hr>
            <ns3:cad>83</ns3:cad>
          </ns3:TrackPointExtension>
        </extensions>
      </trkpt>
      <trkpt lat="23.04985427297651767730712890625" lon="113.31351810134947299957275390625">
        <ele>7.400000095367431640625</ele>
        <time>2026-09-09T23:28:14.000Z</time>
        <extensions>
          <ns3:TrackPointExtension>
            <ns3:hr>148</ns3:hr>
            <ns3:cad>83</ns3:cad>
          </ns3:TrackPointExtension>
        </extensions>
      </trkpt>
      <trkpt lat="23.0498526804149150848388671875" lon="113.313489519059658050537109375">
        <ele>7.400000095367431640625</ele>
        <time>2026-09-09T23:28:15.000Z</time>
        <extensions>
          <ns3:TrackPointExtension>
            <ns3:hr>148</ns3:hr>
            <ns3:cad>83</ns3:cad>
          </ns3:TrackPointExtension>
        </extensions>
      </trkpt>
      <trkpt lat="23.049856536090373992919921875" lon="113.31346278078854084014892578125">
        <ele>7.400000095367431640625</ele>
        <time>2026-09-09T23:28:16.000Z</time>
        <extensions>
          <ns3:TrackPointExtension>
            <ns3:hr>148</ns3:hr>
            <ns3:cad>83</ns3:cad>
          </ns3:TrackPointExtension>
        </extensions>
      </trkpt>
      <trkpt lat="23.04985511116683483123779296875" lon="113.3134370483458042144775390625">
        <ele>7.599999904632568359375</ele>
        <time>2026-09-09T23:28:17.000Z</time>
        <extensions>
          <ns3:TrackPointExtension>
            <ns3:hr>148</ns3:hr>
            <ns3:cad>83</ns3:cad>
          </ns3:TrackPointExtension>
        </extensions>
      </trkpt>
      <trkpt lat="23.049859218299388885498046875" lon="113.31339673139154911041259765625">
        <ele>7.599999904632568359375</ele>
        <time>2026-09-09T23:28:18.000Z</time>
        <extensions>
          <ns3:TrackPointExtension>
            <ns3:hr>148</ns3:hr>
            <ns3:cad>83</ns3:cad>
          </ns3:TrackPointExtension>
        </extensions>
      </trkpt>
      <trkpt lat="23.0498620681464672088623046875" lon="113.31338055431842803955078125">
        <ele>7.599999904632568359375</ele>
        <time>2026-09-09T23:28:19.000Z</time>
        <extensions>
          <ns3:TrackPointExtension>
            <ns3:hr>148</ns3:hr>
            <ns3:cad>83</ns3:cad>
          </ns3:TrackPointExtension>
        </extensions>
      </trkpt>
      <trkpt lat="23.0498635768890380859375" lon="113.313351385295391082763671875">
        <ele>7.599999904632568359375</ele>
        <time>2026-09-09T23:28:20.000Z</time>
        <extensions>
          <ns3:TrackPointExtension>
            <ns3:hr>147</ns3:hr>
            <ns3:cad>82</ns3:cad>
          </ns3:TrackPointExtension>
        </extensions>
      </trkpt>
      <trkpt lat="23.04987430572509765625" lon="113.31332162953913211822509765625">
        <ele>7.400000095367431640625</ele>
        <time>2026-09-09T23:28:21.000Z</time>
        <extensions>
          <ns3:TrackPointExtension>
            <ns3:hr>147</ns3:hr>
            <ns3:cad>82</ns3:cad>
          </ns3:TrackPointExtension>
        </extensions>
      </trkpt>
      <trkpt lat="23.0498691089451313018798828125" lon="113.31329715438187122344970703125">
        <ele>7.400000095367431640625</ele>
        <time>2026-09-09T23:28:22.000Z</time>
        <extensions>
          <ns3:TrackPointExtension>
            <ns3:hr>147</ns3:hr>
            <ns3:cad>82</ns3:cad>
          </ns3:TrackPointExtension>
        </extensions>
      </trkpt>
      <trkpt lat="23.04986290633678436279296875" lon="113.3132724277675151824951171875">
        <ele>7.400000095367431640625</ele>
        <time>2026-09-09T23:28:23.000Z</time>
        <extensions>
          <ns3:TrackPointExtension>
            <ns3:hr>147</ns3:hr>
            <ns3:cad>82</ns3:cad>
          </ns3:TrackPointExtension>
        </extensions>
      </trkpt>
      <trkpt lat="23.0498637445271015167236328125" lon="113.31325088627636432647705078125">
        <ele>7.599999904632568359375</ele>
        <time>2026-09-09T23:28:24.000Z</time>
        <extensions>
          <ns3:TrackPointExtension>
            <ns3:hr>148</ns3:hr>
            <ns3:cad>82</ns3:cad>
          </ns3:TrackPointExtension>
        </extensions>
      </trkpt>
      <trkpt lat="23.04986047558486461639404296875" lon="113.3132258243858814239501953125">
        <ele>7.599999904632568359375</ele>
        <time>2026-09-09T23:28:25.000Z</time>
        <extensions>
          <ns3:TrackPointExtension>
            <ns3:hr>148</ns3:hr>
            <ns3:cad>83</ns3:cad>
          </ns3:TrackPointExtension>
        </extensions>
      </trkpt>
      <trkpt lat="23.04986382834613323211669921875" lon="113.31319288350641727447509765625">
        <ele>7.599999904632568359375</ele>
        <time>2026-09-09T23:28:26.000Z</time>
        <extensions>
          <ns3:TrackPointExtension>
            <ns3:hr>148</ns3:hr>
            <ns3:cad>83</ns3:cad>
          </ns3:TrackPointExtension>
        </extensions>
      </trkpt>
      <trkpt lat="23.0498647503554821014404296875" lon="113.31317192874848842620849609375">
        <ele>7.599999904632568359375</ele>
        <time>2026-09-09T23:28:27.000Z</time>
        <extensions>
          <ns3:TrackPointExtension>
            <ns3:hr>148</ns3:hr>
            <ns3:cad>83</ns3:cad>
          </ns3:TrackPointExtension>
        </extensions>
      </trkpt>
      <trkpt lat="23.04986567236483097076416015625" lon="113.31314384937286376953125">
        <ele>7.400000095367431640625</ele>
        <time>2026-09-09T23:28:28.000Z</time>
        <extensions>
          <ns3:TrackPointExtension>
            <ns3:hr>148</ns3:hr>
            <ns3:cad>84</ns3:cad>
          </ns3:TrackPointExtension>
        </extensions>
      </trkpt>
      <trkpt lat="23.04986424744129180908203125" lon="113.31312398426234722137451171875">
        <ele>7.400000095367431640625</ele>
        <time>2026-09-09T23:28:29.000Z</time>
        <extensions>
          <ns3:TrackPointExtension>
            <ns3:hr>148</ns3:hr>
            <ns3:cad>84</ns3:cad>
          </ns3:TrackPointExtension>
        </extensions>
      </trkpt>
      <trkpt lat="23.04985980503261089324951171875" lon="113.31309900619089603424072265625">
        <ele>7.400000095367431640625</ele>
        <time>2026-09-09T23:28:30.000Z</time>
        <extensions>
          <ns3:TrackPointExtension>
            <ns3:hr>148</ns3:hr>
            <ns3:cad>84</ns3:cad>
          </ns3:TrackPointExtension>
        </extensions>
      </trkpt>
      <trkpt lat="23.04985980503261089324951171875" lon="113.3130648918449878692626953125">
        <ele>7.599999904632568359375</ele>
        <time>2026-09-09T23:28:31.000Z</time>
        <extensions>
          <ns3:TrackPointExtension>
            <ns3:hr>148</ns3:hr>
            <ns3:cad>83</ns3:cad>
          </ns3:TrackPointExtension>
        </extensions>
      </trkpt>
      <trkpt lat="23.049855530261993408203125" lon="113.31303899176418781280517578125">
        <ele>7.599999904632568359375</ele>
        <time>2026-09-09T23:28:32.000Z</time>
        <extensions>
          <ns3:TrackPointExtension>
            <ns3:hr>149</ns3:hr>
            <ns3:cad>83</ns3:cad>
          </ns3:TrackPointExtension>
        </extensions>
      </trkpt>
      <trkpt lat="23.0498583801090717315673828125" lon="113.313014097511768341064453125">
        <ele>7.599999904632568359375</ele>
        <time>2026-09-09T23:28:33.000Z</time>
        <extensions>
          <ns3:TrackPointExtension>
            <ns3:hr>149</ns3:hr>
            <ns3:cad>83</ns3:cad>
          </ns3:TrackPointExtension>
        </extensions>
      </trkpt>
      <trkpt lat="23.04986131377518177032470703125" lon="113.31298953853547573089599609375">
        <ele>7.599999904632568359375</ele>
        <time>2026-09-09T23:28:34.000Z</time>
        <extensions>
          <ns3:TrackPointExtension>
            <ns3:hr>149</ns3:hr>
            <ns3:cad>83</ns3:cad>
          </ns3:TrackPointExtension>
        </extensions>
      </trkpt>
      <trkpt lat="23.0498543567955493927001953125" lon="113.31296774558722972869873046875">
        <ele>7.599999904632568359375</ele>
        <time>2026-09-09T23:28:35.000Z</time>
        <extensions>
          <ns3:TrackPointExtension>
            <ns3:hr>149</ns3:hr>
            <ns3:cad>83</ns3:cad>
          </ns3:TrackPointExtension>
        </extensions>
      </trkpt>
      <trkpt lat="23.04985008202493190765380859375" lon="113.31294058822095394134521484375">
        <ele>7.599999904632568359375</ele>
        <time>2026-09-09T23:28:36.000Z</time>
        <extensions>
          <ns3:TrackPointExtension>
            <ns3:hr>149</ns3:hr>
            <ns3:cad>83</ns3:cad>
          </ns3:TrackPointExtension>
        </extensions>
      </trkpt>
      <trkpt lat="23.04985729046165943145751953125" lon="113.31292248331010341644287109375">
        <ele>7.599999904632568359375</ele>
        <time>2026-09-09T23:28:37.000Z</time>
        <extensions>
          <ns3:TrackPointExtension>
            <ns3:hr>149</ns3:hr>
            <ns3:cad>83</ns3:cad>
          </ns3:TrackPointExtension>
        </extensions>
      </trkpt>
      <trkpt lat="23.04985444061458110809326171875" lon="113.312898762524127960205078125">
        <ele>7.400000095367431640625</ele>
        <time>2026-09-09T23:28:38.000Z</time>
        <extensions>
          <ns3:TrackPointExtension>
            <ns3:hr>149</ns3:hr>
            <ns3:cad>83</ns3:cad>
          </ns3:TrackPointExtension>
        </extensions>
      </trkpt>
      <trkpt lat="23.04985309951007366180419921875" lon="113.31287420354783535003662109375">
        <ele>7.400000095367431640625</ele>
        <time>2026-09-09T23:28:39.000Z</time>
        <extensions>
          <ns3:TrackPointExtension>
            <ns3:hr>150</ns3:hr>
            <ns3:cad>83</ns3:cad>
          </ns3:TrackPointExtension>
        </extensions>
      </trkpt>
      <trkpt lat="23.04984739981591701507568359375" lon="113.31285945139825344085693359375">
        <ele>7.400000095367431640625</ele>
        <time>2026-09-09T23:28:40.000Z</time>
        <extensions>
          <ns3:TrackPointExtension>
            <ns3:hr>150</ns3:hr>
            <ns3:cad>83</ns3:cad>
          </ns3:TrackPointExtension>
        </extensions>
      </trkpt>
      <trkpt lat="23.04985024966299533843994140625" lon="113.312831707298755645751953125">
        <ele>7.400000095367431640625</ele>
        <time>2026-09-09T23:28:41.000Z</time>
        <extensions>
          <ns3:TrackPointExtension>
            <ns3:hr>150</ns3:hr>
            <ns3:cad>83</ns3:cad>
          </ns3:TrackPointExtension>
        </extensions>
      </trkpt>
      <trkpt lat="23.04985309951007366180419921875" lon="113.31281460821628570556640625">
        <ele>7.400000095367431640625</ele>
        <time>2026-09-09T23:28:42.000Z</time>
        <extensions>
          <ns3:TrackPointExtension>
            <ns3:hr>150</ns3:hr>
            <ns3:cad>83</ns3:cad>
          </ns3:TrackPointExtension>
        </extensions>
      </trkpt>
      <trkpt lat="23.04985393770039081573486328125" lon="113.3127916418015956878662109375">
        <ele>7.400000095367431640625</ele>
        <time>2026-09-09T23:28:43.000Z</time>
        <extensions>
          <ns3:TrackPointExtension>
            <ns3:hr>150</ns3:hr>
            <ns3:cad>83</ns3:cad>
          </ns3:TrackPointExtension>
        </extensions>
      </trkpt>
      <trkpt lat="23.04986282251775264739990234375" lon="113.3127604611217975616455078125">
        <ele>7.400000095367431640625</ele>
        <time>2026-09-09T23:28:44.000Z</time>
        <extensions>
          <ns3:TrackPointExtension>
            <ns3:hr>150</ns3:hr>
            <ns3:cad>83</ns3:cad>
          </ns3:TrackPointExtension>
        </extensions>
      </trkpt>
      <trkpt lat="23.0498595535755157470703125" lon="113.312745206058025360107421875">
        <ele>7.400000095367431640625</ele>
        <time>2026-09-09T23:28:45.000Z</time>
        <extensions>
          <ns3:TrackPointExtension>
            <ns3:hr>150</ns3:hr>
            <ns3:cad>83</ns3:cad>
          </ns3:TrackPointExtension>
        </extensions>
      </trkpt>
      <trkpt lat="23.04985544644296169281005859375" lon="113.31271779723465442657470703125">
        <ele>7.400000095367431640625</ele>
        <time>2026-09-09T23:28:46.000Z</time>
        <extensions>
          <ns3:TrackPointExtension>
            <ns3:hr>150</ns3:hr>
            <ns3:cad>83</ns3:cad>
          </ns3:TrackPointExtension>
        </extensions>
      </trkpt>
      <trkpt lat="23.04985879920423030853271484375" lon="113.31268678419291973114013671875">
        <ele>7.400000095367431640625</ele>
        <time>2026-09-09T23:28:47.000Z</time>
        <extensions>
          <ns3:TrackPointExtension>
            <ns3:hr>150</ns3:hr>
            <ns3:cad>83</ns3:cad>
          </ns3:TrackPointExtension>
        </extensions>
      </trkpt>
      <trkpt lat="23.04985527880489826202392578125" lon="113.3126623928546905517578125">
        <ele>7.400000095367431640625</ele>
        <time>2026-09-09T23:28:48.000Z</time>
        <extensions>
          <ns3:TrackPointExtension>
            <ns3:hr>150</ns3:hr>
            <ns3:cad>83</ns3:cad>
          </ns3:TrackPointExtension>
        </extensions>
      </trkpt>
      <trkpt lat="23.0498560331761837005615234375" lon="113.31262995488941669464111328125">
        <ele>7.400000095367431640625</ele>
        <time>2026-09-09T23:28:49.000Z</time>
        <extensions>
          <ns3:TrackPointExtension>
            <ns3:hr>150</ns3:hr>
            <ns3:cad>83</ns3:cad>
          </ns3:TrackPointExtension>
        </extensions>
      </trkpt>
      <trkpt lat="23.04985863156616687774658203125" lon="113.31261436454951763153076171875">
        <ele>7.400000095367431640625</ele>
        <time>2026-09-09T23:28:50.000Z</time>
        <extensions>
          <ns3:TrackPointExtension>
            <ns3:hr>150</ns3:hr>
            <ns3:cad>82</ns3:cad>
          </ns3:TrackPointExtension>
        </extensions>
      </trkpt>
      <trkpt lat="23.0498553626239299774169921875" lon="113.31259005703032016754150390625">
        <ele>7.400000095367431640625</ele>
        <time>2026-09-09T23:28:51.000Z</time>
        <extensions>
          <ns3:TrackPointExtension>
            <ns3:hr>151</ns3:hr>
            <ns3:cad>82</ns3:cad>
          </ns3:TrackPointExtension>
        </extensions>
      </trkpt>
      <trkpt lat="23.0498573742806911468505859375" lon="113.31255435012280941009521484375">
        <ele>7.400000095367431640625</ele>
        <time>2026-09-09T23:28:52.000Z</time>
        <extensions>
          <ns3:TrackPointExtension>
            <ns3:hr>151</ns3:hr>
            <ns3:cad>82</ns3:cad>
          </ns3:TrackPointExtension>
        </extensions>
      </trkpt>
      <trkpt lat="23.04985226131975650787353515625" lon="113.3125381730496883392333984375">
        <ele>7.400000095367431640625</ele>
        <time>2026-09-09T23:28:53.000Z</time>
        <extensions>
          <ns3:TrackPointExtension>
            <ns3:hr>151</ns3:hr>
            <ns3:cad>83</ns3:cad>
          </ns3:TrackPointExtension>
        </extensions>
      </trkpt>
      <trkpt lat="23.0498510040342807769775390625" lon="113.312507830560207366943359375">
        <ele>7.400000095367431640625</ele>
        <time>2026-09-09T23:28:54.000Z</time>
        <extensions>
          <ns3:TrackPointExtension>
            <ns3:hr>151</ns3:hr>
            <ns3:cad>83</ns3:cad>
          </ns3:TrackPointExtension>
        </extensions>
      </trkpt>
      <trkpt lat="23.04985561408102512359619140625" lon="113.3124805055558681488037109375">
        <ele>7.400000095367431640625</ele>
        <time>2026-09-09T23:28:55.000Z</time>
        <extensions>
          <ns3:TrackPointExtension>
            <ns3:hr>152</ns3:hr>
            <ns3:cad>83</ns3:cad>
          </ns3:TrackPointExtension>
        </extensions>
      </trkpt>
      <trkpt lat="23.0498523451387882232666015625" lon="113.31246298737823963165283203125">
        <ele>7.400000095367431640625</ele>
        <time>2026-09-09T23:28:56.000Z</time>
        <extensions>
          <ns3:TrackPointExtension>
            <ns3:hr>152</ns3:hr>
            <ns3:cad>82</ns3:cad>
          </ns3:TrackPointExtension>
        </extensions>
      </trkpt>
      <trkpt lat="23.0498463101685047149658203125" lon="113.31242795102298259735107421875">
        <ele>7.599999904632568359375</ele>
        <time>2026-09-09T23:28:57.000Z</time>
        <extensions>
          <ns3:TrackPointExtension>
            <ns3:hr>152</ns3:hr>
            <ns3:cad>82</ns3:cad>
          </ns3:TrackPointExtension>
        </extensions>
      </trkpt>
      <trkpt lat="23.04984907619655132293701171875" lon="113.31240749917924404144287109375">
        <ele>7.400000095367431640625</ele>
        <time>2026-09-09T23:28:58.000Z</time>
        <extensions>
          <ns3:TrackPointExtension>
            <ns3:hr>151</ns3:hr>
            <ns3:cad>82</ns3:cad>
          </ns3:TrackPointExtension>
        </extensions>
      </trkpt>
      <trkpt lat="23.0498463101685047149658203125" lon="113.312379084527492523193359375">
        <ele>7.400000095367431640625</ele>
        <time>2026-09-09T23:28:59.000Z</time>
        <extensions>
          <ns3:TrackPointExtension>
            <ns3:hr>152</ns3:hr>
            <ns3:cad>82</ns3:cad>
          </ns3:TrackPointExtension>
        </extensions>
      </trkpt>
      <trkpt lat="23.049851171672344207763671875" lon="113.31234245561063289642333984375">
        <ele>7.400000095367431640625</ele>
        <time>2026-09-09T23:29:00.000Z</time>
        <extensions>
          <ns3:TrackPointExtension>
            <ns3:hr>152</ns3:hr>
            <ns3:cad>82</ns3:cad>
          </ns3:TrackPointExtension>
        </extensions>
      </trkpt>
      <trkpt lat="23.04985485970973968505859375" lon="113.312325775623321533203125">
        <ele>7.400000095367431640625</ele>
        <time>2026-09-09T23:29:01.000Z</time>
        <extensions>
          <ns3:TrackPointExtension>
            <ns3:hr>152</ns3:hr>
            <ns3:cad>83</ns3:cad>
          </ns3:TrackPointExtension>
        </extensions>
      </trkpt>
      <trkpt lat="23.04985829629004001617431640625" lon="113.31229635514318943023681640625">
        <ele>7.400000095367431640625</ele>
        <time>2026-09-09T23:29:02.000Z</time>
        <extensions>
          <ns3:TrackPointExtension>
            <ns3:hr>152</ns3:hr>
            <ns3:cad>83</ns3:cad>
          </ns3:TrackPointExtension>
        </extensions>
      </trkpt>
      <trkpt lat="23.04986022412776947021484375" lon="113.3122734725475311279296875">
        <ele>7.400000095367431640625</ele>
        <time>2026-09-09T23:29:03.000Z</time>
        <extensions>
          <ns3:TrackPointExtension>
            <ns3:hr>152</ns3:hr>
            <ns3:cad>83</ns3:cad>
          </ns3:TrackPointExtension>
        </extensions>
      </trkpt>
      <trkpt lat="23.049859888851642608642578125" lon="113.31224757246673107147216796875">
        <ele>7.599999904632568359375</ele>
        <time>2026-09-09T23:29:04.000Z</time>
        <extensions>
          <ns3:TrackPointExtension>
            <ns3:hr>152</ns3:hr>
            <ns3:cad>82</ns3:cad>
          </ns3:TrackPointExtension>
        </extensions>
      </trkpt>
      <trkpt lat="23.049857877194881439208984375" lon="113.31221287138760089874267578125">
        <ele>7.599999904632568359375</ele>
        <time>2026-09-09T23:29:05.000Z</time>
        <extensions>
          <ns3:TrackPointExtension>
            <ns3:hr>152</ns3:hr>
            <ns3:cad>82</ns3:cad>
          </ns3:TrackPointExtension>
        </extensions>
      </trkpt>
      <trkpt lat="23.0498667620122432708740234375" lon="113.3121965266764163970947265625">
        <ele>7.599999904632568359375</ele>
        <time>2026-09-09T23:29:06.000Z</time>
        <extensions>
          <ns3:TrackPointExtension>
            <ns3:hr>153</ns3:hr>
            <ns3:cad>82</ns3:cad>
          </ns3:TrackPointExtension>
        </extensions>
      </trkpt>
      <trkpt lat="23.0498650856316089630126953125" lon="113.31217414699494838714599609375">
        <ele>7.400000095367431640625</ele>
        <time>2026-09-09T23:29:07.000Z</time>
        <extensions>
          <ns3:TrackPointExtension>
            <ns3:hr>153</ns3:hr>
            <ns3:cad>82</ns3:cad>
          </ns3:TrackPointExtension>
        </extensions>
      </trkpt>
      <trkpt lat="23.04987003095448017120361328125" lon="113.31214531324803829193115234375">
        <ele>7.400000095367431640625</ele>
        <time>2026-09-09T23:29:08.000Z</time>
        <extensions>
          <ns3:TrackPointExtension>
            <ns3:hr>153</ns3:hr>
            <ns3:cad>83</ns3:cad>
          </ns3:TrackPointExtension>
        </extensions>
      </trkpt>
      <trkpt lat="23.04986600764095783233642578125" lon="113.31212687306106090545654296875">
        <ele>7.400000095367431640625</ele>
        <time>2026-09-09T23:29:09.000Z</time>
        <extensions>
          <ns3:TrackPointExtension>
            <ns3:hr>153</ns3:hr>
            <ns3:cad>83</ns3:cad>
          </ns3:TrackPointExtension>
        </extensions>
      </trkpt>
      <trkpt lat="23.04986248724162578582763671875" lon="113.312097452580928802490234375">
        <ele>7.599999904632568359375</ele>
        <time>2026-09-09T23:29:10.000Z</time>
        <extensions>
          <ns3:TrackPointExtension>
            <ns3:hr>153</ns3:hr>
            <ns3:cad>83</ns3:cad>
          </ns3:TrackPointExtension>
        </extensions>
      </trkpt>
      <trkpt lat="23.0498603917658329010009765625" lon="113.31207825802266597747802734375">
        <ele>7.599999904632568359375</ele>
        <time>2026-09-09T23:29:11.000Z</time>
        <extensions>
          <ns3:TrackPointExtension>
            <ns3:hr>152</ns3:hr>
            <ns3:cad>82</ns3:cad>
          </ns3:TrackPointExtension>
        </extensions>
      </trkpt>
      <trkpt lat="23.04984907619655132293701171875" lon="113.31205294467508792877197265625">
        <ele>7.599999904632568359375</ele>
        <time>2026-09-09T23:29:12.000Z</time>
        <extensions>
          <ns3:TrackPointExtension>
            <ns3:hr>152</ns3:hr>
            <ns3:cad>82</ns3:cad>
          </ns3:TrackPointExtension>
        </extensions>
      </trkpt>
      <trkpt lat="23.0498268641531467437744140625" lon="113.31202461384236812591552734375">
        <ele>7.400000095367431640625</ele>
        <time>2026-09-09T23:29:13.000Z</time>
        <extensions>
          <ns3:TrackPointExtension>
            <ns3:hr>152</ns3:hr>
            <ns3:cad>82</ns3:cad>
          </ns3:TrackPointExtension>
        </extensions>
      </trkpt>
      <trkpt lat="23.04981035180389881134033203125" lon="113.31200080923736095428466796875">
        <ele>7.400000095367431640625</ele>
        <time>2026-09-09T23:29:14.000Z</time>
        <extensions>
          <ns3:TrackPointExtension>
            <ns3:hr>151</ns3:hr>
            <ns3:cad>82</ns3:cad>
          </ns3:TrackPointExtension>
        </extensions>
      </trkpt>
      <trkpt lat="23.04979090578854084014892578125" lon="113.3119809441268444061279296875">
        <ele>7.400000095367431640625</ele>
        <time>2026-09-09T23:29:15.000Z</time>
        <extensions>
          <ns3:TrackPointExtension>
            <ns3:hr>150</ns3:hr>
            <ns3:cad>82</ns3:cad>
          </ns3:TrackPointExtension>
        </extensions>
      </trkpt>
      <trkpt lat="23.049770034849643707275390625" lon="113.311967365443706512451171875">
        <ele>7.400000095367431640625</ele>
        <time>2026-09-09T23:29:16.000Z</time>
        <extensions>
          <ns3:TrackPointExtension>
            <ns3:hr>150</ns3:hr>
            <ns3:cad>82</ns3:cad>
          </ns3:TrackPointExtension>
        </extensions>
      </trkpt>
      <trkpt lat="23.049749918282032012939453125" lon="113.3119554631412029266357421875">
        <ele>7.599999904632568359375</ele>
        <time>2026-09-09T23:29:17.000Z</time>
        <extensions>
          <ns3:TrackPointExtension>
            <ns3:hr>150</ns3:hr>
            <ns3:cad>83</ns3:cad>
          </ns3:TrackPointExtension>
        </extensions>
      </trkpt>
      <trkpt lat="23.04972871206700801849365234375" lon="113.31193442456424236297607421875">
        <ele>7.80000019073486328125</ele>
        <time>2026-09-09T23:29:18.000Z</time>
        <extensions>
          <ns3:TrackPointExtension>
            <ns3:hr>150</ns3:hr>
            <ns3:cad>83</ns3:cad>
          </ns3:TrackPointExtension>
        </extensions>
      </trkpt>
      <trkpt lat="23.0497098527848720550537109375" lon="113.31191782839596271514892578125">
        <ele>7.599999904632568359375</ele>
        <time>2026-09-09T23:29:19.000Z</time>
        <extensions>
          <ns3:TrackPointExtension>
            <ns3:hr>150</ns3:hr>
            <ns3:cad>83</ns3:cad>
          </ns3:TrackPointExtension>
        </extensions>
      </trkpt>
      <trkpt lat="23.04968898184597492218017578125" lon="113.31191095523536205291748046875">
        <ele>7.599999904632568359375</ele>
        <time>2026-09-09T23:29:20.000Z</time>
        <extensions>
          <ns3:TrackPointExtension>
            <ns3:hr>150</ns3:hr>
            <ns3:cad>83</ns3:cad>
          </ns3:TrackPointExtension>
        </extensions>
      </trkpt>
      <trkpt lat="23.0496672727167606353759765625" lon="113.31189268268644809722900390625">
        <ele>7.599999904632568359375</ele>
        <time>2026-09-09T23:29:21.000Z</time>
        <extensions>
          <ns3:TrackPointExtension>
            <ns3:hr>150</ns3:hr>
            <ns3:cad>83</ns3:cad>
          </ns3:TrackPointExtension>
        </extensions>
      </trkpt>
      <trkpt lat="23.0496545322239398956298828125" lon="113.3118904195725917816162109375">
        <ele>7.400000095367431640625</ele>
        <time>2026-09-09T23:29:22.000Z</time>
        <extensions>
          <ns3:TrackPointExtension>
            <ns3:hr>151</ns3:hr>
            <ns3:cad>83</ns3:cad>
          </ns3:TrackPointExtension>
        </extensions>
      </trkpt>
      <trkpt lat="23.04963181726634502410888671875" lon="113.31188522279262542724609375">
        <ele>7.400000095367431640625</ele>
        <time>2026-09-09T23:29:23.000Z</time>
        <extensions>
          <ns3:TrackPointExtension>
            <ns3:hr>150</ns3:hr>
            <ns3:cad>83</ns3:cad>
          </ns3:TrackPointExtension>
        </extensions>
      </trkpt>
      <trkpt lat="23.0496181547641754150390625" lon="113.311880193650722503662109375">
        <ele>7.400000095367431640625</ele>
        <time>2026-09-09T23:29:24.000Z</time>
        <extensions>
          <ns3:TrackPointExtension>
            <ns3:hr>150</ns3:hr>
            <ns3:cad>83</ns3:cad>
          </ns3:TrackPointExtension>
        </extensions>
      </trkpt>
      <trkpt lat="23.04959594272077083587646484375" lon="113.31187608651816844940185546875">
        <ele>7.400000095367431640625</ele>
        <time>2026-09-09T23:29:25.000Z</time>
        <extensions>
          <ns3:TrackPointExtension>
            <ns3:hr>150</ns3:hr>
            <ns3:cad>82</ns3:cad>
          </ns3:TrackPointExtension>
        </extensions>
      </trkpt>
      <trkpt lat="23.04956861771643161773681640625" lon="113.3118619211018085479736328125">
        <ele>7.400000095367431640625</ele>
        <time>2026-09-09T23:29:26.000Z</time>
        <extensions>
          <ns3:TrackPointExtension>
            <ns3:hr>150</ns3:hr>
            <ns3:cad>82</ns3:cad>
          </ns3:TrackPointExtension>
        </extensions>
      </trkpt>
      <trkpt lat="23.04954347200691699981689453125" lon="113.31184725277125835418701171875">
        <ele>7.400000095367431640625</ele>
        <time>2026-09-09T23:29:27.000Z</time>
        <extensions>
          <ns3:TrackPointExtension>
            <ns3:hr>149</ns3:hr>
            <ns3:cad>82</ns3:cad>
          </ns3:TrackPointExtension>
        </extensions>
      </trkpt>
      <trkpt lat="23.0495220981538295745849609375" lon="113.31184222362935543060302734375">
        <ele>7.400000095367431640625</ele>
        <time>2026-09-09T23:29:28.000Z</time>
        <extensions>
          <ns3:TrackPointExtension>
            <ns3:hr>149</ns3:hr>
            <ns3:cad>82</ns3:cad>
          </ns3:TrackPointExtension>
        </extensions>
      </trkpt>
      <trkpt lat="23.04949276149272918701171875" lon="113.31183199770748615264892578125">
        <ele>7.400000095367431640625</ele>
        <time>2026-09-09T23:29:29.000Z</time>
        <extensions>
          <ns3:TrackPointExtension>
            <ns3:hr>149</ns3:hr>
            <ns3:cad>82</ns3:cad>
          </ns3:TrackPointExtension>
        </extensions>
      </trkpt>
      <trkpt lat="23.0494771711528301239013671875" lon="113.31182512454688549041748046875">
        <ele>7.400000095367431640625</ele>
        <time>2026-09-09T23:29:30.000Z</time>
        <extensions>
          <ns3:TrackPointExtension>
            <ns3:hr>149</ns3:hr>
            <ns3:cad>82</ns3:cad>
          </ns3:TrackPointExtension>
        </extensions>
      </trkpt>
      <trkpt lat="23.0494570545852184295654296875" lon="113.31181791611015796661376953125">
        <ele>7.400000095367431640625</ele>
        <time>2026-09-09T23:29:31.000Z</time>
        <extensions>
          <ns3:TrackPointExtension>
            <ns3:hr>149</ns3:hr>
            <ns3:cad>82</ns3:cad>
          </ns3:TrackPointExtension>
        </extensions>
      </trkpt>
      <trkpt lat="23.0494369380176067352294921875" lon="113.31180903129279613494873046875">
        <ele>7.400000095367431640625</ele>
        <time>2026-09-09T23:29:32.000Z</time>
        <extensions>
          <ns3:TrackPointExtension>
            <ns3:hr>149</ns3:hr>
            <ns3:cad>81</ns3:cad>
          </ns3:TrackPointExtension>
        </extensions>
      </trkpt>
      <trkpt lat="23.04941774345934391021728515625" lon="113.3118109591305255889892578125">
        <ele>7.400000095367431640625</ele>
        <time>2026-09-09T23:29:33.000Z</time>
        <extensions>
          <ns3:TrackPointExtension>
            <ns3:hr>149</ns3:hr>
            <ns3:cad>81</ns3:cad>
          </ns3:TrackPointExtension>
        </extensions>
      </trkpt>
      <trkpt lat="23.0493960343301296234130859375" lon="113.3118059299886226654052734375">
        <ele>7.19999980926513671875</ele>
        <time>2026-09-09T23:29:34.000Z</time>
        <extensions>
          <ns3:TrackPointExtension>
            <ns3:hr>149</ns3:hr>
            <ns3:cad>82</ns3:cad>
          </ns3:TrackPointExtension>
        </extensions>
      </trkpt>
      <trkpt lat="23.04937516339123249053955078125" lon="113.31180031411349773406982421875">
        <ele>7.19999980926513671875</ele>
        <time>2026-09-09T23:29:35.000Z</time>
        <extensions>
          <ns3:TrackPointExtension>
            <ns3:hr>149</ns3:hr>
            <ns3:cad>82</ns3:cad>
          </ns3:TrackPointExtension>
        </extensions>
      </trkpt>
      <trkpt lat="23.04935328662395477294921875" lon="113.311799056828022003173828125">
        <ele>7</ele>
        <time>2026-09-09T23:29:36.000Z</time>
        <extensions>
          <ns3:TrackPointExtension>
            <ns3:hr>149</ns3:hr>
            <ns3:cad>82</ns3:cad>
          </ns3:TrackPointExtension>
        </extensions>
      </trkpt>
      <trkpt lat="23.0493266321718692779541015625" lon="113.3117952011525630950927734375">
        <ele>7</ele>
        <time>2026-09-09T23:29:37.000Z</time>
        <extensions>
          <ns3:TrackPointExtension>
            <ns3:hr>148</ns3:hr>
            <ns3:cad>82</ns3:cad>
          </ns3:TrackPointExtension>
        </extensions>
      </trkpt>
      <trkpt lat="23.04929821752011775970458984375" lon="113.311795704066753387451171875">
        <ele>7</ele>
        <time>2026-09-09T23:29:38.000Z</time>
        <extensions>
          <ns3:TrackPointExtension>
            <ns3:hr>149</ns3:hr>
            <ns3:cad>82</ns3:cad>
          </ns3:TrackPointExtension>
        </extensions>
      </trkpt>
      <trkpt lat="23.0492682941257953643798828125" lon="113.31179025582969188690185546875">
        <ele>7</ele>
        <time>2026-09-09T23:29:39.000Z</time>
        <extensions>
          <ns3:TrackPointExtension>
            <ns3:hr>148</ns3:hr>
            <ns3:cad>82</ns3:cad>
          </ns3:TrackPointExtension>
        </extensions>
      </trkpt>
      <trkpt lat="23.0492475070059299468994140625" lon="113.3117831312119960784912109375">
        <ele>7</ele>
        <time>2026-09-09T23:29:40.000Z</time>
        <extensions>
          <ns3:TrackPointExtension>
            <ns3:hr>148</ns3:hr>
            <ns3:cad>82</ns3:cad>
          </ns3:TrackPointExtension>
        </extensions>
      </trkpt>
      <trkpt lat="23.04923334158957004547119140625" lon="113.31176997162401676177978515625">
        <ele>7</ele>
        <time>2026-09-09T23:29:41.000Z</time>
        <extensions>
          <ns3:TrackPointExtension>
            <ns3:hr>148</ns3:hr>
            <ns3:cad>82</ns3:cad>
          </ns3:TrackPointExtension>
        </extensions>
      </trkpt>
      <trkpt lat="23.04922009818255901336669921875" lon="113.31174583174288272857666015625">
        <ele>7</ele>
        <time>2026-09-09T23:29:42.000Z</time>
        <extensions>
          <ns3:TrackPointExtension>
            <ns3:hr>148</ns3:hr>
            <ns3:cad>82</ns3:cad>
          </ns3:TrackPointExtension>
        </extensions>
      </trkpt>
      <trkpt lat="23.04921305738389492034912109375" lon="113.31172655336558818817138671875">
        <ele>6.80000019073486328125</ele>
        <time>2026-09-09T23:29:43.000Z</time>
        <extensions>
          <ns3:TrackPointExtension>
            <ns3:hr>147</ns3:hr>
            <ns3:cad>82</ns3:cad>
          </ns3:TrackPointExtension>
        </extensions>
      </trkpt>
      <trkpt lat="23.04920920170843601226806640625" lon="113.311699815094470977783203125">
        <ele>7</ele>
        <time>2026-09-09T23:29:44.000Z</time>
        <extensions>
          <ns3:TrackPointExtension>
            <ns3:hr>147</ns3:hr>
            <ns3:cad>82</ns3:cad>
          </ns3:TrackPointExtension>
        </extensions>
      </trkpt>
      <trkpt lat="23.04921758361160755157470703125" lon="113.31166754476726055145263671875">
        <ele>7</ele>
        <time>2026-09-09T23:29:45.000Z</time>
        <extensions>
          <ns3:TrackPointExtension>
            <ns3:hr>146</ns3:hr>
            <ns3:cad>82</ns3:cad>
          </ns3:TrackPointExtension>
        </extensions>
      </trkpt>
      <trkpt lat="23.049214817583560943603515625" lon="113.311646170914173126220703125">
        <ele>7</ele>
        <time>2026-09-09T23:29:46.000Z</time>
        <extensions>
          <ns3:TrackPointExtension>
            <ns3:hr>146</ns3:hr>
            <ns3:cad>82</ns3:cad>
          </ns3:TrackPointExtension>
        </extensions>
      </trkpt>
      <trkpt lat="23.04922261275351047515869140625" lon="113.31161624751985073089599609375">
        <ele>7</ele>
        <time>2026-09-09T23:29:47.000Z</time>
        <extensions>
          <ns3:TrackPointExtension>
            <ns3:hr>145</ns3:hr>
            <ns3:cad>81</ns3:cad>
          </ns3:TrackPointExtension>
        </extensions>
      </trkpt>
      <trkpt lat="23.04923501797020435333251953125" lon="113.31159110181033611297607421875">
        <ele>7.19999980926513671875</ele>
        <time>2026-09-09T23:29:48.000Z</time>
        <extensions>
          <ns3:TrackPointExtension>
            <ns3:hr>145</ns3:hr>
            <ns3:cad>81</ns3:cad>
          </ns3:TrackPointExtension>
        </extensions>
      </trkpt>
      <trkpt lat="23.0492428131401538848876953125" lon="113.31156847067177295684814453125">
        <ele>7.19999980926513671875</ele>
        <time>2026-09-09T23:29:49.000Z</time>
        <extensions>
          <ns3:TrackPointExtension>
            <ns3:hr>144</ns3:hr>
            <ns3:cad>81</ns3:cad>
          </ns3:TrackPointExtension>
        </extensions>
      </trkpt>
      <trkpt lat="23.0492495186626911163330078125" lon="113.31154600717127323150634765625">
        <ele>7.400000095367431640625</ele>
        <time>2026-09-09T23:29:50.000Z</time>
        <extensions>
          <ns3:TrackPointExtension>
            <ns3:hr>144</ns3:hr>
            <ns3:cad>81</ns3:cad>
          </ns3:TrackPointExtension>
        </extensions>
      </trkpt>
      <trkpt lat="23.04925848729908466339111328125" lon="113.31152421422302722930908203125">
        <ele>7.400000095367431640625</ele>
        <time>2026-09-09T23:29:51.000Z</time>
        <extensions>
          <ns3:TrackPointExtension>
            <ns3:hr>143</ns3:hr>
            <ns3:cad>82</ns3:cad>
          </ns3:TrackPointExtension>
        </extensions>
      </trkpt>
      <trkpt lat="23.04926686920225620269775390625" lon="113.31150342710316181182861328125">
        <ele>7.599999904632568359375</ele>
        <time>2026-09-09T23:29:52.000Z</time>
        <extensions>
          <ns3:TrackPointExtension>
            <ns3:hr>143</ns3:hr>
            <ns3:cad>82</ns3:cad>
          </ns3:TrackPointExtension>
        </extensions>
      </trkpt>
      <trkpt lat="23.04927223362028598785400390625" lon="113.31147442571818828582763671875">
        <ele>7.599999904632568359375</ele>
        <time>2026-09-09T23:29:53.000Z</time>
        <extensions>
          <ns3:TrackPointExtension>
            <ns3:hr>143</ns3:hr>
            <ns3:cad>82</ns3:cad>
          </ns3:TrackPointExtension>
        </extensions>
      </trkpt>
      <trkpt lat="23.0492884106934070587158203125" lon="113.31145430915057659149169921875">
        <ele>7.599999904632568359375</ele>
        <time>2026-09-09T23:29:54.000Z</time>
        <extensions>
          <ns3:TrackPointExtension>
            <ns3:hr>143</ns3:hr>
            <ns3:cad>82</ns3:cad>
          </ns3:TrackPointExtension>
        </extensions>
      </trkpt>
      <trkpt lat="23.0493065156042575836181640625" lon="113.3114190213382244110107421875">
        <ele>7.599999904632568359375</ele>
        <time>2026-09-09T23:29:55.000Z</time>
        <extensions>
          <ns3:TrackPointExtension>
            <ns3:hr>143</ns3:hr>
            <ns3:cad>83</ns3:cad>
          </ns3:TrackPointExtension>
        </extensions>
      </trkpt>
      <trkpt lat="23.04932151921093463897705078125" lon="113.31140108406543731689453125">
        <ele>7.400000095367431640625</ele>
        <time>2026-09-09T23:29:56.000Z</time>
        <extensions>
          <ns3:TrackPointExtension>
            <ns3:hr>143</ns3:hr>
            <ns3:cad>83</ns3:cad>
          </ns3:TrackPointExtension>
        </extensions>
      </trkpt>
      <trkpt lat="23.0493336729705333709716796875" lon="113.311375938355922698974609375">
        <ele>7.400000095367431640625</ele>
        <time>2026-09-09T23:29:57.000Z</time>
        <extensions>
          <ns3:TrackPointExtension>
            <ns3:hr>142</ns3:hr>
            <ns3:cad>82</ns3:cad>
          </ns3:TrackPointExtension>
        </extensions>
      </trkpt>
      <trkpt lat="23.0493454076349735260009765625" lon="113.31134785898029804229736328125">
        <ele>7.19999980926513671875</ele>
        <time>2026-09-09T23:29:58.000Z</time>
        <extensions>
          <ns3:TrackPointExtension>
            <ns3:hr>143</ns3:hr>
            <ns3:cad>82</ns3:cad>
          </ns3:TrackPointExtension>
        </extensions>
      </trkpt>
      <trkpt lat="23.04935705848038196563720703125" lon="113.31133830361068248748779296875">
        <ele>7</ele>
        <time>2026-09-09T23:29:59.000Z</time>
        <extensions>
          <ns3:TrackPointExtension>
            <ns3:hr>143</ns3:hr>
            <ns3:cad>82</ns3:cad>
          </ns3:TrackPointExtension>
        </extensions>
      </trkpt>
      <trkpt lat="23.0493678711354732513427734375" lon="113.3113127388060092926025390625">
        <ele>6.80000019073486328125</ele>
        <time>2026-09-09T23:30:00.000Z</time>
        <extensions>
          <ns3:TrackPointExtension>
            <ns3:hr>143</ns3:hr>
            <ns3:cad>82</ns3:cad>
          </ns3:TrackPointExtension>
        </extensions>
      </trkpt>
      <trkpt lat="23.04938572458922863006591796875" lon="113.31129002384841442108154296875">
        <ele>6.599999904632568359375</ele>
        <time>2026-09-09T23:30:01.000Z</time>
        <extensions>
          <ns3:TrackPointExtension>
            <ns3:hr>144</ns3:hr>
            <ns3:cad>82</ns3:cad>
          </ns3:TrackPointExtension>
        </extensions>
      </trkpt>
      <trkpt lat="23.04939058609306812286376953125" lon="113.3112664707005023956298828125">
        <ele>6.400000095367431640625</ele>
        <time>2026-09-09T23:30:02.000Z</time>
        <extensions>
          <ns3:TrackPointExtension>
            <ns3:hr>144</ns3:hr>
            <ns3:cad>82</ns3:cad>
          </ns3:TrackPointExtension>
        </extensions>
      </trkpt>
      <trkpt lat="23.04940693080425262451171875" lon="113.31123906187713146209716796875">
        <ele>6.19999980926513671875</ele>
        <time>2026-09-09T23:30:03.000Z</time>
        <extensions>
          <ns3:TrackPointExtension>
            <ns3:hr>144</ns3:hr>
            <ns3:cad>82</ns3:cad>
          </ns3:TrackPointExtension>
        </extensions>
      </trkpt>
      <trkpt lat="23.04941623471677303314208984375" lon="113.3112168498337268829345703125">
        <ele>6.19999980926513671875</ele>
        <time>2026-09-09T23:30:04.000Z</time>
        <extensions>
          <ns3:TrackPointExtension>
            <ns3:hr>145</ns3:hr>
            <ns3:cad>82</ns3:cad>
          </ns3:TrackPointExtension>
        </extensions>
      </trkpt>
      <trkpt lat="23.04942025803029537200927734375" lon="113.31119195558130741119384765625">
        <ele>6.19999980926513671875</ele>
        <time>2026-09-09T23:30:05.000Z</time>
        <extensions>
          <ns3:TrackPointExtension>
            <ns3:hr>145</ns3:hr>
            <ns3:cad>82</ns3:cad>
          </ns3:TrackPointExtension>
        </extensions>
      </trkpt>
      <trkpt lat="23.0494268797338008880615234375" lon="113.31115641631186008453369140625">
        <ele>6</ele>
        <time>2026-09-09T23:30:06.000Z</time>
        <extensions>
          <ns3:TrackPointExtension>
            <ns3:hr>145</ns3:hr>
            <ns3:cad>82</ns3:cad>
          </ns3:TrackPointExtension>
        </extensions>
      </trkpt>
      <trkpt lat="23.04943819530308246612548828125" lon="113.31113948486745357513427734375">
        <ele>5.80000019073486328125</ele>
        <time>2026-09-09T23:30:07.000Z</time>
        <extensions>
          <ns3:TrackPointExtension>
            <ns3:hr>145</ns3:hr>
            <ns3:cad>82</ns3:cad>
          </ns3:TrackPointExtension>
        </extensions>
      </trkpt>
      <trkpt lat="23.04944523610174655914306640625" lon="113.31111249513924121856689453125">
        <ele>5.80000019073486328125</ele>
        <time>2026-09-09T23:30:08.000Z</time>
        <extensions>
          <ns3:TrackPointExtension>
            <ns3:hr>145</ns3:hr>
            <ns3:cad>82</ns3:cad>
          </ns3:TrackPointExtension>
        </extensions>
      </trkpt>
      <trkpt lat="23.0494537018239498138427734375" lon="113.31108751706779003143310546875">
        <ele>5.599999904632568359375</ele>
        <time>2026-09-09T23:30:09.000Z</time>
        <extensions>
          <ns3:TrackPointExtension>
            <ns3:hr>145</ns3:hr>
            <ns3:cad>82</ns3:cad>
          </ns3:TrackPointExtension>
        </extensions>
      </trkpt>
      <trkpt lat="23.04945428855717182159423828125" lon="113.311064802110195159912109375">
        <ele>5.599999904632568359375</ele>
        <time>2026-09-09T23:30:10.000Z</time>
        <extensions>
          <ns3:TrackPointExtension>
            <ns3:hr>145</ns3:hr>
            <ns3:cad>82</ns3:cad>
          </ns3:TrackPointExtension>
        </extensions>
      </trkpt>
      <trkpt lat="23.0494540371000766754150390625" lon="113.31103672273457050323486328125">
        <ele>5.80000019073486328125</ele>
        <time>2026-09-09T23:30:11.000Z</time>
        <extensions>
          <ns3:TrackPointExtension>
            <ns3:hr>146</ns3:hr>
            <ns3:cad>82</ns3:cad>
          </ns3:TrackPointExtension>
        </extensions>
      </trkpt>
      <trkpt lat="23.04945646785199642181396484375" lon="113.31101442687213420867919921875">
        <ele>5.599999904632568359375</ele>
        <time>2026-09-09T23:30:12.000Z</time>
        <extensions>
          <ns3:TrackPointExtension>
            <ns3:hr>146</ns3:hr>
            <ns3:cad>82</ns3:cad>
          </ns3:TrackPointExtension>
        </extensions>
      </trkpt>
      <trkpt lat="23.049456886947154998779296875" lon="113.31099129281938076019287109375">
        <ele>5.599999904632568359375</ele>
        <time>2026-09-09T23:30:13.000Z</time>
        <extensions>
          <ns3:TrackPointExtension>
            <ns3:hr>146</ns3:hr>
            <ns3:cad>82</ns3:cad>
          </ns3:TrackPointExtension>
        </extensions>
      </trkpt>
      <trkpt lat="23.04945864714682102203369140625" lon="113.31096195615828037261962890625">
        <ele>5.599999904632568359375</ele>
        <time>2026-09-09T23:30:14.000Z</time>
        <extensions>
          <ns3:TrackPointExtension>
            <ns3:hr>147</ns3:hr>
            <ns3:cad>82</ns3:cad>
          </ns3:TrackPointExtension>
        </extensions>
      </trkpt>
      <trkpt lat="23.04946619085967540740966796875" lon="113.31094242632389068603515625">
        <ele>5.599999904632568359375</ele>
        <time>2026-09-09T23:30:15.000Z</time>
        <extensions>
          <ns3:TrackPointExtension>
            <ns3:hr>147</ns3:hr>
            <ns3:cad>82</ns3:cad>
          </ns3:TrackPointExtension>
        </extensions>
      </trkpt>
      <trkpt lat="23.04946904070675373077392578125" lon="113.3109144307672977447509765625">
        <ele>5.599999904632568359375</ele>
        <time>2026-09-09T23:30:16.000Z</time>
        <extensions>
          <ns3:TrackPointExtension>
            <ns3:hr>147</ns3:hr>
            <ns3:cad>82</ns3:cad>
          </ns3:TrackPointExtension>
        </extensions>
      </trkpt>
      <trkpt lat="23.049467615783214569091796875" lon="113.3108921349048614501953125">
        <ele>5.599999904632568359375</ele>
        <time>2026-09-09T23:30:17.000Z</time>
        <extensions>
          <ns3:TrackPointExtension>
            <ns3:hr>147</ns3:hr>
            <ns3:cad>83</ns3:cad>
          </ns3:TrackPointExtension>
        </extensions>
      </trkpt>
      <trkpt lat="23.04946317337453365325927734375" lon="113.31086673773825168609619140625">
        <ele>5.599999904632568359375</ele>
        <time>2026-09-09T23:30:18.000Z</time>
        <extensions>
          <ns3:TrackPointExtension>
            <ns3:hr>148</ns3:hr>
            <ns3:cad>83</ns3:cad>
          </ns3:TrackPointExtension>
        </extensions>
      </trkpt>
      <trkpt lat="23.0494634248316287994384765625" lon="113.31083673052489757537841796875">
        <ele>5.400000095367431640625</ele>
        <time>2026-09-09T23:30:19.000Z</time>
        <extensions>
          <ns3:TrackPointExtension>
            <ns3:hr>148</ns3:hr>
            <ns3:cad>82</ns3:cad>
          </ns3:TrackPointExtension>
        </extensions>
      </trkpt>
      <trkpt lat="23.04946367628872394561767578125" lon="113.31081409938633441925048828125">
        <ele>5.400000095367431640625</ele>
        <time>2026-09-09T23:30:20.000Z</time>
        <extensions>
          <ns3:TrackPointExtension>
            <ns3:hr>148</ns3:hr>
            <ns3:cad>82</ns3:cad>
          </ns3:TrackPointExtension>
        </extensions>
      </trkpt>
      <trkpt lat="23.0494652688503265380859375" lon="113.31078350543975830078125">
        <ele>5.400000095367431640625</ele>
        <time>2026-09-09T23:30:21.000Z</time>
        <extensions>
          <ns3:TrackPointExtension>
            <ns3:hr>148</ns3:hr>
            <ns3:cad>83</ns3:cad>
          </ns3:TrackPointExtension>
        </extensions>
      </trkpt>
      <trkpt lat="23.0494738183915615081787109375" lon="113.31074721179902553558349609375">
        <ele>5.400000095367431640625</ele>
        <time>2026-09-09T23:30:22.000Z</time>
        <extensions>
          <ns3:TrackPointExtension>
            <ns3:hr>149</ns3:hr>
            <ns3:cad>83</ns3:cad>
          </ns3:TrackPointExtension>
        </extensions>
      </trkpt>
      <trkpt lat="23.04947708733379840850830078125" lon="113.3107270114123821258544921875">
        <ele>5.599999904632568359375</ele>
        <time>2026-09-09T23:30:23.000Z</time>
        <extensions>
          <ns3:TrackPointExtension>
            <ns3:hr>149</ns3:hr>
            <ns3:cad>83</ns3:cad>
          </ns3:TrackPointExtension>
        </extensions>
      </trkpt>
      <trkpt lat="23.04948027245700359344482421875" lon="113.3106965012848377227783203125">
        <ele>5.599999904632568359375</ele>
        <time>2026-09-09T23:30:24.000Z</time>
        <extensions>
          <ns3:TrackPointExtension>
            <ns3:hr>149</ns3:hr>
            <ns3:cad>82</ns3:cad>
          </ns3:TrackPointExtension>
        </extensions>
      </trkpt>
      <trkpt lat="23.04948211647570133209228515625" lon="113.3106695115566253662109375">
        <ele>5.599999904632568359375</ele>
        <time>2026-09-09T23:30:25.000Z</time>
        <extensions>
          <ns3:TrackPointExtension>
            <ns3:hr>148</ns3:hr>
            <ns3:cad>82</ns3:cad>
          </ns3:TrackPointExtension>
        </extensions>
      </trkpt>
      <trkpt lat="23.04947624914348125457763671875" lon="113.3106480538845062255859375">
        <ele>5.599999904632568359375</ele>
        <time>2026-09-09T23:30:26.000Z</time>
        <extensions>
          <ns3:TrackPointExtension>
            <ns3:hr>149</ns3:hr>
            <ns3:cad>83</ns3:cad>
          </ns3:TrackPointExtension>
        </extensions>
      </trkpt>
      <trkpt lat="23.049474991858005523681640625" lon="113.31061846576631069183349609375">
        <ele>5.599999904632568359375</ele>
        <time>2026-09-09T23:30:27.000Z</time>
        <extensions>
          <ns3:TrackPointExtension>
            <ns3:hr>149</ns3:hr>
            <ns3:cad>83</ns3:cad>
          </ns3:TrackPointExtension>
        </extensions>
      </trkpt>
      <trkpt lat="23.04947390221059322357177734375" lon="113.3105970919132232666015625">
        <ele>5.400000095367431640625</ele>
        <time>2026-09-09T23:30:28.000Z</time>
        <extensions>
          <ns3:TrackPointExtension>
            <ns3:hr>148</ns3:hr>
            <ns3:cad>83</ns3:cad>
          </ns3:TrackPointExtension>
        </extensions>
      </trkpt>
      <trkpt lat="23.04947423748672008514404296875" lon="113.31057538278400897979736328125">
        <ele>5.400000095367431640625</ele>
        <time>2026-09-09T23:30:29.000Z</time>
        <extensions>
          <ns3:TrackPointExtension>
            <ns3:hr>149</ns3:hr>
            <ns3:cad>82</ns3:cad>
          </ns3:TrackPointExtension>
        </extensions>
      </trkpt>
      <trkpt lat="23.0494741536676883697509765625" lon="113.31054814159870147705078125">
        <ele>5.400000095367431640625</ele>
        <time>2026-09-09T23:30:30.000Z</time>
        <extensions>
          <ns3:TrackPointExtension>
            <ns3:hr>149</ns3:hr>
            <ns3:cad>82</ns3:cad>
          </ns3:TrackPointExtension>
        </extensions>
      </trkpt>
      <trkpt lat="23.0494748242199420928955078125" lon="113.310524336993694305419921875">
        <ele>5.400000095367431640625</ele>
        <time>2026-09-09T23:30:31.000Z</time>
        <extensions>
          <ns3:TrackPointExtension>
            <ns3:hr>149</ns3:hr>
            <ns3:cad>82</ns3:cad>
          </ns3:TrackPointExtension>
        </extensions>
      </trkpt>
      <trkpt lat="23.04947826080024242401123046875" lon="113.31049927510321140289306640625">
        <ele>5.599999904632568359375</ele>
        <time>2026-09-09T23:30:32.000Z</time>
        <extensions>
          <ns3:TrackPointExtension>
            <ns3:hr>149</ns3:hr>
            <ns3:cad>82</ns3:cad>
          </ns3:TrackPointExtension>
        </extensions>
      </trkpt>
      <trkpt lat="23.0494939349591732025146484375" lon="113.3104899711906909942626953125">
        <ele>5.599999904632568359375</ele>
        <time>2026-09-09T23:30:33.000Z</time>
        <extensions>
          <ns3:TrackPointExtension>
            <ns3:hr>149</ns3:hr>
            <ns3:cad>83</ns3:cad>
          </ns3:TrackPointExtension>
        </extensions>
      </trkpt>
      <trkpt lat="23.049506507813930511474609375" lon="113.31047949381172657012939453125">
        <ele>5.599999904632568359375</ele>
        <time>2026-09-09T23:30:34.000Z</time>
        <extensions>
          <ns3:TrackPointExtension>
            <ns3:hr>149</ns3:hr>
            <ns3:cad>83</ns3:cad>
          </ns3:TrackPointExtension>
        </extensions>
      </trkpt>
      <trkpt lat="23.04952134378254413604736328125" lon="113.31047236919403076171875">
        <ele>5.599999904632568359375</ele>
        <time>2026-09-09T23:30:35.000Z</time>
        <extensions>
          <ns3:TrackPointExtension>
            <ns3:hr>150</ns3:hr>
            <ns3:cad>82</ns3:cad>
          </ns3:TrackPointExtension>
        </extensions>
      </trkpt>
      <trkpt lat="23.049538694322109222412109375" lon="113.31046457402408123016357421875">
        <ele>5.599999904632568359375</ele>
        <time>2026-09-09T23:30:36.000Z</time>
        <extensions>
          <ns3:TrackPointExtension>
            <ns3:hr>150</ns3:hr>
            <ns3:cad>82</ns3:cad>
          </ns3:TrackPointExtension>
        </extensions>
      </trkpt>
      <trkpt lat="23.04956291802227497100830078125" lon="113.31046021543443202972412109375">
        <ele>5.400000095367431640625</ele>
        <time>2026-09-09T23:30:37.000Z</time>
        <extensions>
          <ns3:TrackPointExtension>
            <ns3:hr>150</ns3:hr>
            <ns3:cad>82</ns3:cad>
          </ns3:TrackPointExtension>
        </extensions>
      </trkpt>
      <trkpt lat="23.04958772845566272735595703125" lon="113.31046692095696926116943359375">
        <ele>5.400000095367431640625</ele>
        <time>2026-09-09T23:30:38.000Z</time>
        <extensions>
          <ns3:TrackPointExtension>
            <ns3:hr>150</ns3:hr>
            <ns3:cad>82</ns3:cad>
          </ns3:TrackPointExtension>
        </extensions>
      </trkpt>
      <trkpt lat="23.04960784502327442169189453125" lon="113.310468010604381561279296875">
        <ele>5.400000095367431640625</ele>
        <time>2026-09-09T23:30:39.000Z</time>
        <extensions>
          <ns3:TrackPointExtension>
            <ns3:hr>150</ns3:hr>
            <ns3:cad>82</ns3:cad>
          </ns3:TrackPointExtension>
        </extensions>
      </trkpt>
      <trkpt lat="23.049644641578197479248046875" lon="113.31047362647950649261474609375">
        <ele>5.400000095367431640625</ele>
        <time>2026-09-09T23:30:40.000Z</time>
        <extensions>
          <ns3:TrackPointExtension>
            <ns3:hr>150</ns3:hr>
            <ns3:cad>82</ns3:cad>
          </ns3:TrackPointExtension>
        </extensions>
      </trkpt>
      <trkpt lat="23.049665428698062896728515625" lon="113.31047731451690196990966796875">
        <ele>5.400000095367431640625</ele>
        <time>2026-09-09T23:30:41.000Z</time>
        <extensions>
          <ns3:TrackPointExtension>
            <ns3:hr>150</ns3:hr>
            <ns3:cad>82</ns3:cad>
          </ns3:TrackPointExtension>
        </extensions>
      </trkpt>
      <trkpt lat="23.04968613199889659881591796875" lon="113.3104710280895233154296875">
        <ele>5.599999904632568359375</ele>
        <time>2026-09-09T23:30:42.000Z</time>
        <extensions>
          <ns3:TrackPointExtension>
            <ns3:hr>150</ns3:hr>
            <ns3:cad>82</ns3:cad>
          </ns3:TrackPointExtension>
        </extensions>
      </trkpt>
      <trkpt lat="23.0497121997177600860595703125" lon="113.31047731451690196990966796875">
        <ele>5.599999904632568359375</ele>
        <time>2026-09-09T23:30:43.000Z</time>
        <extensions>
          <ns3:TrackPointExtension>
            <ns3:hr>149</ns3:hr>
            <ns3:cad>82</ns3:cad>
          </ns3:TrackPointExtension>
        </extensions>
      </trkpt>
      <trkpt lat="23.04973206482827663421630859375" lon="113.31047899089753627777099609375">
        <ele>5.599999904632568359375</ele>
        <time>2026-09-09T23:30:44.000Z</time>
        <extensions>
          <ns3:TrackPointExtension>
            <ns3:hr>150</ns3:hr>
            <ns3:cad>82</ns3:cad>
          </ns3:TrackPointExtension>
        </extensions>
      </trkpt>
      <trkpt lat="23.0497618205845355987548828125" lon="113.31047714687883853912353515625">
        <ele>5.80000019073486328125</ele>
        <time>2026-09-09T23:30:45.000Z</time>
        <extensions>
          <ns3:TrackPointExtension>
            <ns3:hr>150</ns3:hr>
            <ns3:cad>82</ns3:cad>
          </ns3:TrackPointExtension>
        </extensions>
      </trkpt>
      <trkpt lat="23.049786798655986785888671875" lon="113.31047815270721912384033203125">
        <ele>5.80000019073486328125</ele>
        <time>2026-09-09T23:30:46.000Z</time>
        <extensions>
          <ns3:TrackPointExtension>
            <ns3:hr>150</ns3:hr>
            <ns3:cad>82</ns3:cad>
          </ns3:TrackPointExtension>
        </extensions>
      </trkpt>
      <trkpt lat="23.04980029352009296417236328125" lon="113.31047815270721912384033203125">
        <ele>6</ele>
        <time>2026-09-09T23:30:47.000Z</time>
        <extensions>
          <ns3:TrackPointExtension>
            <ns3:hr>150</ns3:hr>
            <ns3:cad>83</ns3:cad>
          </ns3:TrackPointExtension>
        </extensions>
      </trkpt>
      <trkpt lat="23.0498241819441318511962890625" lon="113.31047731451690196990966796875">
        <ele>6</ele>
        <time>2026-09-09T23:30:48.000Z</time>
        <extensions>
          <ns3:TrackPointExtension>
            <ns3:hr>149</ns3:hr>
            <ns3:cad>83</ns3:cad>
          </ns3:TrackPointExtension>
        </extensions>
      </trkpt>
      <trkpt lat="23.049847148358821868896484375" lon="113.31047329120337963104248046875">
        <ele>6</ele>
        <time>2026-09-09T23:30:49.000Z</time>
        <extensions>
          <ns3:TrackPointExtension>
            <ns3:hr>150</ns3:hr>
            <ns3:cad>83</ns3:cad>
          </ns3:TrackPointExtension>
        </extensions>
      </trkpt>
      <trkpt lat="23.04987187497317790985107421875" lon="113.310469686985015869140625">
        <ele>6.19999980926513671875</ele>
        <time>2026-09-09T23:30:50.000Z</time>
        <extensions>
          <ns3:TrackPointExtension>
            <ns3:hr>150</ns3:hr>
            <ns3:cad>83</ns3:cad>
          </ns3:TrackPointExtension>
        </extensions>
      </trkpt>
      <trkpt lat="23.0498976074159145355224609375" lon="113.31045954488217830657958984375">
        <ele>6.400000095367431640625</ele>
        <time>2026-09-09T23:30:51.000Z</time>
        <extensions>
          <ns3:TrackPointExtension>
            <ns3:hr>150</ns3:hr>
            <ns3:cad>83</ns3:cad>
          </ns3:TrackPointExtension>
        </extensions>
      </trkpt>
      <trkpt lat="23.04991520941257476806640625" lon="113.3104510791599750518798828125">
        <ele>6.599999904632568359375</ele>
        <time>2026-09-09T23:30:52.000Z</time>
        <extensions>
          <ns3:TrackPointExtension>
            <ns3:hr>150</ns3:hr>
            <ns3:cad>83</ns3:cad>
          </ns3:TrackPointExtension>
        </extensions>
      </trkpt>
      <trkpt lat="23.04993557743728160858154296875" lon="113.3104383386671543121337890625">
        <ele>6.80000019073486328125</ele>
        <time>2026-09-09T23:30:53.000Z</time>
        <extensions>
          <ns3:TrackPointExtension>
            <ns3:hr>149</ns3:hr>
            <ns3:cad>82</ns3:cad>
          </ns3:TrackPointExtension>
        </extensions>
      </trkpt>
      <trkpt lat="23.04995535872876644134521484375" lon="113.31042283214628696441650390625">
        <ele>7</ele>
        <time>2026-09-09T23:30:54.000Z</time>
        <extensions>
          <ns3:TrackPointExtension>
            <ns3:hr>150</ns3:hr>
            <ns3:cad>82</ns3:cad>
          </ns3:TrackPointExtension>
        </extensions>
      </trkpt>
      <trkpt lat="23.049957454204559326171875" lon="113.3104041405022144317626953125">
        <ele>7.19999980926513671875</ele>
        <time>2026-09-09T23:30:55.000Z</time>
        <extensions>
          <ns3:TrackPointExtension>
            <ns3:hr>150</ns3:hr>
            <ns3:cad>82</ns3:cad>
          </ns3:TrackPointExtension>
        </extensions>
      </trkpt>
      <trkpt lat="23.04997296072542667388916015625" lon="113.31037580966949462890625">
        <ele>7.19999980926513671875</ele>
        <time>2026-09-09T23:30:56.000Z</time>
        <extensions>
          <ns3:TrackPointExtension>
            <ns3:hr>149</ns3:hr>
            <ns3:cad>82</ns3:cad>
          </ns3:TrackPointExtension>
        </extensions>
      </trkpt>
      <trkpt lat="23.04998436011373996734619140625" lon="113.3103561960160732269287109375">
        <ele>7.400000095367431640625</ele>
        <time>2026-09-09T23:30:57.000Z</time>
        <extensions>
          <ns3:TrackPointExtension>
            <ns3:hr>150</ns3:hr>
            <ns3:cad>82</ns3:cad>
          </ns3:TrackPointExtension>
        </extensions>
      </trkpt>
      <trkpt lat="23.049990646541118621826171875" lon="113.31033289432525634765625">
        <ele>7.400000095367431640625</ele>
        <time>2026-09-09T23:30:58.000Z</time>
        <extensions>
          <ns3:TrackPointExtension>
            <ns3:hr>149</ns3:hr>
            <ns3:cad>81</ns3:cad>
          </ns3:TrackPointExtension>
        </extensions>
      </trkpt>
      <trkpt lat="23.0499941669404506683349609375" lon="113.31030674278736114501953125">
        <ele>7.400000095367431640625</ele>
        <time>2026-09-09T23:30:59.000Z</time>
        <extensions>
          <ns3:TrackPointExtension>
            <ns3:hr>149</ns3:hr>
            <ns3:cad>81</ns3:cad>
          </ns3:TrackPointExtension>
        </extensions>
      </trkpt>
      <trkpt lat="23.04999860934913158416748046875" lon="113.3102779090404510498046875">
        <ele>7.400000095367431640625</ele>
        <time>2026-09-09T23:31:00.000Z</time>
        <extensions>
          <ns3:TrackPointExtension>
            <ns3:hr>149</ns3:hr>
            <ns3:cad>81</ns3:cad>
          </ns3:TrackPointExtension>
        </extensions>
      </trkpt>
      <trkpt lat="23.049997352063655853271484375" lon="113.310246057808399200439453125">
        <ele>7.400000095367431640625</ele>
        <time>2026-09-09T23:31:01.000Z</time>
        <extensions>
          <ns3:TrackPointExtension>
            <ns3:hr>149</ns3:hr>
            <ns3:cad>81</ns3:cad>
          </ns3:TrackPointExtension>
        </extensions>
      </trkpt>
      <trkpt lat="23.0500028841197490692138671875" lon="113.31022351048886775970458984375">
        <ele>7.400000095367431640625</ele>
        <time>2026-09-09T23:31:02.000Z</time>
        <extensions>
          <ns3:TrackPointExtension>
            <ns3:hr>150</ns3:hr>
            <ns3:cad>81</ns3:cad>
          </ns3:TrackPointExtension>
        </extensions>
      </trkpt>
      <trkpt lat="23.05000246502459049224853515625" lon="113.3101974427700042724609375">
        <ele>7.400000095367431640625</ele>
        <time>2026-09-09T23:31:03.000Z</time>
        <extensions>
          <ns3:TrackPointExtension>
            <ns3:hr>150</ns3:hr>
            <ns3:cad>83</ns3:cad>
          </ns3:TrackPointExtension>
        </extensions>
      </trkpt>
      <trkpt lat="23.04999995045363903045654296875" lon="113.31017321906983852386474609375">
        <ele>7.400000095367431640625</ele>
        <time>2026-09-09T23:31:04.000Z</time>
        <extensions>
          <ns3:TrackPointExtension>
            <ns3:hr>150</ns3:hr>
            <ns3:cad>83</ns3:cad>
          </ns3:TrackPointExtension>
        </extensions>
      </trkpt>
      <trkpt lat="23.04999324493110179901123046875" lon="113.31015511415898799896240234375">
        <ele>7.400000095367431640625</ele>
        <time>2026-09-09T23:31:05.000Z</time>
        <extensions>
          <ns3:TrackPointExtension>
            <ns3:hr>150</ns3:hr>
            <ns3:cad>83</ns3:cad>
          </ns3:TrackPointExtension>
        </extensions>
      </trkpt>
      <trkpt lat="23.04999089799821376800537109375" lon="113.31013030372560024261474609375">
        <ele>7.400000095367431640625</ele>
        <time>2026-09-09T23:31:06.000Z</time>
        <extensions>
          <ns3:TrackPointExtension>
            <ns3:hr>150</ns3:hr>
            <ns3:cad>83</ns3:cad>
          </ns3:TrackPointExtension>
        </extensions>
      </trkpt>
      <trkpt lat="23.04998788051307201385498046875" lon="113.31010884605348110198974609375">
        <ele>7.400000095367431640625</ele>
        <time>2026-09-09T23:31:07.000Z</time>
        <extensions>
          <ns3:TrackPointExtension>
            <ns3:hr>150</ns3:hr>
            <ns3:cad>83</ns3:cad>
          </ns3:TrackPointExtension>
        </extensions>
      </trkpt>
      <trkpt lat="23.04998151026666164398193359375" lon="113.310089148581027984619140625">
        <ele>7.400000095367431640625</ele>
        <time>2026-09-09T23:31:08.000Z</time>
        <extensions>
          <ns3:TrackPointExtension>
            <ns3:hr>150</ns3:hr>
            <ns3:cad>83</ns3:cad>
          </ns3:TrackPointExtension>
        </extensions>
      </trkpt>
      <trkpt lat="23.04998695850372314453125" lon="113.31006341613829135894775390625">
        <ele>7.400000095367431640625</ele>
        <time>2026-09-09T23:31:09.000Z</time>
        <extensions>
          <ns3:TrackPointExtension>
            <ns3:hr>150</ns3:hr>
            <ns3:cad>83</ns3:cad>
          </ns3:TrackPointExtension>
        </extensions>
      </trkpt>
      <trkpt lat="23.04998000152409076690673828125" lon="113.31004749052226543426513671875">
        <ele>7.400000095367431640625</ele>
        <time>2026-09-09T23:31:10.000Z</time>
        <extensions>
          <ns3:TrackPointExtension>
            <ns3:hr>150</ns3:hr>
            <ns3:cad>83</ns3:cad>
          </ns3:TrackPointExtension>
        </extensions>
      </trkpt>
      <trkpt lat="23.04997547529637813568115234375" lon="113.3100229315459728240966796875">
        <ele>7.400000095367431640625</ele>
        <time>2026-09-09T23:31:11.000Z</time>
        <extensions>
          <ns3:TrackPointExtension>
            <ns3:hr>150</ns3:hr>
            <ns3:cad>83</ns3:cad>
          </ns3:TrackPointExtension>
        </extensions>
      </trkpt>
      <trkpt lat="23.049976564943790435791015625" lon="113.30999770201742649078369140625">
        <ele>7.400000095367431640625</ele>
        <time>2026-09-09T23:31:12.000Z</time>
        <extensions>
          <ns3:TrackPointExtension>
            <ns3:hr>150</ns3:hr>
            <ns3:cad>83</ns3:cad>
          </ns3:TrackPointExtension>
        </extensions>
      </trkpt>
      <trkpt lat="23.049973882734775543212890625" lon="113.30997741781175136566162109375">
        <ele>7.400000095367431640625</ele>
        <time>2026-09-09T23:31:13.000Z</time>
        <extensions>
          <ns3:TrackPointExtension>
            <ns3:hr>150</ns3:hr>
            <ns3:cad>83</ns3:cad>
          </ns3:TrackPointExtension>
        </extensions>
      </trkpt>
      <trkpt lat="23.04997421801090240478515625" lon="113.30994506366550922393798828125">
        <ele>7.400000095367431640625</ele>
        <time>2026-09-09T23:31:14.000Z</time>
        <extensions>
          <ns3:TrackPointExtension>
            <ns3:hr>151</ns3:hr>
            <ns3:cad>83</ns3:cad>
          </ns3:TrackPointExtension>
        </extensions>
      </trkpt>
      <trkpt lat="23.04997094906866550445556640625" lon="113.309926874935626983642578125">
        <ele>7.400000095367431640625</ele>
        <time>2026-09-09T23:31:15.000Z</time>
        <extensions>
          <ns3:TrackPointExtension>
            <ns3:hr>150</ns3:hr>
            <ns3:cad>83</ns3:cad>
          </ns3:TrackPointExtension>
        </extensions>
      </trkpt>
      <trkpt lat="23.04997011087834835052490234375" lon="113.30990231595933437347412109375">
        <ele>7.400000095367431640625</ele>
        <time>2026-09-09T23:31:16.000Z</time>
        <extensions>
          <ns3:TrackPointExtension>
            <ns3:hr>151</ns3:hr>
            <ns3:cad>83</ns3:cad>
          </ns3:TrackPointExtension>
        </extensions>
      </trkpt>
      <trkpt lat="23.0499649979174137115478515625" lon="113.30987834371626377105712890625">
        <ele>7.19999980926513671875</ele>
        <time>2026-09-09T23:31:17.000Z</time>
        <extensions>
          <ns3:TrackPointExtension>
            <ns3:hr>151</ns3:hr>
            <ns3:cad>83</ns3:cad>
          </ns3:TrackPointExtension>
        </extensions>
      </trkpt>
      <trkpt lat="23.04995988495647907257080078125" lon="113.3098573051393032073974609375">
        <ele>7.19999980926513671875</ele>
        <time>2026-09-09T23:31:18.000Z</time>
        <extensions>
          <ns3:TrackPointExtension>
            <ns3:hr>151</ns3:hr>
            <ns3:cad>83</ns3:cad>
          </ns3:TrackPointExtension>
        </extensions>
      </trkpt>
      <trkpt lat="23.049959801137447357177734375" lon="113.3098274655640125274658203125">
        <ele>7.19999980926513671875</ele>
        <time>2026-09-09T23:31:19.000Z</time>
        <extensions>
          <ns3:TrackPointExtension>
            <ns3:hr>151</ns3:hr>
            <ns3:cad>83</ns3:cad>
          </ns3:TrackPointExtension>
        </extensions>
      </trkpt>
      <trkpt lat="23.0499535985291004180908203125" lon="113.30980408005416393280029296875">
        <ele>7.19999980926513671875</ele>
        <time>2026-09-09T23:31:20.000Z</time>
        <extensions>
          <ns3:TrackPointExtension>
            <ns3:hr>152</ns3:hr>
            <ns3:cad>83</ns3:cad>
          </ns3:TrackPointExtension>
        </extensions>
      </trkpt>
      <trkpt lat="23.04994831793010234832763671875" lon="113.30978446640074253082275390625">
        <ele>7.19999980926513671875</ele>
        <time>2026-09-09T23:31:21.000Z</time>
        <extensions>
          <ns3:TrackPointExtension>
            <ns3:hr>151</ns3:hr>
            <ns3:cad>83</ns3:cad>
          </ns3:TrackPointExtension>
        </extensions>
      </trkpt>
      <trkpt lat="23.04994999431073665618896484375" lon="113.3097580634057521820068359375">
        <ele>7.19999980926513671875</ele>
        <time>2026-09-09T23:31:22.000Z</time>
        <extensions>
          <ns3:TrackPointExtension>
            <ns3:hr>152</ns3:hr>
            <ns3:cad>83</ns3:cad>
          </ns3:TrackPointExtension>
        </extensions>
      </trkpt>
      <trkpt lat="23.04994345642626285552978515625" lon="113.3097342588007450103759765625">
        <ele>7.19999980926513671875</ele>
        <time>2026-09-09T23:31:23.000Z</time>
        <extensions>
          <ns3:TrackPointExtension>
            <ns3:hr>152</ns3:hr>
            <ns3:cad>83</ns3:cad>
          </ns3:TrackPointExtension>
        </extensions>
      </trkpt>
      <trkpt lat="23.04994144476950168609619140625" lon="113.3096987195312976837158203125">
        <ele>7.19999980926513671875</ele>
        <time>2026-09-09T23:31:24.000Z</time>
        <extensions>
          <ns3:TrackPointExtension>
            <ns3:hr>152</ns3:hr>
            <ns3:cad>83</ns3:cad>
          </ns3:TrackPointExtension>
        </extensions>
      </trkpt>
      <trkpt lat="23.04995083250105381011962890625" lon="113.3096802793443202972412109375">
        <ele>7.19999980926513671875</ele>
        <time>2026-09-09T23:31:25.000Z</time>
        <extensions>
          <ns3:TrackPointExtension>
            <ns3:hr>152</ns3:hr>
            <ns3:cad>83</ns3:cad>
          </ns3:TrackPointExtension>
        </extensions>
      </trkpt>
      <trkpt lat="23.049950413405895233154296875" lon="113.30965421162545680999755859375">
        <ele>7.19999980926513671875</ele>
        <time>2026-09-09T23:31:26.000Z</time>
        <extensions>
          <ns3:TrackPointExtension>
            <ns3:hr>153</ns3:hr>
            <ns3:cad>83</ns3:cad>
          </ns3:TrackPointExtension>
        </extensions>
      </trkpt>
      <trkpt lat="23.0499512515962123870849609375" lon="113.3096273057162761688232421875">
        <ele>7.19999980926513671875</ele>
        <time>2026-09-09T23:31:27.000Z</time>
        <extensions>
          <ns3:TrackPointExtension>
            <ns3:hr>153</ns3:hr>
            <ns3:cad>83</ns3:cad>
          </ns3:TrackPointExtension>
        </extensions>
      </trkpt>
      <trkpt lat="23.0499445460736751556396484375" lon="113.309613727033138275146484375">
        <ele>7.19999980926513671875</ele>
        <time>2026-09-09T23:31:28.000Z</time>
        <extensions>
          <ns3:TrackPointExtension>
            <ns3:hr>153</ns3:hr>
            <ns3:cad>83</ns3:cad>
          </ns3:TrackPointExtension>
        </extensions>
      </trkpt>
      <trkpt lat="23.04993876256048679351806640625" lon="113.30958665348589420318603515625">
        <ele>7.19999980926513671875</ele>
        <time>2026-09-09T23:31:29.000Z</time>
        <extensions>
          <ns3:TrackPointExtension>
            <ns3:hr>153</ns3:hr>
            <ns3:cad>83</ns3:cad>
          </ns3:TrackPointExtension>
        </extensions>
      </trkpt>
      <trkpt lat="23.04993960075080394744873046875" lon="113.30956854857504367828369140625">
        <ele>7.19999980926513671875</ele>
        <time>2026-09-09T23:31:30.000Z</time>
        <extensions>
          <ns3:TrackPointExtension>
            <ns3:hr>153</ns3:hr>
            <ns3:cad>83</ns3:cad>
          </ns3:TrackPointExtension>
        </extensions>
      </trkpt>
      <trkpt lat="23.0499364994466304779052734375" lon="113.309545330703258514404296875">
        <ele>7.19999980926513671875</ele>
        <time>2026-09-09T23:31:31.000Z</time>
        <extensions>
          <ns3:TrackPointExtension>
            <ns3:hr>153</ns3:hr>
            <ns3:cad>83</ns3:cad>
          </ns3:TrackPointExtension>
        </extensions>
      </trkpt>
      <trkpt lat="23.049937672913074493408203125" lon="113.30951238982379436492919921875">
        <ele>7.19999980926513671875</ele>
        <time>2026-09-09T23:31:32.000Z</time>
        <extensions>
          <ns3:TrackPointExtension>
            <ns3:hr>153</ns3:hr>
            <ns3:cad>83</ns3:cad>
          </ns3:TrackPointExtension>
        </extensions>
      </trkpt>
      <trkpt lat="23.04993331432342529296875" lon="113.30949881114065647125244140625">
        <ele>7.19999980926513671875</ele>
        <time>2026-09-09T23:31:33.000Z</time>
        <extensions>
          <ns3:TrackPointExtension>
            <ns3:hr>153</ns3:hr>
            <ns3:cad>83</ns3:cad>
          </ns3:TrackPointExtension>
        </extensions>
      </trkpt>
      <trkpt lat="23.0499292910099029541015625" lon="113.30947601236402988433837890625">
        <ele>7.19999980926513671875</ele>
        <time>2026-09-09T23:31:34.000Z</time>
        <extensions>
          <ns3:TrackPointExtension>
            <ns3:hr>153</ns3:hr>
            <ns3:cad>83</ns3:cad>
          </ns3:TrackPointExtension>
        </extensions>
      </trkpt>
      <trkpt lat="23.0499324761331081390380859375" lon="113.30945036374032497406005859375">
        <ele>7.19999980926513671875</ele>
        <time>2026-09-09T23:31:35.000Z</time>
        <extensions>
          <ns3:TrackPointExtension>
            <ns3:hr>153</ns3:hr>
            <ns3:cad>83</ns3:cad>
          </ns3:TrackPointExtension>
        </extensions>
      </trkpt>
      <trkpt lat="23.0499266088008880615234375" lon="113.30942831933498382568359375">
        <ele>7.19999980926513671875</ele>
        <time>2026-09-09T23:31:36.000Z</time>
        <extensions>
          <ns3:TrackPointExtension>
            <ns3:hr>153</ns3:hr>
            <ns3:cad>83</ns3:cad>
          </ns3:TrackPointExtension>
        </extensions>
      </trkpt>
      <trkpt lat="23.04992971010506153106689453125" lon="113.30939001403748989105224609375">
        <ele>7.19999980926513671875</ele>
        <time>2026-09-09T23:31:37.000Z</time>
        <extensions>
          <ns3:TrackPointExtension>
            <ns3:hr>152</ns3:hr>
            <ns3:cad>83</ns3:cad>
          </ns3:TrackPointExtension>
        </extensions>
      </trkpt>
      <trkpt lat="23.04992686025798320770263671875" lon="113.30937467515468597412109375">
        <ele>7.19999980926513671875</ele>
        <time>2026-09-09T23:31:38.000Z</time>
        <extensions>
          <ns3:TrackPointExtension>
            <ns3:hr>152</ns3:hr>
            <ns3:cad>83</ns3:cad>
          </ns3:TrackPointExtension>
        </extensions>
      </trkpt>
      <trkpt lat="23.0499239265918731689453125" lon="113.309342823922634124755859375">
        <ele>7.19999980926513671875</ele>
        <time>2026-09-09T23:31:39.000Z</time>
        <extensions>
          <ns3:TrackPointExtension>
            <ns3:hr>152</ns3:hr>
            <ns3:cad>83</ns3:cad>
          </ns3:TrackPointExtension>
        </extensions>
      </trkpt>
      <trkpt lat="23.0499261058866977691650390625" lon="113.30931298434734344482421875">
        <ele>7.19999980926513671875</ele>
        <time>2026-09-09T23:31:40.000Z</time>
        <extensions>
          <ns3:TrackPointExtension>
            <ns3:hr>152</ns3:hr>
            <ns3:cad>83</ns3:cad>
          </ns3:TrackPointExtension>
        </extensions>
      </trkpt>
      <trkpt lat="23.049923591315746307373046875" lon="113.30928624607622623443603515625">
        <ele>7.19999980926513671875</ele>
        <time>2026-09-09T23:31:41.000Z</time>
        <extensions>
          <ns3:TrackPointExtension>
            <ns3:hr>152</ns3:hr>
            <ns3:cad>83</ns3:cad>
          </ns3:TrackPointExtension>
        </extensions>
      </trkpt>
      <trkpt lat="23.0499210767447948455810546875" lon="113.3092501200735569000244140625">
        <ele>7.19999980926513671875</ele>
        <time>2026-09-09T23:31:42.000Z</time>
        <extensions>
          <ns3:TrackPointExtension>
            <ns3:hr>152</ns3:hr>
            <ns3:cad>84</ns3:cad>
          </ns3:TrackPointExtension>
        </extensions>
      </trkpt>
      <trkpt lat="23.04992049001157283782958984375" lon="113.3092336915433406829833984375">
        <ele>7.19999980926513671875</ele>
        <time>2026-09-09T23:31:43.000Z</time>
        <extensions>
          <ns3:TrackPointExtension>
            <ns3:hr>152</ns3:hr>
            <ns3:cad>84</ns3:cad>
          </ns3:TrackPointExtension>
        </extensions>
      </trkpt>
      <trkpt lat="23.049918226897716522216796875" lon="113.309212066233158111572265625">
        <ele>7.19999980926513671875</ele>
        <time>2026-09-09T23:31:44.000Z</time>
        <extensions>
          <ns3:TrackPointExtension>
            <ns3:hr>152</ns3:hr>
            <ns3:cad>83</ns3:cad>
          </ns3:TrackPointExtension>
        </extensions>
      </trkpt>
      <trkpt lat="23.0499251000583171844482421875" lon="113.30918021500110626220703125">
        <ele>7</ele>
        <time>2026-09-09T23:31:45.000Z</time>
        <extensions>
          <ns3:TrackPointExtension>
            <ns3:hr>152</ns3:hr>
            <ns3:cad>83</ns3:cad>
          </ns3:TrackPointExtension>
        </extensions>
      </trkpt>
      <trkpt lat="23.04992065764963626861572265625" lon="113.30916286446154117584228515625">
        <ele>7.19999980926513671875</ele>
        <time>2026-09-09T23:31:46.000Z</time>
        <extensions>
          <ns3:TrackPointExtension>
            <ns3:hr>152</ns3:hr>
            <ns3:cad>83</ns3:cad>
          </ns3:TrackPointExtension>
        </extensions>
      </trkpt>
      <trkpt lat="23.04992434568703174591064453125" lon="113.30913905985653400421142578125">
        <ele>7</ele>
        <time>2026-09-09T23:31:47.000Z</time>
        <extensions>
          <ns3:TrackPointExtension>
            <ns3:hr>152</ns3:hr>
            <ns3:cad>83</ns3:cad>
          </ns3:TrackPointExtension>
        </extensions>
      </trkpt>
      <trkpt lat="23.04992484860122203826904296875" lon="113.309124894440174102783203125">
        <ele>7</ele>
        <time>2026-09-09T23:31:48.000Z</time>
        <extensions>
          <ns3:TrackPointExtension>
            <ns3:hr>151</ns3:hr>
            <ns3:cad>83</ns3:cad>
          </ns3:TrackPointExtension>
        </extensions>
      </trkpt>
      <trkpt lat="23.04992266930639743804931640625" lon="113.30910268239676952362060546875">
        <ele>7.19999980926513671875</ele>
        <time>2026-09-09T23:31:49.000Z</time>
        <extensions>
          <ns3:TrackPointExtension>
            <ns3:hr>152</ns3:hr>
            <ns3:cad>83</ns3:cad>
          </ns3:TrackPointExtension>
        </extensions>
      </trkpt>
      <trkpt lat="23.04992032237350940704345703125" lon="113.30907334573566913604736328125">
        <ele>7.19999980926513671875</ele>
        <time>2026-09-09T23:31:50.000Z</time>
        <extensions>
          <ns3:TrackPointExtension>
            <ns3:hr>151</ns3:hr>
            <ns3:cad>83</ns3:cad>
          </ns3:TrackPointExtension>
        </extensions>
      </trkpt>
      <trkpt lat="23.0499187298119068145751953125" lon="113.3090600185096263885498046875">
        <ele>7.19999980926513671875</ele>
        <time>2026-09-09T23:31:51.000Z</time>
        <extensions>
          <ns3:TrackPointExtension>
            <ns3:hr>151</ns3:hr>
            <ns3:cad>83</ns3:cad>
          </ns3:TrackPointExtension>
        </extensions>
      </trkpt>
      <trkpt lat="23.04991814307868480682373046875" lon="113.30903512425720691680908203125">
        <ele>7.19999980926513671875</ele>
        <time>2026-09-09T23:31:52.000Z</time>
        <extensions>
          <ns3:TrackPointExtension>
            <ns3:hr>151</ns3:hr>
            <ns3:cad>83</ns3:cad>
          </ns3:TrackPointExtension>
        </extensions>
      </trkpt>
      <trkpt lat="23.04992300458252429962158203125" lon="113.30901400186121463775634765625">
        <ele>7.19999980926513671875</ele>
        <time>2026-09-09T23:31:53.000Z</time>
        <extensions>
          <ns3:TrackPointExtension>
            <ns3:hr>150</ns3:hr>
            <ns3:cad>82</ns3:cad>
          </ns3:TrackPointExtension>
        </extensions>
      </trkpt>
      <trkpt lat="23.0499224178493022918701171875" lon="113.30899053253233432769775390625">
        <ele>7.19999980926513671875</ele>
        <time>2026-09-09T23:31:54.000Z</time>
        <extensions>
          <ns3:TrackPointExtension>
            <ns3:hr>150</ns3:hr>
            <ns3:cad>82</ns3:cad>
          </ns3:TrackPointExtension>
        </extensions>
      </trkpt>
      <trkpt lat="23.0499294586479663848876953125" lon="113.30895960330963134765625">
        <ele>7.19999980926513671875</ele>
        <time>2026-09-09T23:31:55.000Z</time>
        <extensions>
          <ns3:TrackPointExtension>
            <ns3:hr>149</ns3:hr>
            <ns3:cad>82</ns3:cad>
          </ns3:TrackPointExtension>
        </extensions>
      </trkpt>
      <trkpt lat="23.04993934929370880126953125" lon="113.3089393191039562225341796875">
        <ele>7.19999980926513671875</ele>
        <time>2026-09-09T23:31:56.000Z</time>
        <extensions>
          <ns3:TrackPointExtension>
            <ns3:hr>149</ns3:hr>
            <ns3:cad>83</ns3:cad>
          </ns3:TrackPointExtension>
        </extensions>
      </trkpt>
      <trkpt lat="23.04994010366499423980712890625" lon="113.30891459248960018157958984375">
        <ele>7.19999980926513671875</ele>
        <time>2026-09-09T23:31:57.000Z</time>
        <extensions>
          <ns3:TrackPointExtension>
            <ns3:hr>149</ns3:hr>
            <ns3:cad>83</ns3:cad>
          </ns3:TrackPointExtension>
        </extensions>
      </trkpt>
      <trkpt lat="23.0499442107975482940673828125" lon="113.30888810567557811737060546875">
        <ele>7.19999980926513671875</ele>
        <time>2026-09-09T23:31:58.000Z</time>
        <extensions>
          <ns3:TrackPointExtension>
            <ns3:hr>149</ns3:hr>
            <ns3:cad>83</ns3:cad>
          </ns3:TrackPointExtension>
        </extensions>
      </trkpt>
      <trkpt lat="23.04993943311274051666259765625" lon="113.30886916257441043853759765625">
        <ele>7.19999980926513671875</ele>
        <time>2026-09-09T23:31:59.000Z</time>
        <extensions>
          <ns3:TrackPointExtension>
            <ns3:hr>148</ns3:hr>
            <ns3:cad>83</ns3:cad>
          </ns3:TrackPointExtension>
        </extensions>
      </trkpt>
      <trkpt lat="23.0499425344169139862060546875" lon="113.308834545314311981201171875">
        <ele>7</ele>
        <time>2026-09-09T23:32:00.000Z</time>
        <extensions>
          <ns3:TrackPointExtension>
            <ns3:hr>148</ns3:hr>
            <ns3:cad>83</ns3:cad>
          </ns3:TrackPointExtension>
        </extensions>
      </trkpt>
      <trkpt lat="23.04994060657918453216552734375" lon="113.30881702713668346405029296875">
        <ele>7</ele>
        <time>2026-09-09T23:32:01.000Z</time>
        <extensions>
          <ns3:TrackPointExtension>
            <ns3:hr>148</ns3:hr>
            <ns3:cad>84</ns3:cad>
          </ns3:TrackPointExtension>
        </extensions>
      </trkpt>
      <trkpt lat="23.04993876256048679351806640625" lon="113.30879372544586658477783203125">
        <ele>7</ele>
        <time>2026-09-09T23:32:02.000Z</time>
        <extensions>
          <ns3:TrackPointExtension>
            <ns3:hr>147</ns3:hr>
            <ns3:cad>84</ns3:cad>
          </ns3:TrackPointExtension>
        </extensions>
      </trkpt>
      <trkpt lat="23.0499408580362796783447265625" lon="113.30876313149929046630859375">
        <ele>7</ele>
        <time>2026-09-09T23:32:03.000Z</time>
        <extensions>
          <ns3:TrackPointExtension>
            <ns3:hr>147</ns3:hr>
            <ns3:cad>84</ns3:cad>
          </ns3:TrackPointExtension>
        </extensions>
      </trkpt>
      <trkpt lat="23.049941696226596832275390625" lon="113.30873723141849040985107421875">
        <ele>7</ele>
        <time>2026-09-09T23:32:04.000Z</time>
        <extensions>
          <ns3:TrackPointExtension>
            <ns3:hr>147</ns3:hr>
            <ns3:cad>83</ns3:cad>
          </ns3:TrackPointExtension>
        </extensions>
      </trkpt>
      <trkpt lat="23.04994546808302402496337890625" lon="113.30871007405221462249755859375">
        <ele>7</ele>
        <time>2026-09-09T23:32:05.000Z</time>
        <extensions>
          <ns3:TrackPointExtension>
            <ns3:hr>147</ns3:hr>
            <ns3:cad>83</ns3:cad>
          </ns3:TrackPointExtension>
        </extensions>
      </trkpt>
      <trkpt lat="23.04994747973978519439697265625" lon="113.308689706027507781982421875">
        <ele>7</ele>
        <time>2026-09-09T23:32:06.000Z</time>
        <extensions>
          <ns3:TrackPointExtension>
            <ns3:hr>147</ns3:hr>
            <ns3:cad>83</ns3:cad>
          </ns3:TrackPointExtension>
        </extensions>
      </trkpt>
      <trkpt lat="23.0499432049691677093505859375" lon="113.3086633868515491485595703125">
        <ele>7</ele>
        <time>2026-09-09T23:32:07.000Z</time>
        <extensions>
          <ns3:TrackPointExtension>
            <ns3:hr>147</ns3:hr>
            <ns3:cad>83</ns3:cad>
          </ns3:TrackPointExtension>
        </extensions>
      </trkpt>
      <trkpt lat="23.04994597099721431732177734375" lon="113.308628015220165252685546875">
        <ele>7.19999980926513671875</ele>
        <time>2026-09-09T23:32:08.000Z</time>
        <extensions>
          <ns3:TrackPointExtension>
            <ns3:hr>147</ns3:hr>
            <ns3:cad>83</ns3:cad>
          </ns3:TrackPointExtension>
        </extensions>
      </trkpt>
      <trkpt lat="23.049940355122089385986328125" lon="113.30861561000347137451171875">
        <ele>7.19999980926513671875</ele>
        <time>2026-09-09T23:32:09.000Z</time>
        <extensions>
          <ns3:TrackPointExtension>
            <ns3:hr>147</ns3:hr>
            <ns3:cad>83</ns3:cad>
          </ns3:TrackPointExtension>
        </extensions>
      </trkpt>
      <trkpt lat="23.04994161240756511688232421875" lon="113.30859306268393993377685546875">
        <ele>7.19999980926513671875</ele>
        <time>2026-09-09T23:32:10.000Z</time>
        <extensions>
          <ns3:TrackPointExtension>
            <ns3:hr>147</ns3:hr>
            <ns3:cad>83</ns3:cad>
          </ns3:TrackPointExtension>
        </extensions>
      </trkpt>
      <trkpt lat="23.0499442107975482940673828125" lon="113.308572359383106231689453125">
        <ele>7.19999980926513671875</ele>
        <time>2026-09-09T23:32:11.000Z</time>
        <extensions>
          <ns3:TrackPointExtension>
            <ns3:hr>147</ns3:hr>
            <ns3:cad>83</ns3:cad>
          </ns3:TrackPointExtension>
        </extensions>
      </trkpt>
      <trkpt lat="23.04994127713143825531005859375" lon="113.30854813568294048309326171875">
        <ele>7.19999980926513671875</ele>
        <time>2026-09-09T23:32:12.000Z</time>
        <extensions>
          <ns3:TrackPointExtension>
            <ns3:hr>147</ns3:hr>
            <ns3:cad>83</ns3:cad>
          </ns3:TrackPointExtension>
        </extensions>
      </trkpt>
      <trkpt lat="23.049941025674343109130859375" lon="113.30851611681282520294189453125">
        <ele>7.19999980926513671875</ele>
        <time>2026-09-09T23:32:13.000Z</time>
        <extensions>
          <ns3:TrackPointExtension>
            <ns3:hr>147</ns3:hr>
            <ns3:cad>83</ns3:cad>
          </ns3:TrackPointExtension>
        </extensions>
      </trkpt>
      <trkpt lat="23.04993742145597934722900390625" lon="113.3084996044635772705078125">
        <ele>7.19999980926513671875</ele>
        <time>2026-09-09T23:32:14.000Z</time>
        <extensions>
          <ns3:TrackPointExtension>
            <ns3:hr>147</ns3:hr>
            <ns3:cad>83</ns3:cad>
          </ns3:TrackPointExtension>
        </extensions>
      </trkpt>
      <trkpt lat="23.04993876256048679351806640625" lon="113.30846867524087429046630859375">
        <ele>7.19999980926513671875</ele>
        <time>2026-09-09T23:32:15.000Z</time>
        <extensions>
          <ns3:TrackPointExtension>
            <ns3:hr>146</ns3:hr>
            <ns3:cad>83</ns3:cad>
          </ns3:TrackPointExtension>
        </extensions>
      </trkpt>
      <trkpt lat="23.04994999431073665618896484375" lon="113.3084464631974697113037109375">
        <ele>7.19999980926513671875</ele>
        <time>2026-09-09T23:32:16.000Z</time>
        <extensions>
          <ns3:TrackPointExtension>
            <ns3:hr>147</ns3:hr>
            <ns3:cad>83</ns3:cad>
          </ns3:TrackPointExtension>
        </extensions>
      </trkpt>
      <trkpt lat="23.0499502457678318023681640625" lon="113.30842391587793827056884765625">
        <ele>7.19999980926513671875</ele>
        <time>2026-09-09T23:32:17.000Z</time>
        <extensions>
          <ns3:TrackPointExtension>
            <ns3:hr>147</ns3:hr>
            <ns3:cad>83</ns3:cad>
          </ns3:TrackPointExtension>
        </extensions>
      </trkpt>
      <trkpt lat="23.04995116777718067169189453125" lon="113.3084003627300262451171875">
        <ele>7.19999980926513671875</ele>
        <time>2026-09-09T23:32:18.000Z</time>
        <extensions>
          <ns3:TrackPointExtension>
            <ns3:hr>148</ns3:hr>
            <ns3:cad>83</ns3:cad>
          </ns3:TrackPointExtension>
        </extensions>
      </trkpt>
      <trkpt lat="23.0499542690813541412353515625" lon="113.3083827607333660125732421875">
        <ele>7.19999980926513671875</ele>
        <time>2026-09-09T23:32:19.000Z</time>
        <extensions>
          <ns3:TrackPointExtension>
            <ns3:hr>148</ns3:hr>
            <ns3:cad>83</ns3:cad>
          </ns3:TrackPointExtension>
        </extensions>
      </trkpt>
      <trkpt lat="23.0499552749097347259521484375" lon="113.30835551954805850982666015625">
        <ele>7.19999980926513671875</ele>
        <time>2026-09-09T23:32:20.000Z</time>
        <extensions>
          <ns3:TrackPointExtension>
            <ns3:hr>148</ns3:hr>
            <ns3:cad>84</ns3:cad>
          </ns3:TrackPointExtension>
        </extensions>
      </trkpt>
      <trkpt lat="23.04996726103127002716064453125" lon="113.3083279430866241455078125">
        <ele>7.19999980926513671875</ele>
        <time>2026-09-09T23:32:21.000Z</time>
        <extensions>
          <ns3:TrackPointExtension>
            <ns3:hr>149</ns3:hr>
            <ns3:cad>84</ns3:cad>
          </ns3:TrackPointExtension>
        </extensions>
      </trkpt>
      <trkpt lat="23.049967847764492034912109375" lon="113.30830807797610759735107421875">
        <ele>7.19999980926513671875</ele>
        <time>2026-09-09T23:32:22.000Z</time>
        <extensions>
          <ns3:TrackPointExtension>
            <ns3:hr>149</ns3:hr>
            <ns3:cad>84</ns3:cad>
          </ns3:TrackPointExtension>
        </extensions>
      </trkpt>
      <trkpt lat="23.0499717034399509429931640625" lon="113.308275975286960601806640625">
        <ele>7.19999980926513671875</ele>
        <time>2026-09-09T23:32:23.000Z</time>
        <extensions>
          <ns3:TrackPointExtension>
            <ns3:hr>149</ns3:hr>
            <ns3:cad>84</ns3:cad>
          </ns3:TrackPointExtension>
        </extensions>
      </trkpt>
      <trkpt lat="23.0499810911715030670166015625" lon="113.30825611017644405364990234375">
        <ele>7.19999980926513671875</ele>
        <time>2026-09-09T23:32:24.000Z</time>
        <extensions>
          <ns3:TrackPointExtension>
            <ns3:hr>149</ns3:hr>
            <ns3:cad>83</ns3:cad>
          </ns3:TrackPointExtension>
        </extensions>
      </trkpt>
      <trkpt lat="23.04998201318085193634033203125" lon="113.308232389390468597412109375">
        <ele>7.19999980926513671875</ele>
        <time>2026-09-09T23:32:25.000Z</time>
        <extensions>
          <ns3:TrackPointExtension>
            <ns3:hr>150</ns3:hr>
            <ns3:cad>83</ns3:cad>
          </ns3:TrackPointExtension>
        </extensions>
      </trkpt>
      <trkpt lat="23.04998720996081829071044921875" lon="113.30820464529097080230712890625">
        <ele>7.19999980926513671875</ele>
        <time>2026-09-09T23:32:26.000Z</time>
        <extensions>
          <ns3:TrackPointExtension>
            <ns3:hr>150</ns3:hr>
            <ns3:cad>83</ns3:cad>
          </ns3:TrackPointExtension>
        </extensions>
      </trkpt>
      <trkpt lat="23.049988634884357452392578125" lon="113.30818033777177333831787109375">
        <ele>7.19999980926513671875</ele>
        <time>2026-09-09T23:32:27.000Z</time>
        <extensions>
          <ns3:TrackPointExtension>
            <ns3:hr>150</ns3:hr>
            <ns3:cad>84</ns3:cad>
          </ns3:TrackPointExtension>
        </extensions>
      </trkpt>
      <trkpt lat="23.04999290965497493743896484375" lon="113.3081423677504062652587890625">
        <ele>7.19999980926513671875</ele>
        <time>2026-09-09T23:32:28.000Z</time>
        <extensions>
          <ns3:TrackPointExtension>
            <ns3:hr>149</ns3:hr>
            <ns3:cad>84</ns3:cad>
          </ns3:TrackPointExtension>
        </extensions>
      </trkpt>
      <trkpt lat="23.050002045929431915283203125" lon="113.3081252686679363250732421875">
        <ele>7.19999980926513671875</ele>
        <time>2026-09-09T23:32:29.000Z</time>
        <extensions>
          <ns3:TrackPointExtension>
            <ns3:hr>150</ns3:hr>
            <ns3:cad>83</ns3:cad>
          </ns3:TrackPointExtension>
        </extensions>
      </trkpt>
      <trkpt lat="23.0500045605003833770751953125" lon="113.30809802748262882232666015625">
        <ele>7.19999980926513671875</ele>
        <time>2026-09-09T23:32:30.000Z</time>
        <extensions>
          <ns3:TrackPointExtension>
            <ns3:hr>150</ns3:hr>
            <ns3:cad>83</ns3:cad>
          </ns3:TrackPointExtension>
        </extensions>
      </trkpt>
      <trkpt lat="23.05000883527100086212158203125" lon="113.30807439051568508148193359375">
        <ele>7.19999980926513671875</ele>
        <time>2026-09-09T23:32:31.000Z</time>
        <extensions>
          <ns3:TrackPointExtension>
            <ns3:hr>149</ns3:hr>
            <ns3:cad>83</ns3:cad>
          </ns3:TrackPointExtension>
        </extensions>
      </trkpt>
      <trkpt lat="23.0500102601945400238037109375" lon="113.3080491609871387481689453125">
        <ele>7.19999980926513671875</ele>
        <time>2026-09-09T23:32:32.000Z</time>
        <extensions>
          <ns3:TrackPointExtension>
            <ns3:hr>150</ns3:hr>
            <ns3:cad>84</ns3:cad>
          </ns3:TrackPointExtension>
        </extensions>
      </trkpt>
      <trkpt lat="23.05001847445964813232421875" lon="113.30801353789865970611572265625">
        <ele>7.19999980926513671875</ele>
        <time>2026-09-09T23:32:33.000Z</time>
        <extensions>
          <ns3:TrackPointExtension>
            <ns3:hr>150</ns3:hr>
            <ns3:cad>84</ns3:cad>
          </ns3:TrackPointExtension>
        </extensions>
      </trkpt>
      <trkpt lat="23.05002526380121707916259765625" lon="113.3079908229410648345947265625">
        <ele>7.19999980926513671875</ele>
        <time>2026-09-09T23:32:34.000Z</time>
        <extensions>
          <ns3:TrackPointExtension>
            <ns3:hr>149</ns3:hr>
            <ns3:cad>84</ns3:cad>
          </ns3:TrackPointExtension>
        </extensions>
      </trkpt>
      <trkpt lat="23.0500283651053905487060546875" lon="113.30796676687896251678466796875">
        <ele>7.19999980926513671875</ele>
        <time>2026-09-09T23:32:35.000Z</time>
        <extensions>
          <ns3:TrackPointExtension>
            <ns3:hr>149</ns3:hr>
            <ns3:cad>84</ns3:cad>
          </ns3:TrackPointExtension>
        </extensions>
      </trkpt>
      <trkpt lat="23.05003381334245204925537109375" lon="113.30794237554073333740234375">
        <ele>7.19999980926513671875</ele>
        <time>2026-09-09T23:32:36.000Z</time>
        <extensions>
          <ns3:TrackPointExtension>
            <ns3:hr>149</ns3:hr>
            <ns3:cad>84</ns3:cad>
          </ns3:TrackPointExtension>
        </extensions>
      </trkpt>
      <trkpt lat="23.0500323884189128875732421875" lon="113.30791329033672809600830078125">
        <ele>7.19999980926513671875</ele>
        <time>2026-09-09T23:32:37.000Z</time>
        <extensions>
          <ns3:TrackPointExtension>
            <ns3:hr>148</ns3:hr>
            <ns3:cad>84</ns3:cad>
          </ns3:TrackPointExtension>
        </extensions>
      </trkpt>
      <trkpt lat="23.050037585198879241943359375" lon="113.3078801818192005157470703125">
        <ele>7.19999980926513671875</ele>
        <time>2026-09-09T23:32:38.000Z</time>
        <extensions>
          <ns3:TrackPointExtension>
            <ns3:hr>148</ns3:hr>
            <ns3:cad>84</ns3:cad>
          </ns3:TrackPointExtension>
        </extensions>
      </trkpt>
      <trkpt lat="23.0500394292175769805908203125" lon="113.30786249600350856781005859375">
        <ele>7.19999980926513671875</ele>
        <time>2026-09-09T23:32:39.000Z</time>
        <extensions>
          <ns3:TrackPointExtension>
            <ns3:hr>148</ns3:hr>
            <ns3:cad>84</ns3:cad>
          </ns3:TrackPointExtension>
        </extensions>
      </trkpt>
      <trkpt lat="23.05003917776048183441162109375" lon="113.30783382989466190338134765625">
        <ele>7.19999980926513671875</ele>
        <time>2026-09-09T23:32:40.000Z</time>
        <extensions>
          <ns3:TrackPointExtension>
            <ns3:hr>148</ns3:hr>
            <ns3:cad>84</ns3:cad>
          </ns3:TrackPointExtension>
        </extensions>
      </trkpt>
      <trkpt lat="23.0500437878072261810302734375" lon="113.30780885182321071624755859375">
        <ele>7.19999980926513671875</ele>
        <time>2026-09-09T23:32:41.000Z</time>
        <extensions>
          <ns3:TrackPointExtension>
            <ns3:hr>148</ns3:hr>
            <ns3:cad>84</ns3:cad>
          </ns3:TrackPointExtension>
        </extensions>
      </trkpt>
      <trkpt lat="23.05004303343594074249267578125" lon="113.30777985043823719024658203125">
        <ele>7</ele>
        <time>2026-09-09T23:32:42.000Z</time>
        <extensions>
          <ns3:TrackPointExtension>
            <ns3:hr>148</ns3:hr>
            <ns3:cad>84</ns3:cad>
          </ns3:TrackPointExtension>
        </extensions>
      </trkpt>
      <trkpt lat="23.050048984587192535400390625" lon="113.3077470771968364715576171875">
        <ele>7.19999980926513671875</ele>
        <time>2026-09-09T23:32:43.000Z</time>
        <extensions>
          <ns3:TrackPointExtension>
            <ns3:hr>148</ns3:hr>
            <ns3:cad>84</ns3:cad>
          </ns3:TrackPointExtension>
        </extensions>
      </trkpt>
      <trkpt lat="23.0500494875013828277587890625" lon="113.307734839618206024169921875">
        <ele>7.19999980926513671875</ele>
        <time>2026-09-09T23:32:44.000Z</time>
        <extensions>
          <ns3:TrackPointExtension>
            <ns3:hr>148</ns3:hr>
            <ns3:cad>84</ns3:cad>
          </ns3:TrackPointExtension>
        </extensions>
      </trkpt>
      <trkpt lat="23.0500499904155731201171875" lon="113.307707346975803375244140625">
        <ele>7.19999980926513671875</ele>
        <time>2026-09-09T23:32:45.000Z</time>
        <extensions>
          <ns3:TrackPointExtension>
            <ns3:hr>149</ns3:hr>
            <ns3:cad>84</ns3:cad>
          </ns3:TrackPointExtension>
        </extensions>
      </trkpt>
      <trkpt lat="23.05005979724228382110595703125" lon="113.3076803572475910186767578125">
        <ele>7.19999980926513671875</ele>
        <time>2026-09-09T23:32:46.000Z</time>
        <extensions>
          <ns3:TrackPointExtension>
            <ns3:hr>148</ns3:hr>
            <ns3:cad>84</ns3:cad>
          </ns3:TrackPointExtension>
        </extensions>
      </trkpt>
      <trkpt lat="23.05006943643093109130859375" lon="113.30765831284224987030029296875">
        <ele>7.19999980926513671875</ele>
        <time>2026-09-09T23:32:47.000Z</time>
        <extensions>
          <ns3:TrackPointExtension>
            <ns3:hr>148</ns3:hr>
            <ns3:cad>84</ns3:cad>
          </ns3:TrackPointExtension>
        </extensions>
      </trkpt>
      <trkpt lat="23.0500732921063899993896484375" lon="113.30762227065861225128173828125">
        <ele>7.19999980926513671875</ele>
        <time>2026-09-09T23:32:48.000Z</time>
        <extensions>
          <ns3:TrackPointExtension>
            <ns3:hr>148</ns3:hr>
            <ns3:cad>84</ns3:cad>
          </ns3:TrackPointExtension>
        </extensions>
      </trkpt>
      <trkpt lat="23.05008142255246639251708984375" lon="113.3075998909771442413330078125">
        <ele>7.19999980926513671875</ele>
        <time>2026-09-09T23:32:49.000Z</time>
        <extensions>
          <ns3:TrackPointExtension>
            <ns3:hr>149</ns3:hr>
            <ns3:cad>84</ns3:cad>
          </ns3:TrackPointExtension>
        </extensions>
      </trkpt>
      <trkpt lat="23.050081171095371246337890625" lon="113.3075723983347415924072265625">
        <ele>7.19999980926513671875</ele>
        <time>2026-09-09T23:32:50.000Z</time>
        <extensions>
          <ns3:TrackPointExtension>
            <ns3:hr>148</ns3:hr>
            <ns3:cad>84</ns3:cad>
          </ns3:TrackPointExtension>
        </extensions>
      </trkpt>
      <trkpt lat="23.05009013973176479339599609375" lon="113.30754272639751434326171875">
        <ele>7.19999980926513671875</ele>
        <time>2026-09-09T23:32:51.000Z</time>
        <extensions>
          <ns3:TrackPointExtension>
            <ns3:hr>148</ns3:hr>
            <ns3:cad>84</ns3:cad>
          </ns3:TrackPointExtension>
        </extensions>
      </trkpt>
      <trkpt lat="23.05009223520755767822265625" lon="113.3075204305350780487060546875">
        <ele>7.19999980926513671875</ele>
        <time>2026-09-09T23:32:52.000Z</time>
        <extensions>
          <ns3:TrackPointExtension>
            <ns3:hr>149</ns3:hr>
            <ns3:cad>84</ns3:cad>
          </ns3:TrackPointExtension>
        </extensions>
      </trkpt>
      <trkpt lat="23.05009894073009490966796875" lon="113.3074835501611232757568359375">
        <ele>7.19999980926513671875</ele>
        <time>2026-09-09T23:32:53.000Z</time>
        <extensions>
          <ns3:TrackPointExtension>
            <ns3:hr>149</ns3:hr>
            <ns3:cad>84</ns3:cad>
          </ns3:TrackPointExtension>
        </extensions>
      </trkpt>
      <trkpt lat="23.050103969871997833251953125" lon="113.307463265955448150634765625">
        <ele>7.19999980926513671875</ele>
        <time>2026-09-09T23:32:54.000Z</time>
        <extensions>
          <ns3:TrackPointExtension>
            <ns3:hr>149</ns3:hr>
            <ns3:cad>84</ns3:cad>
          </ns3:TrackPointExtension>
        </extensions>
      </trkpt>
      <trkpt lat="23.050104640424251556396484375" lon="113.30743409693241119384765625">
        <ele>7.19999980926513671875</ele>
        <time>2026-09-09T23:32:55.000Z</time>
        <extensions>
          <ns3:TrackPointExtension>
            <ns3:hr>149</ns3:hr>
            <ns3:cad>84</ns3:cad>
          </ns3:TrackPointExtension>
        </extensions>
      </trkpt>
      <trkpt lat="23.0501131899654865264892578125" lon="113.307410292327404022216796875">
        <ele>7.19999980926513671875</ele>
        <time>2026-09-09T23:32:56.000Z</time>
        <extensions>
          <ns3:TrackPointExtension>
            <ns3:hr>149</ns3:hr>
            <ns3:cad>84</ns3:cad>
          </ns3:TrackPointExtension>
        </extensions>
      </trkpt>
      <trkpt lat="23.05011746473610401153564453125" lon="113.3073879964649677276611328125">
        <ele>7.19999980926513671875</ele>
        <time>2026-09-09T23:32:57.000Z</time>
        <extensions>
          <ns3:TrackPointExtension>
            <ns3:hr>148</ns3:hr>
            <ns3:cad>84</ns3:cad>
          </ns3:TrackPointExtension>
        </extensions>
      </trkpt>
      <trkpt lat="23.050118386745452880859375" lon="113.3073588274419307708740234375">
        <ele>7.19999980926513671875</ele>
        <time>2026-09-09T23:32:58.000Z</time>
        <extensions>
          <ns3:TrackPointExtension>
            <ns3:hr>149</ns3:hr>
            <ns3:cad>84</ns3:cad>
          </ns3:TrackPointExtension>
        </extensions>
      </trkpt>
      <trkpt lat="23.0501252599060535430908203125" lon="113.30734013579785823822021484375">
        <ele>7.19999980926513671875</ele>
        <time>2026-09-09T23:32:59.000Z</time>
        <extensions>
          <ns3:TrackPointExtension>
            <ns3:hr>150</ns3:hr>
            <ns3:cad>84</ns3:cad>
          </ns3:TrackPointExtension>
        </extensions>
      </trkpt>
      <trkpt lat="23.0501272715628147125244140625" lon="113.30731264315545558929443359375">
        <ele>7.19999980926513671875</ele>
        <time>2026-09-09T23:33:00.000Z</time>
        <extensions>
          <ns3:TrackPointExtension>
            <ns3:hr>150</ns3:hr>
            <ns3:cad>84</ns3:cad>
          </ns3:TrackPointExtension>
        </extensions>
      </trkpt>
      <trkpt lat="23.05013473145663738250732421875" lon="113.30728615634143352508544921875">
        <ele>7</ele>
        <time>2026-09-09T23:33:01.000Z</time>
        <extensions>
          <ns3:TrackPointExtension>
            <ns3:hr>150</ns3:hr>
            <ns3:cad>84</ns3:cad>
          </ns3:TrackPointExtension>
        </extensions>
      </trkpt>
      <trkpt lat="23.05013707838952541351318359375" lon="113.30726117826998233795166015625">
        <ele>7</ele>
        <time>2026-09-09T23:33:02.000Z</time>
        <extensions>
          <ns3:TrackPointExtension>
            <ns3:hr>150</ns3:hr>
            <ns3:cad>84</ns3:cad>
          </ns3:TrackPointExtension>
        </extensions>
      </trkpt>
      <trkpt lat="23.0501450411975383758544921875" lon="113.3072268962860107421875">
        <ele>7</ele>
        <time>2026-09-09T23:33:03.000Z</time>
        <extensions>
          <ns3:TrackPointExtension>
            <ns3:hr>150</ns3:hr>
            <ns3:cad>84</ns3:cad>
          </ns3:TrackPointExtension>
        </extensions>
      </trkpt>
      <trkpt lat="23.050148226320743560791015625" lon="113.30720300786197185516357421875">
        <ele>7</ele>
        <time>2026-09-09T23:33:04.000Z</time>
        <extensions>
          <ns3:TrackPointExtension>
            <ns3:hr>149</ns3:hr>
            <ns3:cad>83</ns3:cad>
          </ns3:TrackPointExtension>
        </extensions>
      </trkpt>
      <trkpt lat="23.05014780722558498382568359375" lon="113.30717568285763263702392578125">
        <ele>7</ele>
        <time>2026-09-09T23:33:05.000Z</time>
        <extensions>
          <ns3:TrackPointExtension>
            <ns3:hr>149</ns3:hr>
            <ns3:cad>83</ns3:cad>
          </ns3:TrackPointExtension>
        </extensions>
      </trkpt>
      <trkpt lat="23.0501537583768367767333984375" lon="113.30715053714811801910400390625">
        <ele>7</ele>
        <time>2026-09-09T23:33:06.000Z</time>
        <extensions>
          <ns3:TrackPointExtension>
            <ns3:hr>149</ns3:hr>
            <ns3:cad>84</ns3:cad>
          </ns3:TrackPointExtension>
        </extensions>
      </trkpt>
      <trkpt lat="23.05015132762491703033447265625" lon="113.3071207813918590545654296875">
        <ele>7.19999980926513671875</ele>
        <time>2026-09-09T23:33:07.000Z</time>
        <extensions>
          <ns3:TrackPointExtension>
            <ns3:hr>150</ns3:hr>
            <ns3:cad>84</ns3:cad>
          </ns3:TrackPointExtension>
        </extensions>
      </trkpt>
      <trkpt lat="23.050154931843280792236328125" lon="113.3070842362940311431884765625">
        <ele>7.19999980926513671875</ele>
        <time>2026-09-09T23:33:08.000Z</time>
        <extensions>
          <ns3:TrackPointExtension>
            <ns3:hr>150</ns3:hr>
            <ns3:cad>84</ns3:cad>
          </ns3:TrackPointExtension>
        </extensions>
      </trkpt>
      <trkpt lat="23.05015535093843936920166015625" lon="113.30706663429737091064453125">
        <ele>7.19999980926513671875</ele>
        <time>2026-09-09T23:33:09.000Z</time>
        <extensions>
          <ns3:TrackPointExtension>
            <ns3:hr>150</ns3:hr>
            <ns3:cad>84</ns3:cad>
          </ns3:TrackPointExtension>
        </extensions>
      </trkpt>
      <trkpt lat="23.05015820078551769256591796875" lon="113.30703771673142910003662109375">
        <ele>7.19999980926513671875</ele>
        <time>2026-09-09T23:33:10.000Z</time>
        <extensions>
          <ns3:TrackPointExtension>
            <ns3:hr>150</ns3:hr>
            <ns3:cad>83</ns3:cad>
          </ns3:TrackPointExtension>
        </extensions>
      </trkpt>
      <trkpt lat="23.05016272701323032379150390625" lon="113.30701374448835849761962890625">
        <ele>7.19999980926513671875</ele>
        <time>2026-09-09T23:33:11.000Z</time>
        <extensions>
          <ns3:TrackPointExtension>
            <ns3:hr>150</ns3:hr>
            <ns3:cad>83</ns3:cad>
          </ns3:TrackPointExtension>
        </extensions>
      </trkpt>
      <trkpt lat="23.0501591227948665618896484375" lon="113.30698541365563869476318359375">
        <ele>7</ele>
        <time>2026-09-09T23:33:12.000Z</time>
        <extensions>
          <ns3:TrackPointExtension>
            <ns3:hr>150</ns3:hr>
            <ns3:cad>84</ns3:cad>
          </ns3:TrackPointExtension>
        </extensions>
      </trkpt>
      <trkpt lat="23.05016457103192806243896484375" lon="113.3069595135748386383056640625">
        <ele>7.19999980926513671875</ele>
        <time>2026-09-09T23:33:13.000Z</time>
        <extensions>
          <ns3:TrackPointExtension>
            <ns3:hr>150</ns3:hr>
            <ns3:cad>84</ns3:cad>
          </ns3:TrackPointExtension>
        </extensions>
      </trkpt>
      <trkpt lat="23.05016641505062580108642578125" lon="113.30693562515079975128173828125">
        <ele>7.19999980926513671875</ele>
        <time>2026-09-09T23:33:14.000Z</time>
        <extensions>
          <ns3:TrackPointExtension>
            <ns3:hr>150</ns3:hr>
            <ns3:cad>84</ns3:cad>
          </ns3:TrackPointExtension>
        </extensions>
      </trkpt>
      <trkpt lat="23.0501688458025455474853515625" lon="113.30691508948802947998046875">
        <ele>7.400000095367431640625</ele>
        <time>2026-09-09T23:33:15.000Z</time>
        <extensions>
          <ns3:TrackPointExtension>
            <ns3:hr>150</ns3:hr>
            <ns3:cad>85</ns3:cad>
          </ns3:TrackPointExtension>
        </extensions>
      </trkpt>
      <trkpt lat="23.0501648224890232086181640625" lon="113.3068941347301006317138671875">
        <ele>7.400000095367431640625</ele>
        <time>2026-09-09T23:33:16.000Z</time>
        <extensions>
          <ns3:TrackPointExtension>
            <ns3:hr>150</ns3:hr>
            <ns3:cad>85</ns3:cad>
          </ns3:TrackPointExtension>
        </extensions>
      </trkpt>
      <trkpt lat="23.05016591213643550872802734375" lon="113.30687292851507663726806640625">
        <ele>7.400000095367431640625</ele>
        <time>2026-09-09T23:33:17.000Z</time>
        <extensions>
          <ns3:TrackPointExtension>
            <ns3:hr>150</ns3:hr>
            <ns3:cad>85</ns3:cad>
          </ns3:TrackPointExtension>
        </extensions>
      </trkpt>
      <trkpt lat="23.0501789040863513946533203125" lon="113.30684644170105457305908203125">
        <ele>7.19999980926513671875</ele>
        <time>2026-09-09T23:33:18.000Z</time>
        <extensions>
          <ns3:TrackPointExtension>
            <ns3:hr>150</ns3:hr>
            <ns3:cad>85</ns3:cad>
          </ns3:TrackPointExtension>
        </extensions>
      </trkpt>
      <trkpt lat="23.0501802451908588409423828125" lon="113.30682565458118915557861328125">
        <ele>7.19999980926513671875</ele>
        <time>2026-09-09T23:33:19.000Z</time>
        <extensions>
          <ns3:TrackPointExtension>
            <ns3:hr>150</ns3:hr>
            <ns3:cad>85</ns3:cad>
          </ns3:TrackPointExtension>
        </extensions>
      </trkpt>
      <trkpt lat="23.05019206367433071136474609375" lon="113.30679363571107387542724609375">
        <ele>7</ele>
        <time>2026-09-09T23:33:20.000Z</time>
        <extensions>
          <ns3:TrackPointExtension>
            <ns3:hr>150</ns3:hr>
            <ns3:cad>85</ns3:cad>
          </ns3:TrackPointExtension>
        </extensions>
      </trkpt>
      <trkpt lat="23.05019826628267765045166015625" lon="113.30677217803895473480224609375">
        <ele>7</ele>
        <time>2026-09-09T23:33:21.000Z</time>
        <extensions>
          <ns3:TrackPointExtension>
            <ns3:hr>150</ns3:hr>
            <ns3:cad>85</ns3:cad>
          </ns3:TrackPointExtension>
        </extensions>
      </trkpt>
      <trkpt lat="23.0502050556242465972900390625" lon="113.30674719996750354766845703125">
        <ele>7</ele>
        <time>2026-09-09T23:33:22.000Z</time>
        <extensions>
          <ns3:TrackPointExtension>
            <ns3:hr>150</ns3:hr>
            <ns3:cad>85</ns3:cad>
          </ns3:TrackPointExtension>
        </extensions>
      </trkpt>
      <trkpt lat="23.0502171255648136138916015625" lon="113.306718952953815460205078125">
        <ele>7</ele>
        <time>2026-09-09T23:33:23.000Z</time>
        <extensions>
          <ns3:TrackPointExtension>
            <ns3:hr>150</ns3:hr>
            <ns3:cad>84</ns3:cad>
          </ns3:TrackPointExtension>
        </extensions>
      </trkpt>
      <trkpt lat="23.0502131022512912750244140625" lon="113.3066998422145843505859375">
        <ele>7</ele>
        <time>2026-09-09T23:33:24.000Z</time>
        <extensions>
          <ns3:TrackPointExtension>
            <ns3:hr>150</ns3:hr>
            <ns3:cad>84</ns3:cad>
          </ns3:TrackPointExtension>
        </extensions>
      </trkpt>
      <trkpt lat="23.0502184666693210601806640625" lon="113.30666187219321727752685546875">
        <ele>7</ele>
        <time>2026-09-09T23:33:25.000Z</time>
        <extensions>
          <ns3:TrackPointExtension>
            <ns3:hr>150</ns3:hr>
            <ns3:cad>84</ns3:cad>
          </ns3:TrackPointExtension>
        </extensions>
      </trkpt>
      <trkpt lat="23.0502211488783359527587890625" lon="113.30663924105465412139892578125">
        <ele>6.80000019073486328125</ele>
        <time>2026-09-09T23:33:26.000Z</time>
        <extensions>
          <ns3:TrackPointExtension>
            <ns3:hr>150</ns3:hr>
            <ns3:cad>84</ns3:cad>
          </ns3:TrackPointExtension>
        </extensions>
      </trkpt>
      <trkpt lat="23.05023129098117351531982421875" lon="113.30661443062126636505126953125">
        <ele>7</ele>
        <time>2026-09-09T23:33:27.000Z</time>
        <extensions>
          <ns3:TrackPointExtension>
            <ns3:hr>150</ns3:hr>
            <ns3:cad>84</ns3:cad>
          </ns3:TrackPointExtension>
        </extensions>
      </trkpt>
      <trkpt lat="23.0502456240355968475341796875" lon="113.30659322440624237060546875">
        <ele>7</ele>
        <time>2026-09-09T23:33:28.000Z</time>
        <extensions>
          <ns3:TrackPointExtension>
            <ns3:hr>151</ns3:hr>
            <ns3:cad>84</ns3:cad>
          </ns3:TrackPointExtension>
        </extensions>
      </trkpt>
      <trkpt lat="23.0502496473491191864013671875" lon="113.3065685816109180450439453125">
        <ele>7</ele>
        <time>2026-09-09T23:33:29.000Z</time>
        <extensions>
          <ns3:TrackPointExtension>
            <ns3:hr>151</ns3:hr>
            <ns3:cad>84</ns3:cad>
          </ns3:TrackPointExtension>
        </extensions>
      </trkpt>
      <trkpt lat="23.0502576939761638641357421875" lon="113.30653714947402477264404296875">
        <ele>7</ele>
        <time>2026-09-09T23:33:30.000Z</time>
        <extensions>
          <ns3:TrackPointExtension>
            <ns3:hr>151</ns3:hr>
            <ns3:cad>84</ns3:cad>
          </ns3:TrackPointExtension>
        </extensions>
      </trkpt>
      <trkpt lat="23.05026079528033733367919921875" lon="113.3065119199454784393310546875">
        <ele>7</ele>
        <time>2026-09-09T23:33:31.000Z</time>
        <extensions>
          <ns3:TrackPointExtension>
            <ns3:hr>151</ns3:hr>
            <ns3:cad>84</ns3:cad>
          </ns3:TrackPointExtension>
        </extensions>
      </trkpt>
      <trkpt lat="23.05026121437549591064453125" lon="113.3064884506165981292724609375">
        <ele>7</ele>
        <time>2026-09-09T23:33:32.000Z</time>
        <extensions>
          <ns3:TrackPointExtension>
            <ns3:hr>151</ns3:hr>
            <ns3:cad>84</ns3:cad>
          </ns3:TrackPointExtension>
        </extensions>
      </trkpt>
      <trkpt lat="23.05027152411639690399169921875" lon="113.3064676634967327117919921875">
        <ele>7</ele>
        <time>2026-09-09T23:33:33.000Z</time>
        <extensions>
          <ns3:TrackPointExtension>
            <ns3:hr>151</ns3:hr>
            <ns3:cad>85</ns3:cad>
          </ns3:TrackPointExtension>
        </extensions>
      </trkpt>
      <trkpt lat="23.05027118884027004241943359375" lon="113.30644729547202587127685546875">
        <ele>7</ele>
        <time>2026-09-09T23:33:34.000Z</time>
        <extensions>
          <ns3:TrackPointExtension>
            <ns3:hr>151</ns3:hr>
            <ns3:cad>85</ns3:cad>
          </ns3:TrackPointExtension>
        </extensions>
      </trkpt>
      <trkpt lat="23.05027655325829982757568359375" lon="113.3064069785177707672119140625">
        <ele>7</ele>
        <time>2026-09-09T23:33:35.000Z</time>
        <extensions>
          <ns3:TrackPointExtension>
            <ns3:hr>151</ns3:hr>
            <ns3:cad>85</ns3:cad>
          </ns3:TrackPointExtension>
        </extensions>
      </trkpt>
      <trkpt lat="23.0502721108496189117431640625" lon="113.30638912506401538848876953125">
        <ele>7</ele>
        <time>2026-09-09T23:33:36.000Z</time>
        <extensions>
          <ns3:TrackPointExtension>
            <ns3:hr>152</ns3:hr>
            <ns3:cad>84</ns3:cad>
          </ns3:TrackPointExtension>
        </extensions>
      </trkpt>
      <trkpt lat="23.0502781458199024200439453125" lon="113.30635392107069492340087890625">
        <ele>7</ele>
        <time>2026-09-09T23:33:37.000Z</time>
        <extensions>
          <ns3:TrackPointExtension>
            <ns3:hr>152</ns3:hr>
            <ns3:cad>84</ns3:cad>
          </ns3:TrackPointExtension>
        </extensions>
      </trkpt>
      <trkpt lat="23.0502818338572978973388671875" lon="113.30633212812244892120361328125">
        <ele>7.19999980926513671875</ele>
        <time>2026-09-09T23:33:38.000Z</time>
        <extensions>
          <ns3:TrackPointExtension>
            <ns3:hr>152</ns3:hr>
            <ns3:cad>84</ns3:cad>
          </ns3:TrackPointExtension>
        </extensions>
      </trkpt>
      <trkpt lat="23.05028074420988559722900390625" lon="113.3063087426126003265380859375">
        <ele>7.19999980926513671875</ele>
        <time>2026-09-09T23:33:39.000Z</time>
        <extensions>
          <ns3:TrackPointExtension>
            <ns3:hr>153</ns3:hr>
            <ns3:cad>84</ns3:cad>
          </ns3:TrackPointExtension>
        </extensions>
      </trkpt>
      <trkpt lat="23.05028677918016910552978515625" lon="113.30627261660993099212646484375">
        <ele>7.19999980926513671875</ele>
        <time>2026-09-09T23:33:40.000Z</time>
        <extensions>
          <ns3:TrackPointExtension>
            <ns3:hr>153</ns3:hr>
            <ns3:cad>84</ns3:cad>
          </ns3:TrackPointExtension>
        </extensions>
      </trkpt>
      <trkpt lat="23.05028594098985195159912109375" lon="113.30625685863196849822998046875">
        <ele>7</ele>
        <time>2026-09-09T23:33:41.000Z</time>
        <extensions>
          <ns3:TrackPointExtension>
            <ns3:hr>154</ns3:hr>
            <ns3:cad>84</ns3:cad>
          </ns3:TrackPointExtension>
        </extensions>
      </trkpt>
      <trkpt lat="23.05028803646564483642578125" lon="113.30623053945600986480712890625">
        <ele>7</ele>
        <time>2026-09-09T23:33:42.000Z</time>
        <extensions>
          <ns3:TrackPointExtension>
            <ns3:hr>154</ns3:hr>
            <ns3:cad>84</ns3:cad>
          </ns3:TrackPointExtension>
        </extensions>
      </trkpt>
      <trkpt lat="23.05029365234076976776123046875" lon="113.3062125183641910552978515625">
        <ele>7</ele>
        <time>2026-09-09T23:33:43.000Z</time>
        <extensions>
          <ns3:TrackPointExtension>
            <ns3:hr>154</ns3:hr>
            <ns3:cad>84</ns3:cad>
          </ns3:TrackPointExtension>
        </extensions>
      </trkpt>
      <trkpt lat="23.050293065607547760009765625" lon="113.30618427135050296783447265625">
        <ele>7</ele>
        <time>2026-09-09T23:33:44.000Z</time>
        <extensions>
          <ns3:TrackPointExtension>
            <ns3:hr>154</ns3:hr>
            <ns3:cad>84</ns3:cad>
          </ns3:TrackPointExtension>
        </extensions>
      </trkpt>
      <trkpt lat="23.05029876530170440673828125" lon="113.30615761689841747283935546875">
        <ele>7</ele>
        <time>2026-09-09T23:33:45.000Z</time>
        <extensions>
          <ns3:TrackPointExtension>
            <ns3:hr>155</ns3:hr>
            <ns3:cad>84</ns3:cad>
          </ns3:TrackPointExtension>
        </extensions>
      </trkpt>
      <trkpt lat="23.05029851384460926055908203125" lon="113.30614118836820125579833984375">
        <ele>7</ele>
        <time>2026-09-09T23:33:46.000Z</time>
        <extensions>
          <ns3:TrackPointExtension>
            <ns3:hr>155</ns3:hr>
            <ns3:cad>84</ns3:cad>
          </ns3:TrackPointExtension>
        </extensions>
      </trkpt>
      <trkpt lat="23.05030169896781444549560546875" lon="113.3061129413545131683349609375">
        <ele>6.80000019073486328125</ele>
        <time>2026-09-09T23:33:47.000Z</time>
        <extensions>
          <ns3:TrackPointExtension>
            <ns3:hr>155</ns3:hr>
            <ns3:cad>84</ns3:cad>
          </ns3:TrackPointExtension>
        </extensions>
      </trkpt>
      <trkpt lat="23.05030907504260540008544921875" lon="113.30609391443431377410888671875">
        <ele>6.80000019073486328125</ele>
        <time>2026-09-09T23:33:48.000Z</time>
        <extensions>
          <ns3:TrackPointExtension>
            <ns3:hr>155</ns3:hr>
            <ns3:cad>84</ns3:cad>
          </ns3:TrackPointExtension>
        </extensions>
      </trkpt>
      <trkpt lat="23.05030756630003452301025390625" lon="113.3060730434954166412353515625">
        <ele>6.80000019073486328125</ele>
        <time>2026-09-09T23:33:49.000Z</time>
        <extensions>
          <ns3:TrackPointExtension>
            <ns3:hr>155</ns3:hr>
            <ns3:cad>84</ns3:cad>
          </ns3:TrackPointExtension>
        </extensions>
      </trkpt>
      <trkpt lat="23.05031544528901576995849609375" lon="113.30603658221662044525146484375">
        <ele>6.80000019073486328125</ele>
        <time>2026-09-09T23:33:50.000Z</time>
        <extensions>
          <ns3:TrackPointExtension>
            <ns3:hr>155</ns3:hr>
            <ns3:cad>84</ns3:cad>
          </ns3:TrackPointExtension>
        </extensions>
      </trkpt>
      <trkpt lat="23.05031083524227142333984375" lon="113.306018225848674774169921875">
        <ele>6.80000019073486328125</ele>
        <time>2026-09-09T23:33:51.000Z</time>
        <extensions>
          <ns3:TrackPointExtension>
            <ns3:hr>155</ns3:hr>
            <ns3:cad>84</ns3:cad>
          </ns3:TrackPointExtension>
        </extensions>
      </trkpt>
      <trkpt lat="23.0503110028803348541259765625" lon="113.305987380445003509521484375">
        <ele>6.80000019073486328125</ele>
        <time>2026-09-09T23:33:52.000Z</time>
        <extensions>
          <ns3:TrackPointExtension>
            <ns3:hr>155</ns3:hr>
            <ns3:cad>84</ns3:cad>
          </ns3:TrackPointExtension>
        </extensions>
      </trkpt>
      <trkpt lat="23.05031209252774715423583984375" lon="113.30596625804901123046875">
        <ele>7</ele>
        <time>2026-09-09T23:33:53.000Z</time>
        <extensions>
          <ns3:TrackPointExtension>
            <ns3:hr>155</ns3:hr>
            <ns3:cad>84</ns3:cad>
          </ns3:TrackPointExtension>
        </extensions>
      </trkpt>
      <trkpt lat="23.05030454881489276885986328125" lon="113.30594320781528949737548828125">
        <ele>7</ele>
        <time>2026-09-09T23:33:54.000Z</time>
        <extensions>
          <ns3:TrackPointExtension>
            <ns3:hr>156</ns3:hr>
            <ns3:cad>84</ns3:cad>
          </ns3:TrackPointExtension>
        </extensions>
      </trkpt>
      <trkpt lat="23.0503012798726558685302734375" lon="113.3059161342680454254150390625">
        <ele>7</ele>
        <time>2026-09-09T23:33:55.000Z</time>
        <extensions>
          <ns3:TrackPointExtension>
            <ns3:hr>156</ns3:hr>
            <ns3:cad>84</ns3:cad>
          </ns3:TrackPointExtension>
        </extensions>
      </trkpt>
      <trkpt lat="23.050291724503040313720703125" lon="113.3058936707675457000732421875">
        <ele>7</ele>
        <time>2026-09-09T23:33:56.000Z</time>
        <extensions>
          <ns3:TrackPointExtension>
            <ns3:hr>156</ns3:hr>
            <ns3:cad>84</ns3:cad>
          </ns3:TrackPointExtension>
        </extensions>
      </trkpt>
      <trkpt lat="23.05029298178851604461669921875" lon="113.3058648370206356048583984375">
        <ele>6.80000019073486328125</ele>
        <time>2026-09-09T23:33:57.000Z</time>
        <extensions>
          <ns3:TrackPointExtension>
            <ns3:hr>155</ns3:hr>
            <ns3:cad>84</ns3:cad>
          </ns3:TrackPointExtension>
        </extensions>
      </trkpt>
      <trkpt lat="23.0503022857010364532470703125" lon="113.30584446899592876434326171875">
        <ele>7</ele>
        <time>2026-09-09T23:33:58.000Z</time>
        <extensions>
          <ns3:TrackPointExtension>
            <ns3:hr>155</ns3:hr>
            <ns3:cad>84</ns3:cad>
          </ns3:TrackPointExtension>
        </extensions>
      </trkpt>
      <trkpt lat="23.050304464995861053466796875" lon="113.30582384951412677764892578125">
        <ele>7</ele>
        <time>2026-09-09T23:33:59.000Z</time>
        <extensions>
          <ns3:TrackPointExtension>
            <ns3:hr>155</ns3:hr>
            <ns3:cad>84</ns3:cad>
          </ns3:TrackPointExtension>
        </extensions>
      </trkpt>
      <trkpt lat="23.05030907504260540008544921875" lon="113.30579250119626522064208984375">
        <ele>7</ele>
        <time>2026-09-09T23:34:00.000Z</time>
        <extensions>
          <ns3:TrackPointExtension>
            <ns3:hr>155</ns3:hr>
            <ns3:cad>84</ns3:cad>
          </ns3:TrackPointExtension>
        </extensions>
      </trkpt>
      <trkpt lat="23.05031217634677886962890625" lon="113.3057696186006069183349609375">
        <ele>6.80000019073486328125</ele>
        <time>2026-09-09T23:34:01.000Z</time>
        <extensions>
          <ns3:TrackPointExtension>
            <ns3:hr>155</ns3:hr>
            <ns3:cad>84</ns3:cad>
          </ns3:TrackPointExtension>
        </extensions>
      </trkpt>
      <trkpt lat="23.050318546593189239501953125" lon="113.30573894083499908447265625">
        <ele>6.80000019073486328125</ele>
        <time>2026-09-09T23:34:02.000Z</time>
        <extensions>
          <ns3:TrackPointExtension>
            <ns3:hr>155</ns3:hr>
            <ns3:cad>84</ns3:cad>
          </ns3:TrackPointExtension>
        </extensions>
      </trkpt>
      <trkpt lat="23.0503262579441070556640625" lon="113.30571756698191165924072265625">
        <ele>6.80000019073486328125</ele>
        <time>2026-09-09T23:34:03.000Z</time>
        <extensions>
          <ns3:TrackPointExtension>
            <ns3:hr>154</ns3:hr>
            <ns3:cad>84</ns3:cad>
          </ns3:TrackPointExtension>
        </extensions>
      </trkpt>
      <trkpt lat="23.0503210611641407012939453125" lon="113.30570063553750514984130859375">
        <ele>7</ele>
        <time>2026-09-09T23:34:04.000Z</time>
        <extensions>
          <ns3:TrackPointExtension>
            <ns3:hr>154</ns3:hr>
            <ns3:cad>83</ns3:cad>
          </ns3:TrackPointExtension>
        </extensions>
      </trkpt>
      <trkpt lat="23.05032650940120220184326171875" lon="113.305668197572231292724609375">
        <ele>7</ele>
        <time>2026-09-09T23:34:05.000Z</time>
        <extensions>
          <ns3:TrackPointExtension>
            <ns3:hr>154</ns3:hr>
            <ns3:cad>83</ns3:cad>
          </ns3:TrackPointExtension>
        </extensions>
      </trkpt>
      <trkpt lat="23.05033153854310512542724609375" lon="113.30565445125102996826171875">
        <ele>7</ele>
        <time>2026-09-09T23:34:06.000Z</time>
        <extensions>
          <ns3:TrackPointExtension>
            <ns3:hr>154</ns3:hr>
            <ns3:cad>83</ns3:cad>
          </ns3:TrackPointExtension>
        </extensions>
      </trkpt>
      <trkpt lat="23.05033304728567600250244140625" lon="113.3056267909705638885498046875">
        <ele>7</ele>
        <time>2026-09-09T23:34:07.000Z</time>
        <extensions>
          <ns3:TrackPointExtension>
            <ns3:hr>154</ns3:hr>
            <ns3:cad>83</ns3:cad>
          </ns3:TrackPointExtension>
        </extensions>
      </trkpt>
      <trkpt lat="23.05033489130437374114990234375" lon="113.30560089088976383209228515625">
        <ele>7</ele>
        <time>2026-09-09T23:34:08.000Z</time>
        <extensions>
          <ns3:TrackPointExtension>
            <ns3:hr>154</ns3:hr>
            <ns3:cad>83</ns3:cad>
          </ns3:TrackPointExtension>
        </extensions>
      </trkpt>
      <trkpt lat="23.05034109391272068023681640625" lon="113.30558337271213531494140625">
        <ele>6.80000019073486328125</ele>
        <time>2026-09-09T23:34:09.000Z</time>
        <extensions>
          <ns3:TrackPointExtension>
            <ns3:hr>155</ns3:hr>
            <ns3:cad>83</ns3:cad>
          </ns3:TrackPointExtension>
        </extensions>
      </trkpt>
      <trkpt lat="23.0503438599407672882080078125" lon="113.30554992891848087310791015625">
        <ele>6.80000019073486328125</ele>
        <time>2026-09-09T23:34:10.000Z</time>
        <extensions>
          <ns3:TrackPointExtension>
            <ns3:hr>154</ns3:hr>
            <ns3:cad>83</ns3:cad>
          </ns3:TrackPointExtension>
        </extensions>
      </trkpt>
      <trkpt lat="23.0503519065678119659423828125" lon="113.30553383566439151763916015625">
        <ele>6.80000019073486328125</ele>
        <time>2026-09-09T23:34:11.000Z</time>
        <extensions>
          <ns3:TrackPointExtension>
            <ns3:hr>154</ns3:hr>
            <ns3:cad>83</ns3:cad>
          </ns3:TrackPointExtension>
        </extensions>
      </trkpt>
      <trkpt lat="23.0503522418439388275146484375" lon="113.30551229417324066162109375">
        <ele>6.80000019073486328125</ele>
        <time>2026-09-09T23:34:12.000Z</time>
        <extensions>
          <ns3:TrackPointExtension>
            <ns3:hr>154</ns3:hr>
            <ns3:cad>83</ns3:cad>
          </ns3:TrackPointExtension>
        </extensions>
      </trkpt>
      <trkpt lat="23.0503576062619686126708984375" lon="113.305480778217315673828125">
        <ele>6.80000019073486328125</ele>
        <time>2026-09-09T23:34:13.000Z</time>
        <extensions>
          <ns3:TrackPointExtension>
            <ns3:hr>154</ns3:hr>
            <ns3:cad>83</ns3:cad>
          </ns3:TrackPointExtension>
        </extensions>
      </trkpt>
      <trkpt lat="23.0503576062619686126708984375" lon="113.305480778217315673828125">
        <ele>6.80000019073486328125</ele>
        <time>2026-09-09T23:34:14.000Z</time>
        <extensions>
          <ns3:TrackPointExtension>
            <ns3:hr>154</ns3:hr>
            <ns3:cad>83</ns3:cad>
          </ns3:TrackPointExtension>
        </extensions>
      </trkpt>
      <trkpt lat="23.05035953409969806671142578125" lon="113.30543157644569873809814453125">
        <ele>6.80000019073486328125</ele>
        <time>2026-09-09T23:34:15.000Z</time>
        <extensions>
          <ns3:TrackPointExtension>
            <ns3:hr>154</ns3:hr>
            <ns3:cad>83</ns3:cad>
          </ns3:TrackPointExtension>
        </extensions>
      </trkpt>
      <trkpt lat="23.05036489851772785186767578125" lon="113.3054138906300067901611328125">
        <ele>6.80000019073486328125</ele>
        <time>2026-09-09T23:34:16.000Z</time>
        <extensions>
          <ns3:TrackPointExtension>
            <ns3:hr>154</ns3:hr>
            <ns3:cad>83</ns3:cad>
          </ns3:TrackPointExtension>
        </extensions>
      </trkpt>
      <trkpt lat="23.05036540143191814422607421875" lon="113.3053944446146488189697265625">
        <ele>6.80000019073486328125</ele>
        <time>2026-09-09T23:34:17.000Z</time>
        <extensions>
          <ns3:TrackPointExtension>
            <ns3:hr>154</ns3:hr>
            <ns3:cad>83</ns3:cad>
          </ns3:TrackPointExtension>
        </extensions>
      </trkpt>
      <trkpt lat="23.05037110112607479095458984375" lon="113.30536334775388240814208984375">
        <ele>6.80000019073486328125</ele>
        <time>2026-09-09T23:34:18.000Z</time>
        <extensions>
          <ns3:TrackPointExtension>
            <ns3:hr>154</ns3:hr>
            <ns3:cad>83</ns3:cad>
          </ns3:TrackPointExtension>
        </extensions>
      </trkpt>
      <trkpt lat="23.05037126876413822174072265625" lon="113.30534876324236392974853515625">
        <ele>6.80000019073486328125</ele>
        <time>2026-09-09T23:34:19.000Z</time>
        <extensions>
          <ns3:TrackPointExtension>
            <ns3:hr>153</ns3:hr>
            <ns3:cad>83</ns3:cad>
          </ns3:TrackPointExtension>
        </extensions>
      </trkpt>
      <trkpt lat="23.05037227459251880645751953125" lon="113.30532043240964412689208984375">
        <ele>6.80000019073486328125</ele>
        <time>2026-09-09T23:34:20.000Z</time>
        <extensions>
          <ns3:TrackPointExtension>
            <ns3:hr>153</ns3:hr>
            <ns3:cad>83</ns3:cad>
          </ns3:TrackPointExtension>
        </extensions>
      </trkpt>
      <trkpt lat="23.0503753758966922760009765625" lon="113.30530165694653987884521484375">
        <ele>7</ele>
        <time>2026-09-09T23:34:21.000Z</time>
        <extensions>
          <ns3:TrackPointExtension>
            <ns3:hr>153</ns3:hr>
            <ns3:cad>83</ns3:cad>
          </ns3:TrackPointExtension>
        </extensions>
      </trkpt>
      <trkpt lat="23.050375543534755706787109375" lon="113.305279947817325592041015625">
        <ele>7</ele>
        <time>2026-09-09T23:34:22.000Z</time>
        <extensions>
          <ns3:TrackPointExtension>
            <ns3:hr>152</ns3:hr>
            <ns3:cad>83</ns3:cad>
          </ns3:TrackPointExtension>
        </extensions>
      </trkpt>
      <trkpt lat="23.050378896296024322509765625" lon="113.30524918623268604278564453125">
        <ele>7</ele>
        <time>2026-09-09T23:34:23.000Z</time>
        <extensions>
          <ns3:TrackPointExtension>
            <ns3:hr>152</ns3:hr>
            <ns3:cad>83</ns3:cad>
          </ns3:TrackPointExtension>
        </extensions>
      </trkpt>
      <trkpt lat="23.0503770522773265838623046875" lon="113.30522739328444004058837890625">
        <ele>7</ele>
        <time>2026-09-09T23:34:24.000Z</time>
        <extensions>
          <ns3:TrackPointExtension>
            <ns3:hr>152</ns3:hr>
            <ns3:cad>83</ns3:cad>
          </ns3:TrackPointExtension>
        </extensions>
      </trkpt>
      <trkpt lat="23.05038191378116607666015625" lon="113.3052036724984645843505859375">
        <ele>7</ele>
        <time>2026-09-09T23:34:25.000Z</time>
        <extensions>
          <ns3:TrackPointExtension>
            <ns3:hr>152</ns3:hr>
            <ns3:cad>83</ns3:cad>
          </ns3:TrackPointExtension>
        </extensions>
      </trkpt>
      <trkpt lat="23.050388284027576446533203125" lon="113.30518229864537715911865234375">
        <ele>7</ele>
        <time>2026-09-09T23:34:26.000Z</time>
        <extensions>
          <ns3:TrackPointExtension>
            <ns3:hr>152</ns3:hr>
            <ns3:cad>83</ns3:cad>
          </ns3:TrackPointExtension>
        </extensions>
      </trkpt>
      <trkpt lat="23.050382919609546661376953125" lon="113.30516436137259006500244140625">
        <ele>7</ele>
        <time>2026-09-09T23:34:27.000Z</time>
        <extensions>
          <ns3:TrackPointExtension>
            <ns3:hr>152</ns3:hr>
            <ns3:cad>83</ns3:cad>
          </ns3:TrackPointExtension>
        </extensions>
      </trkpt>
      <trkpt lat="23.0503884516656398773193359375" lon="113.30513787455856800079345703125">
        <ele>7</ele>
        <time>2026-09-09T23:34:28.000Z</time>
        <extensions>
          <ns3:TrackPointExtension>
            <ns3:hr>152</ns3:hr>
            <ns3:cad>83</ns3:cad>
          </ns3:TrackPointExtension>
        </extensions>
      </trkpt>
      <trkpt lat="23.050387613475322723388671875" lon="113.3051158301532268524169921875">
        <ele>7</ele>
        <time>2026-09-09T23:34:29.000Z</time>
        <extensions>
          <ns3:TrackPointExtension>
            <ns3:hr>152</ns3:hr>
            <ns3:cad>83</ns3:cad>
          </ns3:TrackPointExtension>
        </extensions>
      </trkpt>
      <trkpt lat="23.050392307341098785400390625" lon="113.30509345047175884246826171875">
        <ele>7</ele>
        <time>2026-09-09T23:34:30.000Z</time>
        <extensions>
          <ns3:TrackPointExtension>
            <ns3:hr>152</ns3:hr>
            <ns3:cad>83</ns3:cad>
          </ns3:TrackPointExtension>
        </extensions>
      </trkpt>
      <trkpt lat="23.0504035390913486480712890625" lon="113.30507048405706882476806640625">
        <ele>7</ele>
        <time>2026-09-09T23:34:31.000Z</time>
        <extensions>
          <ns3:TrackPointExtension>
            <ns3:hr>152</ns3:hr>
            <ns3:cad>83</ns3:cad>
          </ns3:TrackPointExtension>
        </extensions>
      </trkpt>
      <trkpt lat="23.05040580220520496368408203125" lon="113.30504835583269596099853515625">
        <ele>7</ele>
        <time>2026-09-09T23:34:32.000Z</time>
        <extensions>
          <ns3:TrackPointExtension>
            <ns3:hr>152</ns3:hr>
            <ns3:cad>83</ns3:cad>
          </ns3:TrackPointExtension>
        </extensions>
      </trkpt>
      <trkpt lat="23.0504102446138858795166015625" lon="113.30502321012318134307861328125">
        <ele>7</ele>
        <time>2026-09-09T23:34:33.000Z</time>
        <extensions>
          <ns3:TrackPointExtension>
            <ns3:hr>153</ns3:hr>
            <ns3:cad>83</ns3:cad>
          </ns3:TrackPointExtension>
        </extensions>
      </trkpt>
      <trkpt lat="23.0504119209945201873779296875" lon="113.30500158481299877166748046875">
        <ele>7</ele>
        <time>2026-09-09T23:34:34.000Z</time>
        <extensions>
          <ns3:TrackPointExtension>
            <ns3:hr>153</ns3:hr>
            <ns3:cad>83</ns3:cad>
          </ns3:TrackPointExtension>
        </extensions>
      </trkpt>
      <trkpt lat="23.05041410028934478759765625" lon="113.304977528750896453857421875">
        <ele>7</ele>
        <time>2026-09-09T23:34:35.000Z</time>
        <extensions>
          <ns3:TrackPointExtension>
            <ns3:hr>153</ns3:hr>
            <ns3:cad>84</ns3:cad>
          </ns3:TrackPointExtension>
        </extensions>
      </trkpt>
      <trkpt lat="23.05042122490704059600830078125" lon="113.304956071078777313232421875">
        <ele>7</ele>
        <time>2026-09-09T23:34:36.000Z</time>
        <extensions>
          <ns3:TrackPointExtension>
            <ns3:hr>153</ns3:hr>
            <ns3:cad>84</ns3:cad>
          </ns3:TrackPointExtension>
        </extensions>
      </trkpt>
      <trkpt lat="23.0504239909350872039794921875" lon="113.30493293702602386474609375">
        <ele>7</ele>
        <time>2026-09-09T23:34:37.000Z</time>
        <extensions>
          <ns3:TrackPointExtension>
            <ns3:hr>153</ns3:hr>
            <ns3:cad>84</ns3:cad>
          </ns3:TrackPointExtension>
        </extensions>
      </trkpt>
      <trkpt lat="23.05043094791471958160400390625" lon="113.304905779659748077392578125">
        <ele>7</ele>
        <time>2026-09-09T23:34:38.000Z</time>
        <extensions>
          <ns3:TrackPointExtension>
            <ns3:hr>153</ns3:hr>
            <ns3:cad>84</ns3:cad>
          </ns3:TrackPointExtension>
        </extensions>
      </trkpt>
      <trkpt lat="23.0504370667040348052978515625" lon="113.30488608218729496002197265625">
        <ele>7</ele>
        <time>2026-09-09T23:34:39.000Z</time>
        <extensions>
          <ns3:TrackPointExtension>
            <ns3:hr>153</ns3:hr>
            <ns3:cad>84</ns3:cad>
          </ns3:TrackPointExtension>
        </extensions>
      </trkpt>
      <trkpt lat="23.050441257655620574951171875" lon="113.30486579798161983489990234375">
        <ele>7</ele>
        <time>2026-09-09T23:34:40.000Z</time>
        <extensions>
          <ns3:TrackPointExtension>
            <ns3:hr>153</ns3:hr>
            <ns3:cad>84</ns3:cad>
          </ns3:TrackPointExtension>
        </extensions>
      </trkpt>
      <trkpt lat="23.0504508130252361297607421875" lon="113.3048425801098346710205078125">
        <ele>7</ele>
        <time>2026-09-09T23:34:41.000Z</time>
        <extensions>
          <ns3:TrackPointExtension>
            <ns3:hr>153</ns3:hr>
            <ns3:cad>84</ns3:cad>
          </ns3:TrackPointExtension>
        </extensions>
      </trkpt>
      <trkpt lat="23.0504608713090419769287109375" lon="113.30482355318963527679443359375">
        <ele>7</ele>
        <time>2026-09-09T23:34:42.000Z</time>
        <extensions>
          <ns3:TrackPointExtension>
            <ns3:hr>153</ns3:hr>
            <ns3:cad>84</ns3:cad>
          </ns3:TrackPointExtension>
        </extensions>
      </trkpt>
      <trkpt lat="23.05046833120286464691162109375" lon="113.304795809090137481689453125">
        <ele>7</ele>
        <time>2026-09-09T23:34:43.000Z</time>
        <extensions>
          <ns3:TrackPointExtension>
            <ns3:hr>153</ns3:hr>
            <ns3:cad>84</ns3:cad>
          </ns3:TrackPointExtension>
        </extensions>
      </trkpt>
      <trkpt lat="23.0504737794399261474609375" lon="113.304776363074779510498046875">
        <ele>7</ele>
        <time>2026-09-09T23:34:44.000Z</time>
        <extensions>
          <ns3:TrackPointExtension>
            <ns3:hr>153</ns3:hr>
            <ns3:cad>84</ns3:cad>
          </ns3:TrackPointExtension>
        </extensions>
      </trkpt>
      <trkpt lat="23.0504729412496089935302734375" lon="113.3047547377645969390869140625">
        <ele>7</ele>
        <time>2026-09-09T23:34:45.000Z</time>
        <extensions>
          <ns3:TrackPointExtension>
            <ns3:hr>153</ns3:hr>
            <ns3:cad>84</ns3:cad>
          </ns3:TrackPointExtension>
        </extensions>
      </trkpt>
      <trkpt lat="23.05047419853508472442626953125" lon="113.30472850240767002105712890625">
        <ele>7</ele>
        <time>2026-09-09T23:34:46.000Z</time>
        <extensions>
          <ns3:TrackPointExtension>
            <ns3:hr>153</ns3:hr>
            <ns3:cad>84</ns3:cad>
          </ns3:TrackPointExtension>
        </extensions>
      </trkpt>
      <trkpt lat="23.05047838948667049407958984375" lon="113.30470788292586803436279296875">
        <ele>7</ele>
        <time>2026-09-09T23:34:47.000Z</time>
        <extensions>
          <ns3:TrackPointExtension>
            <ns3:hr>153</ns3:hr>
            <ns3:cad>84</ns3:cad>
          </ns3:TrackPointExtension>
        </extensions>
      </trkpt>
      <trkpt lat="23.0504803173243999481201171875" lon="113.30467603169381618499755859375">
        <ele>7</ele>
        <time>2026-09-09T23:34:48.000Z</time>
        <extensions>
          <ns3:TrackPointExtension>
            <ns3:hr>153</ns3:hr>
            <ns3:cad>83</ns3:cad>
          </ns3:TrackPointExtension>
        </extensions>
      </trkpt>
      <trkpt lat="23.05048308335244655609130859375" lon="113.3046565018594264984130859375">
        <ele>7</ele>
        <time>2026-09-09T23:34:49.000Z</time>
        <extensions>
          <ns3:TrackPointExtension>
            <ns3:hr>153</ns3:hr>
            <ns3:cad>83</ns3:cad>
          </ns3:TrackPointExtension>
        </extensions>
      </trkpt>
      <trkpt lat="23.05048325099050998687744140625" lon="113.30462791956961154937744140625">
        <ele>7</ele>
        <time>2026-09-09T23:34:50.000Z</time>
        <extensions>
          <ns3:TrackPointExtension>
            <ns3:hr>152</ns3:hr>
            <ns3:cad>84</ns3:cad>
          </ns3:TrackPointExtension>
        </extensions>
      </trkpt>
      <trkpt lat="23.05048861540853977203369140625" lon="113.3046025224030017852783203125">
        <ele>7</ele>
        <time>2026-09-09T23:34:51.000Z</time>
        <extensions>
          <ns3:TrackPointExtension>
            <ns3:hr>152</ns3:hr>
            <ns3:cad>84</ns3:cad>
          </ns3:TrackPointExtension>
        </extensions>
      </trkpt>
      <trkpt lat="23.05048325099050998687744140625" lon="113.30458383075892925262451171875">
        <ele>7</ele>
        <time>2026-09-09T23:34:52.000Z</time>
        <extensions>
          <ns3:TrackPointExtension>
            <ns3:hr>151</ns3:hr>
            <ns3:cad>84</ns3:cad>
          </ns3:TrackPointExtension>
        </extensions>
      </trkpt>
      <trkpt lat="23.0504900403320789337158203125" lon="113.3045513927936553955078125">
        <ele>7</ele>
        <time>2026-09-09T23:34:53.000Z</time>
        <extensions>
          <ns3:TrackPointExtension>
            <ns3:hr>150</ns3:hr>
            <ns3:cad>83</ns3:cad>
          </ns3:TrackPointExtension>
        </extensions>
      </trkpt>
      <trkpt lat="23.05049649439752101898193359375" lon="113.3045354671776294708251953125">
        <ele>7</ele>
        <time>2026-09-09T23:34:54.000Z</time>
        <extensions>
          <ns3:TrackPointExtension>
            <ns3:hr>150</ns3:hr>
            <ns3:cad>83</ns3:cad>
          </ns3:TrackPointExtension>
        </extensions>
      </trkpt>
      <trkpt lat="23.0504994280636310577392578125" lon="113.30451107583940029144287109375">
        <ele>7</ele>
        <time>2026-09-09T23:34:55.000Z</time>
        <extensions>
          <ns3:TrackPointExtension>
            <ns3:hr>150</ns3:hr>
            <ns3:cad>84</ns3:cad>
          </ns3:TrackPointExtension>
        </extensions>
      </trkpt>
      <trkpt lat="23.0505071394145488739013671875" lon="113.3044841699302196502685546875">
        <ele>6.80000019073486328125</ele>
        <time>2026-09-09T23:34:56.000Z</time>
        <extensions>
          <ns3:TrackPointExtension>
            <ns3:hr>150</ns3:hr>
            <ns3:cad>84</ns3:cad>
          </ns3:TrackPointExtension>
        </extensions>
      </trkpt>
      <trkpt lat="23.05050252936780452728271484375" lon="113.304464556276798248291015625">
        <ele>6.80000019073486328125</ele>
        <time>2026-09-09T23:34:57.000Z</time>
        <extensions>
          <ns3:TrackPointExtension>
            <ns3:hr>150</ns3:hr>
            <ns3:cad>84</ns3:cad>
          </ns3:TrackPointExtension>
        </extensions>
      </trkpt>
      <trkpt lat="23.050507642328739166259765625" lon="113.30443748272955417633056640625">
        <ele>6.80000019073486328125</ele>
        <time>2026-09-09T23:34:58.000Z</time>
        <extensions>
          <ns3:TrackPointExtension>
            <ns3:hr>150</ns3:hr>
            <ns3:cad>84</ns3:cad>
          </ns3:TrackPointExtension>
        </extensions>
      </trkpt>
      <trkpt lat="23.05050990544259548187255859375" lon="113.30441937781870365142822265625">
        <ele>6.80000019073486328125</ele>
        <time>2026-09-09T23:34:59.000Z</time>
        <extensions>
          <ns3:TrackPointExtension>
            <ns3:hr>150</ns3:hr>
            <ns3:cad>84</ns3:cad>
          </ns3:TrackPointExtension>
        </extensions>
      </trkpt>
      <trkpt lat="23.05051325820386409759521484375" lon="113.30439792014658451080322265625">
        <ele>6.80000019073486328125</ele>
        <time>2026-09-09T23:35:00.000Z</time>
        <extensions>
          <ns3:TrackPointExtension>
            <ns3:hr>150</ns3:hr>
            <ns3:cad>84</ns3:cad>
          </ns3:TrackPointExtension>
        </extensions>
      </trkpt>
      <trkpt lat="23.05052164010703563690185546875" lon="113.3043716847896575927734375">
        <ele>6.80000019073486328125</ele>
        <time>2026-09-09T23:35:01.000Z</time>
        <extensions>
          <ns3:TrackPointExtension>
            <ns3:hr>150</ns3:hr>
            <ns3:cad>83</ns3:cad>
          </ns3:TrackPointExtension>
        </extensions>
      </trkpt>
      <trkpt lat="23.05052331648766994476318359375" lon="113.3043537475168704986572265625">
        <ele>6.80000019073486328125</ele>
        <time>2026-09-09T23:35:02.000Z</time>
        <extensions>
          <ns3:TrackPointExtension>
            <ns3:hr>150</ns3:hr>
            <ns3:cad>83</ns3:cad>
          </ns3:TrackPointExtension>
        </extensions>
      </trkpt>
      <trkpt lat="23.05053102783858776092529296875" lon="113.30432784743607044219970703125">
        <ele>6.80000019073486328125</ele>
        <time>2026-09-09T23:35:03.000Z</time>
        <extensions>
          <ns3:TrackPointExtension>
            <ns3:hr>150</ns3:hr>
            <ns3:cad>84</ns3:cad>
          </ns3:TrackPointExtension>
        </extensions>
      </trkpt>
      <trkpt lat="23.050532452762126922607421875" lon="113.30430773086845874786376953125">
        <ele>6.80000019073486328125</ele>
        <time>2026-09-09T23:35:04.000Z</time>
        <extensions>
          <ns3:TrackPointExtension>
            <ns3:hr>150</ns3:hr>
            <ns3:cad>84</ns3:cad>
          </ns3:TrackPointExtension>
        </extensions>
      </trkpt>
      <trkpt lat="23.05052633397281169891357421875" lon="113.30428258515894412994384765625">
        <ele>6.80000019073486328125</ele>
        <time>2026-09-09T23:35:05.000Z</time>
        <extensions>
          <ns3:TrackPointExtension>
            <ns3:hr>150</ns3:hr>
            <ns3:cad>84</ns3:cad>
          </ns3:TrackPointExtension>
        </extensions>
      </trkpt>
      <trkpt lat="23.05052616633474826812744140625" lon="113.3042508177459239959716796875">
        <ele>6.80000019073486328125</ele>
        <time>2026-09-09T23:35:06.000Z</time>
        <extensions>
          <ns3:TrackPointExtension>
            <ns3:hr>150</ns3:hr>
            <ns3:cad>84</ns3:cad>
          </ns3:TrackPointExtension>
        </extensions>
      </trkpt>
      <trkpt lat="23.05052532814443111419677734375" lon="113.30422944389283657073974609375">
        <ele>6.80000019073486328125</ele>
        <time>2026-09-09T23:35:07.000Z</time>
        <extensions>
          <ns3:TrackPointExtension>
            <ns3:hr>150</ns3:hr>
            <ns3:cad>84</ns3:cad>
          </ns3:TrackPointExtension>
        </extensions>
      </trkpt>
      <trkpt lat="23.050526082515716552734375" lon="113.30420077778398990631103515625">
        <ele>6.80000019073486328125</ele>
        <time>2026-09-09T23:35:08.000Z</time>
        <extensions>
          <ns3:TrackPointExtension>
            <ns3:hr>150</ns3:hr>
            <ns3:cad>84</ns3:cad>
          </ns3:TrackPointExtension>
        </extensions>
      </trkpt>
      <trkpt lat="23.05052951909601688385009765625" lon="113.30417923629283905029296875">
        <ele>6.80000019073486328125</ele>
        <time>2026-09-09T23:35:09.000Z</time>
        <extensions>
          <ns3:TrackPointExtension>
            <ns3:hr>150</ns3:hr>
            <ns3:cad>84</ns3:cad>
          </ns3:TrackPointExtension>
        </extensions>
      </trkpt>
      <trkpt lat="23.050530441105365753173828125" lon="113.30415777862071990966796875">
        <ele>6.80000019073486328125</ele>
        <time>2026-09-09T23:35:10.000Z</time>
        <extensions>
          <ns3:TrackPointExtension>
            <ns3:hr>150</ns3:hr>
            <ns3:cad>84</ns3:cad>
          </ns3:TrackPointExtension>
        </extensions>
      </trkpt>
      <trkpt lat="23.05053840391337871551513671875" lon="113.304131962358951568603515625">
        <ele>6.80000019073486328125</ele>
        <time>2026-09-09T23:35:11.000Z</time>
        <extensions>
          <ns3:TrackPointExtension>
            <ns3:hr>150</ns3:hr>
            <ns3:cad>84</ns3:cad>
          </ns3:TrackPointExtension>
        </extensions>
      </trkpt>
      <trkpt lat="23.050538487732410430908203125" lon="113.30411327071487903594970703125">
        <ele>6.80000019073486328125</ele>
        <time>2026-09-09T23:35:12.000Z</time>
        <extensions>
          <ns3:TrackPointExtension>
            <ns3:hr>149</ns3:hr>
            <ns3:cad>84</ns3:cad>
          </ns3:TrackPointExtension>
        </extensions>
      </trkpt>
      <trkpt lat="23.05054024793207645416259765625" lon="113.3040858618915081024169921875">
        <ele>6.80000019073486328125</ele>
        <time>2026-09-09T23:35:13.000Z</time>
        <extensions>
          <ns3:TrackPointExtension>
            <ns3:hr>150</ns3:hr>
            <ns3:cad>84</ns3:cad>
          </ns3:TrackPointExtension>
        </extensions>
      </trkpt>
      <trkpt lat="23.0505435168743133544921875" lon="113.30406113527715206146240234375">
        <ele>6.80000019073486328125</ele>
        <time>2026-09-09T23:35:14.000Z</time>
        <extensions>
          <ns3:TrackPointExtension>
            <ns3:hr>150</ns3:hr>
            <ns3:cad>84</ns3:cad>
          </ns3:TrackPointExtension>
        </extensions>
      </trkpt>
      <trkpt lat="23.05054192431271076202392578125" lon="113.30404286272823810577392578125">
        <ele>6.80000019073486328125</ele>
        <time>2026-09-09T23:35:15.000Z</time>
        <extensions>
          <ns3:TrackPointExtension>
            <ns3:hr>150</ns3:hr>
            <ns3:cad>84</ns3:cad>
          </ns3:TrackPointExtension>
        </extensions>
      </trkpt>
      <trkpt lat="23.05054561235010623931884765625" lon="113.3040144480764865875244140625">
        <ele>6.80000019073486328125</ele>
        <time>2026-09-09T23:35:16.000Z</time>
        <extensions>
          <ns3:TrackPointExtension>
            <ns3:hr>150</ns3:hr>
            <ns3:cad>83</ns3:cad>
          </ns3:TrackPointExtension>
        </extensions>
      </trkpt>
      <trkpt lat="23.05054259486496448516845703125" lon="113.30400162376463413238525390625">
        <ele>6.80000019073486328125</ele>
        <time>2026-09-09T23:35:17.000Z</time>
        <extensions>
          <ns3:TrackPointExtension>
            <ns3:hr>150</ns3:hr>
            <ns3:cad>83</ns3:cad>
          </ns3:TrackPointExtension>
        </extensions>
      </trkpt>
      <trkpt lat="23.05054242722690105438232421875" lon="113.30397781915962696075439453125">
        <ele>6.80000019073486328125</ele>
        <time>2026-09-09T23:35:18.000Z</time>
        <extensions>
          <ns3:TrackPointExtension>
            <ns3:hr>149</ns3:hr>
            <ns3:cad>83</ns3:cad>
          </ns3:TrackPointExtension>
        </extensions>
      </trkpt>
      <trkpt lat="23.05055298842489719390869140625" lon="113.303952924907207489013671875">
        <ele>7</ele>
        <time>2026-09-09T23:35:19.000Z</time>
        <extensions>
          <ns3:TrackPointExtension>
            <ns3:hr>149</ns3:hr>
            <ns3:cad>83</ns3:cad>
          </ns3:TrackPointExtension>
        </extensions>
      </trkpt>
      <trkpt lat="23.05055625736713409423828125" lon="113.30393381416797637939453125">
        <ele>7</ele>
        <time>2026-09-09T23:35:20.000Z</time>
        <extensions>
          <ns3:TrackPointExtension>
            <ns3:hr>149</ns3:hr>
            <ns3:cad>82</ns3:cad>
          </ns3:TrackPointExtension>
        </extensions>
      </trkpt>
      <trkpt lat="23.0505695007741451263427734375" lon="113.3039004541933536529541015625">
        <ele>7</ele>
        <time>2026-09-09T23:35:21.000Z</time>
        <extensions>
          <ns3:TrackPointExtension>
            <ns3:hr>149</ns3:hr>
            <ns3:cad>82</ns3:cad>
          </ns3:TrackPointExtension>
        </extensions>
      </trkpt>
      <trkpt lat="23.0505735240876674652099609375" lon="113.3038794994354248046875">
        <ele>7</ele>
        <time>2026-09-09T23:35:22.000Z</time>
        <extensions>
          <ns3:TrackPointExtension>
            <ns3:hr>149</ns3:hr>
            <ns3:cad>83</ns3:cad>
          </ns3:TrackPointExtension>
        </extensions>
      </trkpt>
      <trkpt lat="23.050579391419887542724609375" lon="113.3038567006587982177734375">
        <ele>7</ele>
        <time>2026-09-09T23:35:23.000Z</time>
        <extensions>
          <ns3:TrackPointExtension>
            <ns3:hr>149</ns3:hr>
            <ns3:cad>83</ns3:cad>
          </ns3:TrackPointExtension>
        </extensions>
      </trkpt>
      <trkpt lat="23.05058710277080535888671875" lon="113.30383432097733020782470703125">
        <ele>6.80000019073486328125</ele>
        <time>2026-09-09T23:35:24.000Z</time>
        <extensions>
          <ns3:TrackPointExtension>
            <ns3:hr>149</ns3:hr>
            <ns3:cad>83</ns3:cad>
          </ns3:TrackPointExtension>
        </extensions>
      </trkpt>
      <trkpt lat="23.050588779151439666748046875" lon="113.30380984582006931304931640625">
        <ele>6.80000019073486328125</ele>
        <time>2026-09-09T23:35:25.000Z</time>
        <extensions>
          <ns3:TrackPointExtension>
            <ns3:hr>148</ns3:hr>
            <ns3:cad>83</ns3:cad>
          </ns3:TrackPointExtension>
        </extensions>
      </trkpt>
      <trkpt lat="23.050596825778484344482421875" lon="113.3037767373025417327880859375">
        <ele>6.80000019073486328125</ele>
        <time>2026-09-09T23:35:26.000Z</time>
        <extensions>
          <ns3:TrackPointExtension>
            <ns3:hr>148</ns3:hr>
            <ns3:cad>83</ns3:cad>
          </ns3:TrackPointExtension>
        </extensions>
      </trkpt>
      <trkpt lat="23.0505939759314060211181640625" lon="113.3037650026381015777587890625">
        <ele>6.80000019073486328125</ele>
        <time>2026-09-09T23:35:27.000Z</time>
        <extensions>
          <ns3:TrackPointExtension>
            <ns3:hr>148</ns3:hr>
            <ns3:cad>84</ns3:cad>
          </ns3:TrackPointExtension>
        </extensions>
      </trkpt>
      <trkpt lat="23.05059422738850116729736328125" lon="113.303736336529254913330078125">
        <ele>6.80000019073486328125</ele>
        <time>2026-09-09T23:35:28.000Z</time>
        <extensions>
          <ns3:TrackPointExtension>
            <ns3:hr>149</ns3:hr>
            <ns3:cad>84</ns3:cad>
          </ns3:TrackPointExtension>
        </extensions>
      </trkpt>
      <trkpt lat="23.05060110054910182952880859375" lon="113.30371345393359661102294921875">
        <ele>7</ele>
        <time>2026-09-09T23:35:29.000Z</time>
        <extensions>
          <ns3:TrackPointExtension>
            <ns3:hr>148</ns3:hr>
            <ns3:cad>84</ns3:cad>
          </ns3:TrackPointExtension>
        </extensions>
      </trkpt>
      <trkpt lat="23.0505963228642940521240234375" lon="113.30369350500404834747314453125">
        <ele>6.80000019073486328125</ele>
        <time>2026-09-09T23:35:30.000Z</time>
        <extensions>
          <ns3:TrackPointExtension>
            <ns3:hr>148</ns3:hr>
            <ns3:cad>84</ns3:cad>
          </ns3:TrackPointExtension>
        </extensions>
      </trkpt>
      <trkpt lat="23.0505990050733089447021484375" lon="113.30365964211523532867431640625">
        <ele>6.80000019073486328125</ele>
        <time>2026-09-09T23:35:31.000Z</time>
        <extensions>
          <ns3:TrackPointExtension>
            <ns3:hr>149</ns3:hr>
            <ns3:cad>84</ns3:cad>
          </ns3:TrackPointExtension>
        </extensions>
      </trkpt>
      <trkpt lat="23.05060185492038726806640625" lon="113.3036422915756702423095703125">
        <ele>6.80000019073486328125</ele>
        <time>2026-09-09T23:35:32.000Z</time>
        <extensions>
          <ns3:TrackPointExtension>
            <ns3:hr>148</ns3:hr>
            <ns3:cad>83</ns3:cad>
          </ns3:TrackPointExtension>
        </extensions>
      </trkpt>
      <trkpt lat="23.05059992708265781402587890625" lon="113.30361588858067989349365234375">
        <ele>6.80000019073486328125</ele>
        <time>2026-09-09T23:35:33.000Z</time>
        <extensions>
          <ns3:TrackPointExtension>
            <ns3:hr>148</ns3:hr>
            <ns3:cad>83</ns3:cad>
          </ns3:TrackPointExtension>
        </extensions>
      </trkpt>
      <trkpt lat="23.0506003461778163909912109375" lon="113.30359007231891155242919921875">
        <ele>6.80000019073486328125</ele>
        <time>2026-09-09T23:35:34.000Z</time>
        <extensions>
          <ns3:TrackPointExtension>
            <ns3:hr>149</ns3:hr>
            <ns3:cad>83</ns3:cad>
          </ns3:TrackPointExtension>
        </extensions>
      </trkpt>
      <trkpt lat="23.0505996756255626678466796875" lon="113.3035648427903652191162109375">
        <ele>6.80000019073486328125</ele>
        <time>2026-09-09T23:35:35.000Z</time>
        <extensions>
          <ns3:TrackPointExtension>
            <ns3:hr>148</ns3:hr>
            <ns3:cad>83</ns3:cad>
          </ns3:TrackPointExtension>
        </extensions>
      </trkpt>
      <trkpt lat="23.05060009472072124481201171875" lon="113.303525783121585845947265625">
        <ele>6.80000019073486328125</ele>
        <time>2026-09-09T23:35:36.000Z</time>
        <extensions>
          <ns3:TrackPointExtension>
            <ns3:hr>149</ns3:hr>
            <ns3:cad>83</ns3:cad>
          </ns3:TrackPointExtension>
        </extensions>
      </trkpt>
      <trkpt lat="23.05060327984392642974853515625" lon="113.30350642092525959014892578125">
        <ele>6.80000019073486328125</ele>
        <time>2026-09-09T23:35:37.000Z</time>
        <extensions>
          <ns3:TrackPointExtension>
            <ns3:hr>149</ns3:hr>
            <ns3:cad>83</ns3:cad>
          </ns3:TrackPointExtension>
        </extensions>
      </trkpt>
      <trkpt lat="23.05060277692973613739013671875" lon="113.30348077230155467987060546875">
        <ele>6.80000019073486328125</ele>
        <time>2026-09-09T23:35:38.000Z</time>
        <extensions>
          <ns3:TrackPointExtension>
            <ns3:hr>149</ns3:hr>
            <ns3:cad>83</ns3:cad>
          </ns3:TrackPointExtension>
        </extensions>
      </trkpt>
      <trkpt lat="23.0506077222526073455810546875" lon="113.3034542016685009002685546875">
        <ele>6.80000019073486328125</ele>
        <time>2026-09-09T23:35:39.000Z</time>
        <extensions>
          <ns3:TrackPointExtension>
            <ns3:hr>148</ns3:hr>
            <ns3:cad>84</ns3:cad>
          </ns3:TrackPointExtension>
        </extensions>
      </trkpt>
      <trkpt lat="23.05060587823390960693359375" lon="113.303437270224094390869140625">
        <ele>6.80000019073486328125</ele>
        <time>2026-09-09T23:35:40.000Z</time>
        <extensions>
          <ns3:TrackPointExtension>
            <ns3:hr>149</ns3:hr>
            <ns3:cad>84</ns3:cad>
          </ns3:TrackPointExtension>
        </extensions>
      </trkpt>
      <trkpt lat="23.0506070517003536224365234375" lon="113.30340097658336162567138671875">
        <ele>6.80000019073486328125</ele>
        <time>2026-09-09T23:35:41.000Z</time>
        <extensions>
          <ns3:TrackPointExtension>
            <ns3:hr>149</ns3:hr>
            <ns3:cad>84</ns3:cad>
          </ns3:TrackPointExtension>
        </extensions>
      </trkpt>
      <trkpt lat="23.05060696788132190704345703125" lon="113.30338262021541595458984375">
        <ele>6.80000019073486328125</ele>
        <time>2026-09-09T23:35:42.000Z</time>
        <extensions>
          <ns3:TrackPointExtension>
            <ns3:hr>149</ns3:hr>
            <ns3:cad>84</ns3:cad>
          </ns3:TrackPointExtension>
        </extensions>
      </trkpt>
      <trkpt lat="23.05060411803424358367919921875" lon="113.30335638485848903656005859375">
        <ele>6.80000019073486328125</ele>
        <time>2026-09-09T23:35:43.000Z</time>
        <extensions>
          <ns3:TrackPointExtension>
            <ns3:hr>149</ns3:hr>
            <ns3:cad>83</ns3:cad>
          </ns3:TrackPointExtension>
        </extensions>
      </trkpt>
      <trkpt lat="23.0506104044616222381591796875" lon="113.30332922749221324920654296875">
        <ele>6.80000019073486328125</ele>
        <time>2026-09-09T23:35:44.000Z</time>
        <extensions>
          <ns3:TrackPointExtension>
            <ns3:hr>149</ns3:hr>
            <ns3:cad>83</ns3:cad>
          </ns3:TrackPointExtension>
        </extensions>
      </trkpt>
      <trkpt lat="23.050606213510036468505859375" lon="113.303313553333282470703125">
        <ele>6.80000019073486328125</ele>
        <time>2026-09-09T23:35:45.000Z</time>
        <extensions>
          <ns3:TrackPointExtension>
            <ns3:hr>149</ns3:hr>
            <ns3:cad>83</ns3:cad>
          </ns3:TrackPointExtension>
        </extensions>
      </trkpt>
      <trkpt lat="23.05060110054910182952880859375" lon="113.30329335294663906097412109375">
        <ele>6.80000019073486328125</ele>
        <time>2026-09-09T23:35:46.000Z</time>
        <extensions>
          <ns3:TrackPointExtension>
            <ns3:hr>148</ns3:hr>
            <ns3:cad>83</ns3:cad>
          </ns3:TrackPointExtension>
        </extensions>
      </trkpt>
      <trkpt lat="23.05060428567230701446533203125" lon="113.30326954834163188934326171875">
        <ele>6.80000019073486328125</ele>
        <time>2026-09-09T23:35:47.000Z</time>
        <extensions>
          <ns3:TrackPointExtension>
            <ns3:hr>149</ns3:hr>
            <ns3:cad>83</ns3:cad>
          </ns3:TrackPointExtension>
        </extensions>
      </trkpt>
      <trkpt lat="23.050596825778484344482421875" lon="113.303251527249813079833984375">
        <ele>7</ele>
        <time>2026-09-09T23:35:48.000Z</time>
        <extensions>
          <ns3:TrackPointExtension>
            <ns3:hr>148</ns3:hr>
            <ns3:cad>83</ns3:cad>
          </ns3:TrackPointExtension>
        </extensions>
      </trkpt>
      <trkpt lat="23.0505912937223911285400390625" lon="113.3032181672751903533935546875">
        <ele>7</ele>
        <time>2026-09-09T23:35:49.000Z</time>
        <extensions>
          <ns3:TrackPointExtension>
            <ns3:hr>148</ns3:hr>
            <ns3:cad>83</ns3:cad>
          </ns3:TrackPointExtension>
        </extensions>
      </trkpt>
      <trkpt lat="23.050588779151439666748046875" lon="113.30320249311625957489013671875">
        <ele>6.80000019073486328125</ele>
        <time>2026-09-09T23:35:50.000Z</time>
        <extensions>
          <ns3:TrackPointExtension>
            <ns3:hr>148</ns3:hr>
            <ns3:cad>82</ns3:cad>
          </ns3:TrackPointExtension>
        </extensions>
      </trkpt>
      <trkpt lat="23.05058768950402736663818359375" lon="113.30317516811192035675048828125">
        <ele>6.80000019073486328125</ele>
        <time>2026-09-09T23:35:51.000Z</time>
        <extensions>
          <ns3:TrackPointExtension>
            <ns3:hr>148</ns3:hr>
            <ns3:cad>82</ns3:cad>
          </ns3:TrackPointExtension>
        </extensions>
      </trkpt>
      <trkpt lat="23.05059137754142284393310546875" lon="113.3031521178781986236572265625">
        <ele>7</ele>
        <time>2026-09-09T23:35:52.000Z</time>
        <extensions>
          <ns3:TrackPointExtension>
            <ns3:hr>148</ns3:hr>
            <ns3:cad>82</ns3:cad>
          </ns3:TrackPointExtension>
        </extensions>
      </trkpt>
      <trkpt lat="23.05059456266462802886962890625" lon="113.3031242899596691131591796875">
        <ele>7</ele>
        <time>2026-09-09T23:35:53.000Z</time>
        <extensions>
          <ns3:TrackPointExtension>
            <ns3:hr>148</ns3:hr>
            <ns3:cad>83</ns3:cad>
          </ns3:TrackPointExtension>
        </extensions>
      </trkpt>
      <trkpt lat="23.050595484673976898193359375" lon="113.303100652992725372314453125">
        <ele>7</ele>
        <time>2026-09-09T23:35:54.000Z</time>
        <extensions>
          <ns3:TrackPointExtension>
            <ns3:hr>148</ns3:hr>
            <ns3:cad>83</ns3:cad>
          </ns3:TrackPointExtension>
        </extensions>
      </trkpt>
      <trkpt lat="23.05059758014976978302001953125" lon="113.30308179371058940887451171875">
        <ele>7</ele>
        <time>2026-09-09T23:35:55.000Z</time>
        <extensions>
          <ns3:TrackPointExtension>
            <ns3:hr>147</ns3:hr>
            <ns3:cad>83</ns3:cad>
          </ns3:TrackPointExtension>
        </extensions>
      </trkpt>
      <trkpt lat="23.05059506557881832122802734375" lon="113.303056061267852783203125">
        <ele>7</ele>
        <time>2026-09-09T23:35:56.000Z</time>
        <extensions>
          <ns3:TrackPointExtension>
            <ns3:hr>147</ns3:hr>
            <ns3:cad>83</ns3:cad>
          </ns3:TrackPointExtension>
        </extensions>
      </trkpt>
      <trkpt lat="23.05059841834008693695068359375" lon="113.303025551140308380126953125">
        <ele>7</ele>
        <time>2026-09-09T23:35:57.000Z</time>
        <extensions>
          <ns3:TrackPointExtension>
            <ns3:hr>147</ns3:hr>
            <ns3:cad>83</ns3:cad>
          </ns3:TrackPointExtension>
        </extensions>
      </trkpt>
      <trkpt lat="23.0506025254726409912109375" lon="113.303002417087554931640625">
        <ele>7</ele>
        <time>2026-09-09T23:35:58.000Z</time>
        <extensions>
          <ns3:TrackPointExtension>
            <ns3:hr>148</ns3:hr>
            <ns3:cad>83</ns3:cad>
          </ns3:TrackPointExtension>
        </extensions>
      </trkpt>
      <trkpt lat="23.05060344748198986053466796875" lon="113.30296914093196392059326171875">
        <ele>7</ele>
        <time>2026-09-09T23:35:59.000Z</time>
        <extensions>
          <ns3:TrackPointExtension>
            <ns3:hr>147</ns3:hr>
            <ns3:cad>83</ns3:cad>
          </ns3:TrackPointExtension>
        </extensions>
      </trkpt>
      <trkpt lat="23.050598166882991790771484375" lon="113.30294701270759105682373046875">
        <ele>7</ele>
        <time>2026-09-09T23:36:00.000Z</time>
        <extensions>
          <ns3:TrackPointExtension>
            <ns3:hr>147</ns3:hr>
            <ns3:cad>83</ns3:cad>
          </ns3:TrackPointExtension>
        </extensions>
      </trkpt>
      <trkpt lat="23.050592131912708282470703125" lon="113.30292236991226673126220703125">
        <ele>7.19999980926513671875</ele>
        <time>2026-09-09T23:36:01.000Z</time>
        <extensions>
          <ns3:TrackPointExtension>
            <ns3:hr>147</ns3:hr>
            <ns3:cad>83</ns3:cad>
          </ns3:TrackPointExtension>
        </extensions>
      </trkpt>
      <trkpt lat="23.05059758014976978302001953125" lon="113.30289755947887897491455078125">
        <ele>7.19999980926513671875</ele>
        <time>2026-09-09T23:36:02.000Z</time>
        <extensions>
          <ns3:TrackPointExtension>
            <ns3:hr>147</ns3:hr>
            <ns3:cad>84</ns3:cad>
          </ns3:TrackPointExtension>
        </extensions>
      </trkpt>
      <trkpt lat="23.05059112608432769775390625" lon="113.3028792031109333038330078125">
        <ele>7.19999980926513671875</ele>
        <time>2026-09-09T23:36:03.000Z</time>
        <extensions>
          <ns3:TrackPointExtension>
            <ns3:hr>147</ns3:hr>
            <ns3:cad>84</ns3:cad>
          </ns3:TrackPointExtension>
        </extensions>
      </trkpt>
      <trkpt lat="23.05059288628399372100830078125" lon="113.30284827388823032379150390625">
        <ele>7.19999980926513671875</ele>
        <time>2026-09-09T23:36:04.000Z</time>
        <extensions>
          <ns3:TrackPointExtension>
            <ns3:hr>148</ns3:hr>
            <ns3:cad>84</ns3:cad>
          </ns3:TrackPointExtension>
        </extensions>
      </trkpt>
      <trkpt lat="23.05059623904526233673095703125" lon="113.30282664857804775238037109375">
        <ele>7</ele>
        <time>2026-09-09T23:36:05.000Z</time>
        <extensions>
          <ns3:TrackPointExtension>
            <ns3:hr>148</ns3:hr>
            <ns3:cad>84</ns3:cad>
          </ns3:TrackPointExtension>
        </extensions>
      </trkpt>
      <trkpt lat="23.05059389211237430572509765625" lon="113.30279898829758167266845703125">
        <ele>7</ele>
        <time>2026-09-09T23:36:06.000Z</time>
        <extensions>
          <ns3:TrackPointExtension>
            <ns3:hr>148</ns3:hr>
            <ns3:cad>84</ns3:cad>
          </ns3:TrackPointExtension>
        </extensions>
      </trkpt>
      <trkpt lat="23.05059741251170635223388671875" lon="113.30275833606719970703125">
        <ele>7</ele>
        <time>2026-09-09T23:36:07.000Z</time>
        <extensions>
          <ns3:TrackPointExtension>
            <ns3:hr>147</ns3:hr>
            <ns3:cad>83</ns3:cad>
          </ns3:TrackPointExtension>
        </extensions>
      </trkpt>
      <trkpt lat="23.05059959180653095245361328125" lon="113.30274266190826892852783203125">
        <ele>6.80000019073486328125</ele>
        <time>2026-09-09T23:36:08.000Z</time>
        <extensions>
          <ns3:TrackPointExtension>
            <ns3:hr>147</ns3:hr>
            <ns3:cad>83</ns3:cad>
          </ns3:TrackPointExtension>
        </extensions>
      </trkpt>
      <trkpt lat="23.05060244165360927581787109375" lon="113.30270913429558277130126953125">
        <ele>6.80000019073486328125</ele>
        <time>2026-09-09T23:36:09.000Z</time>
        <extensions>
          <ns3:TrackPointExtension>
            <ns3:hr>148</ns3:hr>
            <ns3:cad>83</ns3:cad>
          </ns3:TrackPointExtension>
        </extensions>
      </trkpt>
      <trkpt lat="23.0506047047674655914306640625" lon="113.30268583260476589202880859375">
        <ele>6.80000019073486328125</ele>
        <time>2026-09-09T23:36:10.000Z</time>
        <extensions>
          <ns3:TrackPointExtension>
            <ns3:hr>148</ns3:hr>
            <ns3:cad>83</ns3:cad>
          </ns3:TrackPointExtension>
        </extensions>
      </trkpt>
      <trkpt lat="23.05060411803424358367919921875" lon="113.3026612736284732818603515625">
        <ele>6.80000019073486328125</ele>
        <time>2026-09-09T23:36:11.000Z</time>
        <extensions>
          <ns3:TrackPointExtension>
            <ns3:hr>148</ns3:hr>
            <ns3:cad>83</ns3:cad>
          </ns3:TrackPointExtension>
        </extensions>
      </trkpt>
      <trkpt lat="23.05060327984392642974853515625" lon="113.30262665636837482452392578125">
        <ele>6.80000019073486328125</ele>
        <time>2026-09-09T23:36:12.000Z</time>
        <extensions>
          <ns3:TrackPointExtension>
            <ns3:hr>148</ns3:hr>
            <ns3:cad>83</ns3:cad>
          </ns3:TrackPointExtension>
        </extensions>
      </trkpt>
      <trkpt lat="23.05060562677681446075439453125" lon="113.302603103220462799072265625">
        <ele>6.80000019073486328125</ele>
        <time>2026-09-09T23:36:13.000Z</time>
        <extensions>
          <ns3:TrackPointExtension>
            <ns3:hr>149</ns3:hr>
            <ns3:cad>83</ns3:cad>
          </ns3:TrackPointExtension>
        </extensions>
      </trkpt>
      <trkpt lat="23.0506030283868312835693359375" lon="113.302576281130313873291015625">
        <ele>6.80000019073486328125</ele>
        <time>2026-09-09T23:36:14.000Z</time>
        <extensions>
          <ns3:TrackPointExtension>
            <ns3:hr>149</ns3:hr>
            <ns3:cad>83</ns3:cad>
          </ns3:TrackPointExtension>
        </extensions>
      </trkpt>
      <trkpt lat="23.05060319602489471435546875" lon="113.3025469444692134857177734375">
        <ele>6.80000019073486328125</ele>
        <time>2026-09-09T23:36:15.000Z</time>
        <extensions>
          <ns3:TrackPointExtension>
            <ns3:hr>149</ns3:hr>
            <ns3:cad>82</ns3:cad>
          </ns3:TrackPointExtension>
        </extensions>
      </trkpt>
      <trkpt lat="23.05059674195945262908935546875" lon="113.302524648606777191162109375">
        <ele>6.80000019073486328125</ele>
        <time>2026-09-09T23:36:16.000Z</time>
        <extensions>
          <ns3:TrackPointExtension>
            <ns3:hr>149</ns3:hr>
            <ns3:cad>82</ns3:cad>
          </ns3:TrackPointExtension>
        </extensions>
      </trkpt>
      <trkpt lat="23.05059271864593029022216796875" lon="113.3025000058114528656005859375">
        <ele>6.80000019073486328125</ele>
        <time>2026-09-09T23:36:17.000Z</time>
        <extensions>
          <ns3:TrackPointExtension>
            <ns3:hr>149</ns3:hr>
            <ns3:cad>83</ns3:cad>
          </ns3:TrackPointExtension>
        </extensions>
      </trkpt>
      <trkpt lat="23.050588779151439666748046875" lon="113.30247695557773113250732421875">
        <ele>6.80000019073486328125</ele>
        <time>2026-09-09T23:36:18.000Z</time>
        <extensions>
          <ns3:TrackPointExtension>
            <ns3:hr>149</ns3:hr>
            <ns3:cad>83</ns3:cad>
          </ns3:TrackPointExtension>
        </extensions>
      </trkpt>
      <trkpt lat="23.05058299563825130462646484375" lon="113.30244862474501132965087890625">
        <ele>6.80000019073486328125</ele>
        <time>2026-09-09T23:36:19.000Z</time>
        <extensions>
          <ns3:TrackPointExtension>
            <ns3:hr>150</ns3:hr>
            <ns3:cad>83</ns3:cad>
          </ns3:TrackPointExtension>
        </extensions>
      </trkpt>
      <trkpt lat="23.05058416910469532012939453125" lon="113.3024135045707225799560546875">
        <ele>6.599999904632568359375</ele>
        <time>2026-09-09T23:36:20.000Z</time>
        <extensions>
          <ns3:TrackPointExtension>
            <ns3:hr>150</ns3:hr>
            <ns3:cad>83</ns3:cad>
          </ns3:TrackPointExtension>
        </extensions>
      </trkpt>
      <trkpt lat="23.05058215744793415069580078125" lon="113.302398584783077239990234375">
        <ele>6.599999904632568359375</ele>
        <time>2026-09-09T23:36:21.000Z</time>
        <extensions>
          <ns3:TrackPointExtension>
            <ns3:hr>150</ns3:hr>
            <ns3:cad>83</ns3:cad>
          </ns3:TrackPointExtension>
        </extensions>
      </trkpt>
      <trkpt lat="23.05057444609701633453369140625" lon="113.3023680746555328369140625">
        <ele>6.599999904632568359375</ele>
        <time>2026-09-09T23:36:22.000Z</time>
        <extensions>
          <ns3:TrackPointExtension>
            <ns3:hr>150</ns3:hr>
            <ns3:cad>83</ns3:cad>
          </ns3:TrackPointExtension>
        </extensions>
      </trkpt>
      <trkpt lat="23.0505772121250629425048828125" lon="113.30234334804117679595947265625">
        <ele>6.400000095367431640625</ele>
        <time>2026-09-09T23:36:23.000Z</time>
        <extensions>
          <ns3:TrackPointExtension>
            <ns3:hr>150</ns3:hr>
            <ns3:cad>83</ns3:cad>
          </ns3:TrackPointExtension>
        </extensions>
      </trkpt>
      <trkpt lat="23.05057235062122344970703125" lon="113.302318118512630462646484375">
        <ele>6.19999980926513671875</ele>
        <time>2026-09-09T23:36:24.000Z</time>
        <extensions>
          <ns3:TrackPointExtension>
            <ns3:hr>150</ns3:hr>
            <ns3:cad>83</ns3:cad>
          </ns3:TrackPointExtension>
        </extensions>
      </trkpt>
      <trkpt lat="23.0505654774606227874755859375" lon="113.302291296422481536865234375">
        <ele>6</ele>
        <time>2026-09-09T23:36:25.000Z</time>
        <extensions>
          <ns3:TrackPointExtension>
            <ns3:hr>150</ns3:hr>
            <ns3:cad>82</ns3:cad>
          </ns3:TrackPointExtension>
        </extensions>
      </trkpt>
      <trkpt lat="23.05056170560419559478759765625" lon="113.302267827093601226806640625">
        <ele>5.80000019073486328125</ele>
        <time>2026-09-09T23:36:26.000Z</time>
        <extensions>
          <ns3:TrackPointExtension>
            <ns3:hr>150</ns3:hr>
            <ns3:cad>82</ns3:cad>
          </ns3:TrackPointExtension>
        </extensions>
      </trkpt>
      <trkpt lat="23.05055835284292697906494140625" lon="113.30223723314702510833740234375">
        <ele>5.80000019073486328125</ele>
        <time>2026-09-09T23:36:27.000Z</time>
        <extensions>
          <ns3:TrackPointExtension>
            <ns3:hr>150</ns3:hr>
            <ns3:cad>82</ns3:cad>
          </ns3:TrackPointExtension>
        </extensions>
      </trkpt>
      <trkpt lat="23.050562627613544464111328125" lon="113.30220647156238555908203125">
        <ele>5.599999904632568359375</ele>
        <time>2026-09-09T23:36:28.000Z</time>
        <extensions>
          <ns3:TrackPointExtension>
            <ns3:hr>149</ns3:hr>
            <ns3:cad>82</ns3:cad>
          </ns3:TrackPointExtension>
        </extensions>
      </trkpt>
      <trkpt lat="23.0505654774606227874755859375" lon="113.302187360823154449462890625">
        <ele>5.599999904632568359375</ele>
        <time>2026-09-09T23:36:29.000Z</time>
        <extensions>
          <ns3:TrackPointExtension>
            <ns3:hr>149</ns3:hr>
            <ns3:cad>83</ns3:cad>
          </ns3:TrackPointExtension>
        </extensions>
      </trkpt>
      <trkpt lat="23.05057008750736713409423828125" lon="113.30215861089527606964111328125">
        <ele>5.599999904632568359375</ele>
        <time>2026-09-09T23:36:30.000Z</time>
        <extensions>
          <ns3:TrackPointExtension>
            <ns3:hr>149</ns3:hr>
            <ns3:cad>83</ns3:cad>
          </ns3:TrackPointExtension>
        </extensions>
      </trkpt>
      <trkpt lat="23.0505705066025257110595703125" lon="113.302142433822154998779296875">
        <ele>5.599999904632568359375</ele>
        <time>2026-09-09T23:36:31.000Z</time>
        <extensions>
          <ns3:TrackPointExtension>
            <ns3:hr>149</ns3:hr>
            <ns3:cad>83</ns3:cad>
          </ns3:TrackPointExtension>
        </extensions>
      </trkpt>
      <trkpt lat="23.0505668185651302337646484375" lon="113.30211183987557888031005859375">
        <ele>5.599999904632568359375</ele>
        <time>2026-09-09T23:36:32.000Z</time>
        <extensions>
          <ns3:TrackPointExtension>
            <ns3:hr>150</ns3:hr>
            <ns3:cad>83</ns3:cad>
          </ns3:TrackPointExtension>
        </extensions>
      </trkpt>
      <trkpt lat="23.0505681596696376800537109375" lon="113.302085436880588531494140625">
        <ele>5.599999904632568359375</ele>
        <time>2026-09-09T23:36:33.000Z</time>
        <extensions>
          <ns3:TrackPointExtension>
            <ns3:hr>150</ns3:hr>
            <ns3:cad>82</ns3:cad>
          </ns3:TrackPointExtension>
        </extensions>
      </trkpt>
      <trkpt lat="23.05057310499250888824462890625" lon="113.30206087790429592132568359375">
        <ele>5.400000095367431640625</ele>
        <time>2026-09-09T23:36:34.000Z</time>
        <extensions>
          <ns3:TrackPointExtension>
            <ns3:hr>150</ns3:hr>
            <ns3:cad>82</ns3:cad>
          </ns3:TrackPointExtension>
        </extensions>
      </trkpt>
      <trkpt lat="23.0505772121250629425048828125" lon="113.302033133804798126220703125">
        <ele>5.400000095367431640625</ele>
        <time>2026-09-09T23:36:35.000Z</time>
        <extensions>
          <ns3:TrackPointExtension>
            <ns3:hr>150</ns3:hr>
            <ns3:cad>82</ns3:cad>
          </ns3:TrackPointExtension>
        </extensions>
      </trkpt>
      <trkpt lat="23.050574697554111480712890625" lon="113.30200522206723690032958984375">
        <ele>5.599999904632568359375</ele>
        <time>2026-09-09T23:36:36.000Z</time>
        <extensions>
          <ns3:TrackPointExtension>
            <ns3:hr>150</ns3:hr>
            <ns3:cad>83</ns3:cad>
          </ns3:TrackPointExtension>
        </extensions>
      </trkpt>
      <trkpt lat="23.0505741946399211883544921875" lon="113.3019826747477054595947265625">
        <ele>5.599999904632568359375</ele>
        <time>2026-09-09T23:36:37.000Z</time>
        <extensions>
          <ns3:TrackPointExtension>
            <ns3:hr>150</ns3:hr>
            <ns3:cad>83</ns3:cad>
          </ns3:TrackPointExtension>
        </extensions>
      </trkpt>
      <trkpt lat="23.05057327263057231903076171875" lon="113.30194629728794097900390625">
        <ele>5.599999904632568359375</ele>
        <time>2026-09-09T23:36:38.000Z</time>
        <extensions>
          <ns3:TrackPointExtension>
            <ns3:hr>150</ns3:hr>
            <ns3:cad>83</ns3:cad>
          </ns3:TrackPointExtension>
        </extensions>
      </trkpt>
      <trkpt lat="23.05056857876479625701904296875" lon="113.301920481026172637939453125">
        <ele>5.599999904632568359375</ele>
        <time>2026-09-09T23:36:39.000Z</time>
        <extensions>
          <ns3:TrackPointExtension>
            <ns3:hr>150</ns3:hr>
            <ns3:cad>83</ns3:cad>
          </ns3:TrackPointExtension>
        </extensions>
      </trkpt>
      <trkpt lat="23.0505681596696376800537109375" lon="113.3018918149173259735107421875">
        <ele>5.599999904632568359375</ele>
        <time>2026-09-09T23:36:40.000Z</time>
        <extensions>
          <ns3:TrackPointExtension>
            <ns3:hr>150</ns3:hr>
            <ns3:cad>83</ns3:cad>
          </ns3:TrackPointExtension>
        </extensions>
      </trkpt>
      <trkpt lat="23.0505745299160480499267578125" lon="113.301859460771083831787109375">
        <ele>5.599999904632568359375</ele>
        <time>2026-09-09T23:36:41.000Z</time>
        <extensions>
          <ns3:TrackPointExtension>
            <ns3:hr>150</ns3:hr>
            <ns3:cad>82</ns3:cad>
          </ns3:TrackPointExtension>
        </extensions>
      </trkpt>
      <trkpt lat="23.050571344792842864990234375" lon="113.30183221958577632904052734375">
        <ele>5.599999904632568359375</ele>
        <time>2026-09-09T23:36:42.000Z</time>
        <extensions>
          <ns3:TrackPointExtension>
            <ns3:hr>151</ns3:hr>
            <ns3:cad>82</ns3:cad>
          </ns3:TrackPointExtension>
        </extensions>
      </trkpt>
      <trkpt lat="23.05057235062122344970703125" lon="113.30180271528661251068115234375">
        <ele>5.599999904632568359375</ele>
        <time>2026-09-09T23:36:43.000Z</time>
        <extensions>
          <ns3:TrackPointExtension>
            <ns3:hr>151</ns3:hr>
            <ns3:cad>82</ns3:cad>
          </ns3:TrackPointExtension>
        </extensions>
      </trkpt>
      <trkpt lat="23.05057461373507976531982421875" lon="113.30178000032901763916015625">
        <ele>5.599999904632568359375</ele>
        <time>2026-09-09T23:36:44.000Z</time>
        <extensions>
          <ns3:TrackPointExtension>
            <ns3:hr>150</ns3:hr>
            <ns3:cad>83</ns3:cad>
          </ns3:TrackPointExtension>
        </extensions>
      </trkpt>
      <trkpt lat="23.05057494901120662689208984375" lon="113.30175242386758327484130859375">
        <ele>5.599999904632568359375</ele>
        <time>2026-09-09T23:36:45.000Z</time>
        <extensions>
          <ns3:TrackPointExtension>
            <ns3:hr>150</ns3:hr>
            <ns3:cad>83</ns3:cad>
          </ns3:TrackPointExtension>
        </extensions>
      </trkpt>
      <trkpt lat="23.050580061972141265869140625" lon="113.301721327006816864013671875">
        <ele>5.599999904632568359375</ele>
        <time>2026-09-09T23:36:46.000Z</time>
        <extensions>
          <ns3:TrackPointExtension>
            <ns3:hr>151</ns3:hr>
            <ns3:cad>83</ns3:cad>
          </ns3:TrackPointExtension>
        </extensions>
      </trkpt>
      <trkpt lat="23.05057637393474578857421875" lon="113.30170146189630031585693359375">
        <ele>5.599999904632568359375</ele>
        <time>2026-09-09T23:36:47.000Z</time>
        <extensions>
          <ns3:TrackPointExtension>
            <ns3:hr>151</ns3:hr>
            <ns3:cad>84</ns3:cad>
          </ns3:TrackPointExtension>
        </extensions>
      </trkpt>
      <trkpt lat="23.0505792237818241119384765625" lon="113.3016728796064853668212890625">
        <ele>5.599999904632568359375</ele>
        <time>2026-09-09T23:36:48.000Z</time>
        <extensions>
          <ns3:TrackPointExtension>
            <ns3:hr>150</ns3:hr>
            <ns3:cad>84</ns3:cad>
          </ns3:TrackPointExtension>
        </extensions>
      </trkpt>
      <trkpt lat="23.0505872704088687896728515625" lon="113.3016430400311946868896484375">
        <ele>5.599999904632568359375</ele>
        <time>2026-09-09T23:36:49.000Z</time>
        <extensions>
          <ns3:TrackPointExtension>
            <ns3:hr>150</ns3:hr>
            <ns3:cad>84</ns3:cad>
          </ns3:TrackPointExtension>
        </extensions>
      </trkpt>
      <trkpt lat="23.05058852769434452056884765625" lon="113.301618732511997222900390625">
        <ele>5.599999904632568359375</ele>
        <time>2026-09-09T23:36:50.000Z</time>
        <extensions>
          <ns3:TrackPointExtension>
            <ns3:hr>150</ns3:hr>
            <ns3:cad>82</ns3:cad>
          </ns3:TrackPointExtension>
        </extensions>
      </trkpt>
      <trkpt lat="23.05059791542589664459228515625" lon="113.3015816844999790191650390625">
        <ele>5.599999904632568359375</ele>
        <time>2026-09-09T23:36:51.000Z</time>
        <extensions>
          <ns3:TrackPointExtension>
            <ns3:hr>151</ns3:hr>
            <ns3:cad>82</ns3:cad>
          </ns3:TrackPointExtension>
        </extensions>
      </trkpt>
      <trkpt lat="23.050602860748767852783203125" lon="113.30155201256275177001953125">
        <ele>5.599999904632568359375</ele>
        <time>2026-09-09T23:36:52.000Z</time>
        <extensions>
          <ns3:TrackPointExtension>
            <ns3:hr>150</ns3:hr>
            <ns3:cad>82</ns3:cad>
          </ns3:TrackPointExtension>
        </extensions>
      </trkpt>
      <trkpt lat="23.0506067164242267608642578125" lon="113.30152812413871288299560546875">
        <ele>5.599999904632568359375</ele>
        <time>2026-09-09T23:36:53.000Z</time>
        <extensions>
          <ns3:TrackPointExtension>
            <ns3:hr>150</ns3:hr>
            <ns3:cad>81</ns3:cad>
          </ns3:TrackPointExtension>
        </extensions>
      </trkpt>
      <trkpt lat="23.05061166174709796905517578125" lon="113.30149375833570957183837890625">
        <ele>5.80000019073486328125</ele>
        <time>2026-09-09T23:36:54.000Z</time>
        <extensions>
          <ns3:TrackPointExtension>
            <ns3:hr>151</ns3:hr>
            <ns3:cad>81</ns3:cad>
          </ns3:TrackPointExtension>
        </extensions>
      </trkpt>
      <trkpt lat="23.05061115883290767669677734375" lon="113.30147095955908298492431640625">
        <ele>5.80000019073486328125</ele>
        <time>2026-09-09T23:36:55.000Z</time>
        <extensions>
          <ns3:TrackPointExtension>
            <ns3:hr>151</ns3:hr>
            <ns3:cad>81</ns3:cad>
          </ns3:TrackPointExtension>
        </extensions>
      </trkpt>
      <trkpt lat="23.05060680024325847625732421875" lon="113.3014472387731075286865234375">
        <ele>5.80000019073486328125</ele>
        <time>2026-09-09T23:36:56.000Z</time>
        <extensions>
          <ns3:TrackPointExtension>
            <ns3:hr>151</ns3:hr>
            <ns3:cad>82</ns3:cad>
          </ns3:TrackPointExtension>
        </extensions>
      </trkpt>
      <trkpt lat="23.0505929701030254364013671875" lon="113.30143441446125507354736328125">
        <ele>5.80000019073486328125</ele>
        <time>2026-09-09T23:36:57.000Z</time>
        <extensions>
          <ns3:TrackPointExtension>
            <ns3:hr>151</ns3:hr>
            <ns3:cad>83</ns3:cad>
          </ns3:TrackPointExtension>
        </extensions>
      </trkpt>
      <trkpt lat="23.0505785532295703887939453125" lon="113.30143189989030361175537109375">
        <ele>5.80000019073486328125</ele>
        <time>2026-09-09T23:36:58.000Z</time>
        <extensions>
          <ns3:TrackPointExtension>
            <ns3:hr>151</ns3:hr>
            <ns3:cad>83</ns3:cad>
          </ns3:TrackPointExtension>
        </extensions>
      </trkpt>
      <trkpt lat="23.0505596101284027099609375" lon="113.30142594873905181884765625">
        <ele>5.80000019073486328125</ele>
        <time>2026-09-09T23:36:59.000Z</time>
        <extensions>
          <ns3:TrackPointExtension>
            <ns3:hr>152</ns3:hr>
            <ns3:cad>83</ns3:cad>
          </ns3:TrackPointExtension>
        </extensions>
      </trkpt>
      <trkpt lat="23.05053387768566608428955078125" lon="113.30142200924456119537353515625">
        <ele>5.80000019073486328125</ele>
        <time>2026-09-09T23:37:00.000Z</time>
        <extensions>
          <ns3:TrackPointExtension>
            <ns3:hr>152</ns3:hr>
            <ns3:cad>82</ns3:cad>
          </ns3:TrackPointExtension>
        </extensions>
      </trkpt>
      <trkpt lat="23.05052365176379680633544921875" lon="113.30142318271100521087646484375">
        <ele>5.80000019073486328125</ele>
        <time>2026-09-09T23:37:01.000Z</time>
        <extensions>
          <ns3:TrackPointExtension>
            <ns3:hr>152</ns3:hr>
            <ns3:cad>82</ns3:cad>
          </ns3:TrackPointExtension>
        </extensions>
      </trkpt>
      <trkpt lat="23.05050135590136051177978515625" lon="113.30142050050199031829833984375">
        <ele>5.80000019073486328125</ele>
        <time>2026-09-09T23:37:02.000Z</time>
        <extensions>
          <ns3:TrackPointExtension>
            <ns3:hr>152</ns3:hr>
            <ns3:cad>82</ns3:cad>
          </ns3:TrackPointExtension>
        </extensions>
      </trkpt>
      <trkpt lat="23.0504856817424297332763671875" lon="113.30141882412135601043701171875">
        <ele>5.80000019073486328125</ele>
        <time>2026-09-09T23:37:03.000Z</time>
        <extensions>
          <ns3:TrackPointExtension>
            <ns3:hr>152</ns3:hr>
            <ns3:cad>82</ns3:cad>
          </ns3:TrackPointExtension>
        </extensions>
      </trkpt>
      <trkpt lat="23.05046849884092807769775390625" lon="113.3014163933694362640380859375">
        <ele>5.80000019073486328125</ele>
        <time>2026-09-09T23:37:04.000Z</time>
        <extensions>
          <ns3:TrackPointExtension>
            <ns3:hr>153</ns3:hr>
            <ns3:cad>82</ns3:cad>
          </ns3:TrackPointExtension>
        </extensions>
      </trkpt>
      <trkpt lat="23.0504457838833332061767578125" lon="113.3014056645333766937255859375">
        <ele>5.80000019073486328125</ele>
        <time>2026-09-09T23:37:05.000Z</time>
        <extensions>
          <ns3:TrackPointExtension>
            <ns3:hr>153</ns3:hr>
            <ns3:cad>82</ns3:cad>
          </ns3:TrackPointExtension>
        </extensions>
      </trkpt>
      <trkpt lat="23.05042658932507038116455078125" lon="113.30140449106693267822265625">
        <ele>6</ele>
        <time>2026-09-09T23:37:06.000Z</time>
        <extensions>
          <ns3:TrackPointExtension>
            <ns3:hr>153</ns3:hr>
            <ns3:cad>82</ns3:cad>
          </ns3:TrackPointExtension>
        </extensions>
      </trkpt>
      <trkpt lat="23.0504001863300800323486328125" lon="113.30140340141952037811279296875">
        <ele>6</ele>
        <time>2026-09-09T23:37:07.000Z</time>
        <extensions>
          <ns3:TrackPointExtension>
            <ns3:hr>153</ns3:hr>
            <ns3:cad>82</ns3:cad>
          </ns3:TrackPointExtension>
        </extensions>
      </trkpt>
      <trkpt lat="23.0503807403147220611572265625" lon="113.301393091678619384765625">
        <ele>6</ele>
        <time>2026-09-09T23:37:08.000Z</time>
        <extensions>
          <ns3:TrackPointExtension>
            <ns3:hr>153</ns3:hr>
            <ns3:cad>82</ns3:cad>
          </ns3:TrackPointExtension>
        </extensions>
      </trkpt>
      <trkpt lat="23.050361461937427520751953125" lon="113.3013875596225261688232421875">
        <ele>6</ele>
        <time>2026-09-09T23:37:09.000Z</time>
        <extensions>
          <ns3:TrackPointExtension>
            <ns3:hr>153</ns3:hr>
            <ns3:cad>81</ns3:cad>
          </ns3:TrackPointExtension>
        </extensions>
      </trkpt>
      <trkpt lat="23.05033455602824687957763671875" lon="113.30137087963521480560302734375">
        <ele>5.80000019073486328125</ele>
        <time>2026-09-09T23:37:10.000Z</time>
        <extensions>
          <ns3:TrackPointExtension>
            <ns3:hr>153</ns3:hr>
            <ns3:cad>81</ns3:cad>
          </ns3:TrackPointExtension>
        </extensions>
      </trkpt>
      <trkpt lat="23.050316870212554931640625" lon="113.3013634197413921356201171875">
        <ele>5.80000019073486328125</ele>
        <time>2026-09-09T23:37:11.000Z</time>
        <extensions>
          <ns3:TrackPointExtension>
            <ns3:hr>153</ns3:hr>
            <ns3:cad>81</ns3:cad>
          </ns3:TrackPointExtension>
        </extensions>
      </trkpt>
      <trkpt lat="23.0503009445965290069580078125" lon="113.3013510145246982574462890625">
        <ele>5.80000019073486328125</ele>
        <time>2026-09-09T23:37:12.000Z</time>
        <extensions>
          <ns3:TrackPointExtension>
            <ns3:hr>153</ns3:hr>
            <ns3:cad>82</ns3:cad>
          </ns3:TrackPointExtension>
        </extensions>
      </trkpt>
      <trkpt lat="23.05028024129569530487060546875" lon="113.30133735202252864837646484375">
        <ele>5.80000019073486328125</ele>
        <time>2026-09-09T23:37:13.000Z</time>
        <extensions>
          <ns3:TrackPointExtension>
            <ns3:hr>153</ns3:hr>
            <ns3:cad>82</ns3:cad>
          </ns3:TrackPointExtension>
        </extensions>
      </trkpt>
      <trkpt lat="23.0502660758793354034423828125" lon="113.301335759460926055908203125">
        <ele>5.80000019073486328125</ele>
        <time>2026-09-09T23:37:14.000Z</time>
        <extensions>
          <ns3:TrackPointExtension>
            <ns3:hr>154</ns3:hr>
            <ns3:cad>83</ns3:cad>
          </ns3:TrackPointExtension>
        </extensions>
      </trkpt>
      <trkpt lat="23.050239086151123046875" lon="113.30134204588830471038818359375">
        <ele>5.80000019073486328125</ele>
        <time>2026-09-09T23:37:15.000Z</time>
        <extensions>
          <ns3:TrackPointExtension>
            <ns3:hr>153</ns3:hr>
            <ns3:cad>83</ns3:cad>
          </ns3:TrackPointExtension>
        </extensions>
      </trkpt>
      <trkpt lat="23.05021754465997219085693359375" lon="113.30135093070566654205322265625">
        <ele>5.80000019073486328125</ele>
        <time>2026-09-09T23:37:16.000Z</time>
        <extensions>
          <ns3:TrackPointExtension>
            <ns3:hr>154</ns3:hr>
            <ns3:cad>82</ns3:cad>
          </ns3:TrackPointExtension>
        </extensions>
      </trkpt>
      <trkpt lat="23.050202541053295135498046875" lon="113.30137389712035655975341796875">
        <ele>5.599999904632568359375</ele>
        <time>2026-09-09T23:37:17.000Z</time>
        <extensions>
          <ns3:TrackPointExtension>
            <ns3:hr>154</ns3:hr>
            <ns3:cad>82</ns3:cad>
          </ns3:TrackPointExtension>
        </extensions>
      </trkpt>
      <trkpt lat="23.0501894652843475341796875" lon="113.30140256322920322418212890625">
        <ele>5.599999904632568359375</ele>
        <time>2026-09-09T23:37:18.000Z</time>
        <extensions>
          <ns3:TrackPointExtension>
            <ns3:hr>154</ns3:hr>
            <ns3:cad>82</ns3:cad>
          </ns3:TrackPointExtension>
        </extensions>
      </trkpt>
      <trkpt lat="23.050181083381175994873046875" lon="113.30142351798713207244873046875">
        <ele>5.599999904632568359375</ele>
        <time>2026-09-09T23:37:19.000Z</time>
        <extensions>
          <ns3:TrackPointExtension>
            <ns3:hr>154</ns3:hr>
            <ns3:cad>82</ns3:cad>
          </ns3:TrackPointExtension>
        </extensions>
      </trkpt>
      <trkpt lat="23.05017312057316303253173828125" lon="113.30144564621150493621826171875">
        <ele>5.599999904632568359375</ele>
        <time>2026-09-09T23:37:20.000Z</time>
        <extensions>
          <ns3:TrackPointExtension>
            <ns3:hr>153</ns3:hr>
            <ns3:cad>83</ns3:cad>
          </ns3:TrackPointExtension>
        </extensions>
      </trkpt>
      <trkpt lat="23.05016289465129375457763671875" lon="113.30147020518779754638671875">
        <ele>5.599999904632568359375</ele>
        <time>2026-09-09T23:37:21.000Z</time>
        <extensions>
          <ns3:TrackPointExtension>
            <ns3:hr>153</ns3:hr>
            <ns3:cad>83</ns3:cad>
          </ns3:TrackPointExtension>
        </extensions>
      </trkpt>
      <trkpt lat="23.050150237977504730224609375" lon="113.30149107612669467926025390625">
        <ele>5.599999904632568359375</ele>
        <time>2026-09-09T23:37:22.000Z</time>
        <extensions>
          <ns3:TrackPointExtension>
            <ns3:hr>153</ns3:hr>
            <ns3:cad>82</ns3:cad>
          </ns3:TrackPointExtension>
        </extensions>
      </trkpt>
      <trkpt lat="23.0501346476376056671142578125" lon="113.301514796912670135498046875">
        <ele>5.599999904632568359375</ele>
        <time>2026-09-09T23:37:23.000Z</time>
        <extensions>
          <ns3:TrackPointExtension>
            <ns3:hr>154</ns3:hr>
            <ns3:cad>82</ns3:cad>
          </ns3:TrackPointExtension>
        </extensions>
      </trkpt>
      <trkpt lat="23.05012417025864124298095703125" lon="113.30152695067226886749267578125">
        <ele>5.599999904632568359375</ele>
        <time>2026-09-09T23:37:24.000Z</time>
        <extensions>
          <ns3:TrackPointExtension>
            <ns3:hr>154</ns3:hr>
            <ns3:cad>82</ns3:cad>
          </ns3:TrackPointExtension>
        </extensions>
      </trkpt>
      <trkpt lat="23.05011461488902568817138671875" lon="113.30153868533670902252197265625">
        <ele>5.599999904632568359375</ele>
        <time>2026-09-09T23:37:25.000Z</time>
        <extensions>
          <ns3:TrackPointExtension>
            <ns3:hr>154</ns3:hr>
            <ns3:cad>81</ns3:cad>
          </ns3:TrackPointExtension>
        </extensions>
      </trkpt>
      <trkpt lat="23.0500833503901958465576171875" lon="113.30155335366725921630859375">
        <ele>5.599999904632568359375</ele>
        <time>2026-09-09T23:37:26.000Z</time>
        <extensions>
          <ns3:TrackPointExtension>
            <ns3:hr>154</ns3:hr>
            <ns3:cad>82</ns3:cad>
          </ns3:TrackPointExtension>
        </extensions>
      </trkpt>
      <trkpt lat="23.05006080307066440582275390625" lon="113.30156466923654079437255859375">
        <ele>5.599999904632568359375</ele>
        <time>2026-09-09T23:37:27.000Z</time>
        <extensions>
          <ns3:TrackPointExtension>
            <ns3:hr>154</ns3:hr>
            <ns3:cad>82</ns3:cad>
          </ns3:TrackPointExtension>
        </extensions>
      </trkpt>
      <trkpt lat="23.0500441230833530426025390625" lon="113.30156802199780941009521484375">
        <ele>5.80000019073486328125</ele>
        <time>2026-09-09T23:37:28.000Z</time>
        <extensions>
          <ns3:TrackPointExtension>
            <ns3:hr>153</ns3:hr>
            <ns3:cad>82</ns3:cad>
          </ns3:TrackPointExtension>
        </extensions>
      </trkpt>
      <trkpt lat="23.050026185810565948486328125" lon="113.30156668089330196380615234375">
        <ele>5.80000019073486328125</ele>
        <time>2026-09-09T23:37:29.000Z</time>
        <extensions>
          <ns3:TrackPointExtension>
            <ns3:hr>153</ns3:hr>
            <ns3:cad>82</ns3:cad>
          </ns3:TrackPointExtension>
        </extensions>
      </trkpt>
      <trkpt lat="23.050000704824924468994140625" lon="113.301561735570430755615234375">
        <ele>5.80000019073486328125</ele>
        <time>2026-09-09T23:37:30.000Z</time>
        <extensions>
          <ns3:TrackPointExtension>
            <ns3:hr>153</ns3:hr>
            <ns3:cad>83</ns3:cad>
          </ns3:TrackPointExtension>
        </extensions>
      </trkpt>
      <trkpt lat="23.04998067207634449005126953125" lon="113.301548995077610015869140625">
        <ele>5.80000019073486328125</ele>
        <time>2026-09-09T23:37:31.000Z</time>
        <extensions>
          <ns3:TrackPointExtension>
            <ns3:hr>152</ns3:hr>
            <ns3:cad>83</ns3:cad>
          </ns3:TrackPointExtension>
        </extensions>
      </trkpt>
      <trkpt lat="23.049959801137447357177734375" lon="113.30154689960181713104248046875">
        <ele>5.80000019073486328125</ele>
        <time>2026-09-09T23:37:32.000Z</time>
        <extensions>
          <ns3:TrackPointExtension>
            <ns3:hr>152</ns3:hr>
            <ns3:cad>83</ns3:cad>
          </ns3:TrackPointExtension>
        </extensions>
      </trkpt>
      <trkpt lat="23.0499371699988842010498046875" lon="113.30154723487794399261474609375">
        <ele>5.80000019073486328125</ele>
        <time>2026-09-09T23:37:33.000Z</time>
        <extensions>
          <ns3:TrackPointExtension>
            <ns3:hr>152</ns3:hr>
            <ns3:cad>82</ns3:cad>
          </ns3:TrackPointExtension>
        </extensions>
      </trkpt>
      <trkpt lat="23.04990909062325954437255859375" lon="113.30154597759246826171875">
        <ele>5.80000019073486328125</ele>
        <time>2026-09-09T23:37:34.000Z</time>
        <extensions>
          <ns3:TrackPointExtension>
            <ns3:hr>152</ns3:hr>
            <ns3:cad>82</ns3:cad>
          </ns3:TrackPointExtension>
        </extensions>
      </trkpt>
      <trkpt lat="23.04988327436149120330810546875" lon="113.30153952352702617645263671875">
        <ele>5.80000019073486328125</ele>
        <time>2026-09-09T23:37:35.000Z</time>
        <extensions>
          <ns3:TrackPointExtension>
            <ns3:hr>152</ns3:hr>
            <ns3:cad>82</ns3:cad>
          </ns3:TrackPointExtension>
        </extensions>
      </trkpt>
      <trkpt lat="23.04986600764095783233642578125" lon="113.30154128372669219970703125">
        <ele>5.80000019073486328125</ele>
        <time>2026-09-09T23:37:36.000Z</time>
        <extensions>
          <ns3:TrackPointExtension>
            <ns3:hr>151</ns3:hr>
            <ns3:cad>81</ns3:cad>
          </ns3:TrackPointExtension>
        </extensions>
      </trkpt>
      <trkpt lat="23.0498355813324451446533203125" lon="113.30154824070632457733154296875">
        <ele>5.80000019073486328125</ele>
        <time>2026-09-09T23:37:37.000Z</time>
        <extensions>
          <ns3:TrackPointExtension>
            <ns3:hr>152</ns3:hr>
            <ns3:cad>81</ns3:cad>
          </ns3:TrackPointExtension>
        </extensions>
      </trkpt>
      <trkpt lat="23.04980968125164508819580078125" lon="113.3015518449246883392333984375">
        <ele>5.80000019073486328125</ele>
        <time>2026-09-09T23:37:38.000Z</time>
        <extensions>
          <ns3:TrackPointExtension>
            <ns3:hr>152</ns3:hr>
            <ns3:cad>81</ns3:cad>
          </ns3:TrackPointExtension>
        </extensions>
      </trkpt>
      <trkpt lat="23.04979090578854084014892578125" lon="113.30155662260949611663818359375">
        <ele>5.80000019073486328125</ele>
        <time>2026-09-09T23:37:39.000Z</time>
        <extensions>
          <ns3:TrackPointExtension>
            <ns3:hr>152</ns3:hr>
            <ns3:cad>81</ns3:cad>
          </ns3:TrackPointExtension>
        </extensions>
      </trkpt>
      <trkpt lat="23.0497681908309459686279296875" lon="113.30155603587627410888671875">
        <ele>5.80000019073486328125</ele>
        <time>2026-09-09T23:37:40.000Z</time>
        <extensions>
          <ns3:TrackPointExtension>
            <ns3:hr>151</ns3:hr>
            <ns3:cad>81</ns3:cad>
          </ns3:TrackPointExtension>
        </extensions>
      </trkpt>
      <trkpt lat="23.04974832572042942047119140625" lon="113.30155595205724239349365234375">
        <ele>5.80000019073486328125</ele>
        <time>2026-09-09T23:37:41.000Z</time>
        <extensions>
          <ns3:TrackPointExtension>
            <ns3:hr>151</ns3:hr>
            <ns3:cad>81</ns3:cad>
          </ns3:TrackPointExtension>
        </extensions>
      </trkpt>
      <trkpt lat="23.04972284473478794097900390625" lon="113.3015508390963077545166015625">
        <ele>5.80000019073486328125</ele>
        <time>2026-09-09T23:37:42.000Z</time>
        <extensions>
          <ns3:TrackPointExtension>
            <ns3:hr>150</ns3:hr>
            <ns3:cad>81</ns3:cad>
          </ns3:TrackPointExtension>
        </extensions>
      </trkpt>
      <trkpt lat="23.04970390163362026214599609375" lon="113.30154706723988056182861328125">
        <ele>5.80000019073486328125</ele>
        <time>2026-09-09T23:37:43.000Z</time>
        <extensions>
          <ns3:TrackPointExtension>
            <ns3:hr>150</ns3:hr>
            <ns3:cad>81</ns3:cad>
          </ns3:TrackPointExtension>
        </extensions>
      </trkpt>
      <trkpt lat="23.04968655109405517578125" lon="113.30154991708695888519287109375">
        <ele>5.599999904632568359375</ele>
        <time>2026-09-09T23:37:44.000Z</time>
        <extensions>
          <ns3:TrackPointExtension>
            <ns3:hr>149</ns3:hr>
            <ns3:cad>81</ns3:cad>
          </ns3:TrackPointExtension>
        </extensions>
      </trkpt>
      <trkpt lat="23.04966383613646030426025390625" lon="113.30155737698078155517578125">
        <ele>5.599999904632568359375</ele>
        <time>2026-09-09T23:37:45.000Z</time>
        <extensions>
          <ns3:TrackPointExtension>
            <ns3:hr>148</ns3:hr>
            <ns3:cad>82</ns3:cad>
          </ns3:TrackPointExtension>
        </extensions>
      </trkpt>
      <trkpt lat="23.04965210147202014923095703125" lon="113.30155561678111553192138671875">
        <ele>5.599999904632568359375</ele>
        <time>2026-09-09T23:37:46.000Z</time>
        <extensions>
          <ns3:TrackPointExtension>
            <ns3:hr>148</ns3:hr>
            <ns3:cad>82</ns3:cad>
          </ns3:TrackPointExtension>
        </extensions>
      </trkpt>
      <trkpt lat="23.04963315837085247039794921875" lon="113.30155469477176666259765625">
        <ele>5.599999904632568359375</ele>
        <time>2026-09-09T23:37:47.000Z</time>
        <extensions>
          <ns3:TrackPointExtension>
            <ns3:hr>148</ns3:hr>
            <ns3:cad>82</ns3:cad>
          </ns3:TrackPointExtension>
        </extensions>
      </trkpt>
      <trkpt lat="23.049619831144809722900390625" lon="113.30155528150498867034912109375">
        <ele>5.400000095367431640625</ele>
        <time>2026-09-09T23:37:48.000Z</time>
        <extensions>
          <ns3:TrackPointExtension>
            <ns3:hr>148</ns3:hr>
            <ns3:cad>82</ns3:cad>
          </ns3:TrackPointExtension>
        </extensions>
      </trkpt>
      <trkpt lat="23.04960449226200580596923828125" lon="113.30155259929597377777099609375">
        <ele>5.400000095367431640625</ele>
        <time>2026-09-09T23:37:49.000Z</time>
        <extensions>
          <ns3:TrackPointExtension>
            <ns3:hr>148</ns3:hr>
            <ns3:cad>81</ns3:cad>
          </ns3:TrackPointExtension>
        </extensions>
      </trkpt>
      <trkpt lat="23.04958663880825042724609375" lon="113.301548659801483154296875">
        <ele>5.599999904632568359375</ele>
        <time>2026-09-09T23:37:50.000Z</time>
        <extensions>
          <ns3:TrackPointExtension>
            <ns3:hr>148</ns3:hr>
            <ns3:cad>81</ns3:cad>
          </ns3:TrackPointExtension>
        </extensions>
      </trkpt>
      <trkpt lat="23.04956518113613128662109375" lon="113.3015491627156734466552734375">
        <ele>5.400000095367431640625</ele>
        <time>2026-09-09T23:37:51.000Z</time>
        <extensions>
          <ns3:TrackPointExtension>
            <ns3:hr>148</ns3:hr>
            <ns3:cad>81</ns3:cad>
          </ns3:TrackPointExtension>
        </extensions>
      </trkpt>
      <trkpt lat="23.04954481311142444610595703125" lon="113.30154656432569026947021484375">
        <ele>5.599999904632568359375</ele>
        <time>2026-09-09T23:37:52.000Z</time>
        <extensions>
          <ns3:TrackPointExtension>
            <ns3:hr>147</ns3:hr>
            <ns3:cad>81</ns3:cad>
          </ns3:TrackPointExtension>
        </extensions>
      </trkpt>
      <trkpt lat="23.04952628910541534423828125" lon="113.30154404975473880767822265625">
        <ele>5.599999904632568359375</ele>
        <time>2026-09-09T23:37:53.000Z</time>
        <extensions>
          <ns3:TrackPointExtension>
            <ns3:hr>147</ns3:hr>
            <ns3:cad>81</ns3:cad>
          </ns3:TrackPointExtension>
        </extensions>
      </trkpt>
      <trkpt lat="23.04950776509940624237060546875" lon="113.301546312868595123291015625">
        <ele>5.599999904632568359375</ele>
        <time>2026-09-09T23:37:54.000Z</time>
        <extensions>
          <ns3:TrackPointExtension>
            <ns3:hr>147</ns3:hr>
            <ns3:cad>82</ns3:cad>
          </ns3:TrackPointExtension>
        </extensions>
      </trkpt>
      <trkpt lat="23.04948630742728710174560546875" lon="113.3015471510589122772216796875">
        <ele>5.599999904632568359375</ele>
        <time>2026-09-09T23:37:55.000Z</time>
        <extensions>
          <ns3:TrackPointExtension>
            <ns3:hr>147</ns3:hr>
            <ns3:cad>82</ns3:cad>
          </ns3:TrackPointExtension>
        </extensions>
      </trkpt>
      <trkpt lat="23.04946535266935825347900390625" lon="113.30154606141149997711181640625">
        <ele>5.80000019073486328125</ele>
        <time>2026-09-09T23:37:56.000Z</time>
        <extensions>
          <ns3:TrackPointExtension>
            <ns3:hr>147</ns3:hr>
            <ns3:cad>83</ns3:cad>
          </ns3:TrackPointExtension>
        </extensions>
      </trkpt>
      <trkpt lat="23.0494560487568378448486328125" lon="113.30156114883720874786376953125">
        <ele>5.80000019073486328125</ele>
        <time>2026-09-09T23:37:57.000Z</time>
        <extensions>
          <ns3:TrackPointExtension>
            <ns3:hr>147</ns3:hr>
            <ns3:cad>83</ns3:cad>
          </ns3:TrackPointExtension>
        </extensions>
      </trkpt>
      <trkpt lat="23.04944674484431743621826171875" lon="113.3015682734549045562744140625">
        <ele>5.80000019073486328125</ele>
        <time>2026-09-09T23:37:58.000Z</time>
        <extensions>
          <ns3:TrackPointExtension>
            <ns3:hr>147</ns3:hr>
            <ns3:cad>83</ns3:cad>
          </ns3:TrackPointExtension>
        </extensions>
      </trkpt>
      <trkpt lat="23.0494278855621814727783203125" lon="113.30157388933002948760986328125">
        <ele>5.80000019073486328125</ele>
        <time>2026-09-09T23:37:59.000Z</time>
        <extensions>
          <ns3:TrackPointExtension>
            <ns3:hr>147</ns3:hr>
            <ns3:cad>83</ns3:cad>
          </ns3:TrackPointExtension>
        </extensions>
      </trkpt>
      <trkpt lat="23.0494184978306293487548828125" lon="113.30158797092735767364501953125">
        <ele>5.80000019073486328125</ele>
        <time>2026-09-09T23:38:00.000Z</time>
        <extensions>
          <ns3:TrackPointExtension>
            <ns3:hr>147</ns3:hr>
            <ns3:cad>83</ns3:cad>
          </ns3:TrackPointExtension>
        </extensions>
      </trkpt>
      <trkpt lat="23.0493913404643535614013671875" lon="113.301599957048892974853515625">
        <ele>6</ele>
        <time>2026-09-09T23:38:01.000Z</time>
        <extensions>
          <ns3:TrackPointExtension>
            <ns3:hr>147</ns3:hr>
            <ns3:cad>83</ns3:cad>
          </ns3:TrackPointExtension>
        </extensions>
      </trkpt>
      <trkpt lat="23.04937683977186679840087890625" lon="113.301605321466922760009765625">
        <ele>6</ele>
        <time>2026-09-09T23:38:02.000Z</time>
        <extensions>
          <ns3:TrackPointExtension>
            <ns3:hr>147</ns3:hr>
            <ns3:cad>83</ns3:cad>
          </ns3:TrackPointExtension>
        </extensions>
      </trkpt>
      <trkpt lat="23.04935856722295284271240234375" lon="113.301610685884952545166015625">
        <ele>6</ele>
        <time>2026-09-09T23:38:03.000Z</time>
        <extensions>
          <ns3:TrackPointExtension>
            <ns3:hr>147</ns3:hr>
            <ns3:cad>83</ns3:cad>
          </ns3:TrackPointExtension>
        </extensions>
      </trkpt>
      <trkpt lat="23.0493387021124362945556640625" lon="113.301624096930027008056640625">
        <ele>6</ele>
        <time>2026-09-09T23:38:04.000Z</time>
        <extensions>
          <ns3:TrackPointExtension>
            <ns3:hr>147</ns3:hr>
            <ns3:cad>83</ns3:cad>
          </ns3:TrackPointExtension>
        </extensions>
      </trkpt>
      <trkpt lat="23.04932336322963237762451171875" lon="113.3016264438629150390625">
        <ele>5.80000019073486328125</ele>
        <time>2026-09-09T23:38:05.000Z</time>
        <extensions>
          <ns3:TrackPointExtension>
            <ns3:hr>147</ns3:hr>
            <ns3:cad>83</ns3:cad>
          </ns3:TrackPointExtension>
        </extensions>
      </trkpt>
      <trkpt lat="23.04930140264332294464111328125" lon="113.3016373403370380401611328125">
        <ele>5.80000019073486328125</ele>
        <time>2026-09-09T23:38:06.000Z</time>
        <extensions>
          <ns3:TrackPointExtension>
            <ns3:hr>147</ns3:hr>
            <ns3:cad>83</ns3:cad>
          </ns3:TrackPointExtension>
        </extensions>
      </trkpt>
      <trkpt lat="23.0492803640663623809814453125" lon="113.30164396204054355621337890625">
        <ele>5.80000019073486328125</ele>
        <time>2026-09-09T23:38:07.000Z</time>
        <extensions>
          <ns3:TrackPointExtension>
            <ns3:hr>147</ns3:hr>
            <ns3:cad>82</ns3:cad>
          </ns3:TrackPointExtension>
        </extensions>
      </trkpt>
      <trkpt lat="23.0492632649838924407958984375" lon="113.30165251158177852630615234375">
        <ele>5.80000019073486328125</ele>
        <time>2026-09-09T23:38:08.000Z</time>
        <extensions>
          <ns3:TrackPointExtension>
            <ns3:hr>148</ns3:hr>
            <ns3:cad>82</ns3:cad>
          </ns3:TrackPointExtension>
        </extensions>
      </trkpt>
      <trkpt lat="23.049232922494411468505859375" lon="113.3016680181026458740234375">
        <ele>5.80000019073486328125</ele>
        <time>2026-09-09T23:38:09.000Z</time>
        <extensions>
          <ns3:TrackPointExtension>
            <ns3:hr>148</ns3:hr>
            <ns3:cad>82</ns3:cad>
          </ns3:TrackPointExtension>
        </extensions>
      </trkpt>
      <trkpt lat="23.0492136441171169281005859375" lon="113.3016879670321941375732421875">
        <ele>5.80000019073486328125</ele>
        <time>2026-09-09T23:38:10.000Z</time>
        <extensions>
          <ns3:TrackPointExtension>
            <ns3:hr>148</ns3:hr>
            <ns3:cad>82</ns3:cad>
          </ns3:TrackPointExtension>
        </extensions>
      </trkpt>
      <trkpt lat="23.04918975569307804107666015625" lon="113.30170154571533203125">
        <ele>5.80000019073486328125</ele>
        <time>2026-09-09T23:38:11.000Z</time>
        <extensions>
          <ns3:TrackPointExtension>
            <ns3:hr>148</ns3:hr>
            <ns3:cad>82</ns3:cad>
          </ns3:TrackPointExtension>
        </extensions>
      </trkpt>
      <trkpt lat="23.0491636879742145538330078125" lon="113.30171830952167510986328125">
        <ele>5.80000019073486328125</ele>
        <time>2026-09-09T23:38:12.000Z</time>
        <extensions>
          <ns3:TrackPointExtension>
            <ns3:hr>148</ns3:hr>
            <ns3:cad>83</ns3:cad>
          </ns3:TrackPointExtension>
        </extensions>
      </trkpt>
      <trkpt lat="23.049145750701427459716796875" lon="113.30172945745289325714111328125">
        <ele>5.80000019073486328125</ele>
        <time>2026-09-09T23:38:13.000Z</time>
        <extensions>
          <ns3:TrackPointExtension>
            <ns3:hr>148</ns3:hr>
            <ns3:cad>82</ns3:cad>
          </ns3:TrackPointExtension>
        </extensions>
      </trkpt>
      <trkpt lat="23.04911750368773937225341796875" lon="113.3017399348318576812744140625">
        <ele>5.80000019073486328125</ele>
        <time>2026-09-09T23:38:14.000Z</time>
        <extensions>
          <ns3:TrackPointExtension>
            <ns3:hr>149</ns3:hr>
            <ns3:cad>82</ns3:cad>
          </ns3:TrackPointExtension>
        </extensions>
      </trkpt>
      <trkpt lat="23.04908833466470241546630859375" lon="113.30174068920314311981201171875">
        <ele>5.80000019073486328125</ele>
        <time>2026-09-09T23:38:15.000Z</time>
        <extensions>
          <ns3:TrackPointExtension>
            <ns3:hr>150</ns3:hr>
            <ns3:cad>83</ns3:cad>
          </ns3:TrackPointExtension>
        </extensions>
      </trkpt>
      <trkpt lat="23.049067966639995574951171875" lon="113.3017426170408725738525390625">
        <ele>5.599999904632568359375</ele>
        <time>2026-09-09T23:38:16.000Z</time>
        <extensions>
          <ns3:TrackPointExtension>
            <ns3:hr>151</ns3:hr>
            <ns3:cad>83</ns3:cad>
          </ns3:TrackPointExtension>
        </extensions>
      </trkpt>
      <trkpt lat="23.0490406416356563568115234375" lon="113.30173867754638195037841796875">
        <ele>5.599999904632568359375</ele>
        <time>2026-09-09T23:38:17.000Z</time>
        <extensions>
          <ns3:TrackPointExtension>
            <ns3:hr>151</ns3:hr>
            <ns3:cad>83</ns3:cad>
          </ns3:TrackPointExtension>
        </extensions>
      </trkpt>
      <trkpt lat="23.0490165017545223236083984375" lon="113.30172074027359485626220703125">
        <ele>5.599999904632568359375</ele>
        <time>2026-09-09T23:38:18.000Z</time>
        <extensions>
          <ns3:TrackPointExtension>
            <ns3:hr>152</ns3:hr>
            <ns3:cad>83</ns3:cad>
          </ns3:TrackPointExtension>
        </extensions>
      </trkpt>
      <trkpt lat="23.04899965412914752960205078125" lon="113.3017171360552310943603515625">
        <ele>5.80000019073486328125</ele>
        <time>2026-09-09T23:38:19.000Z</time>
        <extensions>
          <ns3:TrackPointExtension>
            <ns3:hr>151</ns3:hr>
            <ns3:cad>82</ns3:cad>
          </ns3:TrackPointExtension>
        </extensions>
      </trkpt>
      <trkpt lat="23.048978783190250396728515625" lon="113.30171219073235988616943359375">
        <ele>5.80000019073486328125</ele>
        <time>2026-09-09T23:38:20.000Z</time>
        <extensions>
          <ns3:TrackPointExtension>
            <ns3:hr>151</ns3:hr>
            <ns3:cad>81</ns3:cad>
          </ns3:TrackPointExtension>
        </extensions>
      </trkpt>
      <trkpt lat="23.0489678867161273956298828125" lon="113.30170691013336181640625">
        <ele>5.80000019073486328125</ele>
        <time>2026-09-09T23:38:21.000Z</time>
        <extensions>
          <ns3:TrackPointExtension>
            <ns3:hr>151</ns3:hr>
            <ns3:cad>81</ns3:cad>
          </ns3:TrackPointExtension>
        </extensions>
      </trkpt>
      <trkpt lat="23.04895221255719661712646484375" lon="113.301706574857234954833984375">
        <ele>5.599999904632568359375</ele>
        <time>2026-09-09T23:38:22.000Z</time>
        <extensions>
          <ns3:TrackPointExtension>
            <ns3:hr>151</ns3:hr>
            <ns3:cad>81</ns3:cad>
          </ns3:TrackPointExtension>
        </extensions>
      </trkpt>
      <trkpt lat="23.0489373765885829925537109375" lon="113.30170347355306148529052734375">
        <ele>5.599999904632568359375</ele>
        <time>2026-09-09T23:38:23.000Z</time>
        <extensions>
          <ns3:TrackPointExtension>
            <ns3:hr>151</ns3:hr>
            <ns3:cad>81</ns3:cad>
          </ns3:TrackPointExtension>
        </extensions>
      </trkpt>
      <trkpt lat="23.04892086423933506011962890625" lon="113.3017010428011417388916015625">
        <ele>5.599999904632568359375</ele>
        <time>2026-09-09T23:38:24.000Z</time>
        <extensions>
          <ns3:TrackPointExtension>
            <ns3:hr>152</ns3:hr>
            <ns3:cad>81</ns3:cad>
          </ns3:TrackPointExtension>
        </extensions>
      </trkpt>
      <trkpt lat="23.04888683371245861053466796875" lon="113.30168972723186016082763671875">
        <ele>5.599999904632568359375</ele>
        <time>2026-09-09T23:38:25.000Z</time>
        <extensions>
          <ns3:TrackPointExtension>
            <ns3:hr>151</ns3:hr>
            <ns3:cad>81</ns3:cad>
          </ns3:TrackPointExtension>
        </extensions>
      </trkpt>
      <trkpt lat="23.04886780679225921630859375" lon="113.3016728796064853668212890625">
        <ele>5.400000095367431640625</ele>
        <time>2026-09-09T23:38:26.000Z</time>
        <extensions>
          <ns3:TrackPointExtension>
            <ns3:hr>151</ns3:hr>
            <ns3:cad>80</ns3:cad>
          </ns3:TrackPointExtension>
        </extensions>
      </trkpt>
      <trkpt lat="23.0488429963588714599609375" lon="113.3016510866582393646240234375">
        <ele>5.400000095367431640625</ele>
        <time>2026-09-09T23:38:27.000Z</time>
        <extensions>
          <ns3:TrackPointExtension>
            <ns3:hr>151</ns3:hr>
            <ns3:cad>79</ns3:cad>
          </ns3:TrackPointExtension>
        </extensions>
      </trkpt>
      <trkpt lat="23.048831261694431304931640625" lon="113.3016165532171726226806640625">
        <ele>5.400000095367431640625</ele>
        <time>2026-09-09T23:38:28.000Z</time>
        <extensions>
          <ns3:TrackPointExtension>
            <ns3:hr>151</ns3:hr>
            <ns3:cad>77</ns3:cad>
          </ns3:TrackPointExtension>
        </extensions>
      </trkpt>
      <trkpt lat="23.048821873962879180908203125" lon="113.301594257354736328125">
        <ele>5.599999904632568359375</ele>
        <time>2026-09-09T23:38:29.000Z</time>
        <extensions>
          <ns3:TrackPointExtension>
            <ns3:hr>151</ns3:hr>
            <ns3:cad>80</ns3:cad>
          </ns3:TrackPointExtension>
        </extensions>
      </trkpt>
      <trkpt lat="23.048815168440341949462890625" lon="113.3015625737607479095458984375">
        <ele>5.599999904632568359375</ele>
        <time>2026-09-09T23:38:30.000Z</time>
        <extensions>
          <ns3:TrackPointExtension>
            <ns3:hr>150</ns3:hr>
            <ns3:cad>81</ns3:cad>
          </ns3:TrackPointExtension>
        </extensions>
      </trkpt>
      <trkpt lat="23.04881818592548370361328125" lon="113.301538936793804168701171875">
        <ele>5.599999904632568359375</ele>
        <time>2026-09-09T23:38:31.000Z</time>
        <extensions>
          <ns3:TrackPointExtension>
            <ns3:hr>151</ns3:hr>
            <ns3:cad>81</ns3:cad>
          </ns3:TrackPointExtension>
        </extensions>
      </trkpt>
      <trkpt lat="23.0488163419067859649658203125" lon="113.3015159703791141510009765625">
        <ele>5.599999904632568359375</ele>
        <time>2026-09-09T23:38:32.000Z</time>
        <extensions>
          <ns3:TrackPointExtension>
            <ns3:hr>150</ns3:hr>
            <ns3:cad>82</ns3:cad>
          </ns3:TrackPointExtension>
        </extensions>
      </trkpt>
      <trkpt lat="23.04881273768842220306396484375" lon="113.301479928195476531982421875">
        <ele>5.599999904632568359375</ele>
        <time>2026-09-09T23:38:33.000Z</time>
        <extensions>
          <ns3:TrackPointExtension>
            <ns3:hr>149</ns3:hr>
            <ns3:cad>82</ns3:cad>
          </ns3:TrackPointExtension>
        </extensions>
      </trkpt>
      <trkpt lat="23.04881072603166103363037109375" lon="113.30145956017076969146728515625">
        <ele>5.599999904632568359375</ele>
        <time>2026-09-09T23:38:34.000Z</time>
        <extensions>
          <ns3:TrackPointExtension>
            <ns3:hr>149</ns3:hr>
            <ns3:cad>82</ns3:cad>
          </ns3:TrackPointExtension>
        </extensions>
      </trkpt>
      <trkpt lat="23.04880066774785518646240234375" lon="113.30144195817410945892333984375">
        <ele>5.599999904632568359375</ele>
        <time>2026-09-09T23:38:35.000Z</time>
        <extensions>
          <ns3:TrackPointExtension>
            <ns3:hr>148</ns3:hr>
            <ns3:cad>82</ns3:cad>
          </ns3:TrackPointExtension>
        </extensions>
      </trkpt>
      <trkpt lat="23.048784323036670684814453125" lon="113.30141521990299224853515625">
        <ele>5.599999904632568359375</ele>
        <time>2026-09-09T23:38:36.000Z</time>
        <extensions>
          <ns3:TrackPointExtension>
            <ns3:hr>148</ns3:hr>
            <ns3:cad>81</ns3:cad>
          </ns3:TrackPointExtension>
        </extensions>
      </trkpt>
      <trkpt lat="23.0487730912864208221435546875" lon="113.301400803029537200927734375">
        <ele>5.599999904632568359375</ele>
        <time>2026-09-09T23:38:37.000Z</time>
        <extensions>
          <ns3:TrackPointExtension>
            <ns3:hr>148</ns3:hr>
            <ns3:cad>81</ns3:cad>
          </ns3:TrackPointExtension>
        </extensions>
      </trkpt>
      <trkpt lat="23.04875289089977741241455078125" lon="113.30138278193771839141845703125">
        <ele>5.599999904632568359375</ele>
        <time>2026-09-09T23:38:38.000Z</time>
        <extensions>
          <ns3:TrackPointExtension>
            <ns3:hr>148</ns3:hr>
            <ns3:cad>81</ns3:cad>
          </ns3:TrackPointExtension>
        </extensions>
      </trkpt>
      <trkpt lat="23.0487405695021152496337890625" lon="113.3013617433607578277587890625">
        <ele>5.599999904632568359375</ele>
        <time>2026-09-09T23:38:39.000Z</time>
        <extensions>
          <ns3:TrackPointExtension>
            <ns3:hr>148</ns3:hr>
            <ns3:cad>81</ns3:cad>
          </ns3:TrackPointExtension>
        </extensions>
      </trkpt>
      <trkpt lat="23.0487284995615482330322265625" lon="113.301355540752410888671875">
        <ele>5.599999904632568359375</ele>
        <time>2026-09-09T23:38:40.000Z</time>
        <extensions>
          <ns3:TrackPointExtension>
            <ns3:hr>148</ns3:hr>
            <ns3:cad>82</ns3:cad>
          </ns3:TrackPointExtension>
        </extensions>
      </trkpt>
      <trkpt lat="23.04870310239493846893310546875" lon="113.30134573392570018768310546875">
        <ele>5.599999904632568359375</ele>
        <time>2026-09-09T23:38:41.000Z</time>
        <extensions>
          <ns3:TrackPointExtension>
            <ns3:hr>148</ns3:hr>
            <ns3:cad>82</ns3:cad>
          </ns3:TrackPointExtension>
        </extensions>
      </trkpt>
      <trkpt lat="23.04868365637958049774169921875" lon="113.30133902840316295623779296875">
        <ele>5.599999904632568359375</ele>
        <time>2026-09-09T23:38:42.000Z</time>
        <extensions>
          <ns3:TrackPointExtension>
            <ns3:hr>148</ns3:hr>
            <ns3:cad>82</ns3:cad>
          </ns3:TrackPointExtension>
        </extensions>
      </trkpt>
      <trkpt lat="23.0486632883548736572265625" lon="113.30134187825024127960205078125">
        <ele>5.400000095367431640625</ele>
        <time>2026-09-09T23:38:43.000Z</time>
        <extensions>
          <ns3:TrackPointExtension>
            <ns3:hr>148</ns3:hr>
            <ns3:cad>82</ns3:cad>
          </ns3:TrackPointExtension>
        </extensions>
      </trkpt>
      <trkpt lat="23.048631437122821807861328125" lon="113.30133668147027492523193359375">
        <ele>5.400000095367431640625</ele>
        <time>2026-09-09T23:38:44.000Z</time>
        <extensions>
          <ns3:TrackPointExtension>
            <ns3:hr>148</ns3:hr>
            <ns3:cad>82</ns3:cad>
          </ns3:TrackPointExtension>
        </extensions>
      </trkpt>
      <trkpt lat="23.04862246848642826080322265625" lon="113.3013355918228626251220703125">
        <ele>5.400000095367431640625</ele>
        <time>2026-09-09T23:38:45.000Z</time>
        <extensions>
          <ns3:TrackPointExtension>
            <ns3:hr>148</ns3:hr>
            <ns3:cad>81</ns3:cad>
          </ns3:TrackPointExtension>
        </extensions>
      </trkpt>
      <trkpt lat="23.0486000888049602508544921875" lon="113.30132779665291309356689453125">
        <ele>5.400000095367431640625</ele>
        <time>2026-09-09T23:38:46.000Z</time>
        <extensions>
          <ns3:TrackPointExtension>
            <ns3:hr>148</ns3:hr>
            <ns3:cad>81</ns3:cad>
          </ns3:TrackPointExtension>
        </extensions>
      </trkpt>
      <trkpt lat="23.048575110733509063720703125" lon="113.3013154752552509307861328125">
        <ele>5.400000095367431640625</ele>
        <time>2026-09-09T23:38:47.000Z</time>
        <extensions>
          <ns3:TrackPointExtension>
            <ns3:hr>148</ns3:hr>
            <ns3:cad>81</ns3:cad>
          </ns3:TrackPointExtension>
        </extensions>
      </trkpt>
      <trkpt lat="23.0485571734607219696044921875" lon="113.30131036229431629180908203125">
        <ele>5.400000095367431640625</ele>
        <time>2026-09-09T23:38:48.000Z</time>
        <extensions>
          <ns3:TrackPointExtension>
            <ns3:hr>147</ns3:hr>
            <ns3:cad>82</ns3:cad>
          </ns3:TrackPointExtension>
        </extensions>
      </trkpt>
      <trkpt lat="23.04852590896189212799072265625" lon="113.3013087697327136993408203125">
        <ele>5.400000095367431640625</ele>
        <time>2026-09-09T23:38:49.000Z</time>
        <extensions>
          <ns3:TrackPointExtension>
            <ns3:hr>147</ns3:hr>
            <ns3:cad>82</ns3:cad>
          </ns3:TrackPointExtension>
        </extensions>
      </trkpt>
      <trkpt lat="23.0485092289745807647705078125" lon="113.301302902400493621826171875">
        <ele>5.400000095367431640625</ele>
        <time>2026-09-09T23:38:50.000Z</time>
        <extensions>
          <ns3:TrackPointExtension>
            <ns3:hr>147</ns3:hr>
            <ns3:cad>82</ns3:cad>
          </ns3:TrackPointExtension>
        </extensions>
      </trkpt>
      <trkpt lat="23.0484911240637302398681640625" lon="113.301304243505001068115234375">
        <ele>5.400000095367431640625</ele>
        <time>2026-09-09T23:38:51.000Z</time>
        <extensions>
          <ns3:TrackPointExtension>
            <ns3:hr>148</ns3:hr>
            <ns3:cad>82</ns3:cad>
          </ns3:TrackPointExtension>
        </extensions>
      </trkpt>
      <trkpt lat="23.04846958257257938385009765625" lon="113.30130030401051044464111328125">
        <ele>5.400000095367431640625</ele>
        <time>2026-09-09T23:38:52.000Z</time>
        <extensions>
          <ns3:TrackPointExtension>
            <ns3:hr>148</ns3:hr>
            <ns3:cad>82</ns3:cad>
          </ns3:TrackPointExtension>
        </extensions>
      </trkpt>
      <trkpt lat="23.04844946600496768951416015625" lon="113.30130097456276416778564453125">
        <ele>5.400000095367431640625</ele>
        <time>2026-09-09T23:38:53.000Z</time>
        <extensions>
          <ns3:TrackPointExtension>
            <ns3:hr>148</ns3:hr>
            <ns3:cad>82</ns3:cad>
          </ns3:TrackPointExtension>
        </extensions>
      </trkpt>
      <trkpt lat="23.04843136109411716461181640625" lon="113.301300890743732452392578125">
        <ele>5.400000095367431640625</ele>
        <time>2026-09-09T23:38:54.000Z</time>
        <extensions>
          <ns3:TrackPointExtension>
            <ns3:hr>148</ns3:hr>
            <ns3:cad>82</ns3:cad>
          </ns3:TrackPointExtension>
        </extensions>
      </trkpt>
      <trkpt lat="23.0484057962894439697265625" lon="113.30129980109632015228271484375">
        <ele>5.400000095367431640625</ele>
        <time>2026-09-09T23:38:55.000Z</time>
        <extensions>
          <ns3:TrackPointExtension>
            <ns3:hr>148</ns3:hr>
            <ns3:cad>82</ns3:cad>
          </ns3:TrackPointExtension>
        </extensions>
      </trkpt>
      <trkpt lat="23.0483881942927837371826171875" lon="113.30130097456276416778564453125">
        <ele>5.400000095367431640625</ele>
        <time>2026-09-09T23:38:56.000Z</time>
        <extensions>
          <ns3:TrackPointExtension>
            <ns3:hr>148</ns3:hr>
            <ns3:cad>82</ns3:cad>
          </ns3:TrackPointExtension>
        </extensions>
      </trkpt>
      <trkpt lat="23.048361204564571380615234375" lon="113.30129862762987613677978515625">
        <ele>5.400000095367431640625</ele>
        <time>2026-09-09T23:38:57.000Z</time>
        <extensions>
          <ns3:TrackPointExtension>
            <ns3:hr>149</ns3:hr>
            <ns3:cad>82</ns3:cad>
          </ns3:TrackPointExtension>
        </extensions>
      </trkpt>
      <trkpt lat="23.04834209382534027099609375" lon="113.30129343084990978240966796875">
        <ele>5.400000095367431640625</ele>
        <time>2026-09-09T23:38:58.000Z</time>
        <extensions>
          <ns3:TrackPointExtension>
            <ns3:hr>149</ns3:hr>
            <ns3:cad>82</ns3:cad>
          </ns3:TrackPointExtension>
        </extensions>
      </trkpt>
      <trkpt lat="23.04832491092383861541748046875" lon="113.3012946881353855133056640625">
        <ele>5.400000095367431640625</ele>
        <time>2026-09-09T23:38:59.000Z</time>
        <extensions>
          <ns3:TrackPointExtension>
            <ns3:hr>149</ns3:hr>
            <ns3:cad>82</ns3:cad>
          </ns3:TrackPointExtension>
        </extensions>
      </trkpt>
      <trkpt lat="23.048306889832019805908203125" lon="113.30129544250667095184326171875">
        <ele>5.400000095367431640625</ele>
        <time>2026-09-09T23:39:00.000Z</time>
        <extensions>
          <ns3:TrackPointExtension>
            <ns3:hr>149</ns3:hr>
            <ns3:cad>82</ns3:cad>
          </ns3:TrackPointExtension>
        </extensions>
      </trkpt>
      <trkpt lat="23.04829490371048450469970703125" lon="113.30129611305892467498779296875">
        <ele>5.400000095367431640625</ele>
        <time>2026-09-09T23:39:01.000Z</time>
        <extensions>
          <ns3:TrackPointExtension>
            <ns3:hr>149</ns3:hr>
            <ns3:cad>82</ns3:cad>
          </ns3:TrackPointExtension>
        </extensions>
      </trkpt>
      <trkpt lat="23.04828065447509288787841796875" lon="113.30129225738346576690673828125">
        <ele>5.400000095367431640625</ele>
        <time>2026-09-09T23:39:02.000Z</time>
        <extensions>
          <ns3:TrackPointExtension>
            <ns3:hr>149</ns3:hr>
            <ns3:cad>81</ns3:cad>
          </ns3:TrackPointExtension>
        </extensions>
      </trkpt>
      <trkpt lat="23.04826238192617893218994140625" lon="113.30128773115575313568115234375">
        <ele>5.400000095367431640625</ele>
        <time>2026-09-09T23:39:03.000Z</time>
        <extensions>
          <ns3:TrackPointExtension>
            <ns3:hr>150</ns3:hr>
            <ns3:cad>81</ns3:cad>
          </ns3:TrackPointExtension>
        </extensions>
      </trkpt>
      <trkpt lat="23.04823924787342548370361328125" lon="113.301285468041896820068359375">
        <ele>5.400000095367431640625</ele>
        <time>2026-09-09T23:39:04.000Z</time>
        <extensions>
          <ns3:TrackPointExtension>
            <ns3:hr>150</ns3:hr>
            <ns3:cad>81</ns3:cad>
          </ns3:TrackPointExtension>
        </extensions>
      </trkpt>
      <trkpt lat="23.0482232384383678436279296875" lon="113.30128571949899196624755859375">
        <ele>5.400000095367431640625</ele>
        <time>2026-09-09T23:39:05.000Z</time>
        <extensions>
          <ns3:TrackPointExtension>
            <ns3:hr>150</ns3:hr>
            <ns3:cad>81</ns3:cad>
          </ns3:TrackPointExtension>
        </extensions>
      </trkpt>
      <trkpt lat="23.04820530116558074951171875" lon="113.30127918161451816558837890625">
        <ele>5.400000095367431640625</ele>
        <time>2026-09-09T23:39:06.000Z</time>
        <extensions>
          <ns3:TrackPointExtension>
            <ns3:hr>150</ns3:hr>
            <ns3:cad>81</ns3:cad>
          </ns3:TrackPointExtension>
        </extensions>
      </trkpt>
      <trkpt lat="23.04819012992084026336669921875" lon="113.301272056996822357177734375">
        <ele>5.400000095367431640625</ele>
        <time>2026-09-09T23:39:07.000Z</time>
        <extensions>
          <ns3:TrackPointExtension>
            <ns3:hr>150</ns3:hr>
            <ns3:cad>82</ns3:cad>
          </ns3:TrackPointExtension>
        </extensions>
      </trkpt>
      <trkpt lat="23.0481719411909580230712890625" lon="113.3012651838362216949462890625">
        <ele>5.400000095367431640625</ele>
        <time>2026-09-09T23:39:08.000Z</time>
        <extensions>
          <ns3:TrackPointExtension>
            <ns3:hr>150</ns3:hr>
            <ns3:cad>82</ns3:cad>
          </ns3:TrackPointExtension>
        </extensions>
      </trkpt>
      <trkpt lat="23.04815526120364665985107421875" lon="113.3012551255524158477783203125">
        <ele>5.400000095367431640625</ele>
        <time>2026-09-09T23:39:09.000Z</time>
        <extensions>
          <ns3:TrackPointExtension>
            <ns3:hr>149</ns3:hr>
            <ns3:cad>82</ns3:cad>
          </ns3:TrackPointExtension>
        </extensions>
      </trkpt>
      <trkpt lat="23.0481407605111598968505859375" lon="113.3012460730969905853271484375">
        <ele>5.400000095367431640625</ele>
        <time>2026-09-09T23:39:10.000Z</time>
        <extensions>
          <ns3:TrackPointExtension>
            <ns3:hr>150</ns3:hr>
            <ns3:cad>82</ns3:cad>
          </ns3:TrackPointExtension>
        </extensions>
      </trkpt>
      <trkpt lat="23.04812391288578510284423828125" lon="113.3012361824512481689453125">
        <ele>5.400000095367431640625</ele>
        <time>2026-09-09T23:39:11.000Z</time>
        <extensions>
          <ns3:TrackPointExtension>
            <ns3:hr>149</ns3:hr>
            <ns3:cad>82</ns3:cad>
          </ns3:TrackPointExtension>
        </extensions>
      </trkpt>
      <trkpt lat="23.0481062270700931549072265625" lon="113.30122855491936206817626953125">
        <ele>5.400000095367431640625</ele>
        <time>2026-09-09T23:39:12.000Z</time>
        <extensions>
          <ns3:TrackPointExtension>
            <ns3:hr>149</ns3:hr>
            <ns3:cad>82</ns3:cad>
          </ns3:TrackPointExtension>
        </extensions>
      </trkpt>
      <trkpt lat="23.04808887653052806854248046875" lon="113.3012309856712818145751953125">
        <ele>5.599999904632568359375</ele>
        <time>2026-09-09T23:39:13.000Z</time>
        <extensions>
          <ns3:TrackPointExtension>
            <ns3:hr>150</ns3:hr>
            <ns3:cad>82</ns3:cad>
          </ns3:TrackPointExtension>
        </extensions>
      </trkpt>
      <trkpt lat="23.048062808811664581298828125" lon="113.30123777501285076141357421875">
        <ele>5.599999904632568359375</ele>
        <time>2026-09-09T23:39:14.000Z</time>
        <extensions>
          <ns3:TrackPointExtension>
            <ns3:hr>149</ns3:hr>
            <ns3:cad>82</ns3:cad>
          </ns3:TrackPointExtension>
        </extensions>
      </trkpt>
      <trkpt lat="23.04803607054054737091064453125" lon="113.3012484200298786163330078125">
        <ele>5.599999904632568359375</ele>
        <time>2026-09-09T23:39:15.000Z</time>
        <extensions>
          <ns3:TrackPointExtension>
            <ns3:hr>149</ns3:hr>
            <ns3:cad>81</ns3:cad>
          </ns3:TrackPointExtension>
        </extensions>
      </trkpt>
      <trkpt lat="23.04800706915557384490966796875" lon="113.301259316504001617431640625">
        <ele>5.599999904632568359375</ele>
        <time>2026-09-09T23:39:16.000Z</time>
        <extensions>
          <ns3:TrackPointExtension>
            <ns3:hr>149</ns3:hr>
            <ns3:cad>81</ns3:cad>
          </ns3:TrackPointExtension>
        </extensions>
      </trkpt>
      <trkpt lat="23.04798401892185211181640625" lon="113.30126191489398479461669921875">
        <ele>5.599999904632568359375</ele>
        <time>2026-09-09T23:39:17.000Z</time>
        <extensions>
          <ns3:TrackPointExtension>
            <ns3:hr>149</ns3:hr>
            <ns3:cad>81</ns3:cad>
          </ns3:TrackPointExtension>
        </extensions>
      </trkpt>
      <trkpt lat="23.0479623936116695404052734375" lon="113.301272056996822357177734375">
        <ele>5.599999904632568359375</ele>
        <time>2026-09-09T23:39:18.000Z</time>
        <extensions>
          <ns3:TrackPointExtension>
            <ns3:hr>148</ns3:hr>
            <ns3:cad>82</ns3:cad>
          </ns3:TrackPointExtension>
        </extensions>
      </trkpt>
      <trkpt lat="23.04793397895991802215576171875" lon="113.3012806065380573272705078125">
        <ele>5.400000095367431640625</ele>
        <time>2026-09-09T23:39:19.000Z</time>
        <extensions>
          <ns3:TrackPointExtension>
            <ns3:hr>148</ns3:hr>
            <ns3:cad>82</ns3:cad>
          </ns3:TrackPointExtension>
        </extensions>
      </trkpt>
      <trkpt lat="23.04791436530649662017822265625" lon="113.3012856356799602508544921875">
        <ele>5.400000095367431640625</ele>
        <time>2026-09-09T23:39:20.000Z</time>
        <extensions>
          <ns3:TrackPointExtension>
            <ns3:hr>148</ns3:hr>
            <ns3:cad>82</ns3:cad>
          </ns3:TrackPointExtension>
        </extensions>
      </trkpt>
      <trkpt lat="23.047893159091472625732421875" lon="113.3012956939637660980224609375">
        <ele>5.400000095367431640625</ele>
        <time>2026-09-09T23:39:21.000Z</time>
        <extensions>
          <ns3:TrackPointExtension>
            <ns3:hr>148</ns3:hr>
            <ns3:cad>81</ns3:cad>
          </ns3:TrackPointExtension>
        </extensions>
      </trkpt>
      <trkpt lat="23.0478792451322078704833984375" lon="113.30130583606660366058349609375">
        <ele>5.400000095367431640625</ele>
        <time>2026-09-09T23:39:22.000Z</time>
        <extensions>
          <ns3:TrackPointExtension>
            <ns3:hr>148</ns3:hr>
            <ns3:cad>81</ns3:cad>
          </ns3:TrackPointExtension>
        </extensions>
      </trkpt>
      <trkpt lat="23.04788050241768360137939453125" lon="113.30131505616009235382080078125">
        <ele>5.599999904632568359375</ele>
        <time>2026-09-09T23:39:23.000Z</time>
        <extensions>
          <ns3:TrackPointExtension>
            <ns3:hr>147</ns3:hr>
            <ns3:cad>81</ns3:cad>
          </ns3:TrackPointExtension>
        </extensions>
      </trkpt>
      <trkpt lat="23.04787513799965381622314453125" lon="113.30132176168262958526611328125">
        <ele>5.599999904632568359375</ele>
        <time>2026-09-09T23:39:24.000Z</time>
        <extensions>
          <ns3:TrackPointExtension>
            <ns3:hr>147</ns3:hr>
            <ns3:cad>81</ns3:cad>
          </ns3:TrackPointExtension>
        </extensions>
      </trkpt>
      <trkpt lat="23.04786725901067256927490234375" lon="113.3013268746435642242431640625">
        <ele>5.599999904632568359375</ele>
        <time>2026-09-09T23:39:25.000Z</time>
        <extensions>
          <ns3:TrackPointExtension>
            <ns3:hr>147</ns3:hr>
            <ns3:cad>82</ns3:cad>
          </ns3:TrackPointExtension>
        </extensions>
      </trkpt>
      <trkpt lat="23.0478497408330440521240234375" lon="113.3013406209647655487060546875">
        <ele>5.80000019073486328125</ele>
        <time>2026-09-09T23:39:26.000Z</time>
        <extensions>
          <ns3:TrackPointExtension>
            <ns3:hr>147</ns3:hr>
            <ns3:cad>82</ns3:cad>
          </ns3:TrackPointExtension>
        </extensions>
      </trkpt>
      <trkpt lat="23.04783557541668415069580078125" lon="113.30134271644055843353271484375">
        <ele>5.599999904632568359375</ele>
        <time>2026-09-09T23:39:27.000Z</time>
        <extensions>
          <ns3:TrackPointExtension>
            <ns3:hr>148</ns3:hr>
            <ns3:cad>82</ns3:cad>
          </ns3:TrackPointExtension>
        </extensions>
      </trkpt>
      <trkpt lat="23.04783071391284465789794921875" lon="113.3013568818569183349609375">
        <ele>5.599999904632568359375</ele>
        <time>2026-09-09T23:39:28.000Z</time>
        <extensions>
          <ns3:TrackPointExtension>
            <ns3:hr>147</ns3:hr>
            <ns3:cad>82</ns3:cad>
          </ns3:TrackPointExtension>
        </extensions>
      </trkpt>
      <trkpt lat="23.04781797342002391815185546875" lon="113.30137507058680057525634765625">
        <ele>5.80000019073486328125</ele>
        <time>2026-09-09T23:39:29.000Z</time>
        <extensions>
          <ns3:TrackPointExtension>
            <ns3:hr>146</ns3:hr>
            <ns3:cad>79</ns3:cad>
          </ns3:TrackPointExtension>
        </extensions>
      </trkpt>
      <trkpt lat="23.04780959151685237884521484375" lon="113.3013885654509067535400390625">
        <ele>5.80000019073486328125</ele>
        <time>2026-09-09T23:39:30.000Z</time>
        <extensions>
          <ns3:TrackPointExtension>
            <ns3:hr>146</ns3:hr>
            <ns3:cad>0</ns3:cad>
          </ns3:TrackPointExtension>
        </extensions>
      </trkpt>
      <trkpt lat="23.04780355654656887054443359375" lon="113.30140004865825176239013671875">
        <ele>5.80000019073486328125</ele>
        <time>2026-09-09T23:39:31.000Z</time>
        <extensions>
          <ns3:TrackPointExtension>
            <ns3:hr>146</ns3:hr>
            <ns3:cad>0</ns3:cad>
          </ns3:TrackPointExtension>
        </extensions>
      </trkpt>
      <trkpt lat="23.0477981083095073699951171875" lon="113.3014247752726078033447265625">
        <ele>5.80000019073486328125</ele>
        <time>2026-09-09T23:39:32.000Z</time>
        <extensions>
          <ns3:TrackPointExtension>
            <ns3:hr>145</ns3:hr>
            <ns3:cad>80</ns3:cad>
          </ns3:TrackPointExtension>
        </extensions>
      </trkpt>
      <trkpt lat="23.04778696037828922271728515625" lon="113.301451094448566436767578125">
        <ele>5.80000019073486328125</ele>
        <time>2026-09-09T23:39:33.000Z</time>
        <extensions>
          <ns3:TrackPointExtension>
            <ns3:hr>145</ns3:hr>
            <ns3:cad>82</ns3:cad>
          </ns3:TrackPointExtension>
        </extensions>
      </trkpt>
      <trkpt lat="23.047777824103832244873046875" lon="113.3014824427664279937744140625">
        <ele>5.80000019073486328125</ele>
        <time>2026-09-09T23:39:34.000Z</time>
        <extensions>
          <ns3:TrackPointExtension>
            <ns3:hr>145</ns3:hr>
            <ns3:cad>82</ns3:cad>
          </ns3:TrackPointExtension>
        </extensions>
      </trkpt>
      <trkpt lat="23.0477773211896419525146484375" lon="113.3014998771250247955322265625">
        <ele>5.80000019073486328125</ele>
        <time>2026-09-09T23:39:35.000Z</time>
        <extensions>
          <ns3:TrackPointExtension>
            <ns3:hr>145</ns3:hr>
            <ns3:cad>82</ns3:cad>
          </ns3:TrackPointExtension>
        </extensions>
      </trkpt>
      <trkpt lat="23.04777539335191249847412109375" lon="113.3015240170061588287353515625">
        <ele>5.80000019073486328125</ele>
        <time>2026-09-09T23:39:36.000Z</time>
        <extensions>
          <ns3:TrackPointExtension>
            <ns3:hr>145</ns3:hr>
            <ns3:cad>82</ns3:cad>
          </ns3:TrackPointExtension>
        </extensions>
      </trkpt>
      <trkpt lat="23.04776751436293125152587890625" lon="113.301551006734371185302734375">
        <ele>5.80000019073486328125</ele>
        <time>2026-09-09T23:39:37.000Z</time>
        <extensions>
          <ns3:TrackPointExtension>
            <ns3:hr>144</ns3:hr>
            <ns3:cad>82</ns3:cad>
          </ns3:TrackPointExtension>
        </extensions>
      </trkpt>
      <trkpt lat="23.0477679334580898284912109375" lon="113.30157254822552204132080078125">
        <ele>5.80000019073486328125</ele>
        <time>2026-09-09T23:39:38.000Z</time>
        <extensions>
          <ns3:TrackPointExtension>
            <ns3:hr>144</ns3:hr>
            <ns3:cad>82</ns3:cad>
          </ns3:TrackPointExtension>
        </extensions>
      </trkpt>
      <trkpt lat="23.0477682687342166900634765625" lon="113.30159551464021205902099609375">
        <ele>5.80000019073486328125</ele>
        <time>2026-09-09T23:39:39.000Z</time>
        <extensions>
          <ns3:TrackPointExtension>
            <ns3:hr>144</ns3:hr>
            <ns3:cad>82</ns3:cad>
          </ns3:TrackPointExtension>
        </extensions>
      </trkpt>
      <trkpt lat="23.04776432923972606658935546875" lon="113.3016178943216800689697265625">
        <ele>5.80000019073486328125</ele>
        <time>2026-09-09T23:39:40.000Z</time>
        <extensions>
          <ns3:TrackPointExtension>
            <ns3:hr>143</ns3:hr>
            <ns3:cad>82</ns3:cad>
          </ns3:TrackPointExtension>
        </extensions>
      </trkpt>
      <trkpt lat="23.04776349104940891265869140625" lon="113.30163608305156230926513671875">
        <ele>5.80000019073486328125</ele>
        <time>2026-09-09T23:39:41.000Z</time>
        <extensions>
          <ns3:TrackPointExtension>
            <ns3:hr>143</ns3:hr>
            <ns3:cad>81</ns3:cad>
          </ns3:TrackPointExtension>
        </extensions>
      </trkpt>
      <trkpt lat="23.0477615632116794586181640625" lon="113.30166491679847240447998046875">
        <ele>5.80000019073486328125</ele>
        <time>2026-09-09T23:39:42.000Z</time>
        <extensions>
          <ns3:TrackPointExtension>
            <ns3:hr>143</ns3:hr>
            <ns3:cad>81</ns3:cad>
          </ns3:TrackPointExtension>
        </extensions>
      </trkpt>
      <trkpt lat="23.047749996185302734375" lon="113.30168469808995723724365234375">
        <ele>5.80000019073486328125</ele>
        <time>2026-09-09T23:39:43.000Z</time>
        <extensions>
          <ns3:TrackPointExtension>
            <ns3:hr>143</ns3:hr>
            <ns3:cad>81</ns3:cad>
          </ns3:TrackPointExtension>
        </extensions>
      </trkpt>
      <trkpt lat="23.047741949558258056640625" lon="113.30170347355306148529052734375">
        <ele>5.80000019073486328125</ele>
        <time>2026-09-09T23:39:44.000Z</time>
        <extensions>
          <ns3:TrackPointExtension>
            <ns3:hr>143</ns3:hr>
            <ns3:cad>81</ns3:cad>
          </ns3:TrackPointExtension>
        </extensions>
      </trkpt>
      <trkpt lat="23.04772074334323406219482421875" lon="113.30172769725322723388671875">
        <ele>5.80000019073486328125</ele>
        <time>2026-09-09T23:39:45.000Z</time>
        <extensions>
          <ns3:TrackPointExtension>
            <ns3:hr>143</ns3:hr>
            <ns3:cad>81</ns3:cad>
          </ns3:TrackPointExtension>
        </extensions>
      </trkpt>
      <trkpt lat="23.0477065779268741607666015625" lon="113.301738761365413665771484375">
        <ele>5.80000019073486328125</ele>
        <time>2026-09-09T23:39:46.000Z</time>
        <extensions>
          <ns3:TrackPointExtension>
            <ns3:hr>142</ns3:hr>
            <ns3:cad>81</ns3:cad>
          </ns3:TrackPointExtension>
        </extensions>
      </trkpt>
      <trkpt lat="23.047690652310848236083984375" lon="113.30175208859145641326904296875">
        <ele>5.80000019073486328125</ele>
        <time>2026-09-09T23:39:47.000Z</time>
        <extensions>
          <ns3:TrackPointExtension>
            <ns3:hr>143</ns3:hr>
            <ns3:cad>81</ns3:cad>
          </ns3:TrackPointExtension>
        </extensions>
      </trkpt>
      <trkpt lat="23.04767028428614139556884765625" lon="113.30176013521850109100341796875">
        <ele>5.80000019073486328125</ele>
        <time>2026-09-09T23:39:48.000Z</time>
        <extensions>
          <ns3:TrackPointExtension>
            <ns3:hr>142</ns3:hr>
            <ns3:cad>81</ns3:cad>
          </ns3:TrackPointExtension>
        </extensions>
      </trkpt>
      <trkpt lat="23.0476539395749568939208984375" lon="113.301766254007816314697265625">
        <ele>5.80000019073486328125</ele>
        <time>2026-09-09T23:39:49.000Z</time>
        <extensions>
          <ns3:TrackPointExtension>
            <ns3:hr>142</ns3:hr>
            <ns3:cad>81</ns3:cad>
          </ns3:TrackPointExtension>
        </extensions>
      </trkpt>
      <trkpt lat="23.0476360023021697998046875" lon="113.30177195370197296142578125">
        <ele>6</ele>
        <time>2026-09-09T23:39:50.000Z</time>
        <extensions>
          <ns3:TrackPointExtension>
            <ns3:hr>142</ns3:hr>
            <ns3:cad>82</ns3:cad>
          </ns3:TrackPointExtension>
        </extensions>
      </trkpt>
      <trkpt lat="23.04762166924774646759033203125" lon="113.30177857540547847747802734375">
        <ele>6</ele>
        <time>2026-09-09T23:39:51.000Z</time>
        <extensions>
          <ns3:TrackPointExtension>
            <ns3:hr>143</ns3:hr>
            <ns3:cad>82</ns3:cad>
          </ns3:TrackPointExtension>
        </extensions>
      </trkpt>
      <trkpt lat="23.04760339669883251190185546875" lon="113.3017831854522228240966796875">
        <ele>6</ele>
        <time>2026-09-09T23:39:52.000Z</time>
        <extensions>
          <ns3:TrackPointExtension>
            <ns3:hr>142</ns3:hr>
            <ns3:cad>82</ns3:cad>
          </ns3:TrackPointExtension>
        </extensions>
      </trkpt>
      <trkpt lat="23.0475902371108531951904296875" lon="113.30178804695606231689453125">
        <ele>6</ele>
        <time>2026-09-09T23:39:53.000Z</time>
        <extensions>
          <ns3:TrackPointExtension>
            <ns3:hr>143</ns3:hr>
            <ns3:cad>82</ns3:cad>
          </ns3:TrackPointExtension>
        </extensions>
      </trkpt>
      <trkpt lat="23.047563917934894561767578125" lon="113.30178829841315746307373046875">
        <ele>6</ele>
        <time>2026-09-09T23:39:54.000Z</time>
        <extensions>
          <ns3:TrackPointExtension>
            <ns3:hr>143</ns3:hr>
            <ns3:cad>82</ns3:cad>
          </ns3:TrackPointExtension>
        </extensions>
      </trkpt>
      <trkpt lat="23.04754740558564662933349609375" lon="113.30179248936474323272705078125">
        <ele>6</ele>
        <time>2026-09-09T23:39:55.000Z</time>
        <extensions>
          <ns3:TrackPointExtension>
            <ns3:hr>143</ns3:hr>
            <ns3:cad>82</ns3:cad>
          </ns3:TrackPointExtension>
        </extensions>
      </trkpt>
      <trkpt lat="23.04752829484641551971435546875" lon="113.301795087754726409912109375">
        <ele>6</ele>
        <time>2026-09-09T23:39:56.000Z</time>
        <extensions>
          <ns3:TrackPointExtension>
            <ns3:hr>143</ns3:hr>
            <ns3:cad>82</ns3:cad>
          </ns3:TrackPointExtension>
        </extensions>
      </trkpt>
      <trkpt lat="23.0475158058106899261474609375" lon="113.301795758306980133056640625">
        <ele>6</ele>
        <time>2026-09-09T23:39:57.000Z</time>
        <extensions>
          <ns3:TrackPointExtension>
            <ns3:hr>143</ns3:hr>
            <ns3:cad>81</ns3:cad>
          </ns3:TrackPointExtension>
        </extensions>
      </trkpt>
      <trkpt lat="23.0475064180791378021240234375" lon="113.30180279910564422607421875">
        <ele>6</ele>
        <time>2026-09-09T23:39:58.000Z</time>
        <extensions>
          <ns3:TrackPointExtension>
            <ns3:hr>143</ns3:hr>
            <ns3:cad>81</ns3:cad>
          </ns3:TrackPointExtension>
        </extensions>
      </trkpt>
      <trkpt lat="23.04748889990150928497314453125" lon="113.3018048107624053955078125">
        <ele>6</ele>
        <time>2026-09-09T23:39:59.000Z</time>
        <extensions>
          <ns3:TrackPointExtension>
            <ns3:hr>142</ns3:hr>
            <ns3:cad>80</ns3:cad>
          </ns3:TrackPointExtension>
        </extensions>
      </trkpt>
      <trkpt lat="23.04747012443840503692626953125" lon="113.30181126482784748077392578125">
        <ele>6</ele>
        <time>2026-09-09T23:40:00.000Z</time>
        <extensions>
          <ns3:TrackPointExtension>
            <ns3:hr>143</ns3:hr>
            <ns3:cad>80</ns3:cad>
          </ns3:TrackPointExtension>
        </extensions>
      </trkpt>
      <trkpt lat="23.04745051078498363494873046875" lon="113.3018155395984649658203125">
        <ele>6</ele>
        <time>2026-09-09T23:40:01.000Z</time>
        <extensions>
          <ns3:TrackPointExtension>
            <ns3:hr>143</ns3:hr>
            <ns3:cad>81</ns3:cad>
          </ns3:TrackPointExtension>
        </extensions>
      </trkpt>
      <trkpt lat="23.04743039421737194061279296875" lon="113.301822580397129058837890625">
        <ele>6.19999980926513671875</ele>
        <time>2026-09-09T23:40:02.000Z</time>
        <extensions>
          <ns3:TrackPointExtension>
            <ns3:hr>144</ns3:hr>
            <ns3:cad>81</ns3:cad>
          </ns3:TrackPointExtension>
        </extensions>
      </trkpt>
      <trkpt lat="23.04741312749683856964111328125" lon="113.30183221958577632904052734375">
        <ele>6.19999980926513671875</ele>
        <time>2026-09-09T23:40:03.000Z</time>
        <extensions>
          <ns3:TrackPointExtension>
            <ns3:hr>144</ns3:hr>
            <ns3:cad>81</ns3:cad>
          </ns3:TrackPointExtension>
        </extensions>
      </trkpt>
      <trkpt lat="23.04738462902605533599853515625" lon="113.30183900892734527587890625">
        <ele>6.19999980926513671875</ele>
        <time>2026-09-09T23:40:04.000Z</time>
        <extensions>
          <ns3:TrackPointExtension>
            <ns3:hr>144</ns3:hr>
            <ns3:cad>81</ns3:cad>
          </ns3:TrackPointExtension>
        </extensions>
      </trkpt>
      <trkpt lat="23.0473615787923336029052734375" lon="113.30184864811599254608154296875">
        <ele>6.19999980926513671875</ele>
        <time>2026-09-09T23:40:05.000Z</time>
        <extensions>
          <ns3:TrackPointExtension>
            <ns3:hr>145</ns3:hr>
            <ns3:cad>82</ns3:cad>
          </ns3:TrackPointExtension>
        </extensions>
      </trkpt>
      <trkpt lat="23.04734489880502223968505859375" lon="113.30185568891465663909912109375">
        <ele>6</ele>
        <time>2026-09-09T23:40:06.000Z</time>
        <extensions>
          <ns3:TrackPointExtension>
            <ns3:hr>145</ns3:hr>
            <ns3:cad>81</ns3:cad>
          </ns3:TrackPointExtension>
        </extensions>
      </trkpt>
      <trkpt lat="23.04732629097998142242431640625" lon="113.30186205916106700897216796875">
        <ele>6</ele>
        <time>2026-09-09T23:40:07.000Z</time>
        <extensions>
          <ns3:TrackPointExtension>
            <ns3:hr>145</ns3:hr>
            <ns3:cad>82</ns3:cad>
          </ns3:TrackPointExtension>
        </extensions>
      </trkpt>
      <trkpt lat="23.04730332456529140472412109375" lon="113.301868177950382232666015625">
        <ele>6</ele>
        <time>2026-09-09T23:40:08.000Z</time>
        <extensions>
          <ns3:TrackPointExtension>
            <ns3:hr>145</ns3:hr>
            <ns3:cad>82</ns3:cad>
          </ns3:TrackPointExtension>
        </extensions>
      </trkpt>
      <trkpt lat="23.04729066789150238037109375" lon="113.30187379382550716400146484375">
        <ele>6</ele>
        <time>2026-09-09T23:40:09.000Z</time>
        <extensions>
          <ns3:TrackPointExtension>
            <ns3:hr>144</ns3:hr>
            <ns3:cad>81</ns3:cad>
          </ns3:TrackPointExtension>
        </extensions>
      </trkpt>
      <trkpt lat="23.04727918468415737152099609375" lon="113.30187899060547351837158203125">
        <ele>6</ele>
        <time>2026-09-09T23:40:10.000Z</time>
        <extensions>
          <ns3:TrackPointExtension>
            <ns3:hr>144</ns3:hr>
            <ns3:cad>81</ns3:cad>
          </ns3:TrackPointExtension>
        </extensions>
      </trkpt>
      <trkpt lat="23.04726384580135345458984375" lon="113.30188636668026447296142578125">
        <ele>6</ele>
        <time>2026-09-09T23:40:11.000Z</time>
        <extensions>
          <ns3:TrackPointExtension>
            <ns3:hr>144</ns3:hr>
            <ns3:cad>81</ns3:cad>
          </ns3:TrackPointExtension>
        </extensions>
      </trkpt>
      <trkpt lat="23.047254793345928192138671875" lon="113.3018985204398632049560546875">
        <ele>6</ele>
        <time>2026-09-09T23:40:12.000Z</time>
        <extensions>
          <ns3:TrackPointExtension>
            <ns3:hr>144</ns3:hr>
            <ns3:cad>81</ns3:cad>
          </ns3:TrackPointExtension>
        </extensions>
      </trkpt>
      <trkpt lat="23.0472371913492679595947265625" lon="113.30190916545689105987548828125">
        <ele>6</ele>
        <time>2026-09-09T23:40:13.000Z</time>
        <extensions>
          <ns3:TrackPointExtension>
            <ns3:hr>144</ns3:hr>
            <ns3:cad>81</ns3:cad>
          </ns3:TrackPointExtension>
        </extensions>
      </trkpt>
      <trkpt lat="23.047226965427398681640625" lon="113.30191587097942829132080078125">
        <ele>6</ele>
        <time>2026-09-09T23:40:14.000Z</time>
        <extensions>
          <ns3:TrackPointExtension>
            <ns3:hr>144</ns3:hr>
            <ns3:cad>82</ns3:cad>
          </ns3:TrackPointExtension>
        </extensions>
      </trkpt>
      <trkpt lat="23.04721162654459476470947265625" lon="113.3019297011196613311767578125">
        <ele>6</ele>
        <time>2026-09-09T23:40:15.000Z</time>
        <extensions>
          <ns3:TrackPointExtension>
            <ns3:hr>144</ns3:hr>
            <ns3:cad>82</ns3:cad>
          </ns3:TrackPointExtension>
        </extensions>
      </trkpt>
      <trkpt lat="23.04719486273825168609619140625" lon="113.3019404299557209014892578125">
        <ele>6.19999980926513671875</ele>
        <time>2026-09-09T23:40:16.000Z</time>
        <extensions>
          <ns3:TrackPointExtension>
            <ns3:hr>144</ns3:hr>
            <ns3:cad>82</ns3:cad>
          </ns3:TrackPointExtension>
        </extensions>
      </trkpt>
      <trkpt lat="23.04717960767447948455810546875" lon="113.30195191316306591033935546875">
        <ele>6.19999980926513671875</ele>
        <time>2026-09-09T23:40:17.000Z</time>
        <extensions>
          <ns3:TrackPointExtension>
            <ns3:hr>144</ns3:hr>
            <ns3:cad>82</ns3:cad>
          </ns3:TrackPointExtension>
        </extensions>
      </trkpt>
      <trkpt lat="23.04715915583074092864990234375" lon="113.3019652403891086578369140625">
        <ele>6.19999980926513671875</ele>
        <time>2026-09-09T23:40:18.000Z</time>
        <extensions>
          <ns3:TrackPointExtension>
            <ns3:hr>144</ns3:hr>
            <ns3:cad>81</ns3:cad>
          </ns3:TrackPointExtension>
        </extensions>
      </trkpt>
      <trkpt lat="23.0471449904143810272216796875" lon="113.30197580158710479736328125">
        <ele>6.19999980926513671875</ele>
        <time>2026-09-09T23:40:19.000Z</time>
        <extensions>
          <ns3:TrackPointExtension>
            <ns3:hr>144</ns3:hr>
            <ns3:cad>80</ns3:cad>
          </ns3:TrackPointExtension>
        </extensions>
      </trkpt>
      <trkpt lat="23.0471325851976871490478515625" lon="113.30198242329061031341552734375">
        <ele>6.19999980926513671875</ele>
        <time>2026-09-09T23:40:20.000Z</time>
        <extensions>
          <ns3:TrackPointExtension>
            <ns3:hr>144</ns3:hr>
            <ns3:cad>80</ns3:cad>
          </ns3:TrackPointExtension>
        </extensions>
      </trkpt>
      <trkpt lat="23.04711422882974147796630859375" lon="113.30199348740279674530029296875">
        <ele>6</ele>
        <time>2026-09-09T23:40:21.000Z</time>
        <extensions>
          <ns3:TrackPointExtension>
            <ns3:hr>144</ns3:hr>
            <ns3:cad>80</ns3:cad>
          </ns3:TrackPointExtension>
        </extensions>
      </trkpt>
      <trkpt lat="23.0470946989953517913818359375" lon="113.3020059764385223388671875">
        <ele>6</ele>
        <time>2026-09-09T23:40:22.000Z</time>
        <extensions>
          <ns3:TrackPointExtension>
            <ns3:hr>144</ns3:hr>
            <ns3:cad>81</ns3:cad>
          </ns3:TrackPointExtension>
        </extensions>
      </trkpt>
      <trkpt lat="23.04708774201571941375732421875" lon="113.30201729200780391693115234375">
        <ele>6.19999980926513671875</ele>
        <time>2026-09-09T23:40:23.000Z</time>
        <extensions>
          <ns3:TrackPointExtension>
            <ns3:hr>144</ns3:hr>
            <ns3:cad>81</ns3:cad>
          </ns3:TrackPointExtension>
        </extensions>
      </trkpt>
      <trkpt lat="23.047073073685169219970703125" lon="113.30202835611999034881591796875">
        <ele>6.19999980926513671875</ele>
        <time>2026-09-09T23:40:24.000Z</time>
        <extensions>
          <ns3:TrackPointExtension>
            <ns3:hr>144</ns3:hr>
            <ns3:cad>81</ns3:cad>
          </ns3:TrackPointExtension>
        </extensions>
      </trkpt>
      <trkpt lat="23.04705907590687274932861328125" lon="113.30203925259411334991455078125">
        <ele>6.400000095367431640625</ele>
        <time>2026-09-09T23:40:25.000Z</time>
        <extensions>
          <ns3:TrackPointExtension>
            <ns3:hr>144</ns3:hr>
            <ns3:cad>81</ns3:cad>
          </ns3:TrackPointExtension>
        </extensions>
      </trkpt>
      <trkpt lat="23.04705035872757434844970703125" lon="113.3020544238388538360595703125">
        <ele>6.400000095367431640625</ele>
        <time>2026-09-09T23:40:26.000Z</time>
        <extensions>
          <ns3:TrackPointExtension>
            <ns3:hr>144</ns3:hr>
            <ns3:cad>81</ns3:cad>
          </ns3:TrackPointExtension>
        </extensions>
      </trkpt>
      <trkpt lat="23.04703745059669017791748046875" lon="113.30206624232232570648193359375">
        <ele>6.400000095367431640625</ele>
        <time>2026-09-09T23:40:27.000Z</time>
        <extensions>
          <ns3:TrackPointExtension>
            <ns3:hr>144</ns3:hr>
            <ns3:cad>81</ns3:cad>
          </ns3:TrackPointExtension>
        </extensions>
      </trkpt>
      <trkpt lat="23.04703426547348499298095703125" lon="113.3020805753767490386962890625">
        <ele>6.400000095367431640625</ele>
        <time>2026-09-09T23:40:28.000Z</time>
        <extensions>
          <ns3:TrackPointExtension>
            <ns3:hr>144</ns3:hr>
            <ns3:cad>81</ns3:cad>
          </ns3:TrackPointExtension>
        </extensions>
      </trkpt>
      <trkpt lat="23.0470202676951885223388671875" lon="113.3020918071269989013671875">
        <ele>6.19999980926513671875</ele>
        <time>2026-09-09T23:40:29.000Z</time>
        <extensions>
          <ns3:TrackPointExtension>
            <ns3:hr>144</ns3:hr>
            <ns3:cad>81</ns3:cad>
          </ns3:TrackPointExtension>
        </extensions>
      </trkpt>
      <trkpt lat="23.04700979031622409820556640625" lon="113.3021023683249950408935546875">
        <ele>6.19999980926513671875</ele>
        <time>2026-09-09T23:40:30.000Z</time>
        <extensions>
          <ns3:TrackPointExtension>
            <ns3:hr>144</ns3:hr>
            <ns3:cad>81</ns3:cad>
          </ns3:TrackPointExtension>
        </extensions>
      </trkpt>
      <trkpt lat="23.04699989967048168182373046875" lon="113.3021107502281665802001953125">
        <ele>6.19999980926513671875</ele>
        <time>2026-09-09T23:40:31.000Z</time>
        <extensions>
          <ns3:TrackPointExtension>
            <ns3:hr>144</ns3:hr>
            <ns3:cad>81</ns3:cad>
          </ns3:TrackPointExtension>
        </extensions>
      </trkpt>
      <trkpt lat="23.04698866792023181915283203125" lon="113.30212558619678020477294921875">
        <ele>6.19999980926513671875</ele>
        <time>2026-09-09T23:40:32.000Z</time>
        <extensions>
          <ns3:TrackPointExtension>
            <ns3:hr>144</ns3:hr>
            <ns3:cad>81</ns3:cad>
          </ns3:TrackPointExtension>
        </extensions>
      </trkpt>
      <trkpt lat="23.0469746701419353485107421875" lon="113.3021369017660617828369140625">
        <ele>6.19999980926513671875</ele>
        <time>2026-09-09T23:40:33.000Z</time>
        <extensions>
          <ns3:TrackPointExtension>
            <ns3:hr>144</ns3:hr>
            <ns3:cad>81</ns3:cad>
          </ns3:TrackPointExtension>
        </extensions>
      </trkpt>
      <trkpt lat="23.046957738697528839111328125" lon="113.30215441994369029998779296875">
        <ele>6.19999980926513671875</ele>
        <time>2026-09-09T23:40:34.000Z</time>
        <extensions>
          <ns3:TrackPointExtension>
            <ns3:hr>144</ns3:hr>
            <ns3:cad>81</ns3:cad>
          </ns3:TrackPointExtension>
        </extensions>
      </trkpt>
      <trkpt lat="23.04693267680704593658447265625" lon="113.30217436887323856353759765625">
        <ele>6.19999980926513671875</ele>
        <time>2026-09-09T23:40:35.000Z</time>
        <extensions>
          <ns3:TrackPointExtension>
            <ns3:hr>144</ns3:hr>
            <ns3:cad>81</ns3:cad>
          </ns3:TrackPointExtension>
        </extensions>
      </trkpt>
      <trkpt lat="23.04690954275429248809814453125" lon="113.3021868579089641571044921875">
        <ele>6.19999980926513671875</ele>
        <time>2026-09-09T23:40:36.000Z</time>
        <extensions>
          <ns3:TrackPointExtension>
            <ns3:hr>144</ns3:hr>
            <ns3:cad>81</ns3:cad>
          </ns3:TrackPointExtension>
        </extensions>
      </trkpt>
      <trkpt lat="23.04688808508217334747314453125" lon="113.3021995984017848968505859375">
        <ele>6.19999980926513671875</ele>
        <time>2026-09-09T23:40:37.000Z</time>
        <extensions>
          <ns3:TrackPointExtension>
            <ns3:hr>143</ns3:hr>
            <ns3:cad>81</ns3:cad>
          </ns3:TrackPointExtension>
        </extensions>
      </trkpt>
      <trkpt lat="23.04686796851456165313720703125" lon="113.302211500704288482666015625">
        <ele>6.19999980926513671875</ele>
        <time>2026-09-09T23:40:38.000Z</time>
        <extensions>
          <ns3:TrackPointExtension>
            <ns3:hr>143</ns3:hr>
            <ns3:cad>81</ns3:cad>
          </ns3:TrackPointExtension>
        </extensions>
      </trkpt>
      <trkpt lat="23.0468506179749965667724609375" lon="113.302218206226825714111328125">
        <ele>6.19999980926513671875</ele>
        <time>2026-09-09T23:40:39.000Z</time>
        <extensions>
          <ns3:TrackPointExtension>
            <ns3:hr>143</ns3:hr>
            <ns3:cad>81</ns3:cad>
          </ns3:TrackPointExtension>
        </extensions>
      </trkpt>
      <trkpt lat="23.0468298308551311492919921875" lon="113.30222717486321926116943359375">
        <ele>6.19999980926513671875</ele>
        <time>2026-09-09T23:40:40.000Z</time>
        <extensions>
          <ns3:TrackPointExtension>
            <ns3:hr>142</ns3:hr>
            <ns3:cad>81</ns3:cad>
          </ns3:TrackPointExtension>
        </extensions>
      </trkpt>
      <trkpt lat="23.0468125641345977783203125" lon="113.3022381551563739776611328125">
        <ele>6</ele>
        <time>2026-09-09T23:40:41.000Z</time>
        <extensions>
          <ns3:TrackPointExtension>
            <ns3:hr>141</ns3:hr>
            <ns3:cad>81</ns3:cad>
          </ns3:TrackPointExtension>
        </extensions>
      </trkpt>
      <trkpt lat="23.04679102264344692230224609375" lon="113.3022502250969409942626953125">
        <ele>6</ele>
        <time>2026-09-09T23:40:42.000Z</time>
        <extensions>
          <ns3:TrackPointExtension>
            <ns3:hr>141</ns3:hr>
            <ns3:cad>82</ns3:cad>
          </ns3:TrackPointExtension>
        </extensions>
      </trkpt>
      <trkpt lat="23.04677157662808895111083984375" lon="113.30225936137139797210693359375">
        <ele>6</ele>
        <time>2026-09-09T23:40:43.000Z</time>
        <extensions>
          <ns3:TrackPointExtension>
            <ns3:hr>140</ns3:hr>
            <ns3:cad>81</ns3:cad>
          </ns3:TrackPointExtension>
        </extensions>
      </trkpt>
      <trkpt lat="23.0467543937265872955322265625" lon="113.30226422287523746490478515625">
        <ele>6</ele>
        <time>2026-09-09T23:40:44.000Z</time>
        <extensions>
          <ns3:TrackPointExtension>
            <ns3:hr>140</ns3:hr>
            <ns3:cad>81</ns3:cad>
          </ns3:TrackPointExtension>
        </extensions>
      </trkpt>
      <trkpt lat="23.0467320978641510009765625" lon="113.302276544272899627685546875">
        <ele>6</ele>
        <time>2026-09-09T23:40:45.000Z</time>
        <extensions>
          <ns3:TrackPointExtension>
            <ns3:hr>140</ns3:hr>
            <ns3:cad>81</ns3:cad>
          </ns3:TrackPointExtension>
        </extensions>
      </trkpt>
      <trkpt lat="23.046717010438442230224609375" lon="113.30228299833834171295166015625">
        <ele>6</ele>
        <time>2026-09-09T23:40:46.000Z</time>
        <extensions>
          <ns3:TrackPointExtension>
            <ns3:hr>140</ns3:hr>
            <ns3:cad>81</ns3:cad>
          </ns3:TrackPointExtension>
        </extensions>
      </trkpt>
      <trkpt lat="23.04669965989887714385986328125" lon="113.3022901229560375213623046875">
        <ele>6</ele>
        <time>2026-09-09T23:40:47.000Z</time>
        <extensions>
          <ns3:TrackPointExtension>
            <ns3:hr>139</ns3:hr>
            <ns3:cad>81</ns3:cad>
          </ns3:TrackPointExtension>
        </extensions>
      </trkpt>
      <trkpt lat="23.04668247699737548828125" lon="113.302298672497272491455078125">
        <ele>6</ele>
        <time>2026-09-09T23:40:48.000Z</time>
        <extensions>
          <ns3:TrackPointExtension>
            <ns3:hr>139</ns3:hr>
            <ns3:cad>81</ns3:cad>
          </ns3:TrackPointExtension>
        </extensions>
      </trkpt>
      <trkpt lat="23.04666303098201751708984375" lon="113.3022985048592090606689453125">
        <ele>6</ele>
        <time>2026-09-09T23:40:49.000Z</time>
        <extensions>
          <ns3:TrackPointExtension>
            <ns3:hr>139</ns3:hr>
            <ns3:cad>82</ns3:cad>
          </ns3:TrackPointExtension>
        </extensions>
      </trkpt>
      <trkpt lat="23.04664718918502330780029296875" lon="113.30230445601046085357666015625">
        <ele>6</ele>
        <time>2026-09-09T23:40:50.000Z</time>
        <extensions>
          <ns3:TrackPointExtension>
            <ns3:hr>138</ns3:hr>
            <ns3:cad>82</ns3:cad>
          </ns3:TrackPointExtension>
        </extensions>
      </trkpt>
      <trkpt lat="23.0466303415596485137939453125" lon="113.3023152686655521392822265625">
        <ele>6</ele>
        <time>2026-09-09T23:40:51.000Z</time>
        <extensions>
          <ns3:TrackPointExtension>
            <ns3:hr>138</ns3:hr>
            <ns3:cad>80</ns3:cad>
          </ns3:TrackPointExtension>
        </extensions>
      </trkpt>
      <trkpt lat="23.04661366157233715057373046875" lon="113.30232448875904083251953125">
        <ele>6</ele>
        <time>2026-09-09T23:40:52.000Z</time>
        <extensions>
          <ns3:TrackPointExtension>
            <ns3:hr>138</ns3:hr>
            <ns3:cad>80</ns3:cad>
          </ns3:TrackPointExtension>
        </extensions>
      </trkpt>
      <trkpt lat="23.04659673012793064117431640625" lon="113.30232976935803890228271484375">
        <ele>6</ele>
        <time>2026-09-09T23:40:53.000Z</time>
        <extensions>
          <ns3:TrackPointExtension>
            <ns3:hr>138</ns3:hr>
            <ns3:cad>81</ns3:cad>
          </ns3:TrackPointExtension>
        </extensions>
      </trkpt>
      <trkpt lat="23.04657745175063610076904296875" lon="113.30233789980411529541015625">
        <ele>6</ele>
        <time>2026-09-09T23:40:54.000Z</time>
        <extensions>
          <ns3:TrackPointExtension>
            <ns3:hr>138</ns3:hr>
            <ns3:cad>81</ns3:cad>
          </ns3:TrackPointExtension>
        </extensions>
      </trkpt>
      <trkpt lat="23.0465585924685001373291015625" lon="113.302343599498271942138671875">
        <ele>6</ele>
        <time>2026-09-09T23:40:55.000Z</time>
        <extensions>
          <ns3:TrackPointExtension>
            <ns3:hr>138</ns3:hr>
            <ns3:cad>81</ns3:cad>
          </ns3:TrackPointExtension>
        </extensions>
      </trkpt>
      <trkpt lat="23.046539314091205596923828125" lon="113.30235005356371402740478515625">
        <ele>6</ele>
        <time>2026-09-09T23:40:56.000Z</time>
        <extensions>
          <ns3:TrackPointExtension>
            <ns3:hr>139</ns3:hr>
            <ns3:cad>80</ns3:cad>
          </ns3:TrackPointExtension>
        </extensions>
      </trkpt>
      <trkpt lat="23.0465121567249298095703125" lon="113.30236346460878849029541015625">
        <ele>6</ele>
        <time>2026-09-09T23:40:57.000Z</time>
        <extensions>
          <ns3:TrackPointExtension>
            <ns3:hr>138</ns3:hr>
            <ns3:cad>80</ns3:cad>
          </ns3:TrackPointExtension>
        </extensions>
      </trkpt>
      <trkpt lat="23.04648910649120807647705078125" lon="113.30237167887389659881591796875">
        <ele>6</ele>
        <time>2026-09-09T23:40:58.000Z</time>
        <extensions>
          <ns3:TrackPointExtension>
            <ns3:hr>139</ns3:hr>
            <ns3:cad>80</ns3:cad>
          </ns3:TrackPointExtension>
        </extensions>
      </trkpt>
      <trkpt lat="23.04647468961775302886962890625" lon="113.302374780178070068359375">
        <ele>6</ele>
        <time>2026-09-09T23:40:59.000Z</time>
        <extensions>
          <ns3:TrackPointExtension>
            <ns3:hr>139</ns3:hr>
            <ns3:cad>81</ns3:cad>
          </ns3:TrackPointExtension>
        </extensions>
      </trkpt>
      <trkpt lat="23.04645205847918987274169921875" lon="113.30238374881446361541748046875">
        <ele>6</ele>
        <time>2026-09-09T23:41:00.000Z</time>
        <extensions>
          <ns3:TrackPointExtension>
            <ns3:hr>139</ns3:hr>
            <ns3:cad>80</ns3:cad>
          </ns3:TrackPointExtension>
        </extensions>
      </trkpt>
      <trkpt lat="23.0464298464357852935791015625" lon="113.30238609574735164642333984375">
        <ele>6</ele>
        <time>2026-09-09T23:41:01.000Z</time>
        <extensions>
          <ns3:TrackPointExtension>
            <ns3:hr>139</ns3:hr>
            <ns3:cad>80</ns3:cad>
          </ns3:TrackPointExtension>
        </extensions>
      </trkpt>
      <trkpt lat="23.0464077182114124298095703125" lon="113.3023900352418422698974609375">
        <ele>6</ele>
        <time>2026-09-09T23:41:02.000Z</time>
        <extensions>
          <ns3:TrackPointExtension>
            <ns3:hr>139</ns3:hr>
            <ns3:cad>81</ns3:cad>
          </ns3:TrackPointExtension>
        </extensions>
      </trkpt>
      <trkpt lat="23.0463832430541515350341796875" lon="113.302391208708286285400390625">
        <ele>6</ele>
        <time>2026-09-09T23:41:03.000Z</time>
        <extensions>
          <ns3:TrackPointExtension>
            <ns3:hr>140</ns3:hr>
            <ns3:cad>81</ns3:cad>
          </ns3:TrackPointExtension>
        </extensions>
      </trkpt>
      <trkpt lat="23.0463619530200958251953125" lon="113.3023860119283199310302734375">
        <ele>5.80000019073486328125</ele>
        <time>2026-09-09T23:41:04.000Z</time>
        <extensions>
          <ns3:TrackPointExtension>
            <ns3:hr>140</ns3:hr>
            <ns3:cad>81</ns3:cad>
          </ns3:TrackPointExtension>
        </extensions>
      </trkpt>
      <trkpt lat="23.0463456921279430389404296875" lon="113.3023880235850811004638671875">
        <ele>5.80000019073486328125</ele>
        <time>2026-09-09T23:41:05.000Z</time>
        <extensions>
          <ns3:TrackPointExtension>
            <ns3:hr>140</ns3:hr>
            <ns3:cad>82</ns3:cad>
          </ns3:TrackPointExtension>
        </extensions>
      </trkpt>
      <trkpt lat="23.04632507264614105224609375" lon="113.30238710157573223114013671875">
        <ele>5.80000019073486328125</ele>
        <time>2026-09-09T23:41:06.000Z</time>
        <extensions>
          <ns3:TrackPointExtension>
            <ns3:hr>141</ns3:hr>
            <ns3:cad>82</ns3:cad>
          </ns3:TrackPointExtension>
        </extensions>
      </trkpt>
      <trkpt lat="23.04632415063679218292236328125" lon="113.302394561469554901123046875">
        <ele>5.80000019073486328125</ele>
        <time>2026-09-09T23:41:07.000Z</time>
        <extensions>
          <ns3:TrackPointExtension>
            <ns3:hr>141</ns3:hr>
            <ns3:cad>81</ns3:cad>
          </ns3:TrackPointExtension>
        </extensions>
      </trkpt>
      <trkpt lat="23.04630495607852935791015625" lon="113.3023989200592041015625">
        <ele>6</ele>
        <time>2026-09-09T23:41:08.000Z</time>
        <extensions>
          <ns3:TrackPointExtension>
            <ns3:hr>141</ns3:hr>
            <ns3:cad>81</ns3:cad>
          </ns3:TrackPointExtension>
        </extensions>
      </trkpt>
      <trkpt lat="23.0462840013206005096435546875" lon="113.30239648930728435516357421875">
        <ele>6</ele>
        <time>2026-09-09T23:41:09.000Z</time>
        <extensions>
          <ns3:TrackPointExtension>
            <ns3:hr>141</ns3:hr>
            <ns3:cad>80</ns3:cad>
          </ns3:TrackPointExtension>
        </extensions>
      </trkpt>
      <trkpt lat="23.04626715369522571563720703125" lon="113.30239431001245975494384765625">
        <ele>6</ele>
        <time>2026-09-09T23:41:10.000Z</time>
        <extensions>
          <ns3:TrackPointExtension>
            <ns3:hr>142</ns3:hr>
            <ns3:cad>81</ns3:cad>
          </ns3:TrackPointExtension>
        </extensions>
      </trkpt>
      <trkpt lat="23.04624770767986774444580078125" lon="113.30239213071763515472412109375">
        <ele>6</ele>
        <time>2026-09-09T23:41:11.000Z</time>
        <extensions>
          <ns3:TrackPointExtension>
            <ns3:hr>142</ns3:hr>
            <ns3:cad>81</ns3:cad>
          </ns3:TrackPointExtension>
        </extensions>
      </trkpt>
      <trkpt lat="23.04622826166450977325439453125" lon="113.3023922145366668701171875">
        <ele>6</ele>
        <time>2026-09-09T23:41:12.000Z</time>
        <extensions>
          <ns3:TrackPointExtension>
            <ns3:hr>142</ns3:hr>
            <ns3:cad>81</ns3:cad>
          </ns3:TrackPointExtension>
        </extensions>
      </trkpt>
      <trkpt lat="23.046205043792724609375" lon="113.3023937232792377471923828125">
        <ele>6</ele>
        <time>2026-09-09T23:41:13.000Z</time>
        <extensions>
          <ns3:TrackPointExtension>
            <ns3:hr>142</ns3:hr>
            <ns3:cad>81</ns3:cad>
          </ns3:TrackPointExtension>
        </extensions>
      </trkpt>
      <trkpt lat="23.04617662914097309112548828125" lon="113.30239481292665004730224609375">
        <ele>6.19999980926513671875</ele>
        <time>2026-09-09T23:41:14.000Z</time>
        <extensions>
          <ns3:TrackPointExtension>
            <ns3:hr>142</ns3:hr>
            <ns3:cad>81</ns3:cad>
          </ns3:TrackPointExtension>
        </extensions>
      </trkpt>
      <trkpt lat="23.0461581051349639892578125" lon="113.30239363946020603179931640625">
        <ele>6.19999980926513671875</ele>
        <time>2026-09-09T23:41:15.000Z</time>
        <extensions>
          <ns3:TrackPointExtension>
            <ns3:hr>143</ns3:hr>
            <ns3:cad>81</ns3:cad>
          </ns3:TrackPointExtension>
        </extensions>
      </trkpt>
      <trkpt lat="23.0461384914815425872802734375" lon="113.30239959061145782470703125">
        <ele>6.19999980926513671875</ele>
        <time>2026-09-09T23:41:16.000Z</time>
        <extensions>
          <ns3:TrackPointExtension>
            <ns3:hr>143</ns3:hr>
            <ns3:cad>81</ns3:cad>
          </ns3:TrackPointExtension>
        </extensions>
      </trkpt>
      <trkpt lat="23.0461093224585056304931640625" lon="113.3024010993540287017822265625">
        <ele>6.19999980926513671875</ele>
        <time>2026-09-09T23:41:17.000Z</time>
        <extensions>
          <ns3:TrackPointExtension>
            <ns3:hr>143</ns3:hr>
            <ns3:cad>81</ns3:cad>
          </ns3:TrackPointExtension>
        </extensions>
      </trkpt>
      <trkpt lat="23.04608057253062725067138671875" lon="113.3023930527269840240478515625">
        <ele>6</ele>
        <time>2026-09-09T23:41:18.000Z</time>
        <extensions>
          <ns3:TrackPointExtension>
            <ns3:hr>143</ns3:hr>
            <ns3:cad>81</ns3:cad>
          </ns3:TrackPointExtension>
        </extensions>
      </trkpt>
      <trkpt lat="23.04605458863079547882080078125" lon="113.30239431001245975494384765625">
        <ele>6</ele>
        <time>2026-09-09T23:41:19.000Z</time>
        <extensions>
          <ns3:TrackPointExtension>
            <ns3:hr>144</ns3:hr>
            <ns3:cad>81</ns3:cad>
          </ns3:TrackPointExtension>
        </extensions>
      </trkpt>
      <trkpt lat="23.04602642543613910675048828125" lon="113.3023930527269840240478515625">
        <ele>6</ele>
        <time>2026-09-09T23:41:20.000Z</time>
        <extensions>
          <ns3:TrackPointExtension>
            <ns3:hr>145</ns3:hr>
            <ns3:cad>81</ns3:cad>
          </ns3:TrackPointExtension>
        </extensions>
      </trkpt>
      <trkpt lat="23.046000190079212188720703125" lon="113.30239229835569858551025390625">
        <ele>6</ele>
        <time>2026-09-09T23:41:21.000Z</time>
        <extensions>
          <ns3:TrackPointExtension>
            <ns3:hr>145</ns3:hr>
            <ns3:cad>81</ns3:cad>
          </ns3:TrackPointExtension>
        </extensions>
      </trkpt>
      <trkpt lat="23.04597445763647556304931640625" lon="113.3023994229733943939208984375">
        <ele>6</ele>
        <time>2026-09-09T23:41:22.000Z</time>
        <extensions>
          <ns3:TrackPointExtension>
            <ns3:hr>146</ns3:hr>
            <ns3:cad>82</ns3:cad>
          </ns3:TrackPointExtension>
        </extensions>
      </trkpt>
      <trkpt lat="23.04594931192696094512939453125" lon="113.30240151844918727874755859375">
        <ele>6</ele>
        <time>2026-09-09T23:41:23.000Z</time>
        <extensions>
          <ns3:TrackPointExtension>
            <ns3:hr>146</ns3:hr>
            <ns3:cad>82</ns3:cad>
          </ns3:TrackPointExtension>
        </extensions>
      </trkpt>
      <trkpt lat="23.045928440988063812255859375" lon="113.302402608096599578857421875">
        <ele>5.80000019073486328125</ele>
        <time>2026-09-09T23:41:24.000Z</time>
        <extensions>
          <ns3:TrackPointExtension>
            <ns3:hr>146</ns3:hr>
            <ns3:cad>82</ns3:cad>
          </ns3:TrackPointExtension>
        </extensions>
      </trkpt>
    </trkseg>
  </trk>
</gpx>
