<gpx xmlns:ns3="http://www.garmin.com/xmlschemas/TrackPointExtension/v1" xmlns="http://www.topografix.com/GPX/1/1" xmlns:xsi="http://www.w3.org/2001/XMLSchema-instance" xmlns:ns2="http://www.garmin.com/xmlschemas/GpxExtensions/v3" creator="Garmin Connect" version="1.1" xsi:schemaLocation="http://www.topografix.com/GPX/1/1 http://www.topografix.com/GPX/11.xsd">
  <extensions>
<distance>5558.49</distance>
<average_hr>140.0</average_hr>
<average_speed>2.5380001068115234</average_speed>
<start_time>2026-09-14T22:28:46+00:00</start_time>
<end_time>2026-09-14T23:05:16.089000+00:00</end_time>
<moving_time>2188.146</moving_time>
<elapsed_time>2190.089</elapsed_time>
</extensions>
<metadata>
    <link href="connect.garmin.com">
      <text>Garmin Connect</text>
    </link>
    <time>2026-09-14T22:28:46.000Z</time>
  </metadata>
  <trk>
    <name>Guangzhou Running</name>
    <type>running</type>
    <trkseg>
      <trkpt lat="23.04597898386418819427490234375" lon="113.30235525034368038177490234375">
        <ele>3.7999999523162841796875</ele>
        <time>2026-09-14T22:29:35.000Z</time>
        <extensions>
          <ns3:TrackPointExtension>
            <ns3:hr>115</ns3:hr>
            <ns3:cad>80</ns3:cad>
          </ns3:TrackPointExtension>
        </extensions>
      </trkpt>
      <trkpt lat="23.04600580595433712005615234375" lon="113.302367739379405975341796875">
        <ele>3.7999999523162841796875</ele>
        <time>2026-09-14T22:29:36.000Z</time>
        <extensions>
          <ns3:TrackPointExtension>
            <ns3:hr>115</ns3:hr>
            <ns3:cad>80</ns3:cad>
          </ns3:TrackPointExtension>
        </extensions>
      </trkpt>
      <trkpt lat="23.04603229276835918426513671875" lon="113.30235139466822147369384765625">
        <ele>4</ele>
        <time>2026-09-14T22:29:37.000Z</time>
        <extensions>
          <ns3:TrackPointExtension>
            <ns3:hr>115</ns3:hr>
            <ns3:cad>80</ns3:cad>
          </ns3:TrackPointExtension>
        </extensions>
      </trkpt>
      <trkpt lat="23.04605240933597087860107421875" lon="113.30234619788825511932373046875">
        <ele>3.7999999523162841796875</ele>
        <time>2026-09-14T22:29:38.000Z</time>
        <extensions>
          <ns3:TrackPointExtension>
            <ns3:hr>115</ns3:hr>
            <ns3:cad>80</ns3:cad>
          </ns3:TrackPointExtension>
        </extensions>
      </trkpt>
      <trkpt lat="23.04607428610324859619140625" lon="113.3023555018007755279541015625">
        <ele>3.7999999523162841796875</ele>
        <time>2026-09-14T22:29:39.000Z</time>
        <extensions>
          <ns3:TrackPointExtension>
            <ns3:hr>115</ns3:hr>
            <ns3:cad>80</ns3:cad>
          </ns3:TrackPointExtension>
        </extensions>
      </trkpt>
      <trkpt lat="23.04608744569122791290283203125" lon="113.30235508270561695098876953125">
        <ele>3.7999999523162841796875</ele>
        <time>2026-09-14T22:29:40.000Z</time>
        <extensions>
          <ns3:TrackPointExtension>
            <ns3:hr>115</ns3:hr>
            <ns3:cad>79</ns3:cad>
          </ns3:TrackPointExtension>
        </extensions>
      </trkpt>
      <trkpt lat="23.04610781371593475341796875" lon="113.30235776491463184356689453125">
        <ele>3.7999999523162841796875</ele>
        <time>2026-09-14T22:29:41.000Z</time>
        <extensions>
          <ns3:TrackPointExtension>
            <ns3:hr>116</ns3:hr>
            <ns3:cad>79</ns3:cad>
          </ns3:TrackPointExtension>
        </extensions>
      </trkpt>
      <trkpt lat="23.04612818174064159393310546875" lon="113.30236413516104221343994140625">
        <ele>3.7999999523162841796875</ele>
        <time>2026-09-14T22:29:42.000Z</time>
        <extensions>
          <ns3:TrackPointExtension>
            <ns3:hr>115</ns3:hr>
            <ns3:cad>80</ns3:cad>
          </ns3:TrackPointExtension>
        </extensions>
      </trkpt>
      <trkpt lat="23.04614209569990634918212890625" lon="113.30236245878040790557861328125">
        <ele>3.7999999523162841796875</ele>
        <time>2026-09-14T22:29:43.000Z</time>
        <extensions>
          <ns3:TrackPointExtension>
            <ns3:hr>115</ns3:hr>
            <ns3:cad>80</ns3:cad>
          </ns3:TrackPointExtension>
        </extensions>
      </trkpt>
      <trkpt lat="23.0461565963923931121826171875" lon="113.3023575134575366973876953125">
        <ele>4</ele>
        <time>2026-09-14T22:29:44.000Z</time>
        <extensions>
          <ns3:TrackPointExtension>
            <ns3:hr>114</ns3:hr>
            <ns3:cad>80</ns3:cad>
          </ns3:TrackPointExtension>
        </extensions>
      </trkpt>
      <trkpt lat="23.04617914371192455291748046875" lon="113.30236069858074188232421875">
        <ele>4</ele>
        <time>2026-09-14T22:29:45.000Z</time>
        <extensions>
          <ns3:TrackPointExtension>
            <ns3:hr>113</ns3:hr>
            <ns3:cad>80</ns3:cad>
          </ns3:TrackPointExtension>
        </extensions>
      </trkpt>
      <trkpt lat="23.0461911298334598541259765625" lon="113.3023575134575366973876953125">
        <ele>4</ele>
        <time>2026-09-14T22:29:46.000Z</time>
        <extensions>
          <ns3:TrackPointExtension>
            <ns3:hr>113</ns3:hr>
            <ns3:cad>79</ns3:cad>
          </ns3:TrackPointExtension>
        </extensions>
      </trkpt>
      <trkpt lat="23.046206720173358917236328125" lon="113.30235558561980724334716796875">
        <ele>4</ele>
        <time>2026-09-14T22:29:47.000Z</time>
        <extensions>
          <ns3:TrackPointExtension>
            <ns3:hr>112</ns3:hr>
            <ns3:cad>79</ns3:cad>
          </ns3:TrackPointExtension>
        </extensions>
      </trkpt>
      <trkpt lat="23.04622373543679714202880859375" lon="113.3023571781814098358154296875">
        <ele>4</ele>
        <time>2026-09-14T22:29:48.000Z</time>
        <extensions>
          <ns3:TrackPointExtension>
            <ns3:hr>111</ns3:hr>
            <ns3:cad>79</ns3:cad>
          </ns3:TrackPointExtension>
        </extensions>
      </trkpt>
      <trkpt lat="23.04624921642243862152099609375" lon="113.30236229114234447479248046875">
        <ele>4</ele>
        <time>2026-09-14T22:29:49.000Z</time>
        <extensions>
          <ns3:TrackPointExtension>
            <ns3:hr>111</ns3:hr>
            <ns3:cad>80</ns3:cad>
          </ns3:TrackPointExtension>
        </extensions>
      </trkpt>
      <trkpt lat="23.0462648905813694000244140625" lon="113.3023581840097904205322265625">
        <ele>4</ele>
        <time>2026-09-14T22:29:50.000Z</time>
        <extensions>
          <ns3:TrackPointExtension>
            <ns3:hr>111</ns3:hr>
            <ns3:cad>80</ns3:cad>
          </ns3:TrackPointExtension>
        </extensions>
      </trkpt>
      <trkpt lat="23.0462890304625034332275390625" lon="113.3023635484278202056884765625">
        <ele>4</ele>
        <time>2026-09-14T22:29:51.000Z</time>
        <extensions>
          <ns3:TrackPointExtension>
            <ns3:hr>111</ns3:hr>
            <ns3:cad>80</ns3:cad>
          </ns3:TrackPointExtension>
        </extensions>
      </trkpt>
      <trkpt lat="23.04630772210657596588134765625" lon="113.30236111767590045928955078125">
        <ele>4</ele>
        <time>2026-09-14T22:29:52.000Z</time>
        <extensions>
          <ns3:TrackPointExtension>
            <ns3:hr>111</ns3:hr>
            <ns3:cad>79</ns3:cad>
          </ns3:TrackPointExtension>
        </extensions>
      </trkpt>
      <trkpt lat="23.0463270843029022216796875" lon="113.30235935747623443603515625">
        <ele>4</ele>
        <time>2026-09-14T22:29:53.000Z</time>
        <extensions>
          <ns3:TrackPointExtension>
            <ns3:hr>111</ns3:hr>
            <ns3:cad>79</ns3:cad>
          </ns3:TrackPointExtension>
        </extensions>
      </trkpt>
      <trkpt lat="23.04635063745081424713134765625" lon="113.302352987229824066162109375">
        <ele>4</ele>
        <time>2026-09-14T22:29:54.000Z</time>
        <extensions>
          <ns3:TrackPointExtension>
            <ns3:hr>110</ns3:hr>
            <ns3:cad>79</ns3:cad>
          </ns3:TrackPointExtension>
        </extensions>
      </trkpt>
      <trkpt lat="23.0463684909045696258544921875" lon="113.30235172994434833526611328125">
        <ele>4</ele>
        <time>2026-09-14T22:29:55.000Z</time>
        <extensions>
          <ns3:TrackPointExtension>
            <ns3:hr>111</ns3:hr>
            <ns3:cad>80</ns3:cad>
          </ns3:TrackPointExtension>
        </extensions>
      </trkpt>
      <trkpt lat="23.046385757625102996826171875" lon="113.30235223285853862762451171875">
        <ele>4.19999980926513671875</ele>
        <time>2026-09-14T22:29:56.000Z</time>
        <extensions>
          <ns3:TrackPointExtension>
            <ns3:hr>111</ns3:hr>
            <ns3:cad>80</ns3:cad>
          </ns3:TrackPointExtension>
        </extensions>
      </trkpt>
      <trkpt lat="23.04640696384012699127197265625" lon="113.30234527587890625">
        <ele>4.19999980926513671875</ele>
        <time>2026-09-14T22:29:57.000Z</time>
        <extensions>
          <ns3:TrackPointExtension>
            <ns3:hr>111</ns3:hr>
            <ns3:cad>79</ns3:cad>
          </ns3:TrackPointExtension>
        </extensions>
      </trkpt>
      <trkpt lat="23.04642724804580211639404296875" lon="113.30234527587890625">
        <ele>4.19999980926513671875</ele>
        <time>2026-09-14T22:29:58.000Z</time>
        <extensions>
          <ns3:TrackPointExtension>
            <ns3:hr>111</ns3:hr>
            <ns3:cad>79</ns3:cad>
          </ns3:TrackPointExtension>
        </extensions>
      </trkpt>
      <trkpt lat="23.0464459396898746490478515625" lon="113.30234452150762081146240234375">
        <ele>4.19999980926513671875</ele>
        <time>2026-09-14T22:29:59.000Z</time>
        <extensions>
          <ns3:TrackPointExtension>
            <ns3:hr>111</ns3:hr>
            <ns3:cad>79</ns3:cad>
          </ns3:TrackPointExtension>
        </extensions>
      </trkpt>
      <trkpt lat="23.04647862911224365234375" lon="113.30233882181346416473388671875">
        <ele>4.19999980926513671875</ele>
        <time>2026-09-14T22:30:00.000Z</time>
        <extensions>
          <ns3:TrackPointExtension>
            <ns3:hr>111</ns3:hr>
            <ns3:cad>79</ns3:cad>
          </ns3:TrackPointExtension>
        </extensions>
      </trkpt>
      <trkpt lat="23.0464932136237621307373046875" lon="113.30233630724251270294189453125">
        <ele>4.19999980926513671875</ele>
        <time>2026-09-14T22:30:01.000Z</time>
        <extensions>
          <ns3:TrackPointExtension>
            <ns3:hr>111</ns3:hr>
            <ns3:cad>79</ns3:cad>
          </ns3:TrackPointExtension>
        </extensions>
      </trkpt>
      <trkpt lat="23.0465176887810230255126953125" lon="113.30233077518641948699951171875">
        <ele>4.400000095367431640625</ele>
        <time>2026-09-14T22:30:02.000Z</time>
        <extensions>
          <ns3:TrackPointExtension>
            <ns3:hr>111</ns3:hr>
            <ns3:cad>79</ns3:cad>
          </ns3:TrackPointExtension>
        </extensions>
      </trkpt>
      <trkpt lat="23.0465458519756793975830078125" lon="113.30233127810060977935791015625">
        <ele>4.400000095367431640625</ele>
        <time>2026-09-14T22:30:03.000Z</time>
        <extensions>
          <ns3:TrackPointExtension>
            <ns3:hr>111</ns3:hr>
            <ns3:cad>79</ns3:cad>
          </ns3:TrackPointExtension>
        </extensions>
      </trkpt>
      <trkpt lat="23.04656353779137134552001953125" lon="113.302330188453197479248046875">
        <ele>4.400000095367431640625</ele>
        <time>2026-09-14T22:30:04.000Z</time>
        <extensions>
          <ns3:TrackPointExtension>
            <ns3:hr>111</ns3:hr>
            <ns3:cad>80</ns3:cad>
          </ns3:TrackPointExtension>
        </extensions>
      </trkpt>
      <trkpt lat="23.0465817265212535858154296875" lon="113.30232708714902400970458984375">
        <ele>4.400000095367431640625</ele>
        <time>2026-09-14T22:30:05.000Z</time>
        <extensions>
          <ns3:TrackPointExtension>
            <ns3:hr>111</ns3:hr>
            <ns3:cad>80</ns3:cad>
          </ns3:TrackPointExtension>
        </extensions>
      </trkpt>
      <trkpt lat="23.04660402238368988037109375" lon="113.30231778323650360107421875">
        <ele>4.19999980926513671875</ele>
        <time>2026-09-14T22:30:06.000Z</time>
        <extensions>
          <ns3:TrackPointExtension>
            <ns3:hr>111</ns3:hr>
            <ns3:cad>79</ns3:cad>
          </ns3:TrackPointExtension>
        </extensions>
      </trkpt>
      <trkpt lat="23.04662221111357212066650390625" lon="113.30231099389493465423583984375">
        <ele>4.19999980926513671875</ele>
        <time>2026-09-14T22:30:07.000Z</time>
        <extensions>
          <ns3:TrackPointExtension>
            <ns3:hr>110</ns3:hr>
            <ns3:cad>79</ns3:cad>
          </ns3:TrackPointExtension>
        </extensions>
      </trkpt>
      <trkpt lat="23.046637885272502899169921875" lon="113.30230437219142913818359375">
        <ele>4.19999980926513671875</ele>
        <time>2026-09-14T22:30:08.000Z</time>
        <extensions>
          <ns3:TrackPointExtension>
            <ns3:hr>111</ns3:hr>
            <ns3:cad>79</ns3:cad>
          </ns3:TrackPointExtension>
        </extensions>
      </trkpt>
      <trkpt lat="23.04665456525981426239013671875" lon="113.30229724757373332977294921875">
        <ele>4.19999980926513671875</ele>
        <time>2026-09-14T22:30:09.000Z</time>
        <extensions>
          <ns3:TrackPointExtension>
            <ns3:hr>111</ns3:hr>
            <ns3:cad>79</ns3:cad>
          </ns3:TrackPointExtension>
        </extensions>
      </trkpt>
      <trkpt lat="23.04667283780872821807861328125" lon="113.3022938109934329986572265625">
        <ele>4.19999980926513671875</ele>
        <time>2026-09-14T22:30:10.000Z</time>
        <extensions>
          <ns3:TrackPointExtension>
            <ns3:hr>110</ns3:hr>
            <ns3:cad>79</ns3:cad>
          </ns3:TrackPointExtension>
        </extensions>
      </trkpt>
      <trkpt lat="23.0466910265386104583740234375" lon="113.30228920094668865203857421875">
        <ele>4.19999980926513671875</ele>
        <time>2026-09-14T22:30:11.000Z</time>
        <extensions>
          <ns3:TrackPointExtension>
            <ns3:hr>110</ns3:hr>
            <ns3:cad>79</ns3:cad>
          </ns3:TrackPointExtension>
        </extensions>
      </trkpt>
      <trkpt lat="23.04670854471623897552490234375" lon="113.302284590899944305419921875">
        <ele>4.19999980926513671875</ele>
        <time>2026-09-14T22:30:12.000Z</time>
        <extensions>
          <ns3:TrackPointExtension>
            <ns3:hr>110</ns3:hr>
            <ns3:cad>79</ns3:cad>
          </ns3:TrackPointExtension>
        </extensions>
      </trkpt>
      <trkpt lat="23.0467275716364383697509765625" lon="113.30227528698742389678955078125">
        <ele>4.19999980926513671875</ele>
        <time>2026-09-14T22:30:13.000Z</time>
        <extensions>
          <ns3:TrackPointExtension>
            <ns3:hr>110</ns3:hr>
            <ns3:cad>79</ns3:cad>
          </ns3:TrackPointExtension>
        </extensions>
      </trkpt>
      <trkpt lat="23.04674592800438404083251953125" lon="113.3022710122168064117431640625">
        <ele>4.19999980926513671875</ele>
        <time>2026-09-14T22:30:14.000Z</time>
        <extensions>
          <ns3:TrackPointExtension>
            <ns3:hr>111</ns3:hr>
            <ns3:cad>79</ns3:cad>
          </ns3:TrackPointExtension>
        </extensions>
      </trkpt>
      <trkpt lat="23.0467634461820125579833984375" lon="113.3022592775523662567138671875">
        <ele>4.19999980926513671875</ele>
        <time>2026-09-14T22:30:15.000Z</time>
        <extensions>
          <ns3:TrackPointExtension>
            <ns3:hr>112</ns3:hr>
            <ns3:cad>79</ns3:cad>
          </ns3:TrackPointExtension>
        </extensions>
      </trkpt>
      <trkpt lat="23.046784065663814544677734375" lon="113.302247710525989532470703125">
        <ele>4.19999980926513671875</ele>
        <time>2026-09-14T22:30:16.000Z</time>
        <extensions>
          <ns3:TrackPointExtension>
            <ns3:hr>112</ns3:hr>
            <ns3:cad>79</ns3:cad>
          </ns3:TrackPointExtension>
        </extensions>
      </trkpt>
      <trkpt lat="23.0468009971082210540771484375" lon="113.30223438329994678497314453125">
        <ele>4.19999980926513671875</ele>
        <time>2026-09-14T22:30:17.000Z</time>
        <extensions>
          <ns3:TrackPointExtension>
            <ns3:hr>112</ns3:hr>
            <ns3:cad>79</ns3:cad>
          </ns3:TrackPointExtension>
        </extensions>
      </trkpt>
      <trkpt lat="23.046818263828754425048828125" lon="113.3022264204919338226318359375">
        <ele>4.19999980926513671875</ele>
        <time>2026-09-14T22:30:18.000Z</time>
        <extensions>
          <ns3:TrackPointExtension>
            <ns3:hr>113</ns3:hr>
            <ns3:cad>79</ns3:cad>
          </ns3:TrackPointExtension>
        </extensions>
      </trkpt>
      <trkpt lat="23.0468367040157318115234375" lon="113.3022123388946056365966796875">
        <ele>4.19999980926513671875</ele>
        <time>2026-09-14T22:30:19.000Z</time>
        <extensions>
          <ns3:TrackPointExtension>
            <ns3:hr>113</ns3:hr>
            <ns3:cad>79</ns3:cad>
          </ns3:TrackPointExtension>
        </extensions>
      </trkpt>
      <trkpt lat="23.0468492768704891204833984375" lon="113.3022022806107997894287109375">
        <ele>4.400000095367431640625</ele>
        <time>2026-09-14T22:30:20.000Z</time>
        <extensions>
          <ns3:TrackPointExtension>
            <ns3:hr>113</ns3:hr>
            <ns3:cad>79</ns3:cad>
          </ns3:TrackPointExtension>
        </extensions>
      </trkpt>
      <trkpt lat="23.046861849725246429443359375" lon="113.30218995921313762664794921875">
        <ele>4.400000095367431640625</ele>
        <time>2026-09-14T22:30:21.000Z</time>
        <extensions>
          <ns3:TrackPointExtension>
            <ns3:hr>113</ns3:hr>
            <ns3:cad>79</ns3:cad>
          </ns3:TrackPointExtension>
        </extensions>
      </trkpt>
      <trkpt lat="23.04687903262674808502197265625" lon="113.302173949778079986572265625">
        <ele>4.400000095367431640625</ele>
        <time>2026-09-14T22:30:22.000Z</time>
        <extensions>
          <ns3:TrackPointExtension>
            <ns3:hr>114</ns3:hr>
            <ns3:cad>79</ns3:cad>
          </ns3:TrackPointExtension>
        </extensions>
      </trkpt>
      <trkpt lat="23.046891689300537109375" lon="113.30216414295136928558349609375">
        <ele>4.19999980926513671875</ele>
        <time>2026-09-14T22:30:23.000Z</time>
        <extensions>
          <ns3:TrackPointExtension>
            <ns3:hr>115</ns3:hr>
            <ns3:cad>79</ns3:cad>
          </ns3:TrackPointExtension>
        </extensions>
      </trkpt>
      <trkpt lat="23.0469062738120555877685546875" lon="113.3021536655724048614501953125">
        <ele>4.19999980926513671875</ele>
        <time>2026-09-14T22:30:24.000Z</time>
        <extensions>
          <ns3:TrackPointExtension>
            <ns3:hr>116</ns3:hr>
            <ns3:cad>79</ns3:cad>
          </ns3:TrackPointExtension>
        </extensions>
      </trkpt>
      <trkpt lat="23.0469330959022045135498046875" lon="113.30214235000312328338623046875">
        <ele>4.19999980926513671875</ele>
        <time>2026-09-14T22:30:25.000Z</time>
        <extensions>
          <ns3:TrackPointExtension>
            <ns3:hr>117</ns3:hr>
            <ns3:cad>79</ns3:cad>
          </ns3:TrackPointExtension>
        </extensions>
      </trkpt>
      <trkpt lat="23.0469431541860103607177734375" lon="113.30212173052132129669189453125">
        <ele>4.19999980926513671875</ele>
        <time>2026-09-14T22:30:26.000Z</time>
        <extensions>
          <ns3:TrackPointExtension>
            <ns3:hr>117</ns3:hr>
            <ns3:cad>79</ns3:cad>
          </ns3:TrackPointExtension>
        </extensions>
      </trkpt>
      <trkpt lat="23.04695799015462398529052734375" lon="113.30210362561047077178955078125">
        <ele>4.19999980926513671875</ele>
        <time>2026-09-14T22:30:27.000Z</time>
        <extensions>
          <ns3:TrackPointExtension>
            <ns3:hr>117</ns3:hr>
            <ns3:cad>79</ns3:cad>
          </ns3:TrackPointExtension>
        </extensions>
      </trkpt>
      <trkpt lat="23.0469783581793308258056640625" lon="113.30208501778542995452880859375">
        <ele>4.19999980926513671875</ele>
        <time>2026-09-14T22:30:28.000Z</time>
        <extensions>
          <ns3:TrackPointExtension>
            <ns3:hr>118</ns3:hr>
            <ns3:cad>79</ns3:cad>
          </ns3:TrackPointExtension>
        </extensions>
      </trkpt>
      <trkpt lat="23.04699738509953022003173828125" lon="113.30207194201648235321044921875">
        <ele>4.400000095367431640625</ele>
        <time>2026-09-14T22:30:29.000Z</time>
        <extensions>
          <ns3:TrackPointExtension>
            <ns3:hr>118</ns3:hr>
            <ns3:cad>79</ns3:cad>
          </ns3:TrackPointExtension>
        </extensions>
      </trkpt>
      <trkpt lat="23.04701381362974643707275390625" lon="113.30205299891531467437744140625">
        <ele>4.400000095367431640625</ele>
        <time>2026-09-14T22:30:30.000Z</time>
        <extensions>
          <ns3:TrackPointExtension>
            <ns3:hr>118</ns3:hr>
            <ns3:cad>79</ns3:cad>
          </ns3:TrackPointExtension>
        </extensions>
      </trkpt>
      <trkpt lat="23.04703317582607269287109375" lon="113.30204151570796966552734375">
        <ele>4.400000095367431640625</ele>
        <time>2026-09-14T22:30:31.000Z</time>
        <extensions>
          <ns3:TrackPointExtension>
            <ns3:hr>119</ns3:hr>
            <ns3:cad>79</ns3:cad>
          </ns3:TrackPointExtension>
        </extensions>
      </trkpt>
      <trkpt lat="23.04704616777598857879638671875" lon="113.3020252548158168792724609375">
        <ele>4.400000095367431640625</ele>
        <time>2026-09-14T22:30:32.000Z</time>
        <extensions>
          <ns3:TrackPointExtension>
            <ns3:hr>119</ns3:hr>
            <ns3:cad>79</ns3:cad>
          </ns3:TrackPointExtension>
        </extensions>
      </trkpt>
      <trkpt lat="23.047059662640094757080078125" lon="113.3020086586475372314453125">
        <ele>4.19999980926513671875</ele>
        <time>2026-09-14T22:30:33.000Z</time>
        <extensions>
          <ns3:TrackPointExtension>
            <ns3:hr>119</ns3:hr>
            <ns3:cad>79</ns3:cad>
          </ns3:TrackPointExtension>
        </extensions>
      </trkpt>
      <trkpt lat="23.04707684554159641265869140625" lon="113.30199348740279674530029296875">
        <ele>4.19999980926513671875</ele>
        <time>2026-09-14T22:30:34.000Z</time>
        <extensions>
          <ns3:TrackPointExtension>
            <ns3:hr>118</ns3:hr>
            <ns3:cad>79</ns3:cad>
          </ns3:TrackPointExtension>
        </extensions>
      </trkpt>
      <trkpt lat="23.0470893345773220062255859375" lon="113.301980160176753997802734375">
        <ele>4.19999980926513671875</ele>
        <time>2026-09-14T22:30:35.000Z</time>
        <extensions>
          <ns3:TrackPointExtension>
            <ns3:hr>119</ns3:hr>
            <ns3:cad>79</ns3:cad>
          </ns3:TrackPointExtension>
        </extensions>
      </trkpt>
      <trkpt lat="23.047105260193347930908203125" lon="113.301966749131679534912109375">
        <ele>4.400000095367431640625</ele>
        <time>2026-09-14T22:30:36.000Z</time>
        <extensions>
          <ns3:TrackPointExtension>
            <ns3:hr>118</ns3:hr>
            <ns3:cad>80</ns3:cad>
          </ns3:TrackPointExtension>
        </extensions>
      </trkpt>
      <trkpt lat="23.04712344892323017120361328125" lon="113.3019535057246685028076171875">
        <ele>4.400000095367431640625</ele>
        <time>2026-09-14T22:30:37.000Z</time>
        <extensions>
          <ns3:TrackPointExtension>
            <ns3:hr>118</ns3:hr>
            <ns3:cad>80</ns3:cad>
          </ns3:TrackPointExtension>
        </extensions>
      </trkpt>
      <trkpt lat="23.04713401012122631072998046875" lon="113.3019496500492095947265625">
        <ele>4.400000095367431640625</ele>
        <time>2026-09-14T22:30:38.000Z</time>
        <extensions>
          <ns3:TrackPointExtension>
            <ns3:hr>118</ns3:hr>
            <ns3:cad>80</ns3:cad>
          </ns3:TrackPointExtension>
        </extensions>
      </trkpt>
      <trkpt lat="23.04714658297598361968994140625" lon="113.301940262317657470703125">
        <ele>4.400000095367431640625</ele>
        <time>2026-09-14T22:30:39.000Z</time>
        <extensions>
          <ns3:TrackPointExtension>
            <ns3:hr>118</ns3:hr>
            <ns3:cad>80</ns3:cad>
          </ns3:TrackPointExtension>
        </extensions>
      </trkpt>
      <trkpt lat="23.047170974314212799072265625" lon="113.301929868757724761962890625">
        <ele>4.400000095367431640625</ele>
        <time>2026-09-14T22:30:40.000Z</time>
        <extensions>
          <ns3:TrackPointExtension>
            <ns3:hr>118</ns3:hr>
            <ns3:cad>79</ns3:cad>
          </ns3:TrackPointExtension>
        </extensions>
      </trkpt>
      <trkpt lat="23.04719016887247562408447265625" lon="113.30191872082650661468505859375">
        <ele>4.400000095367431640625</ele>
        <time>2026-09-14T22:30:41.000Z</time>
        <extensions>
          <ns3:TrackPointExtension>
            <ns3:hr>118</ns3:hr>
            <ns3:cad>79</ns3:cad>
          </ns3:TrackPointExtension>
        </extensions>
      </trkpt>
      <trkpt lat="23.04720961488783359527587890625" lon="113.30190698616206645965576171875">
        <ele>4.400000095367431640625</ele>
        <time>2026-09-14T22:30:42.000Z</time>
        <extensions>
          <ns3:TrackPointExtension>
            <ns3:hr>118</ns3:hr>
            <ns3:cad>79</ns3:cad>
          </ns3:TrackPointExtension>
        </extensions>
      </trkpt>
      <trkpt lat="23.047229982912540435791015625" lon="113.30189575441181659698486328125">
        <ele>4.400000095367431640625</ele>
        <time>2026-09-14T22:30:43.000Z</time>
        <extensions>
          <ns3:TrackPointExtension>
            <ns3:hr>118</ns3:hr>
            <ns3:cad>79</ns3:cad>
          </ns3:TrackPointExtension>
        </extensions>
      </trkpt>
      <trkpt lat="23.0472443997859954833984375" lon="113.30188368447124958038330078125">
        <ele>4.400000095367431640625</ele>
        <time>2026-09-14T22:30:44.000Z</time>
        <extensions>
          <ns3:TrackPointExtension>
            <ns3:hr>118</ns3:hr>
            <ns3:cad>79</ns3:cad>
          </ns3:TrackPointExtension>
        </extensions>
      </trkpt>
      <trkpt lat="23.04725906811654567718505859375" lon="113.301875889301300048828125">
        <ele>4.400000095367431640625</ele>
        <time>2026-09-14T22:30:45.000Z</time>
        <extensions>
          <ns3:TrackPointExtension>
            <ns3:hr>118</ns3:hr>
            <ns3:cad>79</ns3:cad>
          </ns3:TrackPointExtension>
        </extensions>
      </trkpt>
      <trkpt lat="23.047276251018047332763671875" lon="113.30186222679913043975830078125">
        <ele>4.19999980926513671875</ele>
        <time>2026-09-14T22:30:46.000Z</time>
        <extensions>
          <ns3:TrackPointExtension>
            <ns3:hr>118</ns3:hr>
            <ns3:cad>79</ns3:cad>
          </ns3:TrackPointExtension>
        </extensions>
      </trkpt>
      <trkpt lat="23.047291003167629241943359375" lon="113.3018556050956249237060546875">
        <ele>4.19999980926513671875</ele>
        <time>2026-09-14T22:30:47.000Z</time>
        <extensions>
          <ns3:TrackPointExtension>
            <ns3:hr>118</ns3:hr>
            <ns3:cad>79</ns3:cad>
          </ns3:TrackPointExtension>
        </extensions>
      </trkpt>
      <trkpt lat="23.0473055876791477203369140625" lon="113.301848731935024261474609375">
        <ele>4.19999980926513671875</ele>
        <time>2026-09-14T22:30:48.000Z</time>
        <extensions>
          <ns3:TrackPointExtension>
            <ns3:hr>119</ns3:hr>
            <ns3:cad>79</ns3:cad>
          </ns3:TrackPointExtension>
        </extensions>
      </trkpt>
      <trkpt lat="23.047319836914539337158203125" lon="113.30184261314570903778076171875">
        <ele>4.19999980926513671875</ele>
        <time>2026-09-14T22:30:49.000Z</time>
        <extensions>
          <ns3:TrackPointExtension>
            <ns3:hr>119</ns3:hr>
            <ns3:cad>79</ns3:cad>
          </ns3:TrackPointExtension>
        </extensions>
      </trkpt>
      <trkpt lat="23.04734121076762676239013671875" lon="113.30184563063085079193115234375">
        <ele>4.19999980926513671875</ele>
        <time>2026-09-14T22:30:50.000Z</time>
        <extensions>
          <ns3:TrackPointExtension>
            <ns3:hr>119</ns3:hr>
            <ns3:cad>79</ns3:cad>
          </ns3:TrackPointExtension>
        </extensions>
      </trkpt>
      <trkpt lat="23.0473622493445873260498046875" lon="113.30183775164186954498291015625">
        <ele>4.19999980926513671875</ele>
        <time>2026-09-14T22:30:51.000Z</time>
        <extensions>
          <ns3:TrackPointExtension>
            <ns3:hr>119</ns3:hr>
            <ns3:cad>79</ns3:cad>
          </ns3:TrackPointExtension>
        </extensions>
      </trkpt>
      <trkpt lat="23.047378845512866973876953125" lon="113.30182417295873165130615234375">
        <ele>4.19999980926513671875</ele>
        <time>2026-09-14T22:30:52.000Z</time>
        <extensions>
          <ns3:TrackPointExtension>
            <ns3:hr>119</ns3:hr>
            <ns3:cad>79</ns3:cad>
          </ns3:TrackPointExtension>
        </extensions>
      </trkpt>
      <trkpt lat="23.04740332067012786865234375" lon="113.3018155395984649658203125">
        <ele>4.19999980926513671875</ele>
        <time>2026-09-14T22:30:53.000Z</time>
        <extensions>
          <ns3:TrackPointExtension>
            <ns3:hr>120</ns3:hr>
            <ns3:cad>79</ns3:cad>
          </ns3:TrackPointExtension>
        </extensions>
      </trkpt>
      <trkpt lat="23.04741899482905864715576171875" lon="113.30180841498076915740966796875">
        <ele>4.19999980926513671875</ele>
        <time>2026-09-14T22:30:54.000Z</time>
        <extensions>
          <ns3:TrackPointExtension>
            <ns3:hr>120</ns3:hr>
            <ns3:cad>79</ns3:cad>
          </ns3:TrackPointExtension>
        </extensions>
      </trkpt>
      <trkpt lat="23.0474407039582729339599609375" lon="113.3017992787063121795654296875">
        <ele>4.19999980926513671875</ele>
        <time>2026-09-14T22:30:55.000Z</time>
        <extensions>
          <ns3:TrackPointExtension>
            <ns3:hr>120</ns3:hr>
            <ns3:cad>79</ns3:cad>
          </ns3:TrackPointExtension>
        </extensions>
      </trkpt>
      <trkpt lat="23.0474661849439144134521484375" lon="113.30178980715572834014892578125">
        <ele>4.19999980926513671875</ele>
        <time>2026-09-14T22:30:56.000Z</time>
        <extensions>
          <ns3:TrackPointExtension>
            <ns3:hr>120</ns3:hr>
            <ns3:cad>79</ns3:cad>
          </ns3:TrackPointExtension>
        </extensions>
      </trkpt>
      <trkpt lat="23.04748169146478176116943359375" lon="113.30178058706223964691162109375">
        <ele>4.19999980926513671875</ele>
        <time>2026-09-14T22:30:57.000Z</time>
        <extensions>
          <ns3:TrackPointExtension>
            <ns3:hr>120</ns3:hr>
            <ns3:cad>79</ns3:cad>
          </ns3:TrackPointExtension>
        </extensions>
      </trkpt>
      <trkpt lat="23.047505579888820648193359375" lon="113.3017726242542266845703125">
        <ele>4.400000095367431640625</ele>
        <time>2026-09-14T22:30:58.000Z</time>
        <extensions>
          <ns3:TrackPointExtension>
            <ns3:hr>120</ns3:hr>
            <ns3:cad>79</ns3:cad>
          </ns3:TrackPointExtension>
        </extensions>
      </trkpt>
      <trkpt lat="23.04753650911152362823486328125" lon="113.30176751129329204559326171875">
        <ele>4.19999980926513671875</ele>
        <time>2026-09-14T22:30:59.000Z</time>
        <extensions>
          <ns3:TrackPointExtension>
            <ns3:hr>121</ns3:hr>
            <ns3:cad>79</ns3:cad>
          </ns3:TrackPointExtension>
        </extensions>
      </trkpt>
      <trkpt lat="23.0475463159382343292236328125" lon="113.301755525171756744384765625">
        <ele>4.19999980926513671875</ele>
        <time>2026-09-14T22:31:00.000Z</time>
        <extensions>
          <ns3:TrackPointExtension>
            <ns3:hr>121</ns3:hr>
            <ns3:cad>78</ns3:cad>
          </ns3:TrackPointExtension>
        </extensions>
      </trkpt>
      <trkpt lat="23.04756836034357547760009765625" lon="113.3017489872872829437255859375">
        <ele>4.19999980926513671875</ele>
        <time>2026-09-14T22:31:01.000Z</time>
        <extensions>
          <ns3:TrackPointExtension>
            <ns3:hr>121</ns3:hr>
            <ns3:cad>78</ns3:cad>
          </ns3:TrackPointExtension>
        </extensions>
      </trkpt>
      <trkpt lat="23.04759467951953411102294921875" lon="113.30175049602985382080078125">
        <ele>4</ele>
        <time>2026-09-14T22:31:02.000Z</time>
        <extensions>
          <ns3:TrackPointExtension>
            <ns3:hr>121</ns3:hr>
            <ns3:cad>79</ns3:cad>
          </ns3:TrackPointExtension>
        </extensions>
      </trkpt>
      <trkpt lat="23.0476076714694499969482421875" lon="113.30174454487860202789306640625">
        <ele>4</ele>
        <time>2026-09-14T22:31:03.000Z</time>
        <extensions>
          <ns3:TrackPointExtension>
            <ns3:hr>122</ns3:hr>
            <ns3:cad>79</ns3:cad>
          </ns3:TrackPointExtension>
        </extensions>
      </trkpt>
      <trkpt lat="23.047626279294490814208984375" lon="113.30173549242317676544189453125">
        <ele>4</ele>
        <time>2026-09-14T22:31:04.000Z</time>
        <extensions>
          <ns3:TrackPointExtension>
            <ns3:hr>122</ns3:hr>
            <ns3:cad>79</ns3:cad>
          </ns3:TrackPointExtension>
        </extensions>
      </trkpt>
      <trkpt lat="23.04764614440500736236572265625" lon="113.30173096619546413421630859375">
        <ele>4</ele>
        <time>2026-09-14T22:31:05.000Z</time>
        <extensions>
          <ns3:TrackPointExtension>
            <ns3:hr>122</ns3:hr>
            <ns3:cad>79</ns3:cad>
          </ns3:TrackPointExtension>
        </extensions>
      </trkpt>
      <trkpt lat="23.04765955545008182525634765625" lon="113.30173817463219165802001953125">
        <ele>4</ele>
        <time>2026-09-14T22:31:06.000Z</time>
        <extensions>
          <ns3:TrackPointExtension>
            <ns3:hr>122</ns3:hr>
            <ns3:cad>80</ns3:cad>
          </ns3:TrackPointExtension>
        </extensions>
      </trkpt>
      <trkpt lat="23.04768235422670841217041015625" lon="113.30173566006124019622802734375">
        <ele>4</ele>
        <time>2026-09-14T22:31:07.000Z</time>
        <extensions>
          <ns3:TrackPointExtension>
            <ns3:hr>124</ns3:hr>
            <ns3:cad>80</ns3:cad>
          </ns3:TrackPointExtension>
        </extensions>
      </trkpt>
      <trkpt lat="23.04771252907812595367431640625" lon="113.30174320377409458160400390625">
        <ele>4</ele>
        <time>2026-09-14T22:31:08.000Z</time>
        <extensions>
          <ns3:TrackPointExtension>
            <ns3:hr>124</ns3:hr>
            <ns3:cad>79</ns3:cad>
          </ns3:TrackPointExtension>
        </extensions>
      </trkpt>
      <trkpt lat="23.04772661067545413970947265625" lon="113.30173498950898647308349609375">
        <ele>4</ele>
        <time>2026-09-14T22:31:09.000Z</time>
        <extensions>
          <ns3:TrackPointExtension>
            <ns3:hr>124</ns3:hr>
            <ns3:cad>79</ns3:cad>
          </ns3:TrackPointExtension>
        </extensions>
      </trkpt>
      <trkpt lat="23.047749996185302734375" lon="113.30172769725322723388671875">
        <ele>4</ele>
        <time>2026-09-14T22:31:10.000Z</time>
        <extensions>
          <ns3:TrackPointExtension>
            <ns3:hr>124</ns3:hr>
            <ns3:cad>79</ns3:cad>
          </ns3:TrackPointExtension>
        </extensions>
      </trkpt>
      <trkpt lat="23.04777254350483417510986328125" lon="113.3017147891223430633544921875">
        <ele>4.19999980926513671875</ele>
        <time>2026-09-14T22:31:11.000Z</time>
        <extensions>
          <ns3:TrackPointExtension>
            <ns3:hr>125</ns3:hr>
            <ns3:cad>79</ns3:cad>
          </ns3:TrackPointExtension>
        </extensions>
      </trkpt>
      <trkpt lat="23.047781176865100860595703125" lon="113.30169416964054107666015625">
        <ele>4.19999980926513671875</ele>
        <time>2026-09-14T22:31:12.000Z</time>
        <extensions>
          <ns3:TrackPointExtension>
            <ns3:hr>124</ns3:hr>
            <ns3:cad>79</ns3:cad>
          </ns3:TrackPointExtension>
        </extensions>
      </trkpt>
      <trkpt lat="23.04779048077762126922607421875" lon="113.301671035587787628173828125">
        <ele>4.19999980926513671875</ele>
        <time>2026-09-14T22:31:13.000Z</time>
        <extensions>
          <ns3:TrackPointExtension>
            <ns3:hr>124</ns3:hr>
            <ns3:cad>80</ns3:cad>
          </ns3:TrackPointExtension>
        </extensions>
      </trkpt>
      <trkpt lat="23.04779835976660251617431640625" lon="113.301644884049892425537109375">
        <ele>4</ele>
        <time>2026-09-14T22:31:14.000Z</time>
        <extensions>
          <ns3:TrackPointExtension>
            <ns3:hr>125</ns3:hr>
            <ns3:cad>79</ns3:cad>
          </ns3:TrackPointExtension>
        </extensions>
      </trkpt>
      <trkpt lat="23.04780573584139347076416015625" lon="113.301624096930027008056640625">
        <ele>4</ele>
        <time>2026-09-14T22:31:15.000Z</time>
        <extensions>
          <ns3:TrackPointExtension>
            <ns3:hr>124</ns3:hr>
            <ns3:cad>79</ns3:cad>
          </ns3:TrackPointExtension>
        </extensions>
      </trkpt>
      <trkpt lat="23.04780724458396434783935546875" lon="113.3016036450862884521484375">
        <ele>4</ele>
        <time>2026-09-14T22:31:16.000Z</time>
        <extensions>
          <ns3:TrackPointExtension>
            <ns3:hr>124</ns3:hr>
            <ns3:cad>79</ns3:cad>
          </ns3:TrackPointExtension>
        </extensions>
      </trkpt>
      <trkpt lat="23.04780640639364719390869140625" lon="113.3015741407871246337890625">
        <ele>4</ele>
        <time>2026-09-14T22:31:17.000Z</time>
        <extensions>
          <ns3:TrackPointExtension>
            <ns3:hr>124</ns3:hr>
            <ns3:cad>79</ns3:cad>
          </ns3:TrackPointExtension>
        </extensions>
      </trkpt>
      <trkpt lat="23.0478048138320446014404296875" lon="113.30155494622886180877685546875">
        <ele>4</ele>
        <time>2026-09-14T22:31:18.000Z</time>
        <extensions>
          <ns3:TrackPointExtension>
            <ns3:hr>123</ns3:hr>
            <ns3:cad>79</ns3:cad>
          </ns3:TrackPointExtension>
        </extensions>
      </trkpt>
      <trkpt lat="23.0478064902126789093017578125" lon="113.30153055489063262939453125">
        <ele>4</ele>
        <time>2026-09-14T22:31:19.000Z</time>
        <extensions>
          <ns3:TrackPointExtension>
            <ns3:hr>123</ns3:hr>
            <ns3:cad>79</ns3:cad>
          </ns3:TrackPointExtension>
        </extensions>
      </trkpt>
      <trkpt lat="23.04781562648713588714599609375" lon="113.30150499008595943450927734375">
        <ele>4</ele>
        <time>2026-09-14T22:31:20.000Z</time>
        <extensions>
          <ns3:TrackPointExtension>
            <ns3:hr>123</ns3:hr>
            <ns3:cad>79</ns3:cad>
          </ns3:TrackPointExtension>
        </extensions>
      </trkpt>
      <trkpt lat="23.0478152073919773101806640625" lon="113.30148763954639434814453125">
        <ele>4</ele>
        <time>2026-09-14T22:31:21.000Z</time>
        <extensions>
          <ns3:TrackPointExtension>
            <ns3:hr>123</ns3:hr>
            <ns3:cad>79</ns3:cad>
          </ns3:TrackPointExtension>
        </extensions>
      </trkpt>
      <trkpt lat="23.04781177081167697906494140625" lon="113.30146458931267261505126953125">
        <ele>3.7999999523162841796875</ele>
        <time>2026-09-14T22:31:22.000Z</time>
        <extensions>
          <ns3:TrackPointExtension>
            <ns3:hr>123</ns3:hr>
            <ns3:cad>79</ns3:cad>
          </ns3:TrackPointExtension>
        </extensions>
      </trkpt>
      <trkpt lat="23.04781931452453136444091796875" lon="113.3014368452131748199462890625">
        <ele>3.7999999523162841796875</ele>
        <time>2026-09-14T22:31:23.000Z</time>
        <extensions>
          <ns3:TrackPointExtension>
            <ns3:hr>122</ns3:hr>
            <ns3:cad>80</ns3:cad>
          </ns3:TrackPointExtension>
        </extensions>
      </trkpt>
      <trkpt lat="23.04781629703938961029052734375" lon="113.30141924321651458740234375">
        <ele>3.7999999523162841796875</ele>
        <time>2026-09-14T22:31:24.000Z</time>
        <extensions>
          <ns3:TrackPointExtension>
            <ns3:hr>123</ns3:hr>
            <ns3:cad>80</ns3:cad>
          </ns3:TrackPointExtension>
        </extensions>
      </trkpt>
      <trkpt lat="23.0478162132203578948974609375" lon="113.3013909123837947845458984375">
        <ele>3.7999999523162841796875</ele>
        <time>2026-09-14T22:31:25.000Z</time>
        <extensions>
          <ns3:TrackPointExtension>
            <ns3:hr>123</ns3:hr>
            <ns3:cad>80</ns3:cad>
          </ns3:TrackPointExtension>
        </extensions>
      </trkpt>
      <trkpt lat="23.0478192307054996490478515625" lon="113.3013657666742801666259765625">
        <ele>4</ele>
        <time>2026-09-14T22:31:26.000Z</time>
        <extensions>
          <ns3:TrackPointExtension>
            <ns3:hr>122</ns3:hr>
            <ns3:cad>80</ns3:cad>
          </ns3:TrackPointExtension>
        </extensions>
      </trkpt>
      <trkpt lat="23.0478202365338802337646484375" lon="113.30135143361985683441162109375">
        <ele>4</ele>
        <time>2026-09-14T22:31:27.000Z</time>
        <extensions>
          <ns3:TrackPointExtension>
            <ns3:hr>123</ns3:hr>
            <ns3:cad>80</ns3:cad>
          </ns3:TrackPointExtension>
        </extensions>
      </trkpt>
      <trkpt lat="23.0478252656757831573486328125" lon="113.30133383162319660186767578125">
        <ele>4</ele>
        <time>2026-09-14T22:31:28.000Z</time>
        <extensions>
          <ns3:TrackPointExtension>
            <ns3:hr>122</ns3:hr>
            <ns3:cad>80</ns3:cad>
          </ns3:TrackPointExtension>
        </extensions>
      </trkpt>
      <trkpt lat="23.047850914299488067626953125" lon="113.30132762901484966278076171875">
        <ele>4</ele>
        <time>2026-09-14T22:31:29.000Z</time>
        <extensions>
          <ns3:TrackPointExtension>
            <ns3:hr>122</ns3:hr>
            <ns3:cad>80</ns3:cad>
          </ns3:TrackPointExtension>
        </extensions>
      </trkpt>
      <trkpt lat="23.04786809720098972320556640625" lon="113.30131656490266323089599609375">
        <ele>4</ele>
        <time>2026-09-14T22:31:30.000Z</time>
        <extensions>
          <ns3:TrackPointExtension>
            <ns3:hr>122</ns3:hr>
            <ns3:cad>80</ns3:cad>
          </ns3:TrackPointExtension>
        </extensions>
      </trkpt>
      <trkpt lat="23.04788519628345966339111328125" lon="113.3013064227998256683349609375">
        <ele>4</ele>
        <time>2026-09-14T22:31:31.000Z</time>
        <extensions>
          <ns3:TrackPointExtension>
            <ns3:hr>122</ns3:hr>
            <ns3:cad>79</ns3:cad>
          </ns3:TrackPointExtension>
        </extensions>
      </trkpt>
      <trkpt lat="23.0478896386921405792236328125" lon="113.301310949027538299560546875">
        <ele>3.7999999523162841796875</ele>
        <time>2026-09-14T22:31:32.000Z</time>
        <extensions>
          <ns3:TrackPointExtension>
            <ns3:hr>122</ns3:hr>
            <ns3:cad>79</ns3:cad>
          </ns3:TrackPointExtension>
        </extensions>
      </trkpt>
      <trkpt lat="23.0478953383862972259521484375" lon="113.301306925714015960693359375">
        <ele>3.7999999523162841796875</ele>
        <time>2026-09-14T22:31:33.000Z</time>
        <extensions>
          <ns3:TrackPointExtension>
            <ns3:hr>122</ns3:hr>
            <ns3:cad>78</ns3:cad>
          </ns3:TrackPointExtension>
        </extensions>
      </trkpt>
      <trkpt lat="23.0478908121585845947265625" lon="113.30129594542086124420166015625">
        <ele>3.7999999523162841796875</ele>
        <time>2026-09-14T22:31:34.000Z</time>
        <extensions>
          <ns3:TrackPointExtension>
            <ns3:hr>122</ns3:hr>
            <ns3:cad>78</ns3:cad>
          </ns3:TrackPointExtension>
        </extensions>
      </trkpt>
      <trkpt lat="23.0478970147669315338134765625" lon="113.30128110945224761962890625">
        <ele>3.7999999523162841796875</ele>
        <time>2026-09-14T22:31:35.000Z</time>
        <extensions>
          <ns3:TrackPointExtension>
            <ns3:hr>122</ns3:hr>
            <ns3:cad>78</ns3:cad>
          </ns3:TrackPointExtension>
        </extensions>
      </trkpt>
      <trkpt lat="23.0479033850133419036865234375" lon="113.30126442946493625640869140625">
        <ele>3.7999999523162841796875</ele>
        <time>2026-09-14T22:31:36.000Z</time>
        <extensions>
          <ns3:TrackPointExtension>
            <ns3:hr>122</ns3:hr>
            <ns3:cad>78</ns3:cad>
          </ns3:TrackPointExtension>
        </extensions>
      </trkpt>
      <trkpt lat="23.04792257957160472869873046875" lon="113.30124146305024623870849609375">
        <ele>3.7999999523162841796875</ele>
        <time>2026-09-14T22:31:37.000Z</time>
        <extensions>
          <ns3:TrackPointExtension>
            <ns3:hr>123</ns3:hr>
            <ns3:cad>78</ns3:cad>
          </ns3:TrackPointExtension>
        </extensions>
      </trkpt>
      <trkpt lat="23.0479493178427219390869140625" lon="113.30123174004256725311279296875">
        <ele>3.7999999523162841796875</ele>
        <time>2026-09-14T22:31:38.000Z</time>
        <extensions>
          <ns3:TrackPointExtension>
            <ns3:hr>122</ns3:hr>
            <ns3:cad>78</ns3:cad>
          </ns3:TrackPointExtension>
        </extensions>
      </trkpt>
      <trkpt lat="23.04796264506876468658447265625" lon="113.30121581442654132843017578125">
        <ele>3.7999999523162841796875</ele>
        <time>2026-09-14T22:31:39.000Z</time>
        <extensions>
          <ns3:TrackPointExtension>
            <ns3:hr>122</ns3:hr>
            <ns3:cad>0</ns3:cad>
          </ns3:TrackPointExtension>
        </extensions>
      </trkpt>
      <trkpt lat="23.04798393510282039642333984375" lon="113.3012021519243717193603515625">
        <ele>3.7999999523162841796875</ele>
        <time>2026-09-14T22:31:40.000Z</time>
        <extensions>
          <ns3:TrackPointExtension>
            <ns3:hr>122</ns3:hr>
            <ns3:cad>0</ns3:cad>
          </ns3:TrackPointExtension>
        </extensions>
      </trkpt>
      <trkpt lat="23.0480066500604152679443359375" lon="113.30119972117245197296142578125">
        <ele>3.7999999523162841796875</ele>
        <time>2026-09-14T22:31:41.000Z</time>
        <extensions>
          <ns3:TrackPointExtension>
            <ns3:hr>122</ns3:hr>
            <ns3:cad>0</ns3:cad>
          </ns3:TrackPointExtension>
        </extensions>
      </trkpt>
      <trkpt lat="23.04802358150482177734375" lon="113.301196955144405364990234375">
        <ele>3.7999999523162841796875</ele>
        <time>2026-09-14T22:31:42.000Z</time>
        <extensions>
          <ns3:TrackPointExtension>
            <ns3:hr>122</ns3:hr>
            <ns3:cad>79</ns3:cad>
          </ns3:TrackPointExtension>
        </extensions>
      </trkpt>
      <trkpt lat="23.04804797284305095672607421875" lon="113.30119586549699306488037109375">
        <ele>3.7999999523162841796875</ele>
        <time>2026-09-14T22:31:43.000Z</time>
        <extensions>
          <ns3:TrackPointExtension>
            <ns3:hr>122</ns3:hr>
            <ns3:cad>80</ns3:cad>
          </ns3:TrackPointExtension>
        </extensions>
      </trkpt>
      <trkpt lat="23.04807093925774097442626953125" lon="113.3012081868946552276611328125">
        <ele>3.7999999523162841796875</ele>
        <time>2026-09-14T22:31:44.000Z</time>
        <extensions>
          <ns3:TrackPointExtension>
            <ns3:hr>122</ns3:hr>
            <ns3:cad>80</ns3:cad>
          </ns3:TrackPointExtension>
        </extensions>
      </trkpt>
      <trkpt lat="23.04808862507343292236328125" lon="113.30121480859816074371337890625">
        <ele>3.7999999523162841796875</ele>
        <time>2026-09-14T22:31:45.000Z</time>
        <extensions>
          <ns3:TrackPointExtension>
            <ns3:hr>122</ns3:hr>
            <ns3:cad>79</ns3:cad>
          </ns3:TrackPointExtension>
        </extensions>
      </trkpt>
      <trkpt lat="23.04810999892652034759521484375" lon="113.30122218467295169830322265625">
        <ele>3.7999999523162841796875</ele>
        <time>2026-09-14T22:31:46.000Z</time>
        <extensions>
          <ns3:TrackPointExtension>
            <ns3:hr>122</ns3:hr>
            <ns3:cad>80</ns3:cad>
          </ns3:TrackPointExtension>
        </extensions>
      </trkpt>
      <trkpt lat="23.04813330061733722686767578125" lon="113.301223777234554290771484375">
        <ele>3.7999999523162841796875</ele>
        <time>2026-09-14T22:31:47.000Z</time>
        <extensions>
          <ns3:TrackPointExtension>
            <ns3:hr>122</ns3:hr>
            <ns3:cad>80</ns3:cad>
          </ns3:TrackPointExtension>
        </extensions>
      </trkpt>
      <trkpt lat="23.04815224371850490570068359375" lon="113.30122184939682483673095703125">
        <ele>3.7999999523162841796875</ele>
        <time>2026-09-14T22:31:48.000Z</time>
        <extensions>
          <ns3:TrackPointExtension>
            <ns3:hr>122</ns3:hr>
            <ns3:cad>80</ns3:cad>
          </ns3:TrackPointExtension>
        </extensions>
      </trkpt>
      <trkpt lat="23.048171438276767730712890625" lon="113.30122319050133228302001953125">
        <ele>3.7999999523162841796875</ele>
        <time>2026-09-14T22:31:49.000Z</time>
        <extensions>
          <ns3:TrackPointExtension>
            <ns3:hr>121</ns3:hr>
            <ns3:cad>80</ns3:cad>
          </ns3:TrackPointExtension>
        </extensions>
      </trkpt>
      <trkpt lat="23.048188202083110809326171875" lon="113.30122235231101512908935546875">
        <ele>3.7999999523162841796875</ele>
        <time>2026-09-14T22:31:50.000Z</time>
        <extensions>
          <ns3:TrackPointExtension>
            <ns3:hr>121</ns3:hr>
            <ns3:cad>80</ns3:cad>
          </ns3:TrackPointExtension>
        </extensions>
      </trkpt>
      <trkpt lat="23.04820186458528041839599609375" lon="113.3012205921113491058349609375">
        <ele>3.7999999523162841796875</ele>
        <time>2026-09-14T22:31:51.000Z</time>
        <extensions>
          <ns3:TrackPointExtension>
            <ns3:hr>120</ns3:hr>
            <ns3:cad>81</ns3:cad>
          </ns3:TrackPointExtension>
        </extensions>
      </trkpt>
      <trkpt lat="23.048221729695796966552734375" lon="113.30121941864490509033203125">
        <ele>3.7999999523162841796875</ele>
        <time>2026-09-14T22:31:52.000Z</time>
        <extensions>
          <ns3:TrackPointExtension>
            <ns3:hr>120</ns3:hr>
            <ns3:cad>81</ns3:cad>
          </ns3:TrackPointExtension>
        </extensions>
      </trkpt>
      <trkpt lat="23.04823748767375946044921875" lon="113.301226794719696044921875">
        <ele>3.7999999523162841796875</ele>
        <time>2026-09-14T22:31:53.000Z</time>
        <extensions>
          <ns3:TrackPointExtension>
            <ns3:hr>119</ns3:hr>
            <ns3:cad>81</ns3:cad>
          </ns3:TrackPointExtension>
        </extensions>
      </trkpt>
      <trkpt lat="23.04825626313686370849609375" lon="113.30122821964323520660400390625">
        <ele>3.7999999523162841796875</ele>
        <time>2026-09-14T22:31:54.000Z</time>
        <extensions>
          <ns3:TrackPointExtension>
            <ns3:hr>119</ns3:hr>
            <ns3:cad>81</ns3:cad>
          </ns3:TrackPointExtension>
        </extensions>
      </trkpt>
      <trkpt lat="23.048280738294124603271484375" lon="113.301235176622867584228515625">
        <ele>3.7999999523162841796875</ele>
        <time>2026-09-14T22:31:55.000Z</time>
        <extensions>
          <ns3:TrackPointExtension>
            <ns3:hr>120</ns3:hr>
            <ns3:cad>81</ns3:cad>
          </ns3:TrackPointExtension>
        </extensions>
      </trkpt>
      <trkpt lat="23.04830211214721202850341796875" lon="113.30123878084123134613037109375">
        <ele>3.7999999523162841796875</ele>
        <time>2026-09-14T22:31:56.000Z</time>
        <extensions>
          <ns3:TrackPointExtension>
            <ns3:hr>120</ns3:hr>
            <ns3:cad>80</ns3:cad>
          </ns3:TrackPointExtension>
        </extensions>
      </trkpt>
      <trkpt lat="23.04832843132317066192626953125" lon="113.3012388646602630615234375">
        <ele>3.7999999523162841796875</ele>
        <time>2026-09-14T22:31:57.000Z</time>
        <extensions>
          <ns3:TrackPointExtension>
            <ns3:hr>120</ns3:hr>
            <ns3:cad>80</ns3:cad>
          </ns3:TrackPointExtension>
        </extensions>
      </trkpt>
      <trkpt lat="23.0483607016503810882568359375" lon="113.3012413792312145233154296875">
        <ele>3.599999904632568359375</ele>
        <time>2026-09-14T22:31:58.000Z</time>
        <extensions>
          <ns3:TrackPointExtension>
            <ns3:hr>120</ns3:hr>
            <ns3:cad>80</ns3:cad>
          </ns3:TrackPointExtension>
        </extensions>
      </trkpt>
      <trkpt lat="23.04837738163769245147705078125" lon="113.3012388646602630615234375">
        <ele>3.599999904632568359375</ele>
        <time>2026-09-14T22:31:59.000Z</time>
        <extensions>
          <ns3:TrackPointExtension>
            <ns3:hr>119</ns3:hr>
            <ns3:cad>80</ns3:cad>
          </ns3:TrackPointExtension>
        </extensions>
      </trkpt>
      <trkpt lat="23.04840018041431903839111328125" lon="113.30123685300350189208984375">
        <ele>3.599999904632568359375</ele>
        <time>2026-09-14T22:32:00.000Z</time>
        <extensions>
          <ns3:TrackPointExtension>
            <ns3:hr>120</ns3:hr>
            <ns3:cad>80</ns3:cad>
          </ns3:TrackPointExtension>
        </extensions>
      </trkpt>
      <trkpt lat="23.04842163808643817901611328125" lon="113.3012447319924831390380859375">
        <ele>3.599999904632568359375</ele>
        <time>2026-09-14T22:32:01.000Z</time>
        <extensions>
          <ns3:TrackPointExtension>
            <ns3:hr>120</ns3:hr>
            <ns3:cad>81</ns3:cad>
          </ns3:TrackPointExtension>
        </extensions>
      </trkpt>
      <trkpt lat="23.04844175465404987335205078125" lon="113.3012477494776248931884765625">
        <ele>3.599999904632568359375</ele>
        <time>2026-09-14T22:32:02.000Z</time>
        <extensions>
          <ns3:TrackPointExtension>
            <ns3:hr>120</ns3:hr>
            <ns3:cad>81</ns3:cad>
          </ns3:TrackPointExtension>
        </extensions>
      </trkpt>
      <trkpt lat="23.04846120066940784454345703125" lon="113.30124615691602230072021484375">
        <ele>3.599999904632568359375</ele>
        <time>2026-09-14T22:32:03.000Z</time>
        <extensions>
          <ns3:TrackPointExtension>
            <ns3:hr>121</ns3:hr>
            <ns3:cad>81</ns3:cad>
          </ns3:TrackPointExtension>
        </extensions>
      </trkpt>
      <trkpt lat="23.0484894476830959320068359375" lon="113.301257975399494171142578125">
        <ele>3.599999904632568359375</ele>
        <time>2026-09-14T22:32:04.000Z</time>
        <extensions>
          <ns3:TrackPointExtension>
            <ns3:hr>122</ns3:hr>
            <ns3:cad>81</ns3:cad>
          </ns3:TrackPointExtension>
        </extensions>
      </trkpt>
      <trkpt lat="23.0485048703849315643310546875" lon="113.30126141197979450225830078125">
        <ele>3.599999904632568359375</ele>
        <time>2026-09-14T22:32:05.000Z</time>
        <extensions>
          <ns3:TrackPointExtension>
            <ns3:hr>122</ns3:hr>
            <ns3:cad>80</ns3:cad>
          </ns3:TrackPointExtension>
        </extensions>
      </trkpt>
      <trkpt lat="23.04853253066539764404296875" lon="113.3012621663510799407958984375">
        <ele>3.599999904632568359375</ele>
        <time>2026-09-14T22:32:06.000Z</time>
        <extensions>
          <ns3:TrackPointExtension>
            <ns3:hr>122</ns3:hr>
            <ns3:cad>80</ns3:cad>
          </ns3:TrackPointExtension>
        </extensions>
      </trkpt>
      <trkpt lat="23.04855893366038799285888671875" lon="113.30127549357712268829345703125">
        <ele>3.599999904632568359375</ele>
        <time>2026-09-14T22:32:07.000Z</time>
        <extensions>
          <ns3:TrackPointExtension>
            <ns3:hr>122</ns3:hr>
            <ns3:cad>80</ns3:cad>
          </ns3:TrackPointExtension>
        </extensions>
      </trkpt>
      <trkpt lat="23.0485782958567142486572265625" lon="113.30127733759582042694091796875">
        <ele>3.599999904632568359375</ele>
        <time>2026-09-14T22:32:08.000Z</time>
        <extensions>
          <ns3:TrackPointExtension>
            <ns3:hr>122</ns3:hr>
            <ns3:cad>80</ns3:cad>
          </ns3:TrackPointExtension>
        </extensions>
      </trkpt>
      <trkpt lat="23.04860302247107028961181640625" lon="113.30127884633839130401611328125">
        <ele>3.599999904632568359375</ele>
        <time>2026-09-14T22:32:09.000Z</time>
        <extensions>
          <ns3:TrackPointExtension>
            <ns3:hr>122</ns3:hr>
            <ns3:cad>80</ns3:cad>
          </ns3:TrackPointExtension>
        </extensions>
      </trkpt>
      <trkpt lat="23.0486295931041240692138671875" lon="113.30129720270633697509765625">
        <ele>3.400000095367431640625</ele>
        <time>2026-09-14T22:32:10.000Z</time>
        <extensions>
          <ns3:TrackPointExtension>
            <ns3:hr>123</ns3:hr>
            <ns3:cad>80</ns3:cad>
          </ns3:TrackPointExtension>
        </extensions>
      </trkpt>
      <trkpt lat="23.0486473627388477325439453125" lon="113.301300890743732452392578125">
        <ele>3.400000095367431640625</ele>
        <time>2026-09-14T22:32:11.000Z</time>
        <extensions>
          <ns3:TrackPointExtension>
            <ns3:hr>123</ns3:hr>
            <ns3:cad>80</ns3:cad>
          </ns3:TrackPointExtension>
        </extensions>
      </trkpt>
      <trkpt lat="23.04867091588675975799560546875" lon="113.30130751244723796844482421875">
        <ele>3.400000095367431640625</ele>
        <time>2026-09-14T22:32:12.000Z</time>
        <extensions>
          <ns3:TrackPointExtension>
            <ns3:hr>123</ns3:hr>
            <ns3:cad>80</ns3:cad>
          </ns3:TrackPointExtension>
        </extensions>
      </trkpt>
      <trkpt lat="23.0486922897398471832275390625" lon="113.3013248629868030548095703125">
        <ele>3.400000095367431640625</ele>
        <time>2026-09-14T22:32:13.000Z</time>
        <extensions>
          <ns3:TrackPointExtension>
            <ns3:hr>123</ns3:hr>
            <ns3:cad>80</ns3:cad>
          </ns3:TrackPointExtension>
        </extensions>
      </trkpt>
      <trkpt lat="23.04870494641363620758056640625" lon="113.30133140087127685546875">
        <ele>3.400000095367431640625</ele>
        <time>2026-09-14T22:32:14.000Z</time>
        <extensions>
          <ns3:TrackPointExtension>
            <ns3:hr>123</ns3:hr>
            <ns3:cad>80</ns3:cad>
          </ns3:TrackPointExtension>
        </extensions>
      </trkpt>
      <trkpt lat="23.04872472770512104034423828125" lon="113.3013419620692729949951171875">
        <ele>3.400000095367431640625</ele>
        <time>2026-09-14T22:32:15.000Z</time>
        <extensions>
          <ns3:TrackPointExtension>
            <ns3:hr>123</ns3:hr>
            <ns3:cad>80</ns3:cad>
          </ns3:TrackPointExtension>
        </extensions>
      </trkpt>
      <trkpt lat="23.04874308407306671142578125" lon="113.30135948024690151214599609375">
        <ele>3.400000095367431640625</ele>
        <time>2026-09-14T22:32:16.000Z</time>
        <extensions>
          <ns3:TrackPointExtension>
            <ns3:hr>123</ns3:hr>
            <ns3:cad>79</ns3:cad>
          </ns3:TrackPointExtension>
        </extensions>
      </trkpt>
      <trkpt lat="23.048756159842014312744140625" lon="113.30136400647461414337158203125">
        <ele>3.400000095367431640625</ele>
        <time>2026-09-14T22:32:17.000Z</time>
        <extensions>
          <ns3:TrackPointExtension>
            <ns3:hr>123</ns3:hr>
            <ns3:cad>79</ns3:cad>
          </ns3:TrackPointExtension>
        </extensions>
      </trkpt>
      <trkpt lat="23.04877183400094509124755859375" lon="113.30137909390032291412353515625">
        <ele>3.400000095367431640625</ele>
        <time>2026-09-14T22:32:18.000Z</time>
        <extensions>
          <ns3:TrackPointExtension>
            <ns3:hr>123</ns3:hr>
            <ns3:cad>79</ns3:cad>
          </ns3:TrackPointExtension>
        </extensions>
      </trkpt>
      <trkpt lat="23.04878289811313152313232421875" lon="113.30140055157244205474853515625">
        <ele>3.599999904632568359375</ele>
        <time>2026-09-14T22:32:19.000Z</time>
        <extensions>
          <ns3:TrackPointExtension>
            <ns3:hr>123</ns3:hr>
            <ns3:cad>79</ns3:cad>
          </ns3:TrackPointExtension>
        </extensions>
      </trkpt>
      <trkpt lat="23.0487925373017787933349609375" lon="113.30141044221818447113037109375">
        <ele>3.599999904632568359375</ele>
        <time>2026-09-14T22:32:20.000Z</time>
        <extensions>
          <ns3:TrackPointExtension>
            <ns3:hr>123</ns3:hr>
            <ns3:cad>80</ns3:cad>
          </ns3:TrackPointExtension>
        </extensions>
      </trkpt>
      <trkpt lat="23.04881189949810504913330078125" lon="113.30143139697611331939697265625">
        <ele>3.599999904632568359375</ele>
        <time>2026-09-14T22:32:21.000Z</time>
        <extensions>
          <ns3:TrackPointExtension>
            <ns3:hr>123</ns3:hr>
            <ns3:cad>80</ns3:cad>
          </ns3:TrackPointExtension>
        </extensions>
      </trkpt>
      <trkpt lat="23.04882011376321315765380859375" lon="113.30145821906626224517822265625">
        <ele>3.599999904632568359375</ele>
        <time>2026-09-14T22:32:22.000Z</time>
        <extensions>
          <ns3:TrackPointExtension>
            <ns3:hr>123</ns3:hr>
            <ns3:cad>80</ns3:cad>
          </ns3:TrackPointExtension>
        </extensions>
      </trkpt>
      <trkpt lat="23.04883218370378017425537109375" lon="113.301474563777446746826171875">
        <ele>3.599999904632568359375</ele>
        <time>2026-09-14T22:32:23.000Z</time>
        <extensions>
          <ns3:TrackPointExtension>
            <ns3:hr>123</ns3:hr>
            <ns3:cad>80</ns3:cad>
          </ns3:TrackPointExtension>
        </extensions>
      </trkpt>
      <trkpt lat="23.04883235134184360504150390625" lon="113.30150532536208629608154296875">
        <ele>3.599999904632568359375</ele>
        <time>2026-09-14T22:32:24.000Z</time>
        <extensions>
          <ns3:TrackPointExtension>
            <ns3:hr>123</ns3:hr>
            <ns3:cad>80</ns3:cad>
          </ns3:TrackPointExtension>
        </extensions>
      </trkpt>
      <trkpt lat="23.04882832802832126617431640625" lon="113.30152921378612518310546875">
        <ele>3.599999904632568359375</ele>
        <time>2026-09-14T22:32:25.000Z</time>
        <extensions>
          <ns3:TrackPointExtension>
            <ns3:hr>123</ns3:hr>
            <ns3:cad>81</ns3:cad>
          </ns3:TrackPointExtension>
        </extensions>
      </trkpt>
      <trkpt lat="23.0488334409892559051513671875" lon="113.30154354684054851531982421875">
        <ele>3.599999904632568359375</ele>
        <time>2026-09-14T22:32:26.000Z</time>
        <extensions>
          <ns3:TrackPointExtension>
            <ns3:hr>123</ns3:hr>
            <ns3:cad>81</ns3:cad>
          </ns3:TrackPointExtension>
        </extensions>
      </trkpt>
      <trkpt lat="23.048841319978237152099609375" lon="113.3015679381787776947021484375">
        <ele>3.599999904632568359375</ele>
        <time>2026-09-14T22:32:27.000Z</time>
        <extensions>
          <ns3:TrackPointExtension>
            <ns3:hr>123</ns3:hr>
            <ns3:cad>81</ns3:cad>
          </ns3:TrackPointExtension>
        </extensions>
      </trkpt>
      <trkpt lat="23.04885682649910449981689453125" lon="113.30158956348896026611328125">
        <ele>3.7999999523162841796875</ele>
        <time>2026-09-14T22:32:28.000Z</time>
        <extensions>
          <ns3:TrackPointExtension>
            <ns3:hr>124</ns3:hr>
            <ns3:cad>81</ns3:cad>
          </ns3:TrackPointExtension>
        </extensions>
      </trkpt>
      <trkpt lat="23.04887124337255954742431640625" lon="113.3015967719256877899169921875">
        <ele>3.7999999523162841796875</ele>
        <time>2026-09-14T22:32:29.000Z</time>
        <extensions>
          <ns3:TrackPointExtension>
            <ns3:hr>124</ns3:hr>
            <ns3:cad>80</ns3:cad>
          </ns3:TrackPointExtension>
        </extensions>
      </trkpt>
      <trkpt lat="23.04888867773115634918212890625" lon="113.3016075007617473602294921875">
        <ele>3.7999999523162841796875</ele>
        <time>2026-09-14T22:32:30.000Z</time>
        <extensions>
          <ns3:TrackPointExtension>
            <ns3:hr>124</ns3:hr>
            <ns3:cad>80</ns3:cad>
          </ns3:TrackPointExtension>
        </extensions>
      </trkpt>
      <trkpt lat="23.04890376515686511993408203125" lon="113.3016172237694263458251953125">
        <ele>3.7999999523162841796875</ele>
        <time>2026-09-14T22:32:31.000Z</time>
        <extensions>
          <ns3:TrackPointExtension>
            <ns3:hr>124</ns3:hr>
            <ns3:cad>80</ns3:cad>
          </ns3:TrackPointExtension>
        </extensions>
      </trkpt>
      <trkpt lat="23.0489172600209712982177734375" lon="113.3016195707023143768310546875">
        <ele>3.7999999523162841796875</ele>
        <time>2026-09-14T22:32:32.000Z</time>
        <extensions>
          <ns3:TrackPointExtension>
            <ns3:hr>124</ns3:hr>
            <ns3:cad>80</ns3:cad>
          </ns3:TrackPointExtension>
        </extensions>
      </trkpt>
      <trkpt lat="23.048938214778900146484375" lon="113.30162770114839076995849609375">
        <ele>3.7999999523162841796875</ele>
        <time>2026-09-14T22:32:33.000Z</time>
        <extensions>
          <ns3:TrackPointExtension>
            <ns3:hr>124</ns3:hr>
            <ns3:cad>80</ns3:cad>
          </ns3:TrackPointExtension>
        </extensions>
      </trkpt>
      <trkpt lat="23.0489591695368289947509765625" lon="113.3016353286802768707275390625">
        <ele>3.7999999523162841796875</ele>
        <time>2026-09-14T22:32:34.000Z</time>
        <extensions>
          <ns3:TrackPointExtension>
            <ns3:hr>124</ns3:hr>
            <ns3:cad>80</ns3:cad>
          </ns3:TrackPointExtension>
        </extensions>
      </trkpt>
      <trkpt lat="23.04897568188607692718505859375" lon="113.30163507722318172454833984375">
        <ele>3.7999999523162841796875</ele>
        <time>2026-09-14T22:32:35.000Z</time>
        <extensions>
          <ns3:TrackPointExtension>
            <ns3:hr>124</ns3:hr>
            <ns3:cad>80</ns3:cad>
          </ns3:TrackPointExtension>
        </extensions>
      </trkpt>
      <trkpt lat="23.0489997379481792449951171875" lon="113.30164144746959209442138671875">
        <ele>3.7999999523162841796875</ele>
        <time>2026-09-14T22:32:36.000Z</time>
        <extensions>
          <ns3:TrackPointExtension>
            <ns3:hr>124</ns3:hr>
            <ns3:cad>80</ns3:cad>
          </ns3:TrackPointExtension>
        </extensions>
      </trkpt>
      <trkpt lat="23.0490228720009326934814453125" lon="113.30164765007793903350830078125">
        <ele>3.7999999523162841796875</ele>
        <time>2026-09-14T22:32:37.000Z</time>
        <extensions>
          <ns3:TrackPointExtension>
            <ns3:hr>123</ns3:hr>
            <ns3:cad>80</ns3:cad>
          </ns3:TrackPointExtension>
        </extensions>
      </trkpt>
      <trkpt lat="23.04903837852180004119873046875" lon="113.3016423694789409637451171875">
        <ele>3.7999999523162841796875</ele>
        <time>2026-09-14T22:32:38.000Z</time>
        <extensions>
          <ns3:TrackPointExtension>
            <ns3:hr>124</ns3:hr>
            <ns3:cad>79</ns3:cad>
          </ns3:TrackPointExtension>
        </extensions>
      </trkpt>
      <trkpt lat="23.04906235076487064361572265625" lon="113.30163977108895778656005859375">
        <ele>3.7999999523162841796875</ele>
        <time>2026-09-14T22:32:39.000Z</time>
        <extensions>
          <ns3:TrackPointExtension>
            <ns3:hr>124</ns3:hr>
            <ns3:cad>79</ns3:cad>
          </ns3:TrackPointExtension>
        </extensions>
      </trkpt>
      <trkpt lat="23.049080371856689453125" lon="113.30163775943219661712646484375">
        <ele>3.7999999523162841796875</ele>
        <time>2026-09-14T22:32:40.000Z</time>
        <extensions>
          <ns3:TrackPointExtension>
            <ns3:hr>124</ns3:hr>
            <ns3:cad>79</ns3:cad>
          </ns3:TrackPointExtension>
        </extensions>
      </trkpt>
      <trkpt lat="23.0490951240062713623046875" lon="113.301629461348056793212890625">
        <ele>3.7999999523162841796875</ele>
        <time>2026-09-14T22:32:41.000Z</time>
        <extensions>
          <ns3:TrackPointExtension>
            <ns3:hr>124</ns3:hr>
            <ns3:cad>79</ns3:cad>
          </ns3:TrackPointExtension>
        </extensions>
      </trkpt>
      <trkpt lat="23.04911783896386623382568359375" lon="113.30162216909229755401611328125">
        <ele>3.7999999523162841796875</ele>
        <time>2026-09-14T22:32:42.000Z</time>
        <extensions>
          <ns3:TrackPointExtension>
            <ns3:hr>124</ns3:hr>
            <ns3:cad>79</ns3:cad>
          </ns3:TrackPointExtension>
        </extensions>
      </trkpt>
      <trkpt lat="23.0491348542273044586181640625" lon="113.301612026989459991455078125">
        <ele>3.7999999523162841796875</ele>
        <time>2026-09-14T22:32:43.000Z</time>
        <extensions>
          <ns3:TrackPointExtension>
            <ns3:hr>124</ns3:hr>
            <ns3:cad>79</ns3:cad>
          </ns3:TrackPointExtension>
        </extensions>
      </trkpt>
      <trkpt lat="23.04914969019591808319091796875" lon="113.30160322599112987518310546875">
        <ele>4</ele>
        <time>2026-09-14T22:32:44.000Z</time>
        <extensions>
          <ns3:TrackPointExtension>
            <ns3:hr>124</ns3:hr>
            <ns3:cad>80</ns3:cad>
          </ns3:TrackPointExtension>
        </extensions>
      </trkpt>
      <trkpt lat="23.04917600937187671661376953125" lon="113.30159853212535381317138671875">
        <ele>4</ele>
        <time>2026-09-14T22:32:45.000Z</time>
        <extensions>
          <ns3:TrackPointExtension>
            <ns3:hr>124</ns3:hr>
            <ns3:cad>80</ns3:cad>
          </ns3:TrackPointExtension>
        </extensions>
      </trkpt>
      <trkpt lat="23.049190342426300048828125" lon="113.3015907369554042816162109375">
        <ele>4</ele>
        <time>2026-09-14T22:32:46.000Z</time>
        <extensions>
          <ns3:TrackPointExtension>
            <ns3:hr>124</ns3:hr>
            <ns3:cad>80</ns3:cad>
          </ns3:TrackPointExtension>
        </extensions>
      </trkpt>
      <trkpt lat="23.04920484311878681182861328125" lon="113.30158310942351818084716796875">
        <ele>4</ele>
        <time>2026-09-14T22:32:47.000Z</time>
        <extensions>
          <ns3:TrackPointExtension>
            <ns3:hr>124</ns3:hr>
            <ns3:cad>80</ns3:cad>
          </ns3:TrackPointExtension>
        </extensions>
      </trkpt>
      <trkpt lat="23.04923334158957004547119140625" lon="113.3015727996826171875">
        <ele>4</ele>
        <time>2026-09-14T22:32:48.000Z</time>
        <extensions>
          <ns3:TrackPointExtension>
            <ns3:hr>124</ns3:hr>
            <ns3:cad>80</ns3:cad>
          </ns3:TrackPointExtension>
        </extensions>
      </trkpt>
      <trkpt lat="23.049250356853008270263671875" lon="113.30156416632235050201416015625">
        <ele>4</ele>
        <time>2026-09-14T22:32:49.000Z</time>
        <extensions>
          <ns3:TrackPointExtension>
            <ns3:hr>124</ns3:hr>
            <ns3:cad>80</ns3:cad>
          </ns3:TrackPointExtension>
        </extensions>
      </trkpt>
      <trkpt lat="23.04926686920225620269775390625" lon="113.3015538565814495086669921875">
        <ele>4</ele>
        <time>2026-09-14T22:32:50.000Z</time>
        <extensions>
          <ns3:TrackPointExtension>
            <ns3:hr>124</ns3:hr>
            <ns3:cad>80</ns3:cad>
          </ns3:TrackPointExtension>
        </extensions>
      </trkpt>
      <trkpt lat="23.04929503239691257476806640625" lon="113.301551006734371185302734375">
        <ele>4</ele>
        <time>2026-09-14T22:32:51.000Z</time>
        <extensions>
          <ns3:TrackPointExtension>
            <ns3:hr>125</ns3:hr>
            <ns3:cad>80</ns3:cad>
          </ns3:TrackPointExtension>
        </extensions>
      </trkpt>
      <trkpt lat="23.049308694899082183837890625" lon="113.30154371447861194610595703125">
        <ele>4</ele>
        <time>2026-09-14T22:32:52.000Z</time>
        <extensions>
          <ns3:TrackPointExtension>
            <ns3:hr>124</ns3:hr>
            <ns3:cad>80</ns3:cad>
          </ns3:TrackPointExtension>
        </extensions>
      </trkpt>
      <trkpt lat="23.049324452877044677734375" lon="113.30153055489063262939453125">
        <ele>4</ele>
        <time>2026-09-14T22:32:53.000Z</time>
        <extensions>
          <ns3:TrackPointExtension>
            <ns3:hr>124</ns3:hr>
            <ns3:cad>80</ns3:cad>
          </ns3:TrackPointExtension>
        </extensions>
      </trkpt>
      <trkpt lat="23.049349598586559295654296875" lon="113.301525525748729705810546875">
        <ele>4</ele>
        <time>2026-09-14T22:32:54.000Z</time>
        <extensions>
          <ns3:TrackPointExtension>
            <ns3:hr>124</ns3:hr>
            <ns3:cad>80</ns3:cad>
          </ns3:TrackPointExtension>
        </extensions>
      </trkpt>
      <trkpt lat="23.04936594329774379730224609375" lon="113.3015223406255245208740234375">
        <ele>4.19999980926513671875</ele>
        <time>2026-09-14T22:32:55.000Z</time>
        <extensions>
          <ns3:TrackPointExtension>
            <ns3:hr>124</ns3:hr>
            <ns3:cad>80</ns3:cad>
          </ns3:TrackPointExtension>
        </extensions>
      </trkpt>
      <trkpt lat="23.04938438348472118377685546875" lon="113.3015129528939723968505859375">
        <ele>4.19999980926513671875</ele>
        <time>2026-09-14T22:32:56.000Z</time>
        <extensions>
          <ns3:TrackPointExtension>
            <ns3:hr>124</ns3:hr>
            <ns3:cad>80</ns3:cad>
          </ns3:TrackPointExtension>
        </extensions>
      </trkpt>
      <trkpt lat="23.049403913319110870361328125" lon="113.3015055768191814422607421875">
        <ele>4</ele>
        <time>2026-09-14T22:32:57.000Z</time>
        <extensions>
          <ns3:TrackPointExtension>
            <ns3:hr>124</ns3:hr>
            <ns3:cad>80</ns3:cad>
          </ns3:TrackPointExtension>
        </extensions>
      </trkpt>
      <trkpt lat="23.04941891692578792572021484375" lon="113.301500044763088226318359375">
        <ele>4</ele>
        <time>2026-09-14T22:32:58.000Z</time>
        <extensions>
          <ns3:TrackPointExtension>
            <ns3:hr>124</ns3:hr>
            <ns3:cad>80</ns3:cad>
          </ns3:TrackPointExtension>
        </extensions>
      </trkpt>
      <trkpt lat="23.049432747066020965576171875" lon="113.30149292014539241790771484375">
        <ele>4</ele>
        <time>2026-09-14T22:32:59.000Z</time>
        <extensions>
          <ns3:TrackPointExtension>
            <ns3:hr>125</ns3:hr>
            <ns3:cad>80</ns3:cad>
          </ns3:TrackPointExtension>
        </extensions>
      </trkpt>
      <trkpt lat="23.049453534185886383056640625" lon="113.30148621462285518646240234375">
        <ele>4</ele>
        <time>2026-09-14T22:33:00.000Z</time>
        <extensions>
          <ns3:TrackPointExtension>
            <ns3:hr>124</ns3:hr>
            <ns3:cad>80</ns3:cad>
          </ns3:TrackPointExtension>
        </extensions>
      </trkpt>
      <trkpt lat="23.04946484975516796112060546875" lon="113.30147481523454189300537109375">
        <ele>4</ele>
        <time>2026-09-14T22:33:01.000Z</time>
        <extensions>
          <ns3:TrackPointExtension>
            <ns3:hr>124</ns3:hr>
            <ns3:cad>80</ns3:cad>
          </ns3:TrackPointExtension>
        </extensions>
      </trkpt>
      <trkpt lat="23.049483038485050201416015625" lon="113.301467858254909515380859375">
        <ele>4</ele>
        <time>2026-09-14T22:33:02.000Z</time>
        <extensions>
          <ns3:TrackPointExtension>
            <ns3:hr>125</ns3:hr>
            <ns3:cad>79</ns3:cad>
          </ns3:TrackPointExtension>
        </extensions>
      </trkpt>
      <trkpt lat="23.04950843565165996551513671875" lon="113.3014663495123386383056640625">
        <ele>4</ele>
        <time>2026-09-14T22:33:03.000Z</time>
        <extensions>
          <ns3:TrackPointExtension>
            <ns3:hr>125</ns3:hr>
            <ns3:cad>80</ns3:cad>
          </ns3:TrackPointExtension>
        </extensions>
      </trkpt>
      <trkpt lat="23.04952536709606647491455078125" lon="113.301462829113006591796875">
        <ele>4</ele>
        <time>2026-09-14T22:33:04.000Z</time>
        <extensions>
          <ns3:TrackPointExtension>
            <ns3:hr>124</ns3:hr>
            <ns3:cad>80</ns3:cad>
          </ns3:TrackPointExtension>
        </extensions>
      </trkpt>
      <trkpt lat="23.04954514838755130767822265625" lon="113.30145536921918392181396484375">
        <ele>4</ele>
        <time>2026-09-14T22:33:05.000Z</time>
        <extensions>
          <ns3:TrackPointExtension>
            <ns3:hr>124</ns3:hr>
            <ns3:cad>80</ns3:cad>
          </ns3:TrackPointExtension>
        </extensions>
      </trkpt>
      <trkpt lat="23.0495687015354633331298828125" lon="113.30146081745624542236328125">
        <ele>4</ele>
        <time>2026-09-14T22:33:06.000Z</time>
        <extensions>
          <ns3:TrackPointExtension>
            <ns3:hr>124</ns3:hr>
            <ns3:cad>80</ns3:cad>
          </ns3:TrackPointExtension>
        </extensions>
      </trkpt>
      <trkpt lat="23.04958705790340900421142578125" lon="113.3014589734375476837158203125">
        <ele>4</ele>
        <time>2026-09-14T22:33:07.000Z</time>
        <extensions>
          <ns3:TrackPointExtension>
            <ns3:hr>124</ns3:hr>
            <ns3:cad>80</ns3:cad>
          </ns3:TrackPointExtension>
        </extensions>
      </trkpt>
      <trkpt lat="23.04960918612778186798095703125" lon="113.30145352520048618316650390625">
        <ele>3.7999999523162841796875</ele>
        <time>2026-09-14T22:33:08.000Z</time>
        <extensions>
          <ns3:TrackPointExtension>
            <ns3:hr>124</ns3:hr>
            <ns3:cad>80</ns3:cad>
          </ns3:TrackPointExtension>
        </extensions>
      </trkpt>
      <trkpt lat="23.04963625967502593994140625" lon="113.301457129418849945068359375">
        <ele>3.7999999523162841796875</ele>
        <time>2026-09-14T22:33:09.000Z</time>
        <extensions>
          <ns3:TrackPointExtension>
            <ns3:hr>125</ns3:hr>
            <ns3:cad>80</ns3:cad>
          </ns3:TrackPointExtension>
        </extensions>
      </trkpt>
      <trkpt lat="23.0496521852910518646240234375" lon="113.30145872198045253753662109375">
        <ele>3.7999999523162841796875</ele>
        <time>2026-09-14T22:33:10.000Z</time>
        <extensions>
          <ns3:TrackPointExtension>
            <ns3:hr>125</ns3:hr>
            <ns3:cad>80</ns3:cad>
          </ns3:TrackPointExtension>
        </extensions>
      </trkpt>
      <trkpt lat="23.04967582225799560546875" lon="113.30145872198045253753662109375">
        <ele>3.7999999523162841796875</ele>
        <time>2026-09-14T22:33:11.000Z</time>
        <extensions>
          <ns3:TrackPointExtension>
            <ns3:hr>125</ns3:hr>
            <ns3:cad>81</ns3:cad>
          </ns3:TrackPointExtension>
        </extensions>
      </trkpt>
      <trkpt lat="23.0497001297771930694580078125" lon="113.3014666847884654998779296875">
        <ele>3.7999999523162841796875</ele>
        <time>2026-09-14T22:33:12.000Z</time>
        <extensions>
          <ns3:TrackPointExtension>
            <ns3:hr>125</ns3:hr>
            <ns3:cad>81</ns3:cad>
          </ns3:TrackPointExtension>
        </extensions>
      </trkpt>
      <trkpt lat="23.04971965961158275604248046875" lon="113.3014695346355438232421875">
        <ele>3.7999999523162841796875</ele>
        <time>2026-09-14T22:33:13.000Z</time>
        <extensions>
          <ns3:TrackPointExtension>
            <ns3:hr>125</ns3:hr>
            <ns3:cad>81</ns3:cad>
          </ns3:TrackPointExtension>
        </extensions>
      </trkpt>
      <trkpt lat="23.049746565520763397216796875" lon="113.301468528807163238525390625">
        <ele>3.7999999523162841796875</ele>
        <time>2026-09-14T22:33:14.000Z</time>
        <extensions>
          <ns3:TrackPointExtension>
            <ns3:hr>125</ns3:hr>
            <ns3:cad>81</ns3:cad>
          </ns3:TrackPointExtension>
        </extensions>
      </trkpt>
      <trkpt lat="23.0497712083160877227783203125" lon="113.3014774136245250701904296875">
        <ele>3.7999999523162841796875</ele>
        <time>2026-09-14T22:33:15.000Z</time>
        <extensions>
          <ns3:TrackPointExtension>
            <ns3:hr>125</ns3:hr>
            <ns3:cad>81</ns3:cad>
          </ns3:TrackPointExtension>
        </extensions>
      </trkpt>
      <trkpt lat="23.049787469208240509033203125" lon="113.301475904881954193115234375">
        <ele>3.7999999523162841796875</ele>
        <time>2026-09-14T22:33:16.000Z</time>
        <extensions>
          <ns3:TrackPointExtension>
            <ns3:hr>126</ns3:hr>
            <ns3:cad>81</ns3:cad>
          </ns3:TrackPointExtension>
        </extensions>
      </trkpt>
      <trkpt lat="23.04981118999421596527099609375" lon="113.30147297121584415435791015625">
        <ele>3.7999999523162841796875</ele>
        <time>2026-09-14T22:33:17.000Z</time>
        <extensions>
          <ns3:TrackPointExtension>
            <ns3:hr>126</ns3:hr>
            <ns3:cad>80</ns3:cad>
          </ns3:TrackPointExtension>
        </extensions>
      </trkpt>
      <trkpt lat="23.04983474314212799072265625" lon="113.30147816799581050872802734375">
        <ele>3.7999999523162841796875</ele>
        <time>2026-09-14T22:33:18.000Z</time>
        <extensions>
          <ns3:TrackPointExtension>
            <ns3:hr>127</ns3:hr>
            <ns3:cad>81</ns3:cad>
          </ns3:TrackPointExtension>
        </extensions>
      </trkpt>
      <trkpt lat="23.04985326714813709259033203125" lon="113.30148286186158657073974609375">
        <ele>3.7999999523162841796875</ele>
        <time>2026-09-14T22:33:19.000Z</time>
        <extensions>
          <ns3:TrackPointExtension>
            <ns3:hr>127</ns3:hr>
            <ns3:cad>81</ns3:cad>
          </ns3:TrackPointExtension>
        </extensions>
      </trkpt>
      <trkpt lat="23.04987891577184200286865234375" lon="113.3014854602515697479248046875">
        <ele>4</ele>
        <time>2026-09-14T22:33:20.000Z</time>
        <extensions>
          <ns3:TrackPointExtension>
            <ns3:hr>127</ns3:hr>
            <ns3:cad>80</ns3:cad>
          </ns3:TrackPointExtension>
        </extensions>
      </trkpt>
      <trkpt lat="23.0498972721397876739501953125" lon="113.30148923210799694061279296875">
        <ele>4</ele>
        <time>2026-09-14T22:33:21.000Z</time>
        <extensions>
          <ns3:TrackPointExtension>
            <ns3:hr>128</ns3:hr>
            <ns3:cad>80</ns3:cad>
          </ns3:TrackPointExtension>
        </extensions>
      </trkpt>
      <trkpt lat="23.04991789162158966064453125" lon="113.3014888130128383636474609375">
        <ele>4</ele>
        <time>2026-09-14T22:33:22.000Z</time>
        <extensions>
          <ns3:TrackPointExtension>
            <ns3:hr>128</ns3:hr>
            <ns3:cad>80</ns3:cad>
          </ns3:TrackPointExtension>
        </extensions>
      </trkpt>
      <trkpt lat="23.0499421991407871246337890625" lon="113.3014914952218532562255859375">
        <ele>4</ele>
        <time>2026-09-14T22:33:23.000Z</time>
        <extensions>
          <ns3:TrackPointExtension>
            <ns3:hr>128</ns3:hr>
            <ns3:cad>80</ns3:cad>
          </ns3:TrackPointExtension>
        </extensions>
      </trkpt>
      <trkpt lat="23.04996005259454250335693359375" lon="113.3014951832592487335205078125">
        <ele>3.7999999523162841796875</ele>
        <time>2026-09-14T22:33:24.000Z</time>
        <extensions>
          <ns3:TrackPointExtension>
            <ns3:hr>129</ns3:hr>
            <ns3:cad>80</ns3:cad>
          </ns3:TrackPointExtension>
        </extensions>
      </trkpt>
      <trkpt lat="23.04998016916215419769287109375" lon="113.3014941774308681488037109375">
        <ele>3.7999999523162841796875</ele>
        <time>2026-09-14T22:33:25.000Z</time>
        <extensions>
          <ns3:TrackPointExtension>
            <ns3:hr>129</ns3:hr>
            <ns3:cad>80</ns3:cad>
          </ns3:TrackPointExtension>
        </extensions>
      </trkpt>
      <trkpt lat="23.05000816471874713897705078125" lon="113.3015035651624202728271484375">
        <ele>4</ele>
        <time>2026-09-14T22:33:26.000Z</time>
        <extensions>
          <ns3:TrackPointExtension>
            <ns3:hr>130</ns3:hr>
            <ns3:cad>80</ns3:cad>
          </ns3:TrackPointExtension>
        </extensions>
      </trkpt>
      <trkpt lat="23.050023503601551055908203125" lon="113.301506079733371734619140625">
        <ele>4</ele>
        <time>2026-09-14T22:33:27.000Z</time>
        <extensions>
          <ns3:TrackPointExtension>
            <ns3:hr>131</ns3:hr>
            <ns3:cad>80</ns3:cad>
          </ns3:TrackPointExtension>
        </extensions>
      </trkpt>
      <trkpt lat="23.05004437454044818878173828125" lon="113.30150616355240345001220703125">
        <ele>4</ele>
        <time>2026-09-14T22:33:28.000Z</time>
        <extensions>
          <ns3:TrackPointExtension>
            <ns3:hr>131</ns3:hr>
            <ns3:cad>80</ns3:cad>
          </ns3:TrackPointExtension>
        </extensions>
      </trkpt>
      <trkpt lat="23.05007035844027996063232421875" lon="113.30150381661951541900634765625">
        <ele>4</ele>
        <time>2026-09-14T22:33:29.000Z</time>
        <extensions>
          <ns3:TrackPointExtension>
            <ns3:hr>131</ns3:hr>
            <ns3:cad>81</ns3:cad>
          </ns3:TrackPointExtension>
        </extensions>
      </trkpt>
      <trkpt lat="23.0500840209424495697021484375" lon="113.30150641500949859619140625">
        <ele>4</ele>
        <time>2026-09-14T22:33:30.000Z</time>
        <extensions>
          <ns3:TrackPointExtension>
            <ns3:hr>131</ns3:hr>
            <ns3:cad>81</ns3:cad>
          </ns3:TrackPointExtension>
        </extensions>
      </trkpt>
      <trkpt lat="23.05009718053042888641357421875" lon="113.30149292014539241790771484375">
        <ele>4</ele>
        <time>2026-09-14T22:33:31.000Z</time>
        <extensions>
          <ns3:TrackPointExtension>
            <ns3:hr>131</ns3:hr>
            <ns3:cad>81</ns3:cad>
          </ns3:TrackPointExtension>
        </extensions>
      </trkpt>
      <trkpt lat="23.050115369260311126708984375" lon="113.301471881568431854248046875">
        <ele>3.7999999523162841796875</ele>
        <time>2026-09-14T22:33:32.000Z</time>
        <extensions>
          <ns3:TrackPointExtension>
            <ns3:hr>131</ns3:hr>
            <ns3:cad>80</ns3:cad>
          </ns3:TrackPointExtension>
        </extensions>
      </trkpt>
      <trkpt lat="23.05012232623994350433349609375" lon="113.30145654268562793731689453125">
        <ele>3.7999999523162841796875</ele>
        <time>2026-09-14T22:33:33.000Z</time>
        <extensions>
          <ns3:TrackPointExtension>
            <ns3:hr>131</ns3:hr>
            <ns3:cad>80</ns3:cad>
          </ns3:TrackPointExtension>
        </extensions>
      </trkpt>
      <trkpt lat="23.0501346476376056671142578125" lon="113.3014381863176822662353515625">
        <ele>3.7999999523162841796875</ele>
        <time>2026-09-14T22:33:34.000Z</time>
        <extensions>
          <ns3:TrackPointExtension>
            <ns3:hr>131</ns3:hr>
            <ns3:cad>80</ns3:cad>
          </ns3:TrackPointExtension>
        </extensions>
      </trkpt>
      <trkpt lat="23.0501477234065532684326171875" lon="113.30141781829297542572021484375">
        <ele>3.7999999523162841796875</ele>
        <time>2026-09-14T22:33:35.000Z</time>
        <extensions>
          <ns3:TrackPointExtension>
            <ns3:hr>131</ns3:hr>
            <ns3:cad>81</ns3:cad>
          </ns3:TrackPointExtension>
        </extensions>
      </trkpt>
      <trkpt lat="23.0501540936529636383056640625" lon="113.301398120820522308349609375">
        <ele>3.599999904632568359375</ele>
        <time>2026-09-14T22:33:36.000Z</time>
        <extensions>
          <ns3:TrackPointExtension>
            <ns3:hr>130</ns3:hr>
            <ns3:cad>81</ns3:cad>
          </ns3:TrackPointExtension>
        </extensions>
      </trkpt>
      <trkpt lat="23.0501678399741649627685546875" lon="113.30137808807194232940673828125">
        <ele>3.599999904632568359375</ele>
        <time>2026-09-14T22:33:37.000Z</time>
        <extensions>
          <ns3:TrackPointExtension>
            <ns3:hr>130</ns3:hr>
            <ns3:cad>81</ns3:cad>
          </ns3:TrackPointExtension>
        </extensions>
      </trkpt>
      <trkpt lat="23.050182424485683441162109375" lon="113.3013607375323772430419921875">
        <ele>3.599999904632568359375</ele>
        <time>2026-09-14T22:33:38.000Z</time>
        <extensions>
          <ns3:TrackPointExtension>
            <ns3:hr>130</ns3:hr>
            <ns3:cad>80</ns3:cad>
          </ns3:TrackPointExtension>
        </extensions>
      </trkpt>
      <trkpt lat="23.0501943267881870269775390625" lon="113.3013461530208587646484375">
        <ele>3.599999904632568359375</ele>
        <time>2026-09-14T22:33:39.000Z</time>
        <extensions>
          <ns3:TrackPointExtension>
            <ns3:hr>130</ns3:hr>
            <ns3:cad>80</ns3:cad>
          </ns3:TrackPointExtension>
        </extensions>
      </trkpt>
      <trkpt lat="23.05021553300321102142333984375" lon="113.3013315685093402862548828125">
        <ele>3.7999999523162841796875</ele>
        <time>2026-09-14T22:33:40.000Z</time>
        <extensions>
          <ns3:TrackPointExtension>
            <ns3:hr>130</ns3:hr>
            <ns3:cad>80</ns3:cad>
          </ns3:TrackPointExtension>
        </extensions>
      </trkpt>
      <trkpt lat="23.05023430846631526947021484375" lon="113.30133014358580112457275390625">
        <ele>3.7999999523162841796875</ele>
        <time>2026-09-14T22:33:41.000Z</time>
        <extensions>
          <ns3:TrackPointExtension>
            <ns3:hr>129</ns3:hr>
            <ns3:cad>81</ns3:cad>
          </ns3:TrackPointExtension>
        </extensions>
      </trkpt>
      <trkpt lat="23.050256185233592987060546875" lon="113.30132695846259593963623046875">
        <ele>3.7999999523162841796875</ele>
        <time>2026-09-14T22:33:42.000Z</time>
        <extensions>
          <ns3:TrackPointExtension>
            <ns3:hr>129</ns3:hr>
            <ns3:cad>81</ns3:cad>
          </ns3:TrackPointExtension>
        </extensions>
      </trkpt>
      <trkpt lat="23.0502838455140590667724609375" lon="113.3013312332332134246826171875">
        <ele>3.7999999523162841796875</ele>
        <time>2026-09-14T22:33:43.000Z</time>
        <extensions>
          <ns3:TrackPointExtension>
            <ns3:hr>129</ns3:hr>
            <ns3:cad>81</ns3:cad>
          </ns3:TrackPointExtension>
        </extensions>
      </trkpt>
      <trkpt lat="23.050301782786846160888671875" lon="113.30132947303354740142822265625">
        <ele>3.7999999523162841796875</ele>
        <time>2026-09-14T22:33:44.000Z</time>
        <extensions>
          <ns3:TrackPointExtension>
            <ns3:hr>129</ns3:hr>
            <ns3:cad>81</ns3:cad>
          </ns3:TrackPointExtension>
        </extensions>
      </trkpt>
      <trkpt lat="23.05032483302056789398193359375" lon="113.30132880248129367828369140625">
        <ele>4</ele>
        <time>2026-09-14T22:33:45.000Z</time>
        <extensions>
          <ns3:TrackPointExtension>
            <ns3:hr>129</ns3:hr>
            <ns3:cad>81</ns3:cad>
          </ns3:TrackPointExtension>
        </extensions>
      </trkpt>
      <trkpt lat="23.05035400204360485076904296875" lon="113.30133265815675258636474609375">
        <ele>4</ele>
        <time>2026-09-14T22:33:46.000Z</time>
        <extensions>
          <ns3:TrackPointExtension>
            <ns3:hr>130</ns3:hr>
            <ns3:cad>81</ns3:cad>
          </ns3:TrackPointExtension>
        </extensions>
      </trkpt>
      <trkpt lat="23.0503693409264087677001953125" lon="113.301336430013179779052734375">
        <ele>4</ele>
        <time>2026-09-14T22:33:47.000Z</time>
        <extensions>
          <ns3:TrackPointExtension>
            <ns3:hr>129</ns3:hr>
            <ns3:cad>81</ns3:cad>
          </ns3:TrackPointExtension>
        </extensions>
      </trkpt>
      <trkpt lat="23.0503904633224010467529296875" lon="113.3013355918228626251220703125">
        <ele>4</ele>
        <time>2026-09-14T22:33:48.000Z</time>
        <extensions>
          <ns3:TrackPointExtension>
            <ns3:hr>129</ns3:hr>
            <ns3:cad>81</ns3:cad>
          </ns3:TrackPointExtension>
        </extensions>
      </trkpt>
      <trkpt lat="23.05041317827999591827392578125" lon="113.30133819021284580230712890625">
        <ele>4</ele>
        <time>2026-09-14T22:33:49.000Z</time>
        <extensions>
          <ns3:TrackPointExtension>
            <ns3:hr>130</ns3:hr>
            <ns3:cad>81</ns3:cad>
          </ns3:TrackPointExtension>
        </extensions>
      </trkpt>
      <trkpt lat="23.05043195374310016632080078125" lon="113.3013392798602581024169921875">
        <ele>4</ele>
        <time>2026-09-14T22:33:50.000Z</time>
        <extensions>
          <ns3:TrackPointExtension>
            <ns3:hr>130</ns3:hr>
            <ns3:cad>81</ns3:cad>
          </ns3:TrackPointExtension>
        </extensions>
      </trkpt>
      <trkpt lat="23.05045458488166332244873046875" lon="113.301350176334381103515625">
        <ele>3.7999999523162841796875</ele>
        <time>2026-09-14T22:33:51.000Z</time>
        <extensions>
          <ns3:TrackPointExtension>
            <ns3:hr>130</ns3:hr>
            <ns3:cad>81</ns3:cad>
          </ns3:TrackPointExtension>
        </extensions>
      </trkpt>
      <trkpt lat="23.050470761954784393310546875" lon="113.30135663039982318878173828125">
        <ele>3.7999999523162841796875</ele>
        <time>2026-09-14T22:33:52.000Z</time>
        <extensions>
          <ns3:TrackPointExtension>
            <ns3:hr>130</ns3:hr>
            <ns3:cad>81</ns3:cad>
          </ns3:TrackPointExtension>
        </extensions>
      </trkpt>
      <trkpt lat="23.05049381218850612640380859375" lon="113.3013604022562503814697265625">
        <ele>4</ele>
        <time>2026-09-14T22:33:53.000Z</time>
        <extensions>
          <ns3:TrackPointExtension>
            <ns3:hr>130</ns3:hr>
            <ns3:cad>81</ns3:cad>
          </ns3:TrackPointExtension>
        </extensions>
      </trkpt>
      <trkpt lat="23.050517030060291290283203125" lon="113.3013701252639293670654296875">
        <ele>4</ele>
        <time>2026-09-14T22:33:54.000Z</time>
        <extensions>
          <ns3:TrackPointExtension>
            <ns3:hr>130</ns3:hr>
            <ns3:cad>81</ns3:cad>
          </ns3:TrackPointExtension>
        </extensions>
      </trkpt>
      <trkpt lat="23.05053622461855411529541015625" lon="113.3013832010328769683837890625">
        <ele>4</ele>
        <time>2026-09-14T22:33:55.000Z</time>
        <extensions>
          <ns3:TrackPointExtension>
            <ns3:hr>130</ns3:hr>
            <ns3:cad>82</ns3:cad>
          </ns3:TrackPointExtension>
        </extensions>
      </trkpt>
      <trkpt lat="23.0505607835948467254638671875" lon="113.30138864926993846893310546875">
        <ele>4</ele>
        <time>2026-09-14T22:33:56.000Z</time>
        <extensions>
          <ns3:TrackPointExtension>
            <ns3:hr>130</ns3:hr>
            <ns3:cad>82</ns3:cad>
          </ns3:TrackPointExtension>
        </extensions>
      </trkpt>
      <trkpt lat="23.050585426390171051025390625" lon="113.30140591599047183990478515625">
        <ele>4.19999980926513671875</ele>
        <time>2026-09-14T22:33:57.000Z</time>
        <extensions>
          <ns3:TrackPointExtension>
            <ns3:hr>130</ns3:hr>
            <ns3:cad>82</ns3:cad>
          </ns3:TrackPointExtension>
        </extensions>
      </trkpt>
      <trkpt lat="23.05060529150068759918212890625" lon="113.3014177344739437103271484375">
        <ele>4.19999980926513671875</ele>
        <time>2026-09-14T22:33:58.000Z</time>
        <extensions>
          <ns3:TrackPointExtension>
            <ns3:hr>131</ns3:hr>
            <ns3:cad>82</ns3:cad>
          </ns3:TrackPointExtension>
        </extensions>
      </trkpt>
      <trkpt lat="23.05061752907931804656982421875" lon="113.3014405332505702972412109375">
        <ele>4.19999980926513671875</ele>
        <time>2026-09-14T22:33:59.000Z</time>
        <extensions>
          <ns3:TrackPointExtension>
            <ns3:hr>131</ns3:hr>
            <ns3:cad>81</ns3:cad>
          </ns3:TrackPointExtension>
        </extensions>
      </trkpt>
      <trkpt lat="23.0506177805364131927490234375" lon="113.3014703728258609771728515625">
        <ele>4.19999980926513671875</ele>
        <time>2026-09-14T22:34:00.000Z</time>
        <extensions>
          <ns3:TrackPointExtension>
            <ns3:hr>131</ns3:hr>
            <ns3:cad>81</ns3:cad>
          </ns3:TrackPointExtension>
        </extensions>
      </trkpt>
      <trkpt lat="23.050617277622222900390625" lon="113.30148898065090179443359375">
        <ele>4.19999980926513671875</ele>
        <time>2026-09-14T22:34:01.000Z</time>
        <extensions>
          <ns3:TrackPointExtension>
            <ns3:hr>131</ns3:hr>
            <ns3:cad>81</ns3:cad>
          </ns3:TrackPointExtension>
        </extensions>
      </trkpt>
      <trkpt lat="23.05061585269868373870849609375" lon="113.3015142939984798431396484375">
        <ele>4</ele>
        <time>2026-09-14T22:34:02.000Z</time>
        <extensions>
          <ns3:TrackPointExtension>
            <ns3:hr>130</ns3:hr>
            <ns3:cad>81</ns3:cad>
          </ns3:TrackPointExtension>
        </extensions>
      </trkpt>
      <trkpt lat="23.05061669088900089263916015625" lon="113.301538936793804168701171875">
        <ele>4</ele>
        <time>2026-09-14T22:34:03.000Z</time>
        <extensions>
          <ns3:TrackPointExtension>
            <ns3:hr>131</ns3:hr>
            <ns3:cad>81</ns3:cad>
          </ns3:TrackPointExtension>
        </extensions>
      </trkpt>
      <trkpt lat="23.050618283450603485107421875" lon="113.3015558682382106781005859375">
        <ele>4</ele>
        <time>2026-09-14T22:34:04.000Z</time>
        <extensions>
          <ns3:TrackPointExtension>
            <ns3:hr>131</ns3:hr>
            <ns3:cad>80</ns3:cad>
          </ns3:TrackPointExtension>
        </extensions>
      </trkpt>
      <trkpt lat="23.0506150983273983001708984375" lon="113.30158554017543792724609375">
        <ele>4</ele>
        <time>2026-09-14T22:34:05.000Z</time>
        <extensions>
          <ns3:TrackPointExtension>
            <ns3:hr>130</ns3:hr>
            <ns3:cad>81</ns3:cad>
          </ns3:TrackPointExtension>
        </extensions>
      </trkpt>
      <trkpt lat="23.0506132543087005615234375" lon="113.30161361955106258392333984375">
        <ele>3.7999999523162841796875</ele>
        <time>2026-09-14T22:34:06.000Z</time>
        <extensions>
          <ns3:TrackPointExtension>
            <ns3:hr>131</ns3:hr>
            <ns3:cad>81</ns3:cad>
          </ns3:TrackPointExtension>
        </extensions>
      </trkpt>
      <trkpt lat="23.050613589584827423095703125" lon="113.30163138918578624725341796875">
        <ele>3.7999999523162841796875</ele>
        <time>2026-09-14T22:34:07.000Z</time>
        <extensions>
          <ns3:TrackPointExtension>
            <ns3:hr>131</ns3:hr>
            <ns3:cad>81</ns3:cad>
          </ns3:TrackPointExtension>
        </extensions>
      </trkpt>
      <trkpt lat="23.0506100691854953765869140625" lon="113.30166089348495006561279296875">
        <ele>3.7999999523162841796875</ele>
        <time>2026-09-14T22:34:08.000Z</time>
        <extensions>
          <ns3:TrackPointExtension>
            <ns3:hr>130</ns3:hr>
            <ns3:cad>81</ns3:cad>
          </ns3:TrackPointExtension>
        </extensions>
      </trkpt>
      <trkpt lat="23.050604201853275299072265625" lon="113.301682770252227783203125">
        <ele>3.7999999523162841796875</ele>
        <time>2026-09-14T22:34:09.000Z</time>
        <extensions>
          <ns3:TrackPointExtension>
            <ns3:hr>131</ns3:hr>
            <ns3:cad>80</ns3:cad>
          </ns3:TrackPointExtension>
        </extensions>
      </trkpt>
      <trkpt lat="23.0506043694913387298583984375" lon="113.30170221626758575439453125">
        <ele>3.7999999523162841796875</ele>
        <time>2026-09-14T22:34:10.000Z</time>
        <extensions>
          <ns3:TrackPointExtension>
            <ns3:hr>131</ns3:hr>
            <ns3:cad>80</ns3:cad>
          </ns3:TrackPointExtension>
        </extensions>
      </trkpt>
      <trkpt lat="23.0506050400435924530029296875" lon="113.3017282001674175262451171875">
        <ele>3.7999999523162841796875</ele>
        <time>2026-09-14T22:34:11.000Z</time>
        <extensions>
          <ns3:TrackPointExtension>
            <ns3:hr>130</ns3:hr>
            <ns3:cad>81</ns3:cad>
          </ns3:TrackPointExtension>
        </extensions>
      </trkpt>
      <trkpt lat="23.05059875361621379852294921875" lon="113.3017469756305217742919921875">
        <ele>3.7999999523162841796875</ele>
        <time>2026-09-14T22:34:12.000Z</time>
        <extensions>
          <ns3:TrackPointExtension>
            <ns3:hr>130</ns3:hr>
            <ns3:cad>81</ns3:cad>
          </ns3:TrackPointExtension>
        </extensions>
      </trkpt>
      <trkpt lat="23.05059623904526233673095703125" lon="113.30176751129329204559326171875">
        <ele>3.7999999523162841796875</ele>
        <time>2026-09-14T22:34:13.000Z</time>
        <extensions>
          <ns3:TrackPointExtension>
            <ns3:hr>130</ns3:hr>
            <ns3:cad>81</ns3:cad>
          </ns3:TrackPointExtension>
        </extensions>
      </trkpt>
      <trkpt lat="23.0505943112075328826904296875" lon="113.30179802142083644866943359375">
        <ele>3.7999999523162841796875</ele>
        <time>2026-09-14T22:34:14.000Z</time>
        <extensions>
          <ns3:TrackPointExtension>
            <ns3:hr>130</ns3:hr>
            <ns3:cad>80</ns3:cad>
          </ns3:TrackPointExtension>
        </extensions>
      </trkpt>
      <trkpt lat="23.05059389211237430572509765625" lon="113.301817215979099273681640625">
        <ele>3.7999999523162841796875</ele>
        <time>2026-09-14T22:34:15.000Z</time>
        <extensions>
          <ns3:TrackPointExtension>
            <ns3:hr>130</ns3:hr>
            <ns3:cad>80</ns3:cad>
          </ns3:TrackPointExtension>
        </extensions>
      </trkpt>
      <trkpt lat="23.05059322156012058258056640625" lon="113.3018348179757595062255859375">
        <ele>3.7999999523162841796875</ele>
        <time>2026-09-14T22:34:16.000Z</time>
        <extensions>
          <ns3:TrackPointExtension>
            <ns3:hr>130</ns3:hr>
            <ns3:cad>81</ns3:cad>
          </ns3:TrackPointExtension>
        </extensions>
      </trkpt>
      <trkpt lat="23.05058953352272510528564453125" lon="113.30186071805655956268310546875">
        <ele>3.7999999523162841796875</ele>
        <time>2026-09-14T22:34:17.000Z</time>
        <extensions>
          <ns3:TrackPointExtension>
            <ns3:hr>129</ns3:hr>
            <ns3:cad>81</ns3:cad>
          </ns3:TrackPointExtension>
        </extensions>
      </trkpt>
      <trkpt lat="23.0505835823714733123779296875" lon="113.3018767274916172027587890625">
        <ele>3.7999999523162841796875</ele>
        <time>2026-09-14T22:34:18.000Z</time>
        <extensions>
          <ns3:TrackPointExtension>
            <ns3:hr>129</ns3:hr>
            <ns3:cad>81</ns3:cad>
          </ns3:TrackPointExtension>
        </extensions>
      </trkpt>
      <trkpt lat="23.0505815707147121429443359375" lon="113.30190061591565608978271484375">
        <ele>4</ele>
        <time>2026-09-14T22:34:19.000Z</time>
        <extensions>
          <ns3:TrackPointExtension>
            <ns3:hr>130</ns3:hr>
            <ns3:cad>81</ns3:cad>
          </ns3:TrackPointExtension>
        </extensions>
      </trkpt>
      <trkpt lat="23.0505809001624584197998046875" lon="113.30192483961582183837890625">
        <ele>3.7999999523162841796875</ele>
        <time>2026-09-14T22:34:20.000Z</time>
        <extensions>
          <ns3:TrackPointExtension>
            <ns3:hr>130</ns3:hr>
            <ns3:cad>80</ns3:cad>
          </ns3:TrackPointExtension>
        </extensions>
      </trkpt>
      <trkpt lat="23.0505783855915069580078125" lon="113.301942609250545501708984375">
        <ele>3.7999999523162841796875</ele>
        <time>2026-09-14T22:34:21.000Z</time>
        <extensions>
          <ns3:TrackPointExtension>
            <ns3:hr>130</ns3:hr>
            <ns3:cad>81</ns3:cad>
          </ns3:TrackPointExtension>
        </extensions>
      </trkpt>
      <trkpt lat="23.05057696066796779632568359375" lon="113.3019729517400264739990234375">
        <ele>3.7999999523162841796875</ele>
        <time>2026-09-14T22:34:22.000Z</time>
        <extensions>
          <ns3:TrackPointExtension>
            <ns3:hr>129</ns3:hr>
            <ns3:cad>81</ns3:cad>
          </ns3:TrackPointExtension>
        </extensions>
      </trkpt>
      <trkpt lat="23.05057645775377750396728515625" lon="113.30199851654469966888427734375">
        <ele>3.7999999523162841796875</ele>
        <time>2026-09-14T22:34:23.000Z</time>
        <extensions>
          <ns3:TrackPointExtension>
            <ns3:hr>129</ns3:hr>
            <ns3:cad>81</ns3:cad>
          </ns3:TrackPointExtension>
        </extensions>
      </trkpt>
      <trkpt lat="23.0505768768489360809326171875" lon="113.30201871693134307861328125">
        <ele>3.599999904632568359375</ele>
        <time>2026-09-14T22:34:24.000Z</time>
        <extensions>
          <ns3:TrackPointExtension>
            <ns3:hr>129</ns3:hr>
            <ns3:cad>81</ns3:cad>
          </ns3:TrackPointExtension>
        </extensions>
      </trkpt>
      <trkpt lat="23.0505738593637943267822265625" lon="113.30204495228826999664306640625">
        <ele>3.599999904632568359375</ele>
        <time>2026-09-14T22:34:25.000Z</time>
        <extensions>
          <ns3:TrackPointExtension>
            <ns3:hr>129</ns3:hr>
            <ns3:cad>81</ns3:cad>
          </ns3:TrackPointExtension>
        </extensions>
      </trkpt>
      <trkpt lat="23.05056841112673282623291015625" lon="113.3020698465406894683837890625">
        <ele>3.599999904632568359375</ele>
        <time>2026-09-14T22:34:26.000Z</time>
        <extensions>
          <ns3:TrackPointExtension>
            <ns3:hr>129</ns3:hr>
            <ns3:cad>81</ns3:cad>
          </ns3:TrackPointExtension>
        </extensions>
      </trkpt>
      <trkpt lat="23.05056857876479625701904296875" lon="113.3020866103470325469970703125">
        <ele>3.599999904632568359375</ele>
        <time>2026-09-14T22:34:27.000Z</time>
        <extensions>
          <ns3:TrackPointExtension>
            <ns3:hr>130</ns3:hr>
            <ns3:cad>81</ns3:cad>
          </ns3:TrackPointExtension>
        </extensions>
      </trkpt>
      <trkpt lat="23.0505622923374176025390625" lon="113.30211653374135494232177734375">
        <ele>3.599999904632568359375</ele>
        <time>2026-09-14T22:34:28.000Z</time>
        <extensions>
          <ns3:TrackPointExtension>
            <ns3:hr>129</ns3:hr>
            <ns3:cad>81</ns3:cad>
          </ns3:TrackPointExtension>
        </extensions>
      </trkpt>
      <trkpt lat="23.050556592643260955810546875" lon="113.30213405191898345947265625">
        <ele>3.599999904632568359375</ele>
        <time>2026-09-14T22:34:29.000Z</time>
        <extensions>
          <ns3:TrackPointExtension>
            <ns3:hr>129</ns3:hr>
            <ns3:cad>81</ns3:cad>
          </ns3:TrackPointExtension>
        </extensions>
      </trkpt>
      <trkpt lat="23.05055516771972179412841796875" lon="113.30215676687657833099365234375">
        <ele>3.599999904632568359375</ele>
        <time>2026-09-14T22:34:30.000Z</time>
        <extensions>
          <ns3:TrackPointExtension>
            <ns3:hr>129</ns3:hr>
            <ns3:cad>81</ns3:cad>
          </ns3:TrackPointExtension>
        </extensions>
      </trkpt>
      <trkpt lat="23.05055315606296062469482421875" lon="113.30218610353767871856689453125">
        <ele>3.599999904632568359375</ele>
        <time>2026-09-14T22:34:31.000Z</time>
        <extensions>
          <ns3:TrackPointExtension>
            <ns3:hr>130</ns3:hr>
            <ns3:cad>81</ns3:cad>
          </ns3:TrackPointExtension>
        </extensions>
      </trkpt>
      <trkpt lat="23.0505527369678020477294921875" lon="113.3022058010101318359375">
        <ele>3.599999904632568359375</ele>
        <time>2026-09-14T22:34:32.000Z</time>
        <extensions>
          <ns3:TrackPointExtension>
            <ns3:hr>129</ns3:hr>
            <ns3:cad>81</ns3:cad>
          </ns3:TrackPointExtension>
        </extensions>
      </trkpt>
      <trkpt lat="23.05055432952940464019775390625" lon="113.30222834832966327667236328125">
        <ele>3.599999904632568359375</ele>
        <time>2026-09-14T22:34:33.000Z</time>
        <extensions>
          <ns3:TrackPointExtension>
            <ns3:hr>130</ns3:hr>
            <ns3:cad>81</ns3:cad>
          </ns3:TrackPointExtension>
        </extensions>
      </trkpt>
      <trkpt lat="23.05055617354810237884521484375" lon="113.3022549189627170562744140625">
        <ele>3.599999904632568359375</ele>
        <time>2026-09-14T22:34:34.000Z</time>
        <extensions>
          <ns3:TrackPointExtension>
            <ns3:hr>130</ns3:hr>
            <ns3:cad>81</ns3:cad>
          </ns3:TrackPointExtension>
        </extensions>
      </trkpt>
      <trkpt lat="23.05055969394743442535400390625" lon="113.302272520959377288818359375">
        <ele>3.599999904632568359375</ele>
        <time>2026-09-14T22:34:35.000Z</time>
        <extensions>
          <ns3:TrackPointExtension>
            <ns3:hr>130</ns3:hr>
            <ns3:cad>81</ns3:cad>
          </ns3:TrackPointExtension>
        </extensions>
      </trkpt>
      <trkpt lat="23.05055835284292697906494140625" lon="113.3023005165159702301025390625">
        <ele>3.599999904632568359375</ele>
        <time>2026-09-14T22:34:36.000Z</time>
        <extensions>
          <ns3:TrackPointExtension>
            <ns3:hr>130</ns3:hr>
            <ns3:cad>81</ns3:cad>
          </ns3:TrackPointExtension>
        </extensions>
      </trkpt>
      <trkpt lat="23.05055717937648296356201171875" lon="113.30232256092131137847900390625">
        <ele>3.599999904632568359375</ele>
        <time>2026-09-14T22:34:37.000Z</time>
        <extensions>
          <ns3:TrackPointExtension>
            <ns3:hr>130</ns3:hr>
            <ns3:cad>81</ns3:cad>
          </ns3:TrackPointExtension>
        </extensions>
      </trkpt>
      <trkpt lat="23.050561286509037017822265625" lon="113.30233580432832241058349609375">
        <ele>3.7999999523162841796875</ele>
        <time>2026-09-14T22:34:38.000Z</time>
        <extensions>
          <ns3:TrackPointExtension>
            <ns3:hr>130</ns3:hr>
            <ns3:cad>81</ns3:cad>
          </ns3:TrackPointExtension>
        </extensions>
      </trkpt>
      <trkpt lat="23.05056120269000530242919921875" lon="113.30236229114234447479248046875">
        <ele>3.7999999523162841796875</ele>
        <time>2026-09-14T22:34:39.000Z</time>
        <extensions>
          <ns3:TrackPointExtension>
            <ns3:hr>129</ns3:hr>
            <ns3:cad>81</ns3:cad>
          </ns3:TrackPointExtension>
        </extensions>
      </trkpt>
      <trkpt lat="23.05056338198482990264892578125" lon="113.30238307826220989227294921875">
        <ele>4</ele>
        <time>2026-09-14T22:34:40.000Z</time>
        <extensions>
          <ns3:TrackPointExtension>
            <ns3:hr>128</ns3:hr>
            <ns3:cad>81</ns3:cad>
          </ns3:TrackPointExtension>
        </extensions>
      </trkpt>
      <trkpt lat="23.05056832730770111083984375" lon="113.30239917151629924774169921875">
        <ele>4.19999980926513671875</ele>
        <time>2026-09-14T22:34:41.000Z</time>
        <extensions>
          <ns3:TrackPointExtension>
            <ns3:hr>128</ns3:hr>
            <ns3:cad>81</ns3:cad>
          </ns3:TrackPointExtension>
        </extensions>
      </trkpt>
      <trkpt lat="23.05056631565093994140625" lon="113.30242482014000415802001953125">
        <ele>4.400000095367431640625</ele>
        <time>2026-09-14T22:34:42.000Z</time>
        <extensions>
          <ns3:TrackPointExtension>
            <ns3:hr>128</ns3:hr>
            <ns3:cad>81</ns3:cad>
          </ns3:TrackPointExtension>
        </extensions>
      </trkpt>
      <trkpt lat="23.0505641363561153411865234375" lon="113.302444517612457275390625">
        <ele>4.599999904632568359375</ele>
        <time>2026-09-14T22:34:43.000Z</time>
        <extensions>
          <ns3:TrackPointExtension>
            <ns3:hr>128</ns3:hr>
            <ns3:cad>80</ns3:cad>
          </ns3:TrackPointExtension>
        </extensions>
      </trkpt>
      <trkpt lat="23.05057276971638202667236328125" lon="113.30245851539075374603271484375">
        <ele>4.599999904632568359375</ele>
        <time>2026-09-14T22:34:44.000Z</time>
        <extensions>
          <ns3:TrackPointExtension>
            <ns3:hr>128</ns3:hr>
            <ns3:cad>80</ns3:cad>
          </ns3:TrackPointExtension>
        </extensions>
      </trkpt>
      <trkpt lat="23.050568997859954833984375" lon="113.30248550511896610260009765625">
        <ele>4.80000019073486328125</ele>
        <time>2026-09-14T22:34:45.000Z</time>
        <extensions>
          <ns3:TrackPointExtension>
            <ns3:hr>128</ns3:hr>
            <ns3:cad>80</ns3:cad>
          </ns3:TrackPointExtension>
        </extensions>
      </trkpt>
      <trkpt lat="23.05056757293641567230224609375" lon="113.3025070466101169586181640625">
        <ele>4.80000019073486328125</ele>
        <time>2026-09-14T22:34:46.000Z</time>
        <extensions>
          <ns3:TrackPointExtension>
            <ns3:hr>128</ns3:hr>
            <ns3:cad>80</ns3:cad>
          </ns3:TrackPointExtension>
        </extensions>
      </trkpt>
      <trkpt lat="23.05056958459317684173583984375" lon="113.30252624116837978363037109375">
        <ele>5</ele>
        <time>2026-09-14T22:34:47.000Z</time>
        <extensions>
          <ns3:TrackPointExtension>
            <ns3:hr>129</ns3:hr>
            <ns3:cad>80</ns3:cad>
          </ns3:TrackPointExtension>
        </extensions>
      </trkpt>
      <trkpt lat="23.05057159624993801116943359375" lon="113.30255515873432159423828125">
        <ele>5</ele>
        <time>2026-09-14T22:34:48.000Z</time>
        <extensions>
          <ns3:TrackPointExtension>
            <ns3:hr>130</ns3:hr>
            <ns3:cad>80</ns3:cad>
          </ns3:TrackPointExtension>
        </extensions>
      </trkpt>
      <trkpt lat="23.05057109333574771881103515625" lon="113.30257133580744266510009765625">
        <ele>5</ele>
        <time>2026-09-14T22:34:49.000Z</time>
        <extensions>
          <ns3:TrackPointExtension>
            <ns3:hr>130</ns3:hr>
            <ns3:cad>80</ns3:cad>
          </ns3:TrackPointExtension>
        </extensions>
      </trkpt>
      <trkpt lat="23.05057511664927005767822265625" lon="113.30259178765118122100830078125">
        <ele>5</ele>
        <time>2026-09-14T22:34:50.000Z</time>
        <extensions>
          <ns3:TrackPointExtension>
            <ns3:hr>130</ns3:hr>
            <ns3:cad>80</ns3:cad>
          </ns3:TrackPointExtension>
        </extensions>
      </trkpt>
      <trkpt lat="23.0505735240876674652099609375" lon="113.30261894501745700836181640625">
        <ele>5</ele>
        <time>2026-09-14T22:34:51.000Z</time>
        <extensions>
          <ns3:TrackPointExtension>
            <ns3:hr>130</ns3:hr>
            <ns3:cad>81</ns3:cad>
          </ns3:TrackPointExtension>
        </extensions>
      </trkpt>
      <trkpt lat="23.0505762062966823577880859375" lon="113.30263470299541950225830078125">
        <ele>5</ele>
        <time>2026-09-14T22:34:52.000Z</time>
        <extensions>
          <ns3:TrackPointExtension>
            <ns3:hr>130</ns3:hr>
            <ns3:cad>80</ns3:cad>
          </ns3:TrackPointExtension>
        </extensions>
      </trkpt>
      <trkpt lat="23.0505798943340778350830078125" lon="113.30265599302947521209716796875">
        <ele>5</ele>
        <time>2026-09-14T22:34:53.000Z</time>
        <extensions>
          <ns3:TrackPointExtension>
            <ns3:hr>131</ns3:hr>
            <ns3:cad>80</ns3:cad>
          </ns3:TrackPointExtension>
        </extensions>
      </trkpt>
      <trkpt lat="23.05057947523891925811767578125" lon="113.302679546177387237548828125">
        <ele>4.80000019073486328125</ele>
        <time>2026-09-14T22:34:54.000Z</time>
        <extensions>
          <ns3:TrackPointExtension>
            <ns3:hr>131</ns3:hr>
            <ns3:cad>80</ns3:cad>
          </ns3:TrackPointExtension>
        </extensions>
      </trkpt>
      <trkpt lat="23.05058433674275875091552734375" lon="113.30269438214600086212158203125">
        <ele>4.80000019073486328125</ele>
        <time>2026-09-14T22:34:55.000Z</time>
        <extensions>
          <ns3:TrackPointExtension>
            <ns3:hr>132</ns3:hr>
            <ns3:cad>80</ns3:cad>
          </ns3:TrackPointExtension>
        </extensions>
      </trkpt>
      <trkpt lat="23.05058919824659824371337890625" lon="113.302718438208103179931640625">
        <ele>4.80000019073486328125</ele>
        <time>2026-09-14T22:34:56.000Z</time>
        <extensions>
          <ns3:TrackPointExtension>
            <ns3:hr>132</ns3:hr>
            <ns3:cad>80</ns3:cad>
          </ns3:TrackPointExtension>
        </extensions>
      </trkpt>
      <trkpt lat="23.05058618076145648956298828125" lon="113.302743248641490936279296875">
        <ele>4.80000019073486328125</ele>
        <time>2026-09-14T22:34:57.000Z</time>
        <extensions>
          <ns3:TrackPointExtension>
            <ns3:hr>132</ns3:hr>
            <ns3:cad>81</ns3:cad>
          </ns3:TrackPointExtension>
        </extensions>
      </trkpt>
      <trkpt lat="23.05058651603758335113525390625" lon="113.302762024104595184326171875">
        <ele>4.80000019073486328125</ele>
        <time>2026-09-14T22:34:58.000Z</time>
        <extensions>
          <ns3:TrackPointExtension>
            <ns3:hr>132</ns3:hr>
            <ns3:cad>81</ns3:cad>
          </ns3:TrackPointExtension>
        </extensions>
      </trkpt>
      <trkpt lat="23.0505864322185516357421875" lon="113.30279278568923473358154296875">
        <ele>5</ele>
        <time>2026-09-14T22:34:59.000Z</time>
        <extensions>
          <ns3:TrackPointExtension>
            <ns3:hr>133</ns3:hr>
            <ns3:cad>81</ns3:cad>
          </ns3:TrackPointExtension>
        </extensions>
      </trkpt>
      <trkpt lat="23.05058148689568042755126953125" lon="113.302814662456512451171875">
        <ele>5</ele>
        <time>2026-09-14T22:35:00.000Z</time>
        <extensions>
          <ns3:TrackPointExtension>
            <ns3:hr>133</ns3:hr>
            <ns3:cad>81</ns3:cad>
          </ns3:TrackPointExtension>
        </extensions>
      </trkpt>
      <trkpt lat="23.05058567784726619720458984375" lon="113.30283637158572673797607421875">
        <ele>5</ele>
        <time>2026-09-14T22:35:01.000Z</time>
        <extensions>
          <ns3:TrackPointExtension>
            <ns3:hr>133</ns3:hr>
            <ns3:cad>81</ns3:cad>
          </ns3:TrackPointExtension>
        </extensions>
      </trkpt>
      <trkpt lat="23.050585426390171051025390625" lon="113.3028661273419857025146484375">
        <ele>5</ele>
        <time>2026-09-14T22:35:02.000Z</time>
        <extensions>
          <ns3:TrackPointExtension>
            <ns3:hr>133</ns3:hr>
            <ns3:cad>81</ns3:cad>
          </ns3:TrackPointExtension>
        </extensions>
      </trkpt>
      <trkpt lat="23.05058584548532962799072265625" lon="113.30288263969123363494873046875">
        <ele>5</ele>
        <time>2026-09-14T22:35:03.000Z</time>
        <extensions>
          <ns3:TrackPointExtension>
            <ns3:hr>133</ns3:hr>
            <ns3:cad>81</ns3:cad>
          </ns3:TrackPointExtension>
        </extensions>
      </trkpt>
      <trkpt lat="23.05059053935110569000244140625" lon="113.30290594138205051422119140625">
        <ele>5</ele>
        <time>2026-09-14T22:35:04.000Z</time>
        <extensions>
          <ns3:TrackPointExtension>
            <ns3:hr>133</ns3:hr>
            <ns3:cad>81</ns3:cad>
          </ns3:TrackPointExtension>
        </extensions>
      </trkpt>
      <trkpt lat="23.05058970116078853607177734375" lon="113.3029294945299625396728515625">
        <ele>5</ele>
        <time>2026-09-14T22:35:05.000Z</time>
        <extensions>
          <ns3:TrackPointExtension>
            <ns3:hr>132</ns3:hr>
            <ns3:cad>81</ns3:cad>
          </ns3:TrackPointExtension>
        </extensions>
      </trkpt>
      <trkpt lat="23.05059405975043773651123046875" lon="113.30294407904148101806640625">
        <ele>5</ele>
        <time>2026-09-14T22:35:06.000Z</time>
        <extensions>
          <ns3:TrackPointExtension>
            <ns3:hr>133</ns3:hr>
            <ns3:cad>81</ns3:cad>
          </ns3:TrackPointExtension>
        </extensions>
      </trkpt>
      <trkpt lat="23.05059087462723255157470703125" lon="113.30297115258872509002685546875">
        <ele>5</ele>
        <time>2026-09-14T22:35:07.000Z</time>
        <extensions>
          <ns3:TrackPointExtension>
            <ns3:hr>133</ns3:hr>
            <ns3:cad>81</ns3:cad>
          </ns3:TrackPointExtension>
        </extensions>
      </trkpt>
      <trkpt lat="23.0505879409611225128173828125" lon="113.3029942028224468231201171875">
        <ele>5</ele>
        <time>2026-09-14T22:35:08.000Z</time>
        <extensions>
          <ns3:TrackPointExtension>
            <ns3:hr>133</ns3:hr>
            <ns3:cad>82</ns3:cad>
          </ns3:TrackPointExtension>
        </extensions>
      </trkpt>
      <trkpt lat="23.0505919642746448516845703125" lon="113.3030139841139316558837890625">
        <ele>4.80000019073486328125</ele>
        <time>2026-09-14T22:35:09.000Z</time>
        <extensions>
          <ns3:TrackPointExtension>
            <ns3:hr>133</ns3:hr>
            <ns3:cad>82</ns3:cad>
          </ns3:TrackPointExtension>
        </extensions>
      </trkpt>
      <trkpt lat="23.05058752186596393585205078125" lon="113.303045332431793212890625">
        <ele>4.80000019073486328125</ele>
        <time>2026-09-14T22:35:10.000Z</time>
        <extensions>
          <ns3:TrackPointExtension>
            <ns3:hr>133</ns3:hr>
            <ns3:cad>82</ns3:cad>
          </ns3:TrackPointExtension>
        </extensions>
      </trkpt>
      <trkpt lat="23.0505849234759807586669921875" lon="113.30306603573262691497802734375">
        <ele>4.80000019073486328125</ele>
        <time>2026-09-14T22:35:11.000Z</time>
        <extensions>
          <ns3:TrackPointExtension>
            <ns3:hr>133</ns3:hr>
            <ns3:cad>82</ns3:cad>
          </ns3:TrackPointExtension>
        </extensions>
      </trkpt>
      <trkpt lat="23.0505909584462642669677734375" lon="113.3030860684812068939208984375">
        <ele>4.80000019073486328125</ele>
        <time>2026-09-14T22:35:12.000Z</time>
        <extensions>
          <ns3:TrackPointExtension>
            <ns3:hr>133</ns3:hr>
            <ns3:cad>82</ns3:cad>
          </ns3:TrackPointExtension>
        </extensions>
      </trkpt>
      <trkpt lat="23.05059020407497882843017578125" lon="113.3031149022281169891357421875">
        <ele>4.80000019073486328125</ele>
        <time>2026-09-14T22:35:13.000Z</time>
        <extensions>
          <ns3:TrackPointExtension>
            <ns3:hr>133</ns3:hr>
            <ns3:cad>82</ns3:cad>
          </ns3:TrackPointExtension>
        </extensions>
      </trkpt>
      <trkpt lat="23.0505916289985179901123046875" lon="113.30313443206250667572021484375">
        <ele>4.80000019073486328125</ele>
        <time>2026-09-14T22:35:14.000Z</time>
        <extensions>
          <ns3:TrackPointExtension>
            <ns3:hr>133</ns3:hr>
            <ns3:cad>82</ns3:cad>
          </ns3:TrackPointExtension>
        </extensions>
      </trkpt>
      <trkpt lat="23.05059305392205715179443359375" lon="113.30315773375332355499267578125">
        <ele>4.80000019073486328125</ele>
        <time>2026-09-14T22:35:15.000Z</time>
        <extensions>
          <ns3:TrackPointExtension>
            <ns3:hr>133</ns3:hr>
            <ns3:cad>81</ns3:cad>
          </ns3:TrackPointExtension>
        </extensions>
      </trkpt>
      <trkpt lat="23.05058836005628108978271484375" lon="113.30318279564380645751953125">
        <ele>4.80000019073486328125</ele>
        <time>2026-09-14T22:35:16.000Z</time>
        <extensions>
          <ns3:TrackPointExtension>
            <ns3:hr>132</ns3:hr>
            <ns3:cad>81</ns3:cad>
          </ns3:TrackPointExtension>
        </extensions>
      </trkpt>
      <trkpt lat="23.05059003643691539764404296875" lon="113.3031995594501495361328125">
        <ele>4.80000019073486328125</ele>
        <time>2026-09-14T22:35:17.000Z</time>
        <extensions>
          <ns3:TrackPointExtension>
            <ns3:hr>133</ns3:hr>
            <ns3:cad>81</ns3:cad>
          </ns3:TrackPointExtension>
        </extensions>
      </trkpt>
      <trkpt lat="23.05058886297047138214111328125" lon="113.30322830937802791595458984375">
        <ele>4.80000019073486328125</ele>
        <time>2026-09-14T22:35:18.000Z</time>
        <extensions>
          <ns3:TrackPointExtension>
            <ns3:hr>134</ns3:hr>
            <ns3:cad>81</ns3:cad>
          </ns3:TrackPointExtension>
        </extensions>
      </trkpt>
      <trkpt lat="23.05058601312339305877685546875" lon="113.30325228162109851837158203125">
        <ele>4.80000019073486328125</ele>
        <time>2026-09-14T22:35:19.000Z</time>
        <extensions>
          <ns3:TrackPointExtension>
            <ns3:hr>134</ns3:hr>
            <ns3:cad>81</ns3:cad>
          </ns3:TrackPointExtension>
        </extensions>
      </trkpt>
      <trkpt lat="23.0505891144275665283203125" lon="113.30326586030423641204833984375">
        <ele>4.80000019073486328125</ele>
        <time>2026-09-14T22:35:20.000Z</time>
        <extensions>
          <ns3:TrackPointExtension>
            <ns3:hr>134</ns3:hr>
            <ns3:cad>81</ns3:cad>
          </ns3:TrackPointExtension>
        </extensions>
      </trkpt>
      <trkpt lat="23.050584755837917327880859375" lon="113.30329167656600475311279296875">
        <ele>4.80000019073486328125</ele>
        <time>2026-09-14T22:35:21.000Z</time>
        <extensions>
          <ns3:TrackPointExtension>
            <ns3:hr>134</ns3:hr>
            <ns3:cad>81</ns3:cad>
          </ns3:TrackPointExtension>
        </extensions>
      </trkpt>
      <trkpt lat="23.05058450438082218170166015625" lon="113.3033127151429653167724609375">
        <ele>4.80000019073486328125</ele>
        <time>2026-09-14T22:35:22.000Z</time>
        <extensions>
          <ns3:TrackPointExtension>
            <ns3:hr>134</ns3:hr>
            <ns3:cad>81</ns3:cad>
          </ns3:TrackPointExtension>
        </extensions>
      </trkpt>
      <trkpt lat="23.0505902878940105438232421875" lon="113.30333040095865726470947265625">
        <ele>4.80000019073486328125</ele>
        <time>2026-09-14T22:35:23.000Z</time>
        <extensions>
          <ns3:TrackPointExtension>
            <ns3:hr>135</ns3:hr>
            <ns3:cad>81</ns3:cad>
          </ns3:TrackPointExtension>
        </extensions>
      </trkpt>
      <trkpt lat="23.05058442056179046630859375" lon="113.30335990525782108306884765625">
        <ele>4.80000019073486328125</ele>
        <time>2026-09-14T22:35:24.000Z</time>
        <extensions>
          <ns3:TrackPointExtension>
            <ns3:hr>135</ns3:hr>
            <ns3:cad>81</ns3:cad>
          </ns3:TrackPointExtension>
        </extensions>
      </trkpt>
      <trkpt lat="23.05058400146663188934326171875" lon="113.303379602730274200439453125">
        <ele>4.80000019073486328125</ele>
        <time>2026-09-14T22:35:25.000Z</time>
        <extensions>
          <ns3:TrackPointExtension>
            <ns3:hr>135</ns3:hr>
            <ns3:cad>81</ns3:cad>
          </ns3:TrackPointExtension>
        </extensions>
      </trkpt>
      <trkpt lat="23.05058953352272510528564453125" lon="113.303399048745632171630859375">
        <ele>4.80000019073486328125</ele>
        <time>2026-09-14T22:35:26.000Z</time>
        <extensions>
          <ns3:TrackPointExtension>
            <ns3:hr>134</ns3:hr>
            <ns3:cad>81</ns3:cad>
          </ns3:TrackPointExtension>
        </extensions>
      </trkpt>
      <trkpt lat="23.05058701895177364349365234375" lon="113.30342821776866912841796875">
        <ele>4.80000019073486328125</ele>
        <time>2026-09-14T22:35:27.000Z</time>
        <extensions>
          <ns3:TrackPointExtension>
            <ns3:hr>135</ns3:hr>
            <ns3:cad>81</ns3:cad>
          </ns3:TrackPointExtension>
        </extensions>
      </trkpt>
      <trkpt lat="23.05058701895177364349365234375" lon="113.30344607122242450714111328125">
        <ele>4.80000019073486328125</ele>
        <time>2026-09-14T22:35:28.000Z</time>
        <extensions>
          <ns3:TrackPointExtension>
            <ns3:hr>135</ns3:hr>
            <ns3:cad>81</ns3:cad>
          </ns3:TrackPointExtension>
        </extensions>
      </trkpt>
      <trkpt lat="23.05058919824659824371337890625" lon="113.3034689538180828094482421875">
        <ele>4.80000019073486328125</ele>
        <time>2026-09-14T22:35:29.000Z</time>
        <extensions>
          <ns3:TrackPointExtension>
            <ns3:hr>134</ns3:hr>
            <ns3:cad>80</ns3:cad>
          </ns3:TrackPointExtension>
        </extensions>
      </trkpt>
      <trkpt lat="23.05059037171304225921630859375" lon="113.30349468626081943511962890625">
        <ele>4.80000019073486328125</ele>
        <time>2026-09-14T22:35:30.000Z</time>
        <extensions>
          <ns3:TrackPointExtension>
            <ns3:hr>135</ns3:hr>
            <ns3:cad>80</ns3:cad>
          </ns3:TrackPointExtension>
        </extensions>
      </trkpt>
      <trkpt lat="23.05059221573173999786376953125" lon="113.3035133779048919677734375">
        <ele>4.80000019073486328125</ele>
        <time>2026-09-14T22:35:31.000Z</time>
        <extensions>
          <ns3:TrackPointExtension>
            <ns3:hr>135</ns3:hr>
            <ns3:cad>80</ns3:cad>
          </ns3:TrackPointExtension>
        </extensions>
      </trkpt>
      <trkpt lat="23.05059322156012058258056640625" lon="113.303535841405391693115234375">
        <ele>4.80000019073486328125</ele>
        <time>2026-09-14T22:35:32.000Z</time>
        <extensions>
          <ns3:TrackPointExtension>
            <ns3:hr>134</ns3:hr>
            <ns3:cad>80</ns3:cad>
          </ns3:TrackPointExtension>
        </extensions>
      </trkpt>
      <trkpt lat="23.050588779151439666748046875" lon="113.30356098711490631103515625">
        <ele>4.599999904632568359375</ele>
        <time>2026-09-14T22:35:33.000Z</time>
        <extensions>
          <ns3:TrackPointExtension>
            <ns3:hr>134</ns3:hr>
            <ns3:cad>81</ns3:cad>
          </ns3:TrackPointExtension>
        </extensions>
      </trkpt>
      <trkpt lat="23.050590790808200836181640625" lon="113.30357800237834453582763671875">
        <ele>4.599999904632568359375</ele>
        <time>2026-09-14T22:35:34.000Z</time>
        <extensions>
          <ns3:TrackPointExtension>
            <ns3:hr>134</ns3:hr>
            <ns3:cad>81</ns3:cad>
          </ns3:TrackPointExtension>
        </extensions>
      </trkpt>
      <trkpt lat="23.05058634839951992034912109375" lon="113.3036087639629840850830078125">
        <ele>4.599999904632568359375</ele>
        <time>2026-09-14T22:35:35.000Z</time>
        <extensions>
          <ns3:TrackPointExtension>
            <ns3:hr>134</ns3:hr>
            <ns3:cad>80</ns3:cad>
          </ns3:TrackPointExtension>
        </extensions>
      </trkpt>
      <trkpt lat="23.0505819059908390045166015625" lon="113.30363097600638866424560546875">
        <ele>4.599999904632568359375</ele>
        <time>2026-09-14T22:35:36.000Z</time>
        <extensions>
          <ns3:TrackPointExtension>
            <ns3:hr>135</ns3:hr>
            <ns3:cad>80</ns3:cad>
          </ns3:TrackPointExtension>
        </extensions>
      </trkpt>
      <trkpt lat="23.05058777332305908203125" lon="113.30364857800304889678955078125">
        <ele>4.599999904632568359375</ele>
        <time>2026-09-14T22:35:37.000Z</time>
        <extensions>
          <ns3:TrackPointExtension>
            <ns3:hr>134</ns3:hr>
            <ns3:cad>80</ns3:cad>
          </ns3:TrackPointExtension>
        </extensions>
      </trkpt>
      <trkpt lat="23.0505798943340778350830078125" lon="113.30367942340672016143798828125">
        <ele>4.599999904632568359375</ele>
        <time>2026-09-14T22:35:38.000Z</time>
        <extensions>
          <ns3:TrackPointExtension>
            <ns3:hr>134</ns3:hr>
            <ns3:cad>81</ns3:cad>
          </ns3:TrackPointExtension>
        </extensions>
      </trkpt>
      <trkpt lat="23.05057193152606487274169921875" lon="113.30370322801172733306884765625">
        <ele>4.599999904632568359375</ele>
        <time>2026-09-14T22:35:39.000Z</time>
        <extensions>
          <ns3:TrackPointExtension>
            <ns3:hr>133</ns3:hr>
            <ns3:cad>81</ns3:cad>
          </ns3:TrackPointExtension>
        </extensions>
      </trkpt>
      <trkpt lat="23.050575368106365203857421875" lon="113.30372485332190990447998046875">
        <ele>4.599999904632568359375</ele>
        <time>2026-09-14T22:35:40.000Z</time>
        <extensions>
          <ns3:TrackPointExtension>
            <ns3:hr>133</ns3:hr>
            <ns3:cad>81</ns3:cad>
          </ns3:TrackPointExtension>
        </extensions>
      </trkpt>
      <trkpt lat="23.05056941695511341094970703125" lon="113.3037552796304225921630859375">
        <ele>4.80000019073486328125</ele>
        <time>2026-09-14T22:35:41.000Z</time>
        <extensions>
          <ns3:TrackPointExtension>
            <ns3:hr>133</ns3:hr>
            <ns3:cad>81</ns3:cad>
          </ns3:TrackPointExtension>
        </extensions>
      </trkpt>
      <trkpt lat="23.0505638010799884796142578125" lon="113.30377430655062198638916015625">
        <ele>4.80000019073486328125</ele>
        <time>2026-09-14T22:35:42.000Z</time>
        <extensions>
          <ns3:TrackPointExtension>
            <ns3:hr>133</ns3:hr>
            <ns3:cad>81</ns3:cad>
          </ns3:TrackPointExtension>
        </extensions>
      </trkpt>
      <trkpt lat="23.05056220851838588714599609375" lon="113.3037955127656459808349609375">
        <ele>4.80000019073486328125</ele>
        <time>2026-09-14T22:35:43.000Z</time>
        <extensions>
          <ns3:TrackPointExtension>
            <ns3:hr>133</ns3:hr>
            <ns3:cad>81</ns3:cad>
          </ns3:TrackPointExtension>
        </extensions>
      </trkpt>
      <trkpt lat="23.05055315606296062469482421875" lon="113.3038219995796680450439453125">
        <ele>4.80000019073486328125</ele>
        <time>2026-09-14T22:35:44.000Z</time>
        <extensions>
          <ns3:TrackPointExtension>
            <ns3:hr>133</ns3:hr>
            <ns3:cad>81</ns3:cad>
          </ns3:TrackPointExtension>
        </extensions>
      </trkpt>
      <trkpt lat="23.05055198259651660919189453125" lon="113.3038380928337574005126953125">
        <ele>4.80000019073486328125</ele>
        <time>2026-09-14T22:35:45.000Z</time>
        <extensions>
          <ns3:TrackPointExtension>
            <ns3:hr>133</ns3:hr>
            <ns3:cad>81</ns3:cad>
          </ns3:TrackPointExtension>
        </extensions>
      </trkpt>
      <trkpt lat="23.0505460314452648162841796875" lon="113.30386273562908172607421875">
        <ele>4.599999904632568359375</ele>
        <time>2026-09-14T22:35:46.000Z</time>
        <extensions>
          <ns3:TrackPointExtension>
            <ns3:hr>133</ns3:hr>
            <ns3:cad>81</ns3:cad>
          </ns3:TrackPointExtension>
        </extensions>
      </trkpt>
      <trkpt lat="23.05054008029401302337646484375" lon="113.30388762988150119781494140625">
        <ele>4.599999904632568359375</ele>
        <time>2026-09-14T22:35:47.000Z</time>
        <extensions>
          <ns3:TrackPointExtension>
            <ns3:hr>132</ns3:hr>
            <ns3:cad>81</ns3:cad>
          </ns3:TrackPointExtension>
        </extensions>
      </trkpt>
      <trkpt lat="23.0505393259227275848388671875" lon="113.30390154384076595306396484375">
        <ele>4.599999904632568359375</ele>
        <time>2026-09-14T22:35:48.000Z</time>
        <extensions>
          <ns3:TrackPointExtension>
            <ns3:hr>131</ns3:hr>
            <ns3:cad>81</ns3:cad>
          </ns3:TrackPointExtension>
        </extensions>
      </trkpt>
      <trkpt lat="23.05053270421922206878662109375" lon="113.30392576754093170166015625">
        <ele>4.599999904632568359375</ele>
        <time>2026-09-14T22:35:49.000Z</time>
        <extensions>
          <ns3:TrackPointExtension>
            <ns3:hr>131</ns3:hr>
            <ns3:cad>81</ns3:cad>
          </ns3:TrackPointExtension>
        </extensions>
      </trkpt>
      <trkpt lat="23.05052499286830425262451171875" lon="113.30394865013659000396728515625">
        <ele>4.599999904632568359375</ele>
        <time>2026-09-14T22:35:50.000Z</time>
        <extensions>
          <ns3:TrackPointExtension>
            <ns3:hr>131</ns3:hr>
            <ns3:cad>81</ns3:cad>
          </ns3:TrackPointExtension>
        </extensions>
      </trkpt>
      <trkpt lat="23.05052935145795345306396484375" lon="113.303967006504535675048828125">
        <ele>4.80000019073486328125</ele>
        <time>2026-09-14T22:35:51.000Z</time>
        <extensions>
          <ns3:TrackPointExtension>
            <ns3:hr>131</ns3:hr>
            <ns3:cad>81</ns3:cad>
          </ns3:TrackPointExtension>
        </extensions>
      </trkpt>
      <trkpt lat="23.0505245737731456756591796875" lon="113.30399550497531890869140625">
        <ele>4.80000019073486328125</ele>
        <time>2026-09-14T22:35:52.000Z</time>
        <extensions>
          <ns3:TrackPointExtension>
            <ns3:hr>131</ns3:hr>
            <ns3:cad>81</ns3:cad>
          </ns3:TrackPointExtension>
        </extensions>
      </trkpt>
      <trkpt lat="23.05052675306797027587890625" lon="113.3040154539048671722412109375">
        <ele>4.80000019073486328125</ele>
        <time>2026-09-14T22:35:53.000Z</time>
        <extensions>
          <ns3:TrackPointExtension>
            <ns3:hr>130</ns3:hr>
            <ns3:cad>81</ns3:cad>
          </ns3:TrackPointExtension>
        </extensions>
      </trkpt>
      <trkpt lat="23.05053052492439746856689453125" lon="113.30403598956763744354248046875">
        <ele>4.80000019073486328125</ele>
        <time>2026-09-14T22:35:54.000Z</time>
        <extensions>
          <ns3:TrackPointExtension>
            <ns3:hr>131</ns3:hr>
            <ns3:cad>81</ns3:cad>
          </ns3:TrackPointExtension>
        </extensions>
      </trkpt>
      <trkpt lat="23.05052314884960651397705078125" lon="113.304066248238086700439453125">
        <ele>4.80000019073486328125</ele>
        <time>2026-09-14T22:35:55.000Z</time>
        <extensions>
          <ns3:TrackPointExtension>
            <ns3:hr>131</ns3:hr>
            <ns3:cad>81</ns3:cad>
          </ns3:TrackPointExtension>
        </extensions>
      </trkpt>
      <trkpt lat="23.0505198799073696136474609375" lon="113.30408535897731781005859375">
        <ele>4.80000019073486328125</ele>
        <time>2026-09-14T22:35:56.000Z</time>
        <extensions>
          <ns3:TrackPointExtension>
            <ns3:hr>130</ns3:hr>
            <ns3:cad>81</ns3:cad>
          </ns3:TrackPointExtension>
        </extensions>
      </trkpt>
      <trkpt lat="23.050517700612545013427734375" lon="113.30411025322973728179931640625">
        <ele>4.80000019073486328125</ele>
        <time>2026-09-14T22:35:57.000Z</time>
        <extensions>
          <ns3:TrackPointExtension>
            <ns3:hr>131</ns3:hr>
            <ns3:cad>81</ns3:cad>
          </ns3:TrackPointExtension>
        </extensions>
      </trkpt>
      <trkpt lat="23.05051158182322978973388671875" lon="113.30413573421537876129150390625">
        <ele>4.80000019073486328125</ele>
        <time>2026-09-14T22:35:58.000Z</time>
        <extensions>
          <ns3:TrackPointExtension>
            <ns3:hr>131</ns3:hr>
            <ns3:cad>80</ns3:cad>
          </ns3:TrackPointExtension>
        </extensions>
      </trkpt>
      <trkpt lat="23.0505108274519443511962890625" lon="113.30415266565978527069091796875">
        <ele>4.80000019073486328125</ele>
        <time>2026-09-14T22:35:59.000Z</time>
        <extensions>
          <ns3:TrackPointExtension>
            <ns3:hr>130</ns3:hr>
            <ns3:cad>80</ns3:cad>
          </ns3:TrackPointExtension>
        </extensions>
      </trkpt>
      <trkpt lat="23.05050739087164402008056640625" lon="113.30417596735060214996337890625">
        <ele>4.599999904632568359375</ele>
        <time>2026-09-14T22:36:00.000Z</time>
        <extensions>
          <ns3:TrackPointExtension>
            <ns3:hr>130</ns3:hr>
            <ns3:cad>80</ns3:cad>
          </ns3:TrackPointExtension>
        </extensions>
      </trkpt>
      <trkpt lat="23.0505034513771533966064453125" lon="113.304201699793338775634765625">
        <ele>4.599999904632568359375</ele>
        <time>2026-09-14T22:36:01.000Z</time>
        <extensions>
          <ns3:TrackPointExtension>
            <ns3:hr>129</ns3:hr>
            <ns3:cad>81</ns3:cad>
          </ns3:TrackPointExtension>
        </extensions>
      </trkpt>
      <trkpt lat="23.05050739087164402008056640625" lon="113.30421905033290386199951171875">
        <ele>4.599999904632568359375</ele>
        <time>2026-09-14T22:36:02.000Z</time>
        <extensions>
          <ns3:TrackPointExtension>
            <ns3:hr>128</ns3:hr>
            <ns3:cad>81</ns3:cad>
          </ns3:TrackPointExtension>
        </extensions>
      </trkpt>
      <trkpt lat="23.0505059659481048583984375" lon="113.304243944585323333740234375">
        <ele>4.599999904632568359375</ele>
        <time>2026-09-14T22:36:03.000Z</time>
        <extensions>
          <ns3:TrackPointExtension>
            <ns3:hr>128</ns3:hr>
            <ns3:cad>81</ns3:cad>
          </ns3:TrackPointExtension>
        </extensions>
      </trkpt>
      <trkpt lat="23.0504974164068698883056640625" lon="113.3042685873806476593017578125">
        <ele>4.599999904632568359375</ele>
        <time>2026-09-14T22:36:04.000Z</time>
        <extensions>
          <ns3:TrackPointExtension>
            <ns3:hr>128</ns3:hr>
            <ns3:cad>81</ns3:cad>
          </ns3:TrackPointExtension>
        </extensions>
      </trkpt>
      <trkpt lat="23.05049783550202846527099609375" lon="113.304288871586322784423828125">
        <ele>4.599999904632568359375</ele>
        <time>2026-09-14T22:36:05.000Z</time>
        <extensions>
          <ns3:TrackPointExtension>
            <ns3:hr>128</ns3:hr>
            <ns3:cad>81</ns3:cad>
          </ns3:TrackPointExtension>
        </extensions>
      </trkpt>
      <trkpt lat="23.0504933930933475494384765625" lon="113.30431661568582057952880859375">
        <ele>4.599999904632568359375</ele>
        <time>2026-09-14T22:36:06.000Z</time>
        <extensions>
          <ns3:TrackPointExtension>
            <ns3:hr>128</ns3:hr>
            <ns3:cad>81</ns3:cad>
          </ns3:TrackPointExtension>
        </extensions>
      </trkpt>
      <trkpt lat="23.0504886992275714874267578125" lon="113.30434394069015979766845703125">
        <ele>4.599999904632568359375</ele>
        <time>2026-09-14T22:36:07.000Z</time>
        <extensions>
          <ns3:TrackPointExtension>
            <ns3:hr>128</ns3:hr>
            <ns3:cad>80</ns3:cad>
          </ns3:TrackPointExtension>
        </extensions>
      </trkpt>
      <trkpt lat="23.0504880286753177642822265625" lon="113.30436766147613525390625">
        <ele>4.599999904632568359375</ele>
        <time>2026-09-14T22:36:08.000Z</time>
        <extensions>
          <ns3:TrackPointExtension>
            <ns3:hr>128</ns3:hr>
            <ns3:cad>80</ns3:cad>
          </ns3:TrackPointExtension>
        </extensions>
      </trkpt>
      <trkpt lat="23.05048341862857341766357421875" lon="113.30439993180334568023681640625">
        <ele>4.599999904632568359375</ele>
        <time>2026-09-14T22:36:09.000Z</time>
        <extensions>
          <ns3:TrackPointExtension>
            <ns3:hr>128</ns3:hr>
            <ns3:cad>80</ns3:cad>
          </ns3:TrackPointExtension>
        </extensions>
      </trkpt>
      <trkpt lat="23.0504829995334148406982421875" lon="113.30442306585609912872314453125">
        <ele>4.599999904632568359375</ele>
        <time>2026-09-14T22:36:10.000Z</time>
        <extensions>
          <ns3:TrackPointExtension>
            <ns3:hr>127</ns3:hr>
            <ns3:cad>80</ns3:cad>
          </ns3:TrackPointExtension>
        </extensions>
      </trkpt>
      <trkpt lat="23.050486855208873748779296875" lon="113.3044441044330596923828125">
        <ele>4.599999904632568359375</ele>
        <time>2026-09-14T22:36:11.000Z</time>
        <extensions>
          <ns3:TrackPointExtension>
            <ns3:hr>127</ns3:hr>
            <ns3:cad>80</ns3:cad>
          </ns3:TrackPointExtension>
        </extensions>
      </trkpt>
      <trkpt lat="23.0504791438579559326171875" lon="113.3044754527509212493896484375">
        <ele>4.599999904632568359375</ele>
        <time>2026-09-14T22:36:12.000Z</time>
        <extensions>
          <ns3:TrackPointExtension>
            <ns3:hr>127</ns3:hr>
            <ns3:cad>80</ns3:cad>
          </ns3:TrackPointExtension>
        </extensions>
      </trkpt>
      <trkpt lat="23.05047855712473392486572265625" lon="113.3044989220798015594482421875">
        <ele>4.599999904632568359375</ele>
        <time>2026-09-14T22:36:13.000Z</time>
        <extensions>
          <ns3:TrackPointExtension>
            <ns3:hr>128</ns3:hr>
            <ns3:cad>80</ns3:cad>
          </ns3:TrackPointExtension>
        </extensions>
      </trkpt>
      <trkpt lat="23.05047847330570220947265625" lon="113.3045233972370624542236328125">
        <ele>4.599999904632568359375</ele>
        <time>2026-09-14T22:36:14.000Z</time>
        <extensions>
          <ns3:TrackPointExtension>
            <ns3:hr>127</ns3:hr>
            <ns3:cad>81</ns3:cad>
          </ns3:TrackPointExtension>
        </extensions>
      </trkpt>
      <trkpt lat="23.050472773611545562744140625" lon="113.30455114133656024932861328125">
        <ele>4.599999904632568359375</ele>
        <time>2026-09-14T22:36:15.000Z</time>
        <extensions>
          <ns3:TrackPointExtension>
            <ns3:hr>127</ns3:hr>
            <ns3:cad>81</ns3:cad>
          </ns3:TrackPointExtension>
        </extensions>
      </trkpt>
      <trkpt lat="23.05047185160219669342041015625" lon="113.30456958152353763580322265625">
        <ele>4.599999904632568359375</ele>
        <time>2026-09-14T22:36:16.000Z</time>
        <extensions>
          <ns3:TrackPointExtension>
            <ns3:hr>128</ns3:hr>
            <ns3:cad>81</ns3:cad>
          </ns3:TrackPointExtension>
        </extensions>
      </trkpt>
      <trkpt lat="23.0504669062793254852294921875" lon="113.3045948110520839691162109375">
        <ele>4.599999904632568359375</ele>
        <time>2026-09-14T22:36:17.000Z</time>
        <extensions>
          <ns3:TrackPointExtension>
            <ns3:hr>128</ns3:hr>
            <ns3:cad>81</ns3:cad>
          </ns3:TrackPointExtension>
        </extensions>
      </trkpt>
      <trkpt lat="23.05045894347131252288818359375" lon="113.3046176098287105560302734375">
        <ele>4.599999904632568359375</ele>
        <time>2026-09-14T22:36:18.000Z</time>
        <extensions>
          <ns3:TrackPointExtension>
            <ns3:hr>128</ns3:hr>
            <ns3:cad>81</ns3:cad>
          </ns3:TrackPointExtension>
        </extensions>
      </trkpt>
      <trkpt lat="23.0504608713090419769287109375" lon="113.30463529564440250396728515625">
        <ele>4.400000095367431640625</ele>
        <time>2026-09-14T22:36:19.000Z</time>
        <extensions>
          <ns3:TrackPointExtension>
            <ns3:hr>129</ns3:hr>
            <ns3:cad>81</ns3:cad>
          </ns3:TrackPointExtension>
        </extensions>
      </trkpt>
      <trkpt lat="23.05045475251972675323486328125" lon="113.30466144718229770660400390625">
        <ele>4.400000095367431640625</ele>
        <time>2026-09-14T22:36:20.000Z</time>
        <extensions>
          <ns3:TrackPointExtension>
            <ns3:hr>129</ns3:hr>
            <ns3:cad>81</ns3:cad>
          </ns3:TrackPointExtension>
        </extensions>
      </trkpt>
      <trkpt lat="23.05044972337782382965087890625" lon="113.30468558706343173980712890625">
        <ele>4.400000095367431640625</ele>
        <time>2026-09-14T22:36:21.000Z</time>
        <extensions>
          <ns3:TrackPointExtension>
            <ns3:hr>130</ns3:hr>
            <ns3:cad>81</ns3:cad>
          </ns3:TrackPointExtension>
        </extensions>
      </trkpt>
      <trkpt lat="23.050450645387172698974609375" lon="113.30470402725040912628173828125">
        <ele>4.599999904632568359375</ele>
        <time>2026-09-14T22:36:22.000Z</time>
        <extensions>
          <ns3:TrackPointExtension>
            <ns3:hr>130</ns3:hr>
            <ns3:cad>81</ns3:cad>
          </ns3:TrackPointExtension>
        </extensions>
      </trkpt>
      <trkpt lat="23.0504429340362548828125" lon="113.304733447730541229248046875">
        <ele>4.599999904632568359375</ele>
        <time>2026-09-14T22:36:23.000Z</time>
        <extensions>
          <ns3:TrackPointExtension>
            <ns3:hr>130</ns3:hr>
            <ns3:cad>81</ns3:cad>
          </ns3:TrackPointExtension>
        </extensions>
      </trkpt>
      <trkpt lat="23.050438575446605682373046875" lon="113.3047579228878021240234375">
        <ele>4.599999904632568359375</ele>
        <time>2026-09-14T22:36:24.000Z</time>
        <extensions>
          <ns3:TrackPointExtension>
            <ns3:hr>131</ns3:hr>
            <ns3:cad>81</ns3:cad>
          </ns3:TrackPointExtension>
        </extensions>
      </trkpt>
      <trkpt lat="23.05044117383658885955810546875" lon="113.304777704179286956787109375">
        <ele>4.599999904632568359375</ele>
        <time>2026-09-14T22:36:25.000Z</time>
        <extensions>
          <ns3:TrackPointExtension>
            <ns3:hr>131</ns3:hr>
            <ns3:cad>81</ns3:cad>
          </ns3:TrackPointExtension>
        </extensions>
      </trkpt>
      <trkpt lat="23.05043094791471958160400390625" lon="113.30480611883103847503662109375">
        <ele>4.599999904632568359375</ele>
        <time>2026-09-14T22:36:26.000Z</time>
        <extensions>
          <ns3:TrackPointExtension>
            <ns3:hr>131</ns3:hr>
            <ns3:cad>81</ns3:cad>
          </ns3:TrackPointExtension>
        </extensions>
      </trkpt>
      <trkpt lat="23.050422482192516326904296875" lon="113.30482355318963527679443359375">
        <ele>4.599999904632568359375</ele>
        <time>2026-09-14T22:36:27.000Z</time>
        <extensions>
          <ns3:TrackPointExtension>
            <ns3:hr>131</ns3:hr>
            <ns3:cad>80</ns3:cad>
          </ns3:TrackPointExtension>
        </extensions>
      </trkpt>
      <trkpt lat="23.05042105726897716522216796875" lon="113.30484534613788127899169921875">
        <ele>4.599999904632568359375</ele>
        <time>2026-09-14T22:36:28.000Z</time>
        <extensions>
          <ns3:TrackPointExtension>
            <ns3:hr>131</ns3:hr>
            <ns3:cad>80</ns3:cad>
          </ns3:TrackPointExtension>
        </extensions>
      </trkpt>
      <trkpt lat="23.0504095740616321563720703125" lon="113.30487719736993312835693359375">
        <ele>4.599999904632568359375</ele>
        <time>2026-09-14T22:36:29.000Z</time>
        <extensions>
          <ns3:TrackPointExtension>
            <ns3:hr>130</ns3:hr>
            <ns3:cad>80</ns3:cad>
          </ns3:TrackPointExtension>
        </extensions>
      </trkpt>
      <trkpt lat="23.050404377281665802001953125" lon="113.304896391928195953369140625">
        <ele>4.599999904632568359375</ele>
        <time>2026-09-14T22:36:30.000Z</time>
        <extensions>
          <ns3:TrackPointExtension>
            <ns3:hr>131</ns3:hr>
            <ns3:cad>81</ns3:cad>
          </ns3:TrackPointExtension>
        </extensions>
      </trkpt>
      <trkpt lat="23.05040337145328521728515625" lon="113.30491994507610797882080078125">
        <ele>4.599999904632568359375</ele>
        <time>2026-09-14T22:36:31.000Z</time>
        <extensions>
          <ns3:TrackPointExtension>
            <ns3:hr>131</ns3:hr>
            <ns3:cad>81</ns3:cad>
          </ns3:TrackPointExtension>
        </extensions>
      </trkpt>
      <trkpt lat="23.0503951571881771087646484375" lon="113.30494634807109832763671875">
        <ele>4.599999904632568359375</ele>
        <time>2026-09-14T22:36:32.000Z</time>
        <extensions>
          <ns3:TrackPointExtension>
            <ns3:hr>132</ns3:hr>
            <ns3:cad>80</ns3:cad>
          </ns3:TrackPointExtension>
        </extensions>
      </trkpt>
      <trkpt lat="23.0503928102552890777587890625" lon="113.3049659617245197296142578125">
        <ele>4.599999904632568359375</ele>
        <time>2026-09-14T22:36:33.000Z</time>
        <extensions>
          <ns3:TrackPointExtension>
            <ns3:hr>132</ns3:hr>
            <ns3:cad>80</ns3:cad>
          </ns3:TrackPointExtension>
        </extensions>
      </trkpt>
      <trkpt lat="23.05038928985595703125" lon="113.304991610348224639892578125">
        <ele>4.599999904632568359375</ele>
        <time>2026-09-14T22:36:34.000Z</time>
        <extensions>
          <ns3:TrackPointExtension>
            <ns3:hr>132</ns3:hr>
            <ns3:cad>80</ns3:cad>
          </ns3:TrackPointExtension>
        </extensions>
      </trkpt>
      <trkpt lat="23.05038132704794406890869140625" lon="113.3050169236958026885986328125">
        <ele>4.599999904632568359375</ele>
        <time>2026-09-14T22:36:35.000Z</time>
        <extensions>
          <ns3:TrackPointExtension>
            <ns3:hr>131</ns3:hr>
            <ns3:cad>81</ns3:cad>
          </ns3:TrackPointExtension>
        </extensions>
      </trkpt>
      <trkpt lat="23.05038367398083209991455078125" lon="113.3050333522260189056396484375">
        <ele>4.599999904632568359375</ele>
        <time>2026-09-14T22:36:36.000Z</time>
        <extensions>
          <ns3:TrackPointExtension>
            <ns3:hr>132</ns3:hr>
            <ns3:cad>81</ns3:cad>
          </ns3:TrackPointExtension>
        </extensions>
      </trkpt>
      <trkpt lat="23.05038057267665863037109375" lon="113.30505958758294582366943359375">
        <ele>4.599999904632568359375</ele>
        <time>2026-09-14T22:36:37.000Z</time>
        <extensions>
          <ns3:TrackPointExtension>
            <ns3:hr>132</ns3:hr>
            <ns3:cad>81</ns3:cad>
          </ns3:TrackPointExtension>
        </extensions>
      </trkpt>
      <trkpt lat="23.0503753758966922760009765625" lon="113.3050878345966339111328125">
        <ele>4.599999904632568359375</ele>
        <time>2026-09-14T22:36:38.000Z</time>
        <extensions>
          <ns3:TrackPointExtension>
            <ns3:hr>133</ns3:hr>
            <ns3:cad>80</ns3:cad>
          </ns3:TrackPointExtension>
        </extensions>
      </trkpt>
      <trkpt lat="23.050377555191516876220703125" lon="113.305105268955230712890625">
        <ele>4.599999904632568359375</ele>
        <time>2026-09-14T22:36:39.000Z</time>
        <extensions>
          <ns3:TrackPointExtension>
            <ns3:hr>133</ns3:hr>
            <ns3:cad>80</ns3:cad>
          </ns3:TrackPointExtension>
        </extensions>
      </trkpt>
      <trkpt lat="23.05037378333508968353271484375" lon="113.30513586290180683135986328125">
        <ele>4.599999904632568359375</ele>
        <time>2026-09-14T22:36:40.000Z</time>
        <extensions>
          <ns3:TrackPointExtension>
            <ns3:hr>133</ns3:hr>
            <ns3:cad>81</ns3:cad>
          </ns3:TrackPointExtension>
        </extensions>
      </trkpt>
      <trkpt lat="23.05037311278283596038818359375" lon="113.30516218207776546478271484375">
        <ele>4.599999904632568359375</ele>
        <time>2026-09-14T22:36:41.000Z</time>
        <extensions>
          <ns3:TrackPointExtension>
            <ns3:hr>133</ns3:hr>
            <ns3:cad>81</ns3:cad>
          </ns3:TrackPointExtension>
        </extensions>
      </trkpt>
      <trkpt lat="23.05037386715412139892578125" lon="113.30517978407442569732666015625">
        <ele>4.599999904632568359375</ele>
        <time>2026-09-14T22:36:42.000Z</time>
        <extensions>
          <ns3:TrackPointExtension>
            <ns3:hr>133</ns3:hr>
            <ns3:cad>81</ns3:cad>
          </ns3:TrackPointExtension>
        </extensions>
      </trkpt>
      <trkpt lat="23.05036246776580810546875" lon="113.30521264113485813140869140625">
        <ele>4.599999904632568359375</ele>
        <time>2026-09-14T22:36:43.000Z</time>
        <extensions>
          <ns3:TrackPointExtension>
            <ns3:hr>133</ns3:hr>
            <ns3:cad>81</ns3:cad>
          </ns3:TrackPointExtension>
        </extensions>
      </trkpt>
      <trkpt lat="23.050355426967144012451171875" lon="113.3052345179021358489990234375">
        <ele>4.400000095367431640625</ele>
        <time>2026-09-14T22:36:44.000Z</time>
        <extensions>
          <ns3:TrackPointExtension>
            <ns3:hr>133</ns3:hr>
            <ns3:cad>80</ns3:cad>
          </ns3:TrackPointExtension>
        </extensions>
      </trkpt>
      <trkpt lat="23.05035517551004886627197265625" lon="113.30525421537458896636962890625">
        <ele>4.400000095367431640625</ele>
        <time>2026-09-14T22:36:45.000Z</time>
        <extensions>
          <ns3:TrackPointExtension>
            <ns3:hr>133</ns3:hr>
            <ns3:cad>80</ns3:cad>
          </ns3:TrackPointExtension>
        </extensions>
      </trkpt>
      <trkpt lat="23.05034914053976535797119140625" lon="113.3052854798734188079833984375">
        <ele>4.400000095367431640625</ele>
        <time>2026-09-14T22:36:46.000Z</time>
        <extensions>
          <ns3:TrackPointExtension>
            <ns3:hr>133</ns3:hr>
            <ns3:cad>80</ns3:cad>
          </ns3:TrackPointExtension>
        </extensions>
      </trkpt>
      <trkpt lat="23.05034637451171875" lon="113.30530920065939426422119140625">
        <ele>4.400000095367431640625</ele>
        <time>2026-09-14T22:36:47.000Z</time>
        <extensions>
          <ns3:TrackPointExtension>
            <ns3:hr>133</ns3:hr>
            <ns3:cad>80</ns3:cad>
          </ns3:TrackPointExtension>
        </extensions>
      </trkpt>
      <trkpt lat="23.05034528486430644989013671875" lon="113.30533183179795742034912109375">
        <ele>4.599999904632568359375</ele>
        <time>2026-09-14T22:36:48.000Z</time>
        <extensions>
          <ns3:TrackPointExtension>
            <ns3:hr>132</ns3:hr>
            <ns3:cad>80</ns3:cad>
          </ns3:TrackPointExtension>
        </extensions>
      </trkpt>
      <trkpt lat="23.05033656768500804901123046875" lon="113.305361084640026092529296875">
        <ele>4.599999904632568359375</ele>
        <time>2026-09-14T22:36:49.000Z</time>
        <extensions>
          <ns3:TrackPointExtension>
            <ns3:hr>133</ns3:hr>
            <ns3:cad>81</ns3:cad>
          </ns3:TrackPointExtension>
        </extensions>
      </trkpt>
      <trkpt lat="23.0503361485898494720458984375" lon="113.30537692643702030181884765625">
        <ele>4.400000095367431640625</ele>
        <time>2026-09-14T22:36:50.000Z</time>
        <extensions>
          <ns3:TrackPointExtension>
            <ns3:hr>133</ns3:hr>
            <ns3:cad>81</ns3:cad>
          </ns3:TrackPointExtension>
        </extensions>
      </trkpt>
      <trkpt lat="23.05033237673342227935791015625" lon="113.3054029941558837890625">
        <ele>4.400000095367431640625</ele>
        <time>2026-09-14T22:36:51.000Z</time>
        <extensions>
          <ns3:TrackPointExtension>
            <ns3:hr>133</ns3:hr>
            <ns3:cad>80</ns3:cad>
          </ns3:TrackPointExtension>
        </extensions>
      </trkpt>
      <trkpt lat="23.0503250844776630401611328125" lon="113.30542973242700099945068359375">
        <ele>4.400000095367431640625</ele>
        <time>2026-09-14T22:36:52.000Z</time>
        <extensions>
          <ns3:TrackPointExtension>
            <ns3:hr>132</ns3:hr>
            <ns3:cad>80</ns3:cad>
          </ns3:TrackPointExtension>
        </extensions>
      </trkpt>
      <trkpt lat="23.050323240458965301513671875" lon="113.3054477535188198089599609375">
        <ele>4.400000095367431640625</ele>
        <time>2026-09-14T22:36:53.000Z</time>
        <extensions>
          <ns3:TrackPointExtension>
            <ns3:hr>132</ns3:hr>
            <ns3:cad>80</ns3:cad>
          </ns3:TrackPointExtension>
        </extensions>
      </trkpt>
      <trkpt lat="23.050322569906711578369140625" lon="113.3054769225418567657470703125">
        <ele>4.400000095367431640625</ele>
        <time>2026-09-14T22:36:54.000Z</time>
        <extensions>
          <ns3:TrackPointExtension>
            <ns3:hr>132</ns3:hr>
            <ns3:cad>80</ns3:cad>
          </ns3:TrackPointExtension>
        </extensions>
      </trkpt>
      <trkpt lat="23.0503193847835063934326171875" lon="113.30550282262265682220458984375">
        <ele>4.400000095367431640625</ele>
        <time>2026-09-14T22:36:55.000Z</time>
        <extensions>
          <ns3:TrackPointExtension>
            <ns3:hr>132</ns3:hr>
            <ns3:cad>80</ns3:cad>
          </ns3:TrackPointExtension>
        </extensions>
      </trkpt>
      <trkpt lat="23.05032382719218730926513671875" lon="113.30552042461931705474853515625">
        <ele>4.400000095367431640625</ele>
        <time>2026-09-14T22:36:56.000Z</time>
        <extensions>
          <ns3:TrackPointExtension>
            <ns3:hr>132</ns3:hr>
            <ns3:cad>81</ns3:cad>
          </ns3:TrackPointExtension>
        </extensions>
      </trkpt>
      <trkpt lat="23.05032617412507534027099609375" lon="113.30555009655654430389404296875">
        <ele>4.400000095367431640625</ele>
        <time>2026-09-14T22:36:57.000Z</time>
        <extensions>
          <ns3:TrackPointExtension>
            <ns3:hr>132</ns3:hr>
            <ns3:cad>81</ns3:cad>
          </ns3:TrackPointExtension>
        </extensions>
      </trkpt>
      <trkpt lat="23.05032181553542613983154296875" lon="113.30557742156088352203369140625">
        <ele>4.400000095367431640625</ele>
        <time>2026-09-14T22:36:58.000Z</time>
        <extensions>
          <ns3:TrackPointExtension>
            <ns3:hr>132</ns3:hr>
            <ns3:cad>81</ns3:cad>
          </ns3:TrackPointExtension>
        </extensions>
      </trkpt>
      <trkpt lat="23.05032164789736270904541015625" lon="113.3055952750146389007568359375">
        <ele>4.400000095367431640625</ele>
        <time>2026-09-14T22:36:59.000Z</time>
        <extensions>
          <ns3:TrackPointExtension>
            <ns3:hr>132</ns3:hr>
            <ns3:cad>81</ns3:cad>
          </ns3:TrackPointExtension>
        </extensions>
      </trkpt>
      <trkpt lat="23.0503146909177303314208984375" lon="113.3056281320750713348388671875">
        <ele>4.400000095367431640625</ele>
        <time>2026-09-14T22:37:00.000Z</time>
        <extensions>
          <ns3:TrackPointExtension>
            <ns3:hr>132</ns3:hr>
            <ns3:cad>81</ns3:cad>
          </ns3:TrackPointExtension>
        </extensions>
      </trkpt>
      <trkpt lat="23.050309829413890838623046875" lon="113.305652774870395660400390625">
        <ele>4.400000095367431640625</ele>
        <time>2026-09-14T22:37:01.000Z</time>
        <extensions>
          <ns3:TrackPointExtension>
            <ns3:hr>132</ns3:hr>
            <ns3:cad>81</ns3:cad>
          </ns3:TrackPointExtension>
        </extensions>
      </trkpt>
      <trkpt lat="23.0503096617758274078369140625" lon="113.30567096360027790069580078125">
        <ele>4.400000095367431640625</ele>
        <time>2026-09-14T22:37:02.000Z</time>
        <extensions>
          <ns3:TrackPointExtension>
            <ns3:hr>132</ns3:hr>
            <ns3:cad>81</ns3:cad>
          </ns3:TrackPointExtension>
        </extensions>
      </trkpt>
      <trkpt lat="23.05030387826263904571533203125" lon="113.3057005517184734344482421875">
        <ele>4.400000095367431640625</ele>
        <time>2026-09-14T22:37:03.000Z</time>
        <extensions>
          <ns3:TrackPointExtension>
            <ns3:hr>132</ns3:hr>
            <ns3:cad>81</ns3:cad>
          </ns3:TrackPointExtension>
        </extensions>
      </trkpt>
      <trkpt lat="23.0503016151487827301025390625" lon="113.305723853409290313720703125">
        <ele>4.400000095367431640625</ele>
        <time>2026-09-14T22:37:04.000Z</time>
        <extensions>
          <ns3:TrackPointExtension>
            <ns3:hr>133</ns3:hr>
            <ns3:cad>81</ns3:cad>
          </ns3:TrackPointExtension>
        </extensions>
      </trkpt>
      <trkpt lat="23.0503019504249095916748046875" lon="113.30574874766170978546142578125">
        <ele>4.400000095367431640625</ele>
        <time>2026-09-14T22:37:05.000Z</time>
        <extensions>
          <ns3:TrackPointExtension>
            <ns3:hr>133</ns3:hr>
            <ns3:cad>81</ns3:cad>
          </ns3:TrackPointExtension>
        </extensions>
      </trkpt>
      <trkpt lat="23.05029398761689662933349609375" lon="113.305780179798603057861328125">
        <ele>4.400000095367431640625</ele>
        <time>2026-09-14T22:37:06.000Z</time>
        <extensions>
          <ns3:TrackPointExtension>
            <ns3:hr>133</ns3:hr>
            <ns3:cad>80</ns3:cad>
          </ns3:TrackPointExtension>
        </extensions>
      </trkpt>
      <trkpt lat="23.05029474198818206787109375" lon="113.30580138601362705230712890625">
        <ele>4.400000095367431640625</ele>
        <time>2026-09-14T22:37:07.000Z</time>
        <extensions>
          <ns3:TrackPointExtension>
            <ns3:hr>133</ns3:hr>
            <ns3:cad>80</ns3:cad>
          </ns3:TrackPointExtension>
        </extensions>
      </trkpt>
      <trkpt lat="23.05029650218784809112548828125" lon="113.30582468770444393157958984375">
        <ele>4.400000095367431640625</ele>
        <time>2026-09-14T22:37:08.000Z</time>
        <extensions>
          <ns3:TrackPointExtension>
            <ns3:hr>133</ns3:hr>
            <ns3:cad>80</ns3:cad>
          </ns3:TrackPointExtension>
        </extensions>
      </trkpt>
      <trkpt lat="23.05029197596013545989990234375" lon="113.30585184507071971893310546875">
        <ele>4.400000095367431640625</ele>
        <time>2026-09-14T22:37:09.000Z</time>
        <extensions>
          <ns3:TrackPointExtension>
            <ns3:hr>133</ns3:hr>
            <ns3:cad>80</ns3:cad>
          </ns3:TrackPointExtension>
        </extensions>
      </trkpt>
      <trkpt lat="23.05029298178851604461669921875" lon="113.3058715425431728363037109375">
        <ele>4.400000095367431640625</ele>
        <time>2026-09-14T22:37:10.000Z</time>
        <extensions>
          <ns3:TrackPointExtension>
            <ns3:hr>133</ns3:hr>
            <ns3:cad>81</ns3:cad>
          </ns3:TrackPointExtension>
        </extensions>
      </trkpt>
      <trkpt lat="23.050293065607547760009765625" lon="113.30590029247105121612548828125">
        <ele>4.400000095367431640625</ele>
        <time>2026-09-14T22:37:11.000Z</time>
        <extensions>
          <ns3:TrackPointExtension>
            <ns3:hr>133</ns3:hr>
            <ns3:cad>81</ns3:cad>
          </ns3:TrackPointExtension>
        </extensions>
      </trkpt>
      <trkpt lat="23.05028803646564483642578125" lon="113.30592803657054901123046875">
        <ele>4.400000095367431640625</ele>
        <time>2026-09-14T22:37:12.000Z</time>
        <extensions>
          <ns3:TrackPointExtension>
            <ns3:hr>133</ns3:hr>
            <ns3:cad>81</ns3:cad>
          </ns3:TrackPointExtension>
        </extensions>
      </trkpt>
      <trkpt lat="23.05028862319886684417724609375" lon="113.30594471655786037445068359375">
        <ele>4.400000095367431640625</ele>
        <time>2026-09-14T22:37:13.000Z</time>
        <extensions>
          <ns3:TrackPointExtension>
            <ns3:hr>133</ns3:hr>
            <ns3:cad>81</ns3:cad>
          </ns3:TrackPointExtension>
        </extensions>
      </trkpt>
      <trkpt lat="23.05028728209435939788818359375" lon="113.305971287190914154052734375">
        <ele>4.400000095367431640625</ele>
        <time>2026-09-14T22:37:14.000Z</time>
        <extensions>
          <ns3:TrackPointExtension>
            <ns3:hr>134</ns3:hr>
            <ns3:cad>80</ns3:cad>
          </ns3:TrackPointExtension>
        </extensions>
      </trkpt>
      <trkpt lat="23.050280995666980743408203125" lon="113.305995762348175048828125">
        <ele>4.400000095367431640625</ele>
        <time>2026-09-14T22:37:15.000Z</time>
        <extensions>
          <ns3:TrackPointExtension>
            <ns3:hr>133</ns3:hr>
            <ns3:cad>80</ns3:cad>
          </ns3:TrackPointExtension>
        </extensions>
      </trkpt>
      <trkpt lat="23.050283677875995635986328125" lon="113.30601160414516925811767578125">
        <ele>4.400000095367431640625</ele>
        <time>2026-09-14T22:37:16.000Z</time>
        <extensions>
          <ns3:TrackPointExtension>
            <ns3:hr>133</ns3:hr>
            <ns3:cad>80</ns3:cad>
          </ns3:TrackPointExtension>
        </extensions>
      </trkpt>
      <trkpt lat="23.05028225295245647430419921875" lon="113.30604278482496738433837890625">
        <ele>4.400000095367431640625</ele>
        <time>2026-09-14T22:37:17.000Z</time>
        <extensions>
          <ns3:TrackPointExtension>
            <ns3:hr>134</ns3:hr>
            <ns3:cad>80</ns3:cad>
          </ns3:TrackPointExtension>
        </extensions>
      </trkpt>
      <trkpt lat="23.050280325114727020263671875" lon="113.30606591887772083282470703125">
        <ele>4.400000095367431640625</ele>
        <time>2026-09-14T22:37:18.000Z</time>
        <extensions>
          <ns3:TrackPointExtension>
            <ns3:hr>134</ns3:hr>
            <ns3:cad>80</ns3:cad>
          </ns3:TrackPointExtension>
        </extensions>
      </trkpt>
      <trkpt lat="23.05028325878083705902099609375" lon="113.30608285032212734222412109375">
        <ele>4.400000095367431640625</ele>
        <time>2026-09-14T22:37:19.000Z</time>
        <extensions>
          <ns3:TrackPointExtension>
            <ns3:hr>134</ns3:hr>
            <ns3:cad>81</ns3:cad>
          </ns3:TrackPointExtension>
        </extensions>
      </trkpt>
      <trkpt lat="23.05027730762958526611328125" lon="113.30611185170710086822509765625">
        <ele>4.400000095367431640625</ele>
        <time>2026-09-14T22:37:20.000Z</time>
        <extensions>
          <ns3:TrackPointExtension>
            <ns3:hr>133</ns3:hr>
            <ns3:cad>81</ns3:cad>
          </ns3:TrackPointExtension>
        </extensions>
      </trkpt>
      <trkpt lat="23.05027605034410953521728515625" lon="113.3061320520937442779541015625">
        <ele>4.400000095367431640625</ele>
        <time>2026-09-14T22:37:21.000Z</time>
        <extensions>
          <ns3:TrackPointExtension>
            <ns3:hr>134</ns3:hr>
            <ns3:cad>81</ns3:cad>
          </ns3:TrackPointExtension>
        </extensions>
      </trkpt>
      <trkpt lat="23.05028007365763187408447265625" lon="113.3061545155942440032958984375">
        <ele>4.400000095367431640625</ele>
        <time>2026-09-14T22:37:22.000Z</time>
        <extensions>
          <ns3:TrackPointExtension>
            <ns3:hr>134</ns3:hr>
            <ns3:cad>81</ns3:cad>
          </ns3:TrackPointExtension>
        </extensions>
      </trkpt>
      <trkpt lat="23.05027571506798267364501953125" lon="113.30618427135050296783447265625">
        <ele>4.400000095367431640625</ele>
        <time>2026-09-14T22:37:23.000Z</time>
        <extensions>
          <ns3:TrackPointExtension>
            <ns3:hr>133</ns3:hr>
            <ns3:cad>81</ns3:cad>
          </ns3:TrackPointExtension>
        </extensions>
      </trkpt>
      <trkpt lat="23.05027454160153865814208984375" lon="113.306206651031970977783203125">
        <ele>4.400000095367431640625</ele>
        <time>2026-09-14T22:37:24.000Z</time>
        <extensions>
          <ns3:TrackPointExtension>
            <ns3:hr>133</ns3:hr>
            <ns3:cad>81</ns3:cad>
          </ns3:TrackPointExtension>
        </extensions>
      </trkpt>
      <trkpt lat="23.05027454160153865814208984375" lon="113.30623246729373931884765625">
        <ele>4.599999904632568359375</ele>
        <time>2026-09-14T22:37:25.000Z</time>
        <extensions>
          <ns3:TrackPointExtension>
            <ns3:hr>133</ns3:hr>
            <ns3:cad>81</ns3:cad>
          </ns3:TrackPointExtension>
        </extensions>
      </trkpt>
      <trkpt lat="23.0502670817077159881591796875" lon="113.30626306124031543731689453125">
        <ele>4.599999904632568359375</ele>
        <time>2026-09-14T22:37:26.000Z</time>
        <extensions>
          <ns3:TrackPointExtension>
            <ns3:hr>133</ns3:hr>
            <ns3:cad>80</ns3:cad>
          </ns3:TrackPointExtension>
        </extensions>
      </trkpt>
      <trkpt lat="23.05027060210704803466796875" lon="113.3062819205224514007568359375">
        <ele>4.400000095367431640625</ele>
        <time>2026-09-14T22:37:27.000Z</time>
        <extensions>
          <ns3:TrackPointExtension>
            <ns3:hr>132</ns3:hr>
            <ns3:cad>80</ns3:cad>
          </ns3:TrackPointExtension>
        </extensions>
      </trkpt>
      <trkpt lat="23.05026951245963573455810546875" lon="113.3063124306499958038330078125">
        <ele>4.400000095367431640625</ele>
        <time>2026-09-14T22:37:28.000Z</time>
        <extensions>
          <ns3:TrackPointExtension>
            <ns3:hr>132</ns3:hr>
            <ns3:cad>80</ns3:cad>
          </ns3:TrackPointExtension>
        </extensions>
      </trkpt>
      <trkpt lat="23.0502660758793354034423828125" lon="113.30633933655917644500732421875">
        <ele>4.400000095367431640625</ele>
        <time>2026-09-14T22:37:29.000Z</time>
        <extensions>
          <ns3:TrackPointExtension>
            <ns3:hr>132</ns3:hr>
            <ns3:cad>80</ns3:cad>
          </ns3:TrackPointExtension>
        </extensions>
      </trkpt>
      <trkpt lat="23.050270266830921173095703125" lon="113.3063580282032489776611328125">
        <ele>4.400000095367431640625</ele>
        <time>2026-09-14T22:37:30.000Z</time>
        <extensions>
          <ns3:TrackPointExtension>
            <ns3:hr>131</ns3:hr>
            <ns3:cad>80</ns3:cad>
          </ns3:TrackPointExtension>
        </extensions>
      </trkpt>
      <trkpt lat="23.05026666261255741119384765625" lon="113.3063868619501590728759765625">
        <ele>4.400000095367431640625</ele>
        <time>2026-09-14T22:37:31.000Z</time>
        <extensions>
          <ns3:TrackPointExtension>
            <ns3:hr>132</ns3:hr>
            <ns3:cad>81</ns3:cad>
          </ns3:TrackPointExtension>
        </extensions>
      </trkpt>
      <trkpt lat="23.050262220203876495361328125" lon="113.306411169469356536865234375">
        <ele>4.400000095367431640625</ele>
        <time>2026-09-14T22:37:32.000Z</time>
        <extensions>
          <ns3:TrackPointExtension>
            <ns3:hr>132</ns3:hr>
            <ns3:cad>81</ns3:cad>
          </ns3:TrackPointExtension>
        </extensions>
      </trkpt>
      <trkpt lat="23.05026079528033733367919921875" lon="113.30643069930374622344970703125">
        <ele>4.400000095367431640625</ele>
        <time>2026-09-14T22:37:33.000Z</time>
        <extensions>
          <ns3:TrackPointExtension>
            <ns3:hr>132</ns3:hr>
            <ns3:cad>81</ns3:cad>
          </ns3:TrackPointExtension>
        </extensions>
      </trkpt>
      <trkpt lat="23.050254173576831817626953125" lon="113.306460790336132049560546875">
        <ele>4.400000095367431640625</ele>
        <time>2026-09-14T22:37:34.000Z</time>
        <extensions>
          <ns3:TrackPointExtension>
            <ns3:hr>132</ns3:hr>
            <ns3:cad>81</ns3:cad>
          </ns3:TrackPointExtension>
        </extensions>
      </trkpt>
      <trkpt lat="23.05024771951138973236083984375" lon="113.306480906903743743896484375">
        <ele>4.400000095367431640625</ele>
        <time>2026-09-14T22:37:35.000Z</time>
        <extensions>
          <ns3:TrackPointExtension>
            <ns3:hr>132</ns3:hr>
            <ns3:cad>81</ns3:cad>
          </ns3:TrackPointExtension>
        </extensions>
      </trkpt>
      <trkpt lat="23.05024554021656513214111328125" lon="113.306501023471355438232421875">
        <ele>4.400000095367431640625</ele>
        <time>2026-09-14T22:37:36.000Z</time>
        <extensions>
          <ns3:TrackPointExtension>
            <ns3:hr>132</ns3:hr>
            <ns3:cad>81</ns3:cad>
          </ns3:TrackPointExtension>
        </extensions>
      </trkpt>
      <trkpt lat="23.05023615248501300811767578125" lon="113.3065266720950603485107421875">
        <ele>4.400000095367431640625</ele>
        <time>2026-09-14T22:37:37.000Z</time>
        <extensions>
          <ns3:TrackPointExtension>
            <ns3:hr>132</ns3:hr>
            <ns3:cad>81</ns3:cad>
          </ns3:TrackPointExtension>
        </extensions>
      </trkpt>
      <trkpt lat="23.0502261780202388763427734375" lon="113.3065447770059108734130859375">
        <ele>4.400000095367431640625</ele>
        <time>2026-09-14T22:37:38.000Z</time>
        <extensions>
          <ns3:TrackPointExtension>
            <ns3:hr>133</ns3:hr>
            <ns3:cad>81</ns3:cad>
          </ns3:TrackPointExtension>
        </extensions>
      </trkpt>
      <trkpt lat="23.05021762847900390625" lon="113.30657042562961578369140625">
        <ele>4.400000095367431640625</ele>
        <time>2026-09-14T22:37:39.000Z</time>
        <extensions>
          <ns3:TrackPointExtension>
            <ns3:hr>133</ns3:hr>
            <ns3:cad>81</ns3:cad>
          </ns3:TrackPointExtension>
        </extensions>
      </trkpt>
      <trkpt lat="23.050204552710056304931640625" lon="113.30659766681492328643798828125">
        <ele>4.400000095367431640625</ele>
        <time>2026-09-14T22:37:40.000Z</time>
        <extensions>
          <ns3:TrackPointExtension>
            <ns3:hr>133</ns3:hr>
            <ns3:cad>81</ns3:cad>
          </ns3:TrackPointExtension>
        </extensions>
      </trkpt>
      <trkpt lat="23.0502023734152317047119140625" lon="113.306615017354488372802734375">
        <ele>4.400000095367431640625</ele>
        <time>2026-09-14T22:37:41.000Z</time>
        <extensions>
          <ns3:TrackPointExtension>
            <ns3:hr>133</ns3:hr>
            <ns3:cad>81</ns3:cad>
          </ns3:TrackPointExtension>
        </extensions>
      </trkpt>
      <trkpt lat="23.0501936562359333038330078125" lon="113.30664544366300106048583984375">
        <ele>4.400000095367431640625</ele>
        <time>2026-09-14T22:37:42.000Z</time>
        <extensions>
          <ns3:TrackPointExtension>
            <ns3:hr>133</ns3:hr>
            <ns3:cad>82</ns3:cad>
          </ns3:TrackPointExtension>
        </extensions>
      </trkpt>
      <trkpt lat="23.05018602870404720306396484375" lon="113.3066705055534839630126953125">
        <ele>4.400000095367431640625</ele>
        <time>2026-09-14T22:37:43.000Z</time>
        <extensions>
          <ns3:TrackPointExtension>
            <ns3:hr>132</ns3:hr>
            <ns3:cad>81</ns3:cad>
          </ns3:TrackPointExtension>
        </extensions>
      </trkpt>
      <trkpt lat="23.05018418468534946441650390625" lon="113.30668819136917591094970703125">
        <ele>4.400000095367431640625</ele>
        <time>2026-09-14T22:37:44.000Z</time>
        <extensions>
          <ns3:TrackPointExtension>
            <ns3:hr>133</ns3:hr>
            <ns3:cad>81</ns3:cad>
          </ns3:TrackPointExtension>
        </extensions>
      </trkpt>
      <trkpt lat="23.050174713134765625" lon="113.30671953968703746795654296875">
        <ele>4.400000095367431640625</ele>
        <time>2026-09-14T22:37:45.000Z</time>
        <extensions>
          <ns3:TrackPointExtension>
            <ns3:hr>133</ns3:hr>
            <ns3:cad>81</ns3:cad>
          </ns3:TrackPointExtension>
        </extensions>
      </trkpt>
      <trkpt lat="23.0501680076122283935546875" lon="113.3067427575588226318359375">
        <ele>4.400000095367431640625</ele>
        <time>2026-09-14T22:37:46.000Z</time>
        <extensions>
          <ns3:TrackPointExtension>
            <ns3:hr>134</ns3:hr>
            <ns3:cad>81</ns3:cad>
          </ns3:TrackPointExtension>
        </extensions>
      </trkpt>
      <trkpt lat="23.05016557686030864715576171875" lon="113.30676379613578319549560546875">
        <ele>4.400000095367431640625</ele>
        <time>2026-09-14T22:37:47.000Z</time>
        <extensions>
          <ns3:TrackPointExtension>
            <ns3:hr>134</ns3:hr>
            <ns3:cad>81</ns3:cad>
          </ns3:TrackPointExtension>
        </extensions>
      </trkpt>
      <trkpt lat="23.05016063153743743896484375" lon="113.306794725358486175537109375">
        <ele>4.400000095367431640625</ele>
        <time>2026-09-14T22:37:48.000Z</time>
        <extensions>
          <ns3:TrackPointExtension>
            <ns3:hr>134</ns3:hr>
            <ns3:cad>81</ns3:cad>
          </ns3:TrackPointExtension>
        </extensions>
      </trkpt>
      <trkpt lat="23.0501527525484561920166015625" lon="113.30681626684963703155517578125">
        <ele>4.400000095367431640625</ele>
        <time>2026-09-14T22:37:49.000Z</time>
        <extensions>
          <ns3:TrackPointExtension>
            <ns3:hr>134</ns3:hr>
            <ns3:cad>81</ns3:cad>
          </ns3:TrackPointExtension>
        </extensions>
      </trkpt>
      <trkpt lat="23.0501493997871875762939453125" lon="113.306842334568500518798828125">
        <ele>4.400000095367431640625</ele>
        <time>2026-09-14T22:37:50.000Z</time>
        <extensions>
          <ns3:TrackPointExtension>
            <ns3:hr>135</ns3:hr>
            <ns3:cad>81</ns3:cad>
          </ns3:TrackPointExtension>
        </extensions>
      </trkpt>
      <trkpt lat="23.0501426942646503448486328125" lon="113.30687108449637889862060546875">
        <ele>4.400000095367431640625</ele>
        <time>2026-09-14T22:37:51.000Z</time>
        <extensions>
          <ns3:TrackPointExtension>
            <ns3:hr>135</ns3:hr>
            <ns3:cad>81</ns3:cad>
          </ns3:TrackPointExtension>
        </extensions>
      </trkpt>
      <trkpt lat="23.05014319717884063720703125" lon="113.30688969232141971588134765625">
        <ele>4.400000095367431640625</ele>
        <time>2026-09-14T22:37:52.000Z</time>
        <extensions>
          <ns3:TrackPointExtension>
            <ns3:hr>136</ns3:hr>
            <ns3:cad>81</ns3:cad>
          </ns3:TrackPointExtension>
        </extensions>
      </trkpt>
      <trkpt lat="23.05013942532241344451904296875" lon="113.30691886134445667266845703125">
        <ele>4.400000095367431640625</ele>
        <time>2026-09-14T22:37:53.000Z</time>
        <extensions>
          <ns3:TrackPointExtension>
            <ns3:hr>137</ns3:hr>
            <ns3:cad>81</ns3:cad>
          </ns3:TrackPointExtension>
        </extensions>
      </trkpt>
      <trkpt lat="23.050132133066654205322265625" lon="113.306946270167827606201171875">
        <ele>4.400000095367431640625</ele>
        <time>2026-09-14T22:37:54.000Z</time>
        <extensions>
          <ns3:TrackPointExtension>
            <ns3:hr>137</ns3:hr>
            <ns3:cad>82</ns3:cad>
          </ns3:TrackPointExtension>
        </extensions>
      </trkpt>
      <trkpt lat="23.05013054050505161285400390625" lon="113.30696873366832733154296875">
        <ele>4.400000095367431640625</ele>
        <time>2026-09-14T22:37:55.000Z</time>
        <extensions>
          <ns3:TrackPointExtension>
            <ns3:hr>136</ns3:hr>
            <ns3:cad>82</ns3:cad>
          </ns3:TrackPointExtension>
        </extensions>
      </trkpt>
      <trkpt lat="23.050123751163482666015625" lon="113.30699865706264972686767578125">
        <ele>4.400000095367431640625</ele>
        <time>2026-09-14T22:37:56.000Z</time>
        <extensions>
          <ns3:TrackPointExtension>
            <ns3:hr>136</ns3:hr>
            <ns3:cad>82</ns3:cad>
          </ns3:TrackPointExtension>
        </extensions>
      </trkpt>
      <trkpt lat="23.0501188896596431732177734375" lon="113.30701692961156368255615234375">
        <ele>4.400000095367431640625</ele>
        <time>2026-09-14T22:37:57.000Z</time>
        <extensions>
          <ns3:TrackPointExtension>
            <ns3:hr>136</ns3:hr>
            <ns3:cad>82</ns3:cad>
          </ns3:TrackPointExtension>
        </extensions>
      </trkpt>
      <trkpt lat="23.05011863820254802703857421875" lon="113.30703922547399997711181640625">
        <ele>4.400000095367431640625</ele>
        <time>2026-09-14T22:37:58.000Z</time>
        <extensions>
          <ns3:TrackPointExtension>
            <ns3:hr>136</ns3:hr>
            <ns3:cad>82</ns3:cad>
          </ns3:TrackPointExtension>
        </extensions>
      </trkpt>
      <trkpt lat="23.0501128546893596649169921875" lon="113.307068981230258941650390625">
        <ele>4.400000095367431640625</ele>
        <time>2026-09-14T22:37:59.000Z</time>
        <extensions>
          <ns3:TrackPointExtension>
            <ns3:hr>136</ns3:hr>
            <ns3:cad>82</ns3:cad>
          </ns3:TrackPointExtension>
        </extensions>
      </trkpt>
      <trkpt lat="23.05011360906064510345458984375" lon="113.3070896007120609283447265625">
        <ele>4.400000095367431640625</ele>
        <time>2026-09-14T22:38:00.000Z</time>
        <extensions>
          <ns3:TrackPointExtension>
            <ns3:hr>136</ns3:hr>
            <ns3:cad>82</ns3:cad>
          </ns3:TrackPointExtension>
        </extensions>
      </trkpt>
      <trkpt lat="23.05011176504194736480712890625" lon="113.30711684189736843109130859375">
        <ele>4.400000095367431640625</ele>
        <time>2026-09-14T22:38:01.000Z</time>
        <extensions>
          <ns3:TrackPointExtension>
            <ns3:hr>137</ns3:hr>
            <ns3:cad>82</ns3:cad>
          </ns3:TrackPointExtension>
        </extensions>
      </trkpt>
      <trkpt lat="23.05010489188134670257568359375" lon="113.3071472682058811187744140625">
        <ele>4.400000095367431640625</ele>
        <time>2026-09-14T22:38:02.000Z</time>
        <extensions>
          <ns3:TrackPointExtension>
            <ns3:hr>136</ns3:hr>
            <ns3:cad>82</ns3:cad>
          </ns3:TrackPointExtension>
        </extensions>
      </trkpt>
      <trkpt lat="23.05010564625263214111328125" lon="113.3071653731167316436767578125">
        <ele>4.400000095367431640625</ele>
        <time>2026-09-14T22:38:03.000Z</time>
        <extensions>
          <ns3:TrackPointExtension>
            <ns3:hr>136</ns3:hr>
            <ns3:cad>82</ns3:cad>
          </ns3:TrackPointExtension>
        </extensions>
      </trkpt>
      <trkpt lat="23.05010053329169750213623046875" lon="113.3071987330913543701171875">
        <ele>4.400000095367431640625</ele>
        <time>2026-09-14T22:38:04.000Z</time>
        <extensions>
          <ns3:TrackPointExtension>
            <ns3:hr>137</ns3:hr>
            <ns3:cad>82</ns3:cad>
          </ns3:TrackPointExtension>
        </extensions>
      </trkpt>
      <trkpt lat="23.050097264349460601806640625" lon="113.307222537696361541748046875">
        <ele>4.400000095367431640625</ele>
        <time>2026-09-14T22:38:05.000Z</time>
        <extensions>
          <ns3:TrackPointExtension>
            <ns3:hr>137</ns3:hr>
            <ns3:cad>82</ns3:cad>
          </ns3:TrackPointExtension>
        </extensions>
      </trkpt>
      <trkpt lat="23.05009885691106319427490234375" lon="113.3072441630065441131591796875">
        <ele>4.400000095367431640625</ele>
        <time>2026-09-14T22:38:06.000Z</time>
        <extensions>
          <ns3:TrackPointExtension>
            <ns3:hr>137</ns3:hr>
            <ns3:cad>82</ns3:cad>
          </ns3:TrackPointExtension>
        </extensions>
      </trkpt>
      <trkpt lat="23.0500940792262554168701171875" lon="113.30727358348667621612548828125">
        <ele>4.400000095367431640625</ele>
        <time>2026-09-14T22:38:07.000Z</time>
        <extensions>
          <ns3:TrackPointExtension>
            <ns3:hr>137</ns3:hr>
            <ns3:cad>82</ns3:cad>
          </ns3:TrackPointExtension>
        </extensions>
      </trkpt>
      <trkpt lat="23.0500870384275913238525390625" lon="113.3072921074926853179931640625">
        <ele>4.400000095367431640625</ele>
        <time>2026-09-14T22:38:08.000Z</time>
        <extensions>
          <ns3:TrackPointExtension>
            <ns3:hr>137</ns3:hr>
            <ns3:cad>82</ns3:cad>
          </ns3:TrackPointExtension>
        </extensions>
      </trkpt>
      <trkpt lat="23.05008745752274990081787109375" lon="113.30731851048767566680908203125">
        <ele>4.400000095367431640625</ele>
        <time>2026-09-14T22:38:09.000Z</time>
        <extensions>
          <ns3:TrackPointExtension>
            <ns3:hr>137</ns3:hr>
            <ns3:cad>82</ns3:cad>
          </ns3:TrackPointExtension>
        </extensions>
      </trkpt>
      <trkpt lat="23.0500833503901958465576171875" lon="113.307345919311046600341796875">
        <ele>4.400000095367431640625</ele>
        <time>2026-09-14T22:38:10.000Z</time>
        <extensions>
          <ns3:TrackPointExtension>
            <ns3:hr>138</ns3:hr>
            <ns3:cad>82</ns3:cad>
          </ns3:TrackPointExtension>
        </extensions>
      </trkpt>
      <trkpt lat="23.0500846914947032928466796875" lon="113.30736528150737285614013671875">
        <ele>4.400000095367431640625</ele>
        <time>2026-09-14T22:38:11.000Z</time>
        <extensions>
          <ns3:TrackPointExtension>
            <ns3:hr>138</ns3:hr>
            <ns3:cad>82</ns3:cad>
          </ns3:TrackPointExtension>
        </extensions>
      </trkpt>
      <trkpt lat="23.0500816740095615386962890625" lon="113.3073953725397586822509765625">
        <ele>4.400000095367431640625</ele>
        <time>2026-09-14T22:38:12.000Z</time>
        <extensions>
          <ns3:TrackPointExtension>
            <ns3:hr>138</ns3:hr>
            <ns3:cad>82</ns3:cad>
          </ns3:TrackPointExtension>
        </extensions>
      </trkpt>
      <trkpt lat="23.0500759743154048919677734375" lon="113.30742127262055873870849609375">
        <ele>4.400000095367431640625</ele>
        <time>2026-09-14T22:38:13.000Z</time>
        <extensions>
          <ns3:TrackPointExtension>
            <ns3:hr>139</ns3:hr>
            <ns3:cad>82</ns3:cad>
          </ns3:TrackPointExtension>
        </extensions>
      </trkpt>
      <trkpt lat="23.05007773451507091522216796875" lon="113.3074402995407581329345703125">
        <ele>4.400000095367431640625</ele>
        <time>2026-09-14T22:38:14.000Z</time>
        <extensions>
          <ns3:TrackPointExtension>
            <ns3:hr>139</ns3:hr>
            <ns3:cad>82</ns3:cad>
          </ns3:TrackPointExtension>
        </extensions>
      </trkpt>
      <trkpt lat="23.0500687658786773681640625" lon="113.3074723184108734130859375">
        <ele>4.400000095367431640625</ele>
        <time>2026-09-14T22:38:15.000Z</time>
        <extensions>
          <ns3:TrackPointExtension>
            <ns3:hr>139</ns3:hr>
            <ns3:cad>82</ns3:cad>
          </ns3:TrackPointExtension>
        </extensions>
      </trkpt>
      <trkpt lat="23.05006465874612331390380859375" lon="113.3074929378926753997802734375">
        <ele>4.400000095367431640625</ele>
        <time>2026-09-14T22:38:16.000Z</time>
        <extensions>
          <ns3:TrackPointExtension>
            <ns3:hr>138</ns3:hr>
            <ns3:cad>82</ns3:cad>
          </ns3:TrackPointExtension>
        </extensions>
      </trkpt>
      <trkpt lat="23.05006549693644046783447265625" lon="113.30751380883157253265380859375">
        <ele>4.400000095367431640625</ele>
        <time>2026-09-14T22:38:17.000Z</time>
        <extensions>
          <ns3:TrackPointExtension>
            <ns3:hr>138</ns3:hr>
            <ns3:cad>82</ns3:cad>
          </ns3:TrackPointExtension>
        </extensions>
      </trkpt>
      <trkpt lat="23.05005996488034725189208984375" lon="113.3075422234833240509033203125">
        <ele>4.400000095367431640625</ele>
        <time>2026-09-14T22:38:18.000Z</time>
        <extensions>
          <ns3:TrackPointExtension>
            <ns3:hr>138</ns3:hr>
            <ns3:cad>82</ns3:cad>
          </ns3:TrackPointExtension>
        </extensions>
      </trkpt>
      <trkpt lat="23.05005745030939579010009765625" lon="113.30756074748933315277099609375">
        <ele>4.400000095367431640625</ele>
        <time>2026-09-14T22:38:19.000Z</time>
        <extensions>
          <ns3:TrackPointExtension>
            <ns3:hr>138</ns3:hr>
            <ns3:cad>82</ns3:cad>
          </ns3:TrackPointExtension>
        </extensions>
      </trkpt>
      <trkpt lat="23.050053678452968597412109375" lon="113.30758824013173580169677734375">
        <ele>4.400000095367431640625</ele>
        <time>2026-09-14T22:38:20.000Z</time>
        <extensions>
          <ns3:TrackPointExtension>
            <ns3:hr>138</ns3:hr>
            <ns3:cad>82</ns3:cad>
          </ns3:TrackPointExtension>
        </extensions>
      </trkpt>
      <trkpt lat="23.05004596710205078125" lon="113.30761321820318698883056640625">
        <ele>4.400000095367431640625</ele>
        <time>2026-09-14T22:38:21.000Z</time>
        <extensions>
          <ns3:TrackPointExtension>
            <ns3:hr>138</ns3:hr>
            <ns3:cad>82</ns3:cad>
          </ns3:TrackPointExtension>
        </extensions>
      </trkpt>
      <trkpt lat="23.05004722438752651214599609375" lon="113.3076320774853229522705078125">
        <ele>4.19999980926513671875</ele>
        <time>2026-09-14T22:38:22.000Z</time>
        <extensions>
          <ns3:TrackPointExtension>
            <ns3:hr>138</ns3:hr>
            <ns3:cad>82</ns3:cad>
          </ns3:TrackPointExtension>
        </extensions>
      </trkpt>
      <trkpt lat="23.05004135705530643463134765625" lon="113.3076622523367404937744140625">
        <ele>4.19999980926513671875</ele>
        <time>2026-09-14T22:38:23.000Z</time>
        <extensions>
          <ns3:TrackPointExtension>
            <ns3:hr>139</ns3:hr>
            <ns3:cad>82</ns3:cad>
          </ns3:TrackPointExtension>
        </extensions>
      </trkpt>
      <trkpt lat="23.05003465153276920318603515625" lon="113.30768647603690624237060546875">
        <ele>4.19999980926513671875</ele>
        <time>2026-09-14T22:38:24.000Z</time>
        <extensions>
          <ns3:TrackPointExtension>
            <ns3:hr>138</ns3:hr>
            <ns3:cad>82</ns3:cad>
          </ns3:TrackPointExtension>
        </extensions>
      </trkpt>
      <trkpt lat="23.0500357411801815032958984375" lon="113.30770709551870822906494140625">
        <ele>4.19999980926513671875</ele>
        <time>2026-09-14T22:38:25.000Z</time>
        <extensions>
          <ns3:TrackPointExtension>
            <ns3:hr>138</ns3:hr>
            <ns3:cad>82</ns3:cad>
          </ns3:TrackPointExtension>
        </extensions>
      </trkpt>
      <trkpt lat="23.05002786219120025634765625" lon="113.30774297006428241729736328125">
        <ele>4.400000095367431640625</ele>
        <time>2026-09-14T22:38:26.000Z</time>
        <extensions>
          <ns3:TrackPointExtension>
            <ns3:hr>138</ns3:hr>
            <ns3:cad>82</ns3:cad>
          </ns3:TrackPointExtension>
        </extensions>
      </trkpt>
      <trkpt lat="23.05002744309604167938232421875" lon="113.30776627175509929656982421875">
        <ele>4.400000095367431640625</ele>
        <time>2026-09-14T22:38:27.000Z</time>
        <extensions>
          <ns3:TrackPointExtension>
            <ns3:hr>139</ns3:hr>
            <ns3:cad>82</ns3:cad>
          </ns3:TrackPointExtension>
        </extensions>
      </trkpt>
      <trkpt lat="23.05003054440021514892578125" lon="113.30779309384524822235107421875">
        <ele>4.400000095367431640625</ele>
        <time>2026-09-14T22:38:28.000Z</time>
        <extensions>
          <ns3:TrackPointExtension>
            <ns3:hr>139</ns3:hr>
            <ns3:cad>81</ns3:cad>
          </ns3:TrackPointExtension>
        </extensions>
      </trkpt>
      <trkpt lat="23.05001939646899700164794921875" lon="113.30781924538314342498779296875">
        <ele>4.400000095367431640625</ele>
        <time>2026-09-14T22:38:29.000Z</time>
        <extensions>
          <ns3:TrackPointExtension>
            <ns3:hr>139</ns3:hr>
            <ns3:cad>81</ns3:cad>
          </ns3:TrackPointExtension>
        </extensions>
      </trkpt>
      <trkpt lat="23.050020821392536163330078125" lon="113.30783776938915252685546875">
        <ele>4.400000095367431640625</ele>
        <time>2026-09-14T22:38:30.000Z</time>
        <extensions>
          <ns3:TrackPointExtension>
            <ns3:hr>139</ns3:hr>
            <ns3:cad>81</ns3:cad>
          </ns3:TrackPointExtension>
        </extensions>
      </trkpt>
      <trkpt lat="23.05001587606966495513916015625" lon="113.30786727368831634521484375">
        <ele>4.19999980926513671875</ele>
        <time>2026-09-14T22:38:31.000Z</time>
        <extensions>
          <ns3:TrackPointExtension>
            <ns3:hr>139</ns3:hr>
            <ns3:cad>82</ns3:cad>
          </ns3:TrackPointExtension>
        </extensions>
      </trkpt>
      <trkpt lat="23.05001176893711090087890625" lon="113.30789132975041866302490234375">
        <ele>4.19999980926513671875</ele>
        <time>2026-09-14T22:38:32.000Z</time>
        <extensions>
          <ns3:TrackPointExtension>
            <ns3:hr>139</ns3:hr>
            <ns3:cad>82</ns3:cad>
          </ns3:TrackPointExtension>
        </extensions>
      </trkpt>
      <trkpt lat="23.05001051165163516998291015625" lon="113.30791111104190349578857421875">
        <ele>4.19999980926513671875</ele>
        <time>2026-09-14T22:38:33.000Z</time>
        <extensions>
          <ns3:TrackPointExtension>
            <ns3:hr>140</ns3:hr>
            <ns3:cad>82</ns3:cad>
          </ns3:TrackPointExtension>
        </extensions>
      </trkpt>
      <trkpt lat="23.04999969899654388427734375" lon="113.3079425431787967681884765625">
        <ele>4.19999980926513671875</ele>
        <time>2026-09-14T22:38:34.000Z</time>
        <extensions>
          <ns3:TrackPointExtension>
            <ns3:hr>140</ns3:hr>
            <ns3:cad>82</ns3:cad>
          </ns3:TrackPointExtension>
        </extensions>
      </trkpt>
      <trkpt lat="23.04999299347400665283203125" lon="113.30796441994607448577880859375">
        <ele>4.19999980926513671875</ele>
        <time>2026-09-14T22:38:35.000Z</time>
        <extensions>
          <ns3:TrackPointExtension>
            <ns3:hr>140</ns3:hr>
            <ns3:cad>82</ns3:cad>
          </ns3:TrackPointExtension>
        </extensions>
      </trkpt>
      <trkpt lat="23.04999223910272121429443359375" lon="113.30798671580851078033447265625">
        <ele>4.19999980926513671875</ele>
        <time>2026-09-14T22:38:36.000Z</time>
        <extensions>
          <ns3:TrackPointExtension>
            <ns3:hr>140</ns3:hr>
            <ns3:cad>82</ns3:cad>
          </ns3:TrackPointExtension>
        </extensions>
      </trkpt>
      <trkpt lat="23.049987964332103729248046875" lon="113.30801990814507007598876953125">
        <ele>4.400000095367431640625</ele>
        <time>2026-09-14T22:38:37.000Z</time>
        <extensions>
          <ns3:TrackPointExtension>
            <ns3:hr>141</ns3:hr>
            <ns3:cad>82</ns3:cad>
          </ns3:TrackPointExtension>
        </extensions>
      </trkpt>
      <trkpt lat="23.049991987645626068115234375" lon="113.30804220400750637054443359375">
        <ele>4.400000095367431640625</ele>
        <time>2026-09-14T22:38:38.000Z</time>
        <extensions>
          <ns3:TrackPointExtension>
            <ns3:hr>141</ns3:hr>
            <ns3:cad>82</ns3:cad>
          </ns3:TrackPointExtension>
        </extensions>
      </trkpt>
      <trkpt lat="23.049992658197879791259765625" lon="113.30806852318346500396728515625">
        <ele>4.400000095367431640625</ele>
        <time>2026-09-14T22:38:39.000Z</time>
        <extensions>
          <ns3:TrackPointExtension>
            <ns3:hr>141</ns3:hr>
            <ns3:cad>81</ns3:cad>
          </ns3:TrackPointExtension>
        </extensions>
      </trkpt>
      <trkpt lat="23.04998704232275485992431640625" lon="113.30809685401618480682373046875">
        <ele>4.19999980926513671875</ele>
        <time>2026-09-14T22:38:40.000Z</time>
        <extensions>
          <ns3:TrackPointExtension>
            <ns3:hr>141</ns3:hr>
            <ns3:cad>81</ns3:cad>
          </ns3:TrackPointExtension>
        </extensions>
      </trkpt>
      <trkpt lat="23.04998897016048431396484375" lon="113.308117054402828216552734375">
        <ele>4.19999980926513671875</ele>
        <time>2026-09-14T22:38:41.000Z</time>
        <extensions>
          <ns3:TrackPointExtension>
            <ns3:hr>141</ns3:hr>
            <ns3:cad>81</ns3:cad>
          </ns3:TrackPointExtension>
        </extensions>
      </trkpt>
      <trkpt lat="23.04998704232275485992431640625" lon="113.30814354121685028076171875">
        <ele>4.19999980926513671875</ele>
        <time>2026-09-14T22:38:42.000Z</time>
        <extensions>
          <ns3:TrackPointExtension>
            <ns3:hr>141</ns3:hr>
            <ns3:cad>81</ns3:cad>
          </ns3:TrackPointExtension>
        </extensions>
      </trkpt>
      <trkpt lat="23.04998067207634449005126953125" lon="113.30816675908863544464111328125">
        <ele>4.19999980926513671875</ele>
        <time>2026-09-14T22:38:43.000Z</time>
        <extensions>
          <ns3:TrackPointExtension>
            <ns3:hr>141</ns3:hr>
            <ns3:cad>81</ns3:cad>
          </ns3:TrackPointExtension>
        </extensions>
      </trkpt>
      <trkpt lat="23.04998000152409076690673828125" lon="113.30818452872335910797119140625">
        <ele>4.400000095367431640625</ele>
        <time>2026-09-14T22:38:44.000Z</time>
        <extensions>
          <ns3:TrackPointExtension>
            <ns3:hr>141</ns3:hr>
            <ns3:cad>81</ns3:cad>
          </ns3:TrackPointExtension>
        </extensions>
      </trkpt>
      <trkpt lat="23.04997346363961696624755859375" lon="113.3082161284983158111572265625">
        <ele>4.400000095367431640625</ele>
        <time>2026-09-14T22:38:45.000Z</time>
        <extensions>
          <ns3:TrackPointExtension>
            <ns3:hr>141</ns3:hr>
            <ns3:cad>81</ns3:cad>
          </ns3:TrackPointExtension>
        </extensions>
      </trkpt>
      <trkpt lat="23.04996910504996776580810546875" lon="113.308239094913005828857421875">
        <ele>4.400000095367431640625</ele>
        <time>2026-09-14T22:38:46.000Z</time>
        <extensions>
          <ns3:TrackPointExtension>
            <ns3:hr>141</ns3:hr>
            <ns3:cad>81</ns3:cad>
          </ns3:TrackPointExtension>
        </extensions>
      </trkpt>
      <trkpt lat="23.0499706976115703582763671875" lon="113.308259546756744384765625">
        <ele>4.400000095367431640625</ele>
        <time>2026-09-14T22:38:47.000Z</time>
        <extensions>
          <ns3:TrackPointExtension>
            <ns3:hr>142</ns3:hr>
            <ns3:cad>81</ns3:cad>
          </ns3:TrackPointExtension>
        </extensions>
      </trkpt>
      <trkpt lat="23.049961142241954803466796875" lon="113.30829265527427196502685546875">
        <ele>4.400000095367431640625</ele>
        <time>2026-09-14T22:38:48.000Z</time>
        <extensions>
          <ns3:TrackPointExtension>
            <ns3:hr>141</ns3:hr>
            <ns3:cad>81</ns3:cad>
          </ns3:TrackPointExtension>
        </extensions>
      </trkpt>
      <trkpt lat="23.04995502345263957977294921875" lon="113.30831344239413738250732421875">
        <ele>4.400000095367431640625</ele>
        <time>2026-09-14T22:38:49.000Z</time>
        <extensions>
          <ns3:TrackPointExtension>
            <ns3:hr>141</ns3:hr>
            <ns3:cad>81</ns3:cad>
          </ns3:TrackPointExtension>
        </extensions>
      </trkpt>
      <trkpt lat="23.04995334707200527191162109375" lon="113.308336324989795684814453125">
        <ele>4.400000095367431640625</ele>
        <time>2026-09-14T22:38:50.000Z</time>
        <extensions>
          <ns3:TrackPointExtension>
            <ns3:hr>141</ns3:hr>
            <ns3:cad>81</ns3:cad>
          </ns3:TrackPointExtension>
        </extensions>
      </trkpt>
      <trkpt lat="23.049943707883358001708984375" lon="113.3083659969270229339599609375">
        <ele>4.400000095367431640625</ele>
        <time>2026-09-14T22:38:51.000Z</time>
        <extensions>
          <ns3:TrackPointExtension>
            <ns3:hr>141</ns3:hr>
            <ns3:cad>81</ns3:cad>
          </ns3:TrackPointExtension>
        </extensions>
      </trkpt>
      <trkpt lat="23.04994446225464344024658203125" lon="113.308386616408824920654296875">
        <ele>4.400000095367431640625</ele>
        <time>2026-09-14T22:38:52.000Z</time>
        <extensions>
          <ns3:TrackPointExtension>
            <ns3:hr>141</ns3:hr>
            <ns3:cad>81</ns3:cad>
          </ns3:TrackPointExtension>
        </extensions>
      </trkpt>
      <trkpt lat="23.049942366778850555419921875" lon="113.3084126003086566925048828125">
        <ele>4.400000095367431640625</ele>
        <time>2026-09-14T22:38:53.000Z</time>
        <extensions>
          <ns3:TrackPointExtension>
            <ns3:hr>141</ns3:hr>
            <ns3:cad>81</ns3:cad>
          </ns3:TrackPointExtension>
        </extensions>
      </trkpt>
      <trkpt lat="23.04993758909404277801513671875" lon="113.3084377460181713104248046875">
        <ele>4.400000095367431640625</ele>
        <time>2026-09-14T22:38:54.000Z</time>
        <extensions>
          <ns3:TrackPointExtension>
            <ns3:hr>142</ns3:hr>
            <ns3:cad>81</ns3:cad>
          </ns3:TrackPointExtension>
        </extensions>
      </trkpt>
      <trkpt lat="23.049939684569835662841796875" lon="113.3084568567574024200439453125">
        <ele>4.400000095367431640625</ele>
        <time>2026-09-14T22:38:55.000Z</time>
        <extensions>
          <ns3:TrackPointExtension>
            <ns3:hr>141</ns3:hr>
            <ns3:cad>81</ns3:cad>
          </ns3:TrackPointExtension>
        </extensions>
      </trkpt>
      <trkpt lat="23.0499378405511379241943359375" lon="113.30848946236073970794677734375">
        <ele>4.400000095367431640625</ele>
        <time>2026-09-14T22:38:56.000Z</time>
        <extensions>
          <ns3:TrackPointExtension>
            <ns3:hr>141</ns3:hr>
            <ns3:cad>81</ns3:cad>
          </ns3:TrackPointExtension>
        </extensions>
      </trkpt>
      <trkpt lat="23.04993406869471073150634765625" lon="113.3085168711841106414794921875">
        <ele>4.400000095367431640625</ele>
        <time>2026-09-14T22:38:57.000Z</time>
        <extensions>
          <ns3:TrackPointExtension>
            <ns3:hr>142</ns3:hr>
            <ns3:cad>81</ns3:cad>
          </ns3:TrackPointExtension>
        </extensions>
      </trkpt>
      <trkpt lat="23.04993666708469390869140625" lon="113.3085376583039760589599609375">
        <ele>4.400000095367431640625</ele>
        <time>2026-09-14T22:38:58.000Z</time>
        <extensions>
          <ns3:TrackPointExtension>
            <ns3:hr>141</ns3:hr>
            <ns3:cad>81</ns3:cad>
          </ns3:TrackPointExtension>
        </extensions>
      </trkpt>
      <trkpt lat="23.049929626286029815673828125" lon="113.3085720241069793701171875">
        <ele>4.400000095367431640625</ele>
        <time>2026-09-14T22:38:59.000Z</time>
        <extensions>
          <ns3:TrackPointExtension>
            <ns3:hr>141</ns3:hr>
            <ns3:cad>81</ns3:cad>
          </ns3:TrackPointExtension>
        </extensions>
      </trkpt>
      <trkpt lat="23.04992753081023693084716796875" lon="113.30859281122684478759765625">
        <ele>4.400000095367431640625</ele>
        <time>2026-09-14T22:39:00.000Z</time>
        <extensions>
          <ns3:TrackPointExtension>
            <ns3:hr>142</ns3:hr>
            <ns3:cad>81</ns3:cad>
          </ns3:TrackPointExtension>
        </extensions>
      </trkpt>
      <trkpt lat="23.04992669261991977691650390625" lon="113.30861787311732769012451171875">
        <ele>4.400000095367431640625</ele>
        <time>2026-09-14T22:39:01.000Z</time>
        <extensions>
          <ns3:TrackPointExtension>
            <ns3:hr>141</ns3:hr>
            <ns3:cad>81</ns3:cad>
          </ns3:TrackPointExtension>
        </extensions>
      </trkpt>
      <trkpt lat="23.0499227531254291534423828125" lon="113.30864335410296916961669921875">
        <ele>4.400000095367431640625</ele>
        <time>2026-09-14T22:39:02.000Z</time>
        <extensions>
          <ns3:TrackPointExtension>
            <ns3:hr>141</ns3:hr>
            <ns3:cad>81</ns3:cad>
          </ns3:TrackPointExtension>
        </extensions>
      </trkpt>
      <trkpt lat="23.0499177239835262298583984375" lon="113.30866548232734203338623046875">
        <ele>4.400000095367431640625</ele>
        <time>2026-09-14T22:39:03.000Z</time>
        <extensions>
          <ns3:TrackPointExtension>
            <ns3:hr>142</ns3:hr>
            <ns3:cad>81</ns3:cad>
          </ns3:TrackPointExtension>
        </extensions>
      </trkpt>
      <trkpt lat="23.049914203584194183349609375" lon="113.30869263969361782073974609375">
        <ele>4.400000095367431640625</ele>
        <time>2026-09-14T22:39:04.000Z</time>
        <extensions>
          <ns3:TrackPointExtension>
            <ns3:hr>141</ns3:hr>
            <ns3:cad>81</ns3:cad>
          </ns3:TrackPointExtension>
        </extensions>
      </trkpt>
      <trkpt lat="23.04990959353744983673095703125" lon="113.3087180368602275848388671875">
        <ele>4.400000095367431640625</ele>
        <time>2026-09-14T22:39:05.000Z</time>
        <extensions>
          <ns3:TrackPointExtension>
            <ns3:hr>141</ns3:hr>
            <ns3:cad>81</ns3:cad>
          </ns3:TrackPointExtension>
        </extensions>
      </trkpt>
      <trkpt lat="23.04991252720355987548828125" lon="113.30873689614236354827880859375">
        <ele>4.400000095367431640625</ele>
        <time>2026-09-14T22:39:06.000Z</time>
        <extensions>
          <ns3:TrackPointExtension>
            <ns3:hr>142</ns3:hr>
            <ns3:cad>81</ns3:cad>
          </ns3:TrackPointExtension>
        </extensions>
      </trkpt>
      <trkpt lat="23.0499110184609889984130859375" lon="113.30876723863184452056884765625">
        <ele>4.400000095367431640625</ele>
        <time>2026-09-14T22:39:07.000Z</time>
        <extensions>
          <ns3:TrackPointExtension>
            <ns3:hr>142</ns3:hr>
            <ns3:cad>81</ns3:cad>
          </ns3:TrackPointExtension>
        </extensions>
      </trkpt>
      <trkpt lat="23.04990691132843494415283203125" lon="113.30879054032266139984130859375">
        <ele>4.400000095367431640625</ele>
        <time>2026-09-14T22:39:08.000Z</time>
        <extensions>
          <ns3:TrackPointExtension>
            <ns3:hr>142</ns3:hr>
            <ns3:cad>81</ns3:cad>
          </ns3:TrackPointExtension>
        </extensions>
      </trkpt>
      <trkpt lat="23.0499023012816905975341796875" lon="113.3088135905563831329345703125">
        <ele>4.400000095367431640625</ele>
        <time>2026-09-14T22:39:09.000Z</time>
        <extensions>
          <ns3:TrackPointExtension>
            <ns3:hr>142</ns3:hr>
            <ns3:cad>81</ns3:cad>
          </ns3:TrackPointExtension>
        </extensions>
      </trkpt>
      <trkpt lat="23.04989777505397796630859375" lon="113.30884401686489582061767578125">
        <ele>4.400000095367431640625</ele>
        <time>2026-09-14T22:39:10.000Z</time>
        <extensions>
          <ns3:TrackPointExtension>
            <ns3:hr>141</ns3:hr>
            <ns3:cad>81</ns3:cad>
          </ns3:TrackPointExtension>
        </extensions>
      </trkpt>
      <trkpt lat="23.04989106953144073486328125" lon="113.30886949785053730010986328125">
        <ele>4.400000095367431640625</ele>
        <time>2026-09-14T22:39:11.000Z</time>
        <extensions>
          <ns3:TrackPointExtension>
            <ns3:hr>141</ns3:hr>
            <ns3:cad>81</ns3:cad>
          </ns3:TrackPointExtension>
        </extensions>
      </trkpt>
      <trkpt lat="23.04989241063594818115234375" lon="113.3088930509984493255615234375">
        <ele>4.599999904632568359375</ele>
        <time>2026-09-14T22:39:12.000Z</time>
        <extensions>
          <ns3:TrackPointExtension>
            <ns3:hr>141</ns3:hr>
            <ns3:cad>81</ns3:cad>
          </ns3:TrackPointExtension>
        </extensions>
      </trkpt>
      <trkpt lat="23.049886710941791534423828125" lon="113.30892180092632770538330078125">
        <ele>4.599999904632568359375</ele>
        <time>2026-09-14T22:39:13.000Z</time>
        <extensions>
          <ns3:TrackPointExtension>
            <ns3:hr>141</ns3:hr>
            <ns3:cad>81</ns3:cad>
          </ns3:TrackPointExtension>
        </extensions>
      </trkpt>
      <trkpt lat="23.04989014752209186553955078125" lon="113.30893873237073421478271484375">
        <ele>4.599999904632568359375</ele>
        <time>2026-09-14T22:39:14.000Z</time>
        <extensions>
          <ns3:TrackPointExtension>
            <ns3:hr>140</ns3:hr>
            <ns3:cad>81</ns3:cad>
          </ns3:TrackPointExtension>
        </extensions>
      </trkpt>
      <trkpt lat="23.0498892255127429962158203125" lon="113.3089663088321685791015625">
        <ele>4.599999904632568359375</ele>
        <time>2026-09-14T22:39:15.000Z</time>
        <extensions>
          <ns3:TrackPointExtension>
            <ns3:hr>140</ns3:hr>
            <ns3:cad>81</ns3:cad>
          </ns3:TrackPointExtension>
        </extensions>
      </trkpt>
      <trkpt lat="23.0498858727514743804931640625" lon="113.30899220891296863555908203125">
        <ele>4.599999904632568359375</ele>
        <time>2026-09-14T22:39:16.000Z</time>
        <extensions>
          <ns3:TrackPointExtension>
            <ns3:hr>140</ns3:hr>
            <ns3:cad>81</ns3:cad>
          </ns3:TrackPointExtension>
        </extensions>
      </trkpt>
      <trkpt lat="23.04988997988402843475341796875" lon="113.30901266075670719146728515625">
        <ele>4.400000095367431640625</ele>
        <time>2026-09-14T22:39:17.000Z</time>
        <extensions>
          <ns3:TrackPointExtension>
            <ns3:hr>140</ns3:hr>
            <ns3:cad>82</ns3:cad>
          </ns3:TrackPointExtension>
        </extensions>
      </trkpt>
      <trkpt lat="23.04988981224596500396728515625" lon="113.3090445958077907562255859375">
        <ele>4.400000095367431640625</ele>
        <time>2026-09-14T22:39:18.000Z</time>
        <extensions>
          <ns3:TrackPointExtension>
            <ns3:hr>141</ns3:hr>
            <ns3:cad>82</ns3:cad>
          </ns3:TrackPointExtension>
        </extensions>
      </trkpt>
      <trkpt lat="23.049886040389537811279296875" lon="113.30906462855637073516845703125">
        <ele>4.400000095367431640625</ele>
        <time>2026-09-14T22:39:19.000Z</time>
        <extensions>
          <ns3:TrackPointExtension>
            <ns3:hr>141</ns3:hr>
            <ns3:cad>83</ns3:cad>
          </ns3:TrackPointExtension>
        </extensions>
      </trkpt>
      <trkpt lat="23.04988511838018894195556640625" lon="113.309088014066219329833984375">
        <ele>4.400000095367431640625</ele>
        <time>2026-09-14T22:39:20.000Z</time>
        <extensions>
          <ns3:TrackPointExtension>
            <ns3:hr>141</ns3:hr>
            <ns3:cad>83</ns3:cad>
          </ns3:TrackPointExtension>
        </extensions>
      </trkpt>
      <trkpt lat="23.04987941868603229522705078125" lon="113.3091170154511928558349609375">
        <ele>4.400000095367431640625</ele>
        <time>2026-09-14T22:39:21.000Z</time>
        <extensions>
          <ns3:TrackPointExtension>
            <ns3:hr>141</ns3:hr>
            <ns3:cad>83</ns3:cad>
          </ns3:TrackPointExtension>
        </extensions>
      </trkpt>
      <trkpt lat="23.0498781614005565643310546875" lon="113.30913688056170940399169921875">
        <ele>4.599999904632568359375</ele>
        <time>2026-09-14T22:39:22.000Z</time>
        <extensions>
          <ns3:TrackPointExtension>
            <ns3:hr>140</ns3:hr>
            <ns3:cad>83</ns3:cad>
          </ns3:TrackPointExtension>
        </extensions>
      </trkpt>
      <trkpt lat="23.0498756468296051025390625" lon="113.30916370265185832977294921875">
        <ele>4.599999904632568359375</ele>
        <time>2026-09-14T22:39:23.000Z</time>
        <extensions>
          <ns3:TrackPointExtension>
            <ns3:hr>140</ns3:hr>
            <ns3:cad>83</ns3:cad>
          </ns3:TrackPointExtension>
        </extensions>
      </trkpt>
      <trkpt lat="23.049871288239955902099609375" lon="113.30919052474200725555419921875">
        <ele>4.599999904632568359375</ele>
        <time>2026-09-14T22:39:24.000Z</time>
        <extensions>
          <ns3:TrackPointExtension>
            <ns3:hr>140</ns3:hr>
            <ns3:cad>82</ns3:cad>
          </ns3:TrackPointExtension>
        </extensions>
      </trkpt>
      <trkpt lat="23.049874641001224517822265625" lon="113.30920812673866748809814453125">
        <ele>4.400000095367431640625</ele>
        <time>2026-09-14T22:39:25.000Z</time>
        <extensions>
          <ns3:TrackPointExtension>
            <ns3:hr>141</ns3:hr>
            <ns3:cad>82</ns3:cad>
          </ns3:TrackPointExtension>
        </extensions>
      </trkpt>
      <trkpt lat="23.049875982105731964111328125" lon="113.3092380501329898834228515625">
        <ele>4.400000095367431640625</ele>
        <time>2026-09-14T22:39:26.000Z</time>
        <extensions>
          <ns3:TrackPointExtension>
            <ns3:hr>141</ns3:hr>
            <ns3:cad>82</ns3:cad>
          </ns3:TrackPointExtension>
        </extensions>
      </trkpt>
      <trkpt lat="23.04987757466733455657958984375" lon="113.30926277674734592437744140625">
        <ele>4.400000095367431640625</ele>
        <time>2026-09-14T22:39:27.000Z</time>
        <extensions>
          <ns3:TrackPointExtension>
            <ns3:hr>141</ns3:hr>
            <ns3:cad>82</ns3:cad>
          </ns3:TrackPointExtension>
        </extensions>
      </trkpt>
      <trkpt lat="23.0498836934566497802734375" lon="113.30928406678140163421630859375">
        <ele>4.400000095367431640625</ele>
        <time>2026-09-14T22:39:28.000Z</time>
        <extensions>
          <ns3:TrackPointExtension>
            <ns3:hr>142</ns3:hr>
            <ns3:cad>82</ns3:cad>
          </ns3:TrackPointExtension>
        </extensions>
      </trkpt>
      <trkpt lat="23.04988562129437923431396484375" lon="113.30931675620377063751220703125">
        <ele>4.400000095367431640625</ele>
        <time>2026-09-14T22:39:29.000Z</time>
        <extensions>
          <ns3:TrackPointExtension>
            <ns3:hr>143</ns3:hr>
            <ns3:cad>81</ns3:cad>
          </ns3:TrackPointExtension>
        </extensions>
      </trkpt>
      <trkpt lat="23.04988612420856952667236328125" lon="113.30933653749525547027587890625">
        <ele>4.400000095367431640625</ele>
        <time>2026-09-14T22:39:30.000Z</time>
        <extensions>
          <ns3:TrackPointExtension>
            <ns3:hr>144</ns3:hr>
            <ns3:cad>81</ns3:cad>
          </ns3:TrackPointExtension>
        </extensions>
      </trkpt>
      <trkpt lat="23.04989065043628215789794921875" lon="113.30936126410961151123046875">
        <ele>4.400000095367431640625</ele>
        <time>2026-09-14T22:39:31.000Z</time>
        <extensions>
          <ns3:TrackPointExtension>
            <ns3:hr>144</ns3:hr>
            <ns3:cad>81</ns3:cad>
          </ns3:TrackPointExtension>
        </extensions>
      </trkpt>
      <trkpt lat="23.0498915724456310272216796875" lon="113.3093906007707118988037109375">
        <ele>4.599999904632568359375</ele>
        <time>2026-09-14T22:39:32.000Z</time>
        <extensions>
          <ns3:TrackPointExtension>
            <ns3:hr>145</ns3:hr>
            <ns3:cad>81</ns3:cad>
          </ns3:TrackPointExtension>
        </extensions>
      </trkpt>
      <trkpt lat="23.0498979426920413970947265625" lon="113.30940954387187957763671875">
        <ele>4.599999904632568359375</ele>
        <time>2026-09-14T22:39:33.000Z</time>
        <extensions>
          <ns3:TrackPointExtension>
            <ns3:hr>145</ns3:hr>
            <ns3:cad>81</ns3:cad>
          </ns3:TrackPointExtension>
        </extensions>
      </trkpt>
      <trkpt lat="23.04990313947200775146484375" lon="113.309440053999423980712890625">
        <ele>4.599999904632568359375</ele>
        <time>2026-09-14T22:39:34.000Z</time>
        <extensions>
          <ns3:TrackPointExtension>
            <ns3:hr>144</ns3:hr>
            <ns3:cad>82</ns3:cad>
          </ns3:TrackPointExtension>
        </extensions>
      </trkpt>
      <trkpt lat="23.0499006249010562896728515625" lon="113.3094673790037631988525390625">
        <ele>4.599999904632568359375</ele>
        <time>2026-09-14T22:39:35.000Z</time>
        <extensions>
          <ns3:TrackPointExtension>
            <ns3:hr>144</ns3:hr>
            <ns3:cad>82</ns3:cad>
          </ns3:TrackPointExtension>
        </extensions>
      </trkpt>
      <trkpt lat="23.049898445606231689453125" lon="113.30948724411427974700927734375">
        <ele>4.80000019073486328125</ele>
        <time>2026-09-14T22:39:36.000Z</time>
        <extensions>
          <ns3:TrackPointExtension>
            <ns3:hr>143</ns3:hr>
            <ns3:cad>82</ns3:cad>
          </ns3:TrackPointExtension>
        </extensions>
      </trkpt>
      <trkpt lat="23.0498982779681682586669921875" lon="113.309514485299587249755859375">
        <ele>5</ele>
        <time>2026-09-14T22:39:37.000Z</time>
        <extensions>
          <ns3:TrackPointExtension>
            <ns3:hr>143</ns3:hr>
            <ns3:cad>82</ns3:cad>
          </ns3:TrackPointExtension>
        </extensions>
      </trkpt>
      <trkpt lat="23.04990238510072231292724609375" lon="113.3095418103039264678955078125">
        <ele>5</ele>
        <time>2026-09-14T22:39:38.000Z</time>
        <extensions>
          <ns3:TrackPointExtension>
            <ns3:hr>143</ns3:hr>
            <ns3:cad>82</ns3:cad>
          </ns3:TrackPointExtension>
        </extensions>
      </trkpt>
      <trkpt lat="23.049904815852642059326171875" lon="113.3095657825469970703125">
        <ele>5.19999980926513671875</ele>
        <time>2026-09-14T22:39:39.000Z</time>
        <extensions>
          <ns3:TrackPointExtension>
            <ns3:hr>143</ns3:hr>
            <ns3:cad>82</ns3:cad>
          </ns3:TrackPointExtension>
        </extensions>
      </trkpt>
      <trkpt lat="23.0499105155467987060546875" lon="113.30959193408489227294921875">
        <ele>5.19999980926513671875</ele>
        <time>2026-09-14T22:39:40.000Z</time>
        <extensions>
          <ns3:TrackPointExtension>
            <ns3:hr>143</ns3:hr>
            <ns3:cad>82</ns3:cad>
          </ns3:TrackPointExtension>
        </extensions>
      </trkpt>
      <trkpt lat="23.049922250211238861083984375" lon="113.30961632542312145233154296875">
        <ele>5</ele>
        <time>2026-09-14T22:39:41.000Z</time>
        <extensions>
          <ns3:TrackPointExtension>
            <ns3:hr>143</ns3:hr>
            <ns3:cad>82</ns3:cad>
          </ns3:TrackPointExtension>
        </extensions>
      </trkpt>
      <trkpt lat="23.04992585442960262298583984375" lon="113.30964599736034870147705078125">
        <ele>5</ele>
        <time>2026-09-14T22:39:42.000Z</time>
        <extensions>
          <ns3:TrackPointExtension>
            <ns3:hr>143</ns3:hr>
            <ns3:cad>82</ns3:cad>
          </ns3:TrackPointExtension>
        </extensions>
      </trkpt>
      <trkpt lat="23.04992736317217350006103515625" lon="113.30967214889824390411376953125">
        <ele>4.80000019073486328125</ele>
        <time>2026-09-14T22:39:43.000Z</time>
        <extensions>
          <ns3:TrackPointExtension>
            <ns3:hr>143</ns3:hr>
            <ns3:cad>82</ns3:cad>
          </ns3:TrackPointExtension>
        </extensions>
      </trkpt>
      <trkpt lat="23.04993507452309131622314453125" lon="113.30969092436134815216064453125">
        <ele>4.80000019073486328125</ele>
        <time>2026-09-14T22:39:44.000Z</time>
        <extensions>
          <ns3:TrackPointExtension>
            <ns3:hr>143</ns3:hr>
            <ns3:cad>82</ns3:cad>
          </ns3:TrackPointExtension>
        </extensions>
      </trkpt>
      <trkpt lat="23.04993406869471073150634765625" lon="113.30972579307854175567626953125">
        <ele>4.599999904632568359375</ele>
        <time>2026-09-14T22:39:45.000Z</time>
        <extensions>
          <ns3:TrackPointExtension>
            <ns3:hr>143</ns3:hr>
            <ns3:cad>82</ns3:cad>
          </ns3:TrackPointExtension>
        </extensions>
      </trkpt>
      <trkpt lat="23.0499368347227573394775390625" lon="113.30974842421710491180419921875">
        <ele>4.599999904632568359375</ele>
        <time>2026-09-14T22:39:46.000Z</time>
        <extensions>
          <ns3:TrackPointExtension>
            <ns3:hr>143</ns3:hr>
            <ns3:cad>82</ns3:cad>
          </ns3:TrackPointExtension>
        </extensions>
      </trkpt>
      <trkpt lat="23.0499395169317722320556640625" lon="113.30977499485015869140625">
        <ele>4.599999904632568359375</ele>
        <time>2026-09-14T22:39:47.000Z</time>
        <extensions>
          <ns3:TrackPointExtension>
            <ns3:hr>143</ns3:hr>
            <ns3:cad>82</ns3:cad>
          </ns3:TrackPointExtension>
        </extensions>
      </trkpt>
      <trkpt lat="23.04993658326566219329833984375" lon="113.30980391241610050201416015625">
        <ele>4.599999904632568359375</ele>
        <time>2026-09-14T22:39:48.000Z</time>
        <extensions>
          <ns3:TrackPointExtension>
            <ns3:hr>143</ns3:hr>
            <ns3:cad>82</ns3:cad>
          </ns3:TrackPointExtension>
        </extensions>
      </trkpt>
      <trkpt lat="23.049939014017581939697265625" lon="113.30982604064047336578369140625">
        <ele>4.599999904632568359375</ele>
        <time>2026-09-14T22:39:49.000Z</time>
        <extensions>
          <ns3:TrackPointExtension>
            <ns3:hr>143</ns3:hr>
            <ns3:cad>82</ns3:cad>
          </ns3:TrackPointExtension>
        </extensions>
      </trkpt>
      <trkpt lat="23.049937672913074493408203125" lon="113.30985336564481258392333984375">
        <ele>4.400000095367431640625</ele>
        <time>2026-09-14T22:39:50.000Z</time>
        <extensions>
          <ns3:TrackPointExtension>
            <ns3:hr>143</ns3:hr>
            <ns3:cad>82</ns3:cad>
          </ns3:TrackPointExtension>
        </extensions>
      </trkpt>
      <trkpt lat="23.0499338172376155853271484375" lon="113.30988270230591297149658203125">
        <ele>4.400000095367431640625</ele>
        <time>2026-09-14T22:39:51.000Z</time>
        <extensions>
          <ns3:TrackPointExtension>
            <ns3:hr>143</ns3:hr>
            <ns3:cad>82</ns3:cad>
          </ns3:TrackPointExtension>
        </extensions>
      </trkpt>
      <trkpt lat="23.04993608035147190093994140625" lon="113.3099089376628398895263671875">
        <ele>4.599999904632568359375</ele>
        <time>2026-09-14T22:39:52.000Z</time>
        <extensions>
          <ns3:TrackPointExtension>
            <ns3:hr>143</ns3:hr>
            <ns3:cad>82</ns3:cad>
          </ns3:TrackPointExtension>
        </extensions>
      </trkpt>
      <trkpt lat="23.04993742145597934722900390625" lon="113.309945650398731231689453125">
        <ele>4.599999904632568359375</ele>
        <time>2026-09-14T22:39:53.000Z</time>
        <extensions>
          <ns3:TrackPointExtension>
            <ns3:hr>143</ns3:hr>
            <ns3:cad>82</ns3:cad>
          </ns3:TrackPointExtension>
        </extensions>
      </trkpt>
      <trkpt lat="23.04993331432342529296875" lon="113.3099721372127532958984375">
        <ele>4.80000019073486328125</ele>
        <time>2026-09-14T22:39:54.000Z</time>
        <extensions>
          <ns3:TrackPointExtension>
            <ns3:hr>143</ns3:hr>
            <ns3:cad>82</ns3:cad>
          </ns3:TrackPointExtension>
        </extensions>
      </trkpt>
      <trkpt lat="23.04994027130305767059326171875" lon="113.30999786965548992156982421875">
        <ele>4.80000019073486328125</ele>
        <time>2026-09-14T22:39:55.000Z</time>
        <extensions>
          <ns3:TrackPointExtension>
            <ns3:hr>143</ns3:hr>
            <ns3:cad>82</ns3:cad>
          </ns3:TrackPointExtension>
        </extensions>
      </trkpt>
      <trkpt lat="23.0499445460736751556396484375" lon="113.310028798878192901611328125">
        <ele>4.80000019073486328125</ele>
        <time>2026-09-14T22:39:56.000Z</time>
        <extensions>
          <ns3:TrackPointExtension>
            <ns3:hr>143</ns3:hr>
            <ns3:cad>83</ns3:cad>
          </ns3:TrackPointExtension>
        </extensions>
      </trkpt>
      <trkpt lat="23.0499489046633243560791015625" lon="113.31004464067518711090087890625">
        <ele>4.80000019073486328125</ele>
        <time>2026-09-14T22:39:57.000Z</time>
        <extensions>
          <ns3:TrackPointExtension>
            <ns3:hr>142</ns3:hr>
            <ns3:cad>83</ns3:cad>
          </ns3:TrackPointExtension>
        </extensions>
      </trkpt>
      <trkpt lat="23.04994999431073665618896484375" lon="113.310071714222431182861328125">
        <ele>4.80000019073486328125</ele>
        <time>2026-09-14T22:39:58.000Z</time>
        <extensions>
          <ns3:TrackPointExtension>
            <ns3:hr>143</ns3:hr>
            <ns3:cad>83</ns3:cad>
          </ns3:TrackPointExtension>
        </extensions>
      </trkpt>
      <trkpt lat="23.04994831793010234832763671875" lon="113.31009685993194580078125">
        <ele>4.80000019073486328125</ele>
        <time>2026-09-14T22:39:59.000Z</time>
        <extensions>
          <ns3:TrackPointExtension>
            <ns3:hr>143</ns3:hr>
            <ns3:cad>82</ns3:cad>
          </ns3:TrackPointExtension>
        </extensions>
      </trkpt>
      <trkpt lat="23.04994882084429264068603515625" lon="113.31011898815631866455078125">
        <ele>4.80000019073486328125</ele>
        <time>2026-09-14T22:40:00.000Z</time>
        <extensions>
          <ns3:TrackPointExtension>
            <ns3:hr>142</ns3:hr>
            <ns3:cad>82</ns3:cad>
          </ns3:TrackPointExtension>
        </extensions>
      </trkpt>
      <trkpt lat="23.049945719540119171142578125" lon="113.31015125848352909088134765625">
        <ele>4.80000019073486328125</ele>
        <time>2026-09-14T22:40:01.000Z</time>
        <extensions>
          <ns3:TrackPointExtension>
            <ns3:hr>143</ns3:hr>
            <ns3:cad>82</ns3:cad>
          </ns3:TrackPointExtension>
        </extensions>
      </trkpt>
      <trkpt lat="23.04994747973978519439697265625" lon="113.3101744763553142547607421875">
        <ele>4.80000019073486328125</ele>
        <time>2026-09-14T22:40:02.000Z</time>
        <extensions>
          <ns3:TrackPointExtension>
            <ns3:hr>142</ns3:hr>
            <ns3:cad>82</ns3:cad>
          </ns3:TrackPointExtension>
        </extensions>
      </trkpt>
      <trkpt lat="23.049955107271671295166015625" lon="113.31019811332225799560546875">
        <ele>4.80000019073486328125</ele>
        <time>2026-09-14T22:40:03.000Z</time>
        <extensions>
          <ns3:TrackPointExtension>
            <ns3:hr>142</ns3:hr>
            <ns3:cad>82</ns3:cad>
          </ns3:TrackPointExtension>
        </extensions>
      </trkpt>
      <trkpt lat="23.0499576218426227569580078125" lon="113.31023038364946842193603515625">
        <ele>4.80000019073486328125</ele>
        <time>2026-09-14T22:40:04.000Z</time>
        <extensions>
          <ns3:TrackPointExtension>
            <ns3:hr>142</ns3:hr>
            <ns3:cad>82</ns3:cad>
          </ns3:TrackPointExtension>
        </extensions>
      </trkpt>
      <trkpt lat="23.0499649979174137115478515625" lon="113.31025100313127040863037109375">
        <ele>4.80000019073486328125</ele>
        <time>2026-09-14T22:40:05.000Z</time>
        <extensions>
          <ns3:TrackPointExtension>
            <ns3:hr>143</ns3:hr>
            <ns3:cad>82</ns3:cad>
          </ns3:TrackPointExtension>
        </extensions>
      </trkpt>
      <trkpt lat="23.04996944032609462738037109375" lon="113.31028126180171966552734375">
        <ele>4.80000019073486328125</ele>
        <time>2026-09-14T22:40:06.000Z</time>
        <extensions>
          <ns3:TrackPointExtension>
            <ns3:hr>142</ns3:hr>
            <ns3:cad>82</ns3:cad>
          </ns3:TrackPointExtension>
        </extensions>
      </trkpt>
      <trkpt lat="23.04996617138385772705078125" lon="113.31031587906181812286376953125">
        <ele>4.80000019073486328125</ele>
        <time>2026-09-14T22:40:07.000Z</time>
        <extensions>
          <ns3:TrackPointExtension>
            <ns3:hr>142</ns3:hr>
            <ns3:cad>82</ns3:cad>
          </ns3:TrackPointExtension>
        </extensions>
      </trkpt>
      <trkpt lat="23.04996759630739688873291015625" lon="113.31033851020038127899169921875">
        <ele>4.599999904632568359375</ele>
        <time>2026-09-14T22:40:08.000Z</time>
        <extensions>
          <ns3:TrackPointExtension>
            <ns3:hr>143</ns3:hr>
            <ns3:cad>82</ns3:cad>
          </ns3:TrackPointExtension>
        </extensions>
      </trkpt>
      <trkpt lat="23.04995452053844928741455078125" lon="113.31036600284278392791748046875">
        <ele>4.599999904632568359375</ele>
        <time>2026-09-14T22:40:09.000Z</time>
        <extensions>
          <ns3:TrackPointExtension>
            <ns3:hr>143</ns3:hr>
            <ns3:cad>82</ns3:cad>
          </ns3:TrackPointExtension>
        </extensions>
      </trkpt>
      <trkpt lat="23.04993608035147190093994140625" lon="113.31038293428719043731689453125">
        <ele>4.80000019073486328125</ele>
        <time>2026-09-14T22:40:10.000Z</time>
        <extensions>
          <ns3:TrackPointExtension>
            <ns3:hr>143</ns3:hr>
            <ns3:cad>82</ns3:cad>
          </ns3:TrackPointExtension>
        </extensions>
      </trkpt>
      <trkpt lat="23.04991780780255794525146484375" lon="113.31039902754127979278564453125">
        <ele>4.80000019073486328125</ele>
        <time>2026-09-14T22:40:11.000Z</time>
        <extensions>
          <ns3:TrackPointExtension>
            <ns3:hr>142</ns3:hr>
            <ns3:cad>82</ns3:cad>
          </ns3:TrackPointExtension>
        </extensions>
      </trkpt>
      <trkpt lat="23.04989165626466274261474609375" lon="113.3104093372821807861328125">
        <ele>4.599999904632568359375</ele>
        <time>2026-09-14T22:40:12.000Z</time>
        <extensions>
          <ns3:TrackPointExtension>
            <ns3:hr>143</ns3:hr>
            <ns3:cad>81</ns3:cad>
          </ns3:TrackPointExtension>
        </extensions>
      </trkpt>
      <trkpt lat="23.04986936040222644805908203125" lon="113.31041243858635425567626953125">
        <ele>4.599999904632568359375</ele>
        <time>2026-09-14T22:40:13.000Z</time>
        <extensions>
          <ns3:TrackPointExtension>
            <ns3:hr>143</ns3:hr>
            <ns3:cad>81</ns3:cad>
          </ns3:TrackPointExtension>
        </extensions>
      </trkpt>
      <trkpt lat="23.04984941147267818450927734375" lon="113.31041797064244747161865234375">
        <ele>4.400000095367431640625</ele>
        <time>2026-09-14T22:40:14.000Z</time>
        <extensions>
          <ns3:TrackPointExtension>
            <ns3:hr>143</ns3:hr>
            <ns3:cad>81</ns3:cad>
          </ns3:TrackPointExtension>
        </extensions>
      </trkpt>
      <trkpt lat="23.04982158355414867401123046875" lon="113.31041193567216396331787109375">
        <ele>4.400000095367431640625</ele>
        <time>2026-09-14T22:40:15.000Z</time>
        <extensions>
          <ns3:TrackPointExtension>
            <ns3:hr>143</ns3:hr>
            <ns3:cad>81</ns3:cad>
          </ns3:TrackPointExtension>
        </extensions>
      </trkpt>
      <trkpt lat="23.04980046115815639495849609375" lon="113.310413695871829986572265625">
        <ele>4.19999980926513671875</ele>
        <time>2026-09-14T22:40:16.000Z</time>
        <extensions>
          <ns3:TrackPointExtension>
            <ns3:hr>143</ns3:hr>
            <ns3:cad>81</ns3:cad>
          </ns3:TrackPointExtension>
        </extensions>
      </trkpt>
      <trkpt lat="23.0497742258012294769287109375" lon="113.31041528843343257904052734375">
        <ele>4</ele>
        <time>2026-09-14T22:40:17.000Z</time>
        <extensions>
          <ns3:TrackPointExtension>
            <ns3:hr>143</ns3:hr>
            <ns3:cad>81</ns3:cad>
          </ns3:TrackPointExtension>
        </extensions>
      </trkpt>
      <trkpt lat="23.0497455596923828125" lon="113.3104078285396099090576171875">
        <ele>3.599999904632568359375</ele>
        <time>2026-09-14T22:40:18.000Z</time>
        <extensions>
          <ns3:TrackPointExtension>
            <ns3:hr>142</ns3:hr>
            <ns3:cad>82</ns3:cad>
          </ns3:TrackPointExtension>
        </extensions>
      </trkpt>
      <trkpt lat="23.04972477257251739501953125" lon="113.3104039728641510009765625">
        <ele>3.400000095367431640625</ele>
        <time>2026-09-14T22:40:19.000Z</time>
        <extensions>
          <ns3:TrackPointExtension>
            <ns3:hr>143</ns3:hr>
            <ns3:cad>82</ns3:cad>
          </ns3:TrackPointExtension>
        </extensions>
      </trkpt>
      <trkpt lat="23.049699626863002777099609375" lon="113.31040103919804096221923828125">
        <ele>3.400000095367431640625</ele>
        <time>2026-09-14T22:40:20.000Z</time>
        <extensions>
          <ns3:TrackPointExtension>
            <ns3:hr>143</ns3:hr>
            <ns3:cad>82</ns3:cad>
          </ns3:TrackPointExtension>
        </extensions>
      </trkpt>
      <trkpt lat="23.04967515170574188232421875" lon="113.31039433367550373077392578125">
        <ele>3.2000000476837158203125</ele>
        <time>2026-09-14T22:40:21.000Z</time>
        <extensions>
          <ns3:TrackPointExtension>
            <ns3:hr>143</ns3:hr>
            <ns3:cad>81</ns3:cad>
          </ns3:TrackPointExtension>
        </extensions>
      </trkpt>
      <trkpt lat="23.04965637624263763427734375" lon="113.310391567647457122802734375">
        <ele>3.2000000476837158203125</ele>
        <time>2026-09-14T22:40:22.000Z</time>
        <extensions>
          <ns3:TrackPointExtension>
            <ns3:hr>143</ns3:hr>
            <ns3:cad>81</ns3:cad>
          </ns3:TrackPointExtension>
        </extensions>
      </trkpt>
      <trkpt lat="23.04962687194347381591796875" lon="113.3103877119719982147216796875">
        <ele>3.2000000476837158203125</ele>
        <time>2026-09-14T22:40:23.000Z</time>
        <extensions>
          <ns3:TrackPointExtension>
            <ns3:hr>143</ns3:hr>
            <ns3:cad>81</ns3:cad>
          </ns3:TrackPointExtension>
        </extensions>
      </trkpt>
      <trkpt lat="23.0496032349765300750732421875" lon="113.3103880472481250762939453125">
        <ele>3.2000000476837158203125</ele>
        <time>2026-09-14T22:40:24.000Z</time>
        <extensions>
          <ns3:TrackPointExtension>
            <ns3:hr>143</ns3:hr>
            <ns3:cad>81</ns3:cad>
          </ns3:TrackPointExtension>
        </extensions>
      </trkpt>
      <trkpt lat="23.0495814420282840728759765625" lon="113.31038896925747394561767578125">
        <ele>3.2000000476837158203125</ele>
        <time>2026-09-14T22:40:25.000Z</time>
        <extensions>
          <ns3:TrackPointExtension>
            <ns3:hr>143</ns3:hr>
            <ns3:cad>82</ns3:cad>
          </ns3:TrackPointExtension>
        </extensions>
      </trkpt>
      <trkpt lat="23.04955403320491313934326171875" lon="113.310385532677173614501953125">
        <ele>3.2000000476837158203125</ele>
        <time>2026-09-14T22:40:26.000Z</time>
        <extensions>
          <ns3:TrackPointExtension>
            <ns3:hr>143</ns3:hr>
            <ns3:cad>82</ns3:cad>
          </ns3:TrackPointExtension>
        </extensions>
      </trkpt>
      <trkpt lat="23.0495375208556652069091796875" lon="113.31038930453360080718994140625">
        <ele>3.2000000476837158203125</ele>
        <time>2026-09-14T22:40:27.000Z</time>
        <extensions>
          <ns3:TrackPointExtension>
            <ns3:hr>143</ns3:hr>
            <ns3:cad>82</ns3:cad>
          </ns3:TrackPointExtension>
        </extensions>
      </trkpt>
      <trkpt lat="23.04951882921159267425537109375" lon="113.31039869226515293121337890625">
        <ele>3</ele>
        <time>2026-09-14T22:40:28.000Z</time>
        <extensions>
          <ns3:TrackPointExtension>
            <ns3:hr>143</ns3:hr>
            <ns3:cad>82</ns3:cad>
          </ns3:TrackPointExtension>
        </extensions>
      </trkpt>
      <trkpt lat="23.04949904792010784149169921875" lon="113.31041277386248111724853515625">
        <ele>3</ele>
        <time>2026-09-14T22:40:29.000Z</time>
        <extensions>
          <ns3:TrackPointExtension>
            <ns3:hr>143</ns3:hr>
            <ns3:cad>82</ns3:cad>
          </ns3:TrackPointExtension>
        </extensions>
      </trkpt>
      <trkpt lat="23.0494825355708599090576171875" lon="113.31042869947850704193115234375">
        <ele>3</ele>
        <time>2026-09-14T22:40:30.000Z</time>
        <extensions>
          <ns3:TrackPointExtension>
            <ns3:hr>143</ns3:hr>
            <ns3:cad>82</ns3:cad>
          </ns3:TrackPointExtension>
        </extensions>
      </trkpt>
      <trkpt lat="23.04947691969573497772216796875" lon="113.3104581199586391448974609375">
        <ele>3.2000000476837158203125</ele>
        <time>2026-09-14T22:40:31.000Z</time>
        <extensions>
          <ns3:TrackPointExtension>
            <ns3:hr>142</ns3:hr>
            <ns3:cad>82</ns3:cad>
          </ns3:TrackPointExtension>
        </extensions>
      </trkpt>
      <trkpt lat="23.0494708009064197540283203125" lon="113.31048016436398029327392578125">
        <ele>3.2000000476837158203125</ele>
        <time>2026-09-14T22:40:32.000Z</time>
        <extensions>
          <ns3:TrackPointExtension>
            <ns3:hr>142</ns3:hr>
            <ns3:cad>82</ns3:cad>
          </ns3:TrackPointExtension>
        </extensions>
      </trkpt>
      <trkpt lat="23.04947122000157833099365234375" lon="113.310505561530590057373046875">
        <ele>3.2000000476837158203125</ele>
        <time>2026-09-14T22:40:33.000Z</time>
        <extensions>
          <ns3:TrackPointExtension>
            <ns3:hr>142</ns3:hr>
            <ns3:cad>82</ns3:cad>
          </ns3:TrackPointExtension>
        </extensions>
      </trkpt>
      <trkpt lat="23.0494701303541660308837890625" lon="113.3105332218110561370849609375">
        <ele>3.2000000476837158203125</ele>
        <time>2026-09-14T22:40:34.000Z</time>
        <extensions>
          <ns3:TrackPointExtension>
            <ns3:hr>142</ns3:hr>
            <ns3:cad>81</ns3:cad>
          </ns3:TrackPointExtension>
        </extensions>
      </trkpt>
      <trkpt lat="23.0494701303541660308837890625" lon="113.31055006943643093109130859375">
        <ele>3.2000000476837158203125</ele>
        <time>2026-09-14T22:40:35.000Z</time>
        <extensions>
          <ns3:TrackPointExtension>
            <ns3:hr>141</ns3:hr>
            <ns3:cad>81</ns3:cad>
          </ns3:TrackPointExtension>
        </extensions>
      </trkpt>
      <trkpt lat="23.04947088472545146942138671875" lon="113.31057672388851642608642578125">
        <ele>3.2000000476837158203125</ele>
        <time>2026-09-14T22:40:36.000Z</time>
        <extensions>
          <ns3:TrackPointExtension>
            <ns3:hr>141</ns3:hr>
            <ns3:cad>82</ns3:cad>
          </ns3:TrackPointExtension>
        </extensions>
      </trkpt>
      <trkpt lat="23.0494681186974048614501953125" lon="113.310598433017730712890625">
        <ele>3.2000000476837158203125</ele>
        <time>2026-09-14T22:40:37.000Z</time>
        <extensions>
          <ns3:TrackPointExtension>
            <ns3:hr>141</ns3:hr>
            <ns3:cad>82</ns3:cad>
          </ns3:TrackPointExtension>
        </extensions>
      </trkpt>
      <trkpt lat="23.049468286335468292236328125" lon="113.3106237463653087615966796875">
        <ele>3.2000000476837158203125</ele>
        <time>2026-09-14T22:40:38.000Z</time>
        <extensions>
          <ns3:TrackPointExtension>
            <ns3:hr>141</ns3:hr>
            <ns3:cad>82</ns3:cad>
          </ns3:TrackPointExtension>
        </extensions>
      </trkpt>
      <trkpt lat="23.049466609954833984375" lon="113.310657106339931488037109375">
        <ele>3.2000000476837158203125</ele>
        <time>2026-09-14T22:40:39.000Z</time>
        <extensions>
          <ns3:TrackPointExtension>
            <ns3:hr>140</ns3:hr>
            <ns3:cad>82</ns3:cad>
          </ns3:TrackPointExtension>
        </extensions>
      </trkpt>
      <trkpt lat="23.04946132935583591461181640625" lon="113.3106763847172260284423828125">
        <ele>3.2000000476837158203125</ele>
        <time>2026-09-14T22:40:40.000Z</time>
        <extensions>
          <ns3:TrackPointExtension>
            <ns3:hr>140</ns3:hr>
            <ns3:cad>82</ns3:cad>
          </ns3:TrackPointExtension>
        </extensions>
      </trkpt>
      <trkpt lat="23.0494590662419795989990234375" lon="113.31070505082607269287109375">
        <ele>3.2000000476837158203125</ele>
        <time>2026-09-14T22:40:41.000Z</time>
        <extensions>
          <ns3:TrackPointExtension>
            <ns3:hr>140</ns3:hr>
            <ns3:cad>82</ns3:cad>
          </ns3:TrackPointExtension>
        </extensions>
      </trkpt>
      <trkpt lat="23.0494573898613452911376953125" lon="113.31073279492557048797607421875">
        <ele>3.2000000476837158203125</ele>
        <time>2026-09-14T22:40:42.000Z</time>
        <extensions>
          <ns3:TrackPointExtension>
            <ns3:hr>141</ns3:hr>
            <ns3:cad>82</ns3:cad>
          </ns3:TrackPointExtension>
        </extensions>
      </trkpt>
      <trkpt lat="23.0494506843388080596923828125" lon="113.3107548393309116363525390625">
        <ele>3.2000000476837158203125</ele>
        <time>2026-09-14T22:40:43.000Z</time>
        <extensions>
          <ns3:TrackPointExtension>
            <ns3:hr>140</ns3:hr>
            <ns3:cad>82</ns3:cad>
          </ns3:TrackPointExtension>
        </extensions>
      </trkpt>
      <trkpt lat="23.04945110343396663665771484375" lon="113.31078040413558483123779296875">
        <ele>3.2000000476837158203125</ele>
        <time>2026-09-14T22:40:44.000Z</time>
        <extensions>
          <ns3:TrackPointExtension>
            <ns3:hr>140</ns3:hr>
            <ns3:cad>82</ns3:cad>
          </ns3:TrackPointExtension>
        </extensions>
      </trkpt>
      <trkpt lat="23.04944992996752262115478515625" lon="113.31080722622573375701904296875">
        <ele>3</ele>
        <time>2026-09-14T22:40:45.000Z</time>
        <extensions>
          <ns3:TrackPointExtension>
            <ns3:hr>140</ns3:hr>
            <ns3:cad>81</ns3:cad>
          </ns3:TrackPointExtension>
        </extensions>
      </trkpt>
      <trkpt lat="23.0494449846446514129638671875" lon="113.3108282648026943206787109375">
        <ele>3</ele>
        <time>2026-09-14T22:40:46.000Z</time>
        <extensions>
          <ns3:TrackPointExtension>
            <ns3:hr>139</ns3:hr>
            <ns3:cad>81</ns3:cad>
          </ns3:TrackPointExtension>
        </extensions>
      </trkpt>
      <trkpt lat="23.04943970404565334320068359375" lon="113.31085584126412868499755859375">
        <ele>3</ele>
        <time>2026-09-14T22:40:47.000Z</time>
        <extensions>
          <ns3:TrackPointExtension>
            <ns3:hr>139</ns3:hr>
            <ns3:cad>81</ns3:cad>
          </ns3:TrackPointExtension>
        </extensions>
      </trkpt>
      <trkpt lat="23.049437105655670166015625" lon="113.31087847240269184112548828125">
        <ele>3</ele>
        <time>2026-09-14T22:40:48.000Z</time>
        <extensions>
          <ns3:TrackPointExtension>
            <ns3:hr>140</ns3:hr>
            <ns3:cad>81</ns3:cad>
          </ns3:TrackPointExtension>
        </extensions>
      </trkpt>
      <trkpt lat="23.049438111484050750732421875" lon="113.3108980022370815277099609375">
        <ele>3</ele>
        <time>2026-09-14T22:40:49.000Z</time>
        <extensions>
          <ns3:TrackPointExtension>
            <ns3:hr>141</ns3:hr>
            <ns3:cad>81</ns3:cad>
          </ns3:TrackPointExtension>
        </extensions>
      </trkpt>
      <trkpt lat="23.04944045841693878173828125" lon="113.31092289648950099945068359375">
        <ele>3.2000000476837158203125</ele>
        <time>2026-09-14T22:40:50.000Z</time>
        <extensions>
          <ns3:TrackPointExtension>
            <ns3:hr>141</ns3:hr>
            <ns3:cad>82</ns3:cad>
          </ns3:TrackPointExtension>
        </extensions>
      </trkpt>
      <trkpt lat="23.049440123140811920166015625" lon="113.31094485707581043243408203125">
        <ele>3.2000000476837158203125</ele>
        <time>2026-09-14T22:40:51.000Z</time>
        <extensions>
          <ns3:TrackPointExtension>
            <ns3:hr>142</ns3:hr>
            <ns3:cad>82</ns3:cad>
          </ns3:TrackPointExtension>
        </extensions>
      </trkpt>
      <trkpt lat="23.04943978786468505859375" lon="113.31096732057631015777587890625">
        <ele>3.2000000476837158203125</ele>
        <time>2026-09-14T22:40:52.000Z</time>
        <extensions>
          <ns3:TrackPointExtension>
            <ns3:hr>143</ns3:hr>
            <ns3:cad>81</ns3:cad>
          </ns3:TrackPointExtension>
        </extensions>
      </trkpt>
      <trkpt lat="23.0494376085698604583740234375" lon="113.31099204719066619873046875">
        <ele>3.400000095367431640625</ele>
        <time>2026-09-14T22:40:53.000Z</time>
        <extensions>
          <ns3:TrackPointExtension>
            <ns3:hr>143</ns3:hr>
            <ns3:cad>81</ns3:cad>
          </ns3:TrackPointExtension>
        </extensions>
      </trkpt>
      <trkpt lat="23.049436770379543304443359375" lon="113.31100906245410442352294921875">
        <ele>3.400000095367431640625</ele>
        <time>2026-09-14T22:40:54.000Z</time>
        <extensions>
          <ns3:TrackPointExtension>
            <ns3:hr>143</ns3:hr>
            <ns3:cad>81</ns3:cad>
          </ns3:TrackPointExtension>
        </extensions>
      </trkpt>
      <trkpt lat="23.04943601600825786590576171875" lon="113.3110294304788112640380859375">
        <ele>3.400000095367431640625</ele>
        <time>2026-09-14T22:40:55.000Z</time>
        <extensions>
          <ns3:TrackPointExtension>
            <ns3:hr>143</ns3:hr>
            <ns3:cad>81</ns3:cad>
          </ns3:TrackPointExtension>
        </extensions>
      </trkpt>
      <trkpt lat="23.0494305677711963653564453125" lon="113.31105298362672328948974609375">
        <ele>3.400000095367431640625</ele>
        <time>2026-09-14T22:40:56.000Z</time>
        <extensions>
          <ns3:TrackPointExtension>
            <ns3:hr>143</ns3:hr>
            <ns3:cad>81</ns3:cad>
          </ns3:TrackPointExtension>
        </extensions>
      </trkpt>
      <trkpt lat="23.0494315735995769500732421875" lon="113.31107075326144695281982421875">
        <ele>3.2000000476837158203125</ele>
        <time>2026-09-14T22:40:57.000Z</time>
        <extensions>
          <ns3:TrackPointExtension>
            <ns3:hr>142</ns3:hr>
            <ns3:cad>81</ns3:cad>
          </ns3:TrackPointExtension>
        </extensions>
      </trkpt>
      <trkpt lat="23.04942746646702289581298828125" lon="113.3110961504280567169189453125">
        <ele>3.2000000476837158203125</ele>
        <time>2026-09-14T22:40:58.000Z</time>
        <extensions>
          <ns3:TrackPointExtension>
            <ns3:hr>142</ns3:hr>
            <ns3:cad>81</ns3:cad>
          </ns3:TrackPointExtension>
        </extensions>
      </trkpt>
      <trkpt lat="23.04941757582128047943115234375" lon="113.31112590618431568145751953125">
        <ele>3.2000000476837158203125</ele>
        <time>2026-09-14T22:40:59.000Z</time>
        <extensions>
          <ns3:TrackPointExtension>
            <ns3:hr>142</ns3:hr>
            <ns3:cad>82</ns3:cad>
          </ns3:TrackPointExtension>
        </extensions>
      </trkpt>
      <trkpt lat="23.04941522888839244842529296875" lon="113.31115222536027431488037109375">
        <ele>3.2000000476837158203125</ele>
        <time>2026-09-14T22:41:00.000Z</time>
        <extensions>
          <ns3:TrackPointExtension>
            <ns3:hr>142</ns3:hr>
            <ns3:cad>82</ns3:cad>
          </ns3:TrackPointExtension>
        </extensions>
      </trkpt>
      <trkpt lat="23.0494054220616817474365234375" lon="113.3111813105642795562744140625">
        <ele>3.2000000476837158203125</ele>
        <time>2026-09-14T22:41:01.000Z</time>
        <extensions>
          <ns3:TrackPointExtension>
            <ns3:hr>142</ns3:hr>
            <ns3:cad>82</ns3:cad>
          </ns3:TrackPointExtension>
        </extensions>
      </trkpt>
      <trkpt lat="23.0493970401585102081298828125" lon="113.3112057857215404510498046875">
        <ele>3.400000095367431640625</ele>
        <time>2026-09-14T22:41:02.000Z</time>
        <extensions>
          <ns3:TrackPointExtension>
            <ns3:hr>142</ns3:hr>
            <ns3:cad>82</ns3:cad>
          </ns3:TrackPointExtension>
        </extensions>
      </trkpt>
      <trkpt lat="23.04938949644565582275390625" lon="113.31122900359332561492919921875">
        <ele>3.400000095367431640625</ele>
        <time>2026-09-14T22:41:03.000Z</time>
        <extensions>
          <ns3:TrackPointExtension>
            <ns3:hr>142</ns3:hr>
            <ns3:cad>82</ns3:cad>
          </ns3:TrackPointExtension>
        </extensions>
      </trkpt>
      <trkpt lat="23.04937516339123249053955078125" lon="113.3112515509128570556640625">
        <ele>3.400000095367431640625</ele>
        <time>2026-09-14T22:41:04.000Z</time>
        <extensions>
          <ns3:TrackPointExtension>
            <ns3:hr>142</ns3:hr>
            <ns3:cad>82</ns3:cad>
          </ns3:TrackPointExtension>
        </extensions>
      </trkpt>
      <trkpt lat="23.04936678148806095123291015625" lon="113.311268649995326995849609375">
        <ele>3.400000095367431640625</ele>
        <time>2026-09-14T22:41:05.000Z</time>
        <extensions>
          <ns3:TrackPointExtension>
            <ns3:hr>142</ns3:hr>
            <ns3:cad>82</ns3:cad>
          </ns3:TrackPointExtension>
        </extensions>
      </trkpt>
      <trkpt lat="23.0493571422994136810302734375" lon="113.31128776073455810546875">
        <ele>3.599999904632568359375</ele>
        <time>2026-09-14T22:41:06.000Z</time>
        <extensions>
          <ns3:TrackPointExtension>
            <ns3:hr>142</ns3:hr>
            <ns3:cad>82</ns3:cad>
          </ns3:TrackPointExtension>
        </extensions>
      </trkpt>
      <trkpt lat="23.04934364743530750274658203125" lon="113.31130712293088436126708984375">
        <ele>3.599999904632568359375</ele>
        <time>2026-09-14T22:41:07.000Z</time>
        <extensions>
          <ns3:TrackPointExtension>
            <ns3:hr>141</ns3:hr>
            <ns3:cad>81</ns3:cad>
          </ns3:TrackPointExtension>
        </extensions>
      </trkpt>
      <trkpt lat="23.04933761246502399444580078125" lon="113.311320953071117401123046875">
        <ele>3.599999904632568359375</ele>
        <time>2026-09-14T22:41:08.000Z</time>
        <extensions>
          <ns3:TrackPointExtension>
            <ns3:hr>142</ns3:hr>
            <ns3:cad>81</ns3:cad>
          </ns3:TrackPointExtension>
        </extensions>
      </trkpt>
      <trkpt lat="23.04932571016252040863037109375" lon="113.3113405667245388031005859375">
        <ele>3.7999999523162841796875</ele>
        <time>2026-09-14T22:41:09.000Z</time>
        <extensions>
          <ns3:TrackPointExtension>
            <ns3:hr>142</ns3:hr>
            <ns3:cad>81</ns3:cad>
          </ns3:TrackPointExtension>
        </extensions>
      </trkpt>
      <trkpt lat="23.04930978454649448394775390625" lon="113.3113569952547550201416015625">
        <ele>4</ele>
        <time>2026-09-14T22:41:10.000Z</time>
        <extensions>
          <ns3:TrackPointExtension>
            <ns3:hr>141</ns3:hr>
            <ns3:cad>81</ns3:cad>
          </ns3:TrackPointExtension>
        </extensions>
      </trkpt>
      <trkpt lat="23.0493055097758769989013671875" lon="113.31137333996593952178955078125">
        <ele>4.19999980926513671875</ele>
        <time>2026-09-14T22:41:11.000Z</time>
        <extensions>
          <ns3:TrackPointExtension>
            <ns3:hr>141</ns3:hr>
            <ns3:cad>81</ns3:cad>
          </ns3:TrackPointExtension>
        </extensions>
      </trkpt>
      <trkpt lat="23.04928983561694622039794921875" lon="113.3114022575318813323974609375">
        <ele>4.400000095367431640625</ele>
        <time>2026-09-14T22:41:12.000Z</time>
        <extensions>
          <ns3:TrackPointExtension>
            <ns3:hr>141</ns3:hr>
            <ns3:cad>81</ns3:cad>
          </ns3:TrackPointExtension>
        </extensions>
      </trkpt>
      <trkpt lat="23.049279190599918365478515625" lon="113.31141558475792407989501953125">
        <ele>4.599999904632568359375</ele>
        <time>2026-09-14T22:41:13.000Z</time>
        <extensions>
          <ns3:TrackPointExtension>
            <ns3:hr>142</ns3:hr>
            <ns3:cad>81</ns3:cad>
          </ns3:TrackPointExtension>
        </extensions>
      </trkpt>
      <trkpt lat="23.04926837794482707977294921875" lon="113.31143821589648723602294921875">
        <ele>4.80000019073486328125</ele>
        <time>2026-09-14T22:41:14.000Z</time>
        <extensions>
          <ns3:TrackPointExtension>
            <ns3:hr>141</ns3:hr>
            <ns3:cad>81</ns3:cad>
          </ns3:TrackPointExtension>
        </extensions>
      </trkpt>
      <trkpt lat="23.049256391823291778564453125" lon="113.31146369688212871551513671875">
        <ele>5</ele>
        <time>2026-09-14T22:41:15.000Z</time>
        <extensions>
          <ns3:TrackPointExtension>
            <ns3:hr>141</ns3:hr>
            <ns3:cad>81</ns3:cad>
          </ns3:TrackPointExtension>
        </extensions>
      </trkpt>
      <trkpt lat="23.04924876429140567779541015625" lon="113.31147979013621807098388671875">
        <ele>5</ele>
        <time>2026-09-14T22:41:16.000Z</time>
        <extensions>
          <ns3:TrackPointExtension>
            <ns3:hr>141</ns3:hr>
            <ns3:cad>81</ns3:cad>
          </ns3:TrackPointExtension>
        </extensions>
      </trkpt>
      <trkpt lat="23.04923669435083866119384765625" lon="113.31150325946509838104248046875">
        <ele>5.19999980926513671875</ele>
        <time>2026-09-14T22:41:17.000Z</time>
        <extensions>
          <ns3:TrackPointExtension>
            <ns3:hr>142</ns3:hr>
            <ns3:cad>81</ns3:cad>
          </ns3:TrackPointExtension>
        </extensions>
      </trkpt>
      <trkpt lat="23.049229569733142852783203125" lon="113.31152806989848613739013671875">
        <ele>5.19999980926513671875</ele>
        <time>2026-09-14T22:41:18.000Z</time>
        <extensions>
          <ns3:TrackPointExtension>
            <ns3:hr>141</ns3:hr>
            <ns3:cad>82</ns3:cad>
          </ns3:TrackPointExtension>
        </extensions>
      </trkpt>
      <trkpt lat="23.049222864210605621337890625" lon="113.31154718063771724700927734375">
        <ele>5.19999980926513671875</ele>
        <time>2026-09-14T22:41:19.000Z</time>
        <extensions>
          <ns3:TrackPointExtension>
            <ns3:hr>142</ns3:hr>
            <ns3:cad>82</ns3:cad>
          </ns3:TrackPointExtension>
        </extensions>
      </trkpt>
      <trkpt lat="23.0492139793932437896728515625" lon="113.31157618202269077301025390625">
        <ele>5</ele>
        <time>2026-09-14T22:41:20.000Z</time>
        <extensions>
          <ns3:TrackPointExtension>
            <ns3:hr>142</ns3:hr>
            <ns3:cad>80</ns3:cad>
          </ns3:TrackPointExtension>
        </extensions>
      </trkpt>
      <trkpt lat="23.0492055974900722503662109375" lon="113.31160082481801509857177734375">
        <ele>5</ele>
        <time>2026-09-14T22:41:21.000Z</time>
        <extensions>
          <ns3:TrackPointExtension>
            <ns3:hr>142</ns3:hr>
            <ns3:cad>80</ns3:cad>
          </ns3:TrackPointExtension>
        </extensions>
      </trkpt>
      <trkpt lat="23.04920098744332790374755859375" lon="113.31162412650883197784423828125">
        <ele>4.80000019073486328125</ele>
        <time>2026-09-14T22:41:22.000Z</time>
        <extensions>
          <ns3:TrackPointExtension>
            <ns3:hr>142</ns3:hr>
            <ns3:cad>80</ns3:cad>
          </ns3:TrackPointExtension>
        </extensions>
      </trkpt>
      <trkpt lat="23.04919344373047351837158203125" lon="113.31165312789380550384521484375">
        <ele>4.80000019073486328125</ele>
        <time>2026-09-14T22:41:23.000Z</time>
        <extensions>
          <ns3:TrackPointExtension>
            <ns3:hr>141</ns3:hr>
            <ns3:cad>81</ns3:cad>
          </ns3:TrackPointExtension>
        </extensions>
      </trkpt>
      <trkpt lat="23.04919109679758548736572265625" lon="113.31168011762201786041259765625">
        <ele>4.80000019073486328125</ele>
        <time>2026-09-14T22:41:24.000Z</time>
        <extensions>
          <ns3:TrackPointExtension>
            <ns3:hr>142</ns3:hr>
            <ns3:cad>81</ns3:cad>
          </ns3:TrackPointExtension>
        </extensions>
      </trkpt>
      <trkpt lat="23.049196042120456695556640625" lon="113.3117008209228515625">
        <ele>4.599999904632568359375</ele>
        <time>2026-09-14T22:41:25.000Z</time>
        <extensions>
          <ns3:TrackPointExtension>
            <ns3:hr>142</ns3:hr>
            <ns3:cad>80</ns3:cad>
          </ns3:TrackPointExtension>
        </extensions>
      </trkpt>
      <trkpt lat="23.04920283146202564239501953125" lon="113.311734683811664581298828125">
        <ele>4.599999904632568359375</ele>
        <time>2026-09-14T22:41:26.000Z</time>
        <extensions>
          <ns3:TrackPointExtension>
            <ns3:hr>142</ns3:hr>
            <ns3:cad>80</ns3:cad>
          </ns3:TrackPointExtension>
        </extensions>
      </trkpt>
      <trkpt lat="23.04920702241361141204833984375" lon="113.31175706349313259124755859375">
        <ele>4.599999904632568359375</ele>
        <time>2026-09-14T22:41:27.000Z</time>
        <extensions>
          <ns3:TrackPointExtension>
            <ns3:hr>142</ns3:hr>
            <ns3:cad>80</ns3:cad>
          </ns3:TrackPointExtension>
        </extensions>
      </trkpt>
      <trkpt lat="23.04922311566770076751708984375" lon="113.31177248619496822357177734375">
        <ele>4.599999904632568359375</ele>
        <time>2026-09-14T22:41:28.000Z</time>
        <extensions>
          <ns3:TrackPointExtension>
            <ns3:hr>141</ns3:hr>
            <ns3:cad>81</ns3:cad>
          </ns3:TrackPointExtension>
        </extensions>
      </trkpt>
      <trkpt lat="23.04924574680626392364501953125" lon="113.31179310567677021026611328125">
        <ele>4.400000095367431640625</ele>
        <time>2026-09-14T22:41:29.000Z</time>
        <extensions>
          <ns3:TrackPointExtension>
            <ns3:hr>141</ns3:hr>
            <ns3:cad>81</ns3:cad>
          </ns3:TrackPointExtension>
        </extensions>
      </trkpt>
      <trkpt lat="23.049260415136814117431640625" lon="113.31180299632251262664794921875">
        <ele>4.400000095367431640625</ele>
        <time>2026-09-14T22:41:30.000Z</time>
        <extensions>
          <ns3:TrackPointExtension>
            <ns3:hr>141</ns3:hr>
            <ns3:cad>81</ns3:cad>
          </ns3:TrackPointExtension>
        </extensions>
      </trkpt>
      <trkpt lat="23.04929100908339023590087890625" lon="113.311811797320842742919921875">
        <ele>4.400000095367431640625</ele>
        <time>2026-09-14T22:41:31.000Z</time>
        <extensions>
          <ns3:TrackPointExtension>
            <ns3:hr>141</ns3:hr>
            <ns3:cad>81</ns3:cad>
          </ns3:TrackPointExtension>
        </extensions>
      </trkpt>
      <trkpt lat="23.04931481368839740753173828125" lon="113.311823196709156036376953125">
        <ele>4.400000095367431640625</ele>
        <time>2026-09-14T22:41:32.000Z</time>
        <extensions>
          <ns3:TrackPointExtension>
            <ns3:hr>141</ns3:hr>
            <ns3:cad>81</ns3:cad>
          </ns3:TrackPointExtension>
        </extensions>
      </trkpt>
      <trkpt lat="23.049333505332469940185546875" lon="113.3118230290710926055908203125">
        <ele>4.400000095367431640625</ele>
        <time>2026-09-14T22:41:33.000Z</time>
        <extensions>
          <ns3:TrackPointExtension>
            <ns3:hr>141</ns3:hr>
            <ns3:cad>81</ns3:cad>
          </ns3:TrackPointExtension>
        </extensions>
      </trkpt>
      <trkpt lat="23.049360997974872589111328125" lon="113.3118317462503910064697265625">
        <ele>4.400000095367431640625</ele>
        <time>2026-09-14T22:41:34.000Z</time>
        <extensions>
          <ns3:TrackPointExtension>
            <ns3:hr>141</ns3:hr>
            <ns3:cad>81</ns3:cad>
          </ns3:TrackPointExtension>
        </extensions>
      </trkpt>
      <trkpt lat="23.04937952198088169097900390625" lon="113.31184138543903827667236328125">
        <ele>4.400000095367431640625</ele>
        <time>2026-09-14T22:41:35.000Z</time>
        <extensions>
          <ns3:TrackPointExtension>
            <ns3:hr>141</ns3:hr>
            <ns3:cad>81</ns3:cad>
          </ns3:TrackPointExtension>
        </extensions>
      </trkpt>
      <trkpt lat="23.04940181784331798553466796875" lon="113.31184322945773601531982421875">
        <ele>4.400000095367431640625</ele>
        <time>2026-09-14T22:41:36.000Z</time>
        <extensions>
          <ns3:TrackPointExtension>
            <ns3:hr>141</ns3:hr>
            <ns3:cad>81</ns3:cad>
          </ns3:TrackPointExtension>
        </extensions>
      </trkpt>
      <trkpt lat="23.04942998103797435760498046875" lon="113.31185664050281047821044921875">
        <ele>4.400000095367431640625</ele>
        <time>2026-09-14T22:41:37.000Z</time>
        <extensions>
          <ns3:TrackPointExtension>
            <ns3:hr>141</ns3:hr>
            <ns3:cad>81</ns3:cad>
          </ns3:TrackPointExtension>
        </extensions>
      </trkpt>
      <trkpt lat="23.0494473315775394439697265625" lon="113.31186519004404544830322265625">
        <ele>4.599999904632568359375</ele>
        <time>2026-09-14T22:41:38.000Z</time>
        <extensions>
          <ns3:TrackPointExtension>
            <ns3:hr>141</ns3:hr>
            <ns3:cad>81</ns3:cad>
          </ns3:TrackPointExtension>
        </extensions>
      </trkpt>
      <trkpt lat="23.04946593940258026123046875" lon="113.31187340430915355682373046875">
        <ele>4.599999904632568359375</ele>
        <time>2026-09-14T22:41:39.000Z</time>
        <extensions>
          <ns3:TrackPointExtension>
            <ns3:hr>140</ns3:hr>
            <ns3:cad>81</ns3:cad>
          </ns3:TrackPointExtension>
        </extensions>
      </trkpt>
      <trkpt lat="23.04949007928371429443359375" lon="113.3118870668113231658935546875">
        <ele>4.599999904632568359375</ele>
        <time>2026-09-14T22:41:40.000Z</time>
        <extensions>
          <ns3:TrackPointExtension>
            <ns3:hr>140</ns3:hr>
            <ns3:cad>81</ns3:cad>
          </ns3:TrackPointExtension>
        </extensions>
      </trkpt>
      <trkpt lat="23.04950424470007419586181640625" lon="113.31189855001866817474365234375">
        <ele>4.599999904632568359375</ele>
        <time>2026-09-14T22:41:41.000Z</time>
        <extensions>
          <ns3:TrackPointExtension>
            <ns3:hr>140</ns3:hr>
            <ns3:cad>81</ns3:cad>
          </ns3:TrackPointExtension>
        </extensions>
      </trkpt>
      <trkpt lat="23.0495247803628444671630859375" lon="113.3119078539311885833740234375">
        <ele>4.599999904632568359375</ele>
        <time>2026-09-14T22:41:42.000Z</time>
        <extensions>
          <ns3:TrackPointExtension>
            <ns3:hr>139</ns3:hr>
            <ns3:cad>81</ns3:cad>
          </ns3:TrackPointExtension>
        </extensions>
      </trkpt>
      <trkpt lat="23.04954481311142444610595703125" lon="113.3119205944240093231201171875">
        <ele>4.599999904632568359375</ele>
        <time>2026-09-14T22:41:43.000Z</time>
        <extensions>
          <ns3:TrackPointExtension>
            <ns3:hr>139</ns3:hr>
            <ns3:cad>81</ns3:cad>
          </ns3:TrackPointExtension>
        </extensions>
      </trkpt>
      <trkpt lat="23.04956710897386074066162109375" lon="113.31192352809011936187744140625">
        <ele>4.599999904632568359375</ele>
        <time>2026-09-14T22:41:44.000Z</time>
        <extensions>
          <ns3:TrackPointExtension>
            <ns3:hr>139</ns3:hr>
            <ns3:cad>81</ns3:cad>
          </ns3:TrackPointExtension>
        </extensions>
      </trkpt>
      <trkpt lat="23.0495995469391345977783203125" lon="113.31193350255489349365234375">
        <ele>4.599999904632568359375</ele>
        <time>2026-09-14T22:41:45.000Z</time>
        <extensions>
          <ns3:TrackPointExtension>
            <ns3:hr>140</ns3:hr>
            <ns3:cad>81</ns3:cad>
          </ns3:TrackPointExtension>
        </extensions>
      </trkpt>
      <trkpt lat="23.0496203340590000152587890625" lon="113.3119443990290164947509765625">
        <ele>4.80000019073486328125</ele>
        <time>2026-09-14T22:41:46.000Z</time>
        <extensions>
          <ns3:TrackPointExtension>
            <ns3:hr>140</ns3:hr>
            <ns3:cad>81</ns3:cad>
          </ns3:TrackPointExtension>
        </extensions>
      </trkpt>
      <trkpt lat="23.049645982682704925537109375" lon="113.31194691359996795654296875">
        <ele>4.80000019073486328125</ele>
        <time>2026-09-14T22:41:47.000Z</time>
        <extensions>
          <ns3:TrackPointExtension>
            <ns3:hr>140</ns3:hr>
            <ns3:cad>82</ns3:cad>
          </ns3:TrackPointExtension>
        </extensions>
      </trkpt>
      <trkpt lat="23.04967791773378849029541015625" lon="113.3119614981114864349365234375">
        <ele>5</ele>
        <time>2026-09-14T22:41:48.000Z</time>
        <extensions>
          <ns3:TrackPointExtension>
            <ns3:hr>140</ns3:hr>
            <ns3:cad>83</ns3:cad>
          </ns3:TrackPointExtension>
        </extensions>
      </trkpt>
      <trkpt lat="23.04969283752143383026123046875" lon="113.3119718916714191436767578125">
        <ele>5</ele>
        <time>2026-09-14T22:41:49.000Z</time>
        <extensions>
          <ns3:TrackPointExtension>
            <ns3:hr>140</ns3:hr>
            <ns3:cad>82</ns3:cad>
          </ns3:TrackPointExtension>
        </extensions>
      </trkpt>
      <trkpt lat="23.0497178994119167327880859375" lon="113.3119789324700832366943359375">
        <ele>5</ele>
        <time>2026-09-14T22:41:50.000Z</time>
        <extensions>
          <ns3:TrackPointExtension>
            <ns3:hr>141</ns3:hr>
            <ns3:cad>82</ns3:cad>
          </ns3:TrackPointExtension>
        </extensions>
      </trkpt>
      <trkpt lat="23.04974363185465335845947265625" lon="113.3119930140674114227294921875">
        <ele>5</ele>
        <time>2026-09-14T22:41:51.000Z</time>
        <extensions>
          <ns3:TrackPointExtension>
            <ns3:hr>142</ns3:hr>
            <ns3:cad>82</ns3:cad>
          </ns3:TrackPointExtension>
        </extensions>
      </trkpt>
      <trkpt lat="23.049763329327106475830078125" lon="113.31200055778026580810546875">
        <ele>4.80000019073486328125</ele>
        <time>2026-09-14T22:41:52.000Z</time>
        <extensions>
          <ns3:TrackPointExtension>
            <ns3:hr>142</ns3:hr>
            <ns3:cad>82</ns3:cad>
          </ns3:TrackPointExtension>
        </extensions>
      </trkpt>
      <trkpt lat="23.0497805960476398468017578125" lon="113.31201908178627490997314453125">
        <ele>4.80000019073486328125</ele>
        <time>2026-09-14T22:41:53.000Z</time>
        <extensions>
          <ns3:TrackPointExtension>
            <ns3:hr>142</ns3:hr>
            <ns3:cad>81</ns3:cad>
          </ns3:TrackPointExtension>
        </extensions>
      </trkpt>
      <trkpt lat="23.0497936718165874481201171875" lon="113.3120409585535526275634765625">
        <ele>4.80000019073486328125</ele>
        <time>2026-09-14T22:41:54.000Z</time>
        <extensions>
          <ns3:TrackPointExtension>
            <ns3:hr>143</ns3:hr>
            <ns3:cad>81</ns3:cad>
          </ns3:TrackPointExtension>
        </extensions>
      </trkpt>
      <trkpt lat="23.049805574119091033935546875" lon="113.31205663271248340606689453125">
        <ele>4.80000019073486328125</ele>
        <time>2026-09-14T22:41:55.000Z</time>
        <extensions>
          <ns3:TrackPointExtension>
            <ns3:hr>143</ns3:hr>
            <ns3:cad>82</ns3:cad>
          </ns3:TrackPointExtension>
        </extensions>
      </trkpt>
      <trkpt lat="23.04981940425932407379150390625" lon="113.31208026967942714691162109375">
        <ele>4.80000019073486328125</ele>
        <time>2026-09-14T22:41:56.000Z</time>
        <extensions>
          <ns3:TrackPointExtension>
            <ns3:hr>143</ns3:hr>
            <ns3:cad>82</ns3:cad>
          </ns3:TrackPointExtension>
        </extensions>
      </trkpt>
      <trkpt lat="23.04982426576316356658935546875" lon="113.3120976202189922332763671875">
        <ele>5</ele>
        <time>2026-09-14T22:41:57.000Z</time>
        <extensions>
          <ns3:TrackPointExtension>
            <ns3:hr>142</ns3:hr>
            <ns3:cad>82</ns3:cad>
          </ns3:TrackPointExtension>
        </extensions>
      </trkpt>
      <trkpt lat="23.0498349107801914215087890625" lon="113.31211849115788936614990234375">
        <ele>5</ele>
        <time>2026-09-14T22:41:58.000Z</time>
        <extensions>
          <ns3:TrackPointExtension>
            <ns3:hr>143</ns3:hr>
            <ns3:cad>82</ns3:cad>
          </ns3:TrackPointExtension>
        </extensions>
      </trkpt>
      <trkpt lat="23.04983675479888916015625" lon="113.3121502585709095001220703125">
        <ele>5</ele>
        <time>2026-09-14T22:41:59.000Z</time>
        <extensions>
          <ns3:TrackPointExtension>
            <ns3:hr>143</ns3:hr>
            <ns3:cad>82</ns3:cad>
          </ns3:TrackPointExtension>
        </extensions>
      </trkpt>
      <trkpt lat="23.04984019137918949127197265625" lon="113.31216760911047458648681640625">
        <ele>5</ele>
        <time>2026-09-14T22:42:00.000Z</time>
        <extensions>
          <ns3:TrackPointExtension>
            <ns3:hr>142</ns3:hr>
            <ns3:cad>82</ns3:cad>
          </ns3:TrackPointExtension>
        </extensions>
      </trkpt>
      <trkpt lat="23.04984186775982379913330078125" lon="113.31219392828643321990966796875">
        <ele>5</ele>
        <time>2026-09-14T22:42:01.000Z</time>
        <extensions>
          <ns3:TrackPointExtension>
            <ns3:hr>142</ns3:hr>
            <ns3:cad>82</ns3:cad>
          </ns3:TrackPointExtension>
        </extensions>
      </trkpt>
      <trkpt lat="23.049840442836284637451171875" lon="113.31222091801464557647705078125">
        <ele>5</ele>
        <time>2026-09-14T22:42:02.000Z</time>
        <extensions>
          <ns3:TrackPointExtension>
            <ns3:hr>142</ns3:hr>
            <ns3:cad>82</ns3:cad>
          </ns3:TrackPointExtension>
        </extensions>
      </trkpt>
      <trkpt lat="23.0498432926833629608154296875" lon="113.31223952583968639373779296875">
        <ele>5</ele>
        <time>2026-09-14T22:42:03.000Z</time>
        <extensions>
          <ns3:TrackPointExtension>
            <ns3:hr>142</ns3:hr>
            <ns3:cad>82</ns3:cad>
          </ns3:TrackPointExtension>
        </extensions>
      </trkpt>
      <trkpt lat="23.04983868263661861419677734375" lon="113.3122729696333408355712890625">
        <ele>4.80000019073486328125</ele>
        <time>2026-09-14T22:42:04.000Z</time>
        <extensions>
          <ns3:TrackPointExtension>
            <ns3:hr>143</ns3:hr>
            <ns3:cad>82</ns3:cad>
          </ns3:TrackPointExtension>
        </extensions>
      </trkpt>
      <trkpt lat="23.049831055104732513427734375" lon="113.312295936048030853271484375">
        <ele>5</ele>
        <time>2026-09-14T22:42:05.000Z</time>
        <extensions>
          <ns3:TrackPointExtension>
            <ns3:hr>142</ns3:hr>
            <ns3:cad>82</ns3:cad>
          </ns3:TrackPointExtension>
        </extensions>
      </trkpt>
      <trkpt lat="23.04983499459922313690185546875" lon="113.31232015974819660186767578125">
        <ele>5</ele>
        <time>2026-09-14T22:42:06.000Z</time>
        <extensions>
          <ns3:TrackPointExtension>
            <ns3:hr>142</ns3:hr>
            <ns3:cad>82</ns3:cad>
          </ns3:TrackPointExtension>
        </extensions>
      </trkpt>
      <trkpt lat="23.049831055104732513427734375" lon="113.3123484067618846893310546875">
        <ele>5</ele>
        <time>2026-09-14T22:42:07.000Z</time>
        <extensions>
          <ns3:TrackPointExtension>
            <ns3:hr>143</ns3:hr>
            <ns3:cad>82</ns3:cad>
          </ns3:TrackPointExtension>
        </extensions>
      </trkpt>
      <trkpt lat="23.04983340203762054443359375" lon="113.3123641647398471832275390625">
        <ele>5</ele>
        <time>2026-09-14T22:42:08.000Z</time>
        <extensions>
          <ns3:TrackPointExtension>
            <ns3:hr>143</ns3:hr>
            <ns3:cad>82</ns3:cad>
          </ns3:TrackPointExtension>
        </extensions>
      </trkpt>
      <trkpt lat="23.04983197711408138275146484375" lon="113.31239291466772556304931640625">
        <ele>5</ele>
        <time>2026-09-14T22:42:09.000Z</time>
        <extensions>
          <ns3:TrackPointExtension>
            <ns3:hr>143</ns3:hr>
            <ns3:cad>82</ns3:cad>
          </ns3:TrackPointExtension>
        </extensions>
      </trkpt>
      <trkpt lat="23.0498295463621616363525390625" lon="113.312416635453701019287109375">
        <ele>5</ele>
        <time>2026-09-14T22:42:10.000Z</time>
        <extensions>
          <ns3:TrackPointExtension>
            <ns3:hr>142</ns3:hr>
            <ns3:cad>82</ns3:cad>
          </ns3:TrackPointExtension>
        </extensions>
      </trkpt>
      <trkpt lat="23.049832396209239959716796875" lon="113.31244044005870819091796875">
        <ele>5</ele>
        <time>2026-09-14T22:42:11.000Z</time>
        <extensions>
          <ns3:TrackPointExtension>
            <ns3:hr>142</ns3:hr>
            <ns3:cad>82</ns3:cad>
          </ns3:TrackPointExtension>
        </extensions>
      </trkpt>
      <trkpt lat="23.04983180947601795196533203125" lon="113.31246793270111083984375">
        <ele>5</ele>
        <time>2026-09-14T22:42:12.000Z</time>
        <extensions>
          <ns3:TrackPointExtension>
            <ns3:hr>142</ns3:hr>
            <ns3:cad>83</ns3:cad>
          </ns3:TrackPointExtension>
        </extensions>
      </trkpt>
      <trkpt lat="23.04983700625598430633544921875" lon="113.3124868758022785186767578125">
        <ele>5</ele>
        <time>2026-09-14T22:42:13.000Z</time>
        <extensions>
          <ns3:TrackPointExtension>
            <ns3:hr>141</ns3:hr>
            <ns3:cad>83</ns3:cad>
          </ns3:TrackPointExtension>
        </extensions>
      </trkpt>
      <trkpt lat="23.04983750917017459869384765625" lon="113.3125110156834125518798828125">
        <ele>5</ele>
        <time>2026-09-14T22:42:14.000Z</time>
        <extensions>
          <ns3:TrackPointExtension>
            <ns3:hr>141</ns3:hr>
            <ns3:cad>83</ns3:cad>
          </ns3:TrackPointExtension>
        </extensions>
      </trkpt>
      <trkpt lat="23.04983164183795452117919921875" lon="113.31253557465970516204833984375">
        <ele>5</ele>
        <time>2026-09-14T22:42:15.000Z</time>
        <extensions>
          <ns3:TrackPointExtension>
            <ns3:hr>141</ns3:hr>
            <ns3:cad>83</ns3:cad>
          </ns3:TrackPointExtension>
        </extensions>
      </trkpt>
      <trkpt lat="23.04983952082693576812744140625" lon="113.312549404799938201904296875">
        <ele>5</ele>
        <time>2026-09-14T22:42:16.000Z</time>
        <extensions>
          <ns3:TrackPointExtension>
            <ns3:hr>140</ns3:hr>
            <ns3:cad>83</ns3:cad>
          </ns3:TrackPointExtension>
        </extensions>
      </trkpt>
      <trkpt lat="23.04983675479888916015625" lon="113.31258234567940235137939453125">
        <ele>5</ele>
        <time>2026-09-14T22:42:17.000Z</time>
        <extensions>
          <ns3:TrackPointExtension>
            <ns3:hr>140</ns3:hr>
            <ns3:cad>83</ns3:cad>
          </ns3:TrackPointExtension>
        </extensions>
      </trkpt>
      <trkpt lat="23.04983742535114288330078125" lon="113.3126032166182994842529296875">
        <ele>5</ele>
        <time>2026-09-14T22:42:18.000Z</time>
        <extensions>
          <ns3:TrackPointExtension>
            <ns3:hr>141</ns3:hr>
            <ns3:cad>83</ns3:cad>
          </ns3:TrackPointExtension>
        </extensions>
      </trkpt>
      <trkpt lat="23.04984337650239467620849609375" lon="113.3126248419284820556640625">
        <ele>5.19999980926513671875</ele>
        <time>2026-09-14T22:42:19.000Z</time>
        <extensions>
          <ns3:TrackPointExtension>
            <ns3:hr>141</ns3:hr>
            <ns3:cad>83</ns3:cad>
          </ns3:TrackPointExtension>
        </extensions>
      </trkpt>
      <trkpt lat="23.04984069429337978363037109375" lon="113.31265593878924846649169921875">
        <ele>5.19999980926513671875</ele>
        <time>2026-09-14T22:42:20.000Z</time>
        <extensions>
          <ns3:TrackPointExtension>
            <ns3:hr>141</ns3:hr>
            <ns3:cad>83</ns3:cad>
          </ns3:TrackPointExtension>
        </extensions>
      </trkpt>
      <trkpt lat="23.04984002374112606048583984375" lon="113.31267488189041614532470703125">
        <ele>5.19999980926513671875</ele>
        <time>2026-09-14T22:42:21.000Z</time>
        <extensions>
          <ns3:TrackPointExtension>
            <ns3:hr>140</ns3:hr>
            <ns3:cad>83</ns3:cad>
          </ns3:TrackPointExtension>
        </extensions>
      </trkpt>
      <trkpt lat="23.04983817972242832183837890625" lon="113.31270237453281879425048828125">
        <ele>5.19999980926513671875</ele>
        <time>2026-09-14T22:42:22.000Z</time>
        <extensions>
          <ns3:TrackPointExtension>
            <ns3:hr>141</ns3:hr>
            <ns3:cad>82</ns3:cad>
          </ns3:TrackPointExtension>
        </extensions>
      </trkpt>
      <trkpt lat="23.0498355813324451446533203125" lon="113.31272617913782596588134765625">
        <ele>5.19999980926513671875</ele>
        <time>2026-09-14T22:42:23.000Z</time>
        <extensions>
          <ns3:TrackPointExtension>
            <ns3:hr>141</ns3:hr>
            <ns3:cad>82</ns3:cad>
          </ns3:TrackPointExtension>
        </extensions>
      </trkpt>
      <trkpt lat="23.04984170012176036834716796875" lon="113.312741182744503021240234375">
        <ele>5</ele>
        <time>2026-09-14T22:42:24.000Z</time>
        <extensions>
          <ns3:TrackPointExtension>
            <ns3:hr>141</ns3:hr>
            <ns3:cad>82</ns3:cad>
          </ns3:TrackPointExtension>
        </extensions>
      </trkpt>
      <trkpt lat="23.0498362518846988677978515625" lon="113.31277311779558658599853515625">
        <ele>5</ele>
        <time>2026-09-14T22:42:25.000Z</time>
        <extensions>
          <ns3:TrackPointExtension>
            <ns3:hr>140</ns3:hr>
            <ns3:cad>82</ns3:cad>
          </ns3:TrackPointExtension>
        </extensions>
      </trkpt>
      <trkpt lat="23.04983164183795452117919921875" lon="113.312798179686069488525390625">
        <ele>5</ele>
        <time>2026-09-14T22:42:26.000Z</time>
        <extensions>
          <ns3:TrackPointExtension>
            <ns3:hr>141</ns3:hr>
            <ns3:cad>83</ns3:cad>
          </ns3:TrackPointExtension>
        </extensions>
      </trkpt>
      <trkpt lat="23.0498325638473033905029296875" lon="113.3128211461007595062255859375">
        <ele>5</ele>
        <time>2026-09-14T22:42:27.000Z</time>
        <extensions>
          <ns3:TrackPointExtension>
            <ns3:hr>141</ns3:hr>
            <ns3:cad>83</ns3:cad>
          </ns3:TrackPointExtension>
        </extensions>
      </trkpt>
      <trkpt lat="23.04983063600957393646240234375" lon="113.31285081803798675537109375">
        <ele>5</ele>
        <time>2026-09-14T22:42:28.000Z</time>
        <extensions>
          <ns3:TrackPointExtension>
            <ns3:hr>141</ns3:hr>
            <ns3:cad>82</ns3:cad>
          </ns3:TrackPointExtension>
        </extensions>
      </trkpt>
      <trkpt lat="23.04983532987534999847412109375" lon="113.31286959350109100341796875">
        <ele>5.19999980926513671875</ele>
        <time>2026-09-14T22:42:29.000Z</time>
        <extensions>
          <ns3:TrackPointExtension>
            <ns3:hr>141</ns3:hr>
            <ns3:cad>82</ns3:cad>
          </ns3:TrackPointExtension>
        </extensions>
      </trkpt>
      <trkpt lat="23.0498352460563182830810546875" lon="113.3128992654383182525634765625">
        <ele>5.19999980926513671875</ele>
        <time>2026-09-14T22:42:30.000Z</time>
        <extensions>
          <ns3:TrackPointExtension>
            <ns3:hr>141</ns3:hr>
            <ns3:cad>82</ns3:cad>
          </ns3:TrackPointExtension>
        </extensions>
      </trkpt>
      <trkpt lat="23.0498328991234302520751953125" lon="113.31292684189975261688232421875">
        <ele>5</ele>
        <time>2026-09-14T22:42:31.000Z</time>
        <extensions>
          <ns3:TrackPointExtension>
            <ns3:hr>141</ns3:hr>
            <ns3:cad>83</ns3:cad>
          </ns3:TrackPointExtension>
        </extensions>
      </trkpt>
      <trkpt lat="23.0498369224369525909423828125" lon="113.312945701181888580322265625">
        <ele>5</ele>
        <time>2026-09-14T22:42:32.000Z</time>
        <extensions>
          <ns3:TrackPointExtension>
            <ns3:hr>141</ns3:hr>
            <ns3:cad>83</ns3:cad>
          </ns3:TrackPointExtension>
        </extensions>
      </trkpt>
      <trkpt lat="23.0498325638473033905029296875" lon="113.31297830678522586822509765625">
        <ele>5</ele>
        <time>2026-09-14T22:42:33.000Z</time>
        <extensions>
          <ns3:TrackPointExtension>
            <ns3:hr>141</ns3:hr>
            <ns3:cad>83</ns3:cad>
          </ns3:TrackPointExtension>
        </extensions>
      </trkpt>
      <trkpt lat="23.04983516223728656768798828125" lon="113.31300429068505764007568359375">
        <ele>5</ele>
        <time>2026-09-14T22:42:34.000Z</time>
        <extensions>
          <ns3:TrackPointExtension>
            <ns3:hr>140</ns3:hr>
            <ns3:cad>83</ns3:cad>
          </ns3:TrackPointExtension>
        </extensions>
      </trkpt>
      <trkpt lat="23.0498389340937137603759765625" lon="113.31302809529006481170654296875">
        <ele>5</ele>
        <time>2026-09-14T22:42:35.000Z</time>
        <extensions>
          <ns3:TrackPointExtension>
            <ns3:hr>140</ns3:hr>
            <ns3:cad>83</ns3:cad>
          </ns3:TrackPointExtension>
        </extensions>
      </trkpt>
      <trkpt lat="23.0498362518846988677978515625" lon="113.31305642612278461456298828125">
        <ele>5</ele>
        <time>2026-09-14T22:42:36.000Z</time>
        <extensions>
          <ns3:TrackPointExtension>
            <ns3:hr>139</ns3:hr>
            <ns3:cad>82</ns3:cad>
          </ns3:TrackPointExtension>
        </extensions>
      </trkpt>
      <trkpt lat="23.04983985610306262969970703125" lon="113.3130756206810474395751953125">
        <ele>5.19999980926513671875</ele>
        <time>2026-09-14T22:42:37.000Z</time>
        <extensions>
          <ns3:TrackPointExtension>
            <ns3:hr>139</ns3:hr>
            <ns3:cad>82</ns3:cad>
          </ns3:TrackPointExtension>
        </extensions>
      </trkpt>
      <trkpt lat="23.04984144866466522216796875" lon="113.3131031133234500885009765625">
        <ele>5.19999980926513671875</ele>
        <time>2026-09-14T22:42:38.000Z</time>
        <extensions>
          <ns3:TrackPointExtension>
            <ns3:hr>139</ns3:hr>
            <ns3:cad>82</ns3:cad>
          </ns3:TrackPointExtension>
        </extensions>
      </trkpt>
      <trkpt lat="23.0498379282653331756591796875" lon="113.31312976777553558349609375">
        <ele>5.19999980926513671875</ele>
        <time>2026-09-14T22:42:39.000Z</time>
        <extensions>
          <ns3:TrackPointExtension>
            <ns3:hr>138</ns3:hr>
            <ns3:cad>81</ns3:cad>
          </ns3:TrackPointExtension>
        </extensions>
      </trkpt>
      <trkpt lat="23.04984287358820438385009765625" lon="113.31314745359122753143310546875">
        <ele>5.19999980926513671875</ele>
        <time>2026-09-14T22:42:40.000Z</time>
        <extensions>
          <ns3:TrackPointExtension>
            <ns3:hr>138</ns3:hr>
            <ns3:cad>81</ns3:cad>
          </ns3:TrackPointExtension>
        </extensions>
      </trkpt>
      <trkpt lat="23.04983683861792087554931640625" lon="113.31318064592778682708740234375">
        <ele>5.19999980926513671875</ele>
        <time>2026-09-14T22:42:41.000Z</time>
        <extensions>
          <ns3:TrackPointExtension>
            <ns3:hr>139</ns3:hr>
            <ns3:cad>81</ns3:cad>
          </ns3:TrackPointExtension>
        </extensions>
      </trkpt>
      <trkpt lat="23.0498325638473033905029296875" lon="113.31320243887603282928466796875">
        <ele>5.19999980926513671875</ele>
        <time>2026-09-14T22:42:42.000Z</time>
        <extensions>
          <ns3:TrackPointExtension>
            <ns3:hr>139</ns3:hr>
            <ns3:cad>83</ns3:cad>
          </ns3:TrackPointExtension>
        </extensions>
      </trkpt>
      <trkpt lat="23.04983248002827167510986328125" lon="113.313230685889720916748046875">
        <ele>5.19999980926513671875</ele>
        <time>2026-09-14T22:42:43.000Z</time>
        <extensions>
          <ns3:TrackPointExtension>
            <ns3:hr>139</ns3:hr>
            <ns3:cad>83</ns3:cad>
          </ns3:TrackPointExtension>
        </extensions>
      </trkpt>
      <trkpt lat="23.049827031791210174560546875" lon="113.3132573403418064117431640625">
        <ele>5.19999980926513671875</ele>
        <time>2026-09-14T22:42:44.000Z</time>
        <extensions>
          <ns3:TrackPointExtension>
            <ns3:hr>139</ns3:hr>
            <ns3:cad>83</ns3:cad>
          </ns3:TrackPointExtension>
        </extensions>
      </trkpt>
      <trkpt lat="23.0498292110860347747802734375" lon="113.3132779598236083984375">
        <ele>5.19999980926513671875</ele>
        <time>2026-09-14T22:42:45.000Z</time>
        <extensions>
          <ns3:TrackPointExtension>
            <ns3:hr>140</ns3:hr>
            <ns3:cad>83</ns3:cad>
          </ns3:TrackPointExtension>
        </extensions>
      </trkpt>
      <trkpt lat="23.04982460103929042816162109375" lon="113.31331291235983371734619140625">
        <ele>5</ele>
        <time>2026-09-14T22:42:46.000Z</time>
        <extensions>
          <ns3:TrackPointExtension>
            <ns3:hr>139</ns3:hr>
            <ns3:cad>83</ns3:cad>
          </ns3:TrackPointExtension>
        </extensions>
      </trkpt>
      <trkpt lat="23.04981973953545093536376953125" lon="113.3133354596793651580810546875">
        <ele>5</ele>
        <time>2026-09-14T22:42:47.000Z</time>
        <extensions>
          <ns3:TrackPointExtension>
            <ns3:hr>139</ns3:hr>
            <ns3:cad>83</ns3:cad>
          </ns3:TrackPointExtension>
        </extensions>
      </trkpt>
      <trkpt lat="23.04981890134513378143310546875" lon="113.3133652992546558380126953125">
        <ele>5</ele>
        <time>2026-09-14T22:42:48.000Z</time>
        <extensions>
          <ns3:TrackPointExtension>
            <ns3:hr>139</ns3:hr>
            <ns3:cad>83</ns3:cad>
          </ns3:TrackPointExtension>
        </extensions>
      </trkpt>
      <trkpt lat="23.04981529712677001953125" lon="113.31339589320123195648193359375">
        <ele>5</ele>
        <time>2026-09-14T22:42:49.000Z</time>
        <extensions>
          <ns3:TrackPointExtension>
            <ns3:hr>140</ns3:hr>
            <ns3:cad>83</ns3:cad>
          </ns3:TrackPointExtension>
        </extensions>
      </trkpt>
      <trkpt lat="23.04982091300189495086669921875" lon="113.3134132437407970428466796875">
        <ele>5</ele>
        <time>2026-09-14T22:42:50.000Z</time>
        <extensions>
          <ns3:TrackPointExtension>
            <ns3:hr>140</ns3:hr>
            <ns3:cad>83</ns3:cad>
          </ns3:TrackPointExtension>
        </extensions>
      </trkpt>
      <trkpt lat="23.04982292465865612030029296875" lon="113.31344467587769031524658203125">
        <ele>5</ele>
        <time>2026-09-14T22:42:51.000Z</time>
        <extensions>
          <ns3:TrackPointExtension>
            <ns3:hr>140</ns3:hr>
            <ns3:cad>83</ns3:cad>
          </ns3:TrackPointExtension>
        </extensions>
      </trkpt>
      <trkpt lat="23.04982376284897327423095703125" lon="113.3134697377681732177734375">
        <ele>5</ele>
        <time>2026-09-14T22:42:52.000Z</time>
        <extensions>
          <ns3:TrackPointExtension>
            <ns3:hr>140</ns3:hr>
            <ns3:cad>83</ns3:cad>
          </ns3:TrackPointExtension>
        </extensions>
      </trkpt>
      <trkpt lat="23.0498268641531467437744140625" lon="113.31349320709705352783203125">
        <ele>5</ele>
        <time>2026-09-14T22:42:53.000Z</time>
        <extensions>
          <ns3:TrackPointExtension>
            <ns3:hr>141</ns3:hr>
            <ns3:cad>83</ns3:cad>
          </ns3:TrackPointExtension>
        </extensions>
      </trkpt>
      <trkpt lat="23.04982409812510013580322265625" lon="113.31352128647267818450927734375">
        <ele>5.19999980926513671875</ele>
        <time>2026-09-14T22:42:54.000Z</time>
        <extensions>
          <ns3:TrackPointExtension>
            <ns3:hr>141</ns3:hr>
            <ns3:cad>83</ns3:cad>
          </ns3:TrackPointExtension>
        </extensions>
      </trkpt>
      <trkpt lat="23.0498292110860347747802734375" lon="113.31354140304028987884521484375">
        <ele>5.19999980926513671875</ele>
        <time>2026-09-14T22:42:55.000Z</time>
        <extensions>
          <ns3:TrackPointExtension>
            <ns3:hr>141</ns3:hr>
            <ns3:cad>83</ns3:cad>
          </ns3:TrackPointExtension>
        </extensions>
      </trkpt>
      <trkpt lat="23.0498318932950496673583984375" lon="113.31357040442526340484619140625">
        <ele>5</ele>
        <time>2026-09-14T22:42:56.000Z</time>
        <extensions>
          <ns3:TrackPointExtension>
            <ns3:hr>141</ns3:hr>
            <ns3:cad>83</ns3:cad>
          </ns3:TrackPointExtension>
        </extensions>
      </trkpt>
      <trkpt lat="23.049827031791210174560546875" lon="113.31359538249671459197998046875">
        <ele>5</ele>
        <time>2026-09-14T22:42:57.000Z</time>
        <extensions>
          <ns3:TrackPointExtension>
            <ns3:hr>140</ns3:hr>
            <ns3:cad>83</ns3:cad>
          </ns3:TrackPointExtension>
        </extensions>
      </trkpt>
      <trkpt lat="23.0498335696756839752197265625" lon="113.31361784599721431732177734375">
        <ele>5</ele>
        <time>2026-09-14T22:42:58.000Z</time>
        <extensions>
          <ns3:TrackPointExtension>
            <ns3:hr>140</ns3:hr>
            <ns3:cad>83</ns3:cad>
          </ns3:TrackPointExtension>
        </extensions>
      </trkpt>
      <trkpt lat="23.0498339049518108367919921875" lon="113.3136486075818538665771484375">
        <ele>5.19999980926513671875</ele>
        <time>2026-09-14T22:42:59.000Z</time>
        <extensions>
          <ns3:TrackPointExtension>
            <ns3:hr>140</ns3:hr>
            <ns3:cad>84</ns3:cad>
          </ns3:TrackPointExtension>
        </extensions>
      </trkpt>
      <trkpt lat="23.04983315058052539825439453125" lon="113.31366914324462413787841796875">
        <ele>5.19999980926513671875</ele>
        <time>2026-09-14T22:43:00.000Z</time>
        <extensions>
          <ns3:TrackPointExtension>
            <ns3:hr>140</ns3:hr>
            <ns3:cad>84</ns3:cad>
          </ns3:TrackPointExtension>
        </extensions>
      </trkpt>
      <trkpt lat="23.049830384552478790283203125" lon="113.31369563005864620208740234375">
        <ele>5.19999980926513671875</ele>
        <time>2026-09-14T22:43:01.000Z</time>
        <extensions>
          <ns3:TrackPointExtension>
            <ns3:hr>141</ns3:hr>
            <ns3:cad>84</ns3:cad>
          </ns3:TrackPointExtension>
        </extensions>
      </trkpt>
      <trkpt lat="23.0498275347054004669189453125" lon="113.31372320652008056640625">
        <ele>5.19999980926513671875</ele>
        <time>2026-09-14T22:43:02.000Z</time>
        <extensions>
          <ns3:TrackPointExtension>
            <ns3:hr>141</ns3:hr>
            <ns3:cad>84</ns3:cad>
          </ns3:TrackPointExtension>
        </extensions>
      </trkpt>
      <trkpt lat="23.0498372577130794525146484375" lon="113.31373888067901134490966796875">
        <ele>5.19999980926513671875</ele>
        <time>2026-09-14T22:43:03.000Z</time>
        <extensions>
          <ns3:TrackPointExtension>
            <ns3:hr>141</ns3:hr>
            <ns3:cad>83</ns3:cad>
          </ns3:TrackPointExtension>
        </extensions>
      </trkpt>
      <trkpt lat="23.04983315058052539825439453125" lon="113.31377475522458553314208984375">
        <ele>5.19999980926513671875</ele>
        <time>2026-09-14T22:43:04.000Z</time>
        <extensions>
          <ns3:TrackPointExtension>
            <ns3:hr>141</ns3:hr>
            <ns3:cad>83</ns3:cad>
          </ns3:TrackPointExtension>
        </extensions>
      </trkpt>
      <trkpt lat="23.04982895962893962860107421875" lon="113.31380023621022701263427734375">
        <ele>5.19999980926513671875</ele>
        <time>2026-09-14T22:43:05.000Z</time>
        <extensions>
          <ns3:TrackPointExtension>
            <ns3:hr>141</ns3:hr>
            <ns3:cad>83</ns3:cad>
          </ns3:TrackPointExtension>
        </extensions>
      </trkpt>
      <trkpt lat="23.04983248002827167510986328125" lon="113.31382504664361476898193359375">
        <ele>5.19999980926513671875</ele>
        <time>2026-09-14T22:43:06.000Z</time>
        <extensions>
          <ns3:TrackPointExtension>
            <ns3:hr>141</ns3:hr>
            <ns3:cad>83</ns3:cad>
          </ns3:TrackPointExtension>
        </extensions>
      </trkpt>
      <trkpt lat="23.04983071982860565185546875" lon="113.31385404802858829498291015625">
        <ele>5.19999980926513671875</ele>
        <time>2026-09-14T22:43:07.000Z</time>
        <extensions>
          <ns3:TrackPointExtension>
            <ns3:hr>141</ns3:hr>
            <ns3:cad>82</ns3:cad>
          </ns3:TrackPointExtension>
        </extensions>
      </trkpt>
      <trkpt lat="23.04983097128570079803466796875" lon="113.31387114711105823516845703125">
        <ele>5.19999980926513671875</ele>
        <time>2026-09-14T22:43:08.000Z</time>
        <extensions>
          <ns3:TrackPointExtension>
            <ns3:hr>141</ns3:hr>
            <ns3:cad>82</ns3:cad>
          </ns3:TrackPointExtension>
        </extensions>
      </trkpt>
      <trkpt lat="23.04983180947601795196533203125" lon="113.3138943649828433990478515625">
        <ele>5.19999980926513671875</ele>
        <time>2026-09-14T22:43:09.000Z</time>
        <extensions>
          <ns3:TrackPointExtension>
            <ns3:hr>142</ns3:hr>
            <ns3:cad>82</ns3:cad>
          </ns3:TrackPointExtension>
        </extensions>
      </trkpt>
      <trkpt lat="23.04982895962893962860107421875" lon="113.31391992978751659393310546875">
        <ele>5.19999980926513671875</ele>
        <time>2026-09-14T22:43:10.000Z</time>
        <extensions>
          <ns3:TrackPointExtension>
            <ns3:hr>142</ns3:hr>
            <ns3:cad>82</ns3:cad>
          </ns3:TrackPointExtension>
        </extensions>
      </trkpt>
      <trkpt lat="23.0498327314853668212890625" lon="113.31393434666097164154052734375">
        <ele>5.19999980926513671875</ele>
        <time>2026-09-14T22:43:11.000Z</time>
        <extensions>
          <ns3:TrackPointExtension>
            <ns3:hr>142</ns3:hr>
            <ns3:cad>82</ns3:cad>
          </ns3:TrackPointExtension>
        </extensions>
      </trkpt>
      <trkpt lat="23.04982803761959075927734375" lon="113.31396401859819889068603515625">
        <ele>5.19999980926513671875</ele>
        <time>2026-09-14T22:43:12.000Z</time>
        <extensions>
          <ns3:TrackPointExtension>
            <ns3:hr>142</ns3:hr>
            <ns3:cad>82</ns3:cad>
          </ns3:TrackPointExtension>
        </extensions>
      </trkpt>
      <trkpt lat="23.04982191883027553558349609375" lon="113.313988409936428070068359375">
        <ele>5.19999980926513671875</ele>
        <time>2026-09-14T22:43:13.000Z</time>
        <extensions>
          <ns3:TrackPointExtension>
            <ns3:hr>142</ns3:hr>
            <ns3:cad>83</ns3:cad>
          </ns3:TrackPointExtension>
        </extensions>
      </trkpt>
      <trkpt lat="23.04982359521090984344482421875" lon="113.31401011906564235687255859375">
        <ele>5.19999980926513671875</ele>
        <time>2026-09-14T22:43:14.000Z</time>
        <extensions>
          <ns3:TrackPointExtension>
            <ns3:hr>142</ns3:hr>
            <ns3:cad>82</ns3:cad>
          </ns3:TrackPointExtension>
        </extensions>
      </trkpt>
      <trkpt lat="23.04982057772576808929443359375" lon="113.3140378631651401519775390625">
        <ele>5.19999980926513671875</ele>
        <time>2026-09-14T22:43:15.000Z</time>
        <extensions>
          <ns3:TrackPointExtension>
            <ns3:hr>141</ns3:hr>
            <ns3:cad>82</ns3:cad>
          </ns3:TrackPointExtension>
        </extensions>
      </trkpt>
      <trkpt lat="23.04982325993478298187255859375" lon="113.31405336968600749969482421875">
        <ele>5.19999980926513671875</ele>
        <time>2026-09-14T22:43:16.000Z</time>
        <extensions>
          <ns3:TrackPointExtension>
            <ns3:hr>141</ns3:hr>
            <ns3:cad>82</ns3:cad>
          </ns3:TrackPointExtension>
        </extensions>
      </trkpt>
      <trkpt lat="23.0498245172202587127685546875" lon="113.3140801079571247100830078125">
        <ele>5.19999980926513671875</ele>
        <time>2026-09-14T22:43:17.000Z</time>
        <extensions>
          <ns3:TrackPointExtension>
            <ns3:hr>141</ns3:hr>
            <ns3:cad>82</ns3:cad>
          </ns3:TrackPointExtension>
        </extensions>
      </trkpt>
      <trkpt lat="23.04982275702059268951416015625" lon="113.31410550512373447418212890625">
        <ele>5.19999980926513671875</ele>
        <time>2026-09-14T22:43:18.000Z</time>
        <extensions>
          <ns3:TrackPointExtension>
            <ns3:hr>141</ns3:hr>
            <ns3:cad>82</ns3:cad>
          </ns3:TrackPointExtension>
        </extensions>
      </trkpt>
      <trkpt lat="23.04983231239020824432373046875" lon="113.31412226893007755279541015625">
        <ele>5.19999980926513671875</ele>
        <time>2026-09-14T22:43:19.000Z</time>
        <extensions>
          <ns3:TrackPointExtension>
            <ns3:hr>140</ns3:hr>
            <ns3:cad>82</ns3:cad>
          </ns3:TrackPointExtension>
        </extensions>
      </trkpt>
      <trkpt lat="23.0498312227427959442138671875" lon="113.31415177322924137115478515625">
        <ele>5.19999980926513671875</ele>
        <time>2026-09-14T22:43:20.000Z</time>
        <extensions>
          <ns3:TrackPointExtension>
            <ns3:hr>140</ns3:hr>
            <ns3:cad>82</ns3:cad>
          </ns3:TrackPointExtension>
        </extensions>
      </trkpt>
      <trkpt lat="23.04982795380055904388427734375" lon="113.31417490728199481964111328125">
        <ele>5.19999980926513671875</ele>
        <time>2026-09-14T22:43:21.000Z</time>
        <extensions>
          <ns3:TrackPointExtension>
            <ns3:hr>139</ns3:hr>
            <ns3:cad>82</ns3:cad>
          </ns3:TrackPointExtension>
        </extensions>
      </trkpt>
      <trkpt lat="23.049828372895717620849609375" lon="113.3142006397247314453125">
        <ele>5.400000095367431640625</ele>
        <time>2026-09-14T22:43:22.000Z</time>
        <extensions>
          <ns3:TrackPointExtension>
            <ns3:hr>139</ns3:hr>
            <ns3:cad>82</ns3:cad>
          </ns3:TrackPointExtension>
        </extensions>
      </trkpt>
      <trkpt lat="23.04982476867735385894775390625" lon="113.31422771327197551727294921875">
        <ele>5.400000095367431640625</ele>
        <time>2026-09-14T22:43:23.000Z</time>
        <extensions>
          <ns3:TrackPointExtension>
            <ns3:hr>139</ns3:hr>
            <ns3:cad>82</ns3:cad>
          </ns3:TrackPointExtension>
        </extensions>
      </trkpt>
      <trkpt lat="23.04983281530439853668212890625" lon="113.3142440579831600189208984375">
        <ele>5.400000095367431640625</ele>
        <time>2026-09-14T22:43:24.000Z</time>
        <extensions>
          <ns3:TrackPointExtension>
            <ns3:hr>138</ns3:hr>
            <ns3:cad>83</ns3:cad>
          </ns3:TrackPointExtension>
        </extensions>
      </trkpt>
      <trkpt lat="23.04982879199087619781494140625" lon="113.31427599303424358367919921875">
        <ele>5.19999980926513671875</ele>
        <time>2026-09-14T22:43:25.000Z</time>
        <extensions>
          <ns3:TrackPointExtension>
            <ns3:hr>138</ns3:hr>
            <ns3:cad>83</ns3:cad>
          </ns3:TrackPointExtension>
        </extensions>
      </trkpt>
      <trkpt lat="23.0498265288770198822021484375" lon="113.314300216734409332275390625">
        <ele>5.19999980926513671875</ele>
        <time>2026-09-14T22:43:26.000Z</time>
        <extensions>
          <ns3:TrackPointExtension>
            <ns3:hr>138</ns3:hr>
            <ns3:cad>83</ns3:cad>
          </ns3:TrackPointExtension>
        </extensions>
      </trkpt>
      <trkpt lat="23.049829714000225067138671875" lon="113.31432661972939968109130859375">
        <ele>5.19999980926513671875</ele>
        <time>2026-09-14T22:43:27.000Z</time>
        <extensions>
          <ns3:TrackPointExtension>
            <ns3:hr>138</ns3:hr>
            <ns3:cad>83</ns3:cad>
          </ns3:TrackPointExtension>
        </extensions>
      </trkpt>
      <trkpt lat="23.04982778616249561309814453125" lon="113.31435830332338809967041015625">
        <ele>5.19999980926513671875</ele>
        <time>2026-09-14T22:43:28.000Z</time>
        <extensions>
          <ns3:TrackPointExtension>
            <ns3:hr>138</ns3:hr>
            <ns3:cad>83</ns3:cad>
          </ns3:TrackPointExtension>
        </extensions>
      </trkpt>
      <trkpt lat="23.04983315058052539825439453125" lon="113.3143778331577777862548828125">
        <ele>5.19999980926513671875</ele>
        <time>2026-09-14T22:43:29.000Z</time>
        <extensions>
          <ns3:TrackPointExtension>
            <ns3:hr>139</ns3:hr>
            <ns3:cad>83</ns3:cad>
          </ns3:TrackPointExtension>
        </extensions>
      </trkpt>
      <trkpt lat="23.0498315580189228057861328125" lon="113.31440842710435390472412109375">
        <ele>5.19999980926513671875</ele>
        <time>2026-09-14T22:43:30.000Z</time>
        <extensions>
          <ns3:TrackPointExtension>
            <ns3:hr>138</ns3:hr>
            <ns3:cad>82</ns3:cad>
          </ns3:TrackPointExtension>
        </extensions>
      </trkpt>
      <trkpt lat="23.0498308874666690826416015625" lon="113.3144348300993442535400390625">
        <ele>5.19999980926513671875</ele>
        <time>2026-09-14T22:43:31.000Z</time>
        <extensions>
          <ns3:TrackPointExtension>
            <ns3:hr>138</ns3:hr>
            <ns3:cad>82</ns3:cad>
          </ns3:TrackPointExtension>
        </extensions>
      </trkpt>
      <trkpt lat="23.04983566515147686004638671875" lon="113.3144609816372394561767578125">
        <ele>5.19999980926513671875</ele>
        <time>2026-09-14T22:43:32.000Z</time>
        <extensions>
          <ns3:TrackPointExtension>
            <ns3:hr>138</ns3:hr>
            <ns3:cad>83</ns3:cad>
          </ns3:TrackPointExtension>
        </extensions>
      </trkpt>
      <trkpt lat="23.0498345755040645599365234375" lon="113.31449232995510101318359375">
        <ele>5.19999980926513671875</ele>
        <time>2026-09-14T22:43:33.000Z</time>
        <extensions>
          <ns3:TrackPointExtension>
            <ns3:hr>138</ns3:hr>
            <ns3:cad>83</ns3:cad>
          </ns3:TrackPointExtension>
        </extensions>
      </trkpt>
      <trkpt lat="23.049833737313747406005859375" lon="113.314514793455600738525390625">
        <ele>5.19999980926513671875</ele>
        <time>2026-09-14T22:43:34.000Z</time>
        <extensions>
          <ns3:TrackPointExtension>
            <ns3:hr>138</ns3:hr>
            <ns3:cad>83</ns3:cad>
          </ns3:TrackPointExtension>
        </extensions>
      </trkpt>
      <trkpt lat="23.049835078418254852294921875" lon="113.3145421184599399566650390625">
        <ele>5.19999980926513671875</ele>
        <time>2026-09-14T22:43:35.000Z</time>
        <extensions>
          <ns3:TrackPointExtension>
            <ns3:hr>137</ns3:hr>
            <ns3:cad>83</ns3:cad>
          </ns3:TrackPointExtension>
        </extensions>
      </trkpt>
      <trkpt lat="23.04983549751341342926025390625" lon="113.31457078456878662109375">
        <ele>5.19999980926513671875</ele>
        <time>2026-09-14T22:43:36.000Z</time>
        <extensions>
          <ns3:TrackPointExtension>
            <ns3:hr>138</ns3:hr>
            <ns3:cad>83</ns3:cad>
          </ns3:TrackPointExtension>
        </extensions>
      </trkpt>
      <trkpt lat="23.0498439632356166839599609375" lon="113.3145900629460811614990234375">
        <ele>5.19999980926513671875</ele>
        <time>2026-09-14T22:43:37.000Z</time>
        <extensions>
          <ns3:TrackPointExtension>
            <ns3:hr>138</ns3:hr>
            <ns3:cad>83</ns3:cad>
          </ns3:TrackPointExtension>
        </extensions>
      </trkpt>
      <trkpt lat="23.04983985610306262969970703125" lon="113.31462250091135501861572265625">
        <ele>5.19999980926513671875</ele>
        <time>2026-09-14T22:43:38.000Z</time>
        <extensions>
          <ns3:TrackPointExtension>
            <ns3:hr>138</ns3:hr>
            <ns3:cad>83</ns3:cad>
          </ns3:TrackPointExtension>
        </extensions>
      </trkpt>
      <trkpt lat="23.0498473159968852996826171875" lon="113.31464882008731365203857421875">
        <ele>5.19999980926513671875</ele>
        <time>2026-09-14T22:43:39.000Z</time>
        <extensions>
          <ns3:TrackPointExtension>
            <ns3:hr>138</ns3:hr>
            <ns3:cad>83</ns3:cad>
          </ns3:TrackPointExtension>
        </extensions>
      </trkpt>
      <trkpt lat="23.049850501120090484619140625" lon="113.31467379815876483917236328125">
        <ele>5.19999980926513671875</ele>
        <time>2026-09-14T22:43:40.000Z</time>
        <extensions>
          <ns3:TrackPointExtension>
            <ns3:hr>138</ns3:hr>
            <ns3:cad>82</ns3:cad>
          </ns3:TrackPointExtension>
        </extensions>
      </trkpt>
      <trkpt lat="23.04984471760690212249755859375" lon="113.3147023804485797882080078125">
        <ele>5.19999980926513671875</ele>
        <time>2026-09-14T22:43:41.000Z</time>
        <extensions>
          <ns3:TrackPointExtension>
            <ns3:hr>138</ns3:hr>
            <ns3:cad>82</ns3:cad>
          </ns3:TrackPointExtension>
        </extensions>
      </trkpt>
      <trkpt lat="23.0498493276536464691162109375" lon="113.3147184737026691436767578125">
        <ele>5.19999980926513671875</ele>
        <time>2026-09-14T22:43:42.000Z</time>
        <extensions>
          <ns3:TrackPointExtension>
            <ns3:hr>138</ns3:hr>
            <ns3:cad>82</ns3:cad>
          </ns3:TrackPointExtension>
        </extensions>
      </trkpt>
      <trkpt lat="23.04984572343528270721435546875" lon="113.3147456310689449310302734375">
        <ele>5.19999980926513671875</ele>
        <time>2026-09-14T22:43:43.000Z</time>
        <extensions>
          <ns3:TrackPointExtension>
            <ns3:hr>139</ns3:hr>
            <ns3:cad>82</ns3:cad>
          </ns3:TrackPointExtension>
        </extensions>
      </trkpt>
      <trkpt lat="23.0498421192169189453125" lon="113.3147717826068401336669921875">
        <ele>5.19999980926513671875</ele>
        <time>2026-09-14T22:43:44.000Z</time>
        <extensions>
          <ns3:TrackPointExtension>
            <ns3:hr>139</ns3:hr>
            <ns3:cad>82</ns3:cad>
          </ns3:TrackPointExtension>
        </extensions>
      </trkpt>
      <trkpt lat="23.04985024966299533843994140625" lon="113.31479248590767383575439453125">
        <ele>5.400000095367431640625</ele>
        <time>2026-09-14T22:43:45.000Z</time>
        <extensions>
          <ns3:TrackPointExtension>
            <ns3:hr>139</ns3:hr>
            <ns3:cad>83</ns3:cad>
          </ns3:TrackPointExtension>
        </extensions>
      </trkpt>
      <trkpt lat="23.0498479865491390228271484375" lon="113.31482232548296451568603515625">
        <ele>5.19999980926513671875</ele>
        <time>2026-09-14T22:43:46.000Z</time>
        <extensions>
          <ns3:TrackPointExtension>
            <ns3:hr>140</ns3:hr>
            <ns3:cad>82</ns3:cad>
          </ns3:TrackPointExtension>
        </extensions>
      </trkpt>
      <trkpt lat="23.0498499982059001922607421875" lon="113.31484747119247913360595703125">
        <ele>5.19999980926513671875</ele>
        <time>2026-09-14T22:43:47.000Z</time>
        <extensions>
          <ns3:TrackPointExtension>
            <ns3:hr>140</ns3:hr>
            <ns3:cad>82</ns3:cad>
          </ns3:TrackPointExtension>
        </extensions>
      </trkpt>
      <trkpt lat="23.0498486571013927459716796875" lon="113.3148784004151821136474609375">
        <ele>5.19999980926513671875</ele>
        <time>2026-09-14T22:43:48.000Z</time>
        <extensions>
          <ns3:TrackPointExtension>
            <ns3:hr>140</ns3:hr>
            <ns3:cad>82</ns3:cad>
          </ns3:TrackPointExtension>
        </extensions>
      </trkpt>
      <trkpt lat="23.0498412810266017913818359375" lon="113.31490849144756793975830078125">
        <ele>5.19999980926513671875</ele>
        <time>2026-09-14T22:43:49.000Z</time>
        <extensions>
          <ns3:TrackPointExtension>
            <ns3:hr>140</ns3:hr>
            <ns3:cad>82</ns3:cad>
          </ns3:TrackPointExtension>
        </extensions>
      </trkpt>
      <trkpt lat="23.04984170012176036834716796875" lon="113.31492542289197444915771484375">
        <ele>5.19999980926513671875</ele>
        <time>2026-09-14T22:43:50.000Z</time>
        <extensions>
          <ns3:TrackPointExtension>
            <ns3:hr>141</ns3:hr>
            <ns3:cad>82</ns3:cad>
          </ns3:TrackPointExtension>
        </extensions>
      </trkpt>
      <trkpt lat="23.04984010756015777587890625" lon="113.3149511553347110748291015625">
        <ele>5.19999980926513671875</ele>
        <time>2026-09-14T22:43:51.000Z</time>
        <extensions>
          <ns3:TrackPointExtension>
            <ns3:hr>141</ns3:hr>
            <ns3:cad>82</ns3:cad>
          </ns3:TrackPointExtension>
        </extensions>
      </trkpt>
      <trkpt lat="23.04983700625598430633544921875" lon="113.31497504375874996185302734375">
        <ele>5.19999980926513671875</ele>
        <time>2026-09-14T22:43:52.000Z</time>
        <extensions>
          <ns3:TrackPointExtension>
            <ns3:hr>141</ns3:hr>
            <ns3:cad>82</ns3:cad>
          </ns3:TrackPointExtension>
        </extensions>
      </trkpt>
      <trkpt lat="23.04984035901725292205810546875" lon="113.3149970881640911102294921875">
        <ele>5.400000095367431640625</ele>
        <time>2026-09-14T22:43:53.000Z</time>
        <extensions>
          <ns3:TrackPointExtension>
            <ns3:hr>141</ns3:hr>
            <ns3:cad>82</ns3:cad>
          </ns3:TrackPointExtension>
        </extensions>
      </trkpt>
      <trkpt lat="23.0498409457504749298095703125" lon="113.3150275982916355133056640625">
        <ele>5.400000095367431640625</ele>
        <time>2026-09-14T22:43:54.000Z</time>
        <extensions>
          <ns3:TrackPointExtension>
            <ns3:hr>141</ns3:hr>
            <ns3:cad>82</ns3:cad>
          </ns3:TrackPointExtension>
        </extensions>
      </trkpt>
      <trkpt lat="23.04984270595014095306396484375" lon="113.315049223601818084716796875">
        <ele>5.400000095367431640625</ele>
        <time>2026-09-14T22:43:55.000Z</time>
        <extensions>
          <ns3:TrackPointExtension>
            <ns3:hr>142</ns3:hr>
            <ns3:cad>82</ns3:cad>
          </ns3:TrackPointExtension>
        </extensions>
      </trkpt>
      <trkpt lat="23.049844801425933837890625" lon="113.31507495604455471038818359375">
        <ele>5.400000095367431640625</ele>
        <time>2026-09-14T22:43:56.000Z</time>
        <extensions>
          <ns3:TrackPointExtension>
            <ns3:hr>141</ns3:hr>
            <ns3:cad>82</ns3:cad>
          </ns3:TrackPointExtension>
        </extensions>
      </trkpt>
      <trkpt lat="23.04983650334179401397705078125" lon="113.31510387361049652099609375">
        <ele>5.400000095367431640625</ele>
        <time>2026-09-14T22:43:57.000Z</time>
        <extensions>
          <ns3:TrackPointExtension>
            <ns3:hr>141</ns3:hr>
            <ns3:cad>83</ns3:cad>
          </ns3:TrackPointExtension>
        </extensions>
      </trkpt>
      <trkpt lat="23.04983566515147686004638671875" lon="113.31512357108294963836669921875">
        <ele>5.400000095367431640625</ele>
        <time>2026-09-14T22:43:58.000Z</time>
        <extensions>
          <ns3:TrackPointExtension>
            <ns3:hr>141</ns3:hr>
            <ns3:cad>82</ns3:cad>
          </ns3:TrackPointExtension>
        </extensions>
      </trkpt>
      <trkpt lat="23.0498282052576541900634765625" lon="113.3151543326675891876220703125">
        <ele>5.400000095367431640625</ele>
        <time>2026-09-14T22:43:59.000Z</time>
        <extensions>
          <ns3:TrackPointExtension>
            <ns3:hr>142</ns3:hr>
            <ns3:cad>82</ns3:cad>
          </ns3:TrackPointExtension>
        </extensions>
      </trkpt>
      <trkpt lat="23.0498308874666690826416015625" lon="113.31518023274838924407958984375">
        <ele>5.400000095367431640625</ele>
        <time>2026-09-14T22:44:00.000Z</time>
        <extensions>
          <ns3:TrackPointExtension>
            <ns3:hr>141</ns3:hr>
            <ns3:cad>82</ns3:cad>
          </ns3:TrackPointExtension>
        </extensions>
      </trkpt>
      <trkpt lat="23.0498349107801914215087890625" lon="113.3152022771537303924560546875">
        <ele>5.400000095367431640625</ele>
        <time>2026-09-14T22:44:01.000Z</time>
        <extensions>
          <ns3:TrackPointExtension>
            <ns3:hr>142</ns3:hr>
            <ns3:cad>81</ns3:cad>
          </ns3:TrackPointExtension>
        </extensions>
      </trkpt>
      <trkpt lat="23.0498327314853668212890625" lon="113.3152408339083194732666015625">
        <ele>5.400000095367431640625</ele>
        <time>2026-09-14T22:44:02.000Z</time>
        <extensions>
          <ns3:TrackPointExtension>
            <ns3:hr>142</ns3:hr>
            <ns3:cad>82</ns3:cad>
          </ns3:TrackPointExtension>
        </extensions>
      </trkpt>
      <trkpt lat="23.049830384552478790283203125" lon="113.315265476703643798828125">
        <ele>5.400000095367431640625</ele>
        <time>2026-09-14T22:44:03.000Z</time>
        <extensions>
          <ns3:TrackPointExtension>
            <ns3:hr>142</ns3:hr>
            <ns3:cad>82</ns3:cad>
          </ns3:TrackPointExtension>
        </extensions>
      </trkpt>
      <trkpt lat="23.04983298294246196746826171875" lon="113.31529238261282444000244140625">
        <ele>5.400000095367431640625</ele>
        <time>2026-09-14T22:44:04.000Z</time>
        <extensions>
          <ns3:TrackPointExtension>
            <ns3:hr>141</ns3:hr>
            <ns3:cad>82</ns3:cad>
          </ns3:TrackPointExtension>
        </extensions>
      </trkpt>
      <trkpt lat="23.0498345755040645599365234375" lon="113.31532515585422515869140625">
        <ele>5.400000095367431640625</ele>
        <time>2026-09-14T22:44:05.000Z</time>
        <extensions>
          <ns3:TrackPointExtension>
            <ns3:hr>141</ns3:hr>
            <ns3:cad>82</ns3:cad>
          </ns3:TrackPointExtension>
        </extensions>
      </trkpt>
      <trkpt lat="23.04983717389404773712158203125" lon="113.3153454400599002838134765625">
        <ele>5.400000095367431640625</ele>
        <time>2026-09-14T22:44:06.000Z</time>
        <extensions>
          <ns3:TrackPointExtension>
            <ns3:hr>141</ns3:hr>
            <ns3:cad>82</ns3:cad>
          </ns3:TrackPointExtension>
        </extensions>
      </trkpt>
      <trkpt lat="23.0498375929892063140869140625" lon="113.31537234596908092498779296875">
        <ele>5.400000095367431640625</ele>
        <time>2026-09-14T22:44:07.000Z</time>
        <extensions>
          <ns3:TrackPointExtension>
            <ns3:hr>141</ns3:hr>
            <ns3:cad>82</ns3:cad>
          </ns3:TrackPointExtension>
        </extensions>
      </trkpt>
      <trkpt lat="23.04983885027468204498291015625" lon="113.31540017388761043548583984375">
        <ele>5.400000095367431640625</ele>
        <time>2026-09-14T22:44:08.000Z</time>
        <extensions>
          <ns3:TrackPointExtension>
            <ns3:hr>141</ns3:hr>
            <ns3:cad>82</ns3:cad>
          </ns3:TrackPointExtension>
        </extensions>
      </trkpt>
      <trkpt lat="23.0498459748923778533935546875" lon="113.3154222182929515838623046875">
        <ele>5.400000095367431640625</ele>
        <time>2026-09-14T22:44:09.000Z</time>
        <extensions>
          <ns3:TrackPointExtension>
            <ns3:hr>141</ns3:hr>
            <ns3:cad>82</ns3:cad>
          </ns3:TrackPointExtension>
        </extensions>
      </trkpt>
      <trkpt lat="23.04984890855848789215087890625" lon="113.3154584281146526336669921875">
        <ele>5.400000095367431640625</ele>
        <time>2026-09-14T22:44:10.000Z</time>
        <extensions>
          <ns3:TrackPointExtension>
            <ns3:hr>141</ns3:hr>
            <ns3:cad>82</ns3:cad>
          </ns3:TrackPointExtension>
        </extensions>
      </trkpt>
      <trkpt lat="23.04985083639621734619140625" lon="113.31548340618610382080078125">
        <ele>5.400000095367431640625</ele>
        <time>2026-09-14T22:44:11.000Z</time>
        <extensions>
          <ns3:TrackPointExtension>
            <ns3:hr>141</ns3:hr>
            <ns3:cad>83</ns3:cad>
          </ns3:TrackPointExtension>
        </extensions>
      </trkpt>
      <trkpt lat="23.04985821247100830078125" lon="113.31550930626690387725830078125">
        <ele>5.400000095367431640625</ele>
        <time>2026-09-14T22:44:12.000Z</time>
        <extensions>
          <ns3:TrackPointExtension>
            <ns3:hr>141</ns3:hr>
            <ns3:cad>83</ns3:cad>
          </ns3:TrackPointExtension>
        </extensions>
      </trkpt>
      <trkpt lat="23.04986290633678436279296875" lon="113.31553562544286251068115234375">
        <ele>5.400000095367431640625</ele>
        <time>2026-09-14T22:44:13.000Z</time>
        <extensions>
          <ns3:TrackPointExtension>
            <ns3:hr>142</ns3:hr>
            <ns3:cad>82</ns3:cad>
          </ns3:TrackPointExtension>
        </extensions>
      </trkpt>
      <trkpt lat="23.04987371899187564849853515625" lon="113.31555004231631755828857421875">
        <ele>5.400000095367431640625</ele>
        <time>2026-09-14T22:44:14.000Z</time>
        <extensions>
          <ns3:TrackPointExtension>
            <ns3:hr>141</ns3:hr>
            <ns3:cad>82</ns3:cad>
          </ns3:TrackPointExtension>
        </extensions>
      </trkpt>
      <trkpt lat="23.04987103678286075592041015625" lon="113.31558072008192539215087890625">
        <ele>5.400000095367431640625</ele>
        <time>2026-09-14T22:44:15.000Z</time>
        <extensions>
          <ns3:TrackPointExtension>
            <ns3:hr>141</ns3:hr>
            <ns3:cad>82</ns3:cad>
          </ns3:TrackPointExtension>
        </extensions>
      </trkpt>
      <trkpt lat="23.04986969567835330963134765625" lon="113.3156036026775836944580078125">
        <ele>5.400000095367431640625</ele>
        <time>2026-09-14T22:44:16.000Z</time>
        <extensions>
          <ns3:TrackPointExtension>
            <ns3:hr>141</ns3:hr>
            <ns3:cad>82</ns3:cad>
          </ns3:TrackPointExtension>
        </extensions>
      </trkpt>
      <trkpt lat="23.04987573064863681793212890625" lon="113.31562682054936885833740234375">
        <ele>5.599999904632568359375</ele>
        <time>2026-09-14T22:44:17.000Z</time>
        <extensions>
          <ns3:TrackPointExtension>
            <ns3:hr>141</ns3:hr>
            <ns3:cad>82</ns3:cad>
          </ns3:TrackPointExtension>
        </extensions>
      </trkpt>
      <trkpt lat="23.04987422190606594085693359375" lon="113.3156602643430233001708984375">
        <ele>5.599999904632568359375</ele>
        <time>2026-09-14T22:44:18.000Z</time>
        <extensions>
          <ns3:TrackPointExtension>
            <ns3:hr>142</ns3:hr>
            <ns3:cad>83</ns3:cad>
          </ns3:TrackPointExtension>
        </extensions>
      </trkpt>
      <trkpt lat="23.0498808436095714569091796875" lon="113.315682224929332733154296875">
        <ele>5.599999904632568359375</ele>
        <time>2026-09-14T22:44:19.000Z</time>
        <extensions>
          <ns3:TrackPointExtension>
            <ns3:hr>141</ns3:hr>
            <ns3:cad>83</ns3:cad>
          </ns3:TrackPointExtension>
        </extensions>
      </trkpt>
      <trkpt lat="23.04988310672342777252197265625" lon="113.31570980139076709747314453125">
        <ele>5.599999904632568359375</ele>
        <time>2026-09-14T22:44:20.000Z</time>
        <extensions>
          <ns3:TrackPointExtension>
            <ns3:hr>141</ns3:hr>
            <ns3:cad>82</ns3:cad>
          </ns3:TrackPointExtension>
        </extensions>
      </trkpt>
      <trkpt lat="23.04988193325698375701904296875" lon="113.3157363720238208770751953125">
        <ele>5.599999904632568359375</ele>
        <time>2026-09-14T22:44:21.000Z</time>
        <extensions>
          <ns3:TrackPointExtension>
            <ns3:hr>142</ns3:hr>
            <ns3:cad>82</ns3:cad>
          </ns3:TrackPointExtension>
        </extensions>
      </trkpt>
      <trkpt lat="23.0498882196843624114990234375" lon="113.315756320953369140625">
        <ele>5.599999904632568359375</ele>
        <time>2026-09-14T22:44:22.000Z</time>
        <extensions>
          <ns3:TrackPointExtension>
            <ns3:hr>142</ns3:hr>
            <ns3:cad>82</ns3:cad>
          </ns3:TrackPointExtension>
        </extensions>
      </trkpt>
      <trkpt lat="23.04988495074212551116943359375" lon="113.31578917801380157470703125">
        <ele>5.599999904632568359375</ele>
        <time>2026-09-14T22:44:23.000Z</time>
        <extensions>
          <ns3:TrackPointExtension>
            <ns3:hr>142</ns3:hr>
            <ns3:cad>82</ns3:cad>
          </ns3:TrackPointExtension>
        </extensions>
      </trkpt>
      <trkpt lat="23.04988578893244266510009765625" lon="113.31581289879977703094482421875">
        <ele>5.599999904632568359375</ele>
        <time>2026-09-14T22:44:24.000Z</time>
        <extensions>
          <ns3:TrackPointExtension>
            <ns3:hr>142</ns3:hr>
            <ns3:cad>82</ns3:cad>
          </ns3:TrackPointExtension>
        </extensions>
      </trkpt>
      <trkpt lat="23.04989014752209186553955078125" lon="113.3158393017947673797607421875">
        <ele>5.599999904632568359375</ele>
        <time>2026-09-14T22:44:25.000Z</time>
        <extensions>
          <ns3:TrackPointExtension>
            <ns3:hr>142</ns3:hr>
            <ns3:cad>82</ns3:cad>
          </ns3:TrackPointExtension>
        </extensions>
      </trkpt>
      <trkpt lat="23.0498892255127429962158203125" lon="113.31586671061813831329345703125">
        <ele>5.599999904632568359375</ele>
        <time>2026-09-14T22:44:26.000Z</time>
        <extensions>
          <ns3:TrackPointExtension>
            <ns3:hr>142</ns3:hr>
            <ns3:cad>82</ns3:cad>
          </ns3:TrackPointExtension>
        </extensions>
      </trkpt>
      <trkpt lat="23.04989433847367763519287109375" lon="113.31588414497673511505126953125">
        <ele>5.599999904632568359375</ele>
        <time>2026-09-14T22:44:27.000Z</time>
        <extensions>
          <ns3:TrackPointExtension>
            <ns3:hr>142</ns3:hr>
            <ns3:cad>82</ns3:cad>
          </ns3:TrackPointExtension>
        </extensions>
      </trkpt>
      <trkpt lat="23.0498944222927093505859375" lon="113.3159177564084529876708984375">
        <ele>5.599999904632568359375</ele>
        <time>2026-09-14T22:44:28.000Z</time>
        <extensions>
          <ns3:TrackPointExtension>
            <ns3:hr>142</ns3:hr>
            <ns3:cad>82</ns3:cad>
          </ns3:TrackPointExtension>
        </extensions>
      </trkpt>
      <trkpt lat="23.04989953525364398956298828125" lon="113.31594482995569705963134765625">
        <ele>5.599999904632568359375</ele>
        <time>2026-09-14T22:44:29.000Z</time>
        <extensions>
          <ns3:TrackPointExtension>
            <ns3:hr>143</ns3:hr>
            <ns3:cad>82</ns3:cad>
          </ns3:TrackPointExtension>
        </extensions>
      </trkpt>
      <trkpt lat="23.049904145300388336181640625" lon="113.31596553325653076171875">
        <ele>5.599999904632568359375</ele>
        <time>2026-09-14T22:44:30.000Z</time>
        <extensions>
          <ns3:TrackPointExtension>
            <ns3:hr>143</ns3:hr>
            <ns3:cad>82</ns3:cad>
          </ns3:TrackPointExtension>
        </extensions>
      </trkpt>
      <trkpt lat="23.04990104399621486663818359375" lon="113.3159952051937580108642578125">
        <ele>5.599999904632568359375</ele>
        <time>2026-09-14T22:44:31.000Z</time>
        <extensions>
          <ns3:TrackPointExtension>
            <ns3:hr>143</ns3:hr>
            <ns3:cad>83</ns3:cad>
          </ns3:TrackPointExtension>
        </extensions>
      </trkpt>
      <trkpt lat="23.049894757568836212158203125" lon="113.3160206861793994903564453125">
        <ele>5.599999904632568359375</ele>
        <time>2026-09-14T22:44:32.000Z</time>
        <extensions>
          <ns3:TrackPointExtension>
            <ns3:hr>142</ns3:hr>
            <ns3:cad>83</ns3:cad>
          </ns3:TrackPointExtension>
        </extensions>
      </trkpt>
      <trkpt lat="23.04989987052977085113525390625" lon="113.316044993698596954345703125">
        <ele>5.80000019073486328125</ele>
        <time>2026-09-14T22:44:33.000Z</time>
        <extensions>
          <ns3:TrackPointExtension>
            <ns3:hr>143</ns3:hr>
            <ns3:cad>83</ns3:cad>
          </ns3:TrackPointExtension>
        </extensions>
      </trkpt>
      <trkpt lat="23.0498979426920413970947265625" lon="113.31607357598841190338134765625">
        <ele>5.80000019073486328125</ele>
        <time>2026-09-14T22:44:34.000Z</time>
        <extensions>
          <ns3:TrackPointExtension>
            <ns3:hr>143</ns3:hr>
            <ns3:cad>82</ns3:cad>
          </ns3:TrackPointExtension>
        </extensions>
      </trkpt>
      <trkpt lat="23.04990473203361034393310546875" lon="113.31609218381345272064208984375">
        <ele>5.80000019073486328125</ele>
        <time>2026-09-14T22:44:35.000Z</time>
        <extensions>
          <ns3:TrackPointExtension>
            <ns3:hr>143</ns3:hr>
            <ns3:cad>82</ns3:cad>
          </ns3:TrackPointExtension>
        </extensions>
      </trkpt>
      <trkpt lat="23.0499059893190860748291015625" lon="113.316120095551013946533203125">
        <ele>5.599999904632568359375</ele>
        <time>2026-09-14T22:44:36.000Z</time>
        <extensions>
          <ns3:TrackPointExtension>
            <ns3:hr>143</ns3:hr>
            <ns3:cad>82</ns3:cad>
          </ns3:TrackPointExtension>
        </extensions>
      </trkpt>
      <trkpt lat="23.0499059893190860748291015625" lon="113.3161444030702114105224609375">
        <ele>5.599999904632568359375</ele>
        <time>2026-09-14T22:44:37.000Z</time>
        <extensions>
          <ns3:TrackPointExtension>
            <ns3:hr>143</ns3:hr>
            <ns3:cad>82</ns3:cad>
          </ns3:TrackPointExtension>
        </extensions>
      </trkpt>
      <trkpt lat="23.04991386830806732177734375" lon="113.31616468727588653564453125">
        <ele>5.599999904632568359375</ele>
        <time>2026-09-14T22:44:38.000Z</time>
        <extensions>
          <ns3:TrackPointExtension>
            <ns3:hr>143</ns3:hr>
            <ns3:cad>82</ns3:cad>
          </ns3:TrackPointExtension>
        </extensions>
      </trkpt>
      <trkpt lat="23.04991613142192363739013671875" lon="113.3161948621273040771484375">
        <ele>5.599999904632568359375</ele>
        <time>2026-09-14T22:44:39.000Z</time>
        <extensions>
          <ns3:TrackPointExtension>
            <ns3:hr>143</ns3:hr>
            <ns3:cad>82</ns3:cad>
          </ns3:TrackPointExtension>
        </extensions>
      </trkpt>
      <trkpt lat="23.04992166347801685333251953125" lon="113.31621774472296237945556640625">
        <ele>5.599999904632568359375</ele>
        <time>2026-09-14T22:44:40.000Z</time>
        <extensions>
          <ns3:TrackPointExtension>
            <ns3:hr>144</ns3:hr>
            <ns3:cad>82</ns3:cad>
          </ns3:TrackPointExtension>
        </extensions>
      </trkpt>
      <trkpt lat="23.0499267764389514923095703125" lon="113.3162443153560161590576171875">
        <ele>5.599999904632568359375</ele>
        <time>2026-09-14T22:44:41.000Z</time>
        <extensions>
          <ns3:TrackPointExtension>
            <ns3:hr>144</ns3:hr>
            <ns3:cad>82</ns3:cad>
          </ns3:TrackPointExtension>
        </extensions>
      </trkpt>
      <trkpt lat="23.0499163828790187835693359375" lon="113.31627205945551395416259765625">
        <ele>5.599999904632568359375</ele>
        <time>2026-09-14T22:44:42.000Z</time>
        <extensions>
          <ns3:TrackPointExtension>
            <ns3:hr>144</ns3:hr>
            <ns3:cad>82</ns3:cad>
          </ns3:TrackPointExtension>
        </extensions>
      </trkpt>
      <trkpt lat="23.04991261102259159088134765625" lon="113.316291086375713348388671875">
        <ele>5.599999904632568359375</ele>
        <time>2026-09-14T22:44:43.000Z</time>
        <extensions>
          <ns3:TrackPointExtension>
            <ns3:hr>144</ns3:hr>
            <ns3:cad>82</ns3:cad>
          </ns3:TrackPointExtension>
        </extensions>
      </trkpt>
      <trkpt lat="23.04990238510072231292724609375" lon="113.3163200877606868743896484375">
        <ele>5.599999904632568359375</ele>
        <time>2026-09-14T22:44:44.000Z</time>
        <extensions>
          <ns3:TrackPointExtension>
            <ns3:hr>144</ns3:hr>
            <ns3:cad>82</ns3:cad>
          </ns3:TrackPointExtension>
        </extensions>
      </trkpt>
      <trkpt lat="23.04988997988402843475341796875" lon="113.3163425512611865997314453125">
        <ele>5.599999904632568359375</ele>
        <time>2026-09-14T22:44:45.000Z</time>
        <extensions>
          <ns3:TrackPointExtension>
            <ns3:hr>144</ns3:hr>
            <ns3:cad>82</ns3:cad>
          </ns3:TrackPointExtension>
        </extensions>
      </trkpt>
      <trkpt lat="23.04987941868603229522705078125" lon="113.31636451184749603271484375">
        <ele>5.599999904632568359375</ele>
        <time>2026-09-14T22:44:46.000Z</time>
        <extensions>
          <ns3:TrackPointExtension>
            <ns3:hr>144</ns3:hr>
            <ns3:cad>82</ns3:cad>
          </ns3:TrackPointExtension>
        </extensions>
      </trkpt>
      <trkpt lat="23.04985343478620052337646484375" lon="113.3163881488144397735595703125">
        <ele>5.599999904632568359375</ele>
        <time>2026-09-14T22:44:47.000Z</time>
        <extensions>
          <ns3:TrackPointExtension>
            <ns3:hr>144</ns3:hr>
            <ns3:cad>82</ns3:cad>
          </ns3:TrackPointExtension>
        </extensions>
      </trkpt>
      <trkpt lat="23.0498359166085720062255859375" lon="113.316400051116943359375">
        <ele>5.599999904632568359375</ele>
        <time>2026-09-14T22:44:48.000Z</time>
        <extensions>
          <ns3:TrackPointExtension>
            <ns3:hr>144</ns3:hr>
            <ns3:cad>82</ns3:cad>
          </ns3:TrackPointExtension>
        </extensions>
      </trkpt>
      <trkpt lat="23.0498151294887065887451171875" lon="113.3164179883897304534912109375">
        <ele>5.599999904632568359375</ele>
        <time>2026-09-14T22:44:49.000Z</time>
        <extensions>
          <ns3:TrackPointExtension>
            <ns3:hr>144</ns3:hr>
            <ns3:cad>83</ns3:cad>
          </ns3:TrackPointExtension>
        </extensions>
      </trkpt>
      <trkpt lat="23.049785792827606201171875" lon="113.3164240233600139617919921875">
        <ele>5.599999904632568359375</ele>
        <time>2026-09-14T22:44:50.000Z</time>
        <extensions>
          <ns3:TrackPointExtension>
            <ns3:hr>144</ns3:hr>
            <ns3:cad>82</ns3:cad>
          </ns3:TrackPointExtension>
        </extensions>
      </trkpt>
      <trkpt lat="23.0497685261070728302001953125" lon="113.31643466837704181671142578125">
        <ele>5.599999904632568359375</ele>
        <time>2026-09-14T22:44:51.000Z</time>
        <extensions>
          <ns3:TrackPointExtension>
            <ns3:hr>144</ns3:hr>
            <ns3:cad>82</ns3:cad>
          </ns3:TrackPointExtension>
        </extensions>
      </trkpt>
      <trkpt lat="23.049743883311748504638671875" lon="113.316441960632801055908203125">
        <ele>5.599999904632568359375</ele>
        <time>2026-09-14T22:44:52.000Z</time>
        <extensions>
          <ns3:TrackPointExtension>
            <ns3:hr>144</ns3:hr>
            <ns3:cad>82</ns3:cad>
          </ns3:TrackPointExtension>
        </extensions>
      </trkpt>
      <trkpt lat="23.049721084535121917724609375" lon="113.316434919834136962890625">
        <ele>5.599999904632568359375</ele>
        <time>2026-09-14T22:44:53.000Z</time>
        <extensions>
          <ns3:TrackPointExtension>
            <ns3:hr>144</ns3:hr>
            <ns3:cad>82</ns3:cad>
          </ns3:TrackPointExtension>
        </extensions>
      </trkpt>
      <trkpt lat="23.0496974475681781768798828125" lon="113.31643869169056415557861328125">
        <ele>5.599999904632568359375</ele>
        <time>2026-09-14T22:44:54.000Z</time>
        <extensions>
          <ns3:TrackPointExtension>
            <ns3:hr>144</ns3:hr>
            <ns3:cad>82</ns3:cad>
          </ns3:TrackPointExtension>
        </extensions>
      </trkpt>
      <trkpt lat="23.04967003874480724334716796875" lon="113.3164324052631855010986328125">
        <ele>5.599999904632568359375</ele>
        <time>2026-09-14T22:44:55.000Z</time>
        <extensions>
          <ns3:TrackPointExtension>
            <ns3:hr>144</ns3:hr>
            <ns3:cad>82</ns3:cad>
          </ns3:TrackPointExtension>
        </extensions>
      </trkpt>
      <trkpt lat="23.04964271374046802520751953125" lon="113.31643022596836090087890625">
        <ele>5.80000019073486328125</ele>
        <time>2026-09-14T22:44:56.000Z</time>
        <extensions>
          <ns3:TrackPointExtension>
            <ns3:hr>144</ns3:hr>
            <ns3:cad>82</ns3:cad>
          </ns3:TrackPointExtension>
        </extensions>
      </trkpt>
      <trkpt lat="23.04962444119155406951904296875" lon="113.31643768586218357086181640625">
        <ele>5.80000019073486328125</ele>
        <time>2026-09-14T22:44:57.000Z</time>
        <extensions>
          <ns3:TrackPointExtension>
            <ns3:hr>145</ns3:hr>
            <ns3:cad>82</ns3:cad>
          </ns3:TrackPointExtension>
        </extensions>
      </trkpt>
      <trkpt lat="23.0495961941778659820556640625" lon="113.31643802113831043243408203125">
        <ele>5.80000019073486328125</ele>
        <time>2026-09-14T22:44:58.000Z</time>
        <extensions>
          <ns3:TrackPointExtension>
            <ns3:hr>144</ns3:hr>
            <ns3:cad>82</ns3:cad>
          </ns3:TrackPointExtension>
        </extensions>
      </trkpt>
      <trkpt lat="23.04957993328571319580078125" lon="113.3164471574127674102783203125">
        <ele>5.80000019073486328125</ele>
        <time>2026-09-14T22:44:59.000Z</time>
        <extensions>
          <ns3:TrackPointExtension>
            <ns3:hr>144</ns3:hr>
            <ns3:cad>82</ns3:cad>
          </ns3:TrackPointExtension>
        </extensions>
      </trkpt>
      <trkpt lat="23.04955604486167430877685546875" lon="113.31646107137203216552734375">
        <ele>5.80000019073486328125</ele>
        <time>2026-09-14T22:45:00.000Z</time>
        <extensions>
          <ns3:TrackPointExtension>
            <ns3:hr>145</ns3:hr>
            <ns3:cad>82</ns3:cad>
          </ns3:TrackPointExtension>
        </extensions>
      </trkpt>
      <trkpt lat="23.04953810758888721466064453125" lon="113.3164766617119312286376953125">
        <ele>5.599999904632568359375</ele>
        <time>2026-09-14T22:45:01.000Z</time>
        <extensions>
          <ns3:TrackPointExtension>
            <ns3:hr>144</ns3:hr>
            <ns3:cad>82</ns3:cad>
          </ns3:TrackPointExtension>
        </extensions>
      </trkpt>
      <trkpt lat="23.0495274625718593597412109375" lon="113.3164971135556697845458984375">
        <ele>5.599999904632568359375</ele>
        <time>2026-09-14T22:45:02.000Z</time>
        <extensions>
          <ns3:TrackPointExtension>
            <ns3:hr>144</ns3:hr>
            <ns3:cad>82</ns3:cad>
          </ns3:TrackPointExtension>
        </extensions>
      </trkpt>
      <trkpt lat="23.04951346479356288909912109375" lon="113.316528797149658203125">
        <ele>5.599999904632568359375</ele>
        <time>2026-09-14T22:45:03.000Z</time>
        <extensions>
          <ns3:TrackPointExtension>
            <ns3:hr>144</ns3:hr>
            <ns3:cad>82</ns3:cad>
          </ns3:TrackPointExtension>
        </extensions>
      </trkpt>
      <trkpt lat="23.049501143395900726318359375" lon="113.316546566784381866455078125">
        <ele>5.80000019073486328125</ele>
        <time>2026-09-14T22:45:04.000Z</time>
        <extensions>
          <ns3:TrackPointExtension>
            <ns3:hr>144</ns3:hr>
            <ns3:cad>82</ns3:cad>
          </ns3:TrackPointExtension>
        </extensions>
      </trkpt>
      <trkpt lat="23.04949971847236156463623046875" lon="113.3165735565125942230224609375">
        <ele>5.80000019073486328125</ele>
        <time>2026-09-14T22:45:05.000Z</time>
        <extensions>
          <ns3:TrackPointExtension>
            <ns3:hr>143</ns3:hr>
            <ns3:cad>82</ns3:cad>
          </ns3:TrackPointExtension>
        </extensions>
      </trkpt>
      <trkpt lat="23.04949535988271236419677734375" lon="113.3166052401065826416015625">
        <ele>5.80000019073486328125</ele>
        <time>2026-09-14T22:45:06.000Z</time>
        <extensions>
          <ns3:TrackPointExtension>
            <ns3:hr>144</ns3:hr>
            <ns3:cad>83</ns3:cad>
          </ns3:TrackPointExtension>
        </extensions>
      </trkpt>
      <trkpt lat="23.0494996346533298492431640625" lon="113.31662292592227458953857421875">
        <ele>5.80000019073486328125</ele>
        <time>2026-09-14T22:45:07.000Z</time>
        <extensions>
          <ns3:TrackPointExtension>
            <ns3:hr>144</ns3:hr>
            <ns3:cad>83</ns3:cad>
          </ns3:TrackPointExtension>
        </extensions>
      </trkpt>
      <trkpt lat="23.04950005374848842620849609375" lon="113.31665226258337497711181640625">
        <ele>5.80000019073486328125</ele>
        <time>2026-09-14T22:45:08.000Z</time>
        <extensions>
          <ns3:TrackPointExtension>
            <ns3:hr>143</ns3:hr>
            <ns3:cad>82</ns3:cad>
          </ns3:TrackPointExtension>
        </extensions>
      </trkpt>
      <trkpt lat="23.04949544370174407958984375" lon="113.31667564809322357177734375">
        <ele>5.80000019073486328125</ele>
        <time>2026-09-14T22:45:09.000Z</time>
        <extensions>
          <ns3:TrackPointExtension>
            <ns3:hr>144</ns3:hr>
            <ns3:cad>82</ns3:cad>
          </ns3:TrackPointExtension>
        </extensions>
      </trkpt>
      <trkpt lat="23.04949452169239521026611328125" lon="113.31669618375599384307861328125">
        <ele>5.80000019073486328125</ele>
        <time>2026-09-14T22:45:10.000Z</time>
        <extensions>
          <ns3:TrackPointExtension>
            <ns3:hr>143</ns3:hr>
            <ns3:cad>82</ns3:cad>
          </ns3:TrackPointExtension>
        </extensions>
      </trkpt>
      <trkpt lat="23.04949368350207805633544921875" lon="113.3167274482548236846923828125">
        <ele>5.80000019073486328125</ele>
        <time>2026-09-14T22:45:11.000Z</time>
        <extensions>
          <ns3:TrackPointExtension>
            <ns3:hr>143</ns3:hr>
            <ns3:cad>82</ns3:cad>
          </ns3:TrackPointExtension>
        </extensions>
      </trkpt>
      <trkpt lat="23.04949049837887287139892578125" lon="113.31675234250724315643310546875">
        <ele>5.80000019073486328125</ele>
        <time>2026-09-14T22:45:12.000Z</time>
        <extensions>
          <ns3:TrackPointExtension>
            <ns3:hr>143</ns3:hr>
            <ns3:cad>81</ns3:cad>
          </ns3:TrackPointExtension>
        </extensions>
      </trkpt>
      <trkpt lat="23.0495001375675201416015625" lon="113.31677882932126522064208984375">
        <ele>5.80000019073486328125</ele>
        <time>2026-09-14T22:45:13.000Z</time>
        <extensions>
          <ns3:TrackPointExtension>
            <ns3:hr>143</ns3:hr>
            <ns3:cad>81</ns3:cad>
          </ns3:TrackPointExtension>
        </extensions>
      </trkpt>
      <trkpt lat="23.04951363243162631988525390625" lon="113.3168132789433002471923828125">
        <ele>5.80000019073486328125</ele>
        <time>2026-09-14T22:45:14.000Z</time>
        <extensions>
          <ns3:TrackPointExtension>
            <ns3:hr>143</ns3:hr>
            <ns3:cad>81</ns3:cad>
          </ns3:TrackPointExtension>
        </extensions>
      </trkpt>
      <trkpt lat="23.04952167905867099761962890625" lon="113.31683297641575336456298828125">
        <ele>5.80000019073486328125</ele>
        <time>2026-09-14T22:45:15.000Z</time>
        <extensions>
          <ns3:TrackPointExtension>
            <ns3:hr>143</ns3:hr>
            <ns3:cad>81</ns3:cad>
          </ns3:TrackPointExtension>
        </extensions>
      </trkpt>
      <trkpt lat="23.04954665713012218475341796875" lon="113.31685309298336505889892578125">
        <ele>5.599999904632568359375</ele>
        <time>2026-09-14T22:45:16.000Z</time>
        <extensions>
          <ns3:TrackPointExtension>
            <ns3:hr>143</ns3:hr>
            <ns3:cad>81</ns3:cad>
          </ns3:TrackPointExtension>
        </extensions>
      </trkpt>
      <trkpt lat="23.049572221934795379638671875" lon="113.3168761432170867919921875">
        <ele>5.599999904632568359375</ele>
        <time>2026-09-14T22:45:17.000Z</time>
        <extensions>
          <ns3:TrackPointExtension>
            <ns3:hr>143</ns3:hr>
            <ns3:cad>81</ns3:cad>
          </ns3:TrackPointExtension>
        </extensions>
      </trkpt>
      <trkpt lat="23.04958873428404331207275390625" lon="113.316889218986034393310546875">
        <ele>5.599999904632568359375</ele>
        <time>2026-09-14T22:45:18.000Z</time>
        <extensions>
          <ns3:TrackPointExtension>
            <ns3:hr>144</ns3:hr>
            <ns3:cad>81</ns3:cad>
          </ns3:TrackPointExtension>
        </extensions>
      </trkpt>
      <trkpt lat="23.049614131450653076171875" lon="113.3169029653072357177734375">
        <ele>5.599999904632568359375</ele>
        <time>2026-09-14T22:45:19.000Z</time>
        <extensions>
          <ns3:TrackPointExtension>
            <ns3:hr>143</ns3:hr>
            <ns3:cad>81</ns3:cad>
          </ns3:TrackPointExtension>
        </extensions>
      </trkpt>
      <trkpt lat="23.049638271331787109375" lon="113.31691168248653411865234375">
        <ele>5.599999904632568359375</ele>
        <time>2026-09-14T22:45:20.000Z</time>
        <extensions>
          <ns3:TrackPointExtension>
            <ns3:hr>143</ns3:hr>
            <ns3:cad>81</ns3:cad>
          </ns3:TrackPointExtension>
        </extensions>
      </trkpt>
      <trkpt lat="23.049654029309749603271484375" lon="113.31690288148820400238037109375">
        <ele>5.599999904632568359375</ele>
        <time>2026-09-14T22:45:21.000Z</time>
        <extensions>
          <ns3:TrackPointExtension>
            <ns3:hr>143</ns3:hr>
            <ns3:cad>82</ns3:cad>
          </ns3:TrackPointExtension>
        </extensions>
      </trkpt>
      <trkpt lat="23.0496806837618350982666015625" lon="113.31690631806850433349609375">
        <ele>5.599999904632568359375</ele>
        <time>2026-09-14T22:45:22.000Z</time>
        <extensions>
          <ns3:TrackPointExtension>
            <ns3:hr>143</ns3:hr>
            <ns3:cad>82</ns3:cad>
          </ns3:TrackPointExtension>
        </extensions>
      </trkpt>
      <trkpt lat="23.04969686083495616912841796875" lon="113.3169095031917095184326171875">
        <ele>5.599999904632568359375</ele>
        <time>2026-09-14T22:45:23.000Z</time>
        <extensions>
          <ns3:TrackPointExtension>
            <ns3:hr>143</ns3:hr>
            <ns3:cad>82</ns3:cad>
          </ns3:TrackPointExtension>
        </extensions>
      </trkpt>
      <trkpt lat="23.0497172288596630096435546875" lon="113.31690623424947261810302734375">
        <ele>5.599999904632568359375</ele>
        <time>2026-09-14T22:45:24.000Z</time>
        <extensions>
          <ns3:TrackPointExtension>
            <ns3:hr>143</ns3:hr>
            <ns3:cad>81</ns3:cad>
          </ns3:TrackPointExtension>
        </extensions>
      </trkpt>
      <trkpt lat="23.04974933154881000518798828125" lon="113.31691059283912181854248046875">
        <ele>5.80000019073486328125</ele>
        <time>2026-09-14T22:45:25.000Z</time>
        <extensions>
          <ns3:TrackPointExtension>
            <ns3:hr>143</ns3:hr>
            <ns3:cad>81</ns3:cad>
          </ns3:TrackPointExtension>
        </extensions>
      </trkpt>
      <trkpt lat="23.0497658438980579376220703125" lon="113.31691226921975612640380859375">
        <ele>5.80000019073486328125</ele>
        <time>2026-09-14T22:45:26.000Z</time>
        <extensions>
          <ns3:TrackPointExtension>
            <ns3:hr>143</ns3:hr>
            <ns3:cad>81</ns3:cad>
          </ns3:TrackPointExtension>
        </extensions>
      </trkpt>
      <trkpt lat="23.049793504178524017333984375" lon="113.3169118501245975494384765625">
        <ele>5.599999904632568359375</ele>
        <time>2026-09-14T22:45:27.000Z</time>
        <extensions>
          <ns3:TrackPointExtension>
            <ns3:hr>143</ns3:hr>
            <ns3:cad>82</ns3:cad>
          </ns3:TrackPointExtension>
        </extensions>
      </trkpt>
      <trkpt lat="23.049820996820926666259765625" lon="113.31691713072359561920166015625">
        <ele>5.599999904632568359375</ele>
        <time>2026-09-14T22:45:28.000Z</time>
        <extensions>
          <ns3:TrackPointExtension>
            <ns3:hr>143</ns3:hr>
            <ns3:cad>82</ns3:cad>
          </ns3:TrackPointExtension>
        </extensions>
      </trkpt>
      <trkpt lat="23.04983851499855518341064453125" lon="113.31691327504813671112060546875">
        <ele>5.599999904632568359375</ele>
        <time>2026-09-14T22:45:29.000Z</time>
        <extensions>
          <ns3:TrackPointExtension>
            <ns3:hr>142</ns3:hr>
            <ns3:cad>82</ns3:cad>
          </ns3:TrackPointExtension>
        </extensions>
      </trkpt>
      <trkpt lat="23.04986290633678436279296875" lon="113.316917717456817626953125">
        <ele>5.599999904632568359375</ele>
        <time>2026-09-14T22:45:30.000Z</time>
        <extensions>
          <ns3:TrackPointExtension>
            <ns3:hr>142</ns3:hr>
            <ns3:cad>82</ns3:cad>
          </ns3:TrackPointExtension>
        </extensions>
      </trkpt>
      <trkpt lat="23.0498841963708400726318359375" lon="113.31693054176867008209228515625">
        <ele>5.599999904632568359375</ele>
        <time>2026-09-14T22:45:31.000Z</time>
        <extensions>
          <ns3:TrackPointExtension>
            <ns3:hr>142</ns3:hr>
            <ns3:cad>82</ns3:cad>
          </ns3:TrackPointExtension>
        </extensions>
      </trkpt>
      <trkpt lat="23.0499078333377838134765625" lon="113.31693439744412899017333984375">
        <ele>5.599999904632568359375</ele>
        <time>2026-09-14T22:45:32.000Z</time>
        <extensions>
          <ns3:TrackPointExtension>
            <ns3:hr>142</ns3:hr>
            <ns3:cad>81</ns3:cad>
          </ns3:TrackPointExtension>
        </extensions>
      </trkpt>
      <trkpt lat="23.04993507452309131622314453125" lon="113.3169487304985523223876953125">
        <ele>5.80000019073486328125</ele>
        <time>2026-09-14T22:45:33.000Z</time>
        <extensions>
          <ns3:TrackPointExtension>
            <ns3:hr>142</ns3:hr>
            <ns3:cad>81</ns3:cad>
          </ns3:TrackPointExtension>
        </extensions>
      </trkpt>
      <trkpt lat="23.04995435290038585662841796875" lon="113.31696205772459506988525390625">
        <ele>5.80000019073486328125</ele>
        <time>2026-09-14T22:45:34.000Z</time>
        <extensions>
          <ns3:TrackPointExtension>
            <ns3:hr>142</ns3:hr>
            <ns3:cad>81</ns3:cad>
          </ns3:TrackPointExtension>
        </extensions>
      </trkpt>
      <trkpt lat="23.04997413419187068939208984375" lon="113.3169782347977161407470703125">
        <ele>5.80000019073486328125</ele>
        <time>2026-09-14T22:45:35.000Z</time>
        <extensions>
          <ns3:TrackPointExtension>
            <ns3:hr>142</ns3:hr>
            <ns3:cad>81</ns3:cad>
          </ns3:TrackPointExtension>
        </extensions>
      </trkpt>
      <trkpt lat="23.04999408312141895294189453125" lon="113.3170084096491336822509765625">
        <ele>5.80000019073486328125</ele>
        <time>2026-09-14T22:45:36.000Z</time>
        <extensions>
          <ns3:TrackPointExtension>
            <ns3:hr>142</ns3:hr>
            <ns3:cad>81</ns3:cad>
          </ns3:TrackPointExtension>
        </extensions>
      </trkpt>
      <trkpt lat="23.0500079132616519927978515625" lon="113.31702928058803081512451171875">
        <ele>5.80000019073486328125</ele>
        <time>2026-09-14T22:45:37.000Z</time>
        <extensions>
          <ns3:TrackPointExtension>
            <ns3:hr>142</ns3:hr>
            <ns3:cad>82</ns3:cad>
          </ns3:TrackPointExtension>
        </extensions>
      </trkpt>
      <trkpt lat="23.05002341978251934051513671875" lon="113.31705107353627681732177734375">
        <ele>5.599999904632568359375</ele>
        <time>2026-09-14T22:45:38.000Z</time>
        <extensions>
          <ns3:TrackPointExtension>
            <ns3:hr>142</ns3:hr>
            <ns3:cad>82</ns3:cad>
          </ns3:TrackPointExtension>
        </extensions>
      </trkpt>
      <trkpt lat="23.05002694018185138702392578125" lon="113.31707789562642574310302734375">
        <ele>5.599999904632568359375</ele>
        <time>2026-09-14T22:45:39.000Z</time>
        <extensions>
          <ns3:TrackPointExtension>
            <ns3:hr>142</ns3:hr>
            <ns3:cad>82</ns3:cad>
          </ns3:TrackPointExtension>
        </extensions>
      </trkpt>
      <trkpt lat="23.0500360764563083648681640625" lon="113.3170928992331027984619140625">
        <ele>5.599999904632568359375</ele>
        <time>2026-09-14T22:45:40.000Z</time>
        <extensions>
          <ns3:TrackPointExtension>
            <ns3:hr>143</ns3:hr>
            <ns3:cad>82</ns3:cad>
          </ns3:TrackPointExtension>
        </extensions>
      </trkpt>
      <trkpt lat="23.05003733374178409576416015625" lon="113.3171203918755054473876953125">
        <ele>5.599999904632568359375</ele>
        <time>2026-09-14T22:45:41.000Z</time>
        <extensions>
          <ns3:TrackPointExtension>
            <ns3:hr>142</ns3:hr>
            <ns3:cad>82</ns3:cad>
          </ns3:TrackPointExtension>
        </extensions>
      </trkpt>
      <trkpt lat="23.0500394292175769805908203125" lon="113.317140005528926849365234375">
        <ele>5.599999904632568359375</ele>
        <time>2026-09-14T22:45:42.000Z</time>
        <extensions>
          <ns3:TrackPointExtension>
            <ns3:hr>142</ns3:hr>
            <ns3:cad>82</ns3:cad>
          </ns3:TrackPointExtension>
        </extensions>
      </trkpt>
      <trkpt lat="23.05004470981657505035400390625" lon="113.31716238521039485931396484375">
        <ele>5.599999904632568359375</ele>
        <time>2026-09-14T22:45:43.000Z</time>
        <extensions>
          <ns3:TrackPointExtension>
            <ns3:hr>142</ns3:hr>
            <ns3:cad>82</ns3:cad>
          </ns3:TrackPointExtension>
        </extensions>
      </trkpt>
      <trkpt lat="23.0500377528369426727294921875" lon="113.3171951584517955780029296875">
        <ele>5.80000019073486328125</ele>
        <time>2026-09-14T22:45:44.000Z</time>
        <extensions>
          <ns3:TrackPointExtension>
            <ns3:hr>142</ns3:hr>
            <ns3:cad>82</ns3:cad>
          </ns3:TrackPointExtension>
        </extensions>
      </trkpt>
      <trkpt lat="23.0500367470085620880126953125" lon="113.3172159455716609954833984375">
        <ele>5.80000019073486328125</ele>
        <time>2026-09-14T22:45:45.000Z</time>
        <extensions>
          <ns3:TrackPointExtension>
            <ns3:hr>143</ns3:hr>
            <ns3:cad>82</ns3:cad>
          </ns3:TrackPointExtension>
        </extensions>
      </trkpt>
      <trkpt lat="23.05004102177917957305908203125" lon="113.31723757088184356689453125">
        <ele>5.80000019073486328125</ele>
        <time>2026-09-14T22:45:46.000Z</time>
        <extensions>
          <ns3:TrackPointExtension>
            <ns3:hr>142</ns3:hr>
            <ns3:cad>82</ns3:cad>
          </ns3:TrackPointExtension>
        </extensions>
      </trkpt>
      <trkpt lat="23.0500394292175769805908203125" lon="113.3172662369906902313232421875">
        <ele>5.80000019073486328125</ele>
        <time>2026-09-14T22:45:47.000Z</time>
        <extensions>
          <ns3:TrackPointExtension>
            <ns3:hr>142</ns3:hr>
            <ns3:cad>81</ns3:cad>
          </ns3:TrackPointExtension>
        </extensions>
      </trkpt>
      <trkpt lat="23.05004185996949672698974609375" lon="113.31728375516831874847412109375">
        <ele>5.80000019073486328125</ele>
        <time>2026-09-14T22:45:48.000Z</time>
        <extensions>
          <ns3:TrackPointExtension>
            <ns3:hr>143</ns3:hr>
            <ns3:cad>81</ns3:cad>
          </ns3:TrackPointExtension>
        </extensions>
      </trkpt>
      <trkpt lat="23.05004387162625789642333984375" lon="113.3173084817826747894287109375">
        <ele>5.80000019073486328125</ele>
        <time>2026-09-14T22:45:49.000Z</time>
        <extensions>
          <ns3:TrackPointExtension>
            <ns3:hr>142</ns3:hr>
            <ns3:cad>81</ns3:cad>
          </ns3:TrackPointExtension>
        </extensions>
      </trkpt>
      <trkpt lat="23.0500419437885284423828125" lon="113.31733371131122112274169921875">
        <ele>5.80000019073486328125</ele>
        <time>2026-09-14T22:45:50.000Z</time>
        <extensions>
          <ns3:TrackPointExtension>
            <ns3:hr>142</ns3:hr>
            <ns3:cad>81</ns3:cad>
          </ns3:TrackPointExtension>
        </extensions>
      </trkpt>
      <trkpt lat="23.05004638619720935821533203125" lon="113.3173540793359279632568359375">
        <ele>5.80000019073486328125</ele>
        <time>2026-09-14T22:45:51.000Z</time>
        <extensions>
          <ns3:TrackPointExtension>
            <ns3:hr>143</ns3:hr>
            <ns3:cad>81</ns3:cad>
          </ns3:TrackPointExtension>
        </extensions>
      </trkpt>
      <trkpt lat="23.05004588328301906585693359375" lon="113.31738299690186977386474609375">
        <ele>5.80000019073486328125</ele>
        <time>2026-09-14T22:45:52.000Z</time>
        <extensions>
          <ns3:TrackPointExtension>
            <ns3:hr>142</ns3:hr>
            <ns3:cad>81</ns3:cad>
          </ns3:TrackPointExtension>
        </extensions>
      </trkpt>
      <trkpt lat="23.05004797875881195068359375" lon="113.317408226430416107177734375">
        <ele>5.80000019073486328125</ele>
        <time>2026-09-14T22:45:53.000Z</time>
        <extensions>
          <ns3:TrackPointExtension>
            <ns3:hr>142</ns3:hr>
            <ns3:cad>82</ns3:cad>
          </ns3:TrackPointExtension>
        </extensions>
      </trkpt>
      <trkpt lat="23.05005359463393688201904296875" lon="113.31742993555963039398193359375">
        <ele>5.80000019073486328125</ele>
        <time>2026-09-14T22:45:54.000Z</time>
        <extensions>
          <ns3:TrackPointExtension>
            <ns3:hr>143</ns3:hr>
            <ns3:cad>82</ns3:cad>
          </ns3:TrackPointExtension>
        </extensions>
      </trkpt>
      <trkpt lat="23.05004638619720935821533203125" lon="113.3174608647823333740234375">
        <ele>5.80000019073486328125</ele>
        <time>2026-09-14T22:45:55.000Z</time>
        <extensions>
          <ns3:TrackPointExtension>
            <ns3:hr>142</ns3:hr>
            <ns3:cad>82</ns3:cad>
          </ns3:TrackPointExtension>
        </extensions>
      </trkpt>
      <trkpt lat="23.05004722438752651214599609375" lon="113.317482657730579376220703125">
        <ele>5.80000019073486328125</ele>
        <time>2026-09-14T22:45:56.000Z</time>
        <extensions>
          <ns3:TrackPointExtension>
            <ns3:hr>142</ns3:hr>
            <ns3:cad>82</ns3:cad>
          </ns3:TrackPointExtension>
        </extensions>
      </trkpt>
      <trkpt lat="23.0500481463968753814697265625" lon="113.31751274876296520233154296875">
        <ele>5.80000019073486328125</ele>
        <time>2026-09-14T22:45:57.000Z</time>
        <extensions>
          <ns3:TrackPointExtension>
            <ns3:hr>143</ns3:hr>
            <ns3:cad>82</ns3:cad>
          </ns3:TrackPointExtension>
        </extensions>
      </trkpt>
      <trkpt lat="23.0500468052923679351806640625" lon="113.3175418339669704437255859375">
        <ele>5.80000019073486328125</ele>
        <time>2026-09-14T22:45:58.000Z</time>
        <extensions>
          <ns3:TrackPointExtension>
            <ns3:hr>142</ns3:hr>
            <ns3:cad>82</ns3:cad>
          </ns3:TrackPointExtension>
        </extensions>
      </trkpt>
      <trkpt lat="23.0500518344342708587646484375" lon="113.31756211817264556884765625">
        <ele>5.80000019073486328125</ele>
        <time>2026-09-14T22:45:59.000Z</time>
        <extensions>
          <ns3:TrackPointExtension>
            <ns3:hr>142</ns3:hr>
            <ns3:cad>82</ns3:cad>
          </ns3:TrackPointExtension>
        </extensions>
      </trkpt>
      <trkpt lat="23.05004990659654140472412109375" lon="113.31758986227214336395263671875">
        <ele>5.80000019073486328125</ele>
        <time>2026-09-14T22:46:00.000Z</time>
        <extensions>
          <ns3:TrackPointExtension>
            <ns3:hr>143</ns3:hr>
            <ns3:cad>82</ns3:cad>
          </ns3:TrackPointExtension>
        </extensions>
      </trkpt>
      <trkpt lat="23.050046302378177642822265625" lon="113.3176145888864994049072265625">
        <ele>5.80000019073486328125</ele>
        <time>2026-09-14T22:46:01.000Z</time>
        <extensions>
          <ns3:TrackPointExtension>
            <ns3:hr>142</ns3:hr>
            <ns3:cad>82</ns3:cad>
          </ns3:TrackPointExtension>
        </extensions>
      </trkpt>
      <trkpt lat="23.05004554800689220428466796875" lon="113.31763378344476222991943359375">
        <ele>5.80000019073486328125</ele>
        <time>2026-09-14T22:46:02.000Z</time>
        <extensions>
          <ns3:TrackPointExtension>
            <ns3:hr>142</ns3:hr>
            <ns3:cad>82</ns3:cad>
          </ns3:TrackPointExtension>
        </extensions>
      </trkpt>
      <trkpt lat="23.050041608512401580810546875" lon="113.31766513176262378692626953125">
        <ele>5.80000019073486328125</ele>
        <time>2026-09-14T22:46:03.000Z</time>
        <extensions>
          <ns3:TrackPointExtension>
            <ns3:hr>143</ns3:hr>
            <ns3:cad>82</ns3:cad>
          </ns3:TrackPointExtension>
        </extensions>
      </trkpt>
      <trkpt lat="23.0500441230833530426025390625" lon="113.31768776290118694305419921875">
        <ele>5.80000019073486328125</ele>
        <time>2026-09-14T22:46:04.000Z</time>
        <extensions>
          <ns3:TrackPointExtension>
            <ns3:hr>142</ns3:hr>
            <ns3:cad>82</ns3:cad>
          </ns3:TrackPointExtension>
        </extensions>
      </trkpt>
      <trkpt lat="23.0500474758446216583251953125" lon="113.31771240569651126861572265625">
        <ele>5.80000019073486328125</ele>
        <time>2026-09-14T22:46:05.000Z</time>
        <extensions>
          <ns3:TrackPointExtension>
            <ns3:hr>142</ns3:hr>
            <ns3:cad>81</ns3:cad>
          </ns3:TrackPointExtension>
        </extensions>
      </trkpt>
      <trkpt lat="23.05004529654979705810546875" lon="113.31774174235761165618896484375">
        <ele>5.80000019073486328125</ele>
        <time>2026-09-14T22:46:06.000Z</time>
        <extensions>
          <ns3:TrackPointExtension>
            <ns3:hr>143</ns3:hr>
            <ns3:cad>81</ns3:cad>
          </ns3:TrackPointExtension>
        </extensions>
      </trkpt>
      <trkpt lat="23.0500535108149051666259765625" lon="113.31775926053524017333984375">
        <ele>5.80000019073486328125</ele>
        <time>2026-09-14T22:46:07.000Z</time>
        <extensions>
          <ns3:TrackPointExtension>
            <ns3:hr>143</ns3:hr>
            <ns3:cad>82</ns3:cad>
          </ns3:TrackPointExtension>
        </extensions>
      </trkpt>
      <trkpt lat="23.0500551871955394744873046875" lon="113.31778532825410366058349609375">
        <ele>5.80000019073486328125</ele>
        <time>2026-09-14T22:46:08.000Z</time>
        <extensions>
          <ns3:TrackPointExtension>
            <ns3:hr>143</ns3:hr>
            <ns3:cad>82</ns3:cad>
          </ns3:TrackPointExtension>
        </extensions>
      </trkpt>
      <trkpt lat="23.05004890076816082000732421875" lon="113.3178122341632843017578125">
        <ele>5.80000019073486328125</ele>
        <time>2026-09-14T22:46:09.000Z</time>
        <extensions>
          <ns3:TrackPointExtension>
            <ns3:hr>143</ns3:hr>
            <ns3:cad>82</ns3:cad>
          </ns3:TrackPointExtension>
        </extensions>
      </trkpt>
      <trkpt lat="23.050048984587192535400390625" lon="113.317838050425052642822265625">
        <ele>5.80000019073486328125</ele>
        <time>2026-09-14T22:46:10.000Z</time>
        <extensions>
          <ns3:TrackPointExtension>
            <ns3:hr>142</ns3:hr>
            <ns3:cad>82</ns3:cad>
          </ns3:TrackPointExtension>
        </extensions>
      </trkpt>
      <trkpt lat="23.05004521273076534271240234375" lon="113.31787417642772197723388671875">
        <ele>5.80000019073486328125</ele>
        <time>2026-09-14T22:46:11.000Z</time>
        <extensions>
          <ns3:TrackPointExtension>
            <ns3:hr>143</ns3:hr>
            <ns3:cad>82</ns3:cad>
          </ns3:TrackPointExtension>
        </extensions>
      </trkpt>
      <trkpt lat="23.05004596710205078125" lon="113.317901082336902618408203125">
        <ele>5.80000019073486328125</ele>
        <time>2026-09-14T22:46:12.000Z</time>
        <extensions>
          <ns3:TrackPointExtension>
            <ns3:hr>142</ns3:hr>
            <ns3:cad>82</ns3:cad>
          </ns3:TrackPointExtension>
        </extensions>
      </trkpt>
      <trkpt lat="23.05005007423460483551025390625" lon="113.3179290778934955596923828125">
        <ele>5.80000019073486328125</ele>
        <time>2026-09-14T22:46:13.000Z</time>
        <extensions>
          <ns3:TrackPointExtension>
            <ns3:hr>142</ns3:hr>
            <ns3:cad>82</ns3:cad>
          </ns3:TrackPointExtension>
        </extensions>
      </trkpt>
      <trkpt lat="23.05004638619720935821533203125" lon="113.317960761487483978271484375">
        <ele>5.80000019073486328125</ele>
        <time>2026-09-14T22:46:14.000Z</time>
        <extensions>
          <ns3:TrackPointExtension>
            <ns3:hr>142</ns3:hr>
            <ns3:cad>82</ns3:cad>
          </ns3:TrackPointExtension>
        </extensions>
      </trkpt>
      <trkpt lat="23.0500499904155731201171875" lon="113.3179793693125247955322265625">
        <ele>5.599999904632568359375</ele>
        <time>2026-09-14T22:46:15.000Z</time>
        <extensions>
          <ns3:TrackPointExtension>
            <ns3:hr>143</ns3:hr>
            <ns3:cad>82</ns3:cad>
          </ns3:TrackPointExtension>
        </extensions>
      </trkpt>
      <trkpt lat="23.05005141533911228179931640625" lon="113.31801013089716434478759765625">
        <ele>5.599999904632568359375</ele>
        <time>2026-09-14T22:46:16.000Z</time>
        <extensions>
          <ns3:TrackPointExtension>
            <ns3:hr>142</ns3:hr>
            <ns3:cad>82</ns3:cad>
          </ns3:TrackPointExtension>
        </extensions>
      </trkpt>
      <trkpt lat="23.050048649311065673828125" lon="113.31803284585475921630859375">
        <ele>5.599999904632568359375</ele>
        <time>2026-09-14T22:46:17.000Z</time>
        <extensions>
          <ns3:TrackPointExtension>
            <ns3:hr>142</ns3:hr>
            <ns3:cad>82</ns3:cad>
          </ns3:TrackPointExtension>
        </extensions>
      </trkpt>
      <trkpt lat="23.0500504933297634124755859375" lon="113.3180514536798000335693359375">
        <ele>5.80000019073486328125</ele>
        <time>2026-09-14T22:46:18.000Z</time>
        <extensions>
          <ns3:TrackPointExtension>
            <ns3:hr>143</ns3:hr>
            <ns3:cad>82</ns3:cad>
          </ns3:TrackPointExtension>
        </extensions>
      </trkpt>
      <trkpt lat="23.05004353635013103485107421875" lon="113.3180856518447399139404296875">
        <ele>5.80000019073486328125</ele>
        <time>2026-09-14T22:46:19.000Z</time>
        <extensions>
          <ns3:TrackPointExtension>
            <ns3:hr>142</ns3:hr>
            <ns3:cad>83</ns3:cad>
          </ns3:TrackPointExtension>
        </extensions>
      </trkpt>
      <trkpt lat="23.0500411055982112884521484375" lon="113.31810903735458850860595703125">
        <ele>5.80000019073486328125</ele>
        <time>2026-09-14T22:46:20.000Z</time>
        <extensions>
          <ns3:TrackPointExtension>
            <ns3:hr>142</ns3:hr>
            <ns3:cad>82</ns3:cad>
          </ns3:TrackPointExtension>
        </extensions>
      </trkpt>
      <trkpt lat="23.050043284893035888671875" lon="113.3181342668831348419189453125">
        <ele>5.80000019073486328125</ele>
        <time>2026-09-14T22:46:21.000Z</time>
        <extensions>
          <ns3:TrackPointExtension>
            <ns3:hr>143</ns3:hr>
            <ns3:cad>82</ns3:cad>
          </ns3:TrackPointExtension>
        </extensions>
      </trkpt>
      <trkpt lat="23.05003481917083263397216796875" lon="113.31816419027745723724365234375">
        <ele>5.80000019073486328125</ele>
        <time>2026-09-14T22:46:22.000Z</time>
        <extensions>
          <ns3:TrackPointExtension>
            <ns3:hr>142</ns3:hr>
            <ns3:cad>82</ns3:cad>
          </ns3:TrackPointExtension>
        </extensions>
      </trkpt>
      <trkpt lat="23.050032556056976318359375" lon="113.3181845583021640777587890625">
        <ele>5.80000019073486328125</ele>
        <time>2026-09-14T22:46:23.000Z</time>
        <extensions>
          <ns3:TrackPointExtension>
            <ns3:hr>142</ns3:hr>
            <ns3:cad>82</ns3:cad>
          </ns3:TrackPointExtension>
        </extensions>
      </trkpt>
      <trkpt lat="23.0500300414860248565673828125" lon="113.318214900791645050048828125">
        <ele>5.80000019073486328125</ele>
        <time>2026-09-14T22:46:24.000Z</time>
        <extensions>
          <ns3:TrackPointExtension>
            <ns3:hr>142</ns3:hr>
            <ns3:cad>82</ns3:cad>
          </ns3:TrackPointExtension>
        </extensions>
      </trkpt>
      <trkpt lat="23.050022833049297332763671875" lon="113.31824046559631824493408203125">
        <ele>5.80000019073486328125</ele>
        <time>2026-09-14T22:46:25.000Z</time>
        <extensions>
          <ns3:TrackPointExtension>
            <ns3:hr>143</ns3:hr>
            <ns3:cad>82</ns3:cad>
          </ns3:TrackPointExtension>
        </extensions>
      </trkpt>
      <trkpt lat="23.05001872591674327850341796875" lon="113.3182616718113422393798828125">
        <ele>5.80000019073486328125</ele>
        <time>2026-09-14T22:46:26.000Z</time>
        <extensions>
          <ns3:TrackPointExtension>
            <ns3:hr>142</ns3:hr>
            <ns3:cad>82</ns3:cad>
          </ns3:TrackPointExtension>
        </extensions>
      </trkpt>
      <trkpt lat="23.05001319386065006256103515625" lon="113.31829142756760120391845703125">
        <ele>5.80000019073486328125</ele>
        <time>2026-09-14T22:46:27.000Z</time>
        <extensions>
          <ns3:TrackPointExtension>
            <ns3:hr>143</ns3:hr>
            <ns3:cad>82</ns3:cad>
          </ns3:TrackPointExtension>
        </extensions>
      </trkpt>
      <trkpt lat="23.0500030517578125" lon="113.31830852665007114410400390625">
        <ele>5.80000019073486328125</ele>
        <time>2026-09-14T22:46:28.000Z</time>
        <extensions>
          <ns3:TrackPointExtension>
            <ns3:hr>143</ns3:hr>
            <ns3:cad>82</ns3:cad>
          </ns3:TrackPointExtension>
        </extensions>
      </trkpt>
      <trkpt lat="23.05000095628201961517333984375" lon="113.31832948140799999237060546875">
        <ele>5.80000019073486328125</ele>
        <time>2026-09-14T22:46:29.000Z</time>
        <extensions>
          <ns3:TrackPointExtension>
            <ns3:hr>143</ns3:hr>
            <ns3:cad>82</ns3:cad>
          </ns3:TrackPointExtension>
        </extensions>
      </trkpt>
      <trkpt lat="23.04999106563627719879150390625" lon="113.31835831515491008758544921875">
        <ele>5.80000019073486328125</ele>
        <time>2026-09-14T22:46:30.000Z</time>
        <extensions>
          <ns3:TrackPointExtension>
            <ns3:hr>142</ns3:hr>
            <ns3:cad>82</ns3:cad>
          </ns3:TrackPointExtension>
        </extensions>
      </trkpt>
      <trkpt lat="23.049993328750133514404296875" lon="113.31837843172252178192138671875">
        <ele>5.80000019073486328125</ele>
        <time>2026-09-14T22:46:31.000Z</time>
        <extensions>
          <ns3:TrackPointExtension>
            <ns3:hr>143</ns3:hr>
            <ns3:cad>82</ns3:cad>
          </ns3:TrackPointExtension>
        </extensions>
      </trkpt>
      <trkpt lat="23.0499904789030551910400390625" lon="113.31840760074555873870849609375">
        <ele>5.80000019073486328125</ele>
        <time>2026-09-14T22:46:32.000Z</time>
        <extensions>
          <ns3:TrackPointExtension>
            <ns3:hr>143</ns3:hr>
            <ns3:cad>81</ns3:cad>
          </ns3:TrackPointExtension>
        </extensions>
      </trkpt>
      <trkpt lat="23.04998360574245452880859375" lon="113.31843115389347076416015625">
        <ele>5.80000019073486328125</ele>
        <time>2026-09-14T22:46:33.000Z</time>
        <extensions>
          <ns3:TrackPointExtension>
            <ns3:hr>142</ns3:hr>
            <ns3:cad>81</ns3:cad>
          </ns3:TrackPointExtension>
        </extensions>
      </trkpt>
      <trkpt lat="23.04998201318085193634033203125" lon="113.3184507675468921661376953125">
        <ele>5.80000019073486328125</ele>
        <time>2026-09-14T22:46:34.000Z</time>
        <extensions>
          <ns3:TrackPointExtension>
            <ns3:hr>142</ns3:hr>
            <ns3:cad>82</ns3:cad>
          </ns3:TrackPointExtension>
        </extensions>
      </trkpt>
      <trkpt lat="23.04997413419187068939208984375" lon="113.3184806071221828460693359375">
        <ele>5.599999904632568359375</ele>
        <time>2026-09-14T22:46:35.000Z</time>
        <extensions>
          <ns3:TrackPointExtension>
            <ns3:hr>142</ns3:hr>
            <ns3:cad>82</ns3:cad>
          </ns3:TrackPointExtension>
        </extensions>
      </trkpt>
      <trkpt lat="23.04997363127768039703369140625" lon="113.31850533373653888702392578125">
        <ele>5.599999904632568359375</ele>
        <time>2026-09-14T22:46:36.000Z</time>
        <extensions>
          <ns3:TrackPointExtension>
            <ns3:hr>143</ns3:hr>
            <ns3:cad>82</ns3:cad>
          </ns3:TrackPointExtension>
        </extensions>
      </trkpt>
      <trkpt lat="23.049975894391536712646484375" lon="113.31852369010448455810546875">
        <ele>5.599999904632568359375</ele>
        <time>2026-09-14T22:46:37.000Z</time>
        <extensions>
          <ns3:TrackPointExtension>
            <ns3:hr>143</ns3:hr>
            <ns3:cad>82</ns3:cad>
          </ns3:TrackPointExtension>
        </extensions>
      </trkpt>
      <trkpt lat="23.0499686859548091888427734375" lon="113.3185503445565700531005859375">
        <ele>5.80000019073486328125</ele>
        <time>2026-09-14T22:46:38.000Z</time>
        <extensions>
          <ns3:TrackPointExtension>
            <ns3:hr>143</ns3:hr>
            <ns3:cad>82</ns3:cad>
          </ns3:TrackPointExtension>
        </extensions>
      </trkpt>
      <trkpt lat="23.0499700270593166351318359375" lon="113.31857222132384777069091796875">
        <ele>5.80000019073486328125</ele>
        <time>2026-09-14T22:46:39.000Z</time>
        <extensions>
          <ns3:TrackPointExtension>
            <ns3:hr>143</ns3:hr>
            <ns3:cad>82</ns3:cad>
          </ns3:TrackPointExtension>
        </extensions>
      </trkpt>
      <trkpt lat="23.04996591992676258087158203125" lon="113.31860055215656757354736328125">
        <ele>5.80000019073486328125</ele>
        <time>2026-09-14T22:46:40.000Z</time>
        <extensions>
          <ns3:TrackPointExtension>
            <ns3:hr>143</ns3:hr>
            <ns3:cad>82</ns3:cad>
          </ns3:TrackPointExtension>
        </extensions>
      </trkpt>
      <trkpt lat="23.0499562807381153106689453125" lon="113.3186210878193378448486328125">
        <ele>5.599999904632568359375</ele>
        <time>2026-09-14T22:46:41.000Z</time>
        <extensions>
          <ns3:TrackPointExtension>
            <ns3:hr>143</ns3:hr>
            <ns3:cad>82</ns3:cad>
          </ns3:TrackPointExtension>
        </extensions>
      </trkpt>
      <trkpt lat="23.04995116777718067169189453125" lon="113.31864262931048870086669921875">
        <ele>5.599999904632568359375</ele>
        <time>2026-09-14T22:46:42.000Z</time>
        <extensions>
          <ns3:TrackPointExtension>
            <ns3:hr>142</ns3:hr>
            <ns3:cad>82</ns3:cad>
          </ns3:TrackPointExtension>
        </extensions>
      </trkpt>
      <trkpt lat="23.04994605481624603271484375" lon="113.3186757378280162811279296875">
        <ele>5.599999904632568359375</ele>
        <time>2026-09-14T22:46:43.000Z</time>
        <extensions>
          <ns3:TrackPointExtension>
            <ns3:hr>143</ns3:hr>
            <ns3:cad>82</ns3:cad>
          </ns3:TrackPointExtension>
        </extensions>
      </trkpt>
      <trkpt lat="23.049941696226596832275390625" lon="113.31870147027075290679931640625">
        <ele>5.599999904632568359375</ele>
        <time>2026-09-14T22:46:44.000Z</time>
        <extensions>
          <ns3:TrackPointExtension>
            <ns3:hr>143</ns3:hr>
            <ns3:cad>82</ns3:cad>
          </ns3:TrackPointExtension>
        </extensions>
      </trkpt>
      <trkpt lat="23.0499432049691677093505859375" lon="113.3187230117619037628173828125">
        <ele>5.599999904632568359375</ele>
        <time>2026-09-14T22:46:45.000Z</time>
        <extensions>
          <ns3:TrackPointExtension>
            <ns3:hr>143</ns3:hr>
            <ns3:cad>82</ns3:cad>
          </ns3:TrackPointExtension>
        </extensions>
      </trkpt>
      <trkpt lat="23.04993222467601299285888671875" lon="113.318752013146877288818359375">
        <ele>5.80000019073486328125</ele>
        <time>2026-09-14T22:46:46.000Z</time>
        <extensions>
          <ns3:TrackPointExtension>
            <ns3:hr>142</ns3:hr>
            <ns3:cad>82</ns3:cad>
          </ns3:TrackPointExtension>
        </extensions>
      </trkpt>
      <trkpt lat="23.04992803372442722320556640625" lon="113.31876835785806179046630859375">
        <ele>5.80000019073486328125</ele>
        <time>2026-09-14T22:46:47.000Z</time>
        <extensions>
          <ns3:TrackPointExtension>
            <ns3:hr>142</ns3:hr>
            <ns3:cad>82</ns3:cad>
          </ns3:TrackPointExtension>
        </extensions>
      </trkpt>
      <trkpt lat="23.049927614629268646240234375" lon="113.31879048608243465423583984375">
        <ele>5.80000019073486328125</ele>
        <time>2026-09-14T22:46:48.000Z</time>
        <extensions>
          <ns3:TrackPointExtension>
            <ns3:hr>142</ns3:hr>
            <ns3:cad>82</ns3:cad>
          </ns3:TrackPointExtension>
        </extensions>
      </trkpt>
      <trkpt lat="23.0499224178493022918701171875" lon="113.31881613470613956451416015625">
        <ele>5.80000019073486328125</ele>
        <time>2026-09-14T22:46:49.000Z</time>
        <extensions>
          <ns3:TrackPointExtension>
            <ns3:hr>142</ns3:hr>
            <ns3:cad>82</ns3:cad>
          </ns3:TrackPointExtension>
        </extensions>
      </trkpt>
      <trkpt lat="23.04991981945931911468505859375" lon="113.31883541308343410491943359375">
        <ele>5.80000019073486328125</ele>
        <time>2026-09-14T22:46:50.000Z</time>
        <extensions>
          <ns3:TrackPointExtension>
            <ns3:hr>142</ns3:hr>
            <ns3:cad>82</ns3:cad>
          </ns3:TrackPointExtension>
        </extensions>
      </trkpt>
      <trkpt lat="23.0499153770506381988525390625" lon="113.31886357627809047698974609375">
        <ele>5.599999904632568359375</ele>
        <time>2026-09-14T22:46:51.000Z</time>
        <extensions>
          <ns3:TrackPointExtension>
            <ns3:hr>141</ns3:hr>
            <ns3:cad>82</ns3:cad>
          </ns3:TrackPointExtension>
        </extensions>
      </trkpt>
      <trkpt lat="23.04991118609905242919921875" lon="113.31888939253985881805419921875">
        <ele>5.599999904632568359375</ele>
        <time>2026-09-14T22:46:52.000Z</time>
        <extensions>
          <ns3:TrackPointExtension>
            <ns3:hr>141</ns3:hr>
            <ns3:cad>82</ns3:cad>
          </ns3:TrackPointExtension>
        </extensions>
      </trkpt>
      <trkpt lat="23.04990808479487895965576171875" lon="113.318913616240024566650390625">
        <ele>5.599999904632568359375</ele>
        <time>2026-09-14T22:46:53.000Z</time>
        <extensions>
          <ns3:TrackPointExtension>
            <ns3:hr>141</ns3:hr>
            <ns3:cad>82</ns3:cad>
          </ns3:TrackPointExtension>
        </extensions>
      </trkpt>
      <trkpt lat="23.04989970289170742034912109375" lon="113.31894052214920520782470703125">
        <ele>5.599999904632568359375</ele>
        <time>2026-09-14T22:46:54.000Z</time>
        <extensions>
          <ns3:TrackPointExtension>
            <ns3:hr>140</ns3:hr>
            <ns3:cad>81</ns3:cad>
          </ns3:TrackPointExtension>
        </extensions>
      </trkpt>
      <trkpt lat="23.049894087016582489013671875" lon="113.3189603872597217559814453125">
        <ele>5.599999904632568359375</ele>
        <time>2026-09-14T22:46:55.000Z</time>
        <extensions>
          <ns3:TrackPointExtension>
            <ns3:hr>140</ns3:hr>
            <ns3:cad>81</ns3:cad>
          </ns3:TrackPointExtension>
        </extensions>
      </trkpt>
      <trkpt lat="23.0498966015875339508056640625" lon="113.3189841918647289276123046875">
        <ele>5.599999904632568359375</ele>
        <time>2026-09-14T22:46:56.000Z</time>
        <extensions>
          <ns3:TrackPointExtension>
            <ns3:hr>140</ns3:hr>
            <ns3:cad>81</ns3:cad>
          </ns3:TrackPointExtension>
        </extensions>
      </trkpt>
      <trkpt lat="23.0498878844082355499267578125" lon="113.31901059485971927642822265625">
        <ele>5.80000019073486328125</ele>
        <time>2026-09-14T22:46:57.000Z</time>
        <extensions>
          <ns3:TrackPointExtension>
            <ns3:hr>140</ns3:hr>
            <ns3:cad>82</ns3:cad>
          </ns3:TrackPointExtension>
        </extensions>
      </trkpt>
      <trkpt lat="23.04988025687634944915771484375" lon="113.319032974541187286376953125">
        <ele>5.80000019073486328125</ele>
        <time>2026-09-14T22:46:58.000Z</time>
        <extensions>
          <ns3:TrackPointExtension>
            <ns3:hr>140</ns3:hr>
            <ns3:cad>82</ns3:cad>
          </ns3:TrackPointExtension>
        </extensions>
      </trkpt>
      <trkpt lat="23.04987992160022258758544921875" lon="113.31905384548008441925048828125">
        <ele>5.80000019073486328125</ele>
        <time>2026-09-14T22:46:59.000Z</time>
        <extensions>
          <ns3:TrackPointExtension>
            <ns3:hr>140</ns3:hr>
            <ns3:cad>82</ns3:cad>
          </ns3:TrackPointExtension>
        </extensions>
      </trkpt>
      <trkpt lat="23.04987338371574878692626953125" lon="113.31907932646572589874267578125">
        <ele>5.599999904632568359375</ele>
        <time>2026-09-14T22:47:00.000Z</time>
        <extensions>
          <ns3:TrackPointExtension>
            <ns3:hr>140</ns3:hr>
            <ns3:cad>82</ns3:cad>
          </ns3:TrackPointExtension>
        </extensions>
      </trkpt>
      <trkpt lat="23.049870617687702178955078125" lon="113.31909357570111751556396484375">
        <ele>5.599999904632568359375</ele>
        <time>2026-09-14T22:47:01.000Z</time>
        <extensions>
          <ns3:TrackPointExtension>
            <ns3:hr>140</ns3:hr>
            <ns3:cad>82</ns3:cad>
          </ns3:TrackPointExtension>
        </extensions>
      </trkpt>
      <trkpt lat="23.04986785165965557098388671875" lon="113.3191209845244884490966796875">
        <ele>5.599999904632568359375</ele>
        <time>2026-09-14T22:47:02.000Z</time>
        <extensions>
          <ns3:TrackPointExtension>
            <ns3:hr>140</ns3:hr>
            <ns3:cad>82</ns3:cad>
          </ns3:TrackPointExtension>
        </extensions>
      </trkpt>
      <trkpt lat="23.04986466653645038604736328125" lon="113.31914319656789302825927734375">
        <ele>5.599999904632568359375</ele>
        <time>2026-09-14T22:47:03.000Z</time>
        <extensions>
          <ns3:TrackPointExtension>
            <ns3:hr>140</ns3:hr>
            <ns3:cad>82</ns3:cad>
          </ns3:TrackPointExtension>
        </extensions>
      </trkpt>
      <trkpt lat="23.04986558854579925537109375" lon="113.3191618882119655609130859375">
        <ele>5.599999904632568359375</ele>
        <time>2026-09-14T22:47:04.000Z</time>
        <extensions>
          <ns3:TrackPointExtension>
            <ns3:hr>140</ns3:hr>
            <ns3:cad>81</ns3:cad>
          </ns3:TrackPointExtension>
        </extensions>
      </trkpt>
      <trkpt lat="23.04985896684229373931884765625" lon="113.319196589291095733642578125">
        <ele>5.599999904632568359375</ele>
        <time>2026-09-14T22:47:05.000Z</time>
        <extensions>
          <ns3:TrackPointExtension>
            <ns3:hr>141</ns3:hr>
            <ns3:cad>82</ns3:cad>
          </ns3:TrackPointExtension>
        </extensions>
      </trkpt>
      <trkpt lat="23.04985427297651767730712890625" lon="113.3192208968102931976318359375">
        <ele>5.599999904632568359375</ele>
        <time>2026-09-14T22:47:06.000Z</time>
        <extensions>
          <ns3:TrackPointExtension>
            <ns3:hr>140</ns3:hr>
            <ns3:cad>81</ns3:cad>
          </ns3:TrackPointExtension>
        </extensions>
      </trkpt>
      <trkpt lat="23.04985544644296169281005859375" lon="113.31924143247306346893310546875">
        <ele>5.80000019073486328125</ele>
        <time>2026-09-14T22:47:07.000Z</time>
        <extensions>
          <ns3:TrackPointExtension>
            <ns3:hr>141</ns3:hr>
            <ns3:cad>81</ns3:cad>
          </ns3:TrackPointExtension>
        </extensions>
      </trkpt>
      <trkpt lat="23.0498453043401241302490234375" lon="113.3192713558673858642578125">
        <ele>5.599999904632568359375</ele>
        <time>2026-09-14T22:47:08.000Z</time>
        <extensions>
          <ns3:TrackPointExtension>
            <ns3:hr>141</ns3:hr>
            <ns3:cad>81</ns3:cad>
          </ns3:TrackPointExtension>
        </extensions>
      </trkpt>
      <trkpt lat="23.04984589107334613800048828125" lon="113.31929004751145839691162109375">
        <ele>5.599999904632568359375</ele>
        <time>2026-09-14T22:47:09.000Z</time>
        <extensions>
          <ns3:TrackPointExtension>
            <ns3:hr>141</ns3:hr>
            <ns3:cad>82</ns3:cad>
          </ns3:TrackPointExtension>
        </extensions>
      </trkpt>
      <trkpt lat="23.04984547197818756103515625" lon="113.31931502558290958404541015625">
        <ele>5.599999904632568359375</ele>
        <time>2026-09-14T22:47:10.000Z</time>
        <extensions>
          <ns3:TrackPointExtension>
            <ns3:hr>141</ns3:hr>
            <ns3:cad>82</ns3:cad>
          </ns3:TrackPointExtension>
        </extensions>
      </trkpt>
      <trkpt lat="23.04984136484563350677490234375" lon="113.3193415962159633636474609375">
        <ele>5.599999904632568359375</ele>
        <time>2026-09-14T22:47:11.000Z</time>
        <extensions>
          <ns3:TrackPointExtension>
            <ns3:hr>141</ns3:hr>
            <ns3:cad>82</ns3:cad>
          </ns3:TrackPointExtension>
        </extensions>
      </trkpt>
      <trkpt lat="23.049841783940792083740234375" lon="113.3193598687648773193359375">
        <ele>5.599999904632568359375</ele>
        <time>2026-09-14T22:47:12.000Z</time>
        <extensions>
          <ns3:TrackPointExtension>
            <ns3:hr>141</ns3:hr>
            <ns3:cad>82</ns3:cad>
          </ns3:TrackPointExtension>
        </extensions>
      </trkpt>
      <trkpt lat="23.04983717389404773712158203125" lon="113.31938803195953369140625">
        <ele>5.599999904632568359375</ele>
        <time>2026-09-14T22:47:13.000Z</time>
        <extensions>
          <ns3:TrackPointExtension>
            <ns3:hr>141</ns3:hr>
            <ns3:cad>82</ns3:cad>
          </ns3:TrackPointExtension>
        </extensions>
      </trkpt>
      <trkpt lat="23.04983650334179401397705078125" lon="113.3194136805832386016845703125">
        <ele>5.599999904632568359375</ele>
        <time>2026-09-14T22:47:14.000Z</time>
        <extensions>
          <ns3:TrackPointExtension>
            <ns3:hr>142</ns3:hr>
            <ns3:cad>82</ns3:cad>
          </ns3:TrackPointExtension>
        </extensions>
      </trkpt>
      <trkpt lat="23.04983499459922313690185546875" lon="113.31943606026470661163330078125">
        <ele>5.599999904632568359375</ele>
        <time>2026-09-14T22:47:15.000Z</time>
        <extensions>
          <ns3:TrackPointExtension>
            <ns3:hr>142</ns3:hr>
            <ns3:cad>81</ns3:cad>
          </ns3:TrackPointExtension>
        </extensions>
      </trkpt>
      <trkpt lat="23.04982602596282958984375" lon="113.31947227008640766143798828125">
        <ele>5.80000019073486328125</ele>
        <time>2026-09-14T22:47:16.000Z</time>
        <extensions>
          <ns3:TrackPointExtension>
            <ns3:hr>142</ns3:hr>
            <ns3:cad>81</ns3:cad>
          </ns3:TrackPointExtension>
        </extensions>
      </trkpt>
      <trkpt lat="23.04982074536383152008056640625" lon="113.31949464976787567138671875">
        <ele>5.80000019073486328125</ele>
        <time>2026-09-14T22:47:17.000Z</time>
        <extensions>
          <ns3:TrackPointExtension>
            <ns3:hr>142</ns3:hr>
            <ns3:cad>81</ns3:cad>
          </ns3:TrackPointExtension>
        </extensions>
      </trkpt>
      <trkpt lat="23.0498188175261020660400390625" lon="113.3195239864289760589599609375">
        <ele>5.80000019073486328125</ele>
        <time>2026-09-14T22:47:18.000Z</time>
        <extensions>
          <ns3:TrackPointExtension>
            <ns3:hr>143</ns3:hr>
            <ns3:cad>81</ns3:cad>
          </ns3:TrackPointExtension>
        </extensions>
      </trkpt>
      <trkpt lat="23.049812950193881988525390625" lon="113.3195521496236324310302734375">
        <ele>5.599999904632568359375</ele>
        <time>2026-09-14T22:47:19.000Z</time>
        <extensions>
          <ns3:TrackPointExtension>
            <ns3:hr>143</ns3:hr>
            <ns3:cad>81</ns3:cad>
          </ns3:TrackPointExtension>
        </extensions>
      </trkpt>
      <trkpt lat="23.0498114414513111114501953125" lon="113.31957536749541759490966796875">
        <ele>5.599999904632568359375</ele>
        <time>2026-09-14T22:47:20.000Z</time>
        <extensions>
          <ns3:TrackPointExtension>
            <ns3:hr>143</ns3:hr>
            <ns3:cad>81</ns3:cad>
          </ns3:TrackPointExtension>
        </extensions>
      </trkpt>
      <trkpt lat="23.0498054064810276031494140625" lon="113.31960688345134258270263671875">
        <ele>5.599999904632568359375</ele>
        <time>2026-09-14T22:47:21.000Z</time>
        <extensions>
          <ns3:TrackPointExtension>
            <ns3:hr>142</ns3:hr>
            <ns3:cad>81</ns3:cad>
          </ns3:TrackPointExtension>
        </extensions>
      </trkpt>
      <trkpt lat="23.04980364628136157989501953125" lon="113.31963521428406238555908203125">
        <ele>5.599999904632568359375</ele>
        <time>2026-09-14T22:47:22.000Z</time>
        <extensions>
          <ns3:TrackPointExtension>
            <ns3:hr>142</ns3:hr>
            <ns3:cad>82</ns3:cad>
          </ns3:TrackPointExtension>
        </extensions>
      </trkpt>
      <trkpt lat="23.0498054064810276031494140625" lon="113.3196611143648624420166015625">
        <ele>5.599999904632568359375</ele>
        <time>2026-09-14T22:47:23.000Z</time>
        <extensions>
          <ns3:TrackPointExtension>
            <ns3:hr>143</ns3:hr>
            <ns3:cad>82</ns3:cad>
          </ns3:TrackPointExtension>
        </extensions>
      </trkpt>
      <trkpt lat="23.0498003773391246795654296875" lon="113.31969321705400943756103515625">
        <ele>5.599999904632568359375</ele>
        <time>2026-09-14T22:47:24.000Z</time>
        <extensions>
          <ns3:TrackPointExtension>
            <ns3:hr>143</ns3:hr>
            <ns3:cad>82</ns3:cad>
          </ns3:TrackPointExtension>
        </extensions>
      </trkpt>
      <trkpt lat="23.049797527492046356201171875" lon="113.31971199251711368560791015625">
        <ele>5.599999904632568359375</ele>
        <time>2026-09-14T22:47:25.000Z</time>
        <extensions>
          <ns3:TrackPointExtension>
            <ns3:hr>143</ns3:hr>
            <ns3:cad>82</ns3:cad>
          </ns3:TrackPointExtension>
        </extensions>
      </trkpt>
      <trkpt lat="23.04979694075882434844970703125" lon="113.31974568776786327362060546875">
        <ele>5.599999904632568359375</ele>
        <time>2026-09-14T22:47:26.000Z</time>
        <extensions>
          <ns3:TrackPointExtension>
            <ns3:hr>143</ns3:hr>
            <ns3:cad>82</ns3:cad>
          </ns3:TrackPointExtension>
        </extensions>
      </trkpt>
      <trkpt lat="23.0497926659882068634033203125" lon="113.31977418623864650726318359375">
        <ele>5.599999904632568359375</ele>
        <time>2026-09-14T22:47:27.000Z</time>
        <extensions>
          <ns3:TrackPointExtension>
            <ns3:hr>143</ns3:hr>
            <ns3:cad>82</ns3:cad>
          </ns3:TrackPointExtension>
        </extensions>
      </trkpt>
      <trkpt lat="23.04979509674012660980224609375" lon="113.31979463808238506317138671875">
        <ele>5.599999904632568359375</ele>
        <time>2026-09-14T22:47:28.000Z</time>
        <extensions>
          <ns3:TrackPointExtension>
            <ns3:hr>143</ns3:hr>
            <ns3:cad>82</ns3:cad>
          </ns3:TrackPointExtension>
        </extensions>
      </trkpt>
      <trkpt lat="23.04979308508336544036865234375" lon="113.31983017735183238983154296875">
        <ele>5.599999904632568359375</ele>
        <time>2026-09-14T22:47:29.000Z</time>
        <extensions>
          <ns3:TrackPointExtension>
            <ns3:hr>143</ns3:hr>
            <ns3:cad>82</ns3:cad>
          </ns3:TrackPointExtension>
        </extensions>
      </trkpt>
      <trkpt lat="23.0497923307120800018310546875" lon="113.31985800527036190032958984375">
        <ele>5.599999904632568359375</ele>
        <time>2026-09-14T22:47:30.000Z</time>
        <extensions>
          <ns3:TrackPointExtension>
            <ns3:hr>144</ns3:hr>
            <ns3:cad>82</ns3:cad>
          </ns3:TrackPointExtension>
        </extensions>
      </trkpt>
      <trkpt lat="23.04979526437819004058837890625" lon="113.3198803849518299102783203125">
        <ele>5.599999904632568359375</ele>
        <time>2026-09-14T22:47:31.000Z</time>
        <extensions>
          <ns3:TrackPointExtension>
            <ns3:hr>144</ns3:hr>
            <ns3:cad>82</ns3:cad>
          </ns3:TrackPointExtension>
        </extensions>
      </trkpt>
      <trkpt lat="23.04978721775114536285400390625" lon="113.31991181708872318267822265625">
        <ele>5.599999904632568359375</ele>
        <time>2026-09-14T22:47:32.000Z</time>
        <extensions>
          <ns3:TrackPointExtension>
            <ns3:hr>144</ns3:hr>
            <ns3:cad>82</ns3:cad>
          </ns3:TrackPointExtension>
        </extensions>
      </trkpt>
      <trkpt lat="23.04978671483695507049560546875" lon="113.31992891617119312286376953125">
        <ele>5.599999904632568359375</ele>
        <time>2026-09-14T22:47:33.000Z</time>
        <extensions>
          <ns3:TrackPointExtension>
            <ns3:hr>143</ns3:hr>
            <ns3:cad>82</ns3:cad>
          </ns3:TrackPointExtension>
        </extensions>
      </trkpt>
      <trkpt lat="23.049786798655986785888671875" lon="113.3199548162519931793212890625">
        <ele>5.599999904632568359375</ele>
        <time>2026-09-14T22:47:34.000Z</time>
        <extensions>
          <ns3:TrackPointExtension>
            <ns3:hr>143</ns3:hr>
            <ns3:cad>82</ns3:cad>
          </ns3:TrackPointExtension>
        </extensions>
      </trkpt>
      <trkpt lat="23.04977900348603725433349609375" lon="113.31998088397085666656494140625">
        <ele>5.599999904632568359375</ele>
        <time>2026-09-14T22:47:35.000Z</time>
        <extensions>
          <ns3:TrackPointExtension>
            <ns3:hr>143</ns3:hr>
            <ns3:cad>82</ns3:cad>
          </ns3:TrackPointExtension>
        </extensions>
      </trkpt>
      <trkpt lat="23.049781434237957000732421875" lon="113.3199973963201045989990234375">
        <ele>5.599999904632568359375</ele>
        <time>2026-09-14T22:47:36.000Z</time>
        <extensions>
          <ns3:TrackPointExtension>
            <ns3:hr>143</ns3:hr>
            <ns3:cad>82</ns3:cad>
          </ns3:TrackPointExtension>
        </extensions>
      </trkpt>
      <trkpt lat="23.049779422581195831298828125" lon="113.320028744637966156005859375">
        <ele>5.599999904632568359375</ele>
        <time>2026-09-14T22:47:37.000Z</time>
        <extensions>
          <ns3:TrackPointExtension>
            <ns3:hr>143</ns3:hr>
            <ns3:cad>82</ns3:cad>
          </ns3:TrackPointExtension>
        </extensions>
      </trkpt>
      <trkpt lat="23.04977414198219776153564453125" lon="113.320054225623607635498046875">
        <ele>5.599999904632568359375</ele>
        <time>2026-09-14T22:47:38.000Z</time>
        <extensions>
          <ns3:TrackPointExtension>
            <ns3:hr>144</ns3:hr>
            <ns3:cad>82</ns3:cad>
          </ns3:TrackPointExtension>
        </extensions>
      </trkpt>
      <trkpt lat="23.04977246560156345367431640625" lon="113.32007962279021739959716796875">
        <ele>5.599999904632568359375</ele>
        <time>2026-09-14T22:47:39.000Z</time>
        <extensions>
          <ns3:TrackPointExtension>
            <ns3:hr>143</ns3:hr>
            <ns3:cad>82</ns3:cad>
          </ns3:TrackPointExtension>
        </extensions>
      </trkpt>
      <trkpt lat="23.049766011536121368408203125" lon="113.32011097110807895660400390625">
        <ele>5.80000019073486328125</ele>
        <time>2026-09-14T22:47:40.000Z</time>
        <extensions>
          <ns3:TrackPointExtension>
            <ns3:hr>144</ns3:hr>
            <ns3:cad>82</ns3:cad>
          </ns3:TrackPointExtension>
        </extensions>
      </trkpt>
      <trkpt lat="23.0497629940509796142578125" lon="113.32013125531375408172607421875">
        <ele>5.80000019073486328125</ele>
        <time>2026-09-14T22:47:41.000Z</time>
        <extensions>
          <ns3:TrackPointExtension>
            <ns3:hr>144</ns3:hr>
            <ns3:cad>82</ns3:cad>
          </ns3:TrackPointExtension>
        </extensions>
      </trkpt>
      <trkpt lat="23.049765340983867645263671875" lon="113.32015715539455413818359375">
        <ele>5.80000019073486328125</ele>
        <time>2026-09-14T22:47:42.000Z</time>
        <extensions>
          <ns3:TrackPointExtension>
            <ns3:hr>144</ns3:hr>
            <ns3:cad>82</ns3:cad>
          </ns3:TrackPointExtension>
        </extensions>
      </trkpt>
      <trkpt lat="23.04975603707134723663330078125" lon="113.32018665969371795654296875">
        <ele>5.80000019073486328125</ele>
        <time>2026-09-14T22:47:43.000Z</time>
        <extensions>
          <ns3:TrackPointExtension>
            <ns3:hr>143</ns3:hr>
            <ns3:cad>82</ns3:cad>
          </ns3:TrackPointExtension>
        </extensions>
      </trkpt>
      <trkpt lat="23.04975486360490322113037109375" lon="113.32020786590874195098876953125">
        <ele>5.80000019073486328125</ele>
        <time>2026-09-14T22:47:44.000Z</time>
        <extensions>
          <ns3:TrackPointExtension>
            <ns3:hr>143</ns3:hr>
            <ns3:cad>82</ns3:cad>
          </ns3:TrackPointExtension>
        </extensions>
      </trkpt>
      <trkpt lat="23.0497524328529834747314453125" lon="113.32023535855114459991455078125">
        <ele>5.599999904632568359375</ele>
        <time>2026-09-14T22:47:45.000Z</time>
        <extensions>
          <ns3:TrackPointExtension>
            <ns3:hr>144</ns3:hr>
            <ns3:cad>82</ns3:cad>
          </ns3:TrackPointExtension>
        </extensions>
      </trkpt>
      <trkpt lat="23.04974128492176532745361328125" lon="113.32025866024196147918701171875">
        <ele>5.599999904632568359375</ele>
        <time>2026-09-14T22:47:46.000Z</time>
        <extensions>
          <ns3:TrackPointExtension>
            <ns3:hr>144</ns3:hr>
            <ns3:cad>81</ns3:cad>
          </ns3:TrackPointExtension>
        </extensions>
      </trkpt>
      <trkpt lat="23.049737177789211273193359375" lon="113.32028212957084178924560546875">
        <ele>5.599999904632568359375</ele>
        <time>2026-09-14T22:47:47.000Z</time>
        <extensions>
          <ns3:TrackPointExtension>
            <ns3:hr>144</ns3:hr>
            <ns3:cad>82</ns3:cad>
          </ns3:TrackPointExtension>
        </extensions>
      </trkpt>
      <trkpt lat="23.04972988553345203399658203125" lon="113.3203120529651641845703125">
        <ele>5.599999904632568359375</ele>
        <time>2026-09-14T22:47:48.000Z</time>
        <extensions>
          <ns3:TrackPointExtension>
            <ns3:hr>144</ns3:hr>
            <ns3:cad>82</ns3:cad>
          </ns3:TrackPointExtension>
        </extensions>
      </trkpt>
      <trkpt lat="23.04972552694380283355712890625" lon="113.32033476792275905609130859375">
        <ele>5.599999904632568359375</ele>
        <time>2026-09-14T22:47:49.000Z</time>
        <extensions>
          <ns3:TrackPointExtension>
            <ns3:hr>144</ns3:hr>
            <ns3:cad>82</ns3:cad>
          </ns3:TrackPointExtension>
        </extensions>
      </trkpt>
      <trkpt lat="23.0497242696583271026611328125" lon="113.3203568123281002044677734375">
        <ele>5.80000019073486328125</ele>
        <time>2026-09-14T22:47:50.000Z</time>
        <extensions>
          <ns3:TrackPointExtension>
            <ns3:hr>143</ns3:hr>
            <ns3:cad>82</ns3:cad>
          </ns3:TrackPointExtension>
        </extensions>
      </trkpt>
      <trkpt lat="23.0497162230312824249267578125" lon="113.320389501750469207763671875">
        <ele>5.80000019073486328125</ele>
        <time>2026-09-14T22:47:51.000Z</time>
        <extensions>
          <ns3:TrackPointExtension>
            <ns3:hr>143</ns3:hr>
            <ns3:cad>82</ns3:cad>
          </ns3:TrackPointExtension>
        </extensions>
      </trkpt>
      <trkpt lat="23.04971379227936267852783203125" lon="113.32040936686098575592041015625">
        <ele>5.80000019073486328125</ele>
        <time>2026-09-14T22:47:52.000Z</time>
        <extensions>
          <ns3:TrackPointExtension>
            <ns3:hr>143</ns3:hr>
            <ns3:cad>82</ns3:cad>
          </ns3:TrackPointExtension>
        </extensions>
      </trkpt>
      <trkpt lat="23.04971228353679180145263671875" lon="113.32043685950338840484619140625">
        <ele>5.80000019073486328125</ele>
        <time>2026-09-14T22:47:53.000Z</time>
        <extensions>
          <ns3:TrackPointExtension>
            <ns3:hr>143</ns3:hr>
            <ns3:cad>82</ns3:cad>
          </ns3:TrackPointExtension>
        </extensions>
      </trkpt>
      <trkpt lat="23.0497051589190959930419921875" lon="113.32046451978385448455810546875">
        <ele>5.599999904632568359375</ele>
        <time>2026-09-14T22:47:54.000Z</time>
        <extensions>
          <ns3:TrackPointExtension>
            <ns3:hr>142</ns3:hr>
            <ns3:cad>82</ns3:cad>
          </ns3:TrackPointExtension>
        </extensions>
      </trkpt>
      <trkpt lat="23.0497095175087451934814453125" lon="113.32048279233276844024658203125">
        <ele>5.599999904632568359375</ele>
        <time>2026-09-14T22:47:55.000Z</time>
        <extensions>
          <ns3:TrackPointExtension>
            <ns3:hr>143</ns3:hr>
            <ns3:cad>83</ns3:cad>
          </ns3:TrackPointExtension>
        </extensions>
      </trkpt>
      <trkpt lat="23.049707673490047454833984375" lon="113.32051279954612255096435546875">
        <ele>5.599999904632568359375</ele>
        <time>2026-09-14T22:47:56.000Z</time>
        <extensions>
          <ns3:TrackPointExtension>
            <ns3:hr>143</ns3:hr>
            <ns3:cad>83</ns3:cad>
          </ns3:TrackPointExtension>
        </extensions>
      </trkpt>
      <trkpt lat="23.04970390163362026214599609375" lon="113.32053492777049541473388671875">
        <ele>5.599999904632568359375</ele>
        <time>2026-09-14T22:47:57.000Z</time>
        <extensions>
          <ns3:TrackPointExtension>
            <ns3:hr>142</ns3:hr>
            <ns3:cad>82</ns3:cad>
          </ns3:TrackPointExtension>
        </extensions>
      </trkpt>
      <trkpt lat="23.04970105178654193878173828125" lon="113.3205559663474559783935546875">
        <ele>5.599999904632568359375</ele>
        <time>2026-09-14T22:47:58.000Z</time>
        <extensions>
          <ns3:TrackPointExtension>
            <ns3:hr>142</ns3:hr>
            <ns3:cad>82</ns3:cad>
          </ns3:TrackPointExtension>
        </extensions>
      </trkpt>
      <trkpt lat="23.04969183169305324554443359375" lon="113.32059008069336414337158203125">
        <ele>5.80000019073486328125</ele>
        <time>2026-09-14T22:47:59.000Z</time>
        <extensions>
          <ns3:TrackPointExtension>
            <ns3:hr>142</ns3:hr>
            <ns3:cad>82</ns3:cad>
          </ns3:TrackPointExtension>
        </extensions>
      </trkpt>
      <trkpt lat="23.04968479089438915252685546875" lon="113.320614807307720184326171875">
        <ele>5.80000019073486328125</ele>
        <time>2026-09-14T22:48:00.000Z</time>
        <extensions>
          <ns3:TrackPointExtension>
            <ns3:hr>142</ns3:hr>
            <ns3:cad>82</ns3:cad>
          </ns3:TrackPointExtension>
        </extensions>
      </trkpt>
      <trkpt lat="23.04968185722827911376953125" lon="113.3206401206552982330322265625">
        <ele>5.80000019073486328125</ele>
        <time>2026-09-14T22:48:01.000Z</time>
        <extensions>
          <ns3:TrackPointExtension>
            <ns3:hr>142</ns3:hr>
            <ns3:cad>82</ns3:cad>
          </ns3:TrackPointExtension>
        </extensions>
      </trkpt>
      <trkpt lat="23.0496709607541561126708984375" lon="113.32066970877349376678466796875">
        <ele>5.80000019073486328125</ele>
        <time>2026-09-14T22:48:02.000Z</time>
        <extensions>
          <ns3:TrackPointExtension>
            <ns3:hr>141</ns3:hr>
            <ns3:cad>82</ns3:cad>
          </ns3:TrackPointExtension>
        </extensions>
      </trkpt>
      <trkpt lat="23.0496666021645069122314453125" lon="113.3206941001117229461669921875">
        <ele>5.80000019073486328125</ele>
        <time>2026-09-14T22:48:03.000Z</time>
        <extensions>
          <ns3:TrackPointExtension>
            <ns3:hr>141</ns3:hr>
            <ns3:cad>82</ns3:cad>
          </ns3:TrackPointExtension>
        </extensions>
      </trkpt>
      <trkpt lat="23.04967339150607585906982421875" lon="113.3207222633063793182373046875">
        <ele>5.599999904632568359375</ele>
        <time>2026-09-14T22:48:04.000Z</time>
        <extensions>
          <ns3:TrackPointExtension>
            <ns3:hr>141</ns3:hr>
            <ns3:cad>82</ns3:cad>
          </ns3:TrackPointExtension>
        </extensions>
      </trkpt>
      <trkpt lat="23.04969635792076587677001953125" lon="113.3207326568663120269775390625">
        <ele>5.599999904632568359375</ele>
        <time>2026-09-14T22:48:05.000Z</time>
        <extensions>
          <ns3:TrackPointExtension>
            <ns3:hr>141</ns3:hr>
            <ns3:cad>82</ns3:cad>
          </ns3:TrackPointExtension>
        </extensions>
      </trkpt>
      <trkpt lat="23.04970826022326946258544921875" lon="113.32072184421122074127197265625">
        <ele>5.599999904632568359375</ele>
        <time>2026-09-14T22:48:06.000Z</time>
        <extensions>
          <ns3:TrackPointExtension>
            <ns3:hr>141</ns3:hr>
            <ns3:cad>82</ns3:cad>
          </ns3:TrackPointExtension>
        </extensions>
      </trkpt>
      <trkpt lat="23.0497173964977264404296875" lon="113.3207014761865139007568359375">
        <ele>5.80000019073486328125</ele>
        <time>2026-09-14T22:48:07.000Z</time>
        <extensions>
          <ns3:TrackPointExtension>
            <ns3:hr>141</ns3:hr>
            <ns3:cad>82</ns3:cad>
          </ns3:TrackPointExtension>
        </extensions>
      </trkpt>
      <trkpt lat="23.04972435347735881805419921875" lon="113.3206816948950290679931640625">
        <ele>5.80000019073486328125</ele>
        <time>2026-09-14T22:48:08.000Z</time>
        <extensions>
          <ns3:TrackPointExtension>
            <ns3:hr>140</ns3:hr>
            <ns3:cad>81</ns3:cad>
          </ns3:TrackPointExtension>
        </extensions>
      </trkpt>
      <trkpt lat="23.0497227609157562255859375" lon="113.32066006958484649658203125">
        <ele>5.80000019073486328125</ele>
        <time>2026-09-14T22:48:09.000Z</time>
        <extensions>
          <ns3:TrackPointExtension>
            <ns3:hr>140</ns3:hr>
            <ns3:cad>81</ns3:cad>
          </ns3:TrackPointExtension>
        </extensions>
      </trkpt>
      <trkpt lat="23.04973307065665721893310546875" lon="113.32062930800020694732666015625">
        <ele>5.80000019073486328125</ele>
        <time>2026-09-14T22:48:10.000Z</time>
        <extensions>
          <ns3:TrackPointExtension>
            <ns3:hr>140</ns3:hr>
            <ns3:cad>81</ns3:cad>
          </ns3:TrackPointExtension>
        </extensions>
      </trkpt>
      <trkpt lat="23.049731813371181488037109375" lon="113.32060717977583408355712890625">
        <ele>5.80000019073486328125</ele>
        <time>2026-09-14T22:48:11.000Z</time>
        <extensions>
          <ns3:TrackPointExtension>
            <ns3:hr>140</ns3:hr>
            <ns3:cad>81</ns3:cad>
          </ns3:TrackPointExtension>
        </extensions>
      </trkpt>
      <trkpt lat="23.0497296340763568878173828125" lon="113.32058136351406574249267578125">
        <ele>5.80000019073486328125</ele>
        <time>2026-09-14T22:48:12.000Z</time>
        <extensions>
          <ns3:TrackPointExtension>
            <ns3:hr>140</ns3:hr>
            <ns3:cad>81</ns3:cad>
          </ns3:TrackPointExtension>
        </extensions>
      </trkpt>
      <trkpt lat="23.0497390218079090118408203125" lon="113.32054481841623783111572265625">
        <ele>5.80000019073486328125</ele>
        <time>2026-09-14T22:48:13.000Z</time>
        <extensions>
          <ns3:TrackPointExtension>
            <ns3:hr>140</ns3:hr>
            <ns3:cad>81</ns3:cad>
          </ns3:TrackPointExtension>
        </extensions>
      </trkpt>
      <trkpt lat="23.0497443862259387969970703125" lon="113.32052319310605525970458984375">
        <ele>5.80000019073486328125</ele>
        <time>2026-09-14T22:48:14.000Z</time>
        <extensions>
          <ns3:TrackPointExtension>
            <ns3:hr>139</ns3:hr>
            <ns3:cad>81</ns3:cad>
          </ns3:TrackPointExtension>
        </extensions>
      </trkpt>
      <trkpt lat="23.0497457273304462432861328125" lon="113.32049653865396976470947265625">
        <ele>5.80000019073486328125</ele>
        <time>2026-09-14T22:48:15.000Z</time>
        <extensions>
          <ns3:TrackPointExtension>
            <ns3:hr>140</ns3:hr>
            <ns3:cad>81</ns3:cad>
          </ns3:TrackPointExtension>
        </extensions>
      </trkpt>
      <trkpt lat="23.0497531034052371978759765625" lon="113.3204701356589794158935546875">
        <ele>5.80000019073486328125</ele>
        <time>2026-09-14T22:48:16.000Z</time>
        <extensions>
          <ns3:TrackPointExtension>
            <ns3:hr>140</ns3:hr>
            <ns3:cad>81</ns3:cad>
          </ns3:TrackPointExtension>
        </extensions>
      </trkpt>
      <trkpt lat="23.04974597878754138946533203125" lon="113.32044951617717742919921875">
        <ele>5.80000019073486328125</ele>
        <time>2026-09-14T22:48:17.000Z</time>
        <extensions>
          <ns3:TrackPointExtension>
            <ns3:hr>139</ns3:hr>
            <ns3:cad>81</ns3:cad>
          </ns3:TrackPointExtension>
        </extensions>
      </trkpt>
      <trkpt lat="23.04975016973912715911865234375" lon="113.32041774876415729522705078125">
        <ele>5.80000019073486328125</ele>
        <time>2026-09-14T22:48:18.000Z</time>
        <extensions>
          <ns3:TrackPointExtension>
            <ns3:hr>140</ns3:hr>
            <ns3:cad>81</ns3:cad>
          </ns3:TrackPointExtension>
        </extensions>
      </trkpt>
      <trkpt lat="23.04975603707134723663330078125" lon="113.32039528526365756988525390625">
        <ele>5.80000019073486328125</ele>
        <time>2026-09-14T22:48:19.000Z</time>
        <extensions>
          <ns3:TrackPointExtension>
            <ns3:hr>140</ns3:hr>
            <ns3:cad>81</ns3:cad>
          </ns3:TrackPointExtension>
        </extensions>
      </trkpt>
      <trkpt lat="23.04975561797618865966796875" lon="113.32037198357284069061279296875">
        <ele>5.80000019073486328125</ele>
        <time>2026-09-14T22:48:20.000Z</time>
        <extensions>
          <ns3:TrackPointExtension>
            <ns3:hr>139</ns3:hr>
            <ns3:cad>81</ns3:cad>
          </ns3:TrackPointExtension>
        </extensions>
      </trkpt>
      <trkpt lat="23.04976634681224822998046875" lon="113.32034365274012088775634765625">
        <ele>5.80000019073486328125</ele>
        <time>2026-09-14T22:48:21.000Z</time>
        <extensions>
          <ns3:TrackPointExtension>
            <ns3:hr>140</ns3:hr>
            <ns3:cad>82</ns3:cad>
          </ns3:TrackPointExtension>
        </extensions>
      </trkpt>
      <trkpt lat="23.0497618205845355987548828125" lon="113.3203246258199214935302734375">
        <ele>5.80000019073486328125</ele>
        <time>2026-09-14T22:48:22.000Z</time>
        <extensions>
          <ns3:TrackPointExtension>
            <ns3:hr>140</ns3:hr>
            <ns3:cad>82</ns3:cad>
          </ns3:TrackPointExtension>
        </extensions>
      </trkpt>
      <trkpt lat="23.04976425133645534515380859375" lon="113.32029319368302822113037109375">
        <ele>5.80000019073486328125</ele>
        <time>2026-09-14T22:48:23.000Z</time>
        <extensions>
          <ns3:TrackPointExtension>
            <ns3:hr>139</ns3:hr>
            <ns3:cad>82</ns3:cad>
          </ns3:TrackPointExtension>
        </extensions>
      </trkpt>
      <trkpt lat="23.049775063991546630859375" lon="113.3202716521918773651123046875">
        <ele>5.80000019073486328125</ele>
        <time>2026-09-14T22:48:24.000Z</time>
        <extensions>
          <ns3:TrackPointExtension>
            <ns3:hr>140</ns3:hr>
            <ns3:cad>82</ns3:cad>
          </ns3:TrackPointExtension>
        </extensions>
      </trkpt>
      <trkpt lat="23.04977263323962688446044921875" lon="113.32025128416717052459716796875">
        <ele>5.80000019073486328125</ele>
        <time>2026-09-14T22:48:25.000Z</time>
        <extensions>
          <ns3:TrackPointExtension>
            <ns3:hr>140</ns3:hr>
            <ns3:cad>83</ns3:cad>
          </ns3:TrackPointExtension>
        </extensions>
      </trkpt>
      <trkpt lat="23.049776069819927215576171875" lon="113.32021993584930896759033203125">
        <ele>5.599999904632568359375</ele>
        <time>2026-09-14T22:48:26.000Z</time>
        <extensions>
          <ns3:TrackPointExtension>
            <ns3:hr>141</ns3:hr>
            <ns3:cad>83</ns3:cad>
          </ns3:TrackPointExtension>
        </extensions>
      </trkpt>
      <trkpt lat="23.0497862957417964935302734375" lon="113.320198394358158111572265625">
        <ele>5.80000019073486328125</ele>
        <time>2026-09-14T22:48:27.000Z</time>
        <extensions>
          <ns3:TrackPointExtension>
            <ns3:hr>142</ns3:hr>
            <ns3:cad>83</ns3:cad>
          </ns3:TrackPointExtension>
        </extensions>
      </trkpt>
      <trkpt lat="23.04978285916149616241455078125" lon="113.32017484121024608612060546875">
        <ele>5.80000019073486328125</ele>
        <time>2026-09-14T22:48:28.000Z</time>
        <extensions>
          <ns3:TrackPointExtension>
            <ns3:hr>142</ns3:hr>
            <ns3:cad>82</ns3:cad>
          </ns3:TrackPointExtension>
        </extensions>
      </trkpt>
      <trkpt lat="23.04979308508336544036865234375" lon="113.3201482705771923065185546875">
        <ele>5.80000019073486328125</ele>
        <time>2026-09-14T22:48:29.000Z</time>
        <extensions>
          <ns3:TrackPointExtension>
            <ns3:hr>143</ns3:hr>
            <ns3:cad>82</ns3:cad>
          </ns3:TrackPointExtension>
        </extensions>
      </trkpt>
      <trkpt lat="23.04979627020657062530517578125" lon="113.32012765109539031982421875">
        <ele>5.80000019073486328125</ele>
        <time>2026-09-14T22:48:30.000Z</time>
        <extensions>
          <ns3:TrackPointExtension>
            <ns3:hr>143</ns3:hr>
            <ns3:cad>82</ns3:cad>
          </ns3:TrackPointExtension>
        </extensions>
      </trkpt>
      <trkpt lat="23.0497987009584903717041015625" lon="113.32009613513946533203125">
        <ele>5.80000019073486328125</ele>
        <time>2026-09-14T22:48:31.000Z</time>
        <extensions>
          <ns3:TrackPointExtension>
            <ns3:hr>144</ns3:hr>
            <ns3:cad>82</ns3:cad>
          </ns3:TrackPointExtension>
        </extensions>
      </trkpt>
      <trkpt lat="23.04980523884296417236328125" lon="113.3200724981725215911865234375">
        <ele>5.80000019073486328125</ele>
        <time>2026-09-14T22:48:32.000Z</time>
        <extensions>
          <ns3:TrackPointExtension>
            <ns3:hr>144</ns3:hr>
            <ns3:cad>82</ns3:cad>
          </ns3:TrackPointExtension>
        </extensions>
      </trkpt>
      <trkpt lat="23.04980213753879070281982421875" lon="113.3200550638139247894287109375">
        <ele>5.80000019073486328125</ele>
        <time>2026-09-14T22:48:33.000Z</time>
        <extensions>
          <ns3:TrackPointExtension>
            <ns3:hr>144</ns3:hr>
            <ns3:cad>81</ns3:cad>
          </ns3:TrackPointExtension>
        </extensions>
      </trkpt>
      <trkpt lat="23.04980850778520107269287109375" lon="113.32002379931509494781494140625">
        <ele>5.80000019073486328125</ele>
        <time>2026-09-14T22:48:34.000Z</time>
        <extensions>
          <ns3:TrackPointExtension>
            <ns3:hr>144</ns3:hr>
            <ns3:cad>82</ns3:cad>
          </ns3:TrackPointExtension>
        </extensions>
      </trkpt>
      <trkpt lat="23.049808256328105926513671875" lon="113.31999932415783405303955078125">
        <ele>5.80000019073486328125</ele>
        <time>2026-09-14T22:48:35.000Z</time>
        <extensions>
          <ns3:TrackPointExtension>
            <ns3:hr>144</ns3:hr>
            <ns3:cad>82</ns3:cad>
          </ns3:TrackPointExtension>
        </extensions>
      </trkpt>
      <trkpt lat="23.0498057417571544647216796875" lon="113.319975771009922027587890625">
        <ele>5.599999904632568359375</ele>
        <time>2026-09-14T22:48:36.000Z</time>
        <extensions>
          <ns3:TrackPointExtension>
            <ns3:hr>144</ns3:hr>
            <ns3:cad>82</ns3:cad>
          </ns3:TrackPointExtension>
        </extensions>
      </trkpt>
      <trkpt lat="23.0498137883841991424560546875" lon="113.31994635052978992462158203125">
        <ele>5.599999904632568359375</ele>
        <time>2026-09-14T22:48:37.000Z</time>
        <extensions>
          <ns3:TrackPointExtension>
            <ns3:hr>144</ns3:hr>
            <ns3:cad>82</ns3:cad>
          </ns3:TrackPointExtension>
        </extensions>
      </trkpt>
      <trkpt lat="23.0498060770332813262939453125" lon="113.319927491247653961181640625">
        <ele>5.599999904632568359375</ele>
        <time>2026-09-14T22:48:38.000Z</time>
        <extensions>
          <ns3:TrackPointExtension>
            <ns3:hr>144</ns3:hr>
            <ns3:cad>83</ns3:cad>
          </ns3:TrackPointExtension>
        </extensions>
      </trkpt>
      <trkpt lat="23.04980792105197906494140625" lon="113.31989320926368236541748046875">
        <ele>5.599999904632568359375</ele>
        <time>2026-09-14T22:48:39.000Z</time>
        <extensions>
          <ns3:TrackPointExtension>
            <ns3:hr>143</ns3:hr>
            <ns3:cad>83</ns3:cad>
          </ns3:TrackPointExtension>
        </extensions>
      </trkpt>
      <trkpt lat="23.0498127825558185577392578125" lon="113.31986638717353343963623046875">
        <ele>5.599999904632568359375</ele>
        <time>2026-09-14T22:48:40.000Z</time>
        <extensions>
          <ns3:TrackPointExtension>
            <ns3:hr>144</ns3:hr>
            <ns3:cad>83</ns3:cad>
          </ns3:TrackPointExtension>
        </extensions>
      </trkpt>
      <trkpt lat="23.04981060326099395751953125" lon="113.31984409131109714508056640625">
        <ele>5.599999904632568359375</ele>
        <time>2026-09-14T22:48:41.000Z</time>
        <extensions>
          <ns3:TrackPointExtension>
            <ns3:hr>144</ns3:hr>
            <ns3:cad>83</ns3:cad>
          </ns3:TrackPointExtension>
        </extensions>
      </trkpt>
      <trkpt lat="23.04981621913611888885498046875" lon="113.31981140188872814178466796875">
        <ele>5.599999904632568359375</ele>
        <time>2026-09-14T22:48:42.000Z</time>
        <extensions>
          <ns3:TrackPointExtension>
            <ns3:hr>144</ns3:hr>
            <ns3:cad>82</ns3:cad>
          </ns3:TrackPointExtension>
        </extensions>
      </trkpt>
      <trkpt lat="23.04982342757284641265869140625" lon="113.31978793255984783172607421875">
        <ele>5.80000019073486328125</ele>
        <time>2026-09-14T22:48:43.000Z</time>
        <extensions>
          <ns3:TrackPointExtension>
            <ns3:hr>144</ns3:hr>
            <ns3:cad>82</ns3:cad>
          </ns3:TrackPointExtension>
        </extensions>
      </trkpt>
      <trkpt lat="23.0498251877725124359130859375" lon="113.31976127810776233673095703125">
        <ele>5.80000019073486328125</ele>
        <time>2026-09-14T22:48:44.000Z</time>
        <extensions>
          <ns3:TrackPointExtension>
            <ns3:hr>144</ns3:hr>
            <ns3:cad>82</ns3:cad>
          </ns3:TrackPointExtension>
        </extensions>
      </trkpt>
      <trkpt lat="23.04983750917017459869384765625" lon="113.31973873078823089599609375">
        <ele>5.80000019073486328125</ele>
        <time>2026-09-14T22:48:45.000Z</time>
        <extensions>
          <ns3:TrackPointExtension>
            <ns3:hr>143</ns3:hr>
            <ns3:cad>82</ns3:cad>
          </ns3:TrackPointExtension>
        </extensions>
      </trkpt>
      <trkpt lat="23.0498342402279376983642578125" lon="113.31972263753414154052734375">
        <ele>5.80000019073486328125</ele>
        <time>2026-09-14T22:48:46.000Z</time>
        <extensions>
          <ns3:TrackPointExtension>
            <ns3:hr>144</ns3:hr>
            <ns3:cad>82</ns3:cad>
          </ns3:TrackPointExtension>
        </extensions>
      </trkpt>
      <trkpt lat="23.0498385988175868988037109375" lon="113.3196922950446605682373046875">
        <ele>5.80000019073486328125</ele>
        <time>2026-09-14T22:48:47.000Z</time>
        <extensions>
          <ns3:TrackPointExtension>
            <ns3:hr>144</ns3:hr>
            <ns3:cad>83</ns3:cad>
          </ns3:TrackPointExtension>
        </extensions>
      </trkpt>
      <trkpt lat="23.0498461425304412841796875" lon="113.31966958008706569671630859375">
        <ele>5.80000019073486328125</ele>
        <time>2026-09-14T22:48:48.000Z</time>
        <extensions>
          <ns3:TrackPointExtension>
            <ns3:hr>144</ns3:hr>
            <ns3:cad>83</ns3:cad>
          </ns3:TrackPointExtension>
        </extensions>
      </trkpt>
      <trkpt lat="23.049845136702060699462890625" lon="113.3196463622152805328369140625">
        <ele>5.80000019073486328125</ele>
        <time>2026-09-14T22:48:49.000Z</time>
        <extensions>
          <ns3:TrackPointExtension>
            <ns3:hr>144</ns3:hr>
            <ns3:cad>82</ns3:cad>
          </ns3:TrackPointExtension>
        </extensions>
      </trkpt>
      <trkpt lat="23.04985377006232738494873046875" lon="113.31961895339190959930419921875">
        <ele>5.80000019073486328125</ele>
        <time>2026-09-14T22:48:50.000Z</time>
        <extensions>
          <ns3:TrackPointExtension>
            <ns3:hr>144</ns3:hr>
            <ns3:cad>82</ns3:cad>
          </ns3:TrackPointExtension>
        </extensions>
      </trkpt>
      <trkpt lat="23.0498533509671688079833984375" lon="113.3195960707962512969970703125">
        <ele>5.80000019073486328125</ele>
        <time>2026-09-14T22:48:51.000Z</time>
        <extensions>
          <ns3:TrackPointExtension>
            <ns3:hr>144</ns3:hr>
            <ns3:cad>82</ns3:cad>
          </ns3:TrackPointExtension>
        </extensions>
      </trkpt>
      <trkpt lat="23.04985058493912220001220703125" lon="113.31957050599157810211181640625">
        <ele>5.599999904632568359375</ele>
        <time>2026-09-14T22:48:52.000Z</time>
        <extensions>
          <ns3:TrackPointExtension>
            <ns3:hr>144</ns3:hr>
            <ns3:cad>82</ns3:cad>
          </ns3:TrackPointExtension>
        </extensions>
      </trkpt>
      <trkpt lat="23.049861900508403778076171875" lon="113.3195436000823974609375">
        <ele>5.599999904632568359375</ele>
        <time>2026-09-14T22:48:53.000Z</time>
        <extensions>
          <ns3:TrackPointExtension>
            <ns3:hr>144</ns3:hr>
            <ns3:cad>82</ns3:cad>
          </ns3:TrackPointExtension>
        </extensions>
      </trkpt>
      <trkpt lat="23.04986148141324520111083984375" lon="113.31952013075351715087890625">
        <ele>5.599999904632568359375</ele>
        <time>2026-09-14T22:48:54.000Z</time>
        <extensions>
          <ns3:TrackPointExtension>
            <ns3:hr>144</ns3:hr>
            <ns3:cad>82</ns3:cad>
          </ns3:TrackPointExtension>
        </extensions>
      </trkpt>
      <trkpt lat="23.0498647503554821014404296875" lon="113.3194857649505138397216796875">
        <ele>5.599999904632568359375</ele>
        <time>2026-09-14T22:48:55.000Z</time>
        <extensions>
          <ns3:TrackPointExtension>
            <ns3:hr>144</ns3:hr>
            <ns3:cad>82</ns3:cad>
          </ns3:TrackPointExtension>
        </extensions>
      </trkpt>
      <trkpt lat="23.04986584000289440155029296875" lon="113.31946522928774356842041015625">
        <ele>5.599999904632568359375</ele>
        <time>2026-09-14T22:48:56.000Z</time>
        <extensions>
          <ns3:TrackPointExtension>
            <ns3:hr>145</ns3:hr>
            <ns3:cad>83</ns3:cad>
          </ns3:TrackPointExtension>
        </extensions>
      </trkpt>
      <trkpt lat="23.0498667620122432708740234375" lon="113.31943773664534091949462890625">
        <ele>5.80000019073486328125</ele>
        <time>2026-09-14T22:48:57.000Z</time>
        <extensions>
          <ns3:TrackPointExtension>
            <ns3:hr>144</ns3:hr>
            <ns3:cad>83</ns3:cad>
          </ns3:TrackPointExtension>
        </extensions>
      </trkpt>
      <trkpt lat="23.04987430572509765625" lon="113.31940772943198680877685546875">
        <ele>5.80000019073486328125</ele>
        <time>2026-09-14T22:48:58.000Z</time>
        <extensions>
          <ns3:TrackPointExtension>
            <ns3:hr>144</ns3:hr>
            <ns3:cad>82</ns3:cad>
          </ns3:TrackPointExtension>
        </extensions>
      </trkpt>
      <trkpt lat="23.0498815141618251800537109375" lon="113.319382332265377044677734375">
        <ele>5.80000019073486328125</ele>
        <time>2026-09-14T22:48:59.000Z</time>
        <extensions>
          <ns3:TrackPointExtension>
            <ns3:hr>145</ns3:hr>
            <ns3:cad>82</ns3:cad>
          </ns3:TrackPointExtension>
        </extensions>
      </trkpt>
      <trkpt lat="23.049883358180522918701171875" lon="113.31935492344200611114501953125">
        <ele>5.80000019073486328125</ele>
        <time>2026-09-14T22:49:00.000Z</time>
        <extensions>
          <ns3:TrackPointExtension>
            <ns3:hr>144</ns3:hr>
            <ns3:cad>82</ns3:cad>
          </ns3:TrackPointExtension>
        </extensions>
      </trkpt>
      <trkpt lat="23.04988570511341094970703125" lon="113.319324664771556854248046875">
        <ele>5.80000019073486328125</ele>
        <time>2026-09-14T22:49:01.000Z</time>
        <extensions>
          <ns3:TrackPointExtension>
            <ns3:hr>144</ns3:hr>
            <ns3:cad>83</ns3:cad>
          </ns3:TrackPointExtension>
        </extensions>
      </trkpt>
      <trkpt lat="23.04988344199955463409423828125" lon="113.319304548203945159912109375">
        <ele>5.80000019073486328125</ele>
        <time>2026-09-14T22:49:02.000Z</time>
        <extensions>
          <ns3:TrackPointExtension>
            <ns3:hr>145</ns3:hr>
            <ns3:cad>83</ns3:cad>
          </ns3:TrackPointExtension>
        </extensions>
      </trkpt>
      <trkpt lat="23.04988930933177471160888671875" lon="113.31927311606705188751220703125">
        <ele>5.80000019073486328125</ele>
        <time>2026-09-14T22:49:03.000Z</time>
        <extensions>
          <ns3:TrackPointExtension>
            <ns3:hr>144</ns3:hr>
            <ns3:cad>82</ns3:cad>
          </ns3:TrackPointExtension>
        </extensions>
      </trkpt>
      <trkpt lat="23.0498945899307727813720703125" lon="113.31925190985202789306640625">
        <ele>5.599999904632568359375</ele>
        <time>2026-09-14T22:49:04.000Z</time>
        <extensions>
          <ns3:TrackPointExtension>
            <ns3:hr>144</ns3:hr>
            <ns3:cad>82</ns3:cad>
          </ns3:TrackPointExtension>
        </extensions>
      </trkpt>
      <trkpt lat="23.04989400319755077362060546875" lon="113.31922919489443302154541015625">
        <ele>5.80000019073486328125</ele>
        <time>2026-09-14T22:49:05.000Z</time>
        <extensions>
          <ns3:TrackPointExtension>
            <ns3:hr>144</ns3:hr>
            <ns3:cad>82</ns3:cad>
          </ns3:TrackPointExtension>
        </extensions>
      </trkpt>
      <trkpt lat="23.0499026365578174591064453125" lon="113.319200612604618072509765625">
        <ele>5.80000019073486328125</ele>
        <time>2026-09-14T22:49:06.000Z</time>
        <extensions>
          <ns3:TrackPointExtension>
            <ns3:hr>144</ns3:hr>
            <ns3:cad>82</ns3:cad>
          </ns3:TrackPointExtension>
        </extensions>
      </trkpt>
      <trkpt lat="23.04990557022392749786376953125" lon="113.31917504779994487762451171875">
        <ele>5.80000019073486328125</ele>
        <time>2026-09-14T22:49:07.000Z</time>
        <extensions>
          <ns3:TrackPointExtension>
            <ns3:hr>145</ns3:hr>
            <ns3:cad>82</ns3:cad>
          </ns3:TrackPointExtension>
        </extensions>
      </trkpt>
      <trkpt lat="23.04990758188068866729736328125" lon="113.31915132701396942138671875">
        <ele>5.80000019073486328125</ele>
        <time>2026-09-14T22:49:08.000Z</time>
        <extensions>
          <ns3:TrackPointExtension>
            <ns3:hr>144</ns3:hr>
            <ns3:cad>83</ns3:cad>
          </ns3:TrackPointExtension>
        </extensions>
      </trkpt>
      <trkpt lat="23.04991261102259159088134765625" lon="113.31912584602832794189453125">
        <ele>5.80000019073486328125</ele>
        <time>2026-09-14T22:49:09.000Z</time>
        <extensions>
          <ns3:TrackPointExtension>
            <ns3:hr>144</ns3:hr>
            <ns3:cad>83</ns3:cad>
          </ns3:TrackPointExtension>
        </extensions>
      </trkpt>
      <trkpt lat="23.0499093420803546905517578125" lon="113.31910598091781139373779296875">
        <ele>5.80000019073486328125</ele>
        <time>2026-09-14T22:49:10.000Z</time>
        <extensions>
          <ns3:TrackPointExtension>
            <ns3:hr>144</ns3:hr>
            <ns3:cad>83</ns3:cad>
          </ns3:TrackPointExtension>
        </extensions>
      </trkpt>
      <trkpt lat="23.04991311393678188323974609375" lon="113.3190728724002838134765625">
        <ele>5.80000019073486328125</ele>
        <time>2026-09-14T22:49:11.000Z</time>
        <extensions>
          <ns3:TrackPointExtension>
            <ns3:hr>145</ns3:hr>
            <ns3:cad>83</ns3:cad>
          </ns3:TrackPointExtension>
        </extensions>
      </trkpt>
      <trkpt lat="23.04991445504128932952880859375" lon="113.31904898397624492645263671875">
        <ele>5.599999904632568359375</ele>
        <time>2026-09-14T22:49:12.000Z</time>
        <extensions>
          <ns3:TrackPointExtension>
            <ns3:hr>145</ns3:hr>
            <ns3:cad>82</ns3:cad>
          </ns3:TrackPointExtension>
        </extensions>
      </trkpt>
      <trkpt lat="23.0499131977558135986328125" lon="113.3190250955522060394287109375">
        <ele>5.599999904632568359375</ele>
        <time>2026-09-14T22:49:13.000Z</time>
        <extensions>
          <ns3:TrackPointExtension>
            <ns3:hr>144</ns3:hr>
            <ns3:cad>82</ns3:cad>
          </ns3:TrackPointExtension>
        </extensions>
      </trkpt>
      <trkpt lat="23.04992099292576313018798828125" lon="113.31899047829210758209228515625">
        <ele>5.80000019073486328125</ele>
        <time>2026-09-14T22:49:14.000Z</time>
        <extensions>
          <ns3:TrackPointExtension>
            <ns3:hr>144</ns3:hr>
            <ns3:cad>82</ns3:cad>
          </ns3:TrackPointExtension>
        </extensions>
      </trkpt>
      <trkpt lat="23.04993038065731525421142578125" lon="113.318966589868068695068359375">
        <ele>5.80000019073486328125</ele>
        <time>2026-09-14T22:49:15.000Z</time>
        <extensions>
          <ns3:TrackPointExtension>
            <ns3:hr>144</ns3:hr>
            <ns3:cad>82</ns3:cad>
          </ns3:TrackPointExtension>
        </extensions>
      </trkpt>
      <trkpt lat="23.0499318055808544158935546875" lon="113.3189399354159832000732421875">
        <ele>5.80000019073486328125</ele>
        <time>2026-09-14T22:49:16.000Z</time>
        <extensions>
          <ns3:TrackPointExtension>
            <ns3:hr>144</ns3:hr>
            <ns3:cad>83</ns3:cad>
          </ns3:TrackPointExtension>
        </extensions>
      </trkpt>
      <trkpt lat="23.0499408580362796783447265625" lon="113.31891470588743686676025390625">
        <ele>5.80000019073486328125</ele>
        <time>2026-09-14T22:49:17.000Z</time>
        <extensions>
          <ns3:TrackPointExtension>
            <ns3:hr>144</ns3:hr>
            <ns3:cad>83</ns3:cad>
          </ns3:TrackPointExtension>
        </extensions>
      </trkpt>
      <trkpt lat="23.049935661256313323974609375" lon="113.3188950084149837493896484375">
        <ele>5.80000019073486328125</ele>
        <time>2026-09-14T22:49:18.000Z</time>
        <extensions>
          <ns3:TrackPointExtension>
            <ns3:hr>145</ns3:hr>
            <ns3:cad>83</ns3:cad>
          </ns3:TrackPointExtension>
        </extensions>
      </trkpt>
      <trkpt lat="23.04993934929370880126953125" lon="113.3188631571829319000244140625">
        <ele>5.80000019073486328125</ele>
        <time>2026-09-14T22:49:19.000Z</time>
        <extensions>
          <ns3:TrackPointExtension>
            <ns3:hr>145</ns3:hr>
            <ns3:cad>82</ns3:cad>
          </ns3:TrackPointExtension>
        </extensions>
      </trkpt>
      <trkpt lat="23.04994228295981884002685546875" lon="113.31884295679628849029541015625">
        <ele>5.80000019073486328125</ele>
        <time>2026-09-14T22:49:20.000Z</time>
        <extensions>
          <ns3:TrackPointExtension>
            <ns3:hr>144</ns3:hr>
            <ns3:cad>82</ns3:cad>
          </ns3:TrackPointExtension>
        </extensions>
      </trkpt>
      <trkpt lat="23.049944378435611724853515625" lon="113.3188175596296787261962890625">
        <ele>5.80000019073486328125</ele>
        <time>2026-09-14T22:49:21.000Z</time>
        <extensions>
          <ns3:TrackPointExtension>
            <ns3:hr>144</ns3:hr>
            <ns3:cad>82</ns3:cad>
          </ns3:TrackPointExtension>
        </extensions>
      </trkpt>
      <trkpt lat="23.0499534308910369873046875" lon="113.31879082135856151580810546875">
        <ele>5.80000019073486328125</ele>
        <time>2026-09-14T22:49:22.000Z</time>
        <extensions>
          <ns3:TrackPointExtension>
            <ns3:hr>144</ns3:hr>
            <ns3:cad>82</ns3:cad>
          </ns3:TrackPointExtension>
        </extensions>
      </trkpt>
      <trkpt lat="23.04996348917484283447265625" lon="113.318766765296459197998046875">
        <ele>5.80000019073486328125</ele>
        <time>2026-09-14T22:49:23.000Z</time>
        <extensions>
          <ns3:TrackPointExtension>
            <ns3:hr>145</ns3:hr>
            <ns3:cad>82</ns3:cad>
          </ns3:TrackPointExtension>
        </extensions>
      </trkpt>
      <trkpt lat="23.04996541701257228851318359375" lon="113.31873960793018341064453125">
        <ele>5.80000019073486328125</ele>
        <time>2026-09-14T22:49:24.000Z</time>
        <extensions>
          <ns3:TrackPointExtension>
            <ns3:hr>144</ns3:hr>
            <ns3:cad>82</ns3:cad>
          </ns3:TrackPointExtension>
        </extensions>
      </trkpt>
      <trkpt lat="23.04997430182993412017822265625" lon="113.31871412694454193115234375">
        <ele>5.80000019073486328125</ele>
        <time>2026-09-14T22:49:25.000Z</time>
        <extensions>
          <ns3:TrackPointExtension>
            <ns3:hr>144</ns3:hr>
            <ns3:cad>82</ns3:cad>
          </ns3:TrackPointExtension>
        </extensions>
      </trkpt>
      <trkpt lat="23.04997111670672893524169921875" lon="113.3186878077685832977294921875">
        <ele>5.80000019073486328125</ele>
        <time>2026-09-14T22:49:26.000Z</time>
        <extensions>
          <ns3:TrackPointExtension>
            <ns3:hr>144</ns3:hr>
            <ns3:cad>82</ns3:cad>
          </ns3:TrackPointExtension>
        </extensions>
      </trkpt>
      <trkpt lat="23.0499757267534732818603515625" lon="113.318655453622341156005859375">
        <ele>5.80000019073486328125</ele>
        <time>2026-09-14T22:49:27.000Z</time>
        <extensions>
          <ns3:TrackPointExtension>
            <ns3:hr>145</ns3:hr>
            <ns3:cad>82</ns3:cad>
          </ns3:TrackPointExtension>
        </extensions>
      </trkpt>
      <trkpt lat="23.0499844439327716827392578125" lon="113.31863240338861942291259765625">
        <ele>5.80000019073486328125</ele>
        <time>2026-09-14T22:49:28.000Z</time>
        <extensions>
          <ns3:TrackPointExtension>
            <ns3:hr>144</ns3:hr>
            <ns3:cad>82</ns3:cad>
          </ns3:TrackPointExtension>
        </extensions>
      </trkpt>
      <trkpt lat="23.04998360574245452880859375" lon="113.31860817968845367431640625">
        <ele>5.80000019073486328125</ele>
        <time>2026-09-14T22:49:29.000Z</time>
        <extensions>
          <ns3:TrackPointExtension>
            <ns3:hr>144</ns3:hr>
            <ns3:cad>82</ns3:cad>
          </ns3:TrackPointExtension>
        </extensions>
      </trkpt>
      <trkpt lat="23.04999433457851409912109375" lon="113.318579010665416717529296875">
        <ele>5.80000019073486328125</ele>
        <time>2026-09-14T22:49:30.000Z</time>
        <extensions>
          <ns3:TrackPointExtension>
            <ns3:hr>144</ns3:hr>
            <ns3:cad>83</ns3:cad>
          </ns3:TrackPointExtension>
        </extensions>
      </trkpt>
      <trkpt lat="23.05000363849103450775146484375" lon="113.3185577206313610076904296875">
        <ele>5.80000019073486328125</ele>
        <time>2026-09-14T22:49:31.000Z</time>
        <extensions>
          <ns3:TrackPointExtension>
            <ns3:hr>144</ns3:hr>
            <ns3:cad>83</ns3:cad>
          </ns3:TrackPointExtension>
        </extensions>
      </trkpt>
      <trkpt lat="23.0500059016048908233642578125" lon="113.3185305632650852203369140625">
        <ele>5.80000019073486328125</ele>
        <time>2026-09-14T22:49:32.000Z</time>
        <extensions>
          <ns3:TrackPointExtension>
            <ns3:hr>144</ns3:hr>
            <ns3:cad>82</ns3:cad>
          </ns3:TrackPointExtension>
        </extensions>
      </trkpt>
      <trkpt lat="23.05001285858452320098876953125" lon="113.31850466318428516387939453125">
        <ele>5.80000019073486328125</ele>
        <time>2026-09-14T22:49:33.000Z</time>
        <extensions>
          <ns3:TrackPointExtension>
            <ns3:hr>144</ns3:hr>
            <ns3:cad>82</ns3:cad>
          </ns3:TrackPointExtension>
        </extensions>
      </trkpt>
      <trkpt lat="23.05000950582325458526611328125" lon="113.31848789937794208526611328125">
        <ele>5.80000019073486328125</ele>
        <time>2026-09-14T22:49:34.000Z</time>
        <extensions>
          <ns3:TrackPointExtension>
            <ns3:hr>144</ns3:hr>
            <ns3:cad>82</ns3:cad>
          </ns3:TrackPointExtension>
        </extensions>
      </trkpt>
      <trkpt lat="23.0500139482319355010986328125" lon="113.3184586465358734130859375">
        <ele>5.80000019073486328125</ele>
        <time>2026-09-14T22:49:35.000Z</time>
        <extensions>
          <ns3:TrackPointExtension>
            <ns3:hr>145</ns3:hr>
            <ns3:cad>82</ns3:cad>
          </ns3:TrackPointExtension>
        </extensions>
      </trkpt>
      <trkpt lat="23.05002174340188503265380859375" lon="113.31843794323503971099853515625">
        <ele>5.80000019073486328125</ele>
        <time>2026-09-14T22:49:36.000Z</time>
        <extensions>
          <ns3:TrackPointExtension>
            <ns3:hr>144</ns3:hr>
            <ns3:cad>82</ns3:cad>
          </ns3:TrackPointExtension>
        </extensions>
      </trkpt>
      <trkpt lat="23.05001621134579181671142578125" lon="113.3184189163148403167724609375">
        <ele>5.80000019073486328125</ele>
        <time>2026-09-14T22:49:37.000Z</time>
        <extensions>
          <ns3:TrackPointExtension>
            <ns3:hr>144</ns3:hr>
            <ns3:cad>82</ns3:cad>
          </ns3:TrackPointExtension>
        </extensions>
      </trkpt>
      <trkpt lat="23.05001621134579181671142578125" lon="113.31838262267410755157470703125">
        <ele>5.80000019073486328125</ele>
        <time>2026-09-14T22:49:38.000Z</time>
        <extensions>
          <ns3:TrackPointExtension>
            <ns3:hr>145</ns3:hr>
            <ns3:cad>82</ns3:cad>
          </ns3:TrackPointExtension>
        </extensions>
      </trkpt>
      <trkpt lat="23.05001855827867984771728515625" lon="113.31836418248713016510009765625">
        <ele>5.80000019073486328125</ele>
        <time>2026-09-14T22:49:39.000Z</time>
        <extensions>
          <ns3:TrackPointExtension>
            <ns3:hr>145</ns3:hr>
            <ns3:cad>82</ns3:cad>
          </ns3:TrackPointExtension>
        </extensions>
      </trkpt>
      <trkpt lat="23.05002358742058277130126953125" lon="113.31833668984472751617431640625">
        <ele>5.80000019073486328125</ele>
        <time>2026-09-14T22:49:40.000Z</time>
        <extensions>
          <ns3:TrackPointExtension>
            <ns3:hr>145</ns3:hr>
            <ns3:cad>82</ns3:cad>
          </ns3:TrackPointExtension>
        </extensions>
      </trkpt>
      <trkpt lat="23.0500354059040546417236328125" lon="113.318314142525196075439453125">
        <ele>5.80000019073486328125</ele>
        <time>2026-09-14T22:49:41.000Z</time>
        <extensions>
          <ns3:TrackPointExtension>
            <ns3:hr>146</ns3:hr>
            <ns3:cad>82</ns3:cad>
          </ns3:TrackPointExtension>
        </extensions>
      </trkpt>
      <trkpt lat="23.0500352382659912109375" lon="113.31829570233821868896484375">
        <ele>5.599999904632568359375</ele>
        <time>2026-09-14T22:49:42.000Z</time>
        <extensions>
          <ns3:TrackPointExtension>
            <ns3:hr>146</ns3:hr>
            <ns3:cad>82</ns3:cad>
          </ns3:TrackPointExtension>
        </extensions>
      </trkpt>
      <trkpt lat="23.05004169233143329620361328125" lon="113.3182690478861331939697265625">
        <ele>5.599999904632568359375</ele>
        <time>2026-09-14T22:49:43.000Z</time>
        <extensions>
          <ns3:TrackPointExtension>
            <ns3:hr>145</ns3:hr>
            <ns3:cad>82</ns3:cad>
          </ns3:TrackPointExtension>
        </extensions>
      </trkpt>
      <trkpt lat="23.05004873313009738922119140625" lon="113.31824717111885547637939453125">
        <ele>5.599999904632568359375</ele>
        <time>2026-09-14T22:49:44.000Z</time>
        <extensions>
          <ns3:TrackPointExtension>
            <ns3:hr>145</ns3:hr>
            <ns3:cad>82</ns3:cad>
          </ns3:TrackPointExtension>
        </extensions>
      </trkpt>
      <trkpt lat="23.050049655139446258544921875" lon="113.31822604872286319732666015625">
        <ele>5.599999904632568359375</ele>
        <time>2026-09-14T22:49:45.000Z</time>
        <extensions>
          <ns3:TrackPointExtension>
            <ns3:hr>145</ns3:hr>
            <ns3:cad>82</ns3:cad>
          </ns3:TrackPointExtension>
        </extensions>
      </trkpt>
      <trkpt lat="23.05005761794745922088623046875" lon="113.31819453276693820953369140625">
        <ele>5.599999904632568359375</ele>
        <time>2026-09-14T22:49:46.000Z</time>
        <extensions>
          <ns3:TrackPointExtension>
            <ns3:hr>146</ns3:hr>
            <ns3:cad>82</ns3:cad>
          </ns3:TrackPointExtension>
        </extensions>
      </trkpt>
      <trkpt lat="23.05005895905196666717529296875" lon="113.3181751705706119537353515625">
        <ele>5.599999904632568359375</ele>
        <time>2026-09-14T22:49:47.000Z</time>
        <extensions>
          <ns3:TrackPointExtension>
            <ns3:hr>146</ns3:hr>
            <ns3:cad>82</ns3:cad>
          </ns3:TrackPointExtension>
        </extensions>
      </trkpt>
      <trkpt lat="23.05005602538585662841796875" lon="113.31815329380333423614501953125">
        <ele>5.80000019073486328125</ele>
        <time>2026-09-14T22:49:48.000Z</time>
        <extensions>
          <ns3:TrackPointExtension>
            <ns3:hr>146</ns3:hr>
            <ns3:cad>82</ns3:cad>
          </ns3:TrackPointExtension>
        </extensions>
      </trkpt>
      <trkpt lat="23.05006943643093109130859375" lon="113.31812261603772640228271484375">
        <ele>5.80000019073486328125</ele>
        <time>2026-09-14T22:49:49.000Z</time>
        <extensions>
          <ns3:TrackPointExtension>
            <ns3:hr>146</ns3:hr>
            <ns3:cad>82</ns3:cad>
          </ns3:TrackPointExtension>
        </extensions>
      </trkpt>
      <trkpt lat="23.05006868205964565277099609375" lon="113.3181027509272098541259765625">
        <ele>5.80000019073486328125</ele>
        <time>2026-09-14T22:49:50.000Z</time>
        <extensions>
          <ns3:TrackPointExtension>
            <ns3:hr>145</ns3:hr>
            <ns3:cad>82</ns3:cad>
          </ns3:TrackPointExtension>
        </extensions>
      </trkpt>
      <trkpt lat="23.05006809532642364501953125" lon="113.3180750906467437744140625">
        <ele>5.80000019073486328125</ele>
        <time>2026-09-14T22:49:51.000Z</time>
        <extensions>
          <ns3:TrackPointExtension>
            <ns3:hr>146</ns3:hr>
            <ns3:cad>81</ns3:cad>
          </ns3:TrackPointExtension>
        </extensions>
      </trkpt>
      <trkpt lat="23.05007320828735828399658203125" lon="113.3180497772991657257080078125">
        <ele>5.80000019073486328125</ele>
        <time>2026-09-14T22:49:52.000Z</time>
        <extensions>
          <ns3:TrackPointExtension>
            <ns3:hr>146</ns3:hr>
            <ns3:cad>81</ns3:cad>
          </ns3:TrackPointExtension>
        </extensions>
      </trkpt>
      <trkpt lat="23.05007035844027996063232421875" lon="113.31802873872220516204833984375">
        <ele>5.80000019073486328125</ele>
        <time>2026-09-14T22:49:53.000Z</time>
        <extensions>
          <ns3:TrackPointExtension>
            <ns3:hr>145</ns3:hr>
            <ns3:cad>82</ns3:cad>
          </ns3:TrackPointExtension>
        </extensions>
      </trkpt>
      <trkpt lat="23.0500706098973751068115234375" lon="113.317994289100170135498046875">
        <ele>5.80000019073486328125</ele>
        <time>2026-09-14T22:49:54.000Z</time>
        <extensions>
          <ns3:TrackPointExtension>
            <ns3:hr>146</ns3:hr>
            <ns3:cad>82</ns3:cad>
          </ns3:TrackPointExtension>
        </extensions>
      </trkpt>
      <trkpt lat="23.05006901733577251434326171875" lon="113.317970819771289825439453125">
        <ele>5.80000019073486328125</ele>
        <time>2026-09-14T22:49:55.000Z</time>
        <extensions>
          <ns3:TrackPointExtension>
            <ns3:hr>146</ns3:hr>
            <ns3:cad>82</ns3:cad>
          </ns3:TrackPointExtension>
        </extensions>
      </trkpt>
      <trkpt lat="23.05006482638418674468994140625" lon="113.31794642843306064605712890625">
        <ele>6</ele>
        <time>2026-09-14T22:49:56.000Z</time>
        <extensions>
          <ns3:TrackPointExtension>
            <ns3:hr>145</ns3:hr>
            <ns3:cad>82</ns3:cad>
          </ns3:TrackPointExtension>
        </extensions>
      </trkpt>
      <trkpt lat="23.05006046779453754425048828125" lon="113.3179160021245479583740234375">
        <ele>6</ele>
        <time>2026-09-14T22:49:57.000Z</time>
        <extensions>
          <ns3:TrackPointExtension>
            <ns3:hr>146</ns3:hr>
            <ns3:cad>82</ns3:cad>
          </ns3:TrackPointExtension>
        </extensions>
      </trkpt>
      <trkpt lat="23.05006331764161586761474609375" lon="113.31789462827146053314208984375">
        <ele>6</ele>
        <time>2026-09-14T22:49:58.000Z</time>
        <extensions>
          <ns3:TrackPointExtension>
            <ns3:hr>146</ns3:hr>
            <ns3:cad>82</ns3:cad>
          </ns3:TrackPointExtension>
        </extensions>
      </trkpt>
      <trkpt lat="23.050061725080013275146484375" lon="113.31786730326712131500244140625">
        <ele>6</ele>
        <time>2026-09-14T22:49:59.000Z</time>
        <extensions>
          <ns3:TrackPointExtension>
            <ns3:hr>145</ns3:hr>
            <ns3:cad>81</ns3:cad>
          </ns3:TrackPointExtension>
        </extensions>
      </trkpt>
      <trkpt lat="23.0500689335167407989501953125" lon="113.31783846952021121978759765625">
        <ele>6</ele>
        <time>2026-09-14T22:50:00.000Z</time>
        <extensions>
          <ns3:TrackPointExtension>
            <ns3:hr>145</ns3:hr>
            <ns3:cad>81</ns3:cad>
          </ns3:TrackPointExtension>
        </extensions>
      </trkpt>
      <trkpt lat="23.05006398819386959075927734375" lon="113.31782036460936069488525390625">
        <ele>5.80000019073486328125</ele>
        <time>2026-09-14T22:50:01.000Z</time>
        <extensions>
          <ns3:TrackPointExtension>
            <ns3:hr>145</ns3:hr>
            <ns3:cad>82</ns3:cad>
          </ns3:TrackPointExtension>
        </extensions>
      </trkpt>
      <trkpt lat="23.05006465874612331390380859375" lon="113.317791782319545745849609375">
        <ele>5.80000019073486328125</ele>
        <time>2026-09-14T22:50:02.000Z</time>
        <extensions>
          <ns3:TrackPointExtension>
            <ns3:hr>145</ns3:hr>
            <ns3:cad>82</ns3:cad>
          </ns3:TrackPointExtension>
        </extensions>
      </trkpt>
      <trkpt lat="23.05006918497383594512939453125" lon="113.31776889972388744354248046875">
        <ele>5.80000019073486328125</ele>
        <time>2026-09-14T22:50:03.000Z</time>
        <extensions>
          <ns3:TrackPointExtension>
            <ns3:hr>146</ns3:hr>
            <ns3:cad>82</ns3:cad>
          </ns3:TrackPointExtension>
        </extensions>
      </trkpt>
      <trkpt lat="23.05006566457450389862060546875" lon="113.3177490346133708953857421875">
        <ele>5.80000019073486328125</ele>
        <time>2026-09-14T22:50:04.000Z</time>
        <extensions>
          <ns3:TrackPointExtension>
            <ns3:hr>145</ns3:hr>
            <ns3:cad>82</ns3:cad>
          </ns3:TrackPointExtension>
        </extensions>
      </trkpt>
      <trkpt lat="23.05007304064929485321044921875" lon="113.3177191950380802154541015625">
        <ele>5.80000019073486328125</ele>
        <time>2026-09-14T22:50:05.000Z</time>
        <extensions>
          <ns3:TrackPointExtension>
            <ns3:hr>145</ns3:hr>
            <ns3:cad>82</ns3:cad>
          </ns3:TrackPointExtension>
        </extensions>
      </trkpt>
      <trkpt lat="23.050079159438610076904296875" lon="113.3176970668137073516845703125">
        <ele>6</ele>
        <time>2026-09-14T22:50:06.000Z</time>
        <extensions>
          <ns3:TrackPointExtension>
            <ns3:hr>146</ns3:hr>
            <ns3:cad>81</ns3:cad>
          </ns3:TrackPointExtension>
        </extensions>
      </trkpt>
      <trkpt lat="23.05007739923894405364990234375" lon="113.31767451949417591094970703125">
        <ele>6</ele>
        <time>2026-09-14T22:50:07.000Z</time>
        <extensions>
          <ns3:TrackPointExtension>
            <ns3:hr>145</ns3:hr>
            <ns3:cad>81</ns3:cad>
          </ns3:TrackPointExtension>
        </extensions>
      </trkpt>
      <trkpt lat="23.05008427239954471588134765625" lon="113.31764736212790012359619140625">
        <ele>5.80000019073486328125</ele>
        <time>2026-09-14T22:50:08.000Z</time>
        <extensions>
          <ns3:TrackPointExtension>
            <ns3:hr>145</ns3:hr>
            <ns3:cad>81</ns3:cad>
          </ns3:TrackPointExtension>
        </extensions>
      </trkpt>
      <trkpt lat="23.05007806979119777679443359375" lon="113.31763059832155704498291015625">
        <ele>5.80000019073486328125</ele>
        <time>2026-09-14T22:50:09.000Z</time>
        <extensions>
          <ns3:TrackPointExtension>
            <ns3:hr>146</ns3:hr>
            <ns3:cad>82</ns3:cad>
          </ns3:TrackPointExtension>
        </extensions>
      </trkpt>
      <trkpt lat="23.05007622577250003814697265625" lon="113.31759824417531490325927734375">
        <ele>5.80000019073486328125</ele>
        <time>2026-09-14T22:50:10.000Z</time>
        <extensions>
          <ns3:TrackPointExtension>
            <ns3:hr>145</ns3:hr>
            <ns3:cad>82</ns3:cad>
          </ns3:TrackPointExtension>
        </extensions>
      </trkpt>
      <trkpt lat="23.05007882416248321533203125" lon="113.31757552921772003173828125">
        <ele>5.80000019073486328125</ele>
        <time>2026-09-14T22:50:11.000Z</time>
        <extensions>
          <ns3:TrackPointExtension>
            <ns3:hr>145</ns3:hr>
            <ns3:cad>82</ns3:cad>
          </ns3:TrackPointExtension>
        </extensions>
      </trkpt>
      <trkpt lat="23.05007203482091426849365234375" lon="113.31755666993558406829833984375">
        <ele>5.80000019073486328125</ele>
        <time>2026-09-14T22:50:12.000Z</time>
        <extensions>
          <ns3:TrackPointExtension>
            <ns3:hr>145</ns3:hr>
            <ns3:cad>82</ns3:cad>
          </ns3:TrackPointExtension>
        </extensions>
      </trkpt>
      <trkpt lat="23.05007320828735828399658203125" lon="113.31752724945545196533203125">
        <ele>6</ele>
        <time>2026-09-14T22:50:13.000Z</time>
        <extensions>
          <ns3:TrackPointExtension>
            <ns3:hr>144</ns3:hr>
            <ns3:cad>82</ns3:cad>
          </ns3:TrackPointExtension>
        </extensions>
      </trkpt>
      <trkpt lat="23.05007002316415309906005859375" lon="113.31751006655395030975341796875">
        <ele>6</ele>
        <time>2026-09-14T22:50:14.000Z</time>
        <extensions>
          <ns3:TrackPointExtension>
            <ns3:hr>144</ns3:hr>
            <ns3:cad>82</ns3:cad>
          </ns3:TrackPointExtension>
        </extensions>
      </trkpt>
      <trkpt lat="23.05006968788802623748779296875" lon="113.31748123280704021453857421875">
        <ele>6</ele>
        <time>2026-09-14T22:50:15.000Z</time>
        <extensions>
          <ns3:TrackPointExtension>
            <ns3:hr>144</ns3:hr>
            <ns3:cad>83</ns3:cad>
          </ns3:TrackPointExtension>
        </extensions>
      </trkpt>
      <trkpt lat="23.0500736273825168609619140625" lon="113.3174560032784938812255859375">
        <ele>6</ele>
        <time>2026-09-14T22:50:16.000Z</time>
        <extensions>
          <ns3:TrackPointExtension>
            <ns3:hr>144</ns3:hr>
            <ns3:cad>83</ns3:cad>
          </ns3:TrackPointExtension>
        </extensions>
      </trkpt>
      <trkpt lat="23.05006767623126506805419921875" lon="113.31743613816797733306884765625">
        <ele>6</ele>
        <time>2026-09-14T22:50:17.000Z</time>
        <extensions>
          <ns3:TrackPointExtension>
            <ns3:hr>144</ns3:hr>
            <ns3:cad>83</ns3:cad>
          </ns3:TrackPointExtension>
        </extensions>
      </trkpt>
      <trkpt lat="23.050068430602550506591796875" lon="113.31740780733525753021240234375">
        <ele>5.80000019073486328125</ele>
        <time>2026-09-14T22:50:18.000Z</time>
        <extensions>
          <ns3:TrackPointExtension>
            <ns3:hr>144</ns3:hr>
            <ns3:cad>83</ns3:cad>
          </ns3:TrackPointExtension>
        </extensions>
      </trkpt>
      <trkpt lat="23.0500702746212482452392578125" lon="113.317389450967311859130859375">
        <ele>5.80000019073486328125</ele>
        <time>2026-09-14T22:50:19.000Z</time>
        <extensions>
          <ns3:TrackPointExtension>
            <ns3:hr>144</ns3:hr>
            <ns3:cad>83</ns3:cad>
          </ns3:TrackPointExtension>
        </extensions>
      </trkpt>
      <trkpt lat="23.05007102899253368377685546875" lon="113.3173691667616367340087890625">
        <ele>6</ele>
        <time>2026-09-14T22:50:20.000Z</time>
        <extensions>
          <ns3:TrackPointExtension>
            <ns3:hr>144</ns3:hr>
            <ns3:cad>83</ns3:cad>
          </ns3:TrackPointExtension>
        </extensions>
      </trkpt>
      <trkpt lat="23.050073124468326568603515625" lon="113.31734427250921726226806640625">
        <ele>5.80000019073486328125</ele>
        <time>2026-09-14T22:50:21.000Z</time>
        <extensions>
          <ns3:TrackPointExtension>
            <ns3:hr>144</ns3:hr>
            <ns3:cad>83</ns3:cad>
          </ns3:TrackPointExtension>
        </extensions>
      </trkpt>
      <trkpt lat="23.05006683804094791412353515625" lon="113.31732432357966899871826171875">
        <ele>5.80000019073486328125</ele>
        <time>2026-09-14T22:50:22.000Z</time>
        <extensions>
          <ns3:TrackPointExtension>
            <ns3:hr>144</ns3:hr>
            <ns3:cad>83</ns3:cad>
          </ns3:TrackPointExtension>
        </extensions>
      </trkpt>
      <trkpt lat="23.0500628985464572906494140625" lon="113.317299596965312957763671875">
        <ele>5.80000019073486328125</ele>
        <time>2026-09-14T22:50:23.000Z</time>
        <extensions>
          <ns3:TrackPointExtension>
            <ns3:hr>144</ns3:hr>
            <ns3:cad>82</ns3:cad>
          </ns3:TrackPointExtension>
        </extensions>
      </trkpt>
      <trkpt lat="23.05006633512675762176513671875" lon="113.31727503798902034759521484375">
        <ele>5.80000019073486328125</ele>
        <time>2026-09-14T22:50:24.000Z</time>
        <extensions>
          <ns3:TrackPointExtension>
            <ns3:hr>144</ns3:hr>
            <ns3:cad>82</ns3:cad>
          </ns3:TrackPointExtension>
        </extensions>
      </trkpt>
      <trkpt lat="23.0500592105090618133544921875" lon="113.317250646650791168212890625">
        <ele>5.80000019073486328125</ele>
        <time>2026-09-14T22:50:25.000Z</time>
        <extensions>
          <ns3:TrackPointExtension>
            <ns3:hr>144</ns3:hr>
            <ns3:cad>82</ns3:cad>
          </ns3:TrackPointExtension>
        </extensions>
      </trkpt>
      <trkpt lat="23.0500605516135692596435546875" lon="113.3172203041613101959228515625">
        <ele>5.80000019073486328125</ele>
        <time>2026-09-14T22:50:26.000Z</time>
        <extensions>
          <ns3:TrackPointExtension>
            <ns3:hr>143</ns3:hr>
            <ns3:cad>82</ns3:cad>
          </ns3:TrackPointExtension>
        </extensions>
      </trkpt>
      <trkpt lat="23.05006004869937896728515625" lon="113.31719306297600269317626953125">
        <ele>5.80000019073486328125</ele>
        <time>2026-09-14T22:50:27.000Z</time>
        <extensions>
          <ns3:TrackPointExtension>
            <ns3:hr>144</ns3:hr>
            <ns3:cad>83</ns3:cad>
          </ns3:TrackPointExtension>
        </extensions>
      </trkpt>
      <trkpt lat="23.05005627684295177459716796875" lon="113.3171683363616466522216796875">
        <ele>5.80000019073486328125</ele>
        <time>2026-09-14T22:50:28.000Z</time>
        <extensions>
          <ns3:TrackPointExtension>
            <ns3:hr>143</ns3:hr>
            <ns3:cad>83</ns3:cad>
          </ns3:TrackPointExtension>
        </extensions>
      </trkpt>
      <trkpt lat="23.05005761794745922088623046875" lon="113.31713791005313396453857421875">
        <ele>5.80000019073486328125</ele>
        <time>2026-09-14T22:50:29.000Z</time>
        <extensions>
          <ns3:TrackPointExtension>
            <ns3:hr>143</ns3:hr>
            <ns3:cad>83</ns3:cad>
          </ns3:TrackPointExtension>
        </extensions>
      </trkpt>
      <trkpt lat="23.05004839785397052764892578125" lon="113.317121565341949462890625">
        <ele>5.80000019073486328125</ele>
        <time>2026-09-14T22:50:30.000Z</time>
        <extensions>
          <ns3:TrackPointExtension>
            <ns3:hr>143</ns3:hr>
            <ns3:cad>82</ns3:cad>
          </ns3:TrackPointExtension>
        </extensions>
      </trkpt>
      <trkpt lat="23.050043620169162750244140625" lon="113.31709147430956363677978515625">
        <ele>5.80000019073486328125</ele>
        <time>2026-09-14T22:50:31.000Z</time>
        <extensions>
          <ns3:TrackPointExtension>
            <ns3:hr>143</ns3:hr>
            <ns3:cad>82</ns3:cad>
          </ns3:TrackPointExtension>
        </extensions>
      </trkpt>
      <trkpt lat="23.05004169233143329620361328125" lon="113.31706817261874675750732421875">
        <ele>5.80000019073486328125</ele>
        <time>2026-09-14T22:50:32.000Z</time>
        <extensions>
          <ns3:TrackPointExtension>
            <ns3:hr>142</ns3:hr>
            <ns3:cad>82</ns3:cad>
          </ns3:TrackPointExtension>
        </extensions>
      </trkpt>
      <trkpt lat="23.0500303767621517181396484375" lon="113.317047469317913055419921875">
        <ele>5.80000019073486328125</ele>
        <time>2026-09-14T22:50:33.000Z</time>
        <extensions>
          <ns3:TrackPointExtension>
            <ns3:hr>141</ns3:hr>
            <ns3:cad>83</ns3:cad>
          </ns3:TrackPointExtension>
        </extensions>
      </trkpt>
      <trkpt lat="23.05001570843160152435302734375" lon="113.3170156180858612060546875">
        <ele>5.80000019073486328125</ele>
        <time>2026-09-14T22:50:34.000Z</time>
        <extensions>
          <ns3:TrackPointExtension>
            <ns3:hr>141</ns3:hr>
            <ns3:cad>83</ns3:cad>
          </ns3:TrackPointExtension>
        </extensions>
      </trkpt>
      <trkpt lat="23.05000900290906429290771484375" lon="113.3169936574995517730712890625">
        <ele>6</ele>
        <time>2026-09-14T22:50:35.000Z</time>
        <extensions>
          <ns3:TrackPointExtension>
            <ns3:hr>140</ns3:hr>
            <ns3:cad>82</ns3:cad>
          </ns3:TrackPointExtension>
        </extensions>
      </trkpt>
      <trkpt lat="23.04999542422592639923095703125" lon="113.316974379122257232666015625">
        <ele>6</ele>
        <time>2026-09-14T22:50:36.000Z</time>
        <extensions>
          <ns3:TrackPointExtension>
            <ns3:hr>140</ns3:hr>
            <ns3:cad>82</ns3:cad>
          </ns3:TrackPointExtension>
        </extensions>
      </trkpt>
      <trkpt lat="23.04997690021991729736328125" lon="113.31694965250790119171142578125">
        <ele>6</ele>
        <time>2026-09-14T22:50:37.000Z</time>
        <extensions>
          <ns3:TrackPointExtension>
            <ns3:hr>140</ns3:hr>
            <ns3:cad>82</ns3:cad>
          </ns3:TrackPointExtension>
        </extensions>
      </trkpt>
      <trkpt lat="23.04996374063193798065185546875" lon="113.31694093532860279083251953125">
        <ele>6</ele>
        <time>2026-09-14T22:50:38.000Z</time>
        <extensions>
          <ns3:TrackPointExtension>
            <ns3:hr>139</ns3:hr>
            <ns3:cad>82</ns3:cad>
          </ns3:TrackPointExtension>
        </extensions>
      </trkpt>
      <trkpt lat="23.0499482341110706329345703125" lon="113.31692299805581569671630859375">
        <ele>6</ele>
        <time>2026-09-14T22:50:39.000Z</time>
        <extensions>
          <ns3:TrackPointExtension>
            <ns3:hr>139</ns3:hr>
            <ns3:cad>82</ns3:cad>
          </ns3:TrackPointExtension>
        </extensions>
      </trkpt>
      <trkpt lat="23.04993121884763240814208984375" lon="113.31690765917301177978515625">
        <ele>6</ele>
        <time>2026-09-14T22:50:40.000Z</time>
        <extensions>
          <ns3:TrackPointExtension>
            <ns3:hr>140</ns3:hr>
            <ns3:cad>82</ns3:cad>
          </ns3:TrackPointExtension>
        </extensions>
      </trkpt>
      <trkpt lat="23.04991411976516246795654296875" lon="113.3169054798781871795654296875">
        <ele>5.80000019073486328125</ele>
        <time>2026-09-14T22:50:41.000Z</time>
        <extensions>
          <ns3:TrackPointExtension>
            <ns3:hr>140</ns3:hr>
            <ns3:cad>82</ns3:cad>
          </ns3:TrackPointExtension>
        </extensions>
      </trkpt>
      <trkpt lat="23.04989014752209186553955078125" lon="113.31689265556633472442626953125">
        <ele>5.80000019073486328125</ele>
        <time>2026-09-14T22:50:42.000Z</time>
        <extensions>
          <ns3:TrackPointExtension>
            <ns3:hr>140</ns3:hr>
            <ns3:cad>82</ns3:cad>
          </ns3:TrackPointExtension>
        </extensions>
      </trkpt>
      <trkpt lat="23.049872629344463348388671875" lon="113.31688712351024150848388671875">
        <ele>5.80000019073486328125</ele>
        <time>2026-09-14T22:50:43.000Z</time>
        <extensions>
          <ns3:TrackPointExtension>
            <ns3:hr>140</ns3:hr>
            <ns3:cad>82</ns3:cad>
          </ns3:TrackPointExtension>
        </extensions>
      </trkpt>
      <trkpt lat="23.049853183329105377197265625" lon="113.3168873749673366546630859375">
        <ele>5.80000019073486328125</ele>
        <time>2026-09-14T22:50:44.000Z</time>
        <extensions>
          <ns3:TrackPointExtension>
            <ns3:hr>140</ns3:hr>
            <ns3:cad>82</ns3:cad>
          </ns3:TrackPointExtension>
        </extensions>
      </trkpt>
      <trkpt lat="23.0498295463621616363525390625" lon="113.31688092090189456939697265625">
        <ele>5.80000019073486328125</ele>
        <time>2026-09-14T22:50:45.000Z</time>
        <extensions>
          <ns3:TrackPointExtension>
            <ns3:hr>140</ns3:hr>
            <ns3:cad>82</ns3:cad>
          </ns3:TrackPointExtension>
        </extensions>
      </trkpt>
      <trkpt lat="23.04981169290840625762939453125" lon="113.31688083708286285400390625">
        <ele>5.80000019073486328125</ele>
        <time>2026-09-14T22:50:46.000Z</time>
        <extensions>
          <ns3:TrackPointExtension>
            <ns3:hr>140</ns3:hr>
            <ns3:cad>82</ns3:cad>
          </ns3:TrackPointExtension>
        </extensions>
      </trkpt>
      <trkpt lat="23.0497846193611621856689453125" lon="113.3168810047209262847900390625">
        <ele>5.80000019073486328125</ele>
        <time>2026-09-14T22:50:47.000Z</time>
        <extensions>
          <ns3:TrackPointExtension>
            <ns3:hr>140</ns3:hr>
            <ns3:cad>82</ns3:cad>
          </ns3:TrackPointExtension>
        </extensions>
      </trkpt>
      <trkpt lat="23.04976274259388446807861328125" lon="113.31688192673027515411376953125">
        <ele>5.80000019073486328125</ele>
        <time>2026-09-14T22:50:48.000Z</time>
        <extensions>
          <ns3:TrackPointExtension>
            <ns3:hr>140</ns3:hr>
            <ns3:cad>83</ns3:cad>
          </ns3:TrackPointExtension>
        </extensions>
      </trkpt>
      <trkpt lat="23.04974061436951160430908203125" lon="113.3168856985867023468017578125">
        <ele>5.80000019073486328125</ele>
        <time>2026-09-14T22:50:49.000Z</time>
        <extensions>
          <ns3:TrackPointExtension>
            <ns3:hr>140</ns3:hr>
            <ns3:cad>83</ns3:cad>
          </ns3:TrackPointExtension>
        </extensions>
      </trkpt>
      <trkpt lat="23.04971228353679180145263671875" lon="113.31688242964446544647216796875">
        <ele>5.80000019073486328125</ele>
        <time>2026-09-14T22:50:50.000Z</time>
        <extensions>
          <ns3:TrackPointExtension>
            <ns3:hr>140</ns3:hr>
            <ns3:cad>83</ns3:cad>
          </ns3:TrackPointExtension>
        </extensions>
      </trkpt>
      <trkpt lat="23.04969049058854579925537109375" lon="113.3168799988925457000732421875">
        <ele>5.80000019073486328125</ele>
        <time>2026-09-14T22:50:51.000Z</time>
        <extensions>
          <ns3:TrackPointExtension>
            <ns3:hr>141</ns3:hr>
            <ns3:cad>83</ns3:cad>
          </ns3:TrackPointExtension>
        </extensions>
      </trkpt>
      <trkpt lat="23.04966509342193603515625" lon="113.3168788254261016845703125">
        <ele>5.80000019073486328125</ele>
        <time>2026-09-14T22:50:52.000Z</time>
        <extensions>
          <ns3:TrackPointExtension>
            <ns3:hr>140</ns3:hr>
            <ns3:cad>83</ns3:cad>
          </ns3:TrackPointExtension>
        </extensions>
      </trkpt>
      <trkpt lat="23.0496377684175968170166015625" lon="113.3168783225119113922119140625">
        <ele>5.80000019073486328125</ele>
        <time>2026-09-14T22:50:53.000Z</time>
        <extensions>
          <ns3:TrackPointExtension>
            <ns3:hr>140</ns3:hr>
            <ns3:cad>83</ns3:cad>
          </ns3:TrackPointExtension>
        </extensions>
      </trkpt>
      <trkpt lat="23.04961614310741424560546875" lon="113.3168806694447994232177734375">
        <ele>5.80000019073486328125</ele>
        <time>2026-09-14T22:50:54.000Z</time>
        <extensions>
          <ns3:TrackPointExtension>
            <ns3:hr>140</ns3:hr>
            <ns3:cad>83</ns3:cad>
          </ns3:TrackPointExtension>
        </extensions>
      </trkpt>
      <trkpt lat="23.04959108121693134307861328125" lon="113.31686608493328094482421875">
        <ele>5.80000019073486328125</ele>
        <time>2026-09-14T22:50:55.000Z</time>
        <extensions>
          <ns3:TrackPointExtension>
            <ns3:hr>140</ns3:hr>
            <ns3:cad>83</ns3:cad>
          </ns3:TrackPointExtension>
        </extensions>
      </trkpt>
      <trkpt lat="23.0495767481625080108642578125" lon="113.3168538473546504974365234375">
        <ele>5.80000019073486328125</ele>
        <time>2026-09-14T22:50:56.000Z</time>
        <extensions>
          <ns3:TrackPointExtension>
            <ns3:hr>141</ns3:hr>
            <ns3:cad>83</ns3:cad>
          </ns3:TrackPointExtension>
        </extensions>
      </trkpt>
      <trkpt lat="23.04955570958554744720458984375" lon="113.316843621432781219482421875">
        <ele>5.80000019073486328125</ele>
        <time>2026-09-14T22:50:57.000Z</time>
        <extensions>
          <ns3:TrackPointExtension>
            <ns3:hr>140</ns3:hr>
            <ns3:cad>83</ns3:cad>
          </ns3:TrackPointExtension>
        </extensions>
      </trkpt>
      <trkpt lat="23.04953970015048980712890625" lon="113.3168203197419643402099609375">
        <ele>5.80000019073486328125</ele>
        <time>2026-09-14T22:50:58.000Z</time>
        <extensions>
          <ns3:TrackPointExtension>
            <ns3:hr>140</ns3:hr>
            <ns3:cad>83</ns3:cad>
          </ns3:TrackPointExtension>
        </extensions>
      </trkpt>
      <trkpt lat="23.049524612724781036376953125" lon="113.3168062381446361541748046875">
        <ele>5.80000019073486328125</ele>
        <time>2026-09-14T22:50:59.000Z</time>
        <extensions>
          <ns3:TrackPointExtension>
            <ns3:hr>140</ns3:hr>
            <ns3:cad>83</ns3:cad>
          </ns3:TrackPointExtension>
        </extensions>
      </trkpt>
      <trkpt lat="23.04951195605099201202392578125" lon="113.31678050570189952850341796875">
        <ele>5.80000019073486328125</ele>
        <time>2026-09-14T22:51:00.000Z</time>
        <extensions>
          <ns3:TrackPointExtension>
            <ns3:hr>140</ns3:hr>
            <ns3:cad>83</ns3:cad>
          </ns3:TrackPointExtension>
        </extensions>
      </trkpt>
      <trkpt lat="23.04951690137386322021484375" lon="113.316755779087543487548828125">
        <ele>5.80000019073486328125</ele>
        <time>2026-09-14T22:51:01.000Z</time>
        <extensions>
          <ns3:TrackPointExtension>
            <ns3:hr>139</ns3:hr>
            <ns3:cad>83</ns3:cad>
          </ns3:TrackPointExtension>
        </extensions>
      </trkpt>
      <trkpt lat="23.0495180748403072357177734375" lon="113.31673054955899715423583984375">
        <ele>5.80000019073486328125</ele>
        <time>2026-09-14T22:51:02.000Z</time>
        <extensions>
          <ns3:TrackPointExtension>
            <ns3:hr>139</ns3:hr>
            <ns3:cad>82</ns3:cad>
          </ns3:TrackPointExtension>
        </extensions>
      </trkpt>
      <trkpt lat="23.0495187453925609588623046875" lon="113.31669568084180355072021484375">
        <ele>5.80000019073486328125</ele>
        <time>2026-09-14T22:51:03.000Z</time>
        <extensions>
          <ns3:TrackPointExtension>
            <ns3:hr>139</ns3:hr>
            <ns3:cad>82</ns3:cad>
          </ns3:TrackPointExtension>
        </extensions>
      </trkpt>
      <trkpt lat="23.04952285252511501312255859375" lon="113.316670618951320648193359375">
        <ele>6</ele>
        <time>2026-09-14T22:51:04.000Z</time>
        <extensions>
          <ns3:TrackPointExtension>
            <ns3:hr>139</ns3:hr>
            <ns3:cad>82</ns3:cad>
          </ns3:TrackPointExtension>
        </extensions>
      </trkpt>
      <trkpt lat="23.0495204217731952667236328125" lon="113.31664480268955230712890625">
        <ele>6.19999980926513671875</ele>
        <time>2026-09-14T22:51:05.000Z</time>
        <extensions>
          <ns3:TrackPointExtension>
            <ns3:hr>140</ns3:hr>
            <ns3:cad>82</ns3:cad>
          </ns3:TrackPointExtension>
        </extensions>
      </trkpt>
      <trkpt lat="23.0495214276015758514404296875" lon="113.3166174776852130889892578125">
        <ele>6.19999980926513671875</ele>
        <time>2026-09-14T22:51:06.000Z</time>
        <extensions>
          <ns3:TrackPointExtension>
            <ns3:hr>139</ns3:hr>
            <ns3:cad>82</ns3:cad>
          </ns3:TrackPointExtension>
        </extensions>
      </trkpt>
      <trkpt lat="23.04951287806034088134765625" lon="113.31660431809723377227783203125">
        <ele>6</ele>
        <time>2026-09-14T22:51:07.000Z</time>
        <extensions>
          <ns3:TrackPointExtension>
            <ns3:hr>139</ns3:hr>
            <ns3:cad>82</ns3:cad>
          </ns3:TrackPointExtension>
        </extensions>
      </trkpt>
      <trkpt lat="23.04951329715549945831298828125" lon="113.31656877882778644561767578125">
        <ele>6</ele>
        <time>2026-09-14T22:51:08.000Z</time>
        <extensions>
          <ns3:TrackPointExtension>
            <ns3:hr>139</ns3:hr>
            <ns3:cad>82</ns3:cad>
          </ns3:TrackPointExtension>
        </extensions>
      </trkpt>
      <trkpt lat="23.04951958358287811279296875" lon="113.31655167974531650543212890625">
        <ele>6</ele>
        <time>2026-09-14T22:51:09.000Z</time>
        <extensions>
          <ns3:TrackPointExtension>
            <ns3:hr>140</ns3:hr>
            <ns3:cad>82</ns3:cad>
          </ns3:TrackPointExtension>
        </extensions>
      </trkpt>
      <trkpt lat="23.0495231039822101593017578125" lon="113.31653055734932422637939453125">
        <ele>6</ele>
        <time>2026-09-14T22:51:10.000Z</time>
        <extensions>
          <ns3:TrackPointExtension>
            <ns3:hr>139</ns3:hr>
            <ns3:cad>82</ns3:cad>
          </ns3:TrackPointExtension>
        </extensions>
      </trkpt>
      <trkpt lat="23.04954514838755130767822265625" lon="113.31650792621076107025146484375">
        <ele>6</ele>
        <time>2026-09-14T22:51:11.000Z</time>
        <extensions>
          <ns3:TrackPointExtension>
            <ns3:hr>139</ns3:hr>
            <ns3:cad>82</ns3:cad>
          </ns3:TrackPointExtension>
        </extensions>
      </trkpt>
      <trkpt lat="23.049566857516765594482421875" lon="113.31650189124047756195068359375">
        <ele>6</ele>
        <time>2026-09-14T22:51:12.000Z</time>
        <extensions>
          <ns3:TrackPointExtension>
            <ns3:hr>140</ns3:hr>
            <ns3:cad>82</ns3:cad>
          </ns3:TrackPointExtension>
        </extensions>
      </trkpt>
      <trkpt lat="23.04959208704531192779541015625" lon="113.3164872229099273681640625">
        <ele>6</ele>
        <time>2026-09-14T22:51:13.000Z</time>
        <extensions>
          <ns3:TrackPointExtension>
            <ns3:hr>139</ns3:hr>
            <ns3:cad>82</ns3:cad>
          </ns3:TrackPointExtension>
        </extensions>
      </trkpt>
      <trkpt lat="23.049619495868682861328125" lon="113.3164837025105953216552734375">
        <ele>6</ele>
        <time>2026-09-14T22:51:14.000Z</time>
        <extensions>
          <ns3:TrackPointExtension>
            <ns3:hr>139</ns3:hr>
            <ns3:cad>82</ns3:cad>
          </ns3:TrackPointExtension>
        </extensions>
      </trkpt>
      <trkpt lat="23.04963801987469196319580078125" lon="113.31647305749356746673583984375">
        <ele>6</ele>
        <time>2026-09-14T22:51:15.000Z</time>
        <extensions>
          <ns3:TrackPointExtension>
            <ns3:hr>140</ns3:hr>
            <ns3:cad>82</ns3:cad>
          </ns3:TrackPointExtension>
        </extensions>
      </trkpt>
      <trkpt lat="23.04966400377452373504638671875" lon="113.316467106342315673828125">
        <ele>6</ele>
        <time>2026-09-14T22:51:16.000Z</time>
        <extensions>
          <ns3:TrackPointExtension>
            <ns3:hr>139</ns3:hr>
            <ns3:cad>82</ns3:cad>
          </ns3:TrackPointExtension>
        </extensions>
      </trkpt>
      <trkpt lat="23.04968730546534061431884765625" lon="113.31647054292261600494384765625">
        <ele>6</ele>
        <time>2026-09-14T22:51:17.000Z</time>
        <extensions>
          <ns3:TrackPointExtension>
            <ns3:hr>139</ns3:hr>
            <ns3:cad>83</ns3:cad>
          </ns3:TrackPointExtension>
        </extensions>
      </trkpt>
      <trkpt lat="23.0497091822326183319091796875" lon="113.31646199338138103485107421875">
        <ele>6</ele>
        <time>2026-09-14T22:51:18.000Z</time>
        <extensions>
          <ns3:TrackPointExtension>
            <ns3:hr>139</ns3:hr>
            <ns3:cad>83</ns3:cad>
          </ns3:TrackPointExtension>
        </extensions>
      </trkpt>
      <trkpt lat="23.04973977617919445037841796875" lon="113.31645813770592212677001953125">
        <ele>6</ele>
        <time>2026-09-14T22:51:19.000Z</time>
        <extensions>
          <ns3:TrackPointExtension>
            <ns3:hr>138</ns3:hr>
            <ns3:cad>83</ns3:cad>
          </ns3:TrackPointExtension>
        </extensions>
      </trkpt>
      <trkpt lat="23.049757964909076690673828125" lon="113.31645570695400238037109375">
        <ele>6</ele>
        <time>2026-09-14T22:51:20.000Z</time>
        <extensions>
          <ns3:TrackPointExtension>
            <ns3:hr>138</ns3:hr>
            <ns3:cad>82</ns3:cad>
          </ns3:TrackPointExtension>
        </extensions>
      </trkpt>
      <trkpt lat="23.049780428409576416015625" lon="113.31644975580275058746337890625">
        <ele>6</ele>
        <time>2026-09-14T22:51:21.000Z</time>
        <extensions>
          <ns3:TrackPointExtension>
            <ns3:hr>138</ns3:hr>
            <ns3:cad>82</ns3:cad>
          </ns3:TrackPointExtension>
        </extensions>
      </trkpt>
      <trkpt lat="23.04980649612843990325927734375" lon="113.31644631922245025634765625">
        <ele>6</ele>
        <time>2026-09-14T22:51:22.000Z</time>
        <extensions>
          <ns3:TrackPointExtension>
            <ns3:hr>138</ns3:hr>
            <ns3:cad>82</ns3:cad>
          </ns3:TrackPointExtension>
        </extensions>
      </trkpt>
      <trkpt lat="23.049817644059658050537109375" lon="113.31643399782478809356689453125">
        <ele>5.80000019073486328125</ele>
        <time>2026-09-14T22:51:23.000Z</time>
        <extensions>
          <ns3:TrackPointExtension>
            <ns3:hr>138</ns3:hr>
            <ns3:cad>82</ns3:cad>
          </ns3:TrackPointExtension>
        </extensions>
      </trkpt>
      <trkpt lat="23.04984102956950664520263671875" lon="113.31642595119774341583251953125">
        <ele>5.80000019073486328125</ele>
        <time>2026-09-14T22:51:24.000Z</time>
        <extensions>
          <ns3:TrackPointExtension>
            <ns3:hr>138</ns3:hr>
            <ns3:cad>82</ns3:cad>
          </ns3:TrackPointExtension>
        </extensions>
      </trkpt>
      <trkpt lat="23.04986047558486461639404296875" lon="113.31641438417136669158935546875">
        <ele>5.80000019073486328125</ele>
        <time>2026-09-14T22:51:25.000Z</time>
        <extensions>
          <ns3:TrackPointExtension>
            <ns3:hr>138</ns3:hr>
            <ns3:cad>82</ns3:cad>
          </ns3:TrackPointExtension>
        </extensions>
      </trkpt>
      <trkpt lat="23.049871958792209625244140625" lon="113.3163928426802158355712890625">
        <ele>6</ele>
        <time>2026-09-14T22:51:26.000Z</time>
        <extensions>
          <ns3:TrackPointExtension>
            <ns3:hr>138</ns3:hr>
            <ns3:cad>82</ns3:cad>
          </ns3:TrackPointExtension>
        </extensions>
      </trkpt>
      <trkpt lat="23.04989215917885303497314453125" lon="113.31636719405651092529296875">
        <ele>6</ele>
        <time>2026-09-14T22:51:27.000Z</time>
        <extensions>
          <ns3:TrackPointExtension>
            <ns3:hr>138</ns3:hr>
            <ns3:cad>82</ns3:cad>
          </ns3:TrackPointExtension>
        </extensions>
      </trkpt>
      <trkpt lat="23.04990741424262523651123046875" lon="113.3163495920598506927490234375">
        <ele>6</ele>
        <time>2026-09-14T22:51:28.000Z</time>
        <extensions>
          <ns3:TrackPointExtension>
            <ns3:hr>138</ns3:hr>
            <ns3:cad>82</ns3:cad>
          </ns3:TrackPointExtension>
        </extensions>
      </trkpt>
      <trkpt lat="23.04991680197417736053466796875" lon="113.31632821820676326751708984375">
        <ele>6</ele>
        <time>2026-09-14T22:51:29.000Z</time>
        <extensions>
          <ns3:TrackPointExtension>
            <ns3:hr>138</ns3:hr>
            <ns3:cad>82</ns3:cad>
          </ns3:TrackPointExtension>
        </extensions>
      </trkpt>
      <trkpt lat="23.049929626286029815673828125" lon="113.31630324013531208038330078125">
        <ele>6</ele>
        <time>2026-09-14T22:51:30.000Z</time>
        <extensions>
          <ns3:TrackPointExtension>
            <ns3:hr>138</ns3:hr>
            <ns3:cad>82</ns3:cad>
          </ns3:TrackPointExtension>
        </extensions>
      </trkpt>
      <trkpt lat="23.04993423633277416229248046875" lon="113.3162818662822246551513671875">
        <ele>6</ele>
        <time>2026-09-14T22:51:31.000Z</time>
        <extensions>
          <ns3:TrackPointExtension>
            <ns3:hr>138</ns3:hr>
            <ns3:cad>82</ns3:cad>
          </ns3:TrackPointExtension>
        </extensions>
      </trkpt>
      <trkpt lat="23.04994312115013599395751953125" lon="113.316250853240489959716796875">
        <ele>6</ele>
        <time>2026-09-14T22:51:32.000Z</time>
        <extensions>
          <ns3:TrackPointExtension>
            <ns3:hr>138</ns3:hr>
            <ns3:cad>82</ns3:cad>
          </ns3:TrackPointExtension>
        </extensions>
      </trkpt>
      <trkpt lat="23.04994295351207256317138671875" lon="113.31623031757771968841552734375">
        <ele>6</ele>
        <time>2026-09-14T22:51:33.000Z</time>
        <extensions>
          <ns3:TrackPointExtension>
            <ns3:hr>138</ns3:hr>
            <ns3:cad>82</ns3:cad>
          </ns3:TrackPointExtension>
        </extensions>
      </trkpt>
      <trkpt lat="23.04993557743728160858154296875" lon="113.3162097819149494171142578125">
        <ele>5.80000019073486328125</ele>
        <time>2026-09-14T22:51:34.000Z</time>
        <extensions>
          <ns3:TrackPointExtension>
            <ns3:hr>138</ns3:hr>
            <ns3:cad>82</ns3:cad>
          </ns3:TrackPointExtension>
        </extensions>
      </trkpt>
      <trkpt lat="23.04993331432342529296875" lon="113.3161759190261363983154296875">
        <ele>5.80000019073486328125</ele>
        <time>2026-09-14T22:51:35.000Z</time>
        <extensions>
          <ns3:TrackPointExtension>
            <ns3:hr>138</ns3:hr>
            <ns3:cad>82</ns3:cad>
          </ns3:TrackPointExtension>
        </extensions>
      </trkpt>
      <trkpt lat="23.04993641562759876251220703125" lon="113.3161573112010955810546875">
        <ele>6</ele>
        <time>2026-09-14T22:51:36.000Z</time>
        <extensions>
          <ns3:TrackPointExtension>
            <ns3:hr>138</ns3:hr>
            <ns3:cad>82</ns3:cad>
          </ns3:TrackPointExtension>
        </extensions>
      </trkpt>
      <trkpt lat="23.0499328114092350006103515625" lon="113.31613409332931041717529296875">
        <ele>6</ele>
        <time>2026-09-14T22:51:37.000Z</time>
        <extensions>
          <ns3:TrackPointExtension>
            <ns3:hr>138</ns3:hr>
            <ns3:cad>83</ns3:cad>
          </ns3:TrackPointExtension>
        </extensions>
      </trkpt>
      <trkpt lat="23.04993742145597934722900390625" lon="113.3161036670207977294921875">
        <ele>6</ele>
        <time>2026-09-14T22:51:38.000Z</time>
        <extensions>
          <ns3:TrackPointExtension>
            <ns3:hr>138</ns3:hr>
            <ns3:cad>83</ns3:cad>
          </ns3:TrackPointExtension>
        </extensions>
      </trkpt>
      <trkpt lat="23.049928285181522369384765625" lon="113.3160864003002643585205078125">
        <ele>5.80000019073486328125</ele>
        <time>2026-09-14T22:51:39.000Z</time>
        <extensions>
          <ns3:TrackPointExtension>
            <ns3:hr>138</ns3:hr>
            <ns3:cad>82</ns3:cad>
          </ns3:TrackPointExtension>
        </extensions>
      </trkpt>
      <trkpt lat="23.04992258548736572265625" lon="113.31605664454400539398193359375">
        <ele>5.80000019073486328125</ele>
        <time>2026-09-14T22:51:40.000Z</time>
        <extensions>
          <ns3:TrackPointExtension>
            <ns3:hr>138</ns3:hr>
            <ns3:cad>82</ns3:cad>
          </ns3:TrackPointExtension>
        </extensions>
      </trkpt>
      <trkpt lat="23.04992417804896831512451171875" lon="113.31603116355836391448974609375">
        <ele>5.80000019073486328125</ele>
        <time>2026-09-14T22:51:41.000Z</time>
        <extensions>
          <ns3:TrackPointExtension>
            <ns3:hr>138</ns3:hr>
            <ns3:cad>82</ns3:cad>
          </ns3:TrackPointExtension>
        </extensions>
      </trkpt>
      <trkpt lat="23.04991914890706539154052734375" lon="113.3160092867910861968994140625">
        <ele>5.80000019073486328125</ele>
        <time>2026-09-14T22:51:42.000Z</time>
        <extensions>
          <ns3:TrackPointExtension>
            <ns3:hr>138</ns3:hr>
            <ns3:cad>82</ns3:cad>
          </ns3:TrackPointExtension>
        </extensions>
      </trkpt>
      <trkpt lat="23.0499126948416233062744140625" lon="113.31597802229225635528564453125">
        <ele>5.80000019073486328125</ele>
        <time>2026-09-14T22:51:43.000Z</time>
        <extensions>
          <ns3:TrackPointExtension>
            <ns3:hr>138</ns3:hr>
            <ns3:cad>82</ns3:cad>
          </ns3:TrackPointExtension>
        </extensions>
      </trkpt>
      <trkpt lat="23.0499120242893695831298828125" lon="113.31595907919108867645263671875">
        <ele>6</ele>
        <time>2026-09-14T22:51:44.000Z</time>
        <extensions>
          <ns3:TrackPointExtension>
            <ns3:hr>138</ns3:hr>
            <ns3:cad>82</ns3:cad>
          </ns3:TrackPointExtension>
        </extensions>
      </trkpt>
      <trkpt lat="23.04990322329103946685791015625" lon="113.3159372024238109588623046875">
        <ele>6</ele>
        <time>2026-09-14T22:51:45.000Z</time>
        <extensions>
          <ns3:TrackPointExtension>
            <ns3:hr>138</ns3:hr>
            <ns3:cad>82</ns3:cad>
          </ns3:TrackPointExtension>
        </extensions>
      </trkpt>
      <trkpt lat="23.04990741424262523651123046875" lon="113.315904848277568817138671875">
        <ele>6</ele>
        <time>2026-09-14T22:51:46.000Z</time>
        <extensions>
          <ns3:TrackPointExtension>
            <ns3:hr>138</ns3:hr>
            <ns3:cad>82</ns3:cad>
          </ns3:TrackPointExtension>
        </extensions>
      </trkpt>
      <trkpt lat="23.04990355856716632843017578125" lon="113.31588649190962314605712890625">
        <ele>5.80000019073486328125</ele>
        <time>2026-09-14T22:51:47.000Z</time>
        <extensions>
          <ns3:TrackPointExtension>
            <ns3:hr>138</ns3:hr>
            <ns3:cad>82</ns3:cad>
          </ns3:TrackPointExtension>
        </extensions>
      </trkpt>
      <trkpt lat="23.04990473203361034393310546875" lon="113.31585824489593505859375">
        <ele>5.80000019073486328125</ele>
        <time>2026-09-14T22:51:48.000Z</time>
        <extensions>
          <ns3:TrackPointExtension>
            <ns3:hr>139</ns3:hr>
            <ns3:cad>82</ns3:cad>
          </ns3:TrackPointExtension>
        </extensions>
      </trkpt>
      <trkpt lat="23.04991076700389385223388671875" lon="113.31583150662481784820556640625">
        <ele>5.80000019073486328125</ele>
        <time>2026-09-14T22:51:49.000Z</time>
        <extensions>
          <ns3:TrackPointExtension>
            <ns3:hr>139</ns3:hr>
            <ns3:cad>82</ns3:cad>
          </ns3:TrackPointExtension>
        </extensions>
      </trkpt>
      <trkpt lat="23.04990741424262523651123046875" lon="113.31580854021012783050537109375">
        <ele>5.80000019073486328125</ele>
        <time>2026-09-14T22:51:50.000Z</time>
        <extensions>
          <ns3:TrackPointExtension>
            <ns3:hr>139</ns3:hr>
            <ns3:cad>82</ns3:cad>
          </ns3:TrackPointExtension>
        </extensions>
      </trkpt>
      <trkpt lat="23.04990657605230808258056640625" lon="113.315776102244853973388671875">
        <ele>5.80000019073486328125</ele>
        <time>2026-09-14T22:51:51.000Z</time>
        <extensions>
          <ns3:TrackPointExtension>
            <ns3:hr>139</ns3:hr>
            <ns3:cad>82</ns3:cad>
          </ns3:TrackPointExtension>
        </extensions>
      </trkpt>
      <trkpt lat="23.04990607313811779022216796875" lon="113.31575439311563968658447265625">
        <ele>6</ele>
        <time>2026-09-14T22:51:52.000Z</time>
        <extensions>
          <ns3:TrackPointExtension>
            <ns3:hr>139</ns3:hr>
            <ns3:cad>82</ns3:cad>
          </ns3:TrackPointExtension>
        </extensions>
      </trkpt>
      <trkpt lat="23.0498992837965488433837890625" lon="113.31573016941547393798828125">
        <ele>6</ele>
        <time>2026-09-14T22:51:53.000Z</time>
        <extensions>
          <ns3:TrackPointExtension>
            <ns3:hr>139</ns3:hr>
            <ns3:cad>82</ns3:cad>
          </ns3:TrackPointExtension>
        </extensions>
      </trkpt>
      <trkpt lat="23.049902133643627166748046875" lon="113.31569538451731204986572265625">
        <ele>6</ele>
        <time>2026-09-14T22:51:54.000Z</time>
        <extensions>
          <ns3:TrackPointExtension>
            <ns3:hr>139</ns3:hr>
            <ns3:cad>82</ns3:cad>
          </ns3:TrackPointExtension>
        </extensions>
      </trkpt>
      <trkpt lat="23.0498966015875339508056640625" lon="113.31567308865487575531005859375">
        <ele>6</ele>
        <time>2026-09-14T22:51:55.000Z</time>
        <extensions>
          <ns3:TrackPointExtension>
            <ns3:hr>139</ns3:hr>
            <ns3:cad>82</ns3:cad>
          </ns3:TrackPointExtension>
        </extensions>
      </trkpt>
      <trkpt lat="23.049891404807567596435546875" lon="113.3156465180218219757080078125">
        <ele>6</ele>
        <time>2026-09-14T22:51:56.000Z</time>
        <extensions>
          <ns3:TrackPointExtension>
            <ns3:hr>139</ns3:hr>
            <ns3:cad>81</ns3:cad>
          </ns3:TrackPointExtension>
        </extensions>
      </trkpt>
      <trkpt lat="23.049896769225597381591796875" lon="113.3156146667897701263427734375">
        <ele>5.80000019073486328125</ele>
        <time>2026-09-14T22:51:57.000Z</time>
        <extensions>
          <ns3:TrackPointExtension>
            <ns3:hr>139</ns3:hr>
            <ns3:cad>81</ns3:cad>
          </ns3:TrackPointExtension>
        </extensions>
      </trkpt>
      <trkpt lat="23.049890734255313873291015625" lon="113.31559329293668270111083984375">
        <ele>5.80000019073486328125</ele>
        <time>2026-09-14T22:51:58.000Z</time>
        <extensions>
          <ns3:TrackPointExtension>
            <ns3:hr>140</ns3:hr>
            <ns3:cad>83</ns3:cad>
          </ns3:TrackPointExtension>
        </extensions>
      </trkpt>
      <trkpt lat="23.049892075359821319580078125" lon="113.31556253135204315185546875">
        <ele>5.80000019073486328125</ele>
        <time>2026-09-14T22:51:59.000Z</time>
        <extensions>
          <ns3:TrackPointExtension>
            <ns3:hr>140</ns3:hr>
            <ns3:cad>83</ns3:cad>
          </ns3:TrackPointExtension>
        </extensions>
      </trkpt>
      <trkpt lat="23.0498942546546459197998046875" lon="113.31553612835705280303955078125">
        <ele>5.80000019073486328125</ele>
        <time>2026-09-14T22:52:00.000Z</time>
        <extensions>
          <ns3:TrackPointExtension>
            <ns3:hr>140</ns3:hr>
            <ns3:cad>82</ns3:cad>
          </ns3:TrackPointExtension>
        </extensions>
      </trkpt>
      <trkpt lat="23.049886040389537811279296875" lon="113.31551165319979190826416015625">
        <ele>5.80000019073486328125</ele>
        <time>2026-09-14T22:52:01.000Z</time>
        <extensions>
          <ns3:TrackPointExtension>
            <ns3:hr>140</ns3:hr>
            <ns3:cad>82</ns3:cad>
          </ns3:TrackPointExtension>
        </extensions>
      </trkpt>
      <trkpt lat="23.0498811788856983184814453125" lon="113.315479047596454620361328125">
        <ele>6</ele>
        <time>2026-09-14T22:52:02.000Z</time>
        <extensions>
          <ns3:TrackPointExtension>
            <ns3:hr>141</ns3:hr>
            <ns3:cad>81</ns3:cad>
          </ns3:TrackPointExtension>
        </extensions>
      </trkpt>
      <trkpt lat="23.04987740702927112579345703125" lon="113.315457589924335479736328125">
        <ele>6</ele>
        <time>2026-09-14T22:52:03.000Z</time>
        <extensions>
          <ns3:TrackPointExtension>
            <ns3:hr>141</ns3:hr>
            <ns3:cad>81</ns3:cad>
          </ns3:TrackPointExtension>
        </extensions>
      </trkpt>
      <trkpt lat="23.0498714558780193328857421875" lon="113.31542850472033023834228515625">
        <ele>6</ele>
        <time>2026-09-14T22:52:04.000Z</time>
        <extensions>
          <ns3:TrackPointExtension>
            <ns3:hr>141</ns3:hr>
            <ns3:cad>81</ns3:cad>
          </ns3:TrackPointExtension>
        </extensions>
      </trkpt>
      <trkpt lat="23.04987606592476367950439453125" lon="113.31539665348827838897705078125">
        <ele>6</ele>
        <time>2026-09-14T22:52:05.000Z</time>
        <extensions>
          <ns3:TrackPointExtension>
            <ns3:hr>141</ns3:hr>
            <ns3:cad>81</ns3:cad>
          </ns3:TrackPointExtension>
        </extensions>
      </trkpt>
      <trkpt lat="23.04986751638352870941162109375" lon="113.315376453101634979248046875">
        <ele>5.80000019073486328125</ele>
        <time>2026-09-14T22:52:06.000Z</time>
        <extensions>
          <ns3:TrackPointExtension>
            <ns3:hr>141</ns3:hr>
            <ns3:cad>81</ns3:cad>
          </ns3:TrackPointExtension>
        </extensions>
      </trkpt>
      <trkpt lat="23.04986315779387950897216796875" lon="113.3153464458882808685302734375">
        <ele>5.80000019073486328125</ele>
        <time>2026-09-14T22:52:07.000Z</time>
        <extensions>
          <ns3:TrackPointExtension>
            <ns3:hr>142</ns3:hr>
            <ns3:cad>81</ns3:cad>
          </ns3:TrackPointExtension>
        </extensions>
      </trkpt>
      <trkpt lat="23.04986718110740184783935546875" lon="113.31532272510230541229248046875">
        <ele>5.80000019073486328125</ele>
        <time>2026-09-14T22:52:08.000Z</time>
        <extensions>
          <ns3:TrackPointExtension>
            <ns3:hr>142</ns3:hr>
            <ns3:cad>81</ns3:cad>
          </ns3:TrackPointExtension>
        </extensions>
      </trkpt>
      <trkpt lat="23.04986198432743549346923828125" lon="113.3153018541634082794189453125">
        <ele>5.80000019073486328125</ele>
        <time>2026-09-14T22:52:09.000Z</time>
        <extensions>
          <ns3:TrackPointExtension>
            <ns3:hr>142</ns3:hr>
            <ns3:cad>82</ns3:cad>
          </ns3:TrackPointExtension>
        </extensions>
      </trkpt>
      <trkpt lat="23.04986692965030670166015625" lon="113.31526614725589752197265625">
        <ele>5.80000019073486328125</ele>
        <time>2026-09-14T22:52:10.000Z</time>
        <extensions>
          <ns3:TrackPointExtension>
            <ns3:hr>143</ns3:hr>
            <ns3:cad>82</ns3:cad>
          </ns3:TrackPointExtension>
        </extensions>
      </trkpt>
      <trkpt lat="23.0498738028109073638916015625" lon="113.315242342650890350341796875">
        <ele>5.80000019073486328125</ele>
        <time>2026-09-14T22:52:11.000Z</time>
        <extensions>
          <ns3:TrackPointExtension>
            <ns3:hr>143</ns3:hr>
            <ns3:cad>82</ns3:cad>
          </ns3:TrackPointExtension>
        </extensions>
      </trkpt>
      <trkpt lat="23.0498684383928775787353515625" lon="113.31521384418010711669921875">
        <ele>5.80000019073486328125</ele>
        <time>2026-09-14T22:52:12.000Z</time>
        <extensions>
          <ns3:TrackPointExtension>
            <ns3:hr>142</ns3:hr>
            <ns3:cad>82</ns3:cad>
          </ns3:TrackPointExtension>
        </extensions>
      </trkpt>
      <trkpt lat="23.0498684383928775787353515625" lon="113.31518123857676982879638671875">
        <ele>5.80000019073486328125</ele>
        <time>2026-09-14T22:52:13.000Z</time>
        <extensions>
          <ns3:TrackPointExtension>
            <ns3:hr>142</ns3:hr>
            <ns3:cad>83</ns3:cad>
          </ns3:TrackPointExtension>
        </extensions>
      </trkpt>
      <trkpt lat="23.04985879920423030853271484375" lon="113.31516162492334842681884765625">
        <ele>5.80000019073486328125</ele>
        <time>2026-09-14T22:52:14.000Z</time>
        <extensions>
          <ns3:TrackPointExtension>
            <ns3:hr>143</ns3:hr>
            <ns3:cad>83</ns3:cad>
          </ns3:TrackPointExtension>
        </extensions>
      </trkpt>
      <trkpt lat="23.0498479865491390228271484375" lon="113.31513077951967716217041015625">
        <ele>5.80000019073486328125</ele>
        <time>2026-09-14T22:52:15.000Z</time>
        <extensions>
          <ns3:TrackPointExtension>
            <ns3:hr>143</ns3:hr>
            <ns3:cad>82</ns3:cad>
          </ns3:TrackPointExtension>
        </extensions>
      </trkpt>
      <trkpt lat="23.0498526804149150848388671875" lon="113.3151073940098285675048828125">
        <ele>5.80000019073486328125</ele>
        <time>2026-09-14T22:52:16.000Z</time>
        <extensions>
          <ns3:TrackPointExtension>
            <ns3:hr>143</ns3:hr>
            <ns3:cad>82</ns3:cad>
          </ns3:TrackPointExtension>
        </extensions>
      </trkpt>
      <trkpt lat="23.04984874092042446136474609375" lon="113.31508099101483821868896484375">
        <ele>5.80000019073486328125</ele>
        <time>2026-09-14T22:52:17.000Z</time>
        <extensions>
          <ns3:TrackPointExtension>
            <ns3:hr>144</ns3:hr>
            <ns3:cad>82</ns3:cad>
          </ns3:TrackPointExtension>
        </extensions>
      </trkpt>
      <trkpt lat="23.04984941147267818450927734375" lon="113.31504344008862972259521484375">
        <ele>5.80000019073486328125</ele>
        <time>2026-09-14T22:52:18.000Z</time>
        <extensions>
          <ns3:TrackPointExtension>
            <ns3:hr>144</ns3:hr>
            <ns3:cad>82</ns3:cad>
          </ns3:TrackPointExtension>
        </extensions>
      </trkpt>
      <trkpt lat="23.04985142312943935394287109375" lon="113.31502231769263744354248046875">
        <ele>5.80000019073486328125</ele>
        <time>2026-09-14T22:52:19.000Z</time>
        <extensions>
          <ns3:TrackPointExtension>
            <ns3:hr>144</ns3:hr>
            <ns3:cad>82</ns3:cad>
          </ns3:TrackPointExtension>
        </extensions>
      </trkpt>
      <trkpt lat="23.04984756745398044586181640625" lon="113.3149934001266956329345703125">
        <ele>5.80000019073486328125</ele>
        <time>2026-09-14T22:52:20.000Z</time>
        <extensions>
          <ns3:TrackPointExtension>
            <ns3:hr>144</ns3:hr>
            <ns3:cad>82</ns3:cad>
          </ns3:TrackPointExtension>
        </extensions>
      </trkpt>
      <trkpt lat="23.049853183329105377197265625" lon="113.31495911814272403717041015625">
        <ele>5.80000019073486328125</ele>
        <time>2026-09-14T22:52:21.000Z</time>
        <extensions>
          <ns3:TrackPointExtension>
            <ns3:hr>144</ns3:hr>
            <ns3:cad>82</ns3:cad>
          </ns3:TrackPointExtension>
        </extensions>
      </trkpt>
      <trkpt lat="23.04984681308269500732421875" lon="113.314940929412841796875">
        <ele>5.599999904632568359375</ele>
        <time>2026-09-14T22:52:22.000Z</time>
        <extensions>
          <ns3:TrackPointExtension>
            <ns3:hr>144</ns3:hr>
            <ns3:cad>81</ns3:cad>
          </ns3:TrackPointExtension>
        </extensions>
      </trkpt>
      <trkpt lat="23.04984723217785358428955078125" lon="113.31491167657077312469482421875">
        <ele>5.599999904632568359375</ele>
        <time>2026-09-14T22:52:23.000Z</time>
        <extensions>
          <ns3:TrackPointExtension>
            <ns3:hr>144</ns3:hr>
            <ns3:cad>81</ns3:cad>
          </ns3:TrackPointExtension>
        </extensions>
      </trkpt>
      <trkpt lat="23.04984907619655132293701171875" lon="113.3148872852325439453125">
        <ele>5.599999904632568359375</ele>
        <time>2026-09-14T22:52:24.000Z</time>
        <extensions>
          <ns3:TrackPointExtension>
            <ns3:hr>144</ns3:hr>
            <ns3:cad>82</ns3:cad>
          </ns3:TrackPointExtension>
        </extensions>
      </trkpt>
      <trkpt lat="23.04984438233077526092529296875" lon="113.314864821732044219970703125">
        <ele>5.80000019073486328125</ele>
        <time>2026-09-14T22:52:25.000Z</time>
        <extensions>
          <ns3:TrackPointExtension>
            <ns3:hr>144</ns3:hr>
            <ns3:cad>82</ns3:cad>
          </ns3:TrackPointExtension>
        </extensions>
      </trkpt>
      <trkpt lat="23.0498463101685047149658203125" lon="113.31483154557645320892333984375">
        <ele>5.80000019073486328125</ele>
        <time>2026-09-14T22:52:26.000Z</time>
        <extensions>
          <ns3:TrackPointExtension>
            <ns3:hr>144</ns3:hr>
            <ns3:cad>82</ns3:cad>
          </ns3:TrackPointExtension>
        </extensions>
      </trkpt>
      <trkpt lat="23.04984974674880504608154296875" lon="113.31481260247528553009033203125">
        <ele>5.80000019073486328125</ele>
        <time>2026-09-14T22:52:27.000Z</time>
        <extensions>
          <ns3:TrackPointExtension>
            <ns3:hr>144</ns3:hr>
            <ns3:cad>82</ns3:cad>
          </ns3:TrackPointExtension>
        </extensions>
      </trkpt>
      <trkpt lat="23.0498449690639972686767578125" lon="113.31478812731802463531494140625">
        <ele>5.80000019073486328125</ele>
        <time>2026-09-14T22:52:28.000Z</time>
        <extensions>
          <ns3:TrackPointExtension>
            <ns3:hr>144</ns3:hr>
            <ns3:cad>82</ns3:cad>
          </ns3:TrackPointExtension>
        </extensions>
      </trkpt>
      <trkpt lat="23.04985393770039081573486328125" lon="113.3147545158863067626953125">
        <ele>5.80000019073486328125</ele>
        <time>2026-09-14T22:52:29.000Z</time>
        <extensions>
          <ns3:TrackPointExtension>
            <ns3:hr>144</ns3:hr>
            <ns3:cad>82</ns3:cad>
          </ns3:TrackPointExtension>
        </extensions>
      </trkpt>
      <trkpt lat="23.04984857328236103057861328125" lon="113.31473414786159992218017578125">
        <ele>5.80000019073486328125</ele>
        <time>2026-09-14T22:52:30.000Z</time>
        <extensions>
          <ns3:TrackPointExtension>
            <ns3:hr>144</ns3:hr>
            <ns3:cad>82</ns3:cad>
          </ns3:TrackPointExtension>
        </extensions>
      </trkpt>
      <trkpt lat="23.04984756745398044586181640625" lon="113.3147047273814678192138671875">
        <ele>5.80000019073486328125</ele>
        <time>2026-09-14T22:52:31.000Z</time>
        <extensions>
          <ns3:TrackPointExtension>
            <ns3:hr>144</ns3:hr>
            <ns3:cad>82</ns3:cad>
          </ns3:TrackPointExtension>
        </extensions>
      </trkpt>
      <trkpt lat="23.0498515069484710693359375" lon="113.3146768994629383087158203125">
        <ele>5.80000019073486328125</ele>
        <time>2026-09-14T22:52:32.000Z</time>
        <extensions>
          <ns3:TrackPointExtension>
            <ns3:hr>144</ns3:hr>
            <ns3:cad>82</ns3:cad>
          </ns3:TrackPointExtension>
        </extensions>
      </trkpt>
      <trkpt lat="23.0498466454446315765380859375" lon="113.314652927219867706298828125">
        <ele>5.80000019073486328125</ele>
        <time>2026-09-14T22:52:33.000Z</time>
        <extensions>
          <ns3:TrackPointExtension>
            <ns3:hr>144</ns3:hr>
            <ns3:cad>82</ns3:cad>
          </ns3:TrackPointExtension>
        </extensions>
      </trkpt>
      <trkpt lat="23.0498473159968852996826171875" lon="113.31461965106427669525146484375">
        <ele>5.80000019073486328125</ele>
        <time>2026-09-14T22:52:34.000Z</time>
        <extensions>
          <ns3:TrackPointExtension>
            <ns3:hr>144</ns3:hr>
            <ns3:cad>82</ns3:cad>
          </ns3:TrackPointExtension>
        </extensions>
      </trkpt>
      <trkpt lat="23.049852512776851654052734375" lon="113.3145989477634429931640625">
        <ele>5.80000019073486328125</ele>
        <time>2026-09-14T22:52:35.000Z</time>
        <extensions>
          <ns3:TrackPointExtension>
            <ns3:hr>144</ns3:hr>
            <ns3:cad>82</ns3:cad>
          </ns3:TrackPointExtension>
        </extensions>
      </trkpt>
      <trkpt lat="23.04984807036817073822021484375" lon="113.314573802053928375244140625">
        <ele>5.80000019073486328125</ele>
        <time>2026-09-14T22:52:36.000Z</time>
        <extensions>
          <ns3:TrackPointExtension>
            <ns3:hr>145</ns3:hr>
            <ns3:cad>82</ns3:cad>
          </ns3:TrackPointExtension>
        </extensions>
      </trkpt>
      <trkpt lat="23.04985377006232738494873046875" lon="113.31453926861286163330078125">
        <ele>6</ele>
        <time>2026-09-14T22:52:37.000Z</time>
        <extensions>
          <ns3:TrackPointExtension>
            <ns3:hr>145</ns3:hr>
            <ns3:cad>82</ns3:cad>
          </ns3:TrackPointExtension>
        </extensions>
      </trkpt>
      <trkpt lat="23.04985393770039081573486328125" lon="113.31451688893139362335205078125">
        <ele>6</ele>
        <time>2026-09-14T22:52:38.000Z</time>
        <extensions>
          <ns3:TrackPointExtension>
            <ns3:hr>145</ns3:hr>
            <ns3:cad>82</ns3:cad>
          </ns3:TrackPointExtension>
        </extensions>
      </trkpt>
      <trkpt lat="23.04985343478620052337646484375" lon="113.3144914917647838592529296875">
        <ele>6</ele>
        <time>2026-09-14T22:52:39.000Z</time>
        <extensions>
          <ns3:TrackPointExtension>
            <ns3:hr>146</ns3:hr>
            <ns3:cad>82</ns3:cad>
          </ns3:TrackPointExtension>
        </extensions>
      </trkpt>
      <trkpt lat="23.049857206642627716064453125" lon="113.31446542404592037200927734375">
        <ele>6</ele>
        <time>2026-09-14T22:52:40.000Z</time>
        <extensions>
          <ns3:TrackPointExtension>
            <ns3:hr>146</ns3:hr>
            <ns3:cad>82</ns3:cad>
          </ns3:TrackPointExtension>
        </extensions>
      </trkpt>
      <trkpt lat="23.0498577095568180084228515625" lon="113.31444296054542064666748046875">
        <ele>6</ele>
        <time>2026-09-14T22:52:41.000Z</time>
        <extensions>
          <ns3:TrackPointExtension>
            <ns3:hr>146</ns3:hr>
            <ns3:cad>82</ns3:cad>
          </ns3:TrackPointExtension>
        </extensions>
      </trkpt>
      <trkpt lat="23.04985460825264453887939453125" lon="113.31441563554108142852783203125">
        <ele>5.80000019073486328125</ele>
        <time>2026-09-14T22:52:42.000Z</time>
        <extensions>
          <ns3:TrackPointExtension>
            <ns3:hr>146</ns3:hr>
            <ns3:cad>82</ns3:cad>
          </ns3:TrackPointExtension>
        </extensions>
      </trkpt>
      <trkpt lat="23.04985863156616687774658203125" lon="113.314394094049930572509765625">
        <ele>5.80000019073486328125</ele>
        <time>2026-09-14T22:52:43.000Z</time>
        <extensions>
          <ns3:TrackPointExtension>
            <ns3:hr>146</ns3:hr>
            <ns3:cad>82</ns3:cad>
          </ns3:TrackPointExtension>
        </extensions>
      </trkpt>
      <trkpt lat="23.04985578171908855438232421875" lon="113.314375318586826324462890625">
        <ele>5.80000019073486328125</ele>
        <time>2026-09-14T22:52:44.000Z</time>
        <extensions>
          <ns3:TrackPointExtension>
            <ns3:hr>147</ns3:hr>
            <ns3:cad>82</ns3:cad>
          </ns3:TrackPointExtension>
        </extensions>
      </trkpt>
      <trkpt lat="23.04986047558486461639404296875" lon="113.3143416233360767364501953125">
        <ele>5.80000019073486328125</ele>
        <time>2026-09-14T22:52:45.000Z</time>
        <extensions>
          <ns3:TrackPointExtension>
            <ns3:hr>147</ns3:hr>
            <ns3:cad>82</ns3:cad>
          </ns3:TrackPointExtension>
        </extensions>
      </trkpt>
      <trkpt lat="23.04986961185932159423828125" lon="113.31432209350168704986572265625">
        <ele>6</ele>
        <time>2026-09-14T22:52:46.000Z</time>
        <extensions>
          <ns3:TrackPointExtension>
            <ns3:hr>147</ns3:hr>
            <ns3:cad>82</ns3:cad>
          </ns3:TrackPointExtension>
        </extensions>
      </trkpt>
      <trkpt lat="23.04986768402159214019775390625" lon="113.3142985403537750244140625">
        <ele>6</ele>
        <time>2026-09-14T22:52:47.000Z</time>
        <extensions>
          <ns3:TrackPointExtension>
            <ns3:hr>147</ns3:hr>
            <ns3:cad>81</ns3:cad>
          </ns3:TrackPointExtension>
        </extensions>
      </trkpt>
      <trkpt lat="23.04986801929771900177001953125" lon="113.31426568329334259033203125">
        <ele>6</ele>
        <time>2026-09-14T22:52:48.000Z</time>
        <extensions>
          <ns3:TrackPointExtension>
            <ns3:hr>147</ns3:hr>
            <ns3:cad>81</ns3:cad>
          </ns3:TrackPointExtension>
        </extensions>
      </trkpt>
      <trkpt lat="23.04986315779387950897216796875" lon="113.3142448961734771728515625">
        <ele>5.80000019073486328125</ele>
        <time>2026-09-14T22:52:49.000Z</time>
        <extensions>
          <ns3:TrackPointExtension>
            <ns3:hr>148</ns3:hr>
            <ns3:cad>81</ns3:cad>
          </ns3:TrackPointExtension>
        </extensions>
      </trkpt>
      <trkpt lat="23.04986156523227691650390625" lon="113.31421832554042339324951171875">
        <ele>5.80000019073486328125</ele>
        <time>2026-09-14T22:52:50.000Z</time>
        <extensions>
          <ns3:TrackPointExtension>
            <ns3:hr>147</ns3:hr>
            <ns3:cad>81</ns3:cad>
          </ns3:TrackPointExtension>
        </extensions>
      </trkpt>
      <trkpt lat="23.04986022412776947021484375" lon="113.31419435329735279083251953125">
        <ele>5.80000019073486328125</ele>
        <time>2026-09-14T22:52:51.000Z</time>
        <extensions>
          <ns3:TrackPointExtension>
            <ns3:hr>147</ns3:hr>
            <ns3:cad>81</ns3:cad>
          </ns3:TrackPointExtension>
        </extensions>
      </trkpt>
      <trkpt lat="23.04985083639621734619140625" lon="113.3141746558248996734619140625">
        <ele>5.80000019073486328125</ele>
        <time>2026-09-14T22:52:52.000Z</time>
        <extensions>
          <ns3:TrackPointExtension>
            <ns3:hr>147</ns3:hr>
            <ns3:cad>81</ns3:cad>
          </ns3:TrackPointExtension>
        </extensions>
      </trkpt>
      <trkpt lat="23.04984773509204387664794921875" lon="113.3141381107270717620849609375">
        <ele>5.80000019073486328125</ele>
        <time>2026-09-14T22:52:53.000Z</time>
        <extensions>
          <ns3:TrackPointExtension>
            <ns3:hr>147</ns3:hr>
            <ns3:cad>82</ns3:cad>
          </ns3:TrackPointExtension>
        </extensions>
      </trkpt>
      <trkpt lat="23.049848489463329315185546875" lon="113.3141166530549526214599609375">
        <ele>5.80000019073486328125</ele>
        <time>2026-09-14T22:52:54.000Z</time>
        <extensions>
          <ns3:TrackPointExtension>
            <ns3:hr>147</ns3:hr>
            <ns3:cad>82</ns3:cad>
          </ns3:TrackPointExtension>
        </extensions>
      </trkpt>
      <trkpt lat="23.0498449690639972686767578125" lon="113.31409142352640628814697265625">
        <ele>5.80000019073486328125</ele>
        <time>2026-09-14T22:52:55.000Z</time>
        <extensions>
          <ns3:TrackPointExtension>
            <ns3:hr>147</ns3:hr>
            <ns3:cad>83</ns3:cad>
          </ns3:TrackPointExtension>
        </extensions>
      </trkpt>
      <trkpt lat="23.04985142312943935394287109375" lon="113.3140573091804981231689453125">
        <ele>5.80000019073486328125</ele>
        <time>2026-09-14T22:52:56.000Z</time>
        <extensions>
          <ns3:TrackPointExtension>
            <ns3:hr>147</ns3:hr>
            <ns3:cad>83</ns3:cad>
          </ns3:TrackPointExtension>
        </extensions>
      </trkpt>
      <trkpt lat="23.049844466149806976318359375" lon="113.31403928808867931365966796875">
        <ele>5.80000019073486328125</ele>
        <time>2026-09-14T22:52:57.000Z</time>
        <extensions>
          <ns3:TrackPointExtension>
            <ns3:hr>147</ns3:hr>
            <ns3:cad>83</ns3:cad>
          </ns3:TrackPointExtension>
        </extensions>
      </trkpt>
      <trkpt lat="23.0498380959033966064453125" lon="113.31401196308434009552001953125">
        <ele>5.80000019073486328125</ele>
        <time>2026-09-14T22:52:58.000Z</time>
        <extensions>
          <ns3:TrackPointExtension>
            <ns3:hr>147</ns3:hr>
            <ns3:cad>82</ns3:cad>
          </ns3:TrackPointExtension>
        </extensions>
      </trkpt>
      <trkpt lat="23.0498446337878704071044921875" lon="113.31398245878517627716064453125">
        <ele>5.80000019073486328125</ele>
        <time>2026-09-14T22:52:59.000Z</time>
        <extensions>
          <ns3:TrackPointExtension>
            <ns3:hr>147</ns3:hr>
            <ns3:cad>82</ns3:cad>
          </ns3:TrackPointExtension>
        </extensions>
      </trkpt>
      <trkpt lat="23.04983968846499919891357421875" lon="113.31396519206464290618896484375">
        <ele>5.80000019073486328125</ele>
        <time>2026-09-14T22:53:00.000Z</time>
        <extensions>
          <ns3:TrackPointExtension>
            <ns3:hr>148</ns3:hr>
            <ns3:cad>81</ns3:cad>
          </ns3:TrackPointExtension>
        </extensions>
      </trkpt>
      <trkpt lat="23.04984010756015777587890625" lon="113.3139302395284175872802734375">
        <ele>5.80000019073486328125</ele>
        <time>2026-09-14T22:53:01.000Z</time>
        <extensions>
          <ns3:TrackPointExtension>
            <ns3:hr>147</ns3:hr>
            <ns3:cad>81</ns3:cad>
          </ns3:TrackPointExtension>
        </extensions>
      </trkpt>
      <trkpt lat="23.04984102956950664520263671875" lon="113.3139064349234104156494140625">
        <ele>5.80000019073486328125</ele>
        <time>2026-09-14T22:53:02.000Z</time>
        <extensions>
          <ns3:TrackPointExtension>
            <ns3:hr>147</ns3:hr>
            <ns3:cad>81</ns3:cad>
          </ns3:TrackPointExtension>
        </extensions>
      </trkpt>
      <trkpt lat="23.049837090075016021728515625" lon="113.313881456851959228515625">
        <ele>6</ele>
        <time>2026-09-14T22:53:03.000Z</time>
        <extensions>
          <ns3:TrackPointExtension>
            <ns3:hr>147</ns3:hr>
            <ns3:cad>81</ns3:cad>
          </ns3:TrackPointExtension>
        </extensions>
      </trkpt>
      <trkpt lat="23.049843125045299530029296875" lon="113.31384415738284587860107421875">
        <ele>6</ele>
        <time>2026-09-14T22:53:04.000Z</time>
        <extensions>
          <ns3:TrackPointExtension>
            <ns3:hr>147</ns3:hr>
            <ns3:cad>81</ns3:cad>
          </ns3:TrackPointExtension>
        </extensions>
      </trkpt>
      <trkpt lat="23.04984589107334613800048828125" lon="113.31382471136748790740966796875">
        <ele>6</ele>
        <time>2026-09-14T22:53:05.000Z</time>
        <extensions>
          <ns3:TrackPointExtension>
            <ns3:hr>147</ns3:hr>
            <ns3:cad>82</ns3:cad>
          </ns3:TrackPointExtension>
        </extensions>
      </trkpt>
      <trkpt lat="23.04984153248369693756103515625" lon="113.3138014934957027435302734375">
        <ele>6</ele>
        <time>2026-09-14T22:53:06.000Z</time>
        <extensions>
          <ns3:TrackPointExtension>
            <ns3:hr>147</ns3:hr>
            <ns3:cad>82</ns3:cad>
          </ns3:TrackPointExtension>
        </extensions>
      </trkpt>
      <trkpt lat="23.0498483218252658843994140625" lon="113.31376855261623859405517578125">
        <ele>6</ele>
        <time>2026-09-14T22:53:07.000Z</time>
        <extensions>
          <ns3:TrackPointExtension>
            <ns3:hr>147</ns3:hr>
            <ns3:cad>82</ns3:cad>
          </ns3:TrackPointExtension>
        </extensions>
      </trkpt>
      <trkpt lat="23.04984354414045810699462890625" lon="113.31375204026699066162109375">
        <ele>6</ele>
        <time>2026-09-14T22:53:08.000Z</time>
        <extensions>
          <ns3:TrackPointExtension>
            <ns3:hr>147</ns3:hr>
            <ns3:cad>82</ns3:cad>
          </ns3:TrackPointExtension>
        </extensions>
      </trkpt>
      <trkpt lat="23.0498399399220943450927734375" lon="113.31372496671974658966064453125">
        <ele>5.80000019073486328125</ele>
        <time>2026-09-14T22:53:09.000Z</time>
        <extensions>
          <ns3:TrackPointExtension>
            <ns3:hr>147</ns3:hr>
            <ns3:cad>82</ns3:cad>
          </ns3:TrackPointExtension>
        </extensions>
      </trkpt>
      <trkpt lat="23.0498432926833629608154296875" lon="113.31369797699153423309326171875">
        <ele>5.80000019073486328125</ele>
        <time>2026-09-14T22:53:10.000Z</time>
        <extensions>
          <ns3:TrackPointExtension>
            <ns3:hr>147</ns3:hr>
            <ns3:cad>81</ns3:cad>
          </ns3:TrackPointExtension>
        </extensions>
      </trkpt>
      <trkpt lat="23.04983817972242832183837890625" lon="113.313677608966827392578125">
        <ele>5.80000019073486328125</ele>
        <time>2026-09-14T22:53:11.000Z</time>
        <extensions>
          <ns3:TrackPointExtension>
            <ns3:hr>147</ns3:hr>
            <ns3:cad>81</ns3:cad>
          </ns3:TrackPointExtension>
        </extensions>
      </trkpt>
      <trkpt lat="23.04984320886433124542236328125" lon="113.3136442489922046661376953125">
        <ele>5.80000019073486328125</ele>
        <time>2026-09-14T22:53:12.000Z</time>
        <extensions>
          <ns3:TrackPointExtension>
            <ns3:hr>147</ns3:hr>
            <ns3:cad>81</ns3:cad>
          </ns3:TrackPointExtension>
        </extensions>
      </trkpt>
      <trkpt lat="23.04984572343528270721435546875" lon="113.31362555734813213348388671875">
        <ele>5.80000019073486328125</ele>
        <time>2026-09-14T22:53:13.000Z</time>
        <extensions>
          <ns3:TrackPointExtension>
            <ns3:hr>147</ns3:hr>
            <ns3:cad>82</ns3:cad>
          </ns3:TrackPointExtension>
        </extensions>
      </trkpt>
      <trkpt lat="23.04984421469271183013916015625" lon="113.31359974108636379241943359375">
        <ele>5.80000019073486328125</ele>
        <time>2026-09-14T22:53:14.000Z</time>
        <extensions>
          <ns3:TrackPointExtension>
            <ns3:hr>147</ns3:hr>
            <ns3:cad>82</ns3:cad>
          </ns3:TrackPointExtension>
        </extensions>
      </trkpt>
      <trkpt lat="23.0498493276536464691162109375" lon="113.31356721930205821990966796875">
        <ele>6</ele>
        <time>2026-09-14T22:53:15.000Z</time>
        <extensions>
          <ns3:TrackPointExtension>
            <ns3:hr>148</ns3:hr>
            <ns3:cad>82</ns3:cad>
          </ns3:TrackPointExtension>
        </extensions>
      </trkpt>
      <trkpt lat="23.04985217750072479248046875" lon="113.31354727037250995635986328125">
        <ele>6</ele>
        <time>2026-09-14T22:53:16.000Z</time>
        <extensions>
          <ns3:TrackPointExtension>
            <ns3:hr>148</ns3:hr>
            <ns3:cad>82</ns3:cad>
          </ns3:TrackPointExtension>
        </extensions>
      </trkpt>
      <trkpt lat="23.04985008202493190765380859375" lon="113.31352178938686847686767578125">
        <ele>5.80000019073486328125</ele>
        <time>2026-09-14T22:53:17.000Z</time>
        <extensions>
          <ns3:TrackPointExtension>
            <ns3:hr>148</ns3:hr>
            <ns3:cad>82</ns3:cad>
          </ns3:TrackPointExtension>
        </extensions>
      </trkpt>
      <trkpt lat="23.04985024966299533843994140625" lon="113.31349857151508331298828125">
        <ele>5.80000019073486328125</ele>
        <time>2026-09-14T22:53:18.000Z</time>
        <extensions>
          <ns3:TrackPointExtension>
            <ns3:hr>148</ns3:hr>
            <ns3:cad>82</ns3:cad>
          </ns3:TrackPointExtension>
        </extensions>
      </trkpt>
      <trkpt lat="23.04984371177852153778076171875" lon="113.31347669474780559539794921875">
        <ele>5.80000019073486328125</ele>
        <time>2026-09-14T22:53:19.000Z</time>
        <extensions>
          <ns3:TrackPointExtension>
            <ns3:hr>148</ns3:hr>
            <ns3:cad>82</ns3:cad>
          </ns3:TrackPointExtension>
        </extensions>
      </trkpt>
      <trkpt lat="23.0498434603214263916015625" lon="113.3134404011070728302001953125">
        <ele>6</ele>
        <time>2026-09-14T22:53:20.000Z</time>
        <extensions>
          <ns3:TrackPointExtension>
            <ns3:hr>148</ns3:hr>
            <ns3:cad>83</ns3:cad>
          </ns3:TrackPointExtension>
        </extensions>
      </trkpt>
      <trkpt lat="23.04984547197818756103515625" lon="113.31342254765331745147705078125">
        <ele>6</ele>
        <time>2026-09-14T22:53:21.000Z</time>
        <extensions>
          <ns3:TrackPointExtension>
            <ns3:hr>148</ns3:hr>
            <ns3:cad>83</ns3:cad>
          </ns3:TrackPointExtension>
        </extensions>
      </trkpt>
      <trkpt lat="23.04984253831207752227783203125" lon="113.31339664757251739501953125">
        <ele>6</ele>
        <time>2026-09-14T22:53:22.000Z</time>
        <extensions>
          <ns3:TrackPointExtension>
            <ns3:hr>147</ns3:hr>
            <ns3:cad>83</ns3:cad>
          </ns3:TrackPointExtension>
        </extensions>
      </trkpt>
      <trkpt lat="23.04984941147267818450927734375" lon="113.31336219795048236846923828125">
        <ele>6</ele>
        <time>2026-09-14T22:53:23.000Z</time>
        <extensions>
          <ns3:TrackPointExtension>
            <ns3:hr>147</ns3:hr>
            <ns3:cad>83</ns3:cad>
          </ns3:TrackPointExtension>
        </extensions>
      </trkpt>
      <trkpt lat="23.049847148358821868896484375" lon="113.31334174610674381256103515625">
        <ele>6</ele>
        <time>2026-09-14T22:53:24.000Z</time>
        <extensions>
          <ns3:TrackPointExtension>
            <ns3:hr>147</ns3:hr>
            <ns3:cad>83</ns3:cad>
          </ns3:TrackPointExtension>
        </extensions>
      </trkpt>
      <trkpt lat="23.0498463101685047149658203125" lon="113.31331551074981689453125">
        <ele>6</ele>
        <time>2026-09-14T22:53:25.000Z</time>
        <extensions>
          <ns3:TrackPointExtension>
            <ns3:hr>146</ns3:hr>
            <ns3:cad>83</ns3:cad>
          </ns3:TrackPointExtension>
        </extensions>
      </trkpt>
      <trkpt lat="23.0498515069484710693359375" lon="113.31329296343028545379638671875">
        <ele>6</ele>
        <time>2026-09-14T22:53:26.000Z</time>
        <extensions>
          <ns3:TrackPointExtension>
            <ns3:hr>146</ns3:hr>
            <ns3:cad>83</ns3:cad>
          </ns3:TrackPointExtension>
        </extensions>
      </trkpt>
      <trkpt lat="23.04984974674880504608154296875" lon="113.3132653869688510894775390625">
        <ele>6</ele>
        <time>2026-09-14T22:53:27.000Z</time>
        <extensions>
          <ns3:TrackPointExtension>
            <ns3:hr>146</ns3:hr>
            <ns3:cad>82</ns3:cad>
          </ns3:TrackPointExtension>
        </extensions>
      </trkpt>
      <trkpt lat="23.049854524433612823486328125" lon="113.31323177553713321685791015625">
        <ele>6</ele>
        <time>2026-09-14T22:53:28.000Z</time>
        <extensions>
          <ns3:TrackPointExtension>
            <ns3:hr>145</ns3:hr>
            <ns3:cad>82</ns3:cad>
          </ns3:TrackPointExtension>
        </extensions>
      </trkpt>
      <trkpt lat="23.04985360242426395416259765625" lon="113.313209228217601776123046875">
        <ele>6</ele>
        <time>2026-09-14T22:53:29.000Z</time>
        <extensions>
          <ns3:TrackPointExtension>
            <ns3:hr>145</ns3:hr>
            <ns3:cad>82</ns3:cad>
          </ns3:TrackPointExtension>
        </extensions>
      </trkpt>
      <trkpt lat="23.0498540215194225311279296875" lon="113.31318634562194347381591796875">
        <ele>6.19999980926513671875</ele>
        <time>2026-09-14T22:53:30.000Z</time>
        <extensions>
          <ns3:TrackPointExtension>
            <ns3:hr>145</ns3:hr>
            <ns3:cad>82</ns3:cad>
          </ns3:TrackPointExtension>
        </extensions>
      </trkpt>
      <trkpt lat="23.049859218299388885498046875" lon="113.31315382383763790130615234375">
        <ele>6.19999980926513671875</ele>
        <time>2026-09-14T22:53:31.000Z</time>
        <extensions>
          <ns3:TrackPointExtension>
            <ns3:hr>145</ns3:hr>
            <ns3:cad>81</ns3:cad>
          </ns3:TrackPointExtension>
        </extensions>
      </trkpt>
      <trkpt lat="23.0498520098626613616943359375" lon="113.31313387490808963775634765625">
        <ele>6.19999980926513671875</ele>
        <time>2026-09-14T22:53:32.000Z</time>
        <extensions>
          <ns3:TrackPointExtension>
            <ns3:hr>144</ns3:hr>
            <ns3:cad>81</ns3:cad>
          </ns3:TrackPointExtension>
        </extensions>
      </trkpt>
      <trkpt lat="23.04984681308269500732421875" lon="113.31310068257153034210205078125">
        <ele>6</ele>
        <time>2026-09-14T22:53:33.000Z</time>
        <extensions>
          <ns3:TrackPointExtension>
            <ns3:hr>145</ns3:hr>
            <ns3:cad>82</ns3:cad>
          </ns3:TrackPointExtension>
        </extensions>
      </trkpt>
      <trkpt lat="23.04985008202493190765380859375" lon="113.3130772970616817474365234375">
        <ele>6</ele>
        <time>2026-09-14T22:53:34.000Z</time>
        <extensions>
          <ns3:TrackPointExtension>
            <ns3:hr>145</ns3:hr>
            <ns3:cad>82</ns3:cad>
          </ns3:TrackPointExtension>
        </extensions>
      </trkpt>
      <trkpt lat="23.0498432926833629608154296875" lon="113.3130544982850551605224609375">
        <ele>6</ele>
        <time>2026-09-14T22:53:35.000Z</time>
        <extensions>
          <ns3:TrackPointExtension>
            <ns3:hr>145</ns3:hr>
            <ns3:cad>83</ns3:cad>
          </ns3:TrackPointExtension>
        </extensions>
      </trkpt>
      <trkpt lat="23.0498436279594898223876953125" lon="113.31302055157721042633056640625">
        <ele>6</ele>
        <time>2026-09-14T22:53:36.000Z</time>
        <extensions>
          <ns3:TrackPointExtension>
            <ns3:hr>145</ns3:hr>
            <ns3:cad>82</ns3:cad>
          </ns3:TrackPointExtension>
        </extensions>
      </trkpt>
      <trkpt lat="23.04984672926366329193115234375" lon="113.31299540586769580841064453125">
        <ele>6</ele>
        <time>2026-09-14T22:53:37.000Z</time>
        <extensions>
          <ns3:TrackPointExtension>
            <ns3:hr>145</ns3:hr>
            <ns3:cad>82</ns3:cad>
          </ns3:TrackPointExtension>
        </extensions>
      </trkpt>
      <trkpt lat="23.04984371177852153778076171875" lon="113.3129676617681980133056640625">
        <ele>6</ele>
        <time>2026-09-14T22:53:38.000Z</time>
        <extensions>
          <ns3:TrackPointExtension>
            <ns3:hr>146</ns3:hr>
            <ns3:cad>82</ns3:cad>
          </ns3:TrackPointExtension>
        </extensions>
      </trkpt>
      <trkpt lat="23.04984924383461475372314453125" lon="113.312934301793575286865234375">
        <ele>6</ele>
        <time>2026-09-14T22:53:39.000Z</time>
        <extensions>
          <ns3:TrackPointExtension>
            <ns3:hr>145</ns3:hr>
            <ns3:cad>82</ns3:cad>
          </ns3:TrackPointExtension>
        </extensions>
      </trkpt>
      <trkpt lat="23.04984421469271183013916015625" lon="113.3129130117595195770263671875">
        <ele>6</ele>
        <time>2026-09-14T22:53:40.000Z</time>
        <extensions>
          <ns3:TrackPointExtension>
            <ns3:hr>145</ns3:hr>
            <ns3:cad>82</ns3:cad>
          </ns3:TrackPointExtension>
        </extensions>
      </trkpt>
      <trkpt lat="23.04984471760690212249755859375" lon="113.312882669270038604736328125">
        <ele>5.80000019073486328125</ele>
        <time>2026-09-14T22:53:41.000Z</time>
        <extensions>
          <ns3:TrackPointExtension>
            <ns3:hr>145</ns3:hr>
            <ns3:cad>82</ns3:cad>
          </ns3:TrackPointExtension>
        </extensions>
      </trkpt>
      <trkpt lat="23.0498516745865345001220703125" lon="113.3128583617508411407470703125">
        <ele>5.80000019073486328125</ele>
        <time>2026-09-14T22:53:42.000Z</time>
        <extensions>
          <ns3:TrackPointExtension>
            <ns3:hr>145</ns3:hr>
            <ns3:cad>82</ns3:cad>
          </ns3:TrackPointExtension>
        </extensions>
      </trkpt>
      <trkpt lat="23.04984421469271183013916015625" lon="113.31283413805067539215087890625">
        <ele>5.80000019073486328125</ele>
        <time>2026-09-14T22:53:43.000Z</time>
        <extensions>
          <ns3:TrackPointExtension>
            <ns3:hr>146</ns3:hr>
            <ns3:cad>83</ns3:cad>
          </ns3:TrackPointExtension>
        </extensions>
      </trkpt>
      <trkpt lat="23.0498523451387882232666015625" lon="113.31279926933348178863525390625">
        <ele>6</ele>
        <time>2026-09-14T22:53:44.000Z</time>
        <extensions>
          <ns3:TrackPointExtension>
            <ns3:hr>145</ns3:hr>
            <ns3:cad>82</ns3:cad>
          </ns3:TrackPointExtension>
        </extensions>
      </trkpt>
      <trkpt lat="23.04985410533845424652099609375" lon="113.31277973949909210205078125">
        <ele>6</ele>
        <time>2026-09-14T22:53:45.000Z</time>
        <extensions>
          <ns3:TrackPointExtension>
            <ns3:hr>146</ns3:hr>
            <ns3:cad>82</ns3:cad>
          </ns3:TrackPointExtension>
        </extensions>
      </trkpt>
      <trkpt lat="23.0498520098626613616943359375" lon="113.31275015138089656829833984375">
        <ele>6</ele>
        <time>2026-09-14T22:53:46.000Z</time>
        <extensions>
          <ns3:TrackPointExtension>
            <ns3:hr>145</ns3:hr>
            <ns3:cad>82</ns3:cad>
          </ns3:TrackPointExtension>
        </extensions>
      </trkpt>
      <trkpt lat="23.0498583801090717315673828125" lon="113.31272483803331851959228515625">
        <ele>6</ele>
        <time>2026-09-14T22:53:47.000Z</time>
        <extensions>
          <ns3:TrackPointExtension>
            <ns3:hr>145</ns3:hr>
            <ns3:cad>82</ns3:cad>
          </ns3:TrackPointExtension>
        </extensions>
      </trkpt>
      <trkpt lat="23.04985360242426395416259765625" lon="113.3127037994563579559326171875">
        <ele>6</ele>
        <time>2026-09-14T22:53:48.000Z</time>
        <extensions>
          <ns3:TrackPointExtension>
            <ns3:hr>145</ns3:hr>
            <ns3:cad>82</ns3:cad>
          </ns3:TrackPointExtension>
        </extensions>
      </trkpt>
      <trkpt lat="23.04985745809972286224365234375" lon="113.31267018802464008331298828125">
        <ele>6</ele>
        <time>2026-09-14T22:53:49.000Z</time>
        <extensions>
          <ns3:TrackPointExtension>
            <ns3:hr>146</ns3:hr>
            <ns3:cad>83</ns3:cad>
          </ns3:TrackPointExtension>
        </extensions>
      </trkpt>
      <trkpt lat="23.04985745809972286224365234375" lon="113.31264688633382320404052734375">
        <ele>6</ele>
        <time>2026-09-14T22:53:50.000Z</time>
        <extensions>
          <ns3:TrackPointExtension>
            <ns3:hr>145</ns3:hr>
            <ns3:cad>83</ns3:cad>
          </ns3:TrackPointExtension>
        </extensions>
      </trkpt>
      <trkpt lat="23.0498541891574859619140625" lon="113.3126203157007694244384765625">
        <ele>6</ele>
        <time>2026-09-14T22:53:51.000Z</time>
        <extensions>
          <ns3:TrackPointExtension>
            <ns3:hr>145</ns3:hr>
            <ns3:cad>83</ns3:cad>
          </ns3:TrackPointExtension>
        </extensions>
      </trkpt>
      <trkpt lat="23.0498607270419597625732421875" lon="113.312585614621639251708984375">
        <ele>6</ele>
        <time>2026-09-14T22:53:52.000Z</time>
        <extensions>
          <ns3:TrackPointExtension>
            <ns3:hr>146</ns3:hr>
            <ns3:cad>83</ns3:cad>
          </ns3:TrackPointExtension>
        </extensions>
      </trkpt>
      <trkpt lat="23.04985829629004001617431640625" lon="113.312562145292758941650390625">
        <ele>6</ele>
        <time>2026-09-14T22:53:53.000Z</time>
        <extensions>
          <ns3:TrackPointExtension>
            <ns3:hr>146</ns3:hr>
            <ns3:cad>83</ns3:cad>
          </ns3:TrackPointExtension>
        </extensions>
      </trkpt>
      <trkpt lat="23.04985485970973968505859375" lon="113.31253121607005596160888671875">
        <ele>6</ele>
        <time>2026-09-14T22:53:54.000Z</time>
        <extensions>
          <ns3:TrackPointExtension>
            <ns3:hr>146</ns3:hr>
            <ns3:cad>83</ns3:cad>
          </ns3:TrackPointExtension>
        </extensions>
      </trkpt>
      <trkpt lat="23.04985879920423030853271484375" lon="113.3125006221234798431396484375">
        <ele>6</ele>
        <time>2026-09-14T22:53:55.000Z</time>
        <extensions>
          <ns3:TrackPointExtension>
            <ns3:hr>145</ns3:hr>
            <ns3:cad>83</ns3:cad>
          </ns3:TrackPointExtension>
        </extensions>
      </trkpt>
      <trkpt lat="23.0498543567955493927001953125" lon="113.31247556023299694061279296875">
        <ele>5.80000019073486328125</ele>
        <time>2026-09-14T22:53:56.000Z</time>
        <extensions>
          <ns3:TrackPointExtension>
            <ns3:hr>146</ns3:hr>
            <ns3:cad>83</ns3:cad>
          </ns3:TrackPointExtension>
        </extensions>
      </trkpt>
      <trkpt lat="23.0498540215194225311279296875" lon="113.31244069151580333709716796875">
        <ele>5.80000019073486328125</ele>
        <time>2026-09-14T22:53:57.000Z</time>
        <extensions>
          <ns3:TrackPointExtension>
            <ns3:hr>146</ns3:hr>
            <ns3:cad>82</ns3:cad>
          </ns3:TrackPointExtension>
        </extensions>
      </trkpt>
      <trkpt lat="23.04985393770039081573486328125" lon="113.31242091022431850433349609375">
        <ele>5.80000019073486328125</ele>
        <time>2026-09-14T22:53:58.000Z</time>
        <extensions>
          <ns3:TrackPointExtension>
            <ns3:hr>146</ns3:hr>
            <ns3:cad>82</ns3:cad>
          </ns3:TrackPointExtension>
        </extensions>
      </trkpt>
      <trkpt lat="23.04984974674880504608154296875" lon="113.3123940043151378631591796875">
        <ele>5.80000019073486328125</ele>
        <time>2026-09-14T22:53:59.000Z</time>
        <extensions>
          <ns3:TrackPointExtension>
            <ns3:hr>146</ns3:hr>
            <ns3:cad>82</ns3:cad>
          </ns3:TrackPointExtension>
        </extensions>
      </trkpt>
      <trkpt lat="23.04985594935715198516845703125" lon="113.31236324273049831390380859375">
        <ele>6</ele>
        <time>2026-09-14T22:54:00.000Z</time>
        <extensions>
          <ns3:TrackPointExtension>
            <ns3:hr>146</ns3:hr>
            <ns3:cad>82</ns3:cad>
          </ns3:TrackPointExtension>
        </extensions>
      </trkpt>
      <trkpt lat="23.04985377006232738494873046875" lon="113.312344215810298919677734375">
        <ele>6</ele>
        <time>2026-09-14T22:54:01.000Z</time>
        <extensions>
          <ns3:TrackPointExtension>
            <ns3:hr>146</ns3:hr>
            <ns3:cad>82</ns3:cad>
          </ns3:TrackPointExtension>
        </extensions>
      </trkpt>
      <trkpt lat="23.049852512776851654052734375" lon="113.31231496296823024749755859375">
        <ele>6</ele>
        <time>2026-09-14T22:54:02.000Z</time>
        <extensions>
          <ns3:TrackPointExtension>
            <ns3:hr>146</ns3:hr>
            <ns3:cad>82</ns3:cad>
          </ns3:TrackPointExtension>
        </extensions>
      </trkpt>
      <trkpt lat="23.0498550273478031158447265625" lon="113.312290571630001068115234375">
        <ele>6</ele>
        <time>2026-09-14T22:54:03.000Z</time>
        <extensions>
          <ns3:TrackPointExtension>
            <ns3:hr>146</ns3:hr>
            <ns3:cad>82</ns3:cad>
          </ns3:TrackPointExtension>
        </extensions>
      </trkpt>
      <trkpt lat="23.04985075257718563079833984375" lon="113.3122679404914379119873046875">
        <ele>6</ele>
        <time>2026-09-14T22:54:04.000Z</time>
        <extensions>
          <ns3:TrackPointExtension>
            <ns3:hr>146</ns3:hr>
            <ns3:cad>83</ns3:cad>
          </ns3:TrackPointExtension>
        </extensions>
      </trkpt>
      <trkpt lat="23.04985661990940570831298828125" lon="113.3122324012219905853271484375">
        <ele>6</ele>
        <time>2026-09-14T22:54:05.000Z</time>
        <extensions>
          <ns3:TrackPointExtension>
            <ns3:hr>146</ns3:hr>
            <ns3:cad>83</ns3:cad>
          </ns3:TrackPointExtension>
        </extensions>
      </trkpt>
      <trkpt lat="23.04985485970973968505859375" lon="113.3122122846543788909912109375">
        <ele>6</ele>
        <time>2026-09-14T22:54:06.000Z</time>
        <extensions>
          <ns3:TrackPointExtension>
            <ns3:hr>146</ns3:hr>
            <ns3:cad>82</ns3:cad>
          </ns3:TrackPointExtension>
        </extensions>
      </trkpt>
      <trkpt lat="23.04985175840556621551513671875" lon="113.3121868036687374114990234375">
        <ele>6</ele>
        <time>2026-09-14T22:54:07.000Z</time>
        <extensions>
          <ns3:TrackPointExtension>
            <ns3:hr>146</ns3:hr>
            <ns3:cad>82</ns3:cad>
          </ns3:TrackPointExtension>
        </extensions>
      </trkpt>
      <trkpt lat="23.049854524433612823486328125" lon="113.31215268932282924652099609375">
        <ele>6.19999980926513671875</ele>
        <time>2026-09-14T22:54:08.000Z</time>
        <extensions>
          <ns3:TrackPointExtension>
            <ns3:hr>146</ns3:hr>
            <ns3:cad>82</ns3:cad>
          </ns3:TrackPointExtension>
        </extensions>
      </trkpt>
      <trkpt lat="23.0498479865491390228271484375" lon="113.31213475205004215240478515625">
        <ele>6</ele>
        <time>2026-09-14T22:54:09.000Z</time>
        <extensions>
          <ns3:TrackPointExtension>
            <ns3:hr>147</ns3:hr>
            <ns3:cad>82</ns3:cad>
          </ns3:TrackPointExtension>
        </extensions>
      </trkpt>
      <trkpt lat="23.04983851499855518341064453125" lon="113.31210591830313205718994140625">
        <ele>6</ele>
        <time>2026-09-14T22:54:10.000Z</time>
        <extensions>
          <ns3:TrackPointExtension>
            <ns3:hr>146</ns3:hr>
            <ns3:cad>82</ns3:cad>
          </ns3:TrackPointExtension>
        </extensions>
      </trkpt>
      <trkpt lat="23.0498327314853668212890625" lon="113.31208144314587116241455078125">
        <ele>6</ele>
        <time>2026-09-14T22:54:11.000Z</time>
        <extensions>
          <ns3:TrackPointExtension>
            <ns3:hr>146</ns3:hr>
            <ns3:cad>82</ns3:cad>
          </ns3:TrackPointExtension>
        </extensions>
      </trkpt>
      <trkpt lat="23.0498221702873706817626953125" lon="113.31205478869378566741943359375">
        <ele>6</ele>
        <time>2026-09-14T22:54:12.000Z</time>
        <extensions>
          <ns3:TrackPointExtension>
            <ns3:hr>147</ns3:hr>
            <ns3:cad>82</ns3:cad>
          </ns3:TrackPointExtension>
        </extensions>
      </trkpt>
      <trkpt lat="23.04981387220323085784912109375" lon="113.31202947534620761871337890625">
        <ele>5.80000019073486328125</ele>
        <time>2026-09-14T22:54:13.000Z</time>
        <extensions>
          <ns3:TrackPointExtension>
            <ns3:hr>147</ns3:hr>
            <ns3:cad>82</ns3:cad>
          </ns3:TrackPointExtension>
        </extensions>
      </trkpt>
      <trkpt lat="23.04979987442493438720703125" lon="113.312011621892452239990234375">
        <ele>5.80000019073486328125</ele>
        <time>2026-09-14T22:54:14.000Z</time>
        <extensions>
          <ns3:TrackPointExtension>
            <ns3:hr>147</ns3:hr>
            <ns3:cad>82</ns3:cad>
          </ns3:TrackPointExtension>
        </extensions>
      </trkpt>
      <trkpt lat="23.04978051222860813140869140625" lon="113.31199645064771175384521484375">
        <ele>5.80000019073486328125</ele>
        <time>2026-09-14T22:54:15.000Z</time>
        <extensions>
          <ns3:TrackPointExtension>
            <ns3:hr>147</ns3:hr>
            <ns3:cad>82</ns3:cad>
          </ns3:TrackPointExtension>
        </extensions>
      </trkpt>
      <trkpt lat="23.04976458661258220672607421875" lon="113.311977088451385498046875">
        <ele>6</ele>
        <time>2026-09-14T22:54:16.000Z</time>
        <extensions>
          <ns3:TrackPointExtension>
            <ns3:hr>147</ns3:hr>
            <ns3:cad>82</ns3:cad>
          </ns3:TrackPointExtension>
        </extensions>
      </trkpt>
      <trkpt lat="23.04974698461592197418212890625" lon="113.3119648508727550506591796875">
        <ele>6.19999980926513671875</ele>
        <time>2026-09-14T22:54:17.000Z</time>
        <extensions>
          <ns3:TrackPointExtension>
            <ns3:hr>147</ns3:hr>
            <ns3:cad>82</ns3:cad>
          </ns3:TrackPointExtension>
        </extensions>
      </trkpt>
      <trkpt lat="23.04972938261926174163818359375" lon="113.31194431520998477935791015625">
        <ele>6.400000095367431640625</ele>
        <time>2026-09-14T22:54:18.000Z</time>
        <extensions>
          <ns3:TrackPointExtension>
            <ns3:hr>147</ns3:hr>
            <ns3:cad>82</ns3:cad>
          </ns3:TrackPointExtension>
        </extensions>
      </trkpt>
      <trkpt lat="23.0497152172029018402099609375" lon="113.3119279704988002777099609375">
        <ele>6.400000095367431640625</ele>
        <time>2026-09-14T22:54:19.000Z</time>
        <extensions>
          <ns3:TrackPointExtension>
            <ns3:hr>147</ns3:hr>
            <ns3:cad>82</ns3:cad>
          </ns3:TrackPointExtension>
        </extensions>
      </trkpt>
      <trkpt lat="23.04969669319689273834228515625" lon="113.311921097338199615478515625">
        <ele>6.400000095367431640625</ele>
        <time>2026-09-14T22:54:20.000Z</time>
        <extensions>
          <ns3:TrackPointExtension>
            <ns3:hr>147</ns3:hr>
            <ns3:cad>82</ns3:cad>
          </ns3:TrackPointExtension>
        </extensions>
      </trkpt>
      <trkpt lat="23.04967255331575870513916015625" lon="113.311900980770587921142578125">
        <ele>6.19999980926513671875</ele>
        <time>2026-09-14T22:54:21.000Z</time>
        <extensions>
          <ns3:TrackPointExtension>
            <ns3:hr>148</ns3:hr>
            <ns3:cad>82</ns3:cad>
          </ns3:TrackPointExtension>
        </extensions>
      </trkpt>
      <trkpt lat="23.04965771734714508056640625" lon="113.3118870668113231658935546875">
        <ele>6.19999980926513671875</ele>
        <time>2026-09-14T22:54:22.000Z</time>
        <extensions>
          <ns3:TrackPointExtension>
            <ns3:hr>148</ns3:hr>
            <ns3:cad>82</ns3:cad>
          </ns3:TrackPointExtension>
        </extensions>
      </trkpt>
      <trkpt lat="23.0496350862085819244384765625" lon="113.31188094802200794219970703125">
        <ele>6</ele>
        <time>2026-09-14T22:54:23.000Z</time>
        <extensions>
          <ns3:TrackPointExtension>
            <ns3:hr>148</ns3:hr>
            <ns3:cad>83</ns3:cad>
          </ns3:TrackPointExtension>
        </extensions>
      </trkpt>
      <trkpt lat="23.0496109463274478912353515625" lon="113.31186619587242603302001953125">
        <ele>6</ele>
        <time>2026-09-14T22:54:24.000Z</time>
        <extensions>
          <ns3:TrackPointExtension>
            <ns3:hr>148</ns3:hr>
            <ns3:cad>83</ns3:cad>
          </ns3:TrackPointExtension>
        </extensions>
      </trkpt>
      <trkpt lat="23.04959108121693134307861328125" lon="113.3118635974824428558349609375">
        <ele>6</ele>
        <time>2026-09-14T22:54:25.000Z</time>
        <extensions>
          <ns3:TrackPointExtension>
            <ns3:hr>147</ns3:hr>
            <ns3:cad>82</ns3:cad>
          </ns3:TrackPointExtension>
        </extensions>
      </trkpt>
      <trkpt lat="23.0495656840503215789794921875" lon="113.31185244955122470855712890625">
        <ele>6</ele>
        <time>2026-09-14T22:54:26.000Z</time>
        <extensions>
          <ns3:TrackPointExtension>
            <ns3:hr>147</ns3:hr>
            <ns3:cad>82</ns3:cad>
          </ns3:TrackPointExtension>
        </extensions>
      </trkpt>
      <trkpt lat="23.049544394016265869140625" lon="113.31184255890548229217529296875">
        <ele>6</ele>
        <time>2026-09-14T22:54:27.000Z</time>
        <extensions>
          <ns3:TrackPointExtension>
            <ns3:hr>147</ns3:hr>
            <ns3:cad>82</ns3:cad>
          </ns3:TrackPointExtension>
        </extensions>
      </trkpt>
      <trkpt lat="23.04952972568571567535400390625" lon="113.311837278306484222412109375">
        <ele>6</ele>
        <time>2026-09-14T22:54:28.000Z</time>
        <extensions>
          <ns3:TrackPointExtension>
            <ns3:hr>148</ns3:hr>
            <ns3:cad>82</ns3:cad>
          </ns3:TrackPointExtension>
        </extensions>
      </trkpt>
      <trkpt lat="23.0495028197765350341796875" lon="113.31182193942368030548095703125">
        <ele>6</ele>
        <time>2026-09-14T22:54:29.000Z</time>
        <extensions>
          <ns3:TrackPointExtension>
            <ns3:hr>147</ns3:hr>
            <ns3:cad>81</ns3:cad>
          </ns3:TrackPointExtension>
        </extensions>
      </trkpt>
      <trkpt lat="23.0494842119514942169189453125" lon="113.3118193410336971282958984375">
        <ele>6</ele>
        <time>2026-09-14T22:54:30.000Z</time>
        <extensions>
          <ns3:TrackPointExtension>
            <ns3:hr>147</ns3:hr>
            <ns3:cad>82</ns3:cad>
          </ns3:TrackPointExtension>
        </extensions>
      </trkpt>
      <trkpt lat="23.04946334101259708404541015625" lon="113.3118183352053165435791015625">
        <ele>6</ele>
        <time>2026-09-14T22:54:31.000Z</time>
        <extensions>
          <ns3:TrackPointExtension>
            <ns3:hr>147</ns3:hr>
            <ns3:cad>82</ns3:cad>
          </ns3:TrackPointExtension>
        </extensions>
      </trkpt>
      <trkpt lat="23.04943333379924297332763671875" lon="113.3118136413395404815673828125">
        <ele>5.80000019073486328125</ele>
        <time>2026-09-14T22:54:32.000Z</time>
        <extensions>
          <ns3:TrackPointExtension>
            <ns3:hr>148</ns3:hr>
            <ns3:cad>83</ns3:cad>
          </ns3:TrackPointExtension>
        </extensions>
      </trkpt>
      <trkpt lat="23.0494134686887264251708984375" lon="113.31181573681533336639404296875">
        <ele>5.80000019073486328125</ele>
        <time>2026-09-14T22:54:33.000Z</time>
        <extensions>
          <ns3:TrackPointExtension>
            <ns3:hr>148</ns3:hr>
            <ns3:cad>83</ns3:cad>
          </ns3:TrackPointExtension>
        </extensions>
      </trkpt>
      <trkpt lat="23.04938337765634059906005859375" lon="113.31181640736758708953857421875">
        <ele>5.80000019073486328125</ele>
        <time>2026-09-14T22:54:34.000Z</time>
        <extensions>
          <ns3:TrackPointExtension>
            <ns3:hr>148</ns3:hr>
            <ns3:cad>83</ns3:cad>
          </ns3:TrackPointExtension>
        </extensions>
      </trkpt>
      <trkpt lat="23.04935772903263568878173828125" lon="113.3118096180260181427001953125">
        <ele>5.80000019073486328125</ele>
        <time>2026-09-14T22:54:35.000Z</time>
        <extensions>
          <ns3:TrackPointExtension>
            <ns3:hr>148</ns3:hr>
            <ns3:cad>82</ns3:cad>
          </ns3:TrackPointExtension>
        </extensions>
      </trkpt>
      <trkpt lat="23.04933945648372173309326171875" lon="113.31180769018828868865966796875">
        <ele>5.80000019073486328125</ele>
        <time>2026-09-14T22:54:36.000Z</time>
        <extensions>
          <ns3:TrackPointExtension>
            <ns3:hr>147</ns3:hr>
            <ns3:cad>82</ns3:cad>
          </ns3:TrackPointExtension>
        </extensions>
      </trkpt>
      <trkpt lat="23.0493095330893993377685546875" lon="113.3117998950183391571044921875">
        <ele>5.80000019073486328125</ele>
        <time>2026-09-14T22:54:37.000Z</time>
        <extensions>
          <ns3:TrackPointExtension>
            <ns3:hr>147</ns3:hr>
            <ns3:cad>82</ns3:cad>
          </ns3:TrackPointExtension>
        </extensions>
      </trkpt>
      <trkpt lat="23.04928799159824848175048828125" lon="113.3117931894958019256591796875">
        <ele>5.599999904632568359375</ele>
        <time>2026-09-14T22:54:38.000Z</time>
        <extensions>
          <ns3:TrackPointExtension>
            <ns3:hr>147</ns3:hr>
            <ns3:cad>82</ns3:cad>
          </ns3:TrackPointExtension>
        </extensions>
      </trkpt>
      <trkpt lat="23.0492666177451610565185546875" lon="113.31178254447877407073974609375">
        <ele>5.599999904632568359375</ele>
        <time>2026-09-14T22:54:39.000Z</time>
        <extensions>
          <ns3:TrackPointExtension>
            <ns3:hr>147</ns3:hr>
            <ns3:cad>82</ns3:cad>
          </ns3:TrackPointExtension>
        </extensions>
      </trkpt>
      <trkpt lat="23.04924239404499530792236328125" lon="113.3117633499205112457275390625">
        <ele>5.599999904632568359375</ele>
        <time>2026-09-14T22:54:40.000Z</time>
        <extensions>
          <ns3:TrackPointExtension>
            <ns3:hr>147</ns3:hr>
            <ns3:cad>82</ns3:cad>
          </ns3:TrackPointExtension>
        </extensions>
      </trkpt>
      <trkpt lat="23.049232251942157745361328125" lon="113.3117475919425487518310546875">
        <ele>5.599999904632568359375</ele>
        <time>2026-09-14T22:54:41.000Z</time>
        <extensions>
          <ns3:TrackPointExtension>
            <ns3:hr>148</ns3:hr>
            <ns3:cad>82</ns3:cad>
          </ns3:TrackPointExtension>
        </extensions>
      </trkpt>
      <trkpt lat="23.04922319948673248291015625" lon="113.31172353588044643402099609375">
        <ele>5.599999904632568359375</ele>
        <time>2026-09-14T22:54:42.000Z</time>
        <extensions>
          <ns3:TrackPointExtension>
            <ns3:hr>148</ns3:hr>
            <ns3:cad>82</ns3:cad>
          </ns3:TrackPointExtension>
        </extensions>
      </trkpt>
      <trkpt lat="23.04922747425734996795654296875" lon="113.31169403158128261566162109375">
        <ele>5.599999904632568359375</ele>
        <time>2026-09-14T22:54:43.000Z</time>
        <extensions>
          <ns3:TrackPointExtension>
            <ns3:hr>148</ns3:hr>
            <ns3:cad>82</ns3:cad>
          </ns3:TrackPointExtension>
        </extensions>
      </trkpt>
      <trkpt lat="23.0492257140576839447021484375" lon="113.31166930496692657470703125">
        <ele>5.599999904632568359375</ele>
        <time>2026-09-14T22:54:44.000Z</time>
        <extensions>
          <ns3:TrackPointExtension>
            <ns3:hr>148</ns3:hr>
            <ns3:cad>82</ns3:cad>
          </ns3:TrackPointExtension>
        </extensions>
      </trkpt>
      <trkpt lat="23.04922998882830142974853515625" lon="113.31164374016225337982177734375">
        <ele>5.599999904632568359375</ele>
        <time>2026-09-14T22:54:45.000Z</time>
        <extensions>
          <ns3:TrackPointExtension>
            <ns3:hr>148</ns3:hr>
            <ns3:cad>82</ns3:cad>
          </ns3:TrackPointExtension>
        </extensions>
      </trkpt>
      <trkpt lat="23.049233257770538330078125" lon="113.311624713242053985595703125">
        <ele>5.80000019073486328125</ele>
        <time>2026-09-14T22:54:46.000Z</time>
        <extensions>
          <ns3:TrackPointExtension>
            <ns3:hr>148</ns3:hr>
            <ns3:cad>82</ns3:cad>
          </ns3:TrackPointExtension>
        </extensions>
      </trkpt>
      <trkpt lat="23.04923501797020435333251953125" lon="113.3116030879318714141845703125">
        <ele>5.80000019073486328125</ele>
        <time>2026-09-14T22:54:47.000Z</time>
        <extensions>
          <ns3:TrackPointExtension>
            <ns3:hr>149</ns3:hr>
            <ns3:cad>82</ns3:cad>
          </ns3:TrackPointExtension>
        </extensions>
      </trkpt>
      <trkpt lat="23.0492444895207881927490234375" lon="113.31157735548913478851318359375">
        <ele>6</ele>
        <time>2026-09-14T22:54:48.000Z</time>
        <extensions>
          <ns3:TrackPointExtension>
            <ns3:hr>148</ns3:hr>
            <ns3:cad>82</ns3:cad>
          </ns3:TrackPointExtension>
        </extensions>
      </trkpt>
      <trkpt lat="23.04924599826335906982421875" lon="113.3115595020353794097900390625">
        <ele>6</ele>
        <time>2026-09-14T22:54:49.000Z</time>
        <extensions>
          <ns3:TrackPointExtension>
            <ns3:hr>148</ns3:hr>
            <ns3:cad>82</ns3:cad>
          </ns3:TrackPointExtension>
        </extensions>
      </trkpt>
      <trkpt lat="23.04925077594816684722900390625" lon="113.3115320093929767608642578125">
        <ele>6.19999980926513671875</ele>
        <time>2026-09-14T22:54:50.000Z</time>
        <extensions>
          <ns3:TrackPointExtension>
            <ns3:hr>148</ns3:hr>
            <ns3:cad>82</ns3:cad>
          </ns3:TrackPointExtension>
        </extensions>
      </trkpt>
      <trkpt lat="23.04926083423197269439697265625" lon="113.31150208599865436553955078125">
        <ele>6.19999980926513671875</ele>
        <time>2026-09-14T22:54:51.000Z</time>
        <extensions>
          <ns3:TrackPointExtension>
            <ns3:hr>149</ns3:hr>
            <ns3:cad>82</ns3:cad>
          </ns3:TrackPointExtension>
        </extensions>
      </trkpt>
      <trkpt lat="23.049263767898082733154296875" lon="113.31148263998329639434814453125">
        <ele>6.400000095367431640625</ele>
        <time>2026-09-14T22:54:52.000Z</time>
        <extensions>
          <ns3:TrackPointExtension>
            <ns3:hr>148</ns3:hr>
            <ns3:cad>82</ns3:cad>
          </ns3:TrackPointExtension>
        </extensions>
      </trkpt>
      <trkpt lat="23.04927106015384197235107421875" lon="113.31145715899765491485595703125">
        <ele>6.400000095367431640625</ele>
        <time>2026-09-14T22:54:53.000Z</time>
        <extensions>
          <ns3:TrackPointExtension>
            <ns3:hr>148</ns3:hr>
            <ns3:cad>82</ns3:cad>
          </ns3:TrackPointExtension>
        </extensions>
      </trkpt>
      <trkpt lat="23.049286901950836181640625" lon="113.3114334382116794586181640625">
        <ele>6.400000095367431640625</ele>
        <time>2026-09-14T22:54:54.000Z</time>
        <extensions>
          <ns3:TrackPointExtension>
            <ns3:hr>149</ns3:hr>
            <ns3:cad>82</ns3:cad>
          </ns3:TrackPointExtension>
        </extensions>
      </trkpt>
      <trkpt lat="23.04929696023464202880859375" lon="113.31141156144440174102783203125">
        <ele>6.400000095367431640625</ele>
        <time>2026-09-14T22:54:55.000Z</time>
        <extensions>
          <ns3:TrackPointExtension>
            <ns3:hr>148</ns3:hr>
            <ns3:cad>81</ns3:cad>
          </ns3:TrackPointExtension>
        </extensions>
      </trkpt>
      <trkpt lat="23.04932068102061748504638671875" lon="113.31137937493622303009033203125">
        <ele>6.19999980926513671875</ele>
        <time>2026-09-14T22:54:56.000Z</time>
        <extensions>
          <ns3:TrackPointExtension>
            <ns3:hr>148</ns3:hr>
            <ns3:cad>81</ns3:cad>
          </ns3:TrackPointExtension>
        </extensions>
      </trkpt>
      <trkpt lat="23.04933392442762851715087890625" lon="113.311358503997325897216796875">
        <ele>6</ele>
        <time>2026-09-14T22:54:57.000Z</time>
        <extensions>
          <ns3:TrackPointExtension>
            <ns3:hr>148</ns3:hr>
            <ns3:cad>81</ns3:cad>
          </ns3:TrackPointExtension>
        </extensions>
      </trkpt>
      <trkpt lat="23.04934523999691009521484375" lon="113.31133134663105010986328125">
        <ele>5.80000019073486328125</ele>
        <time>2026-09-14T22:54:58.000Z</time>
        <extensions>
          <ns3:TrackPointExtension>
            <ns3:hr>148</ns3:hr>
            <ns3:cad>81</ns3:cad>
          </ns3:TrackPointExtension>
        </extensions>
      </trkpt>
      <trkpt lat="23.04936611093580722808837890625" lon="113.31130318343639373779296875">
        <ele>5.599999904632568359375</ele>
        <time>2026-09-14T22:54:59.000Z</time>
        <extensions>
          <ns3:TrackPointExtension>
            <ns3:hr>148</ns3:hr>
            <ns3:cad>81</ns3:cad>
          </ns3:TrackPointExtension>
        </extensions>
      </trkpt>
      <trkpt lat="23.0493752472102642059326171875" lon="113.31128583289682865142822265625">
        <ele>5.400000095367431640625</ele>
        <time>2026-09-14T22:55:00.000Z</time>
        <extensions>
          <ns3:TrackPointExtension>
            <ns3:hr>148</ns3:hr>
            <ns3:cad>81</ns3:cad>
          </ns3:TrackPointExtension>
        </extensions>
      </trkpt>
      <trkpt lat="23.04938723333179950714111328125" lon="113.31126253120601177215576171875">
        <ele>5.19999980926513671875</ele>
        <time>2026-09-14T22:55:01.000Z</time>
        <extensions>
          <ns3:TrackPointExtension>
            <ns3:hr>148</ns3:hr>
            <ns3:cad>81</ns3:cad>
          </ns3:TrackPointExtension>
        </extensions>
      </trkpt>
      <trkpt lat="23.0494013987481594085693359375" lon="113.31123772077262401580810546875">
        <ele>5</ele>
        <time>2026-09-14T22:55:02.000Z</time>
        <extensions>
          <ns3:TrackPointExtension>
            <ns3:hr>149</ns3:hr>
            <ns3:cad>82</ns3:cad>
          </ns3:TrackPointExtension>
        </extensions>
      </trkpt>
      <trkpt lat="23.049405924975872039794921875" lon="113.3112145029008388519287109375">
        <ele>5</ele>
        <time>2026-09-14T22:55:03.000Z</time>
        <extensions>
          <ns3:TrackPointExtension>
            <ns3:hr>149</ns3:hr>
            <ns3:cad>83</ns3:cad>
          </ns3:TrackPointExtension>
        </extensions>
      </trkpt>
      <trkpt lat="23.04941791109740734100341796875" lon="113.311180807650089263916015625">
        <ele>4.80000019073486328125</ele>
        <time>2026-09-14T22:55:04.000Z</time>
        <extensions>
          <ns3:TrackPointExtension>
            <ns3:hr>149</ns3:hr>
            <ns3:cad>83</ns3:cad>
          </ns3:TrackPointExtension>
        </extensions>
      </trkpt>
      <trkpt lat="23.0494292266666889190673828125" lon="113.3111571706831455230712890625">
        <ele>4.80000019073486328125</ele>
        <time>2026-09-14T22:55:05.000Z</time>
        <extensions>
          <ns3:TrackPointExtension>
            <ns3:hr>148</ns3:hr>
            <ns3:cad>82</ns3:cad>
          </ns3:TrackPointExtension>
        </extensions>
      </trkpt>
      <trkpt lat="23.04943148978054523468017578125" lon="113.3111300133168697357177734375">
        <ele>4.80000019073486328125</ele>
        <time>2026-09-14T22:55:06.000Z</time>
        <extensions>
          <ns3:TrackPointExtension>
            <ns3:hr>148</ns3:hr>
            <ns3:cad>82</ns3:cad>
          </ns3:TrackPointExtension>
        </extensions>
      </trkpt>
      <trkpt lat="23.0494386143982410430908203125" lon="113.311105035245418548583984375">
        <ele>4.599999904632568359375</ele>
        <time>2026-09-14T22:55:07.000Z</time>
        <extensions>
          <ns3:TrackPointExtension>
            <ns3:hr>148</ns3:hr>
            <ns3:cad>81</ns3:cad>
          </ns3:TrackPointExtension>
        </extensions>
      </trkpt>
      <trkpt lat="23.04944741539657115936279296875" lon="113.31108483485877513885498046875">
        <ele>4.599999904632568359375</ele>
        <time>2026-09-14T22:55:08.000Z</time>
        <extensions>
          <ns3:TrackPointExtension>
            <ns3:hr>149</ns3:hr>
            <ns3:cad>81</ns3:cad>
          </ns3:TrackPointExtension>
        </extensions>
      </trkpt>
      <trkpt lat="23.04945118725299835205078125" lon="113.31106044352054595947265625">
        <ele>4.599999904632568359375</ele>
        <time>2026-09-14T22:55:09.000Z</time>
        <extensions>
          <ns3:TrackPointExtension>
            <ns3:hr>148</ns3:hr>
            <ns3:cad>81</ns3:cad>
          </ns3:TrackPointExtension>
        </extensions>
      </trkpt>
      <trkpt lat="23.04945378564298152923583984375" lon="113.31103336997330188751220703125">
        <ele>4.400000095367431640625</ele>
        <time>2026-09-14T22:55:10.000Z</time>
        <extensions>
          <ns3:TrackPointExtension>
            <ns3:hr>148</ns3:hr>
            <ns3:cad>81</ns3:cad>
          </ns3:TrackPointExtension>
        </extensions>
      </trkpt>
      <trkpt lat="23.04945445619523525238037109375" lon="113.31101350486278533935546875">
        <ele>4.400000095367431640625</ele>
        <time>2026-09-14T22:55:11.000Z</time>
        <extensions>
          <ns3:TrackPointExtension>
            <ns3:hr>147</ns3:hr>
            <ns3:cad>82</ns3:cad>
          </ns3:TrackPointExtension>
        </extensions>
      </trkpt>
      <trkpt lat="23.04945931769907474517822265625" lon="113.31098777242004871368408203125">
        <ele>4.400000095367431640625</ele>
        <time>2026-09-14T22:55:12.000Z</time>
        <extensions>
          <ns3:TrackPointExtension>
            <ns3:hr>147</ns3:hr>
            <ns3:cad>82</ns3:cad>
          </ns3:TrackPointExtension>
        </extensions>
      </trkpt>
      <trkpt lat="23.0494679510593414306640625" lon="113.3109606988728046417236328125">
        <ele>4.400000095367431640625</ele>
        <time>2026-09-14T22:55:13.000Z</time>
        <extensions>
          <ns3:TrackPointExtension>
            <ns3:hr>147</ns3:hr>
            <ns3:cad>82</ns3:cad>
          </ns3:TrackPointExtension>
        </extensions>
      </trkpt>
      <trkpt lat="23.0494714714586734771728515625" lon="113.310938067734241485595703125">
        <ele>4.400000095367431640625</ele>
        <time>2026-09-14T22:55:14.000Z</time>
        <extensions>
          <ns3:TrackPointExtension>
            <ns3:hr>147</ns3:hr>
            <ns3:cad>82</ns3:cad>
          </ns3:TrackPointExtension>
        </extensions>
      </trkpt>
      <trkpt lat="23.04947557859122753143310546875" lon="113.3109063841402530670166015625">
        <ele>4.400000095367431640625</ele>
        <time>2026-09-14T22:55:15.000Z</time>
        <extensions>
          <ns3:TrackPointExtension>
            <ns3:hr>147</ns3:hr>
            <ns3:cad>82</ns3:cad>
          </ns3:TrackPointExtension>
        </extensions>
      </trkpt>
      <trkpt lat="23.0494788475334644317626953125" lon="113.31088366918265819549560546875">
        <ele>4.400000095367431640625</ele>
        <time>2026-09-14T22:55:16.000Z</time>
        <extensions>
          <ns3:TrackPointExtension>
            <ns3:hr>147</ns3:hr>
            <ns3:cad>82</ns3:cad>
          </ns3:TrackPointExtension>
        </extensions>
      </trkpt>
      <trkpt lat="23.0494771711528301239013671875" lon="113.3108570985496044158935546875">
        <ele>4.599999904632568359375</ele>
        <time>2026-09-14T22:55:17.000Z</time>
        <extensions>
          <ns3:TrackPointExtension>
            <ns3:hr>147</ns3:hr>
            <ns3:cad>82</ns3:cad>
          </ns3:TrackPointExtension>
        </extensions>
      </trkpt>
      <trkpt lat="23.04948203265666961669921875" lon="113.31082977354526519775390625">
        <ele>4.400000095367431640625</ele>
        <time>2026-09-14T22:55:18.000Z</time>
        <extensions>
          <ns3:TrackPointExtension>
            <ns3:hr>146</ns3:hr>
            <ns3:cad>82</ns3:cad>
          </ns3:TrackPointExtension>
        </extensions>
      </trkpt>
      <trkpt lat="23.049485720694065093994140625" lon="113.31080672331154346466064453125">
        <ele>4.400000095367431640625</ele>
        <time>2026-09-14T22:55:19.000Z</time>
        <extensions>
          <ns3:TrackPointExtension>
            <ns3:hr>146</ns3:hr>
            <ns3:cad>82</ns3:cad>
          </ns3:TrackPointExtension>
        </extensions>
      </trkpt>
      <trkpt lat="23.04948446340858936309814453125" lon="113.31078090704977512359619140625">
        <ele>4.400000095367431640625</ele>
        <time>2026-09-14T22:55:20.000Z</time>
        <extensions>
          <ns3:TrackPointExtension>
            <ns3:hr>146</ns3:hr>
            <ns3:cad>82</ns3:cad>
          </ns3:TrackPointExtension>
        </extensions>
      </trkpt>
      <trkpt lat="23.0494852177798748016357421875" lon="113.310751654207706451416015625">
        <ele>4.400000095367431640625</ele>
        <time>2026-09-14T22:55:21.000Z</time>
        <extensions>
          <ns3:TrackPointExtension>
            <ns3:hr>146</ns3:hr>
            <ns3:cad>82</ns3:cad>
          </ns3:TrackPointExtension>
        </extensions>
      </trkpt>
      <trkpt lat="23.0494835413992404937744140625" lon="113.31073187291622161865234375">
        <ele>4.400000095367431640625</ele>
        <time>2026-09-14T22:55:22.000Z</time>
        <extensions>
          <ns3:TrackPointExtension>
            <ns3:hr>146</ns3:hr>
            <ns3:cad>82</ns3:cad>
          </ns3:TrackPointExtension>
        </extensions>
      </trkpt>
      <trkpt lat="23.04948027245700359344482421875" lon="113.31070161424577236175537109375">
        <ele>4.400000095367431640625</ele>
        <time>2026-09-14T22:55:23.000Z</time>
        <extensions>
          <ns3:TrackPointExtension>
            <ns3:hr>146</ns3:hr>
            <ns3:cad>82</ns3:cad>
          </ns3:TrackPointExtension>
        </extensions>
      </trkpt>
      <trkpt lat="23.0494785122573375701904296875" lon="113.31068032421171665191650390625">
        <ele>4.400000095367431640625</ele>
        <time>2026-09-14T22:55:24.000Z</time>
        <extensions>
          <ns3:TrackPointExtension>
            <ns3:hr>147</ns3:hr>
            <ns3:cad>82</ns3:cad>
          </ns3:TrackPointExtension>
        </extensions>
      </trkpt>
      <trkpt lat="23.04948027245700359344482421875" lon="113.3106576092541217803955078125">
        <ele>4.400000095367431640625</ele>
        <time>2026-09-14T22:55:25.000Z</time>
        <extensions>
          <ns3:TrackPointExtension>
            <ns3:hr>146</ns3:hr>
            <ns3:cad>82</ns3:cad>
          </ns3:TrackPointExtension>
        </extensions>
      </trkpt>
      <trkpt lat="23.04948270320892333984375" lon="113.31062265671789646148681640625">
        <ele>4.400000095367431640625</ele>
        <time>2026-09-14T22:55:26.000Z</time>
        <extensions>
          <ns3:TrackPointExtension>
            <ns3:hr>146</ns3:hr>
            <ns3:cad>81</ns3:cad>
          </ns3:TrackPointExtension>
        </extensions>
      </trkpt>
      <trkpt lat="23.04948731325566768646240234375" lon="113.3106039650738239288330078125">
        <ele>4.400000095367431640625</ele>
        <time>2026-09-14T22:55:27.000Z</time>
        <extensions>
          <ns3:TrackPointExtension>
            <ns3:hr>145</ns3:hr>
            <ns3:cad>81</ns3:cad>
          </ns3:TrackPointExtension>
        </extensions>
      </trkpt>
      <trkpt lat="23.04948362521827220916748046875" lon="113.31057789735496044158935546875">
        <ele>4.400000095367431640625</ele>
        <time>2026-09-14T22:55:28.000Z</time>
        <extensions>
          <ns3:TrackPointExtension>
            <ns3:hr>145</ns3:hr>
            <ns3:cad>81</ns3:cad>
          </ns3:TrackPointExtension>
        </extensions>
      </trkpt>
      <trkpt lat="23.0494842119514942169189453125" lon="113.31054621376097202301025390625">
        <ele>4.400000095367431640625</ele>
        <time>2026-09-14T22:55:29.000Z</time>
        <extensions>
          <ns3:TrackPointExtension>
            <ns3:hr>145</ns3:hr>
            <ns3:cad>81</ns3:cad>
          </ns3:TrackPointExtension>
        </extensions>
      </trkpt>
      <trkpt lat="23.049484379589557647705078125" lon="113.31052693538367748260498046875">
        <ele>4.400000095367431640625</ele>
        <time>2026-09-14T22:55:30.000Z</time>
        <extensions>
          <ns3:TrackPointExtension>
            <ns3:hr>146</ns3:hr>
            <ns3:cad>81</ns3:cad>
          </ns3:TrackPointExtension>
        </extensions>
      </trkpt>
      <trkpt lat="23.04948647506535053253173828125" lon="113.31050078384578227996826171875">
        <ele>4.400000095367431640625</ele>
        <time>2026-09-14T22:55:31.000Z</time>
        <extensions>
          <ns3:TrackPointExtension>
            <ns3:hr>145</ns3:hr>
            <ns3:cad>81</ns3:cad>
          </ns3:TrackPointExtension>
        </extensions>
      </trkpt>
      <trkpt lat="23.04950139485299587249755859375" lon="113.31047412939369678497314453125">
        <ele>4.400000095367431640625</ele>
        <time>2026-09-14T22:55:32.000Z</time>
        <extensions>
          <ns3:TrackPointExtension>
            <ns3:hr>145</ns3:hr>
            <ns3:cad>81</ns3:cad>
          </ns3:TrackPointExtension>
        </extensions>
      </trkpt>
      <trkpt lat="23.04950156249105930328369140625" lon="113.3104604668915271759033203125">
        <ele>4.400000095367431640625</ele>
        <time>2026-09-14T22:55:33.000Z</time>
        <extensions>
          <ns3:TrackPointExtension>
            <ns3:hr>146</ns3:hr>
            <ns3:cad>82</ns3:cad>
          </ns3:TrackPointExtension>
        </extensions>
      </trkpt>
      <trkpt lat="23.04951581172645092010498046875" lon="113.31045216880738735198974609375">
        <ele>4.400000095367431640625</ele>
        <time>2026-09-14T22:55:34.000Z</time>
        <extensions>
          <ns3:TrackPointExtension>
            <ns3:hr>145</ns3:hr>
            <ns3:cad>81</ns3:cad>
          </ns3:TrackPointExtension>
        </extensions>
      </trkpt>
      <trkpt lat="23.04953576065599918365478515625" lon="113.3104621432721614837646484375">
        <ele>4.400000095367431640625</ele>
        <time>2026-09-14T22:55:35.000Z</time>
        <extensions>
          <ns3:TrackPointExtension>
            <ns3:hr>145</ns3:hr>
            <ns3:cad>81</ns3:cad>
          </ns3:TrackPointExtension>
        </extensions>
      </trkpt>
      <trkpt lat="23.04955705069005489349365234375" lon="113.31046088598668575286865234375">
        <ele>4.400000095367431640625</ele>
        <time>2026-09-14T22:55:36.000Z</time>
        <extensions>
          <ns3:TrackPointExtension>
            <ns3:hr>145</ns3:hr>
            <ns3:cad>81</ns3:cad>
          </ns3:TrackPointExtension>
        </extensions>
      </trkpt>
      <trkpt lat="23.0495861358940601348876953125" lon="113.31046633422374725341796875">
        <ele>4.400000095367431640625</ele>
        <time>2026-09-14T22:55:37.000Z</time>
        <extensions>
          <ns3:TrackPointExtension>
            <ns3:hr>145</ns3:hr>
            <ns3:cad>81</ns3:cad>
          </ns3:TrackPointExtension>
        </extensions>
      </trkpt>
      <trkpt lat="23.04961077868938446044921875" lon="113.3104758895933628082275390625">
        <ele>4.400000095367431640625</ele>
        <time>2026-09-14T22:55:38.000Z</time>
        <extensions>
          <ns3:TrackPointExtension>
            <ns3:hr>144</ns3:hr>
            <ns3:cad>81</ns3:cad>
          </ns3:TrackPointExtension>
        </extensions>
      </trkpt>
      <trkpt lat="23.04963332600891590118408203125" lon="113.3104722015559673309326171875">
        <ele>4.599999904632568359375</ele>
        <time>2026-09-14T22:55:39.000Z</time>
        <extensions>
          <ns3:TrackPointExtension>
            <ns3:hr>144</ns3:hr>
            <ns3:cad>82</ns3:cad>
          </ns3:TrackPointExtension>
        </extensions>
      </trkpt>
      <trkpt lat="23.0496637523174285888671875" lon="113.3104763925075531005859375">
        <ele>4.599999904632568359375</ele>
        <time>2026-09-14T22:55:40.000Z</time>
        <extensions>
          <ns3:TrackPointExtension>
            <ns3:hr>143</ns3:hr>
            <ns3:cad>82</ns3:cad>
          </ns3:TrackPointExtension>
        </extensions>
      </trkpt>
      <trkpt lat="23.049681521952152252197265625" lon="113.310485444962978363037109375">
        <ele>4.599999904632568359375</ele>
        <time>2026-09-14T22:55:41.000Z</time>
        <extensions>
          <ns3:TrackPointExtension>
            <ns3:hr>142</ns3:hr>
            <ns3:cad>82</ns3:cad>
          </ns3:TrackPointExtension>
        </extensions>
      </trkpt>
      <trkpt lat="23.04970406927168369293212890625" lon="113.3104879595339298248291015625">
        <ele>4.599999904632568359375</ele>
        <time>2026-09-14T22:55:42.000Z</time>
        <extensions>
          <ns3:TrackPointExtension>
            <ns3:hr>142</ns3:hr>
            <ns3:cad>81</ns3:cad>
          </ns3:TrackPointExtension>
        </extensions>
      </trkpt>
      <trkpt lat="23.04973726160824298858642578125" lon="113.310489468276500701904296875">
        <ele>4.599999904632568359375</ele>
        <time>2026-09-14T22:55:43.000Z</time>
        <extensions>
          <ns3:TrackPointExtension>
            <ns3:hr>142</ns3:hr>
            <ns3:cad>80</ns3:cad>
          </ns3:TrackPointExtension>
        </extensions>
      </trkpt>
      <trkpt lat="23.04976006038486957550048828125" lon="113.3104906417429447174072265625">
        <ele>4.599999904632568359375</ele>
        <time>2026-09-14T22:55:44.000Z</time>
        <extensions>
          <ns3:TrackPointExtension>
            <ns3:hr>142</ns3:hr>
            <ns3:cad>80</ns3:cad>
          </ns3:TrackPointExtension>
        </extensions>
      </trkpt>
      <trkpt lat="23.04978269152343273162841796875" lon="113.31048485822975635528564453125">
        <ele>4.599999904632568359375</ele>
        <time>2026-09-14T22:55:45.000Z</time>
        <extensions>
          <ns3:TrackPointExtension>
            <ns3:hr>142</ns3:hr>
            <ns3:cad>80</ns3:cad>
          </ns3:TrackPointExtension>
        </extensions>
      </trkpt>
      <trkpt lat="23.04980951361358165740966796875" lon="113.31048770807683467864990234375">
        <ele>4.599999904632568359375</ele>
        <time>2026-09-14T22:55:46.000Z</time>
        <extensions>
          <ns3:TrackPointExtension>
            <ns3:hr>142</ns3:hr>
            <ns3:cad>81</ns3:cad>
          </ns3:TrackPointExtension>
        </extensions>
      </trkpt>
      <trkpt lat="23.0498300492763519287109375" lon="113.31048686988651752471923828125">
        <ele>4.80000019073486328125</ele>
        <time>2026-09-14T22:55:47.000Z</time>
        <extensions>
          <ns3:TrackPointExtension>
            <ns3:hr>143</ns3:hr>
            <ns3:cad>81</ns3:cad>
          </ns3:TrackPointExtension>
        </extensions>
      </trkpt>
      <trkpt lat="23.0498515069484710693359375" lon="113.31048670224845409393310546875">
        <ele>4.80000019073486328125</ele>
        <time>2026-09-14T22:55:48.000Z</time>
        <extensions>
          <ns3:TrackPointExtension>
            <ns3:hr>143</ns3:hr>
            <ns3:cad>81</ns3:cad>
          </ns3:TrackPointExtension>
        </extensions>
      </trkpt>
      <trkpt lat="23.04987438954412937164306640625" lon="113.310489468276500701904296875">
        <ele>5</ele>
        <time>2026-09-14T22:55:49.000Z</time>
        <extensions>
          <ns3:TrackPointExtension>
            <ns3:hr>143</ns3:hr>
            <ns3:cad>81</ns3:cad>
          </ns3:TrackPointExtension>
        </extensions>
      </trkpt>
      <trkpt lat="23.0498862080276012420654296875" lon="113.3104829303920269012451171875">
        <ele>5.19999980926513671875</ele>
        <time>2026-09-14T22:55:50.000Z</time>
        <extensions>
          <ns3:TrackPointExtension>
            <ns3:hr>143</ns3:hr>
            <ns3:cad>81</ns3:cad>
          </ns3:TrackPointExtension>
        </extensions>
      </trkpt>
      <trkpt lat="23.0499080009758472442626953125" lon="113.31047614105045795440673828125">
        <ele>5.400000095367431640625</ele>
        <time>2026-09-14T22:55:51.000Z</time>
        <extensions>
          <ns3:TrackPointExtension>
            <ns3:hr>144</ns3:hr>
            <ns3:cad>81</ns3:cad>
          </ns3:TrackPointExtension>
        </extensions>
      </trkpt>
      <trkpt lat="23.0499244295060634613037109375" lon="113.31046792678534984588623046875">
        <ele>5.599999904632568359375</ele>
        <time>2026-09-14T22:55:52.000Z</time>
        <extensions>
          <ns3:TrackPointExtension>
            <ns3:hr>144</ns3:hr>
            <ns3:cad>81</ns3:cad>
          </ns3:TrackPointExtension>
        </extensions>
      </trkpt>
      <trkpt lat="23.04993800818920135498046875" lon="113.31045870669186115264892578125">
        <ele>5.80000019073486328125</ele>
        <time>2026-09-14T22:55:53.000Z</time>
        <extensions>
          <ns3:TrackPointExtension>
            <ns3:hr>144</ns3:hr>
            <ns3:cad>81</ns3:cad>
          </ns3:TrackPointExtension>
        </extensions>
      </trkpt>
      <trkpt lat="23.04995317943394184112548828125" lon="113.3104383386671543121337890625">
        <ele>5.80000019073486328125</ele>
        <time>2026-09-14T22:55:54.000Z</time>
        <extensions>
          <ns3:TrackPointExtension>
            <ns3:hr>144</ns3:hr>
            <ns3:cad>81</ns3:cad>
          </ns3:TrackPointExtension>
        </extensions>
      </trkpt>
      <trkpt lat="23.04996524937450885772705078125" lon="113.3104262687265872955322265625">
        <ele>6</ele>
        <time>2026-09-14T22:55:55.000Z</time>
        <extensions>
          <ns3:TrackPointExtension>
            <ns3:hr>145</ns3:hr>
            <ns3:cad>81</ns3:cad>
          </ns3:TrackPointExtension>
        </extensions>
      </trkpt>
      <trkpt lat="23.0499722063541412353515625" lon="113.3104098401963710784912109375">
        <ele>6</ele>
        <time>2026-09-14T22:55:56.000Z</time>
        <extensions>
          <ns3:TrackPointExtension>
            <ns3:hr>145</ns3:hr>
            <ns3:cad>80</ns3:cad>
          </ns3:TrackPointExtension>
        </extensions>
      </trkpt>
      <trkpt lat="23.049981594085693359375" lon="113.3103927411139011383056640625">
        <ele>6</ele>
        <time>2026-09-14T22:55:57.000Z</time>
        <extensions>
          <ns3:TrackPointExtension>
            <ns3:hr>145</ns3:hr>
            <ns3:cad>80</ns3:cad>
          </ns3:TrackPointExtension>
        </extensions>
      </trkpt>
      <trkpt lat="23.0499861203134059906005859375" lon="113.3103744685649871826171875">
        <ele>5.80000019073486328125</ele>
        <time>2026-09-14T22:55:58.000Z</time>
        <extensions>
          <ns3:TrackPointExtension>
            <ns3:hr>145</ns3:hr>
            <ns3:cad>81</ns3:cad>
          </ns3:TrackPointExtension>
        </extensions>
      </trkpt>
      <trkpt lat="23.0499861203134059906005859375" lon="113.31035510636866092681884765625">
        <ele>5.80000019073486328125</ele>
        <time>2026-09-14T22:55:59.000Z</time>
        <extensions>
          <ns3:TrackPointExtension>
            <ns3:hr>146</ns3:hr>
            <ns3:cad>82</ns3:cad>
          </ns3:TrackPointExtension>
        </extensions>
      </trkpt>
      <trkpt lat="23.049987964332103729248046875" lon="113.3103342354297637939453125">
        <ele>5.80000019073486328125</ele>
        <time>2026-09-14T22:56:00.000Z</time>
        <extensions>
          <ns3:TrackPointExtension>
            <ns3:hr>146</ns3:hr>
            <ns3:cad>82</ns3:cad>
          </ns3:TrackPointExtension>
        </extensions>
      </trkpt>
      <trkpt lat="23.0499847792088985443115234375" lon="113.3103169687092304229736328125">
        <ele>5.80000019073486328125</ele>
        <time>2026-09-14T22:56:01.000Z</time>
        <extensions>
          <ns3:TrackPointExtension>
            <ns3:hr>146</ns3:hr>
            <ns3:cad>82</ns3:cad>
          </ns3:TrackPointExtension>
        </extensions>
      </trkpt>
      <trkpt lat="23.04997933097183704376220703125" lon="113.3102871291339397430419921875">
        <ele>6</ele>
        <time>2026-09-14T22:56:02.000Z</time>
        <extensions>
          <ns3:TrackPointExtension>
            <ns3:hr>146</ns3:hr>
            <ns3:cad>81</ns3:cad>
          </ns3:TrackPointExtension>
        </extensions>
      </trkpt>
      <trkpt lat="23.049977235496044158935546875" lon="113.3102593012154102325439453125">
        <ele>6</ele>
        <time>2026-09-14T22:56:03.000Z</time>
        <extensions>
          <ns3:TrackPointExtension>
            <ns3:hr>146</ns3:hr>
            <ns3:cad>81</ns3:cad>
          </ns3:TrackPointExtension>
        </extensions>
      </trkpt>
      <trkpt lat="23.0499717034399509429931640625" lon="113.3102365024387836456298828125">
        <ele>6</ele>
        <time>2026-09-14T22:56:04.000Z</time>
        <extensions>
          <ns3:TrackPointExtension>
            <ns3:hr>145</ns3:hr>
            <ns3:cad>81</ns3:cad>
          </ns3:TrackPointExtension>
        </extensions>
      </trkpt>
      <trkpt lat="23.04996751248836517333984375" lon="113.31020691432058811187744140625">
        <ele>6</ele>
        <time>2026-09-14T22:56:05.000Z</time>
        <extensions>
          <ns3:TrackPointExtension>
            <ns3:hr>146</ns3:hr>
            <ns3:cad>81</ns3:cad>
          </ns3:TrackPointExtension>
        </extensions>
      </trkpt>
      <trkpt lat="23.0499639920890331268310546875" lon="113.31018445082008838653564453125">
        <ele>6</ele>
        <time>2026-09-14T22:56:06.000Z</time>
        <extensions>
          <ns3:TrackPointExtension>
            <ns3:hr>146</ns3:hr>
            <ns3:cad>82</ns3:cad>
          </ns3:TrackPointExtension>
        </extensions>
      </trkpt>
      <trkpt lat="23.04995946586132049560546875" lon="113.31016064621508121490478515625">
        <ele>6.19999980926513671875</ele>
        <time>2026-09-14T22:56:07.000Z</time>
        <extensions>
          <ns3:TrackPointExtension>
            <ns3:hr>146</ns3:hr>
            <ns3:cad>82</ns3:cad>
          </ns3:TrackPointExtension>
        </extensions>
      </trkpt>
      <trkpt lat="23.04996122606098651885986328125" lon="113.31013231538236141204833984375">
        <ele>6</ele>
        <time>2026-09-14T22:56:08.000Z</time>
        <extensions>
          <ns3:TrackPointExtension>
            <ns3:hr>147</ns3:hr>
            <ns3:cad>82</ns3:cad>
          </ns3:TrackPointExtension>
        </extensions>
      </trkpt>
      <trkpt lat="23.04995569400489330291748046875" lon="113.310111276805400848388671875">
        <ele>6</ele>
        <time>2026-09-14T22:56:09.000Z</time>
        <extensions>
          <ns3:TrackPointExtension>
            <ns3:hr>147</ns3:hr>
            <ns3:cad>81</ns3:cad>
          </ns3:TrackPointExtension>
        </extensions>
      </trkpt>
      <trkpt lat="23.0499534308910369873046875" lon="113.31008411943912506103515625">
        <ele>6</ele>
        <time>2026-09-14T22:56:10.000Z</time>
        <extensions>
          <ns3:TrackPointExtension>
            <ns3:hr>148</ns3:hr>
            <ns3:cad>82</ns3:cad>
          </ns3:TrackPointExtension>
        </extensions>
      </trkpt>
      <trkpt lat="23.04995569400489330291748046875" lon="113.3100531063973903656005859375">
        <ele>6</ele>
        <time>2026-09-14T22:56:11.000Z</time>
        <extensions>
          <ns3:TrackPointExtension>
            <ns3:hr>148</ns3:hr>
            <ns3:cad>82</ns3:cad>
          </ns3:TrackPointExtension>
        </extensions>
      </trkpt>
      <trkpt lat="23.0499525927007198333740234375" lon="113.31003173254430294036865234375">
        <ele>6</ele>
        <time>2026-09-14T22:56:12.000Z</time>
        <extensions>
          <ns3:TrackPointExtension>
            <ns3:hr>147</ns3:hr>
            <ns3:cad>82</ns3:cad>
          </ns3:TrackPointExtension>
        </extensions>
      </trkpt>
      <trkpt lat="23.049955107271671295166015625" lon="113.3099917508661746978759765625">
        <ele>6.19999980926513671875</ele>
        <time>2026-09-14T22:56:13.000Z</time>
        <extensions>
          <ns3:TrackPointExtension>
            <ns3:hr>147</ns3:hr>
            <ns3:cad>82</ns3:cad>
          </ns3:TrackPointExtension>
        </extensions>
      </trkpt>
      <trkpt lat="23.04994915612041950225830078125" lon="113.30996953882277011871337890625">
        <ele>6.19999980926513671875</ele>
        <time>2026-09-14T22:56:14.000Z</time>
        <extensions>
          <ns3:TrackPointExtension>
            <ns3:hr>148</ns3:hr>
            <ns3:cad>82</ns3:cad>
          </ns3:TrackPointExtension>
        </extensions>
      </trkpt>
      <trkpt lat="23.0499442107975482940673828125" lon="113.30994254909455776214599609375">
        <ele>6.19999980926513671875</ele>
        <time>2026-09-14T22:56:15.000Z</time>
        <extensions>
          <ns3:TrackPointExtension>
            <ns3:hr>148</ns3:hr>
            <ns3:cad>82</ns3:cad>
          </ns3:TrackPointExtension>
        </extensions>
      </trkpt>
      <trkpt lat="23.04995167069137096405029296875" lon="113.30991120077669620513916015625">
        <ele>6.19999980926513671875</ele>
        <time>2026-09-14T22:56:16.000Z</time>
        <extensions>
          <ns3:TrackPointExtension>
            <ns3:hr>148</ns3:hr>
            <ns3:cad>82</ns3:cad>
          </ns3:TrackPointExtension>
        </extensions>
      </trkpt>
      <trkpt lat="23.04994228295981884002685546875" lon="113.3098938502371311187744140625">
        <ele>6.19999980926513671875</ele>
        <time>2026-09-14T22:56:17.000Z</time>
        <extensions>
          <ns3:TrackPointExtension>
            <ns3:hr>148</ns3:hr>
            <ns3:cad>82</ns3:cad>
          </ns3:TrackPointExtension>
        </extensions>
      </trkpt>
      <trkpt lat="23.04993792437016963958740234375" lon="113.30986560322344303131103515625">
        <ele>6.19999980926513671875</ele>
        <time>2026-09-14T22:56:18.000Z</time>
        <extensions>
          <ns3:TrackPointExtension>
            <ns3:hr>147</ns3:hr>
            <ns3:cad>82</ns3:cad>
          </ns3:TrackPointExtension>
        </extensions>
      </trkpt>
      <trkpt lat="23.049943037331104278564453125" lon="113.3098392002284526824951171875">
        <ele>6.19999980926513671875</ele>
        <time>2026-09-14T22:56:19.000Z</time>
        <extensions>
          <ns3:TrackPointExtension>
            <ns3:hr>147</ns3:hr>
            <ns3:cad>82</ns3:cad>
          </ns3:TrackPointExtension>
        </extensions>
      </trkpt>
      <trkpt lat="23.0499391816556453704833984375" lon="113.30981782637536525726318359375">
        <ele>6.19999980926513671875</ele>
        <time>2026-09-14T22:56:20.000Z</time>
        <extensions>
          <ns3:TrackPointExtension>
            <ns3:hr>148</ns3:hr>
            <ns3:cad>82</ns3:cad>
          </ns3:TrackPointExtension>
        </extensions>
      </trkpt>
      <trkpt lat="23.049936331808567047119140625" lon="113.309788405895233154296875">
        <ele>6.19999980926513671875</ele>
        <time>2026-09-14T22:56:21.000Z</time>
        <extensions>
          <ns3:TrackPointExtension>
            <ns3:hr>148</ns3:hr>
            <ns3:cad>82</ns3:cad>
          </ns3:TrackPointExtension>
        </extensions>
      </trkpt>
      <trkpt lat="23.04993356578052043914794921875" lon="113.3097656071186065673828125">
        <ele>6.19999980926513671875</ele>
        <time>2026-09-14T22:56:22.000Z</time>
        <extensions>
          <ns3:TrackPointExtension>
            <ns3:hr>148</ns3:hr>
            <ns3:cad>82</ns3:cad>
          </ns3:TrackPointExtension>
        </extensions>
      </trkpt>
      <trkpt lat="23.04992887191474437713623046875" lon="113.30974138341844081878662109375">
        <ele>6.19999980926513671875</ele>
        <time>2026-09-14T22:56:23.000Z</time>
        <extensions>
          <ns3:TrackPointExtension>
            <ns3:hr>149</ns3:hr>
            <ns3:cad>82</ns3:cad>
          </ns3:TrackPointExtension>
        </extensions>
      </trkpt>
      <trkpt lat="23.049934320151805877685546875" lon="113.30970726907253265380859375">
        <ele>6.19999980926513671875</ele>
        <time>2026-09-14T22:56:24.000Z</time>
        <extensions>
          <ns3:TrackPointExtension>
            <ns3:hr>149</ns3:hr>
            <ns3:cad>82</ns3:cad>
          </ns3:TrackPointExtension>
        </extensions>
      </trkpt>
      <trkpt lat="23.04993331432342529296875" lon="113.3096886612474918365478515625">
        <ele>6.19999980926513671875</ele>
        <time>2026-09-14T22:56:25.000Z</time>
        <extensions>
          <ns3:TrackPointExtension>
            <ns3:hr>149</ns3:hr>
            <ns3:cad>82</ns3:cad>
          </ns3:TrackPointExtension>
        </extensions>
      </trkpt>
      <trkpt lat="23.04992836900055408477783203125" lon="113.3096608333289623260498046875">
        <ele>6.19999980926513671875</ele>
        <time>2026-09-14T22:56:26.000Z</time>
        <extensions>
          <ns3:TrackPointExtension>
            <ns3:hr>149</ns3:hr>
            <ns3:cad>82</ns3:cad>
          </ns3:TrackPointExtension>
        </extensions>
      </trkpt>
      <trkpt lat="23.04993222467601299285888671875" lon="113.30962906591594219207763671875">
        <ele>6.19999980926513671875</ele>
        <time>2026-09-14T22:56:27.000Z</time>
        <extensions>
          <ns3:TrackPointExtension>
            <ns3:hr>148</ns3:hr>
            <ns3:cad>82</ns3:cad>
          </ns3:TrackPointExtension>
        </extensions>
      </trkpt>
      <trkpt lat="23.04992585442960262298583984375" lon="113.3096112124621868133544921875">
        <ele>6.19999980926513671875</ele>
        <time>2026-09-14T22:56:28.000Z</time>
        <extensions>
          <ns3:TrackPointExtension>
            <ns3:hr>149</ns3:hr>
            <ns3:cad>82</ns3:cad>
          </ns3:TrackPointExtension>
        </extensions>
      </trkpt>
      <trkpt lat="23.04991923272609710693359375" lon="113.30957860685884952545166015625">
        <ele>6.19999980926513671875</ele>
        <time>2026-09-14T22:56:29.000Z</time>
        <extensions>
          <ns3:TrackPointExtension>
            <ns3:hr>150</ns3:hr>
            <ns3:cad>82</ns3:cad>
          </ns3:TrackPointExtension>
        </extensions>
      </trkpt>
      <trkpt lat="23.049923591315746307373046875" lon="113.30955245532095432281494140625">
        <ele>6.19999980926513671875</ele>
        <time>2026-09-14T22:56:30.000Z</time>
        <extensions>
          <ns3:TrackPointExtension>
            <ns3:hr>150</ns3:hr>
            <ns3:cad>82</ns3:cad>
          </ns3:TrackPointExtension>
        </extensions>
      </trkpt>
      <trkpt lat="23.0499212443828582763671875" lon="113.30953250639140605926513671875">
        <ele>6.19999980926513671875</ele>
        <time>2026-09-14T22:56:31.000Z</time>
        <extensions>
          <ns3:TrackPointExtension>
            <ns3:hr>151</ns3:hr>
            <ns3:cad>81</ns3:cad>
          </ns3:TrackPointExtension>
        </extensions>
      </trkpt>
      <trkpt lat="23.04991914890706539154052734375" lon="113.30949780531227588653564453125">
        <ele>6.19999980926513671875</ele>
        <time>2026-09-14T22:56:32.000Z</time>
        <extensions>
          <ns3:TrackPointExtension>
            <ns3:hr>151</ns3:hr>
            <ns3:cad>81</ns3:cad>
          </ns3:TrackPointExtension>
        </extensions>
      </trkpt>
      <trkpt lat="23.04991931654512882232666015625" lon="113.3094740845263004302978515625">
        <ele>6.19999980926513671875</ele>
        <time>2026-09-14T22:56:33.000Z</time>
        <extensions>
          <ns3:TrackPointExtension>
            <ns3:hr>151</ns3:hr>
            <ns3:cad>81</ns3:cad>
          </ns3:TrackPointExtension>
        </extensions>
      </trkpt>
      <trkpt lat="23.0499137006700038909912109375" lon="113.3094464242458343505859375">
        <ele>6.19999980926513671875</ele>
        <time>2026-09-14T22:56:34.000Z</time>
        <extensions>
          <ns3:TrackPointExtension>
            <ns3:hr>151</ns3:hr>
            <ns3:cad>81</ns3:cad>
          </ns3:TrackPointExtension>
        </extensions>
      </trkpt>
      <trkpt lat="23.04991696961224079132080078125" lon="113.30940946005284786224365234375">
        <ele>6.19999980926513671875</ele>
        <time>2026-09-14T22:56:35.000Z</time>
        <extensions>
          <ns3:TrackPointExtension>
            <ns3:hr>151</ns3:hr>
            <ns3:cad>81</ns3:cad>
          </ns3:TrackPointExtension>
        </extensions>
      </trkpt>
      <trkpt lat="23.04991126991808414459228515625" lon="113.30939118750393390655517578125">
        <ele>6.19999980926513671875</ele>
        <time>2026-09-14T22:56:36.000Z</time>
        <extensions>
          <ns3:TrackPointExtension>
            <ns3:hr>151</ns3:hr>
            <ns3:cad>82</ns3:cad>
          </ns3:TrackPointExtension>
        </extensions>
      </trkpt>
      <trkpt lat="23.04990448057651519775390625" lon="113.30936771817505359649658203125">
        <ele>6.19999980926513671875</ele>
        <time>2026-09-14T22:56:37.000Z</time>
        <extensions>
          <ns3:TrackPointExtension>
            <ns3:hr>151</ns3:hr>
            <ns3:cad>82</ns3:cad>
          </ns3:TrackPointExtension>
        </extensions>
      </trkpt>
      <trkpt lat="23.0499096773564815521240234375" lon="113.30933838151395320892333984375">
        <ele>6.19999980926513671875</ele>
        <time>2026-09-14T22:56:38.000Z</time>
        <extensions>
          <ns3:TrackPointExtension>
            <ns3:hr>152</ns3:hr>
            <ns3:cad>82</ns3:cad>
          </ns3:TrackPointExtension>
        </extensions>
      </trkpt>
      <trkpt lat="23.0499051511287689208984375" lon="113.3093195222318172454833984375">
        <ele>6</ele>
        <time>2026-09-14T22:56:39.000Z</time>
        <extensions>
          <ns3:TrackPointExtension>
            <ns3:hr>151</ns3:hr>
            <ns3:cad>81</ns3:cad>
          </ns3:TrackPointExtension>
        </extensions>
      </trkpt>
      <trkpt lat="23.04990313947200775146484375" lon="113.30928809009492397308349609375">
        <ele>6</ele>
        <time>2026-09-14T22:56:40.000Z</time>
        <extensions>
          <ns3:TrackPointExtension>
            <ns3:hr>151</ns3:hr>
            <ns3:cad>81</ns3:cad>
          </ns3:TrackPointExtension>
        </extensions>
      </trkpt>
      <trkpt lat="23.04990582168102264404296875" lon="113.309261687099933624267578125">
        <ele>6</ele>
        <time>2026-09-14T22:56:41.000Z</time>
        <extensions>
          <ns3:TrackPointExtension>
            <ns3:hr>152</ns3:hr>
            <ns3:cad>81</ns3:cad>
          </ns3:TrackPointExtension>
        </extensions>
      </trkpt>
      <trkpt lat="23.04990448057651519775390625" lon="113.30923897214233875274658203125">
        <ele>5.80000019073486328125</ele>
        <time>2026-09-14T22:56:42.000Z</time>
        <extensions>
          <ns3:TrackPointExtension>
            <ns3:hr>151</ns3:hr>
            <ns3:cad>81</ns3:cad>
          </ns3:TrackPointExtension>
        </extensions>
      </trkpt>
      <trkpt lat="23.0499076656997203826904296875" lon="113.30920360051095485687255859375">
        <ele>5.80000019073486328125</ele>
        <time>2026-09-14T22:56:43.000Z</time>
        <extensions>
          <ns3:TrackPointExtension>
            <ns3:hr>151</ns3:hr>
            <ns3:cad>81</ns3:cad>
          </ns3:TrackPointExtension>
        </extensions>
      </trkpt>
      <trkpt lat="23.04990590550005435943603515625" lon="113.30917996354401111602783203125">
        <ele>5.80000019073486328125</ele>
        <time>2026-09-14T22:56:44.000Z</time>
        <extensions>
          <ns3:TrackPointExtension>
            <ns3:hr>152</ns3:hr>
            <ns3:cad>81</ns3:cad>
          </ns3:TrackPointExtension>
        </extensions>
      </trkpt>
      <trkpt lat="23.04990489967167377471923828125" lon="113.3091542311012744903564453125">
        <ele>5.80000019073486328125</ele>
        <time>2026-09-14T22:56:45.000Z</time>
        <extensions>
          <ns3:TrackPointExtension>
            <ns3:hr>151</ns3:hr>
            <ns3:cad>82</ns3:cad>
          </ns3:TrackPointExtension>
        </extensions>
      </trkpt>
      <trkpt lat="23.04991160519421100616455078125" lon="113.30911961384117603302001953125">
        <ele>5.80000019073486328125</ele>
        <time>2026-09-14T22:56:46.000Z</time>
        <extensions>
          <ns3:TrackPointExtension>
            <ns3:hr>151</ns3:hr>
            <ns3:cad>82</ns3:cad>
          </ns3:TrackPointExtension>
        </extensions>
      </trkpt>
      <trkpt lat="23.0499173887073993682861328125" lon="113.30909480340778827667236328125">
        <ele>5.80000019073486328125</ele>
        <time>2026-09-14T22:56:47.000Z</time>
        <extensions>
          <ns3:TrackPointExtension>
            <ns3:hr>151</ns3:hr>
            <ns3:cad>81</ns3:cad>
          </ns3:TrackPointExtension>
        </extensions>
      </trkpt>
      <trkpt lat="23.04991529323160648345947265625" lon="113.30906798131763935089111328125">
        <ele>6</ele>
        <time>2026-09-14T22:56:48.000Z</time>
        <extensions>
          <ns3:TrackPointExtension>
            <ns3:hr>151</ns3:hr>
            <ns3:cad>81</ns3:cad>
          </ns3:TrackPointExtension>
        </extensions>
      </trkpt>
      <trkpt lat="23.049922250211238861083984375" lon="113.3090385608375072479248046875">
        <ele>5.80000019073486328125</ele>
        <time>2026-09-14T22:56:49.000Z</time>
        <extensions>
          <ns3:TrackPointExtension>
            <ns3:hr>151</ns3:hr>
            <ns3:cad>81</ns3:cad>
          </ns3:TrackPointExtension>
        </extensions>
      </trkpt>
      <trkpt lat="23.04991847835481166839599609375" lon="113.309021294116973876953125">
        <ele>5.80000019073486328125</ele>
        <time>2026-09-14T22:56:50.000Z</time>
        <extensions>
          <ns3:TrackPointExtension>
            <ns3:hr>151</ns3:hr>
            <ns3:cad>81</ns3:cad>
          </ns3:TrackPointExtension>
        </extensions>
      </trkpt>
      <trkpt lat="23.04991613142192363739013671875" lon="113.30899388529360294342041015625">
        <ele>5.80000019073486328125</ele>
        <time>2026-09-14T22:56:51.000Z</time>
        <extensions>
          <ns3:TrackPointExtension>
            <ns3:hr>151</ns3:hr>
            <ns3:cad>81</ns3:cad>
          </ns3:TrackPointExtension>
        </extensions>
      </trkpt>
      <trkpt lat="23.049920238554477691650390625" lon="113.3089674822986125946044921875">
        <ele>5.80000019073486328125</ele>
        <time>2026-09-14T22:56:52.000Z</time>
        <extensions>
          <ns3:TrackPointExtension>
            <ns3:hr>152</ns3:hr>
            <ns3:cad>81</ns3:cad>
          </ns3:TrackPointExtension>
        </extensions>
      </trkpt>
      <trkpt lat="23.04991562850773334503173828125" lon="113.30895088613033294677734375">
        <ele>5.80000019073486328125</ele>
        <time>2026-09-14T22:56:53.000Z</time>
        <extensions>
          <ns3:TrackPointExtension>
            <ns3:hr>151</ns3:hr>
            <ns3:cad>81</ns3:cad>
          </ns3:TrackPointExtension>
        </extensions>
      </trkpt>
      <trkpt lat="23.04991495795547962188720703125" lon="113.30891476012766361236572265625">
        <ele>6</ele>
        <time>2026-09-14T22:56:54.000Z</time>
        <extensions>
          <ns3:TrackPointExtension>
            <ns3:hr>151</ns3:hr>
            <ns3:cad>81</ns3:cad>
          </ns3:TrackPointExtension>
        </extensions>
      </trkpt>
      <trkpt lat="23.049915544688701629638671875" lon="113.3088900335133075714111328125">
        <ele>6</ele>
        <time>2026-09-14T22:56:55.000Z</time>
        <extensions>
          <ns3:TrackPointExtension>
            <ns3:hr>152</ns3:hr>
            <ns3:cad>81</ns3:cad>
          </ns3:TrackPointExtension>
        </extensions>
      </trkpt>
      <trkpt lat="23.049915544688701629638671875" lon="113.308870084583759307861328125">
        <ele>6</ele>
        <time>2026-09-14T22:56:56.000Z</time>
        <extensions>
          <ns3:TrackPointExtension>
            <ns3:hr>151</ns3:hr>
            <ns3:cad>81</ns3:cad>
          </ns3:TrackPointExtension>
        </extensions>
      </trkpt>
      <trkpt lat="23.0499227531254291534423828125" lon="113.3088367246091365814208984375">
        <ele>6</ele>
        <time>2026-09-14T22:56:57.000Z</time>
        <extensions>
          <ns3:TrackPointExtension>
            <ns3:hr>151</ns3:hr>
            <ns3:cad>81</ns3:cad>
          </ns3:TrackPointExtension>
        </extensions>
      </trkpt>
      <trkpt lat="23.04992937482893466949462890625" lon="113.30881543457508087158203125">
        <ele>6</ele>
        <time>2026-09-14T22:56:58.000Z</time>
        <extensions>
          <ns3:TrackPointExtension>
            <ns3:hr>152</ns3:hr>
            <ns3:cad>81</ns3:cad>
          </ns3:TrackPointExtension>
        </extensions>
      </trkpt>
      <trkpt lat="23.04992853663861751556396484375" lon="113.30878903158009052276611328125">
        <ele>6</ele>
        <time>2026-09-14T22:56:59.000Z</time>
        <extensions>
          <ns3:TrackPointExtension>
            <ns3:hr>151</ns3:hr>
            <ns3:cad>81</ns3:cad>
          </ns3:TrackPointExtension>
        </extensions>
      </trkpt>
      <trkpt lat="23.04993926547467708587646484375" lon="113.30876019783318042755126953125">
        <ele>6</ele>
        <time>2026-09-14T22:57:00.000Z</time>
        <extensions>
          <ns3:TrackPointExtension>
            <ns3:hr>151</ns3:hr>
            <ns3:cad>81</ns3:cad>
          </ns3:TrackPointExtension>
        </extensions>
      </trkpt>
      <trkpt lat="23.04994337260723114013671875" lon="113.3087374828755855560302734375">
        <ele>5.80000019073486328125</ele>
        <time>2026-09-14T22:57:01.000Z</time>
        <extensions>
          <ns3:TrackPointExtension>
            <ns3:hr>152</ns3:hr>
            <ns3:cad>81</ns3:cad>
          </ns3:TrackPointExtension>
        </extensions>
      </trkpt>
      <trkpt lat="23.04994379170238971710205078125" lon="113.30870948731899261474609375">
        <ele>5.80000019073486328125</ele>
        <time>2026-09-14T22:57:02.000Z</time>
        <extensions>
          <ns3:TrackPointExtension>
            <ns3:hr>151</ns3:hr>
            <ns3:cad>81</ns3:cad>
          </ns3:TrackPointExtension>
        </extensions>
      </trkpt>
      <trkpt lat="23.0499489046633243560791015625" lon="113.30867956392467021942138671875">
        <ele>5.80000019073486328125</ele>
        <time>2026-09-14T22:57:03.000Z</time>
        <extensions>
          <ns3:TrackPointExtension>
            <ns3:hr>151</ns3:hr>
            <ns3:cad>81</ns3:cad>
          </ns3:TrackPointExtension>
        </extensions>
      </trkpt>
      <trkpt lat="23.04994580335915088653564453125" lon="113.308658190071582794189453125">
        <ele>5.80000019073486328125</ele>
        <time>2026-09-14T22:57:04.000Z</time>
        <extensions>
          <ns3:TrackPointExtension>
            <ns3:hr>152</ns3:hr>
            <ns3:cad>81</ns3:cad>
          </ns3:TrackPointExtension>
        </extensions>
      </trkpt>
      <trkpt lat="23.0499478988349437713623046875" lon="113.30862977541983127593994140625">
        <ele>5.80000019073486328125</ele>
        <time>2026-09-14T22:57:05.000Z</time>
        <extensions>
          <ns3:TrackPointExtension>
            <ns3:hr>151</ns3:hr>
            <ns3:cad>81</ns3:cad>
          </ns3:TrackPointExtension>
        </extensions>
      </trkpt>
      <trkpt lat="23.04995234124362468719482421875" lon="113.30860395915806293487548828125">
        <ele>6</ele>
        <time>2026-09-14T22:57:06.000Z</time>
        <extensions>
          <ns3:TrackPointExtension>
            <ns3:hr>151</ns3:hr>
            <ns3:cad>81</ns3:cad>
          </ns3:TrackPointExtension>
        </extensions>
      </trkpt>
      <trkpt lat="23.04995200596749782562255859375" lon="113.30857948400080204010009765625">
        <ele>6</ele>
        <time>2026-09-14T22:57:07.000Z</time>
        <extensions>
          <ns3:TrackPointExtension>
            <ns3:hr>151</ns3:hr>
            <ns3:cad>81</ns3:cad>
          </ns3:TrackPointExtension>
        </extensions>
      </trkpt>
      <trkpt lat="23.0499562807381153106689453125" lon="113.30854645930230617523193359375">
        <ele>6</ele>
        <time>2026-09-14T22:57:08.000Z</time>
        <extensions>
          <ns3:TrackPointExtension>
            <ns3:hr>150</ns3:hr>
            <ns3:cad>81</ns3:cad>
          </ns3:TrackPointExtension>
        </extensions>
      </trkpt>
      <trkpt lat="23.04995267651975154876708984375" lon="113.308526091277599334716796875">
        <ele>6</ele>
        <time>2026-09-14T22:57:09.000Z</time>
        <extensions>
          <ns3:TrackPointExtension>
            <ns3:hr>150</ns3:hr>
            <ns3:cad>81</ns3:cad>
          </ns3:TrackPointExtension>
        </extensions>
      </trkpt>
      <trkpt lat="23.0499495752155780792236328125" lon="113.3085034601390361785888671875">
        <ele>6</ele>
        <time>2026-09-14T22:57:10.000Z</time>
        <extensions>
          <ns3:TrackPointExtension>
            <ns3:hr>150</ns3:hr>
            <ns3:cad>81</ns3:cad>
          </ns3:TrackPointExtension>
        </extensions>
      </trkpt>
      <trkpt lat="23.0499532632529735565185546875" lon="113.30847018398344516754150390625">
        <ele>6</ele>
        <time>2026-09-14T22:57:11.000Z</time>
        <extensions>
          <ns3:TrackPointExtension>
            <ns3:hr>150</ns3:hr>
            <ns3:cad>81</ns3:cad>
          </ns3:TrackPointExtension>
        </extensions>
      </trkpt>
      <trkpt lat="23.04996139369904994964599609375" lon="113.308452665805816650390625">
        <ele>6</ele>
        <time>2026-09-14T22:57:12.000Z</time>
        <extensions>
          <ns3:TrackPointExtension>
            <ns3:hr>150</ns3:hr>
            <ns3:cad>81</ns3:cad>
          </ns3:TrackPointExtension>
        </extensions>
      </trkpt>
      <trkpt lat="23.0499623157083988189697265625" lon="113.30842919647693634033203125">
        <ele>6.19999980926513671875</ele>
        <time>2026-09-14T22:57:13.000Z</time>
        <extensions>
          <ns3:TrackPointExtension>
            <ns3:hr>150</ns3:hr>
            <ns3:cad>81</ns3:cad>
          </ns3:TrackPointExtension>
        </extensions>
      </trkpt>
      <trkpt lat="23.0499703623354434967041015625" lon="113.30839960835874080657958984375">
        <ele>6</ele>
        <time>2026-09-14T22:57:14.000Z</time>
        <extensions>
          <ns3:TrackPointExtension>
            <ns3:hr>150</ns3:hr>
            <ns3:cad>81</ns3:cad>
          </ns3:TrackPointExtension>
        </extensions>
      </trkpt>
      <trkpt lat="23.04997597821056842803955078125" lon="113.3083804138004779815673828125">
        <ele>6</ele>
        <time>2026-09-14T22:57:15.000Z</time>
        <extensions>
          <ns3:TrackPointExtension>
            <ns3:hr>150</ns3:hr>
            <ns3:cad>81</ns3:cad>
          </ns3:TrackPointExtension>
        </extensions>
      </trkpt>
      <trkpt lat="23.0499794147908687591552734375" lon="113.3083545975387096405029296875">
        <ele>6</ele>
        <time>2026-09-14T22:57:16.000Z</time>
        <extensions>
          <ns3:TrackPointExtension>
            <ns3:hr>150</ns3:hr>
            <ns3:cad>81</ns3:cad>
          </ns3:TrackPointExtension>
        </extensions>
      </trkpt>
      <trkpt lat="23.0499914847314357757568359375" lon="113.30832635052502155303955078125">
        <ele>6</ele>
        <time>2026-09-14T22:57:17.000Z</time>
        <extensions>
          <ns3:TrackPointExtension>
            <ns3:hr>150</ns3:hr>
            <ns3:cad>81</ns3:cad>
          </ns3:TrackPointExtension>
        </extensions>
      </trkpt>
      <trkpt lat="23.04999073036015033721923828125" lon="113.3083011209964752197265625">
        <ele>6</ele>
        <time>2026-09-14T22:57:18.000Z</time>
        <extensions>
          <ns3:TrackPointExtension>
            <ns3:hr>150</ns3:hr>
            <ns3:cad>80</ns3:cad>
          </ns3:TrackPointExtension>
        </extensions>
      </trkpt>
      <trkpt lat="23.049996010959148406982421875" lon="113.30827228724956512451171875">
        <ele>6</ele>
        <time>2026-09-14T22:57:19.000Z</time>
        <extensions>
          <ns3:TrackPointExtension>
            <ns3:hr>150</ns3:hr>
            <ns3:cad>80</ns3:cad>
          </ns3:TrackPointExtension>
        </extensions>
      </trkpt>
      <trkpt lat="23.05000095628201961517333984375" lon="113.30824680626392364501953125">
        <ele>6.19999980926513671875</ele>
        <time>2026-09-14T22:57:20.000Z</time>
        <extensions>
          <ns3:TrackPointExtension>
            <ns3:hr>150</ns3:hr>
            <ns3:cad>81</ns3:cad>
          </ns3:TrackPointExtension>
        </extensions>
      </trkpt>
      <trkpt lat="23.0499975197017192840576171875" lon="113.30822275020182132720947265625">
        <ele>6</ele>
        <time>2026-09-14T22:57:21.000Z</time>
        <extensions>
          <ns3:TrackPointExtension>
            <ns3:hr>150</ns3:hr>
            <ns3:cad>81</ns3:cad>
          </ns3:TrackPointExtension>
        </extensions>
      </trkpt>
      <trkpt lat="23.0500018782913684844970703125" lon="113.3081872947514057159423828125">
        <ele>6.19999980926513671875</ele>
        <time>2026-09-14T22:57:22.000Z</time>
        <extensions>
          <ns3:TrackPointExtension>
            <ns3:hr>150</ns3:hr>
            <ns3:cad>81</ns3:cad>
          </ns3:TrackPointExtension>
        </extensions>
      </trkpt>
      <trkpt lat="23.05000380612909793853759765625" lon="113.308169357478618621826171875">
        <ele>6.19999980926513671875</ele>
        <time>2026-09-14T22:57:23.000Z</time>
        <extensions>
          <ns3:TrackPointExtension>
            <ns3:hr>150</ns3:hr>
            <ns3:cad>81</ns3:cad>
          </ns3:TrackPointExtension>
        </extensions>
      </trkpt>
      <trkpt lat="23.05000414140522480010986328125" lon="113.30814488232135772705078125">
        <ele>6.19999980926513671875</ele>
        <time>2026-09-14T22:57:24.000Z</time>
        <extensions>
          <ns3:TrackPointExtension>
            <ns3:hr>150</ns3:hr>
            <ns3:cad>81</ns3:cad>
          </ns3:TrackPointExtension>
        </extensions>
      </trkpt>
      <trkpt lat="23.05001369677484035491943359375" lon="113.30811311490833759307861328125">
        <ele>6</ele>
        <time>2026-09-14T22:57:25.000Z</time>
        <extensions>
          <ns3:TrackPointExtension>
            <ns3:hr>149</ns3:hr>
            <ns3:cad>81</ns3:cad>
          </ns3:TrackPointExtension>
        </extensions>
      </trkpt>
      <trkpt lat="23.05001000873744487762451171875" lon="113.30809400416910648345947265625">
        <ele>6.19999980926513671875</ele>
        <time>2026-09-14T22:57:26.000Z</time>
        <extensions>
          <ns3:TrackPointExtension>
            <ns3:hr>149</ns3:hr>
            <ns3:cad>82</ns3:cad>
          </ns3:TrackPointExtension>
        </extensions>
      </trkpt>
      <trkpt lat="23.05001051165163516998291015625" lon="113.30806466750800609588623046875">
        <ele>6</ele>
        <time>2026-09-14T22:57:27.000Z</time>
        <extensions>
          <ns3:TrackPointExtension>
            <ns3:hr>149</ns3:hr>
            <ns3:cad>82</ns3:cad>
          </ns3:TrackPointExtension>
        </extensions>
      </trkpt>
      <trkpt lat="23.05002073757350444793701171875" lon="113.3080354146659374237060546875">
        <ele>6</ele>
        <time>2026-09-14T22:57:28.000Z</time>
        <extensions>
          <ns3:TrackPointExtension>
            <ns3:hr>148</ns3:hr>
            <ns3:cad>82</ns3:cad>
          </ns3:TrackPointExtension>
        </extensions>
      </trkpt>
      <trkpt lat="23.05001889355480670928955078125" lon="113.3080146275460720062255859375">
        <ele>6</ele>
        <time>2026-09-14T22:57:29.000Z</time>
        <extensions>
          <ns3:TrackPointExtension>
            <ns3:hr>148</ns3:hr>
            <ns3:cad>82</ns3:cad>
          </ns3:TrackPointExtension>
        </extensions>
      </trkpt>
      <trkpt lat="23.0500216595828533172607421875" lon="113.30798068083822727203369140625">
        <ele>6</ele>
        <time>2026-09-14T22:57:30.000Z</time>
        <extensions>
          <ns3:TrackPointExtension>
            <ns3:hr>148</ns3:hr>
            <ns3:cad>82</ns3:cad>
          </ns3:TrackPointExtension>
        </extensions>
      </trkpt>
      <trkpt lat="23.05002777837216854095458984375" lon="113.307959474623203277587890625">
        <ele>6</ele>
        <time>2026-09-14T22:57:31.000Z</time>
        <extensions>
          <ns3:TrackPointExtension>
            <ns3:hr>148</ns3:hr>
            <ns3:cad>82</ns3:cad>
          </ns3:TrackPointExtension>
        </extensions>
      </trkpt>
      <trkpt lat="23.05002727545797824859619140625" lon="113.307937346398830413818359375">
        <ele>6</ele>
        <time>2026-09-14T22:57:32.000Z</time>
        <extensions>
          <ns3:TrackPointExtension>
            <ns3:hr>149</ns3:hr>
            <ns3:cad>82</ns3:cad>
          </ns3:TrackPointExtension>
        </extensions>
      </trkpt>
      <trkpt lat="23.050032220780849456787109375" lon="113.30790624953806400299072265625">
        <ele>6</ele>
        <time>2026-09-14T22:57:33.000Z</time>
        <extensions>
          <ns3:TrackPointExtension>
            <ns3:hr>148</ns3:hr>
            <ns3:cad>82</ns3:cad>
          </ns3:TrackPointExtension>
        </extensions>
      </trkpt>
      <trkpt lat="23.050038926303386688232421875" lon="113.30788328312337398529052734375">
        <ele>6</ele>
        <time>2026-09-14T22:57:34.000Z</time>
        <extensions>
          <ns3:TrackPointExtension>
            <ns3:hr>148</ns3:hr>
            <ns3:cad>82</ns3:cad>
          </ns3:TrackPointExtension>
        </extensions>
      </trkpt>
      <trkpt lat="23.05003968067467212677001953125" lon="113.30785880796611309051513671875">
        <ele>6</ele>
        <time>2026-09-14T22:57:35.000Z</time>
        <extensions>
          <ns3:TrackPointExtension>
            <ns3:hr>148</ns3:hr>
            <ns3:cad>82</ns3:cad>
          </ns3:TrackPointExtension>
        </extensions>
      </trkpt>
      <trkpt lat="23.0500491522252559661865234375" lon="113.30783332698047161102294921875">
        <ele>6</ele>
        <time>2026-09-14T22:57:36.000Z</time>
        <extensions>
          <ns3:TrackPointExtension>
            <ns3:hr>148</ns3:hr>
            <ns3:cad>82</ns3:cad>
          </ns3:TrackPointExtension>
        </extensions>
      </trkpt>
      <trkpt lat="23.0500473082065582275390625" lon="113.30781136639416217803955078125">
        <ele>6</ele>
        <time>2026-09-14T22:57:37.000Z</time>
        <extensions>
          <ns3:TrackPointExtension>
            <ns3:hr>148</ns3:hr>
            <ns3:cad>82</ns3:cad>
          </ns3:TrackPointExtension>
        </extensions>
      </trkpt>
      <trkpt lat="23.05005225352942943572998046875" lon="113.30777750350534915924072265625">
        <ele>6</ele>
        <time>2026-09-14T22:57:38.000Z</time>
        <extensions>
          <ns3:TrackPointExtension>
            <ns3:hr>147</ns3:hr>
            <ns3:cad>82</ns3:cad>
          </ns3:TrackPointExtension>
        </extensions>
      </trkpt>
      <trkpt lat="23.05006097070872783660888671875" lon="113.30775705166161060333251953125">
        <ele>6</ele>
        <time>2026-09-14T22:57:39.000Z</time>
        <extensions>
          <ns3:TrackPointExtension>
            <ns3:hr>147</ns3:hr>
            <ns3:cad>82</ns3:cad>
          </ns3:TrackPointExtension>
        </extensions>
      </trkpt>
      <trkpt lat="23.05006298236548900604248046875" lon="113.307726122438907623291015625">
        <ele>6</ele>
        <time>2026-09-14T22:57:40.000Z</time>
        <extensions>
          <ns3:TrackPointExtension>
            <ns3:hr>147</ns3:hr>
            <ns3:cad>82</ns3:cad>
          </ns3:TrackPointExtension>
        </extensions>
      </trkpt>
      <trkpt lat="23.05006868205964565277099609375" lon="113.30769385211169719696044921875">
        <ele>6</ele>
        <time>2026-09-14T22:57:41.000Z</time>
        <extensions>
          <ns3:TrackPointExtension>
            <ns3:hr>148</ns3:hr>
            <ns3:cad>82</ns3:cad>
          </ns3:TrackPointExtension>
        </extensions>
      </trkpt>
      <trkpt lat="23.050064742565155029296875" lon="113.307673148810863494873046875">
        <ele>6</ele>
        <time>2026-09-14T22:57:42.000Z</time>
        <extensions>
          <ns3:TrackPointExtension>
            <ns3:hr>148</ns3:hr>
            <ns3:cad>82</ns3:cad>
          </ns3:TrackPointExtension>
        </extensions>
      </trkpt>
      <trkpt lat="23.0500639043748378753662109375" lon="113.30764573998749256134033203125">
        <ele>6</ele>
        <time>2026-09-14T22:57:43.000Z</time>
        <extensions>
          <ns3:TrackPointExtension>
            <ns3:hr>148</ns3:hr>
            <ns3:cad>82</ns3:cad>
          </ns3:TrackPointExtension>
        </extensions>
      </trkpt>
      <trkpt lat="23.05007186718285083770751953125" lon="113.30761841498315334320068359375">
        <ele>5.80000019073486328125</ele>
        <time>2026-09-14T22:57:44.000Z</time>
        <extensions>
          <ns3:TrackPointExtension>
            <ns3:hr>148</ns3:hr>
            <ns3:cad>82</ns3:cad>
          </ns3:TrackPointExtension>
        </extensions>
      </trkpt>
      <trkpt lat="23.05007069371640682220458984375" lon="113.3075930178165435791015625">
        <ele>5.80000019073486328125</ele>
        <time>2026-09-14T22:57:45.000Z</time>
        <extensions>
          <ns3:TrackPointExtension>
            <ns3:hr>149</ns3:hr>
            <ns3:cad>82</ns3:cad>
          </ns3:TrackPointExtension>
        </extensions>
      </trkpt>
      <trkpt lat="23.05007739923894405364990234375" lon="113.3075581490993499755859375">
        <ele>6</ele>
        <time>2026-09-14T22:57:46.000Z</time>
        <extensions>
          <ns3:TrackPointExtension>
            <ns3:hr>149</ns3:hr>
            <ns3:cad>82</ns3:cad>
          </ns3:TrackPointExtension>
        </extensions>
      </trkpt>
      <trkpt lat="23.0500823445618152618408203125" lon="113.3075382001698017120361328125">
        <ele>6</ele>
        <time>2026-09-14T22:57:47.000Z</time>
        <extensions>
          <ns3:TrackPointExtension>
            <ns3:hr>150</ns3:hr>
            <ns3:cad>83</ns3:cad>
          </ns3:TrackPointExtension>
        </extensions>
      </trkpt>
      <trkpt lat="23.05008125491440296173095703125" lon="113.3075117133557796478271484375">
        <ele>6</ele>
        <time>2026-09-14T22:57:48.000Z</time>
        <extensions>
          <ns3:TrackPointExtension>
            <ns3:hr>150</ns3:hr>
            <ns3:cad>83</ns3:cad>
          </ns3:TrackPointExtension>
        </extensions>
      </trkpt>
      <trkpt lat="23.050092570483684539794921875" lon="113.307478688657283782958984375">
        <ele>6</ele>
        <time>2026-09-14T22:57:49.000Z</time>
        <extensions>
          <ns3:TrackPointExtension>
            <ns3:hr>150</ns3:hr>
            <ns3:cad>83</ns3:cad>
          </ns3:TrackPointExtension>
        </extensions>
      </trkpt>
      <trkpt lat="23.05009433068335056304931640625" lon="113.3074577338993549346923828125">
        <ele>6</ele>
        <time>2026-09-14T22:57:50.000Z</time>
        <extensions>
          <ns3:TrackPointExtension>
            <ns3:hr>150</ns3:hr>
            <ns3:cad>82</ns3:cad>
          </ns3:TrackPointExtension>
        </extensions>
      </trkpt>
      <trkpt lat="23.05009483359754085540771484375" lon="113.307431079447269439697265625">
        <ele>6</ele>
        <time>2026-09-14T22:57:51.000Z</time>
        <extensions>
          <ns3:TrackPointExtension>
            <ns3:hr>150</ns3:hr>
            <ns3:cad>82</ns3:cad>
          </ns3:TrackPointExtension>
        </extensions>
      </trkpt>
      <trkpt lat="23.05010405369102954864501953125" lon="113.3074081130325794219970703125">
        <ele>6</ele>
        <time>2026-09-14T22:57:52.000Z</time>
        <extensions>
          <ns3:TrackPointExtension>
            <ns3:hr>150</ns3:hr>
            <ns3:cad>82</ns3:cad>
          </ns3:TrackPointExtension>
        </extensions>
      </trkpt>
      <trkpt lat="23.0501036345958709716796875" lon="113.30738179385662078857421875">
        <ele>6</ele>
        <time>2026-09-14T22:57:53.000Z</time>
        <extensions>
          <ns3:TrackPointExtension>
            <ns3:hr>150</ns3:hr>
            <ns3:cad>82</ns3:cad>
          </ns3:TrackPointExtension>
        </extensions>
      </trkpt>
      <trkpt lat="23.05010723881423473358154296875" lon="113.307351954281330108642578125">
        <ele>6</ele>
        <time>2026-09-14T22:57:54.000Z</time>
        <extensions>
          <ns3:TrackPointExtension>
            <ns3:hr>150</ns3:hr>
            <ns3:cad>82</ns3:cad>
          </ns3:TrackPointExtension>
        </extensions>
      </trkpt>
      <trkpt lat="23.05011176504194736480712890625" lon="113.307335190474987030029296875">
        <ele>6</ele>
        <time>2026-09-14T22:57:55.000Z</time>
        <extensions>
          <ns3:TrackPointExtension>
            <ns3:hr>150</ns3:hr>
            <ns3:cad>82</ns3:cad>
          </ns3:TrackPointExtension>
        </extensions>
      </trkpt>
      <trkpt lat="23.05010941810905933380126953125" lon="113.30731071531772613525390625">
        <ele>6</ele>
        <time>2026-09-14T22:57:56.000Z</time>
        <extensions>
          <ns3:TrackPointExtension>
            <ns3:hr>150</ns3:hr>
            <ns3:cad>82</ns3:cad>
          </ns3:TrackPointExtension>
        </extensions>
      </trkpt>
      <trkpt lat="23.05012014694511890411376953125" lon="113.30728364177048206329345703125">
        <ele>6</ele>
        <time>2026-09-14T22:57:57.000Z</time>
        <extensions>
          <ns3:TrackPointExtension>
            <ns3:hr>151</ns3:hr>
            <ns3:cad>82</ns3:cad>
          </ns3:TrackPointExtension>
        </extensions>
      </trkpt>
      <trkpt lat="23.05012064985930919647216796875" lon="113.30726335756480693817138671875">
        <ele>6</ele>
        <time>2026-09-14T22:57:58.000Z</time>
        <extensions>
          <ns3:TrackPointExtension>
            <ns3:hr>151</ns3:hr>
            <ns3:cad>82</ns3:cad>
          </ns3:TrackPointExtension>
        </extensions>
      </trkpt>
      <trkpt lat="23.0501198954880237579345703125" lon="113.3072387985885143280029296875">
        <ele>6</ele>
        <time>2026-09-14T22:57:59.000Z</time>
        <extensions>
          <ns3:TrackPointExtension>
            <ns3:hr>151</ns3:hr>
            <ns3:cad>83</ns3:cad>
          </ns3:TrackPointExtension>
        </extensions>
      </trkpt>
      <trkpt lat="23.05012567900121212005615234375" lon="113.30721440725028514862060546875">
        <ele>6</ele>
        <time>2026-09-14T22:58:00.000Z</time>
        <extensions>
          <ns3:TrackPointExtension>
            <ns3:hr>151</ns3:hr>
            <ns3:cad>83</ns3:cad>
          </ns3:TrackPointExtension>
        </extensions>
      </trkpt>
      <trkpt lat="23.05012417025864124298095703125" lon="113.3071932010352611541748046875">
        <ele>6</ele>
        <time>2026-09-14T22:58:01.000Z</time>
        <extensions>
          <ns3:TrackPointExtension>
            <ns3:hr>151</ns3:hr>
            <ns3:cad>82</ns3:cad>
          </ns3:TrackPointExtension>
        </extensions>
      </trkpt>
      <trkpt lat="23.0501255951821804046630859375" lon="113.307162858545780181884765625">
        <ele>6</ele>
        <time>2026-09-14T22:58:02.000Z</time>
        <extensions>
          <ns3:TrackPointExtension>
            <ns3:hr>152</ns3:hr>
            <ns3:cad>82</ns3:cad>
          </ns3:TrackPointExtension>
        </extensions>
      </trkpt>
      <trkpt lat="23.05012919940054416656494140625" lon="113.3071412332355976104736328125">
        <ele>6</ele>
        <time>2026-09-14T22:58:03.000Z</time>
        <extensions>
          <ns3:TrackPointExtension>
            <ns3:hr>151</ns3:hr>
            <ns3:cad>82</ns3:cad>
          </ns3:TrackPointExtension>
        </extensions>
      </trkpt>
      <trkpt lat="23.05012869648635387420654296875" lon="113.30711382441222667694091796875">
        <ele>6</ele>
        <time>2026-09-14T22:58:04.000Z</time>
        <extensions>
          <ns3:TrackPointExtension>
            <ns3:hr>151</ns3:hr>
            <ns3:cad>82</ns3:cad>
          </ns3:TrackPointExtension>
        </extensions>
      </trkpt>
      <trkpt lat="23.05013808421790599822998046875" lon="113.3070815540850162506103515625">
        <ele>6</ele>
        <time>2026-09-14T22:58:05.000Z</time>
        <extensions>
          <ns3:TrackPointExtension>
            <ns3:hr>151</ns3:hr>
            <ns3:cad>82</ns3:cad>
          </ns3:TrackPointExtension>
        </extensions>
      </trkpt>
      <trkpt lat="23.0501411855220794677734375" lon="113.30706529319286346435546875">
        <ele>6</ele>
        <time>2026-09-14T22:58:06.000Z</time>
        <extensions>
          <ns3:TrackPointExtension>
            <ns3:hr>151</ns3:hr>
            <ns3:cad>82</ns3:cad>
          </ns3:TrackPointExtension>
        </extensions>
      </trkpt>
      <trkpt lat="23.05014378391206264495849609375" lon="113.30703738145530223846435546875">
        <ele>6</ele>
        <time>2026-09-14T22:58:07.000Z</time>
        <extensions>
          <ns3:TrackPointExtension>
            <ns3:hr>151</ns3:hr>
            <ns3:cad>81</ns3:cad>
          </ns3:TrackPointExtension>
        </extensions>
      </trkpt>
      <trkpt lat="23.05015669204294681549072265625" lon="113.3070061169564723968505859375">
        <ele>6</ele>
        <time>2026-09-14T22:58:08.000Z</time>
        <extensions>
          <ns3:TrackPointExtension>
            <ns3:hr>151</ns3:hr>
            <ns3:cad>81</ns3:cad>
          </ns3:TrackPointExtension>
        </extensions>
      </trkpt>
      <trkpt lat="23.050157614052295684814453125" lon="113.30698323436081409454345703125">
        <ele>6</ele>
        <time>2026-09-14T22:58:09.000Z</time>
        <extensions>
          <ns3:TrackPointExtension>
            <ns3:hr>151</ns3:hr>
            <ns3:cad>81</ns3:cad>
          </ns3:TrackPointExtension>
        </extensions>
      </trkpt>
      <trkpt lat="23.05015929043292999267578125" lon="113.3069531433284282684326171875">
        <ele>5.80000019073486328125</ele>
        <time>2026-09-14T22:58:10.000Z</time>
        <extensions>
          <ns3:TrackPointExtension>
            <ns3:hr>151</ns3:hr>
            <ns3:cad>81</ns3:cad>
          </ns3:TrackPointExtension>
        </extensions>
      </trkpt>
      <trkpt lat="23.05016725324094295501708984375" lon="113.30692908726632595062255859375">
        <ele>5.80000019073486328125</ele>
        <time>2026-09-14T22:58:11.000Z</time>
        <extensions>
          <ns3:TrackPointExtension>
            <ns3:hr>151</ns3:hr>
            <ns3:cad>81</ns3:cad>
          </ns3:TrackPointExtension>
        </extensions>
      </trkpt>
      <trkpt lat="23.05016641505062580108642578125" lon="113.30690410919487476348876953125">
        <ele>5.80000019073486328125</ele>
        <time>2026-09-14T22:58:12.000Z</time>
        <extensions>
          <ns3:TrackPointExtension>
            <ns3:hr>152</ns3:hr>
            <ns3:cad>82</ns3:cad>
          </ns3:TrackPointExtension>
        </extensions>
      </trkpt>
      <trkpt lat="23.0501735396683216094970703125" lon="113.30687443725764751434326171875">
        <ele>6</ele>
        <time>2026-09-14T22:58:13.000Z</time>
        <extensions>
          <ns3:TrackPointExtension>
            <ns3:hr>151</ns3:hr>
            <ns3:cad>83</ns3:cad>
          </ns3:TrackPointExtension>
        </extensions>
      </trkpt>
      <trkpt lat="23.05017949081957340240478515625" lon="113.3068528957664966583251953125">
        <ele>6</ele>
        <time>2026-09-14T22:58:14.000Z</time>
        <extensions>
          <ns3:TrackPointExtension>
            <ns3:hr>151</ns3:hr>
            <ns3:cad>83</ns3:cad>
          </ns3:TrackPointExtension>
        </extensions>
      </trkpt>
      <trkpt lat="23.050181083381175994873046875" lon="113.3068274147808551788330078125">
        <ele>6</ele>
        <time>2026-09-14T22:58:15.000Z</time>
        <extensions>
          <ns3:TrackPointExtension>
            <ns3:hr>152</ns3:hr>
            <ns3:cad>82</ns3:cad>
          </ns3:TrackPointExtension>
        </extensions>
      </trkpt>
      <trkpt lat="23.05019591934978961944580078125" lon="113.30679581500589847564697265625">
        <ele>5.80000019073486328125</ele>
        <time>2026-09-14T22:58:16.000Z</time>
        <extensions>
          <ns3:TrackPointExtension>
            <ns3:hr>151</ns3:hr>
            <ns3:cad>82</ns3:cad>
          </ns3:TrackPointExtension>
        </extensions>
      </trkpt>
      <trkpt lat="23.05020547471940517425537109375" lon="113.30677025020122528076171875">
        <ele>5.80000019073486328125</ele>
        <time>2026-09-14T22:58:17.000Z</time>
        <extensions>
          <ns3:TrackPointExtension>
            <ns3:hr>151</ns3:hr>
            <ns3:cad>82</ns3:cad>
          </ns3:TrackPointExtension>
        </extensions>
      </trkpt>
      <trkpt lat="23.05021025240421295166015625" lon="113.3067432604730129241943359375">
        <ele>5.80000019073486328125</ele>
        <time>2026-09-14T22:58:18.000Z</time>
        <extensions>
          <ns3:TrackPointExtension>
            <ns3:hr>152</ns3:hr>
            <ns3:cad>82</ns3:cad>
          </ns3:TrackPointExtension>
        </extensions>
      </trkpt>
      <trkpt lat="23.0502189695835113525390625" lon="113.3067186176776885986328125">
        <ele>5.80000019073486328125</ele>
        <time>2026-09-14T22:58:19.000Z</time>
        <extensions>
          <ns3:TrackPointExtension>
            <ns3:hr>151</ns3:hr>
            <ns3:cad>82</ns3:cad>
          </ns3:TrackPointExtension>
        </extensions>
      </trkpt>
      <trkpt lat="23.05021570064127445220947265625" lon="113.3066996745765209197998046875">
        <ele>5.80000019073486328125</ele>
        <time>2026-09-14T22:58:20.000Z</time>
        <extensions>
          <ns3:TrackPointExtension>
            <ns3:hr>151</ns3:hr>
            <ns3:cad>82</ns3:cad>
          </ns3:TrackPointExtension>
        </extensions>
      </trkpt>
      <trkpt lat="23.0502201430499553680419921875" lon="113.30666874535381793975830078125">
        <ele>5.80000019073486328125</ele>
        <time>2026-09-14T22:58:21.000Z</time>
        <extensions>
          <ns3:TrackPointExtension>
            <ns3:hr>152</ns3:hr>
            <ns3:cad>82</ns3:cad>
          </ns3:TrackPointExtension>
        </extensions>
      </trkpt>
      <trkpt lat="23.050227351486682891845703125" lon="113.30664963461458683013916015625">
        <ele>5.80000019073486328125</ele>
        <time>2026-09-14T22:58:22.000Z</time>
        <extensions>
          <ns3:TrackPointExtension>
            <ns3:hr>151</ns3:hr>
            <ns3:cad>82</ns3:cad>
          </ns3:TrackPointExtension>
        </extensions>
      </trkpt>
      <trkpt lat="23.0502302013337612152099609375" lon="113.3066245727241039276123046875">
        <ele>5.80000019073486328125</ele>
        <time>2026-09-14T22:58:23.000Z</time>
        <extensions>
          <ns3:TrackPointExtension>
            <ns3:hr>151</ns3:hr>
            <ns3:cad>82</ns3:cad>
          </ns3:TrackPointExtension>
        </extensions>
      </trkpt>
      <trkpt lat="23.05024109780788421630859375" lon="113.3065940625965595245361328125">
        <ele>5.80000019073486328125</ele>
        <time>2026-09-14T22:58:24.000Z</time>
        <extensions>
          <ns3:TrackPointExtension>
            <ns3:hr>151</ns3:hr>
            <ns3:cad>82</ns3:cad>
          </ns3:TrackPointExtension>
        </extensions>
      </trkpt>
      <trkpt lat="23.05025006644427776336669921875" lon="113.3065715990960597991943359375">
        <ele>5.80000019073486328125</ele>
        <time>2026-09-14T22:58:25.000Z</time>
        <extensions>
          <ns3:TrackPointExtension>
            <ns3:hr>151</ns3:hr>
            <ns3:cad>82</ns3:cad>
          </ns3:TrackPointExtension>
        </extensions>
      </trkpt>
      <trkpt lat="23.05024922825396060943603515625" lon="113.306545279920101165771484375">
        <ele>5.80000019073486328125</ele>
        <time>2026-09-14T22:58:26.000Z</time>
        <extensions>
          <ns3:TrackPointExtension>
            <ns3:hr>151</ns3:hr>
            <ns3:cad>82</ns3:cad>
          </ns3:TrackPointExtension>
        </extensions>
      </trkpt>
      <trkpt lat="23.05026389658451080322265625" lon="113.3065156079828739166259765625">
        <ele>5.80000019073486328125</ele>
        <time>2026-09-14T22:58:27.000Z</time>
        <extensions>
          <ns3:TrackPointExtension>
            <ns3:hr>150</ns3:hr>
            <ns3:cad>82</ns3:cad>
          </ns3:TrackPointExtension>
        </extensions>
      </trkpt>
      <trkpt lat="23.0502650700509548187255859375" lon="113.3064951561391353607177734375">
        <ele>5.80000019073486328125</ele>
        <time>2026-09-14T22:58:28.000Z</time>
        <extensions>
          <ns3:TrackPointExtension>
            <ns3:hr>150</ns3:hr>
            <ns3:cad>82</ns3:cad>
          </ns3:TrackPointExtension>
        </extensions>
      </trkpt>
      <trkpt lat="23.05026900954544544219970703125" lon="113.306464143097400665283203125">
        <ele>5.80000019073486328125</ele>
        <time>2026-09-14T22:58:29.000Z</time>
        <extensions>
          <ns3:TrackPointExtension>
            <ns3:hr>150</ns3:hr>
            <ns3:cad>81</ns3:cad>
          </ns3:TrackPointExtension>
        </extensions>
      </trkpt>
      <trkpt lat="23.05027722381055355072021484375" lon="113.30643774010241031646728515625">
        <ele>5.80000019073486328125</ele>
        <time>2026-09-14T22:58:30.000Z</time>
        <extensions>
          <ns3:TrackPointExtension>
            <ns3:hr>150</ns3:hr>
            <ns3:cad>81</ns3:cad>
          </ns3:TrackPointExtension>
        </extensions>
      </trkpt>
      <trkpt lat="23.0502768047153949737548828125" lon="113.3064130134880542755126953125">
        <ele>5.80000019073486328125</ele>
        <time>2026-09-14T22:58:31.000Z</time>
        <extensions>
          <ns3:TrackPointExtension>
            <ns3:hr>150</ns3:hr>
            <ns3:cad>81</ns3:cad>
          </ns3:TrackPointExtension>
        </extensions>
      </trkpt>
      <trkpt lat="23.05027890019118785858154296875" lon="113.306379653513431549072265625">
        <ele>5.80000019073486328125</ele>
        <time>2026-09-14T22:58:32.000Z</time>
        <extensions>
          <ns3:TrackPointExtension>
            <ns3:hr>150</ns3:hr>
            <ns3:cad>81</ns3:cad>
          </ns3:TrackPointExtension>
        </extensions>
      </trkpt>
      <trkpt lat="23.050280995666980743408203125" lon="113.30635827966034412384033203125">
        <ele>5.80000019073486328125</ele>
        <time>2026-09-14T22:58:33.000Z</time>
        <extensions>
          <ns3:TrackPointExtension>
            <ns3:hr>150</ns3:hr>
            <ns3:cad>81</ns3:cad>
          </ns3:TrackPointExtension>
        </extensions>
      </trkpt>
      <trkpt lat="23.0502808280289173126220703125" lon="113.3063298650085926055908203125">
        <ele>5.80000019073486328125</ele>
        <time>2026-09-14T22:58:34.000Z</time>
        <extensions>
          <ns3:TrackPointExtension>
            <ns3:hr>150</ns3:hr>
            <ns3:cad>81</ns3:cad>
          </ns3:TrackPointExtension>
        </extensions>
      </trkpt>
      <trkpt lat="23.050290048122406005859375" lon="113.30629843287169933319091796875">
        <ele>5.80000019073486328125</ele>
        <time>2026-09-14T22:58:35.000Z</time>
        <extensions>
          <ns3:TrackPointExtension>
            <ns3:hr>150</ns3:hr>
            <ns3:cad>81</ns3:cad>
          </ns3:TrackPointExtension>
        </extensions>
      </trkpt>
      <trkpt lat="23.05029750801622867584228515625" lon="113.306279070675373077392578125">
        <ele>6</ele>
        <time>2026-09-14T22:58:36.000Z</time>
        <extensions>
          <ns3:TrackPointExtension>
            <ns3:hr>150</ns3:hr>
            <ns3:cad>81</ns3:cad>
          </ns3:TrackPointExtension>
        </extensions>
      </trkpt>
      <trkpt lat="23.0502940714359283447265625" lon="113.306252248585224151611328125">
        <ele>6</ele>
        <time>2026-09-14T22:58:37.000Z</time>
        <extensions>
          <ns3:TrackPointExtension>
            <ns3:hr>150</ns3:hr>
            <ns3:cad>81</ns3:cad>
          </ns3:TrackPointExtension>
        </extensions>
      </trkpt>
      <trkpt lat="23.05029516108334064483642578125" lon="113.30622366629540920257568359375">
        <ele>6</ele>
        <time>2026-09-14T22:58:38.000Z</time>
        <extensions>
          <ns3:TrackPointExtension>
            <ns3:hr>150</ns3:hr>
            <ns3:cad>81</ns3:cad>
          </ns3:TrackPointExtension>
        </extensions>
      </trkpt>
      <trkpt lat="23.0502965860068798065185546875" lon="113.30620304681360721588134765625">
        <ele>5.80000019073486328125</ele>
        <time>2026-09-14T22:58:39.000Z</time>
        <extensions>
          <ns3:TrackPointExtension>
            <ns3:hr>150</ns3:hr>
            <ns3:cad>81</ns3:cad>
          </ns3:TrackPointExtension>
        </extensions>
      </trkpt>
      <trkpt lat="23.05029650218784809112548828125" lon="113.3061739616096019744873046875">
        <ele>5.80000019073486328125</ele>
        <time>2026-09-14T22:58:40.000Z</time>
        <extensions>
          <ns3:TrackPointExtension>
            <ns3:hr>150</ns3:hr>
            <ns3:cad>81</ns3:cad>
          </ns3:TrackPointExtension>
        </extensions>
      </trkpt>
      <trkpt lat="23.05030488409101963043212890625" lon="113.3061511628329753875732421875">
        <ele>5.599999904632568359375</ele>
        <time>2026-09-14T22:58:41.000Z</time>
        <extensions>
          <ns3:TrackPointExtension>
            <ns3:hr>150</ns3:hr>
            <ns3:cad>81</ns3:cad>
          </ns3:TrackPointExtension>
        </extensions>
      </trkpt>
      <trkpt lat="23.05030186660587787628173828125" lon="113.30613129772245883941650390625">
        <ele>5.599999904632568359375</ele>
        <time>2026-09-14T22:58:42.000Z</time>
        <extensions>
          <ns3:TrackPointExtension>
            <ns3:hr>150</ns3:hr>
            <ns3:cad>81</ns3:cad>
          </ns3:TrackPointExtension>
        </extensions>
      </trkpt>
      <trkpt lat="23.050302453339099884033203125" lon="113.306103050708770751953125">
        <ele>5.80000019073486328125</ele>
        <time>2026-09-14T22:58:43.000Z</time>
        <extensions>
          <ns3:TrackPointExtension>
            <ns3:hr>150</ns3:hr>
            <ns3:cad>81</ns3:cad>
          </ns3:TrackPointExtension>
        </extensions>
      </trkpt>
      <trkpt lat="23.05030622519552707672119140625" lon="113.30608251504600048065185546875">
        <ele>5.80000019073486328125</ele>
        <time>2026-09-14T22:58:44.000Z</time>
        <extensions>
          <ns3:TrackPointExtension>
            <ns3:hr>151</ns3:hr>
            <ns3:cad>81</ns3:cad>
          </ns3:TrackPointExtension>
        </extensions>
      </trkpt>
      <trkpt lat="23.0503016151487827301025390625" lon="113.30606080591678619384765625">
        <ele>5.80000019073486328125</ele>
        <time>2026-09-14T22:58:45.000Z</time>
        <extensions>
          <ns3:TrackPointExtension>
            <ns3:hr>151</ns3:hr>
            <ns3:cad>81</ns3:cad>
          </ns3:TrackPointExtension>
        </extensions>
      </trkpt>
      <trkpt lat="23.0503079853951930999755859375" lon="113.30602585338056087493896484375">
        <ele>5.80000019073486328125</ele>
        <time>2026-09-14T22:58:46.000Z</time>
        <extensions>
          <ns3:TrackPointExtension>
            <ns3:hr>152</ns3:hr>
            <ns3:cad>81</ns3:cad>
          </ns3:TrackPointExtension>
        </extensions>
      </trkpt>
      <trkpt lat="23.05031376890838146209716796875" lon="113.3060076646506786346435546875">
        <ele>5.80000019073486328125</ele>
        <time>2026-09-14T22:58:47.000Z</time>
        <extensions>
          <ns3:TrackPointExtension>
            <ns3:hr>152</ns3:hr>
            <ns3:cad>81</ns3:cad>
          </ns3:TrackPointExtension>
        </extensions>
      </trkpt>
      <trkpt lat="23.05031142197549343109130859375" lon="113.30598042346537113189697265625">
        <ele>5.80000019073486328125</ele>
        <time>2026-09-14T22:58:48.000Z</time>
        <extensions>
          <ns3:TrackPointExtension>
            <ns3:hr>152</ns3:hr>
            <ns3:cad>81</ns3:cad>
          </ns3:TrackPointExtension>
        </extensions>
      </trkpt>
      <trkpt lat="23.050315864384174346923828125" lon="113.30594873987138271331787109375">
        <ele>5.80000019073486328125</ele>
        <time>2026-09-14T22:58:49.000Z</time>
        <extensions>
          <ns3:TrackPointExtension>
            <ns3:hr>152</ns3:hr>
            <ns3:cad>81</ns3:cad>
          </ns3:TrackPointExtension>
        </extensions>
      </trkpt>
      <trkpt lat="23.0503136850893497467041015625" lon="113.30593113787472248077392578125">
        <ele>5.80000019073486328125</ele>
        <time>2026-09-14T22:58:50.000Z</time>
        <extensions>
          <ns3:TrackPointExtension>
            <ns3:hr>153</ns3:hr>
            <ns3:cad>81</ns3:cad>
          </ns3:TrackPointExtension>
        </extensions>
      </trkpt>
      <trkpt lat="23.0503187142312526702880859375" lon="113.3059007115662097930908203125">
        <ele>5.599999904632568359375</ele>
        <time>2026-09-14T22:58:51.000Z</time>
        <extensions>
          <ns3:TrackPointExtension>
            <ns3:hr>152</ns3:hr>
            <ns3:cad>81</ns3:cad>
          </ns3:TrackPointExtension>
        </extensions>
      </trkpt>
      <trkpt lat="23.050324916839599609375" lon="113.30587439239025115966796875">
        <ele>5.599999904632568359375</ele>
        <time>2026-09-14T22:58:52.000Z</time>
        <extensions>
          <ns3:TrackPointExtension>
            <ns3:hr>152</ns3:hr>
            <ns3:cad>81</ns3:cad>
          </ns3:TrackPointExtension>
        </extensions>
      </trkpt>
      <trkpt lat="23.0503235757350921630859375" lon="113.30584966577589511871337890625">
        <ele>5.80000019073486328125</ele>
        <time>2026-09-14T22:58:53.000Z</time>
        <extensions>
          <ns3:TrackPointExtension>
            <ns3:hr>152</ns3:hr>
            <ns3:cad>82</ns3:cad>
          </ns3:TrackPointExtension>
        </extensions>
      </trkpt>
      <trkpt lat="23.05032617412507534027099609375" lon="113.30582485534250736236572265625">
        <ele>5.80000019073486328125</ele>
        <time>2026-09-14T22:58:54.000Z</time>
        <extensions>
          <ns3:TrackPointExtension>
            <ns3:hr>152</ns3:hr>
            <ns3:cad>82</ns3:cad>
          </ns3:TrackPointExtension>
        </extensions>
      </trkpt>
      <trkpt lat="23.05032500065863132476806640625" lon="113.3058048225939273834228515625">
        <ele>6</ele>
        <time>2026-09-14T22:58:55.000Z</time>
        <extensions>
          <ns3:TrackPointExtension>
            <ns3:hr>151</ns3:hr>
            <ns3:cad>82</ns3:cad>
          </ns3:TrackPointExtension>
        </extensions>
      </trkpt>
      <trkpt lat="23.050321228802204132080078125" lon="113.305782862007617950439453125">
        <ele>6</ele>
        <time>2026-09-14T22:58:56.000Z</time>
        <extensions>
          <ns3:TrackPointExtension>
            <ns3:hr>152</ns3:hr>
            <ns3:cad>82</ns3:cad>
          </ns3:TrackPointExtension>
        </extensions>
      </trkpt>
      <trkpt lat="23.0503281019628047943115234375" lon="113.30575545318424701690673828125">
        <ele>5.80000019073486328125</ele>
        <time>2026-09-14T22:58:57.000Z</time>
        <extensions>
          <ns3:TrackPointExtension>
            <ns3:hr>152</ns3:hr>
            <ns3:cad>83</ns3:cad>
          </ns3:TrackPointExtension>
        </extensions>
      </trkpt>
      <trkpt lat="23.050324916839599609375" lon="113.3057381026446819305419921875">
        <ele>5.80000019073486328125</ele>
        <time>2026-09-14T22:58:58.000Z</time>
        <extensions>
          <ns3:TrackPointExtension>
            <ns3:hr>152</ns3:hr>
            <ns3:cad>82</ns3:cad>
          </ns3:TrackPointExtension>
        </extensions>
      </trkpt>
      <trkpt lat="23.05032961070537567138671875" lon="113.30570952035486698150634765625">
        <ele>5.599999904632568359375</ele>
        <time>2026-09-14T22:58:59.000Z</time>
        <extensions>
          <ns3:TrackPointExtension>
            <ns3:hr>152</ns3:hr>
            <ns3:cad>82</ns3:cad>
          </ns3:TrackPointExtension>
        </extensions>
      </trkpt>
      <trkpt lat="23.05033371783792972564697265625" lon="113.30568638630211353302001953125">
        <ele>5.400000095367431640625</ele>
        <time>2026-09-14T22:59:00.000Z</time>
        <extensions>
          <ns3:TrackPointExtension>
            <ns3:hr>151</ns3:hr>
            <ns3:cad>82</ns3:cad>
          </ns3:TrackPointExtension>
        </extensions>
      </trkpt>
      <trkpt lat="23.0503297783434391021728515625" lon="113.3056630007922649383544921875">
        <ele>5.599999904632568359375</ele>
        <time>2026-09-14T22:59:01.000Z</time>
        <extensions>
          <ns3:TrackPointExtension>
            <ns3:hr>152</ns3:hr>
            <ns3:cad>81</ns3:cad>
          </ns3:TrackPointExtension>
        </extensions>
      </trkpt>
      <trkpt lat="23.05033455602824687957763671875" lon="113.305631317198276519775390625">
        <ele>5.599999904632568359375</ele>
        <time>2026-09-14T22:59:02.000Z</time>
        <extensions>
          <ns3:TrackPointExtension>
            <ns3:hr>152</ns3:hr>
            <ns3:cad>81</ns3:cad>
          </ns3:TrackPointExtension>
        </extensions>
      </trkpt>
      <trkpt lat="23.05033774115145206451416015625" lon="113.305609859526157379150390625">
        <ele>5.599999904632568359375</ele>
        <time>2026-09-14T22:59:03.000Z</time>
        <extensions>
          <ns3:TrackPointExtension>
            <ns3:hr>151</ns3:hr>
            <ns3:cad>81</ns3:cad>
          </ns3:TrackPointExtension>
        </extensions>
      </trkpt>
      <trkpt lat="23.05033723823726177215576171875" lon="113.30558245070278644561767578125">
        <ele>5.599999904632568359375</ele>
        <time>2026-09-14T22:59:04.000Z</time>
        <extensions>
          <ns3:TrackPointExtension>
            <ns3:hr>152</ns3:hr>
            <ns3:cad>81</ns3:cad>
          </ns3:TrackPointExtension>
        </extensions>
      </trkpt>
      <trkpt lat="23.05034092627465724945068359375" lon="113.30555378459393978118896484375">
        <ele>5.599999904632568359375</ele>
        <time>2026-09-14T22:59:05.000Z</time>
        <extensions>
          <ns3:TrackPointExtension>
            <ns3:hr>153</ns3:hr>
            <ns3:cad>82</ns3:cad>
          </ns3:TrackPointExtension>
        </extensions>
      </trkpt>
      <trkpt lat="23.0503441952168941497802734375" lon="113.30553618259727954864501953125">
        <ele>5.80000019073486328125</ele>
        <time>2026-09-14T22:59:06.000Z</time>
        <extensions>
          <ns3:TrackPointExtension>
            <ns3:hr>153</ns3:hr>
            <ns3:cad>82</ns3:cad>
          </ns3:TrackPointExtension>
        </extensions>
      </trkpt>
      <trkpt lat="23.0503369867801666259765625" lon="113.30551036633551120758056640625">
        <ele>5.80000019073486328125</ele>
        <time>2026-09-14T22:59:07.000Z</time>
        <extensions>
          <ns3:TrackPointExtension>
            <ns3:hr>154</ns3:hr>
            <ns3:cad>82</ns3:cad>
          </ns3:TrackPointExtension>
        </extensions>
      </trkpt>
      <trkpt lat="23.050339333713054656982421875" lon="113.30548010766506195068359375">
        <ele>5.599999904632568359375</ele>
        <time>2026-09-14T22:59:08.000Z</time>
        <extensions>
          <ns3:TrackPointExtension>
            <ns3:hr>154</ns3:hr>
            <ns3:cad>82</ns3:cad>
          </ns3:TrackPointExtension>
        </extensions>
      </trkpt>
      <trkpt lat="23.05033891461789608001708984375" lon="113.30546074546873569488525390625">
        <ele>5.599999904632568359375</ele>
        <time>2026-09-14T22:59:09.000Z</time>
        <extensions>
          <ns3:TrackPointExtension>
            <ns3:hr>154</ns3:hr>
            <ns3:cad>81</ns3:cad>
          </ns3:TrackPointExtension>
        </extensions>
      </trkpt>
      <trkpt lat="23.0503418482840061187744140625" lon="113.30543392337858676910400390625">
        <ele>5.599999904632568359375</ele>
        <time>2026-09-14T22:59:10.000Z</time>
        <extensions>
          <ns3:TrackPointExtension>
            <ns3:hr>154</ns3:hr>
            <ns3:cad>81</ns3:cad>
          </ns3:TrackPointExtension>
        </extensions>
      </trkpt>
      <trkpt lat="23.05035131983458995819091796875" lon="113.30541037023067474365234375">
        <ele>5.599999904632568359375</ele>
        <time>2026-09-14T22:59:11.000Z</time>
        <extensions>
          <ns3:TrackPointExtension>
            <ns3:hr>153</ns3:hr>
            <ns3:cad>81</ns3:cad>
          </ns3:TrackPointExtension>
        </extensions>
      </trkpt>
      <trkpt lat="23.05035500787198543548583984375" lon="113.3053827099502086639404296875">
        <ele>5.599999904632568359375</ele>
        <time>2026-09-14T22:59:12.000Z</time>
        <extensions>
          <ns3:TrackPointExtension>
            <ns3:hr>154</ns3:hr>
            <ns3:cad>81</ns3:cad>
          </ns3:TrackPointExtension>
        </extensions>
      </trkpt>
      <trkpt lat="23.050360120832920074462890625" lon="113.30535379238426685333251953125">
        <ele>5.599999904632568359375</ele>
        <time>2026-09-14T22:59:13.000Z</time>
        <extensions>
          <ns3:TrackPointExtension>
            <ns3:hr>154</ns3:hr>
            <ns3:cad>81</ns3:cad>
          </ns3:TrackPointExtension>
        </extensions>
      </trkpt>
      <trkpt lat="23.05036841891705989837646484375" lon="113.30532914958894252777099609375">
        <ele>5.599999904632568359375</ele>
        <time>2026-09-14T22:59:14.000Z</time>
        <extensions>
          <ns3:TrackPointExtension>
            <ns3:hr>154</ns3:hr>
            <ns3:cad>82</ns3:cad>
          </ns3:TrackPointExtension>
        </extensions>
      </trkpt>
      <trkpt lat="23.05037043057382106781005859375" lon="113.3053032495081424713134765625">
        <ele>5.599999904632568359375</ele>
        <time>2026-09-14T22:59:15.000Z</time>
        <extensions>
          <ns3:TrackPointExtension>
            <ns3:hr>153</ns3:hr>
            <ns3:cad>82</ns3:cad>
          </ns3:TrackPointExtension>
        </extensions>
      </trkpt>
      <trkpt lat="23.05038367398083209991455078125" lon="113.30526963807642459869384765625">
        <ele>5.599999904632568359375</ele>
        <time>2026-09-14T22:59:16.000Z</time>
        <extensions>
          <ns3:TrackPointExtension>
            <ns3:hr>153</ns3:hr>
            <ns3:cad>81</ns3:cad>
          </ns3:TrackPointExtension>
        </extensions>
      </trkpt>
      <trkpt lat="23.0503874458372592926025390625" lon="113.3052549697458744049072265625">
        <ele>5.599999904632568359375</ele>
        <time>2026-09-14T22:59:17.000Z</time>
        <extensions>
          <ns3:TrackPointExtension>
            <ns3:hr>153</ns3:hr>
            <ns3:cad>81</ns3:cad>
          </ns3:TrackPointExtension>
        </extensions>
      </trkpt>
      <trkpt lat="23.05038719438016414642333984375" lon="113.30523066222667694091796875">
        <ele>5.599999904632568359375</ele>
        <time>2026-09-14T22:59:18.000Z</time>
        <extensions>
          <ns3:TrackPointExtension>
            <ns3:hr>153</ns3:hr>
            <ns3:cad>81</ns3:cad>
          </ns3:TrackPointExtension>
        </extensions>
      </trkpt>
      <trkpt lat="23.0503921397030353546142578125" lon="113.30520157702267169952392578125">
        <ele>5.599999904632568359375</ele>
        <time>2026-09-14T22:59:19.000Z</time>
        <extensions>
          <ns3:TrackPointExtension>
            <ns3:hr>153</ns3:hr>
            <ns3:cad>81</ns3:cad>
          </ns3:TrackPointExtension>
        </extensions>
      </trkpt>
      <trkpt lat="23.05038954131305217742919921875" lon="113.3051845617592334747314453125">
        <ele>5.599999904632568359375</ele>
        <time>2026-09-14T22:59:20.000Z</time>
        <extensions>
          <ns3:TrackPointExtension>
            <ns3:hr>153</ns3:hr>
            <ns3:cad>81</ns3:cad>
          </ns3:TrackPointExtension>
        </extensions>
      </trkpt>
      <trkpt lat="23.05038870312273502349853515625" lon="113.3051575720310211181640625">
        <ele>5.599999904632568359375</ele>
        <time>2026-09-14T22:59:21.000Z</time>
        <extensions>
          <ns3:TrackPointExtension>
            <ns3:hr>153</ns3:hr>
            <ns3:cad>81</ns3:cad>
          </ns3:TrackPointExtension>
        </extensions>
      </trkpt>
      <trkpt lat="23.05039607919752597808837890625" lon="113.30513217486441135406494140625">
        <ele>5.599999904632568359375</ele>
        <time>2026-09-14T22:59:22.000Z</time>
        <extensions>
          <ns3:TrackPointExtension>
            <ns3:hr>153</ns3:hr>
            <ns3:cad>81</ns3:cad>
          </ns3:TrackPointExtension>
        </extensions>
      </trkpt>
      <trkpt lat="23.05039398372173309326171875" lon="113.305109627544879913330078125">
        <ele>5.599999904632568359375</ele>
        <time>2026-09-14T22:59:23.000Z</time>
        <extensions>
          <ns3:TrackPointExtension>
            <ns3:hr>153</ns3:hr>
            <ns3:cad>81</ns3:cad>
          </ns3:TrackPointExtension>
        </extensions>
      </trkpt>
      <trkpt lat="23.0503959953784942626953125" lon="113.30508037470281124114990234375">
        <ele>5.599999904632568359375</ele>
        <time>2026-09-14T22:59:24.000Z</time>
        <extensions>
          <ns3:TrackPointExtension>
            <ns3:hr>153</ns3:hr>
            <ns3:cad>81</ns3:cad>
          </ns3:TrackPointExtension>
        </extensions>
      </trkpt>
      <trkpt lat="23.05040127597749233245849609375" lon="113.305055983364582061767578125">
        <ele>5.80000019073486328125</ele>
        <time>2026-09-14T22:59:25.000Z</time>
        <extensions>
          <ns3:TrackPointExtension>
            <ns3:hr>153</ns3:hr>
            <ns3:cad>81</ns3:cad>
          </ns3:TrackPointExtension>
        </extensions>
      </trkpt>
      <trkpt lat="23.05040228180587291717529296875" lon="113.30502857454121112823486328125">
        <ele>5.80000019073486328125</ele>
        <time>2026-09-14T22:59:26.000Z</time>
        <extensions>
          <ns3:TrackPointExtension>
            <ns3:hr>153</ns3:hr>
            <ns3:cad>81</ns3:cad>
          </ns3:TrackPointExtension>
        </extensions>
      </trkpt>
      <trkpt lat="23.05041317827999591827392578125" lon="113.30499462783336639404296875">
        <ele>5.80000019073486328125</ele>
        <time>2026-09-14T22:59:27.000Z</time>
        <extensions>
          <ns3:TrackPointExtension>
            <ns3:hr>153</ns3:hr>
            <ns3:cad>81</ns3:cad>
          </ns3:TrackPointExtension>
        </extensions>
      </trkpt>
      <trkpt lat="23.05042348802089691162109375" lon="113.30497090704739093780517578125">
        <ele>5.80000019073486328125</ele>
        <time>2026-09-14T22:59:28.000Z</time>
        <extensions>
          <ns3:TrackPointExtension>
            <ns3:hr>153</ns3:hr>
            <ns3:cad>81</ns3:cad>
          </ns3:TrackPointExtension>
        </extensions>
      </trkpt>
      <trkpt lat="23.05042558349668979644775390625" lon="113.3049461804330348968505859375">
        <ele>6</ele>
        <time>2026-09-14T22:59:29.000Z</time>
        <extensions>
          <ns3:TrackPointExtension>
            <ns3:hr>153</ns3:hr>
            <ns3:cad>81</ns3:cad>
          </ns3:TrackPointExtension>
        </extensions>
      </trkpt>
      <trkpt lat="23.05043446831405162811279296875" lon="113.3049170114099979400634765625">
        <ele>6</ele>
        <time>2026-09-14T22:59:30.000Z</time>
        <extensions>
          <ns3:TrackPointExtension>
            <ns3:hr>153</ns3:hr>
            <ns3:cad>81</ns3:cad>
          </ns3:TrackPointExtension>
        </extensions>
      </trkpt>
      <trkpt lat="23.05043262429535388946533203125" lon="113.30489848740398883819580078125">
        <ele>5.80000019073486328125</ele>
        <time>2026-09-14T22:59:31.000Z</time>
        <extensions>
          <ns3:TrackPointExtension>
            <ns3:hr>153</ns3:hr>
            <ns3:cad>81</ns3:cad>
          </ns3:TrackPointExtension>
        </extensions>
      </trkpt>
      <trkpt lat="23.0504370667040348052978515625" lon="113.304873593151569366455078125">
        <ele>5.80000019073486328125</ele>
        <time>2026-09-14T22:59:32.000Z</time>
        <extensions>
          <ns3:TrackPointExtension>
            <ns3:hr>152</ns3:hr>
            <ns3:cad>81</ns3:cad>
          </ns3:TrackPointExtension>
        </extensions>
      </trkpt>
      <trkpt lat="23.050447963178157806396484375" lon="113.30485154874622821807861328125">
        <ele>5.80000019073486328125</ele>
        <time>2026-09-14T22:59:33.000Z</time>
        <extensions>
          <ns3:TrackPointExtension>
            <ns3:hr>152</ns3:hr>
            <ns3:cad>81</ns3:cad>
          </ns3:TrackPointExtension>
        </extensions>
      </trkpt>
      <trkpt lat="23.050449304282665252685546875" lon="113.3048274926841259002685546875">
        <ele>5.80000019073486328125</ele>
        <time>2026-09-14T22:59:34.000Z</time>
        <extensions>
          <ns3:TrackPointExtension>
            <ns3:hr>152</ns3:hr>
            <ns3:cad>81</ns3:cad>
          </ns3:TrackPointExtension>
        </extensions>
      </trkpt>
      <trkpt lat="23.05045592598617076873779296875" lon="113.3047979883849620819091796875">
        <ele>5.80000019073486328125</ele>
        <time>2026-09-14T22:59:35.000Z</time>
        <extensions>
          <ns3:TrackPointExtension>
            <ns3:hr>152</ns3:hr>
            <ns3:cad>82</ns3:cad>
          </ns3:TrackPointExtension>
        </extensions>
      </trkpt>
      <trkpt lat="23.050466738641262054443359375" lon="113.30477879382669925689697265625">
        <ele>5.80000019073486328125</ele>
        <time>2026-09-14T22:59:36.000Z</time>
        <extensions>
          <ns3:TrackPointExtension>
            <ns3:hr>152</ns3:hr>
            <ns3:cad>82</ns3:cad>
          </ns3:TrackPointExtension>
        </extensions>
      </trkpt>
      <trkpt lat="23.05046699009835720062255859375" lon="113.30475800670683383941650390625">
        <ele>6</ele>
        <time>2026-09-14T22:59:37.000Z</time>
        <extensions>
          <ns3:TrackPointExtension>
            <ns3:hr>152</ns3:hr>
            <ns3:cad>82</ns3:cad>
          </ns3:TrackPointExtension>
        </extensions>
      </trkpt>
      <trkpt lat="23.0504786409437656402587890625" lon="113.30472883768379688262939453125">
        <ele>6</ele>
        <time>2026-09-14T22:59:38.000Z</time>
        <extensions>
          <ns3:TrackPointExtension>
            <ns3:hr>152</ns3:hr>
            <ns3:cad>82</ns3:cad>
          </ns3:TrackPointExtension>
        </extensions>
      </trkpt>
      <trkpt lat="23.0504786409437656402587890625" lon="113.30472883768379688262939453125">
        <ele>6</ele>
        <time>2026-09-14T22:59:39.000Z</time>
        <extensions>
          <ns3:TrackPointExtension>
            <ns3:hr>153</ns3:hr>
            <ns3:cad>82</ns3:cad>
          </ns3:TrackPointExtension>
        </extensions>
      </trkpt>
      <trkpt lat="23.05048509500920772552490234375" lon="113.304677791893482208251953125">
        <ele>5.80000019073486328125</ele>
        <time>2026-09-14T22:59:40.000Z</time>
        <extensions>
          <ns3:TrackPointExtension>
            <ns3:hr>152</ns3:hr>
            <ns3:cad>82</ns3:cad>
          </ns3:TrackPointExtension>
        </extensions>
      </trkpt>
      <trkpt lat="23.0504910461604595184326171875" lon="113.30465340055525302886962890625">
        <ele>5.80000019073486328125</ele>
        <time>2026-09-14T22:59:41.000Z</time>
        <extensions>
          <ns3:TrackPointExtension>
            <ns3:hr>152</ns3:hr>
            <ns3:cad>82</ns3:cad>
          </ns3:TrackPointExtension>
        </extensions>
      </trkpt>
      <trkpt lat="23.050484843552112579345703125" lon="113.30463009886443614959716796875">
        <ele>5.80000019073486328125</ele>
        <time>2026-09-14T22:59:42.000Z</time>
        <extensions>
          <ns3:TrackPointExtension>
            <ns3:hr>152</ns3:hr>
            <ns3:cad>82</ns3:cad>
          </ns3:TrackPointExtension>
        </extensions>
      </trkpt>
      <trkpt lat="23.0504866875708103179931640625" lon="113.30459631979465484619140625">
        <ele>5.80000019073486328125</ele>
        <time>2026-09-14T22:59:43.000Z</time>
        <extensions>
          <ns3:TrackPointExtension>
            <ns3:hr>151</ns3:hr>
            <ns3:cad>82</ns3:cad>
          </ns3:TrackPointExtension>
        </extensions>
      </trkpt>
      <trkpt lat="23.05049188435077667236328125" lon="113.30457620322704315185546875">
        <ele>5.80000019073486328125</ele>
        <time>2026-09-14T22:59:44.000Z</time>
        <extensions>
          <ns3:TrackPointExtension>
            <ns3:hr>152</ns3:hr>
            <ns3:cad>83</ns3:cad>
          </ns3:TrackPointExtension>
        </extensions>
      </trkpt>
      <trkpt lat="23.05049029178917407989501953125" lon="113.3045482076704502105712890625">
        <ele>6</ele>
        <time>2026-09-14T22:59:45.000Z</time>
        <extensions>
          <ns3:TrackPointExtension>
            <ns3:hr>152</ns3:hr>
            <ns3:cad>83</ns3:cad>
          </ns3:TrackPointExtension>
        </extensions>
      </trkpt>
      <trkpt lat="23.05049800314009189605712890625" lon="113.30451509915292263031005859375">
        <ele>6</ele>
        <time>2026-09-14T22:59:46.000Z</time>
        <extensions>
          <ns3:TrackPointExtension>
            <ns3:hr>151</ns3:hr>
            <ns3:cad>83</ns3:cad>
          </ns3:TrackPointExtension>
        </extensions>
      </trkpt>
      <trkpt lat="23.05049431510269641876220703125" lon="113.30449573695659637451171875">
        <ele>5.80000019073486328125</ele>
        <time>2026-09-14T22:59:47.000Z</time>
        <extensions>
          <ns3:TrackPointExtension>
            <ns3:hr>152</ns3:hr>
            <ns3:cad>83</ns3:cad>
          </ns3:TrackPointExtension>
        </extensions>
      </trkpt>
      <trkpt lat="23.050495572388172149658203125" lon="113.3044657297432422637939453125">
        <ele>5.80000019073486328125</ele>
        <time>2026-09-14T22:59:48.000Z</time>
        <extensions>
          <ns3:TrackPointExtension>
            <ns3:hr>151</ns3:hr>
            <ns3:cad>82</ns3:cad>
          </ns3:TrackPointExtension>
        </extensions>
      </trkpt>
      <trkpt lat="23.05050194263458251953125" lon="113.3044412545859813690185546875">
        <ele>5.80000019073486328125</ele>
        <time>2026-09-14T22:59:49.000Z</time>
        <extensions>
          <ns3:TrackPointExtension>
            <ns3:hr>151</ns3:hr>
            <ns3:cad>82</ns3:cad>
          </ns3:TrackPointExtension>
        </extensions>
      </trkpt>
      <trkpt lat="23.05050403811037540435791015625" lon="113.3044177852571010589599609375">
        <ele>5.80000019073486328125</ele>
        <time>2026-09-14T22:59:50.000Z</time>
        <extensions>
          <ns3:TrackPointExtension>
            <ns3:hr>151</ns3:hr>
            <ns3:cad>83</ns3:cad>
          </ns3:TrackPointExtension>
        </extensions>
      </trkpt>
      <trkpt lat="23.05050797760486602783203125" lon="113.3043886162340641021728515625">
        <ele>5.599999904632568359375</ele>
        <time>2026-09-14T22:59:51.000Z</time>
        <extensions>
          <ns3:TrackPointExtension>
            <ns3:hr>151</ns3:hr>
            <ns3:cad>83</ns3:cad>
          </ns3:TrackPointExtension>
        </extensions>
      </trkpt>
      <trkpt lat="23.050512336194515228271484375" lon="113.304372690618038177490234375">
        <ele>5.80000019073486328125</ele>
        <time>2026-09-14T22:59:52.000Z</time>
        <extensions>
          <ns3:TrackPointExtension>
            <ns3:hr>152</ns3:hr>
            <ns3:cad>82</ns3:cad>
          </ns3:TrackPointExtension>
        </extensions>
      </trkpt>
      <trkpt lat="23.05051208473742008209228515625" lon="113.3043475449085235595703125">
        <ele>5.80000019073486328125</ele>
        <time>2026-09-14T22:59:53.000Z</time>
        <extensions>
          <ns3:TrackPointExtension>
            <ns3:hr>151</ns3:hr>
            <ns3:cad>82</ns3:cad>
          </ns3:TrackPointExtension>
        </extensions>
      </trkpt>
      <trkpt lat="23.05052004754543304443359375" lon="113.30432147718966007232666015625">
        <ele>5.80000019073486328125</ele>
        <time>2026-09-14T22:59:54.000Z</time>
        <extensions>
          <ns3:TrackPointExtension>
            <ns3:hr>151</ns3:hr>
            <ns3:cad>82</ns3:cad>
          </ns3:TrackPointExtension>
        </extensions>
      </trkpt>
      <trkpt lat="23.0505208857357501983642578125" lon="113.3042997680604457855224609375">
        <ele>5.80000019073486328125</ele>
        <time>2026-09-14T22:59:55.000Z</time>
        <extensions>
          <ns3:TrackPointExtension>
            <ns3:hr>151</ns3:hr>
            <ns3:cad>82</ns3:cad>
          </ns3:TrackPointExtension>
        </extensions>
      </trkpt>
      <trkpt lat="23.05051962845027446746826171875" lon="113.3042697608470916748046875">
        <ele>5.80000019073486328125</ele>
        <time>2026-09-14T22:59:56.000Z</time>
        <extensions>
          <ns3:TrackPointExtension>
            <ns3:hr>150</ns3:hr>
            <ns3:cad>83</ns3:cad>
          </ns3:TrackPointExtension>
        </extensions>
      </trkpt>
      <trkpt lat="23.05052566342055797576904296875" lon="113.30424939282238483428955078125">
        <ele>5.80000019073486328125</ele>
        <time>2026-09-14T22:59:57.000Z</time>
        <extensions>
          <ns3:TrackPointExtension>
            <ns3:hr>150</ns3:hr>
            <ns3:cad>83</ns3:cad>
          </ns3:TrackPointExtension>
        </extensions>
      </trkpt>
      <trkpt lat="23.05052415467798709869384765625" lon="113.30422491766512393951416015625">
        <ele>5.80000019073486328125</ele>
        <time>2026-09-14T22:59:58.000Z</time>
        <extensions>
          <ns3:TrackPointExtension>
            <ns3:hr>150</ns3:hr>
            <ns3:cad>82</ns3:cad>
          </ns3:TrackPointExtension>
        </extensions>
      </trkpt>
      <trkpt lat="23.05053169839084148406982421875" lon="113.30418996512889862060546875">
        <ele>5.80000019073486328125</ele>
        <time>2026-09-14T22:59:59.000Z</time>
        <extensions>
          <ns3:TrackPointExtension>
            <ns3:hr>150</ns3:hr>
            <ns3:cad>82</ns3:cad>
          </ns3:TrackPointExtension>
        </extensions>
      </trkpt>
      <trkpt lat="23.05053689517080783843994140625" lon="113.30417211167514324188232421875">
        <ele>5.80000019073486328125</ele>
        <time>2026-09-14T23:00:00.000Z</time>
        <extensions>
          <ns3:TrackPointExtension>
            <ns3:hr>150</ns3:hr>
            <ns3:cad>82</ns3:cad>
          </ns3:TrackPointExtension>
        </extensions>
      </trkpt>
      <trkpt lat="23.0505373142659664154052734375" lon="113.30414679832756519317626953125">
        <ele>5.80000019073486328125</ele>
        <time>2026-09-14T23:00:01.000Z</time>
        <extensions>
          <ns3:TrackPointExtension>
            <ns3:hr>150</ns3:hr>
            <ns3:cad>82</ns3:cad>
          </ns3:TrackPointExtension>
        </extensions>
      </trkpt>
      <trkpt lat="23.0505460314452648162841796875" lon="113.30411712639033794403076171875">
        <ele>5.80000019073486328125</ele>
        <time>2026-09-14T23:00:02.000Z</time>
        <extensions>
          <ns3:TrackPointExtension>
            <ns3:hr>150</ns3:hr>
            <ns3:cad>83</ns3:cad>
          </ns3:TrackPointExtension>
        </extensions>
      </trkpt>
      <trkpt lat="23.05054611526429653167724609375" lon="113.304100446403026580810546875">
        <ele>5.80000019073486328125</ele>
        <time>2026-09-14T23:00:03.000Z</time>
        <extensions>
          <ns3:TrackPointExtension>
            <ns3:hr>150</ns3:hr>
            <ns3:cad>83</ns3:cad>
          </ns3:TrackPointExtension>
        </extensions>
      </trkpt>
      <trkpt lat="23.0505456961691379547119140625" lon="113.3040690980851650238037109375">
        <ele>5.80000019073486328125</ele>
        <time>2026-09-14T23:00:04.000Z</time>
        <extensions>
          <ns3:TrackPointExtension>
            <ns3:hr>150</ns3:hr>
            <ns3:cad>83</ns3:cad>
          </ns3:TrackPointExtension>
        </extensions>
      </trkpt>
      <trkpt lat="23.05055080913007259368896484375" lon="113.30404453910887241363525390625">
        <ele>5.80000019073486328125</ele>
        <time>2026-09-14T23:00:05.000Z</time>
        <extensions>
          <ns3:TrackPointExtension>
            <ns3:hr>150</ns3:hr>
            <ns3:cad>82</ns3:cad>
          </ns3:TrackPointExtension>
        </extensions>
      </trkpt>
      <trkpt lat="23.0505477078258991241455078125" lon="113.30402391962707042694091796875">
        <ele>5.80000019073486328125</ele>
        <time>2026-09-14T23:00:06.000Z</time>
        <extensions>
          <ns3:TrackPointExtension>
            <ns3:hr>150</ns3:hr>
            <ns3:cad>82</ns3:cad>
          </ns3:TrackPointExtension>
        </extensions>
      </trkpt>
      <trkpt lat="23.0505513958632946014404296875" lon="113.3039886318147182464599609375">
        <ele>5.80000019073486328125</ele>
        <time>2026-09-14T23:00:07.000Z</time>
        <extensions>
          <ns3:TrackPointExtension>
            <ns3:hr>150</ns3:hr>
            <ns3:cad>82</ns3:cad>
          </ns3:TrackPointExtension>
        </extensions>
      </trkpt>
      <trkpt lat="23.0505604483187198638916015625" lon="113.30396826379001140594482421875">
        <ele>5.80000019073486328125</ele>
        <time>2026-09-14T23:00:08.000Z</time>
        <extensions>
          <ns3:TrackPointExtension>
            <ns3:hr>150</ns3:hr>
            <ns3:cad>81</ns3:cad>
          </ns3:TrackPointExtension>
        </extensions>
      </trkpt>
      <trkpt lat="23.05056162178516387939453125" lon="113.30394596792757511138916015625">
        <ele>6</ele>
        <time>2026-09-14T23:00:09.000Z</time>
        <extensions>
          <ns3:TrackPointExtension>
            <ns3:hr>150</ns3:hr>
            <ns3:cad>81</ns3:cad>
          </ns3:TrackPointExtension>
        </extensions>
      </trkpt>
      <trkpt lat="23.0505716800689697265625" lon="113.3039098419249057769775390625">
        <ele>5.80000019073486328125</ele>
        <time>2026-09-14T23:00:10.000Z</time>
        <extensions>
          <ns3:TrackPointExtension>
            <ns3:hr>151</ns3:hr>
            <ns3:cad>81</ns3:cad>
          </ns3:TrackPointExtension>
        </extensions>
      </trkpt>
      <trkpt lat="23.05058064870536327362060546875" lon="113.30388796515762805938720703125">
        <ele>5.80000019073486328125</ele>
        <time>2026-09-14T23:00:11.000Z</time>
        <extensions>
          <ns3:TrackPointExtension>
            <ns3:hr>151</ns3:hr>
            <ns3:cad>81</ns3:cad>
          </ns3:TrackPointExtension>
        </extensions>
      </trkpt>
      <trkpt lat="23.05058048106729984283447265625" lon="113.303859047591686248779296875">
        <ele>5.80000019073486328125</ele>
        <time>2026-09-14T23:00:12.000Z</time>
        <extensions>
          <ns3:TrackPointExtension>
            <ns3:hr>151</ns3:hr>
            <ns3:cad>81</ns3:cad>
          </ns3:TrackPointExtension>
        </extensions>
      </trkpt>
      <trkpt lat="23.05058852769434452056884765625" lon="113.30382526852190494537353515625">
        <ele>5.80000019073486328125</ele>
        <time>2026-09-14T23:00:13.000Z</time>
        <extensions>
          <ns3:TrackPointExtension>
            <ns3:hr>151</ns3:hr>
            <ns3:cad>81</ns3:cad>
          </ns3:TrackPointExtension>
        </extensions>
      </trkpt>
      <trkpt lat="23.05058567784726619720458984375" lon="113.30380515195429325103759765625">
        <ele>5.80000019073486328125</ele>
        <time>2026-09-14T23:00:14.000Z</time>
        <extensions>
          <ns3:TrackPointExtension>
            <ns3:hr>151</ns3:hr>
            <ns3:cad>81</ns3:cad>
          </ns3:TrackPointExtension>
        </extensions>
      </trkpt>
      <trkpt lat="23.0505864322185516357421875" lon="113.30377816222608089447021484375">
        <ele>5.80000019073486328125</ele>
        <time>2026-09-14T23:00:15.000Z</time>
        <extensions>
          <ns3:TrackPointExtension>
            <ns3:hr>151</ns3:hr>
            <ns3:cad>81</ns3:cad>
          </ns3:TrackPointExtension>
        </extensions>
      </trkpt>
      <trkpt lat="23.0505902878940105438232421875" lon="113.303755111992359161376953125">
        <ele>5.80000019073486328125</ele>
        <time>2026-09-14T23:00:16.000Z</time>
        <extensions>
          <ns3:TrackPointExtension>
            <ns3:hr>152</ns3:hr>
            <ns3:cad>81</ns3:cad>
          </ns3:TrackPointExtension>
        </extensions>
      </trkpt>
      <trkpt lat="23.05058836005628108978271484375" lon="113.3037306368350982666015625">
        <ele>5.80000019073486328125</ele>
        <time>2026-09-14T23:00:17.000Z</time>
        <extensions>
          <ns3:TrackPointExtension>
            <ns3:hr>152</ns3:hr>
            <ns3:cad>81</ns3:cad>
          </ns3:TrackPointExtension>
        </extensions>
      </trkpt>
      <trkpt lat="23.0505902878940105438232421875" lon="113.3037009648978710174560546875">
        <ele>5.80000019073486328125</ele>
        <time>2026-09-14T23:00:18.000Z</time>
        <extensions>
          <ns3:TrackPointExtension>
            <ns3:hr>152</ns3:hr>
            <ns3:cad>82</ns3:cad>
          </ns3:TrackPointExtension>
        </extensions>
      </trkpt>
      <trkpt lat="23.050594814121723175048828125" lon="113.30368210561573505401611328125">
        <ele>5.80000019073486328125</ele>
        <time>2026-09-14T23:00:19.000Z</time>
        <extensions>
          <ns3:TrackPointExtension>
            <ns3:hr>152</ns3:hr>
            <ns3:cad>82</ns3:cad>
          </ns3:TrackPointExtension>
        </extensions>
      </trkpt>
      <trkpt lat="23.05059422738850116729736328125" lon="113.3036603964865207672119140625">
        <ele>5.80000019073486328125</ele>
        <time>2026-09-14T23:00:20.000Z</time>
        <extensions>
          <ns3:TrackPointExtension>
            <ns3:hr>152</ns3:hr>
            <ns3:cad>82</ns3:cad>
          </ns3:TrackPointExtension>
        </extensions>
      </trkpt>
      <trkpt lat="23.0505929701030254364013671875" lon="113.30362913198769092559814453125">
        <ele>5.80000019073486328125</ele>
        <time>2026-09-14T23:00:21.000Z</time>
        <extensions>
          <ns3:TrackPointExtension>
            <ns3:hr>152</ns3:hr>
            <ns3:cad>82</ns3:cad>
          </ns3:TrackPointExtension>
        </extensions>
      </trkpt>
      <trkpt lat="23.0505919642746448516845703125" lon="113.3036104403436183929443359375">
        <ele>5.80000019073486328125</ele>
        <time>2026-09-14T23:00:22.000Z</time>
        <extensions>
          <ns3:TrackPointExtension>
            <ns3:hr>153</ns3:hr>
            <ns3:cad>82</ns3:cad>
          </ns3:TrackPointExtension>
        </extensions>
      </trkpt>
      <trkpt lat="23.05059120990335941314697265625" lon="113.303582780063152313232421875">
        <ele>5.80000019073486328125</ele>
        <time>2026-09-14T23:00:23.000Z</time>
        <extensions>
          <ns3:TrackPointExtension>
            <ns3:hr>153</ns3:hr>
            <ns3:cad>82</ns3:cad>
          </ns3:TrackPointExtension>
        </extensions>
      </trkpt>
      <trkpt lat="23.05060143582522869110107421875" lon="113.30355553887784481048583984375">
        <ele>5.80000019073486328125</ele>
        <time>2026-09-14T23:00:24.000Z</time>
        <extensions>
          <ns3:TrackPointExtension>
            <ns3:hr>153</ns3:hr>
            <ns3:cad>82</ns3:cad>
          </ns3:TrackPointExtension>
        </extensions>
      </trkpt>
      <trkpt lat="23.0505990050733089447021484375" lon="113.30353408120572566986083984375">
        <ele>5.80000019073486328125</ele>
        <time>2026-09-14T23:00:25.000Z</time>
        <extensions>
          <ns3:TrackPointExtension>
            <ns3:hr>153</ns3:hr>
            <ns3:cad>82</ns3:cad>
          </ns3:TrackPointExtension>
        </extensions>
      </trkpt>
      <trkpt lat="23.0505996756255626678466796875" lon="113.303503654897212982177734375">
        <ele>5.80000019073486328125</ele>
        <time>2026-09-14T23:00:26.000Z</time>
        <extensions>
          <ns3:TrackPointExtension>
            <ns3:hr>152</ns3:hr>
            <ns3:cad>82</ns3:cad>
          </ns3:TrackPointExtension>
        </extensions>
      </trkpt>
      <trkpt lat="23.05060327984392642974853515625" lon="113.30348345451056957244873046875">
        <ele>5.80000019073486328125</ele>
        <time>2026-09-14T23:00:27.000Z</time>
        <extensions>
          <ns3:TrackPointExtension>
            <ns3:hr>152</ns3:hr>
            <ns3:cad>82</ns3:cad>
          </ns3:TrackPointExtension>
        </extensions>
      </trkpt>
      <trkpt lat="23.050596155226230621337890625" lon="113.3034649305045604705810546875">
        <ele>6</ele>
        <time>2026-09-14T23:00:28.000Z</time>
        <extensions>
          <ns3:TrackPointExtension>
            <ns3:hr>152</ns3:hr>
            <ns3:cad>81</ns3:cad>
          </ns3:TrackPointExtension>
        </extensions>
      </trkpt>
      <trkpt lat="23.05059707723557949066162109375" lon="113.3034314028918743133544921875">
        <ele>6</ele>
        <time>2026-09-14T23:00:29.000Z</time>
        <extensions>
          <ns3:TrackPointExtension>
            <ns3:hr>152</ns3:hr>
            <ns3:cad>81</ns3:cad>
          </ns3:TrackPointExtension>
        </extensions>
      </trkpt>
      <trkpt lat="23.0506023578345775604248046875" lon="113.303413800895214080810546875">
        <ele>6</ele>
        <time>2026-09-14T23:00:30.000Z</time>
        <extensions>
          <ns3:TrackPointExtension>
            <ns3:hr>153</ns3:hr>
            <ns3:cad>82</ns3:cad>
          </ns3:TrackPointExtension>
        </extensions>
      </trkpt>
      <trkpt lat="23.05059975944459438323974609375" lon="113.30338622443377971649169921875">
        <ele>6</ele>
        <time>2026-09-14T23:00:31.000Z</time>
        <extensions>
          <ns3:TrackPointExtension>
            <ns3:hr>152</ns3:hr>
            <ns3:cad>82</ns3:cad>
          </ns3:TrackPointExtension>
        </extensions>
      </trkpt>
      <trkpt lat="23.050598166882991790771484375" lon="113.30335672013461589813232421875">
        <ele>6</ele>
        <time>2026-09-14T23:00:32.000Z</time>
        <extensions>
          <ns3:TrackPointExtension>
            <ns3:hr>152</ns3:hr>
            <ns3:cad>82</ns3:cad>
          </ns3:TrackPointExtension>
        </extensions>
      </trkpt>
      <trkpt lat="23.05059473030269145965576171875" lon="113.3033348433673381805419921875">
        <ele>6</ele>
        <time>2026-09-14T23:00:33.000Z</time>
        <extensions>
          <ns3:TrackPointExtension>
            <ns3:hr>153</ns3:hr>
            <ns3:cad>81</ns3:cad>
          </ns3:TrackPointExtension>
        </extensions>
      </trkpt>
      <trkpt lat="23.05058978497982025146484375" lon="113.3033070154488086700439453125">
        <ele>6</ele>
        <time>2026-09-14T23:00:34.000Z</time>
        <extensions>
          <ns3:TrackPointExtension>
            <ns3:hr>153</ns3:hr>
            <ns3:cad>81</ns3:cad>
          </ns3:TrackPointExtension>
        </extensions>
      </trkpt>
      <trkpt lat="23.05059322156012058258056640625" lon="113.3032801933586597442626953125">
        <ele>6</ele>
        <time>2026-09-14T23:00:35.000Z</time>
        <extensions>
          <ns3:TrackPointExtension>
            <ns3:hr>153</ns3:hr>
            <ns3:cad>82</ns3:cad>
          </ns3:TrackPointExtension>
        </extensions>
      </trkpt>
      <trkpt lat="23.05058768950402736663818359375" lon="113.3032597415149211883544921875">
        <ele>6</ele>
        <time>2026-09-14T23:00:36.000Z</time>
        <extensions>
          <ns3:TrackPointExtension>
            <ns3:hr>152</ns3:hr>
            <ns3:cad>82</ns3:cad>
          </ns3:TrackPointExtension>
        </extensions>
      </trkpt>
      <trkpt lat="23.05059112608432769775390625" lon="113.303226716816425323486328125">
        <ele>6</ele>
        <time>2026-09-14T23:00:37.000Z</time>
        <extensions>
          <ns3:TrackPointExtension>
            <ns3:hr>152</ns3:hr>
            <ns3:cad>82</ns3:cad>
          </ns3:TrackPointExtension>
        </extensions>
      </trkpt>
      <trkpt lat="23.05059523321688175201416015625" lon="113.303209953010082244873046875">
        <ele>6</ele>
        <time>2026-09-14T23:00:38.000Z</time>
        <extensions>
          <ns3:TrackPointExtension>
            <ns3:hr>152</ns3:hr>
            <ns3:cad>82</ns3:cad>
          </ns3:TrackPointExtension>
        </extensions>
      </trkpt>
      <trkpt lat="23.0505916289985179901123046875" lon="113.303189165890216827392578125">
        <ele>6</ele>
        <time>2026-09-14T23:00:39.000Z</time>
        <extensions>
          <ns3:TrackPointExtension>
            <ns3:hr>152</ns3:hr>
            <ns3:cad>82</ns3:cad>
          </ns3:TrackPointExtension>
        </extensions>
      </trkpt>
      <trkpt lat="23.0505949817597866058349609375" lon="113.3031566441059112548828125">
        <ele>6</ele>
        <time>2026-09-14T23:00:40.000Z</time>
        <extensions>
          <ns3:TrackPointExtension>
            <ns3:hr>153</ns3:hr>
            <ns3:cad>81</ns3:cad>
          </ns3:TrackPointExtension>
        </extensions>
      </trkpt>
      <trkpt lat="23.0505929701030254364013671875" lon="113.3031380362808704376220703125">
        <ele>6</ele>
        <time>2026-09-14T23:00:41.000Z</time>
        <extensions>
          <ns3:TrackPointExtension>
            <ns3:hr>152</ns3:hr>
            <ns3:cad>81</ns3:cad>
          </ns3:TrackPointExtension>
        </extensions>
      </trkpt>
      <trkpt lat="23.05059104226529598236083984375" lon="113.3031102083623409271240234375">
        <ele>6</ele>
        <time>2026-09-14T23:00:42.000Z</time>
        <extensions>
          <ns3:TrackPointExtension>
            <ns3:hr>152</ns3:hr>
            <ns3:cad>81</ns3:cad>
          </ns3:TrackPointExtension>
        </extensions>
      </trkpt>
      <trkpt lat="23.05059573613107204437255859375" lon="113.30308087170124053955078125">
        <ele>6</ele>
        <time>2026-09-14T23:00:43.000Z</time>
        <extensions>
          <ns3:TrackPointExtension>
            <ns3:hr>152</ns3:hr>
            <ns3:cad>81</ns3:cad>
          </ns3:TrackPointExtension>
        </extensions>
      </trkpt>
      <trkpt lat="23.0505936406552791595458984375" lon="113.30305916257202625274658203125">
        <ele>6</ele>
        <time>2026-09-14T23:00:44.000Z</time>
        <extensions>
          <ns3:TrackPointExtension>
            <ns3:hr>152</ns3:hr>
            <ns3:cad>81</ns3:cad>
          </ns3:TrackPointExtension>
        </extensions>
      </trkpt>
      <trkpt lat="23.0505906231701374053955078125" lon="113.3030237071216106414794921875">
        <ele>6</ele>
        <time>2026-09-14T23:00:45.000Z</time>
        <extensions>
          <ns3:TrackPointExtension>
            <ns3:hr>152</ns3:hr>
            <ns3:cad>81</ns3:cad>
          </ns3:TrackPointExtension>
        </extensions>
      </trkpt>
      <trkpt lat="23.05059104226529598236083984375" lon="113.30299965105950832366943359375">
        <ele>6</ele>
        <time>2026-09-14T23:00:46.000Z</time>
        <extensions>
          <ns3:TrackPointExtension>
            <ns3:hr>151</ns3:hr>
            <ns3:cad>82</ns3:cad>
          </ns3:TrackPointExtension>
        </extensions>
      </trkpt>
      <trkpt lat="23.0505889467895030975341796875" lon="113.30297266133129596710205078125">
        <ele>6</ele>
        <time>2026-09-14T23:00:47.000Z</time>
        <extensions>
          <ns3:TrackPointExtension>
            <ns3:hr>151</ns3:hr>
            <ns3:cad>82</ns3:cad>
          </ns3:TrackPointExtension>
        </extensions>
      </trkpt>
      <trkpt lat="23.05059372447431087493896484375" lon="113.3029465936124324798583984375">
        <ele>6.19999980926513671875</ele>
        <time>2026-09-14T23:00:48.000Z</time>
        <extensions>
          <ns3:TrackPointExtension>
            <ns3:hr>151</ns3:hr>
            <ns3:cad>83</ns3:cad>
          </ns3:TrackPointExtension>
        </extensions>
      </trkpt>
      <trkpt lat="23.05059850215911865234375" lon="113.30292639322578907012939453125">
        <ele>6.19999980926513671875</ele>
        <time>2026-09-14T23:00:49.000Z</time>
        <extensions>
          <ns3:TrackPointExtension>
            <ns3:hr>151</ns3:hr>
            <ns3:cad>83</ns3:cad>
          </ns3:TrackPointExtension>
        </extensions>
      </trkpt>
      <trkpt lat="23.05059758014976978302001953125" lon="113.3029006607830524444580078125">
        <ele>6.19999980926513671875</ele>
        <time>2026-09-14T23:00:50.000Z</time>
        <extensions>
          <ns3:TrackPointExtension>
            <ns3:hr>150</ns3:hr>
            <ns3:cad>82</ns3:cad>
          </ns3:TrackPointExtension>
        </extensions>
      </trkpt>
      <trkpt lat="23.05059774778783321380615234375" lon="113.30286906100809574127197265625">
        <ele>6.19999980926513671875</ele>
        <time>2026-09-14T23:00:51.000Z</time>
        <extensions>
          <ns3:TrackPointExtension>
            <ns3:hr>150</ns3:hr>
            <ns3:cad>82</ns3:cad>
          </ns3:TrackPointExtension>
        </extensions>
      </trkpt>
      <trkpt lat="23.05059405975043773651123046875" lon="113.3028483577072620391845703125">
        <ele>6.19999980926513671875</ele>
        <time>2026-09-14T23:00:52.000Z</time>
        <extensions>
          <ns3:TrackPointExtension>
            <ns3:hr>150</ns3:hr>
            <ns3:cad>82</ns3:cad>
          </ns3:TrackPointExtension>
        </extensions>
      </trkpt>
      <trkpt lat="23.0505929701030254364013671875" lon="113.3028208650648593902587890625">
        <ele>6</ele>
        <time>2026-09-14T23:00:53.000Z</time>
        <extensions>
          <ns3:TrackPointExtension>
            <ns3:hr>150</ns3:hr>
            <ns3:cad>82</ns3:cad>
          </ns3:TrackPointExtension>
        </extensions>
      </trkpt>
      <trkpt lat="23.05060227401554584503173828125" lon="113.30279043875634670257568359375">
        <ele>6</ele>
        <time>2026-09-14T23:00:54.000Z</time>
        <extensions>
          <ns3:TrackPointExtension>
            <ns3:hr>150</ns3:hr>
            <ns3:cad>82</ns3:cad>
          </ns3:TrackPointExtension>
        </extensions>
      </trkpt>
      <trkpt lat="23.05059741251170635223388671875" lon="113.3027692325413227081298828125">
        <ele>6</ele>
        <time>2026-09-14T23:00:55.000Z</time>
        <extensions>
          <ns3:TrackPointExtension>
            <ns3:hr>150</ns3:hr>
            <ns3:cad>81</ns3:cad>
          </ns3:TrackPointExtension>
        </extensions>
      </trkpt>
      <trkpt lat="23.05059489794075489044189453125" lon="113.3027360402047634124755859375">
        <ele>6</ele>
        <time>2026-09-14T23:00:56.000Z</time>
        <extensions>
          <ns3:TrackPointExtension>
            <ns3:hr>150</ns3:hr>
            <ns3:cad>81</ns3:cad>
          </ns3:TrackPointExtension>
        </extensions>
      </trkpt>
      <trkpt lat="23.05060076527297496795654296875" lon="113.30271206796169281005859375">
        <ele>6.19999980926513671875</ele>
        <time>2026-09-14T23:00:57.000Z</time>
        <extensions>
          <ns3:TrackPointExtension>
            <ns3:hr>150</ns3:hr>
            <ns3:cad>81</ns3:cad>
          </ns3:TrackPointExtension>
        </extensions>
      </trkpt>
      <trkpt lat="23.05059917271137237548828125" lon="113.3026860840618610382080078125">
        <ele>6.19999980926513671875</ele>
        <time>2026-09-14T23:00:58.000Z</time>
        <extensions>
          <ns3:TrackPointExtension>
            <ns3:hr>150</ns3:hr>
            <ns3:cad>81</ns3:cad>
          </ns3:TrackPointExtension>
        </extensions>
      </trkpt>
      <trkpt lat="23.050598837435245513916015625" lon="113.30264911986887454986572265625">
        <ele>6.19999980926513671875</ele>
        <time>2026-09-14T23:00:59.000Z</time>
        <extensions>
          <ns3:TrackPointExtension>
            <ns3:hr>150</ns3:hr>
            <ns3:cad>81</ns3:cad>
          </ns3:TrackPointExtension>
        </extensions>
      </trkpt>
      <trkpt lat="23.0506025254726409912109375" lon="113.30263026058673858642578125">
        <ele>6.19999980926513671875</ele>
        <time>2026-09-14T23:01:00.000Z</time>
        <extensions>
          <ns3:TrackPointExtension>
            <ns3:hr>150</ns3:hr>
            <ns3:cad>81</ns3:cad>
          </ns3:TrackPointExtension>
        </extensions>
      </trkpt>
      <trkpt lat="23.0505971610546112060546875" lon="113.3026076294481754302978515625">
        <ele>6.19999980926513671875</ele>
        <time>2026-09-14T23:01:01.000Z</time>
        <extensions>
          <ns3:TrackPointExtension>
            <ns3:hr>150</ns3:hr>
            <ns3:cad>81</ns3:cad>
          </ns3:TrackPointExtension>
        </extensions>
      </trkpt>
      <trkpt lat="23.0505993403494358062744140625" lon="113.30257351510226726531982421875">
        <ele>6.19999980926513671875</ele>
        <time>2026-09-14T23:01:02.000Z</time>
        <extensions>
          <ns3:TrackPointExtension>
            <ns3:hr>150</ns3:hr>
            <ns3:cad>81</ns3:cad>
          </ns3:TrackPointExtension>
        </extensions>
      </trkpt>
      <trkpt lat="23.0505971610546112060546875" lon="113.30256060697138309478759765625">
        <ele>6.19999980926513671875</ele>
        <time>2026-09-14T23:01:03.000Z</time>
        <extensions>
          <ns3:TrackPointExtension>
            <ns3:hr>150</ns3:hr>
            <ns3:cad>81</ns3:cad>
          </ns3:TrackPointExtension>
        </extensions>
      </trkpt>
      <trkpt lat="23.0505943112075328826904296875" lon="113.30253210850059986114501953125">
        <ele>6.19999980926513671875</ele>
        <time>2026-09-14T23:01:04.000Z</time>
        <extensions>
          <ns3:TrackPointExtension>
            <ns3:hr>150</ns3:hr>
            <ns3:cad>81</ns3:cad>
          </ns3:TrackPointExtension>
        </extensions>
      </trkpt>
      <trkpt lat="23.05059154517948627471923828125" lon="113.30250159837305545806884765625">
        <ele>6.19999980926513671875</ele>
        <time>2026-09-14T23:01:05.000Z</time>
        <extensions>
          <ns3:TrackPointExtension>
            <ns3:hr>150</ns3:hr>
            <ns3:cad>81</ns3:cad>
          </ns3:TrackPointExtension>
        </extensions>
      </trkpt>
      <trkpt lat="23.0505909584462642669677734375" lon="113.302482068538665771484375">
        <ele>6</ele>
        <time>2026-09-14T23:01:06.000Z</time>
        <extensions>
          <ns3:TrackPointExtension>
            <ns3:hr>150</ns3:hr>
            <ns3:cad>81</ns3:cad>
          </ns3:TrackPointExtension>
        </extensions>
      </trkpt>
      <trkpt lat="23.0505929701030254364013671875" lon="113.30245231278240680694580078125">
        <ele>6</ele>
        <time>2026-09-14T23:01:07.000Z</time>
        <extensions>
          <ns3:TrackPointExtension>
            <ns3:hr>150</ns3:hr>
            <ns3:cad>81</ns3:cad>
          </ns3:TrackPointExtension>
        </extensions>
      </trkpt>
      <trkpt lat="23.050594814121723175048828125" lon="113.3024228923022747039794921875">
        <ele>6</ele>
        <time>2026-09-14T23:01:08.000Z</time>
        <extensions>
          <ns3:TrackPointExtension>
            <ns3:hr>150</ns3:hr>
            <ns3:cad>82</ns3:cad>
          </ns3:TrackPointExtension>
        </extensions>
      </trkpt>
      <trkpt lat="23.0505892820656299591064453125" lon="113.30240587703883647918701171875">
        <ele>6</ele>
        <time>2026-09-14T23:01:09.000Z</time>
        <extensions>
          <ns3:TrackPointExtension>
            <ns3:hr>150</ns3:hr>
            <ns3:cad>82</ns3:cad>
          </ns3:TrackPointExtension>
        </extensions>
      </trkpt>
      <trkpt lat="23.05058584548532962799072265625" lon="113.30237855203449726104736328125">
        <ele>6</ele>
        <time>2026-09-14T23:01:10.000Z</time>
        <extensions>
          <ns3:TrackPointExtension>
            <ns3:hr>149</ns3:hr>
            <ns3:cad>81</ns3:cad>
          </ns3:TrackPointExtension>
        </extensions>
      </trkpt>
      <trkpt lat="23.0505865998566150665283203125" lon="113.302359022200107574462890625">
        <ele>5.80000019073486328125</ele>
        <time>2026-09-14T23:01:11.000Z</time>
        <extensions>
          <ns3:TrackPointExtension>
            <ns3:hr>149</ns3:hr>
            <ns3:cad>81</ns3:cad>
          </ns3:TrackPointExtension>
        </extensions>
      </trkpt>
      <trkpt lat="23.0505815707147121429443359375" lon="113.30233328975737094879150390625">
        <ele>5.599999904632568359375</ele>
        <time>2026-09-14T23:01:12.000Z</time>
        <extensions>
          <ns3:TrackPointExtension>
            <ns3:hr>149</ns3:hr>
            <ns3:cad>81</ns3:cad>
          </ns3:TrackPointExtension>
        </extensions>
      </trkpt>
      <trkpt lat="23.05057679302990436553955078125" lon="113.3022938109934329986572265625">
        <ele>5.400000095367431640625</ele>
        <time>2026-09-14T23:01:13.000Z</time>
        <extensions>
          <ns3:TrackPointExtension>
            <ns3:hr>149</ns3:hr>
            <ns3:cad>81</ns3:cad>
          </ns3:TrackPointExtension>
        </extensions>
      </trkpt>
      <trkpt lat="23.05057235062122344970703125" lon="113.30227126367390155792236328125">
        <ele>5.19999980926513671875</ele>
        <time>2026-09-14T23:01:14.000Z</time>
        <extensions>
          <ns3:TrackPointExtension>
            <ns3:hr>149</ns3:hr>
            <ns3:cad>81</ns3:cad>
          </ns3:TrackPointExtension>
        </extensions>
      </trkpt>
      <trkpt lat="23.05057075805962085723876953125" lon="113.30223857425153255462646484375">
        <ele>5</ele>
        <time>2026-09-14T23:01:15.000Z</time>
        <extensions>
          <ns3:TrackPointExtension>
            <ns3:hr>149</ns3:hr>
            <ns3:cad>81</ns3:cad>
          </ns3:TrackPointExtension>
        </extensions>
      </trkpt>
      <trkpt lat="23.0505772121250629425048828125" lon="113.302208147943019866943359375">
        <ele>4.80000019073486328125</ele>
        <time>2026-09-14T23:01:16.000Z</time>
        <extensions>
          <ns3:TrackPointExtension>
            <ns3:hr>149</ns3:hr>
            <ns3:cad>81</ns3:cad>
          </ns3:TrackPointExtension>
        </extensions>
      </trkpt>
      <trkpt lat="23.0505775474011898040771484375" lon="113.30218643881380558013916015625">
        <ele>4.80000019073486328125</ele>
        <time>2026-09-14T23:01:17.000Z</time>
        <extensions>
          <ns3:TrackPointExtension>
            <ns3:hr>148</ns3:hr>
            <ns3:cad>81</ns3:cad>
          </ns3:TrackPointExtension>
        </extensions>
      </trkpt>
      <trkpt lat="23.05058148689568042755126953125" lon="113.30215726979076862335205078125">
        <ele>4.80000019073486328125</ele>
        <time>2026-09-14T23:01:18.000Z</time>
        <extensions>
          <ns3:TrackPointExtension>
            <ns3:hr>148</ns3:hr>
            <ns3:cad>82</ns3:cad>
          </ns3:TrackPointExtension>
        </extensions>
      </trkpt>
      <trkpt lat="23.0505876056849956512451171875" lon="113.30214117653667926788330078125">
        <ele>4.80000019073486328125</ele>
        <time>2026-09-14T23:01:19.000Z</time>
        <extensions>
          <ns3:TrackPointExtension>
            <ns3:hr>148</ns3:hr>
            <ns3:cad>82</ns3:cad>
          </ns3:TrackPointExtension>
        </extensions>
      </trkpt>
      <trkpt lat="23.05058366619050502777099609375" lon="113.30211737193167209625244140625">
        <ele>4.80000019073486328125</ele>
        <time>2026-09-14T23:01:20.000Z</time>
        <extensions>
          <ns3:TrackPointExtension>
            <ns3:hr>148</ns3:hr>
            <ns3:cad>82</ns3:cad>
          </ns3:TrackPointExtension>
        </extensions>
      </trkpt>
      <trkpt lat="23.0505837500095367431640625" lon="113.30209205858409404754638671875">
        <ele>5</ele>
        <time>2026-09-14T23:01:21.000Z</time>
        <extensions>
          <ns3:TrackPointExtension>
            <ns3:hr>148</ns3:hr>
            <ns3:cad>82</ns3:cad>
          </ns3:TrackPointExtension>
        </extensions>
      </trkpt>
      <trkpt lat="23.0505917966365814208984375" lon="113.3020731993019580841064453125">
        <ele>5</ele>
        <time>2026-09-14T23:01:22.000Z</time>
        <extensions>
          <ns3:TrackPointExtension>
            <ns3:hr>148</ns3:hr>
            <ns3:cad>82</ns3:cad>
          </ns3:TrackPointExtension>
        </extensions>
      </trkpt>
      <trkpt lat="23.05059405975043773651123046875" lon="113.3020483888685703277587890625">
        <ele>5</ele>
        <time>2026-09-14T23:01:23.000Z</time>
        <extensions>
          <ns3:TrackPointExtension>
            <ns3:hr>149</ns3:hr>
            <ns3:cad>82</ns3:cad>
          </ns3:TrackPointExtension>
        </extensions>
      </trkpt>
      <trkpt lat="23.0505946464836597442626953125" lon="113.30201896838843822479248046875">
        <ele>5</ele>
        <time>2026-09-14T23:01:24.000Z</time>
        <extensions>
          <ns3:TrackPointExtension>
            <ns3:hr>148</ns3:hr>
            <ns3:cad>82</ns3:cad>
          </ns3:TrackPointExtension>
        </extensions>
      </trkpt>
      <trkpt lat="23.05060042999684810638427734375" lon="113.3019930683076381683349609375">
        <ele>4.80000019073486328125</ele>
        <time>2026-09-14T23:01:25.000Z</time>
        <extensions>
          <ns3:TrackPointExtension>
            <ns3:hr>148</ns3:hr>
            <ns3:cad>82</ns3:cad>
          </ns3:TrackPointExtension>
        </extensions>
      </trkpt>
      <trkpt lat="23.0506097339093685150146484375" lon="113.301962055265903472900390625">
        <ele>4.80000019073486328125</ele>
        <time>2026-09-14T23:01:26.000Z</time>
        <extensions>
          <ns3:TrackPointExtension>
            <ns3:hr>149</ns3:hr>
            <ns3:cad>82</ns3:cad>
          </ns3:TrackPointExtension>
        </extensions>
      </trkpt>
      <trkpt lat="23.05061635561287403106689453125" lon="113.3019387535750865936279296875">
        <ele>4.80000019073486328125</ele>
        <time>2026-09-14T23:01:27.000Z</time>
        <extensions>
          <ns3:TrackPointExtension>
            <ns3:hr>148</ns3:hr>
            <ns3:cad>82</ns3:cad>
          </ns3:TrackPointExtension>
        </extensions>
      </trkpt>
      <trkpt lat="23.05061467923223972320556640625" lon="113.30191134475171566009521484375">
        <ele>4.80000019073486328125</ele>
        <time>2026-09-14T23:01:28.000Z</time>
        <extensions>
          <ns3:TrackPointExtension>
            <ns3:hr>148</ns3:hr>
            <ns3:cad>82</ns3:cad>
          </ns3:TrackPointExtension>
        </extensions>
      </trkpt>
      <trkpt lat="23.05062054656445980072021484375" lon="113.30187513493001461029052734375">
        <ele>4.80000019073486328125</ele>
        <time>2026-09-14T23:01:29.000Z</time>
        <extensions>
          <ns3:TrackPointExtension>
            <ns3:hr>149</ns3:hr>
            <ns3:cad>81</ns3:cad>
          </ns3:TrackPointExtension>
        </extensions>
      </trkpt>
      <trkpt lat="23.050628341734409332275390625" lon="113.30185510218143463134765625">
        <ele>4.80000019073486328125</ele>
        <time>2026-09-14T23:01:30.000Z</time>
        <extensions>
          <ns3:TrackPointExtension>
            <ns3:hr>148</ns3:hr>
            <ns3:cad>82</ns3:cad>
          </ns3:TrackPointExtension>
        </extensions>
      </trkpt>
      <trkpt lat="23.0506244860589504241943359375" lon="113.3018351532518863677978515625">
        <ele>5</ele>
        <time>2026-09-14T23:01:31.000Z</time>
        <extensions>
          <ns3:TrackPointExtension>
            <ns3:hr>148</ns3:hr>
            <ns3:cad>82</ns3:cad>
          </ns3:TrackPointExtension>
        </extensions>
      </trkpt>
      <trkpt lat="23.05062490515410900115966796875" lon="113.30180003307759761810302734375">
        <ele>5</ele>
        <time>2026-09-14T23:01:32.000Z</time>
        <extensions>
          <ns3:TrackPointExtension>
            <ns3:hr>148</ns3:hr>
            <ns3:cad>82</ns3:cad>
          </ns3:TrackPointExtension>
        </extensions>
      </trkpt>
      <trkpt lat="23.05062104947865009307861328125" lon="113.30177991650998592376708984375">
        <ele>5</ele>
        <time>2026-09-14T23:01:33.000Z</time>
        <extensions>
          <ns3:TrackPointExtension>
            <ns3:hr>148</ns3:hr>
            <ns3:cad>82</ns3:cad>
          </ns3:TrackPointExtension>
        </extensions>
      </trkpt>
      <trkpt lat="23.05062063038349151611328125" lon="113.3017526753246784210205078125">
        <ele>5</ele>
        <time>2026-09-14T23:01:34.000Z</time>
        <extensions>
          <ns3:TrackPointExtension>
            <ns3:hr>148</ns3:hr>
            <ns3:cad>81</ns3:cad>
          </ns3:TrackPointExtension>
        </extensions>
      </trkpt>
      <trkpt lat="23.05062331259250640869140625" lon="113.3017161302268505096435546875">
        <ele>5</ele>
        <time>2026-09-14T23:01:35.000Z</time>
        <extensions>
          <ns3:TrackPointExtension>
            <ns3:hr>148</ns3:hr>
            <ns3:cad>81</ns3:cad>
          </ns3:TrackPointExtension>
        </extensions>
      </trkpt>
      <trkpt lat="23.05061987601220607757568359375" lon="113.3016993664205074310302734375">
        <ele>5</ele>
        <time>2026-09-14T23:01:36.000Z</time>
        <extensions>
          <ns3:TrackPointExtension>
            <ns3:hr>147</ns3:hr>
            <ns3:cad>81</ns3:cad>
          </ns3:TrackPointExtension>
        </extensions>
      </trkpt>
      <trkpt lat="23.05061132647097110748291015625" lon="113.3016665093600749969482421875">
        <ele>4.80000019073486328125</ele>
        <time>2026-09-14T23:01:37.000Z</time>
        <extensions>
          <ns3:TrackPointExtension>
            <ns3:hr>147</ns3:hr>
            <ns3:cad>81</ns3:cad>
          </ns3:TrackPointExtension>
        </extensions>
      </trkpt>
      <trkpt lat="23.05061099119484424591064453125" lon="113.30163423903286457061767578125">
        <ele>4.80000019073486328125</ele>
        <time>2026-09-14T23:01:38.000Z</time>
        <extensions>
          <ns3:TrackPointExtension>
            <ns3:hr>147</ns3:hr>
            <ns3:cad>81</ns3:cad>
          </ns3:TrackPointExtension>
        </extensions>
      </trkpt>
      <trkpt lat="23.0506083928048610687255859375" lon="113.30161311663687229156494140625">
        <ele>4.80000019073486328125</ele>
        <time>2026-09-14T23:01:39.000Z</time>
        <extensions>
          <ns3:TrackPointExtension>
            <ns3:hr>147</ns3:hr>
            <ns3:cad>81</ns3:cad>
          </ns3:TrackPointExtension>
        </extensions>
      </trkpt>
      <trkpt lat="23.050608225166797637939453125" lon="113.30157908610999584197998046875">
        <ele>4.80000019073486328125</ele>
        <time>2026-09-14T23:01:40.000Z</time>
        <extensions>
          <ns3:TrackPointExtension>
            <ns3:hr>147</ns3:hr>
            <ns3:cad>81</ns3:cad>
          </ns3:TrackPointExtension>
        </extensions>
      </trkpt>
      <trkpt lat="23.0506110750138759613037109375" lon="113.30155360512435436248779296875">
        <ele>4.80000019073486328125</ele>
        <time>2026-09-14T23:01:41.000Z</time>
        <extensions>
          <ns3:TrackPointExtension>
            <ns3:hr>147</ns3:hr>
            <ns3:cad>81</ns3:cad>
          </ns3:TrackPointExtension>
        </extensions>
      </trkpt>
      <trkpt lat="23.05061032064259052276611328125" lon="113.30153382383286952972412109375">
        <ele>5</ele>
        <time>2026-09-14T23:01:42.000Z</time>
        <extensions>
          <ns3:TrackPointExtension>
            <ns3:hr>147</ns3:hr>
            <ns3:cad>81</ns3:cad>
          </ns3:TrackPointExtension>
        </extensions>
      </trkpt>
      <trkpt lat="23.0506124161183834075927734375" lon="113.30151471309363842010498046875">
        <ele>5</ele>
        <time>2026-09-14T23:01:43.000Z</time>
        <extensions>
          <ns3:TrackPointExtension>
            <ns3:hr>147</ns3:hr>
            <ns3:cad>81</ns3:cad>
          </ns3:TrackPointExtension>
        </extensions>
      </trkpt>
      <trkpt lat="23.05061518214643001556396484375" lon="113.3014963567256927490234375">
        <ele>5</ele>
        <time>2026-09-14T23:01:44.000Z</time>
        <extensions>
          <ns3:TrackPointExtension>
            <ns3:hr>146</ns3:hr>
            <ns3:cad>81</ns3:cad>
          </ns3:TrackPointExtension>
        </extensions>
      </trkpt>
      <trkpt lat="23.05061333812773227691650390625" lon="113.3014762401580810546875">
        <ele>5</ele>
        <time>2026-09-14T23:01:45.000Z</time>
        <extensions>
          <ns3:TrackPointExtension>
            <ns3:hr>146</ns3:hr>
            <ns3:cad>81</ns3:cad>
          </ns3:TrackPointExtension>
        </extensions>
      </trkpt>
      <trkpt lat="23.05061233229935169219970703125" lon="113.30145419575273990631103515625">
        <ele>5</ele>
        <time>2026-09-14T23:01:46.000Z</time>
        <extensions>
          <ns3:TrackPointExtension>
            <ns3:hr>146</ns3:hr>
            <ns3:cad>81</ns3:cad>
          </ns3:TrackPointExtension>
        </extensions>
      </trkpt>
      <trkpt lat="23.05060612969100475311279296875" lon="113.30143927596509456634521484375">
        <ele>5</ele>
        <time>2026-09-14T23:01:47.000Z</time>
        <extensions>
          <ns3:TrackPointExtension>
            <ns3:hr>146</ns3:hr>
            <ns3:cad>80</ns3:cad>
          </ns3:TrackPointExtension>
        </extensions>
      </trkpt>
      <trkpt lat="23.0505946464836597442626953125" lon="113.3014220930635929107666015625">
        <ele>5.19999980926513671875</ele>
        <time>2026-09-14T23:01:48.000Z</time>
        <extensions>
          <ns3:TrackPointExtension>
            <ns3:hr>146</ns3:hr>
            <ns3:cad>80</ns3:cad>
          </ns3:TrackPointExtension>
        </extensions>
      </trkpt>
      <trkpt lat="23.05058014579117298126220703125" lon="113.30140843056142330169677734375">
        <ele>5.19999980926513671875</ele>
        <time>2026-09-14T23:01:49.000Z</time>
        <extensions>
          <ns3:TrackPointExtension>
            <ns3:hr>146</ns3:hr>
            <ns3:cad>80</ns3:cad>
          </ns3:TrackPointExtension>
        </extensions>
      </trkpt>
      <trkpt lat="23.05056472308933734893798828125" lon="113.3014024794101715087890625">
        <ele>5.19999980926513671875</ele>
        <time>2026-09-14T23:01:50.000Z</time>
        <extensions>
          <ns3:TrackPointExtension>
            <ns3:hr>146</ns3:hr>
            <ns3:cad>82</ns3:cad>
          </ns3:TrackPointExtension>
        </extensions>
      </trkpt>
      <trkpt lat="23.0505461990833282470703125" lon="113.301394768059253692626953125">
        <ele>5.19999980926513671875</ele>
        <time>2026-09-14T23:01:51.000Z</time>
        <extensions>
          <ns3:TrackPointExtension>
            <ns3:hr>145</ns3:hr>
            <ns3:cad>82</ns3:cad>
          </ns3:TrackPointExtension>
        </extensions>
      </trkpt>
      <trkpt lat="23.05052851326763629913330078125" lon="113.301390074193477630615234375">
        <ele>5.19999980926513671875</ele>
        <time>2026-09-14T23:01:52.000Z</time>
        <extensions>
          <ns3:TrackPointExtension>
            <ns3:hr>145</ns3:hr>
            <ns3:cad>82</ns3:cad>
          </ns3:TrackPointExtension>
        </extensions>
      </trkpt>
      <trkpt lat="23.0505121685564517974853515625" lon="113.3013815246522426605224609375">
        <ele>5.19999980926513671875</ele>
        <time>2026-09-14T23:01:53.000Z</time>
        <extensions>
          <ns3:TrackPointExtension>
            <ns3:hr>145</ns3:hr>
            <ns3:cad>82</ns3:cad>
          </ns3:TrackPointExtension>
        </extensions>
      </trkpt>
      <trkpt lat="23.05049682967364788055419921875" lon="113.30137171782553195953369140625">
        <ele>5.19999980926513671875</ele>
        <time>2026-09-14T23:01:54.000Z</time>
        <extensions>
          <ns3:TrackPointExtension>
            <ns3:hr>145</ns3:hr>
            <ns3:cad>82</ns3:cad>
          </ns3:TrackPointExtension>
        </extensions>
      </trkpt>
      <trkpt lat="23.05047922767698764801025390625" lon="113.30136618576943874359130859375">
        <ele>5.19999980926513671875</ele>
        <time>2026-09-14T23:01:55.000Z</time>
        <extensions>
          <ns3:TrackPointExtension>
            <ns3:hr>145</ns3:hr>
            <ns3:cad>82</ns3:cad>
          </ns3:TrackPointExtension>
        </extensions>
      </trkpt>
      <trkpt lat="23.050461709499359130859375" lon="113.30136115662753582000732421875">
        <ele>5.19999980926513671875</ele>
        <time>2026-09-14T23:01:56.000Z</time>
        <extensions>
          <ns3:TrackPointExtension>
            <ns3:hr>145</ns3:hr>
            <ns3:cad>82</ns3:cad>
          </ns3:TrackPointExtension>
        </extensions>
      </trkpt>
      <trkpt lat="23.0504407547414302825927734375" lon="113.30135260708630084991455078125">
        <ele>5.19999980926513671875</ele>
        <time>2026-09-14T23:01:57.000Z</time>
        <extensions>
          <ns3:TrackPointExtension>
            <ns3:hr>146</ns3:hr>
            <ns3:cad>82</ns3:cad>
          </ns3:TrackPointExtension>
        </extensions>
      </trkpt>
      <trkpt lat="23.05042373947799205780029296875" lon="113.3013459853827953338623046875">
        <ele>5.19999980926513671875</ele>
        <time>2026-09-14T23:01:58.000Z</time>
        <extensions>
          <ns3:TrackPointExtension>
            <ns3:hr>145</ns3:hr>
            <ns3:cad>82</ns3:cad>
          </ns3:TrackPointExtension>
        </extensions>
      </trkpt>
      <trkpt lat="23.05040471255779266357421875" lon="113.30134120769798755645751953125">
        <ele>5.19999980926513671875</ele>
        <time>2026-09-14T23:01:59.000Z</time>
        <extensions>
          <ns3:TrackPointExtension>
            <ns3:hr>146</ns3:hr>
            <ns3:cad>83</ns3:cad>
          </ns3:TrackPointExtension>
        </extensions>
      </trkpt>
      <trkpt lat="23.0503852665424346923828125" lon="113.3013396151363849639892578125">
        <ele>5.19999980926513671875</ele>
        <time>2026-09-14T23:02:00.000Z</time>
        <extensions>
          <ns3:TrackPointExtension>
            <ns3:hr>146</ns3:hr>
            <ns3:cad>83</ns3:cad>
          </ns3:TrackPointExtension>
        </extensions>
      </trkpt>
      <trkpt lat="23.05036640726029872894287109375" lon="113.301336765289306640625">
        <ele>5.19999980926513671875</ele>
        <time>2026-09-14T23:02:01.000Z</time>
        <extensions>
          <ns3:TrackPointExtension>
            <ns3:hr>146</ns3:hr>
            <ns3:cad>83</ns3:cad>
          </ns3:TrackPointExtension>
        </extensions>
      </trkpt>
      <trkpt lat="23.05034712888300418853759765625" lon="113.3013298921287059783935546875">
        <ele>5</ele>
        <time>2026-09-14T23:02:02.000Z</time>
        <extensions>
          <ns3:TrackPointExtension>
            <ns3:hr>146</ns3:hr>
            <ns3:cad>83</ns3:cad>
          </ns3:TrackPointExtension>
        </extensions>
      </trkpt>
      <trkpt lat="23.05032952688634395599365234375" lon="113.30133802257478237152099609375">
        <ele>5</ele>
        <time>2026-09-14T23:02:03.000Z</time>
        <extensions>
          <ns3:TrackPointExtension>
            <ns3:hr>145</ns3:hr>
            <ns3:cad>83</ns3:cad>
          </ns3:TrackPointExtension>
        </extensions>
      </trkpt>
      <trkpt lat="23.0503069795668125152587890625" lon="113.30133835785090923309326171875">
        <ele>5.19999980926513671875</ele>
        <time>2026-09-14T23:02:04.000Z</time>
        <extensions>
          <ns3:TrackPointExtension>
            <ns3:hr>145</ns3:hr>
            <ns3:cad>83</ns3:cad>
          </ns3:TrackPointExtension>
        </extensions>
      </trkpt>
      <trkpt lat="23.0502908863127231597900390625" lon="113.30133450217545032501220703125">
        <ele>5.19999980926513671875</ele>
        <time>2026-09-14T23:02:05.000Z</time>
        <extensions>
          <ns3:TrackPointExtension>
            <ns3:hr>145</ns3:hr>
            <ns3:cad>83</ns3:cad>
          </ns3:TrackPointExtension>
        </extensions>
      </trkpt>
      <trkpt lat="23.05027521215379238128662109375" lon="113.301331736147403717041015625">
        <ele>5.19999980926513671875</ele>
        <time>2026-09-14T23:02:06.000Z</time>
        <extensions>
          <ns3:TrackPointExtension>
            <ns3:hr>145</ns3:hr>
            <ns3:cad>83</ns3:cad>
          </ns3:TrackPointExtension>
        </extensions>
      </trkpt>
      <trkpt lat="23.05025408975780010223388671875" lon="113.3013456501066684722900390625">
        <ele>5.19999980926513671875</ele>
        <time>2026-09-14T23:02:07.000Z</time>
        <extensions>
          <ns3:TrackPointExtension>
            <ns3:hr>145</ns3:hr>
            <ns3:cad>83</ns3:cad>
          </ns3:TrackPointExtension>
        </extensions>
      </trkpt>
      <trkpt lat="23.05023682303726673126220703125" lon="113.30135545693337917327880859375">
        <ele>5</ele>
        <time>2026-09-14T23:02:08.000Z</time>
        <extensions>
          <ns3:TrackPointExtension>
            <ns3:hr>146</ns3:hr>
            <ns3:cad>83</ns3:cad>
          </ns3:TrackPointExtension>
        </extensions>
      </trkpt>
      <trkpt lat="23.05021720938384532928466796875" lon="113.3013677783310413360595703125">
        <ele>4.80000019073486328125</ele>
        <time>2026-09-14T23:02:09.000Z</time>
        <extensions>
          <ns3:TrackPointExtension>
            <ns3:hr>145</ns3:hr>
            <ns3:cad>83</ns3:cad>
          </ns3:TrackPointExtension>
        </extensions>
      </trkpt>
      <trkpt lat="23.050199188292026519775390625" lon="113.301386721432209014892578125">
        <ele>4.80000019073486328125</ele>
        <time>2026-09-14T23:02:10.000Z</time>
        <extensions>
          <ns3:TrackPointExtension>
            <ns3:hr>145</ns3:hr>
            <ns3:cad>83</ns3:cad>
          </ns3:TrackPointExtension>
        </extensions>
      </trkpt>
      <trkpt lat="23.05018971674144268035888671875" lon="113.3014078438282012939453125">
        <ele>4.80000019073486328125</ele>
        <time>2026-09-14T23:02:11.000Z</time>
        <extensions>
          <ns3:TrackPointExtension>
            <ns3:hr>146</ns3:hr>
            <ns3:cad>83</ns3:cad>
          </ns3:TrackPointExtension>
        </extensions>
      </trkpt>
      <trkpt lat="23.05017747916281223297119140625" lon="113.30143667757511138916015625">
        <ele>4.80000019073486328125</ele>
        <time>2026-09-14T23:02:12.000Z</time>
        <extensions>
          <ns3:TrackPointExtension>
            <ns3:hr>145</ns3:hr>
            <ns3:cad>82</ns3:cad>
          </ns3:TrackPointExtension>
        </extensions>
      </trkpt>
      <trkpt lat="23.050162307918071746826171875" lon="113.301457799971103668212890625">
        <ele>4.80000019073486328125</ele>
        <time>2026-09-14T23:02:13.000Z</time>
        <extensions>
          <ns3:TrackPointExtension>
            <ns3:hr>145</ns3:hr>
            <ns3:cad>81</ns3:cad>
          </ns3:TrackPointExtension>
        </extensions>
      </trkpt>
      <trkpt lat="23.050155937671661376953125" lon="113.3014807663857936859130859375">
        <ele>4.80000019073486328125</ele>
        <time>2026-09-14T23:02:14.000Z</time>
        <extensions>
          <ns3:TrackPointExtension>
            <ns3:hr>145</ns3:hr>
            <ns3:cad>81</ns3:cad>
          </ns3:TrackPointExtension>
        </extensions>
      </trkpt>
      <trkpt lat="23.05013716220855712890625" lon="113.30150599591434001922607421875">
        <ele>4.80000019073486328125</ele>
        <time>2026-09-14T23:02:15.000Z</time>
        <extensions>
          <ns3:TrackPointExtension>
            <ns3:hr>146</ns3:hr>
            <ns3:cad>80</ns3:cad>
          </ns3:TrackPointExtension>
        </extensions>
      </trkpt>
      <trkpt lat="23.0501121841371059417724609375" lon="113.30152728594839572906494140625">
        <ele>4.80000019073486328125</ele>
        <time>2026-09-14T23:02:16.000Z</time>
        <extensions>
          <ns3:TrackPointExtension>
            <ns3:hr>146</ns3:hr>
            <ns3:cad>80</ns3:cad>
          </ns3:TrackPointExtension>
        </extensions>
      </trkpt>
      <trkpt lat="23.0500940792262554168701171875" lon="113.30153985880315303802490234375">
        <ele>4.80000019073486328125</ele>
        <time>2026-09-14T23:02:17.000Z</time>
        <extensions>
          <ns3:TrackPointExtension>
            <ns3:hr>146</ns3:hr>
            <ns3:cad>81</ns3:cad>
          </ns3:TrackPointExtension>
        </extensions>
      </trkpt>
      <trkpt lat="23.0500625632703304290771484375" lon="113.3015419542789459228515625">
        <ele>4.80000019073486328125</ele>
        <time>2026-09-14T23:02:18.000Z</time>
        <extensions>
          <ns3:TrackPointExtension>
            <ns3:hr>145</ns3:hr>
            <ns3:cad>81</ns3:cad>
          </ns3:TrackPointExtension>
        </extensions>
      </trkpt>
      <trkpt lat="23.05003750137984752655029296875" lon="113.3015478216111660003662109375">
        <ele>4.80000019073486328125</ele>
        <time>2026-09-14T23:02:19.000Z</time>
        <extensions>
          <ns3:TrackPointExtension>
            <ns3:hr>146</ns3:hr>
            <ns3:cad>80</ns3:cad>
          </ns3:TrackPointExtension>
        </extensions>
      </trkpt>
      <trkpt lat="23.05001403205096721649169921875" lon="113.30154757015407085418701171875">
        <ele>4.80000019073486328125</ele>
        <time>2026-09-14T23:02:20.000Z</time>
        <extensions>
          <ns3:TrackPointExtension>
            <ns3:hr>146</ns3:hr>
            <ns3:cad>80</ns3:cad>
          </ns3:TrackPointExtension>
        </extensions>
      </trkpt>
      <trkpt lat="23.0499851144850254058837890625" lon="113.30153323709964752197265625">
        <ele>4.80000019073486328125</ele>
        <time>2026-09-14T23:02:21.000Z</time>
        <extensions>
          <ns3:TrackPointExtension>
            <ns3:hr>146</ns3:hr>
            <ns3:cad>80</ns3:cad>
          </ns3:TrackPointExtension>
        </extensions>
      </trkpt>
      <trkpt lat="23.0499589629471302032470703125" lon="113.30153315328061580657958984375">
        <ele>4.80000019073486328125</ele>
        <time>2026-09-14T23:02:22.000Z</time>
        <extensions>
          <ns3:TrackPointExtension>
            <ns3:hr>145</ns3:hr>
            <ns3:cad>80</ns3:cad>
          </ns3:TrackPointExtension>
        </extensions>
      </trkpt>
      <trkpt lat="23.0499338172376155853271484375" lon="113.301529549062252044677734375">
        <ele>5</ele>
        <time>2026-09-14T23:02:23.000Z</time>
        <extensions>
          <ns3:TrackPointExtension>
            <ns3:hr>146</ns3:hr>
            <ns3:cad>81</ns3:cad>
          </ns3:TrackPointExtension>
        </extensions>
      </trkpt>
      <trkpt lat="23.0499002896249294281005859375" lon="113.30151957459747791290283203125">
        <ele>5</ele>
        <time>2026-09-14T23:02:24.000Z</time>
        <extensions>
          <ns3:TrackPointExtension>
            <ns3:hr>146</ns3:hr>
            <ns3:cad>81</ns3:cad>
          </ns3:TrackPointExtension>
        </extensions>
      </trkpt>
      <trkpt lat="23.04987874813377857208251953125" lon="113.3015204966068267822265625">
        <ele>4.80000019073486328125</ele>
        <time>2026-09-14T23:02:25.000Z</time>
        <extensions>
          <ns3:TrackPointExtension>
            <ns3:hr>146</ns3:hr>
            <ns3:cad>81</ns3:cad>
          </ns3:TrackPointExtension>
        </extensions>
      </trkpt>
      <trkpt lat="23.0498493276536464691162109375" lon="113.30151840113103389739990234375">
        <ele>4.80000019073486328125</ele>
        <time>2026-09-14T23:02:26.000Z</time>
        <extensions>
          <ns3:TrackPointExtension>
            <ns3:hr>146</ns3:hr>
            <ns3:cad>81</ns3:cad>
          </ns3:TrackPointExtension>
        </extensions>
      </trkpt>
      <trkpt lat="23.049823343753814697265625" lon="113.30151186324656009674072265625">
        <ele>5</ele>
        <time>2026-09-14T23:02:27.000Z</time>
        <extensions>
          <ns3:TrackPointExtension>
            <ns3:hr>146</ns3:hr>
            <ns3:cad>81</ns3:cad>
          </ns3:TrackPointExtension>
        </extensions>
      </trkpt>
      <trkpt lat="23.04980616085231304168701171875" lon="113.30151580274105072021484375">
        <ele>5</ele>
        <time>2026-09-14T23:02:28.000Z</time>
        <extensions>
          <ns3:TrackPointExtension>
            <ns3:hr>146</ns3:hr>
            <ns3:cad>81</ns3:cad>
          </ns3:TrackPointExtension>
        </extensions>
      </trkpt>
      <trkpt lat="23.0497816018760204315185546875" lon="113.30151571892201900482177734375">
        <ele>5</ele>
        <time>2026-09-14T23:02:29.000Z</time>
        <extensions>
          <ns3:TrackPointExtension>
            <ns3:hr>146</ns3:hr>
            <ns3:cad>81</ns3:cad>
          </ns3:TrackPointExtension>
        </extensions>
      </trkpt>
      <trkpt lat="23.0497581325471401214599609375" lon="113.3015163056552410125732421875">
        <ele>5</ele>
        <time>2026-09-14T23:02:30.000Z</time>
        <extensions>
          <ns3:TrackPointExtension>
            <ns3:hr>146</ns3:hr>
            <ns3:cad>81</ns3:cad>
          </ns3:TrackPointExtension>
        </extensions>
      </trkpt>
      <trkpt lat="23.04973776452243328094482421875" lon="113.30152510665357112884521484375">
        <ele>4.80000019073486328125</ele>
        <time>2026-09-14T23:02:31.000Z</time>
        <extensions>
          <ns3:TrackPointExtension>
            <ns3:hr>146</ns3:hr>
            <ns3:cad>80</ns3:cad>
          </ns3:TrackPointExtension>
        </extensions>
      </trkpt>
      <trkpt lat="23.04971295408904552459716796875" lon="113.30152259208261966705322265625">
        <ele>4.80000019073486328125</ele>
        <time>2026-09-14T23:02:32.000Z</time>
        <extensions>
          <ns3:TrackPointExtension>
            <ns3:hr>146</ns3:hr>
            <ns3:cad>80</ns3:cad>
          </ns3:TrackPointExtension>
        </extensions>
      </trkpt>
      <trkpt lat="23.04969099350273609161376953125" lon="113.3015233464539051055908203125">
        <ele>4.80000019073486328125</ele>
        <time>2026-09-14T23:02:33.000Z</time>
        <extensions>
          <ns3:TrackPointExtension>
            <ns3:hr>146</ns3:hr>
            <ns3:cad>81</ns3:cad>
          </ns3:TrackPointExtension>
        </extensions>
      </trkpt>
      <trkpt lat="23.04967372678220272064208984375" lon="113.30151974223554134368896484375">
        <ele>4.80000019073486328125</ele>
        <time>2026-09-14T23:02:34.000Z</time>
        <extensions>
          <ns3:TrackPointExtension>
            <ns3:hr>146</ns3:hr>
            <ns3:cad>81</ns3:cad>
          </ns3:TrackPointExtension>
        </extensions>
      </trkpt>
      <trkpt lat="23.04964640177786350250244140625" lon="113.30151848495006561279296875">
        <ele>4.80000019073486328125</ele>
        <time>2026-09-14T23:02:35.000Z</time>
        <extensions>
          <ns3:TrackPointExtension>
            <ns3:hr>147</ns3:hr>
            <ns3:cad>81</ns3:cad>
          </ns3:TrackPointExtension>
        </extensions>
      </trkpt>
      <trkpt lat="23.04963433183729648590087890625" lon="113.30151404254138469696044921875">
        <ele>4.80000019073486328125</ele>
        <time>2026-09-14T23:02:36.000Z</time>
        <extensions>
          <ns3:TrackPointExtension>
            <ns3:hr>147</ns3:hr>
            <ns3:cad>81</ns3:cad>
          </ns3:TrackPointExtension>
        </extensions>
      </trkpt>
      <trkpt lat="23.04961706511676311492919921875" lon="113.301512114703655242919921875">
        <ele>4.80000019073486328125</ele>
        <time>2026-09-14T23:02:37.000Z</time>
        <extensions>
          <ns3:TrackPointExtension>
            <ns3:hr>147</ns3:hr>
            <ns3:cad>81</ns3:cad>
          </ns3:TrackPointExtension>
        </extensions>
      </trkpt>
      <trkpt lat="23.0495911650359630584716796875" lon="113.3015209995210170745849609375">
        <ele>4.80000019073486328125</ele>
        <time>2026-09-14T23:02:38.000Z</time>
        <extensions>
          <ns3:TrackPointExtension>
            <ns3:hr>147</ns3:hr>
            <ns3:cad>81</ns3:cad>
          </ns3:TrackPointExtension>
        </extensions>
      </trkpt>
      <trkpt lat="23.0495752394199371337890625" lon="113.30153432674705982208251953125">
        <ele>5</ele>
        <time>2026-09-14T23:02:39.000Z</time>
        <extensions>
          <ns3:TrackPointExtension>
            <ns3:hr>147</ns3:hr>
            <ns3:cad>81</ns3:cad>
          </ns3:TrackPointExtension>
        </extensions>
      </trkpt>
      <trkpt lat="23.04955319501459598541259765625" lon="113.30153700895607471466064453125">
        <ele>5.19999980926513671875</ele>
        <time>2026-09-14T23:02:40.000Z</time>
        <extensions>
          <ns3:TrackPointExtension>
            <ns3:hr>147</ns3:hr>
            <ns3:cad>81</ns3:cad>
          </ns3:TrackPointExtension>
        </extensions>
      </trkpt>
      <trkpt lat="23.0495365150272846221923828125" lon="113.3015384338796138763427734375">
        <ele>5.19999980926513671875</ele>
        <time>2026-09-14T23:02:41.000Z</time>
        <extensions>
          <ns3:TrackPointExtension>
            <ns3:hr>147</ns3:hr>
            <ns3:cad>81</ns3:cad>
          </ns3:TrackPointExtension>
        </extensions>
      </trkpt>
      <trkpt lat="23.049526624381542205810546875" lon="113.3015404455363750457763671875">
        <ele>5.19999980926513671875</ele>
        <time>2026-09-14T23:02:42.000Z</time>
        <extensions>
          <ns3:TrackPointExtension>
            <ns3:hr>147</ns3:hr>
            <ns3:cad>82</ns3:cad>
          </ns3:TrackPointExtension>
        </extensions>
      </trkpt>
      <trkpt lat="23.04950089193880558013916015625" lon="113.30154153518378734588623046875">
        <ele>5.19999980926513671875</ele>
        <time>2026-09-14T23:02:43.000Z</time>
        <extensions>
          <ns3:TrackPointExtension>
            <ns3:hr>147</ns3:hr>
            <ns3:cad>82</ns3:cad>
          </ns3:TrackPointExtension>
        </extensions>
      </trkpt>
      <trkpt lat="23.0494920909404754638671875" lon="113.3015481568872928619384765625">
        <ele>5</ele>
        <time>2026-09-14T23:02:44.000Z</time>
        <extensions>
          <ns3:TrackPointExtension>
            <ns3:hr>147</ns3:hr>
            <ns3:cad>82</ns3:cad>
          </ns3:TrackPointExtension>
        </extensions>
      </trkpt>
      <trkpt lat="23.0494785122573375701904296875" lon="113.301556371152400970458984375">
        <ele>5</ele>
        <time>2026-09-14T23:02:45.000Z</time>
        <extensions>
          <ns3:TrackPointExtension>
            <ns3:hr>147</ns3:hr>
            <ns3:cad>81</ns3:cad>
          </ns3:TrackPointExtension>
        </extensions>
      </trkpt>
      <trkpt lat="23.04944984614849090576171875" lon="113.30157875083386898040771484375">
        <ele>5</ele>
        <time>2026-09-14T23:02:46.000Z</time>
        <extensions>
          <ns3:TrackPointExtension>
            <ns3:hr>147</ns3:hr>
            <ns3:cad>81</ns3:cad>
          </ns3:TrackPointExtension>
        </extensions>
      </trkpt>
      <trkpt lat="23.04943836294114589691162109375" lon="113.30158394761383533477783203125">
        <ele>5</ele>
        <time>2026-09-14T23:02:47.000Z</time>
        <extensions>
          <ns3:TrackPointExtension>
            <ns3:hr>147</ns3:hr>
            <ns3:cad>82</ns3:cad>
          </ns3:TrackPointExtension>
        </extensions>
      </trkpt>
      <trkpt lat="23.0494134686887264251708984375" lon="113.30159601755440235137939453125">
        <ele>5.19999980926513671875</ele>
        <time>2026-09-14T23:02:48.000Z</time>
        <extensions>
          <ns3:TrackPointExtension>
            <ns3:hr>147</ns3:hr>
            <ns3:cad>82</ns3:cad>
          </ns3:TrackPointExtension>
        </extensions>
      </trkpt>
      <trkpt lat="23.04939511232078075408935546875" lon="113.30161429010331630706787109375">
        <ele>5.19999980926513671875</ele>
        <time>2026-09-14T23:02:49.000Z</time>
        <extensions>
          <ns3:TrackPointExtension>
            <ns3:hr>147</ns3:hr>
            <ns3:cad>82</ns3:cad>
          </ns3:TrackPointExtension>
        </extensions>
      </trkpt>
      <trkpt lat="23.04937901906669139862060546875" lon="113.30162309110164642333984375">
        <ele>5.19999980926513671875</ele>
        <time>2026-09-14T23:02:50.000Z</time>
        <extensions>
          <ns3:TrackPointExtension>
            <ns3:hr>147</ns3:hr>
            <ns3:cad>82</ns3:cad>
          </ns3:TrackPointExtension>
        </extensions>
      </trkpt>
      <trkpt lat="23.04935462772846221923828125" lon="113.30163440667092800140380859375">
        <ele>5.19999980926513671875</ele>
        <time>2026-09-14T23:02:51.000Z</time>
        <extensions>
          <ns3:TrackPointExtension>
            <ns3:hr>147</ns3:hr>
            <ns3:cad>82</ns3:cad>
          </ns3:TrackPointExtension>
        </extensions>
      </trkpt>
      <trkpt lat="23.0493350140750408172607421875" lon="113.30164027400314807891845703125">
        <ele>5.19999980926513671875</ele>
        <time>2026-09-14T23:02:52.000Z</time>
        <extensions>
          <ns3:TrackPointExtension>
            <ns3:hr>147</ns3:hr>
            <ns3:cad>82</ns3:cad>
          </ns3:TrackPointExtension>
        </extensions>
      </trkpt>
      <trkpt lat="23.04932151921093463897705078125" lon="113.30164731480181217193603515625">
        <ele>5.19999980926513671875</ele>
        <time>2026-09-14T23:02:53.000Z</time>
        <extensions>
          <ns3:TrackPointExtension>
            <ns3:hr>147</ns3:hr>
            <ns3:cad>82</ns3:cad>
          </ns3:TrackPointExtension>
        </extensions>
      </trkpt>
      <trkpt lat="23.04929352365434169769287109375" lon="113.30165636725723743438720703125">
        <ele>5.19999980926513671875</ele>
        <time>2026-09-14T23:02:54.000Z</time>
        <extensions>
          <ns3:TrackPointExtension>
            <ns3:hr>146</ns3:hr>
            <ns3:cad>81</ns3:cad>
          </ns3:TrackPointExtension>
        </extensions>
      </trkpt>
      <trkpt lat="23.04927684366703033447265625" lon="113.30165955238044261932373046875">
        <ele>5.19999980926513671875</ele>
        <time>2026-09-14T23:02:55.000Z</time>
        <extensions>
          <ns3:TrackPointExtension>
            <ns3:hr>145</ns3:hr>
            <ns3:cad>81</ns3:cad>
          </ns3:TrackPointExtension>
        </extensions>
      </trkpt>
      <trkpt lat="23.049260415136814117431640625" lon="113.301665671169757843017578125">
        <ele>5.19999980926513671875</ele>
        <time>2026-09-14T23:02:56.000Z</time>
        <extensions>
          <ns3:TrackPointExtension>
            <ns3:hr>143</ns3:hr>
            <ns3:cad>81</ns3:cad>
          </ns3:TrackPointExtension>
        </extensions>
      </trkpt>
      <trkpt lat="23.0492345988750457763671875" lon="113.30167137086391448974609375">
        <ele>5.19999980926513671875</ele>
        <time>2026-09-14T23:02:57.000Z</time>
        <extensions>
          <ns3:TrackPointExtension>
            <ns3:hr>143</ns3:hr>
            <ns3:cad>80</ns3:cad>
          </ns3:TrackPointExtension>
        </extensions>
      </trkpt>
      <trkpt lat="23.04921825416386127471923828125" lon="113.30167472362518310546875">
        <ele>5.19999980926513671875</ele>
        <time>2026-09-14T23:02:58.000Z</time>
        <extensions>
          <ns3:TrackPointExtension>
            <ns3:hr>143</ns3:hr>
            <ns3:cad>80</ns3:cad>
          </ns3:TrackPointExtension>
        </extensions>
      </trkpt>
      <trkpt lat="23.04920174181461334228515625" lon="113.30168503336608409881591796875">
        <ele>5</ele>
        <time>2026-09-14T23:02:59.000Z</time>
        <extensions>
          <ns3:TrackPointExtension>
            <ns3:hr>143</ns3:hr>
            <ns3:cad>80</ns3:cad>
          </ns3:TrackPointExtension>
        </extensions>
      </trkpt>
      <trkpt lat="23.0491737462580204010009765625" lon="113.3016919903457164764404296875">
        <ele>5</ele>
        <time>2026-09-14T23:03:00.000Z</time>
        <extensions>
          <ns3:TrackPointExtension>
            <ns3:hr>142</ns3:hr>
            <ns3:cad>81</ns3:cad>
          </ns3:TrackPointExtension>
        </extensions>
      </trkpt>
      <trkpt lat="23.04915614426136016845703125" lon="113.3017010428011417388916015625">
        <ele>5</ele>
        <time>2026-09-14T23:03:01.000Z</time>
        <extensions>
          <ns3:TrackPointExtension>
            <ns3:hr>143</ns3:hr>
            <ns3:cad>81</ns3:cad>
          </ns3:TrackPointExtension>
        </extensions>
      </trkpt>
      <trkpt lat="23.04912957362830638885498046875" lon="113.3017136156558990478515625">
        <ele>5</ele>
        <time>2026-09-14T23:03:02.000Z</time>
        <extensions>
          <ns3:TrackPointExtension>
            <ns3:hr>143</ns3:hr>
            <ns3:cad>81</ns3:cad>
          </ns3:TrackPointExtension>
        </extensions>
      </trkpt>
      <trkpt lat="23.04910224862396717071533203125" lon="113.301719985902309417724609375">
        <ele>5</ele>
        <time>2026-09-14T23:03:03.000Z</time>
        <extensions>
          <ns3:TrackPointExtension>
            <ns3:hr>143</ns3:hr>
            <ns3:cad>81</ns3:cad>
          </ns3:TrackPointExtension>
        </extensions>
      </trkpt>
      <trkpt lat="23.049084730446338653564453125" lon="113.301724679768085479736328125">
        <ele>5</ele>
        <time>2026-09-14T23:03:04.000Z</time>
        <extensions>
          <ns3:TrackPointExtension>
            <ns3:hr>144</ns3:hr>
            <ns3:cad>82</ns3:cad>
          </ns3:TrackPointExtension>
        </extensions>
      </trkpt>
      <trkpt lat="23.049055226147174835205078125" lon="113.3017214946448802947998046875">
        <ele>5</ele>
        <time>2026-09-14T23:03:05.000Z</time>
        <extensions>
          <ns3:TrackPointExtension>
            <ns3:hr>144</ns3:hr>
            <ns3:cad>82</ns3:cad>
          </ns3:TrackPointExtension>
        </extensions>
      </trkpt>
      <trkpt lat="23.04903066717088222503662109375" lon="113.30171487294137477874755859375">
        <ele>5</ele>
        <time>2026-09-14T23:03:06.000Z</time>
        <extensions>
          <ns3:TrackPointExtension>
            <ns3:hr>144</ns3:hr>
            <ns3:cad>81</ns3:cad>
          </ns3:TrackPointExtension>
        </extensions>
      </trkpt>
      <trkpt lat="23.0490087904036045074462890625" lon="113.30171839334070682525634765625">
        <ele>4.80000019073486328125</ele>
        <time>2026-09-14T23:03:07.000Z</time>
        <extensions>
          <ns3:TrackPointExtension>
            <ns3:hr>144</ns3:hr>
            <ns3:cad>81</ns3:cad>
          </ns3:TrackPointExtension>
        </extensions>
      </trkpt>
      <trkpt lat="23.04897283203899860382080078125" lon="113.3017094247043132781982421875">
        <ele>4.80000019073486328125</ele>
        <time>2026-09-14T23:03:08.000Z</time>
        <extensions>
          <ns3:TrackPointExtension>
            <ns3:hr>144</ns3:hr>
            <ns3:cad>80</ns3:cad>
          </ns3:TrackPointExtension>
        </extensions>
      </trkpt>
      <trkpt lat="23.04895187728106975555419921875" lon="113.3017047308385372161865234375">
        <ele>4.80000019073486328125</ele>
        <time>2026-09-14T23:03:09.000Z</time>
        <extensions>
          <ns3:TrackPointExtension>
            <ns3:hr>144</ns3:hr>
            <ns3:cad>80</ns3:cad>
          </ns3:TrackPointExtension>
        </extensions>
      </trkpt>
      <trkpt lat="23.0489310063421726226806640625" lon="113.301704227924346923828125">
        <ele>4.80000019073486328125</ele>
        <time>2026-09-14T23:03:10.000Z</time>
        <extensions>
          <ns3:TrackPointExtension>
            <ns3:hr>144</ns3:hr>
            <ns3:cad>81</ns3:cad>
          </ns3:TrackPointExtension>
        </extensions>
      </trkpt>
      <trkpt lat="23.0489058606326580047607421875" lon="113.30168335698544979095458984375">
        <ele>4.80000019073486328125</ele>
        <time>2026-09-14T23:03:11.000Z</time>
        <extensions>
          <ns3:TrackPointExtension>
            <ns3:hr>144</ns3:hr>
            <ns3:cad>81</ns3:cad>
          </ns3:TrackPointExtension>
        </extensions>
      </trkpt>
      <trkpt lat="23.04889001883566379547119140625" lon="113.3016665093600749969482421875">
        <ele>5</ele>
        <time>2026-09-14T23:03:12.000Z</time>
        <extensions>
          <ns3:TrackPointExtension>
            <ns3:hr>144</ns3:hr>
            <ns3:cad>81</ns3:cad>
          </ns3:TrackPointExtension>
        </extensions>
      </trkpt>
      <trkpt lat="23.04886914789676666259765625" lon="113.3016624860465526580810546875">
        <ele>5</ele>
        <time>2026-09-14T23:03:13.000Z</time>
        <extensions>
          <ns3:TrackPointExtension>
            <ns3:hr>144</ns3:hr>
            <ns3:cad>81</ns3:cad>
          </ns3:TrackPointExtension>
        </extensions>
      </trkpt>
      <trkpt lat="23.0488468520343303680419921875" lon="113.30163306556642055511474609375">
        <ele>4.80000019073486328125</ele>
        <time>2026-09-14T23:03:14.000Z</time>
        <extensions>
          <ns3:TrackPointExtension>
            <ns3:hr>145</ns3:hr>
            <ns3:cad>81</ns3:cad>
          </ns3:TrackPointExtension>
        </extensions>
      </trkpt>
      <trkpt lat="23.04883218370378017425537109375" lon="113.301616050302982330322265625">
        <ele>4.80000019073486328125</ele>
        <time>2026-09-14T23:03:15.000Z</time>
        <extensions>
          <ns3:TrackPointExtension>
            <ns3:hr>144</ns3:hr>
            <ns3:cad>81</ns3:cad>
          </ns3:TrackPointExtension>
        </extensions>
      </trkpt>
      <trkpt lat="23.0488183535635471343994140625" lon="113.301584534347057342529296875">
        <ele>4.80000019073486328125</ele>
        <time>2026-09-14T23:03:16.000Z</time>
        <extensions>
          <ns3:TrackPointExtension>
            <ns3:hr>144</ns3:hr>
            <ns3:cad>80</ns3:cad>
          </ns3:TrackPointExtension>
        </extensions>
      </trkpt>
      <trkpt lat="23.04881810210645198822021484375" lon="113.301548995077610015869140625">
        <ele>4.80000019073486328125</ele>
        <time>2026-09-14T23:03:17.000Z</time>
        <extensions>
          <ns3:TrackPointExtension>
            <ns3:hr>144</ns3:hr>
            <ns3:cad>80</ns3:cad>
          </ns3:TrackPointExtension>
        </extensions>
      </trkpt>
      <trkpt lat="23.048815838992595672607421875" lon="113.30152250826358795166015625">
        <ele>4.599999904632568359375</ele>
        <time>2026-09-14T23:03:18.000Z</time>
        <extensions>
          <ns3:TrackPointExtension>
            <ns3:hr>144</ns3:hr>
            <ns3:cad>80</ns3:cad>
          </ns3:TrackPointExtension>
        </extensions>
      </trkpt>
      <trkpt lat="23.04881240241229534149169921875" lon="113.3014936745166778564453125">
        <ele>4.599999904632568359375</ele>
        <time>2026-09-14T23:03:19.000Z</time>
        <extensions>
          <ns3:TrackPointExtension>
            <ns3:hr>143</ns3:hr>
            <ns3:cad>81</ns3:cad>
          </ns3:TrackPointExtension>
        </extensions>
      </trkpt>
      <trkpt lat="23.048811815679073333740234375" lon="113.30146618187427520751953125">
        <ele>4.80000019073486328125</ele>
        <time>2026-09-14T23:03:20.000Z</time>
        <extensions>
          <ns3:TrackPointExtension>
            <ns3:hr>143</ns3:hr>
            <ns3:cad>81</ns3:cad>
          </ns3:TrackPointExtension>
        </extensions>
      </trkpt>
      <trkpt lat="23.04880217649042606353759765625" lon="113.30145268701016902923583984375">
        <ele>4.80000019073486328125</ele>
        <time>2026-09-14T23:03:21.000Z</time>
        <extensions>
          <ns3:TrackPointExtension>
            <ns3:hr>143</ns3:hr>
            <ns3:cad>81</ns3:cad>
          </ns3:TrackPointExtension>
        </extensions>
      </trkpt>
      <trkpt lat="23.0487891845405101776123046875" lon="113.30142402090132236480712890625">
        <ele>4.80000019073486328125</ele>
        <time>2026-09-14T23:03:22.000Z</time>
        <extensions>
          <ns3:TrackPointExtension>
            <ns3:hr>143</ns3:hr>
            <ns3:cad>81</ns3:cad>
          </ns3:TrackPointExtension>
        </extensions>
      </trkpt>
      <trkpt lat="23.04877719841897487640380859375" lon="113.30140423960983753204345703125">
        <ele>4.80000019073486328125</ele>
        <time>2026-09-14T23:03:23.000Z</time>
        <extensions>
          <ns3:TrackPointExtension>
            <ns3:hr>143</ns3:hr>
            <ns3:cad>81</ns3:cad>
          </ns3:TrackPointExtension>
        </extensions>
      </trkpt>
      <trkpt lat="23.04876294918358325958251953125" lon="113.3013848774135112762451171875">
        <ele>5</ele>
        <time>2026-09-14T23:03:24.000Z</time>
        <extensions>
          <ns3:TrackPointExtension>
            <ns3:hr>143</ns3:hr>
            <ns3:cad>81</ns3:cad>
          </ns3:TrackPointExtension>
        </extensions>
      </trkpt>
      <trkpt lat="23.04874836467206478118896484375" lon="113.30135797150433063507080078125">
        <ele>5</ele>
        <time>2026-09-14T23:03:25.000Z</time>
        <extensions>
          <ns3:TrackPointExtension>
            <ns3:hr>143</ns3:hr>
            <ns3:cad>81</ns3:cad>
          </ns3:TrackPointExtension>
        </extensions>
      </trkpt>
      <trkpt lat="23.0487375520169734954833984375" lon="113.3013429678976535797119140625">
        <ele>4.80000019073486328125</ele>
        <time>2026-09-14T23:03:26.000Z</time>
        <extensions>
          <ns3:TrackPointExtension>
            <ns3:hr>143</ns3:hr>
            <ns3:cad>81</ns3:cad>
          </ns3:TrackPointExtension>
        </extensions>
      </trkpt>
      <trkpt lat="23.04871785454452037811279296875" lon="113.301334083080291748046875">
        <ele>4.80000019073486328125</ele>
        <time>2026-09-14T23:03:27.000Z</time>
        <extensions>
          <ns3:TrackPointExtension>
            <ns3:hr>143</ns3:hr>
            <ns3:cad>81</ns3:cad>
          </ns3:TrackPointExtension>
        </extensions>
      </trkpt>
      <trkpt lat="23.04869673214852809906005859375" lon="113.30131731927394866943359375">
        <ele>4.80000019073486328125</ele>
        <time>2026-09-14T23:03:28.000Z</time>
        <extensions>
          <ns3:TrackPointExtension>
            <ns3:hr>143</ns3:hr>
            <ns3:cad>82</ns3:cad>
          </ns3:TrackPointExtension>
        </extensions>
      </trkpt>
      <trkpt lat="23.0486795492470264434814453125" lon="113.30131019465625286102294921875">
        <ele>4.599999904632568359375</ele>
        <time>2026-09-14T23:03:29.000Z</time>
        <extensions>
          <ns3:TrackPointExtension>
            <ns3:hr>144</ns3:hr>
            <ns3:cad>82</ns3:cad>
          </ns3:TrackPointExtension>
        </extensions>
      </trkpt>
      <trkpt lat="23.048661611974239349365234375" lon="113.30130315385758876800537109375">
        <ele>4.599999904632568359375</ele>
        <time>2026-09-14T23:03:30.000Z</time>
        <extensions>
          <ns3:TrackPointExtension>
            <ns3:hr>144</ns3:hr>
            <ns3:cad>82</ns3:cad>
          </ns3:TrackPointExtension>
        </extensions>
      </trkpt>
      <trkpt lat="23.048638813197612762451171875" lon="113.30129711888730525970458984375">
        <ele>4.599999904632568359375</ele>
        <time>2026-09-14T23:03:31.000Z</time>
        <extensions>
          <ns3:TrackPointExtension>
            <ns3:hr>145</ns3:hr>
            <ns3:cad>81</ns3:cad>
          </ns3:TrackPointExtension>
        </extensions>
      </trkpt>
      <trkpt lat="23.04862515069544315338134765625" lon="113.3013032376766204833984375">
        <ele>4.599999904632568359375</ele>
        <time>2026-09-14T23:03:32.000Z</time>
        <extensions>
          <ns3:TrackPointExtension>
            <ns3:hr>145</ns3:hr>
            <ns3:cad>81</ns3:cad>
          </ns3:TrackPointExtension>
        </extensions>
      </trkpt>
      <trkpt lat="23.04860151372849941253662109375" lon="113.30130265094339847564697265625">
        <ele>4.599999904632568359375</ele>
        <time>2026-09-14T23:03:33.000Z</time>
        <extensions>
          <ns3:TrackPointExtension>
            <ns3:hr>145</ns3:hr>
            <ns3:cad>81</ns3:cad>
          </ns3:TrackPointExtension>
        </extensions>
      </trkpt>
      <trkpt lat="23.04858391173183917999267578125" lon="113.30129644833505153656005859375">
        <ele>4.599999904632568359375</ele>
        <time>2026-09-14T23:03:34.000Z</time>
        <extensions>
          <ns3:TrackPointExtension>
            <ns3:hr>145</ns3:hr>
            <ns3:cad>81</ns3:cad>
          </ns3:TrackPointExtension>
        </extensions>
      </trkpt>
      <trkpt lat="23.04856563918292522430419921875" lon="113.3012977056205272674560546875">
        <ele>4.599999904632568359375</ele>
        <time>2026-09-14T23:03:35.000Z</time>
        <extensions>
          <ns3:TrackPointExtension>
            <ns3:hr>145</ns3:hr>
            <ns3:cad>81</ns3:cad>
          </ns3:TrackPointExtension>
        </extensions>
      </trkpt>
      <trkpt lat="23.0485424213111400604248046875" lon="113.30129443667829036712646484375">
        <ele>4.599999904632568359375</ele>
        <time>2026-09-14T23:03:36.000Z</time>
        <extensions>
          <ns3:TrackPointExtension>
            <ns3:hr>145</ns3:hr>
            <ns3:cad>81</ns3:cad>
          </ns3:TrackPointExtension>
        </extensions>
      </trkpt>
      <trkpt lat="23.048520796000957489013671875" lon="113.30129728652536869049072265625">
        <ele>4.599999904632568359375</ele>
        <time>2026-09-14T23:03:37.000Z</time>
        <extensions>
          <ns3:TrackPointExtension>
            <ns3:hr>145</ns3:hr>
            <ns3:cad>81</ns3:cad>
          </ns3:TrackPointExtension>
        </extensions>
      </trkpt>
      <trkpt lat="23.0485021881759166717529296875" lon="113.30130214802920818328857421875">
        <ele>4.599999904632568359375</ele>
        <time>2026-09-14T23:03:38.000Z</time>
        <extensions>
          <ns3:TrackPointExtension>
            <ns3:hr>145</ns3:hr>
            <ns3:cad>81</ns3:cad>
          </ns3:TrackPointExtension>
        </extensions>
      </trkpt>
      <trkpt lat="23.048478551208972930908203125" lon="113.3012956939637660980224609375">
        <ele>4.599999904632568359375</ele>
        <time>2026-09-14T23:03:39.000Z</time>
        <extensions>
          <ns3:TrackPointExtension>
            <ns3:hr>145</ns3:hr>
            <ns3:cad>80</ns3:cad>
          </ns3:TrackPointExtension>
        </extensions>
      </trkpt>
      <trkpt lat="23.04846270941197872161865234375" lon="113.3012960292398929595947265625">
        <ele>4.80000019073486328125</ele>
        <time>2026-09-14T23:03:40.000Z</time>
        <extensions>
          <ns3:TrackPointExtension>
            <ns3:hr>146</ns3:hr>
            <ns3:cad>80</ns3:cad>
          </ns3:TrackPointExtension>
        </extensions>
      </trkpt>
      <trkpt lat="23.0484461970627307891845703125" lon="113.3012950234115123748779296875">
        <ele>4.599999904632568359375</ele>
        <time>2026-09-14T23:03:41.000Z</time>
        <extensions>
          <ns3:TrackPointExtension>
            <ns3:hr>146</ns3:hr>
            <ns3:cad>81</ns3:cad>
          </ns3:TrackPointExtension>
        </extensions>
      </trkpt>
      <trkpt lat="23.0484297685325145721435546875" lon="113.301292844116687774658203125">
        <ele>4.599999904632568359375</ele>
        <time>2026-09-14T23:03:42.000Z</time>
        <extensions>
          <ns3:TrackPointExtension>
            <ns3:hr>146</ns3:hr>
            <ns3:cad>81</ns3:cad>
          </ns3:TrackPointExtension>
        </extensions>
      </trkpt>
      <trkpt lat="23.04840872995555400848388671875" lon="113.301298879086971282958984375">
        <ele>4.599999904632568359375</ele>
        <time>2026-09-14T23:03:43.000Z</time>
        <extensions>
          <ns3:TrackPointExtension>
            <ns3:hr>147</ns3:hr>
            <ns3:cad>81</ns3:cad>
          </ns3:TrackPointExtension>
        </extensions>
      </trkpt>
      <trkpt lat="23.04838609881699085235595703125" lon="113.30129594542086124420166015625">
        <ele>4.599999904632568359375</ele>
        <time>2026-09-14T23:03:44.000Z</time>
        <extensions>
          <ns3:TrackPointExtension>
            <ns3:hr>147</ns3:hr>
            <ns3:cad>82</ns3:cad>
          </ns3:TrackPointExtension>
        </extensions>
      </trkpt>
      <trkpt lat="23.0483617074787616729736328125" lon="113.30128085799515247344970703125">
        <ele>4.599999904632568359375</ele>
        <time>2026-09-14T23:03:45.000Z</time>
        <extensions>
          <ns3:TrackPointExtension>
            <ns3:hr>147</ns3:hr>
            <ns3:cad>82</ns3:cad>
          </ns3:TrackPointExtension>
        </extensions>
      </trkpt>
      <trkpt lat="23.04834519512951374053955078125" lon="113.3012769185006618499755859375">
        <ele>4.599999904632568359375</ele>
        <time>2026-09-14T23:03:46.000Z</time>
        <extensions>
          <ns3:TrackPointExtension>
            <ns3:hr>147</ns3:hr>
            <ns3:cad>80</ns3:cad>
          </ns3:TrackPointExtension>
        </extensions>
      </trkpt>
      <trkpt lat="23.0483164452016353607177734375" lon="113.30126929096877574920654296875">
        <ele>4.599999904632568359375</ele>
        <time>2026-09-14T23:03:47.000Z</time>
        <extensions>
          <ns3:TrackPointExtension>
            <ns3:hr>146</ns3:hr>
            <ns3:cad>80</ns3:cad>
          </ns3:TrackPointExtension>
        </extensions>
      </trkpt>
      <trkpt lat="23.04829373024404048919677734375" lon="113.30126359127461910247802734375">
        <ele>4.599999904632568359375</ele>
        <time>2026-09-14T23:03:48.000Z</time>
        <extensions>
          <ns3:TrackPointExtension>
            <ns3:hr>147</ns3:hr>
            <ns3:cad>80</ns3:cad>
          </ns3:TrackPointExtension>
        </extensions>
      </trkpt>
      <trkpt lat="23.04827160201966762542724609375" lon="113.301266022026538848876953125">
        <ele>4.599999904632568359375</ele>
        <time>2026-09-14T23:03:49.000Z</time>
        <extensions>
          <ns3:TrackPointExtension>
            <ns3:hr>147</ns3:hr>
            <ns3:cad>81</ns3:cad>
          </ns3:TrackPointExtension>
        </extensions>
      </trkpt>
      <trkpt lat="23.04824561811983585357666015625" lon="113.30126610584557056427001953125">
        <ele>4.599999904632568359375</ele>
        <time>2026-09-14T23:03:50.000Z</time>
        <extensions>
          <ns3:TrackPointExtension>
            <ns3:hr>147</ns3:hr>
            <ns3:cad>81</ns3:cad>
          </ns3:TrackPointExtension>
        </extensions>
      </trkpt>
      <trkpt lat="23.048225753009319305419921875" lon="113.30126292072236537933349609375">
        <ele>4.599999904632568359375</ele>
        <time>2026-09-14T23:03:51.000Z</time>
        <extensions>
          <ns3:TrackPointExtension>
            <ns3:hr>146</ns3:hr>
            <ns3:cad>81</ns3:cad>
          </ns3:TrackPointExtension>
        </extensions>
      </trkpt>
      <trkpt lat="23.048204295337200164794921875" lon="113.30126099288463592529296875">
        <ele>4.599999904632568359375</ele>
        <time>2026-09-14T23:03:52.000Z</time>
        <extensions>
          <ns3:TrackPointExtension>
            <ns3:hr>147</ns3:hr>
            <ns3:cad>81</ns3:cad>
          </ns3:TrackPointExtension>
        </extensions>
      </trkpt>
      <trkpt lat="23.0481779761612415313720703125" lon="113.30125520937144756317138671875">
        <ele>4.80000019073486328125</ele>
        <time>2026-09-14T23:03:53.000Z</time>
        <extensions>
          <ns3:TrackPointExtension>
            <ns3:hr>147</ns3:hr>
            <ns3:cad>81</ns3:cad>
          </ns3:TrackPointExtension>
        </extensions>
      </trkpt>
      <trkpt lat="23.04815568029880523681640625" lon="113.3012517727911472320556640625">
        <ele>4.80000019073486328125</ele>
        <time>2026-09-14T23:03:54.000Z</time>
        <extensions>
          <ns3:TrackPointExtension>
            <ns3:hr>146</ns3:hr>
            <ns3:cad>81</ns3:cad>
          </ns3:TrackPointExtension>
        </extensions>
      </trkpt>
      <trkpt lat="23.04813380353152751922607421875" lon="113.30125294625759124755859375">
        <ele>4.80000019073486328125</ele>
        <time>2026-09-14T23:03:55.000Z</time>
        <extensions>
          <ns3:TrackPointExtension>
            <ns3:hr>147</ns3:hr>
            <ns3:cad>81</ns3:cad>
          </ns3:TrackPointExtension>
        </extensions>
      </trkpt>
      <trkpt lat="23.048100359737873077392578125" lon="113.30124615691602230072021484375">
        <ele>4.599999904632568359375</ele>
        <time>2026-09-14T23:03:56.000Z</time>
        <extensions>
          <ns3:TrackPointExtension>
            <ns3:hr>147</ns3:hr>
            <ns3:cad>81</ns3:cad>
          </ns3:TrackPointExtension>
        </extensions>
      </trkpt>
      <trkpt lat="23.04807881824672222137451171875" lon="113.30123458988964557647705078125">
        <ele>4.599999904632568359375</ele>
        <time>2026-09-14T23:03:57.000Z</time>
        <extensions>
          <ns3:TrackPointExtension>
            <ns3:hr>147</ns3:hr>
            <ns3:cad>81</ns3:cad>
          </ns3:TrackPointExtension>
        </extensions>
      </trkpt>
      <trkpt lat="23.04805182851850986480712890625" lon="113.30123157240450382232666015625">
        <ele>4.599999904632568359375</ele>
        <time>2026-09-14T23:03:58.000Z</time>
        <extensions>
          <ns3:TrackPointExtension>
            <ns3:hr>147</ns3:hr>
            <ns3:cad>81</ns3:cad>
          </ns3:TrackPointExtension>
        </extensions>
      </trkpt>
      <trkpt lat="23.04802349768579006195068359375" lon="113.3012266270816326141357421875">
        <ele>4.80000019073486328125</ele>
        <time>2026-09-14T23:03:59.000Z</time>
        <extensions>
          <ns3:TrackPointExtension>
            <ns3:hr>147</ns3:hr>
            <ns3:cad>81</ns3:cad>
          </ns3:TrackPointExtension>
        </extensions>
      </trkpt>
      <trkpt lat="23.0480012856423854827880859375" lon="113.3012309856712818145751953125">
        <ele>4.80000019073486328125</ele>
        <time>2026-09-14T23:04:00.000Z</time>
        <extensions>
          <ns3:TrackPointExtension>
            <ns3:hr>147</ns3:hr>
            <ns3:cad>81</ns3:cad>
          </ns3:TrackPointExtension>
        </extensions>
      </trkpt>
      <trkpt lat="23.047972954809665679931640625" lon="113.30123442225158214569091796875">
        <ele>4.80000019073486328125</ele>
        <time>2026-09-14T23:04:01.000Z</time>
        <extensions>
          <ns3:TrackPointExtension>
            <ns3:hr>146</ns3:hr>
            <ns3:cad>80</ns3:cad>
          </ns3:TrackPointExtension>
        </extensions>
      </trkpt>
      <trkpt lat="23.04794588126242160797119140625" lon="113.30123995430767536163330078125">
        <ele>4.80000019073486328125</ele>
        <time>2026-09-14T23:04:02.000Z</time>
        <extensions>
          <ns3:TrackPointExtension>
            <ns3:hr>147</ns3:hr>
            <ns3:cad>80</ns3:cad>
          </ns3:TrackPointExtension>
        </extensions>
      </trkpt>
      <trkpt lat="23.0479292012751102447509765625" lon="113.3012524433434009552001953125">
        <ele>4.80000019073486328125</ele>
        <time>2026-09-14T23:04:03.000Z</time>
        <extensions>
          <ns3:TrackPointExtension>
            <ns3:hr>147</ns3:hr>
            <ns3:cad>81</ns3:cad>
          </ns3:TrackPointExtension>
        </extensions>
      </trkpt>
      <trkpt lat="23.04790531285107135772705078125" lon="113.3012688718736171722412109375">
        <ele>4.80000019073486328125</ele>
        <time>2026-09-14T23:04:04.000Z</time>
        <extensions>
          <ns3:TrackPointExtension>
            <ns3:hr>147</ns3:hr>
            <ns3:cad>81</ns3:cad>
          </ns3:TrackPointExtension>
        </extensions>
      </trkpt>
      <trkpt lat="23.04788905195891857147216796875" lon="113.3012859709560871124267578125">
        <ele>4.80000019073486328125</ele>
        <time>2026-09-14T23:04:05.000Z</time>
        <extensions>
          <ns3:TrackPointExtension>
            <ns3:hr>147</ns3:hr>
            <ns3:cad>81</ns3:cad>
          </ns3:TrackPointExtension>
        </extensions>
      </trkpt>
      <trkpt lat="23.047878406941890716552734375" lon="113.30129720270633697509765625">
        <ele>4.80000019073486328125</ele>
        <time>2026-09-14T23:04:06.000Z</time>
        <extensions>
          <ns3:TrackPointExtension>
            <ns3:hr>147</ns3:hr>
            <ns3:cad>81</ns3:cad>
          </ns3:TrackPointExtension>
        </extensions>
      </trkpt>
      <trkpt lat="23.04787538945674896240234375" lon="113.301305584609508514404296875">
        <ele>4.80000019073486328125</ele>
        <time>2026-09-14T23:04:07.000Z</time>
        <extensions>
          <ns3:TrackPointExtension>
            <ns3:hr>147</ns3:hr>
            <ns3:cad>81</ns3:cad>
          </ns3:TrackPointExtension>
        </extensions>
      </trkpt>
      <trkpt lat="23.0478732101619243621826171875" lon="113.3013121224939823150634765625">
        <ele>5</ele>
        <time>2026-09-14T23:04:08.000Z</time>
        <extensions>
          <ns3:TrackPointExtension>
            <ns3:hr>147</ns3:hr>
            <ns3:cad>81</ns3:cad>
          </ns3:TrackPointExtension>
        </extensions>
      </trkpt>
      <trkpt lat="23.047861643135547637939453125" lon="113.30133198760449886322021484375">
        <ele>5</ele>
        <time>2026-09-14T23:04:09.000Z</time>
        <extensions>
          <ns3:TrackPointExtension>
            <ns3:hr>147</ns3:hr>
            <ns3:cad>81</ns3:cad>
          </ns3:TrackPointExtension>
        </extensions>
      </trkpt>
      <trkpt lat="23.04785183630883693695068359375" lon="113.30134791322052478790283203125">
        <ele>5</ele>
        <time>2026-09-14T23:04:10.000Z</time>
        <extensions>
          <ns3:TrackPointExtension>
            <ns3:hr>147</ns3:hr>
            <ns3:cad>80</ns3:cad>
          </ns3:TrackPointExtension>
        </extensions>
      </trkpt>
      <trkpt lat="23.04784395731985569000244140625" lon="113.3013604022562503814697265625">
        <ele>5</ele>
        <time>2026-09-14T23:04:11.000Z</time>
        <extensions>
          <ns3:TrackPointExtension>
            <ns3:hr>147</ns3:hr>
            <ns3:cad>80</ns3:cad>
          </ns3:TrackPointExtension>
        </extensions>
      </trkpt>
      <trkpt lat="23.047834821045398712158203125" lon="113.30138009972870349884033203125">
        <ele>5</ele>
        <time>2026-09-14T23:04:12.000Z</time>
        <extensions>
          <ns3:TrackPointExtension>
            <ns3:hr>147</ns3:hr>
            <ns3:cad>80</ns3:cad>
          </ns3:TrackPointExtension>
        </extensions>
      </trkpt>
      <trkpt lat="23.04782845079898834228515625" lon="113.301396779716014862060546875">
        <ele>5</ele>
        <time>2026-09-14T23:04:13.000Z</time>
        <extensions>
          <ns3:TrackPointExtension>
            <ns3:hr>147</ns3:hr>
            <ns3:cad>80</ns3:cad>
          </ns3:TrackPointExtension>
        </extensions>
      </trkpt>
      <trkpt lat="23.0478249303996562957763671875" lon="113.3014287985861301422119140625">
        <ele>4.80000019073486328125</ele>
        <time>2026-09-14T23:04:14.000Z</time>
        <extensions>
          <ns3:TrackPointExtension>
            <ns3:hr>146</ns3:hr>
            <ns3:cad>80</ns3:cad>
          </ns3:TrackPointExtension>
        </extensions>
      </trkpt>
      <trkpt lat="23.04781897924840450286865234375" lon="113.30146559514105319976806640625">
        <ele>4.80000019073486328125</ele>
        <time>2026-09-14T23:04:15.000Z</time>
        <extensions>
          <ns3:TrackPointExtension>
            <ns3:hr>147</ns3:hr>
            <ns3:cad>80</ns3:cad>
          </ns3:TrackPointExtension>
        </extensions>
      </trkpt>
      <trkpt lat="23.0478158779442310333251953125" lon="113.30149057321250438690185546875">
        <ele>4.80000019073486328125</ele>
        <time>2026-09-14T23:04:16.000Z</time>
        <extensions>
          <ns3:TrackPointExtension>
            <ns3:hr>147</ns3:hr>
            <ns3:cad>80</ns3:cad>
          </ns3:TrackPointExtension>
        </extensions>
      </trkpt>
      <trkpt lat="23.0478138662874698638916015625" lon="113.3015204966068267822265625">
        <ele>4.80000019073486328125</ele>
        <time>2026-09-14T23:04:17.000Z</time>
        <extensions>
          <ns3:TrackPointExtension>
            <ns3:hr>147</ns3:hr>
            <ns3:cad>80</ns3:cad>
          </ns3:TrackPointExtension>
        </extensions>
      </trkpt>
      <trkpt lat="23.04780774749815464019775390625" lon="113.3015545271337032318115234375">
        <ele>4.80000019073486328125</ele>
        <time>2026-09-14T23:04:18.000Z</time>
        <extensions>
          <ns3:TrackPointExtension>
            <ns3:hr>147</ns3:hr>
            <ns3:cad>80</ns3:cad>
          </ns3:TrackPointExtension>
        </extensions>
      </trkpt>
      <trkpt lat="23.04780523292720317840576171875" lon="113.30156953074038028717041015625">
        <ele>5</ele>
        <time>2026-09-14T23:04:19.000Z</time>
        <extensions>
          <ns3:TrackPointExtension>
            <ns3:hr>146</ns3:hr>
            <ns3:cad>81</ns3:cad>
          </ns3:TrackPointExtension>
        </extensions>
      </trkpt>
      <trkpt lat="23.04779735393822193145751953125" lon="113.301594592630863189697265625">
        <ele>5</ele>
        <time>2026-09-14T23:04:20.000Z</time>
        <extensions>
          <ns3:TrackPointExtension>
            <ns3:hr>146</ns3:hr>
            <ns3:cad>80</ns3:cad>
          </ns3:TrackPointExtension>
        </extensions>
      </trkpt>
      <trkpt lat="23.047786541283130645751953125" lon="113.30162082798779010772705078125">
        <ele>5</ele>
        <time>2026-09-14T23:04:21.000Z</time>
        <extensions>
          <ns3:TrackPointExtension>
            <ns3:hr>146</ns3:hr>
            <ns3:cad>80</ns3:cad>
          </ns3:TrackPointExtension>
        </extensions>
      </trkpt>
      <trkpt lat="23.04778109304606914520263671875" lon="113.301643542945384979248046875">
        <ele>5.19999980926513671875</ele>
        <time>2026-09-14T23:04:22.000Z</time>
        <extensions>
          <ns3:TrackPointExtension>
            <ns3:hr>146</ns3:hr>
            <ns3:cad>80</ns3:cad>
          </ns3:TrackPointExtension>
        </extensions>
      </trkpt>
      <trkpt lat="23.04777120240032672882080078125" lon="113.30166927538812160491943359375">
        <ele>5.19999980926513671875</ele>
        <time>2026-09-14T23:04:23.000Z</time>
        <extensions>
          <ns3:TrackPointExtension>
            <ns3:hr>146</ns3:hr>
            <ns3:cad>81</ns3:cad>
          </ns3:TrackPointExtension>
        </extensions>
      </trkpt>
      <trkpt lat="23.0477578751742839813232421875" lon="113.301688134670257568359375">
        <ele>5.19999980926513671875</ele>
        <time>2026-09-14T23:04:24.000Z</time>
        <extensions>
          <ns3:TrackPointExtension>
            <ns3:hr>146</ns3:hr>
            <ns3:cad>81</ns3:cad>
          </ns3:TrackPointExtension>
        </extensions>
      </trkpt>
      <trkpt lat="23.04775066673755645751953125" lon="113.30170816741883754730224609375">
        <ele>5.19999980926513671875</ele>
        <time>2026-09-14T23:04:25.000Z</time>
        <extensions>
          <ns3:TrackPointExtension>
            <ns3:hr>147</ns3:hr>
            <ns3:cad>81</ns3:cad>
          </ns3:TrackPointExtension>
        </extensions>
      </trkpt>
      <trkpt lat="23.04772543720901012420654296875" lon="113.30173029564321041107177734375">
        <ele>5.19999980926513671875</ele>
        <time>2026-09-14T23:04:26.000Z</time>
        <extensions>
          <ns3:TrackPointExtension>
            <ns3:hr>147</ns3:hr>
            <ns3:cad>81</ns3:cad>
          </ns3:TrackPointExtension>
        </extensions>
      </trkpt>
      <trkpt lat="23.04770749993622303009033203125" lon="113.3017442934215068817138671875">
        <ele>5.19999980926513671875</ele>
        <time>2026-09-14T23:04:27.000Z</time>
        <extensions>
          <ns3:TrackPointExtension>
            <ns3:hr>147</ns3:hr>
            <ns3:cad>80</ns3:cad>
          </ns3:TrackPointExtension>
        </extensions>
      </trkpt>
      <trkpt lat="23.0476948432624340057373046875" lon="113.30174907110631465911865234375">
        <ele>5.400000095367431640625</ele>
        <time>2026-09-14T23:04:28.000Z</time>
        <extensions>
          <ns3:TrackPointExtension>
            <ns3:hr>148</ns3:hr>
            <ns3:cad>81</ns3:cad>
          </ns3:TrackPointExtension>
        </extensions>
      </trkpt>
      <trkpt lat="23.047672547399997711181640625" lon="113.30175477080047130584716796875">
        <ele>5.19999980926513671875</ele>
        <time>2026-09-14T23:04:29.000Z</time>
        <extensions>
          <ns3:TrackPointExtension>
            <ns3:hr>148</ns3:hr>
            <ns3:cad>81</ns3:cad>
          </ns3:TrackPointExtension>
        </extensions>
      </trkpt>
      <trkpt lat="23.0476576276123523712158203125" lon="113.30175393261015415191650390625">
        <ele>5.19999980926513671875</ele>
        <time>2026-09-14T23:04:30.000Z</time>
        <extensions>
          <ns3:TrackPointExtension>
            <ns3:hr>148</ns3:hr>
            <ns3:cad>81</ns3:cad>
          </ns3:TrackPointExtension>
        </extensions>
      </trkpt>
      <trkpt lat="23.0476455576717853546142578125" lon="113.30175426788628101348876953125">
        <ele>5.19999980926513671875</ele>
        <time>2026-09-14T23:04:31.000Z</time>
        <extensions>
          <ns3:TrackPointExtension>
            <ns3:hr>148</ns3:hr>
            <ns3:cad>80</ns3:cad>
          </ns3:TrackPointExtension>
        </extensions>
      </trkpt>
      <trkpt lat="23.04762200452387332916259765625" lon="113.3017583750188350677490234375">
        <ele>5.19999980926513671875</ele>
        <time>2026-09-14T23:04:32.000Z</time>
        <extensions>
          <ns3:TrackPointExtension>
            <ns3:hr>148</ns3:hr>
            <ns3:cad>80</ns3:cad>
          </ns3:TrackPointExtension>
        </extensions>
      </trkpt>
      <trkpt lat="23.047600127756595611572265625" lon="113.301763236522674560546875">
        <ele>5.19999980926513671875</ele>
        <time>2026-09-14T23:04:33.000Z</time>
        <extensions>
          <ns3:TrackPointExtension>
            <ns3:hr>149</ns3:hr>
            <ns3:cad>81</ns3:cad>
          </ns3:TrackPointExtension>
        </extensions>
      </trkpt>
      <trkpt lat="23.0475681088864803314208984375" lon="113.3017717860639095306396484375">
        <ele>5.19999980926513671875</ele>
        <time>2026-09-14T23:04:34.000Z</time>
        <extensions>
          <ns3:TrackPointExtension>
            <ns3:hr>149</ns3:hr>
            <ns3:cad>81</ns3:cad>
          </ns3:TrackPointExtension>
        </extensions>
      </trkpt>
      <trkpt lat="23.0475355871021747589111328125" lon="113.30177505500614643096923828125">
        <ele>5.19999980926513671875</ele>
        <time>2026-09-14T23:04:35.000Z</time>
        <extensions>
          <ns3:TrackPointExtension>
            <ns3:hr>150</ns3:hr>
            <ns3:cad>81</ns3:cad>
          </ns3:TrackPointExtension>
        </extensions>
      </trkpt>
      <trkpt lat="23.04751873947679996490478515625" lon="113.30178494565188884735107421875">
        <ele>5.19999980926513671875</ele>
        <time>2026-09-14T23:04:36.000Z</time>
        <extensions>
          <ns3:TrackPointExtension>
            <ns3:hr>150</ns3:hr>
            <ns3:cad>81</ns3:cad>
          </ns3:TrackPointExtension>
        </extensions>
      </trkpt>
      <trkpt lat="23.047493509948253631591796875" lon="113.30179701559245586395263671875">
        <ele>5.19999980926513671875</ele>
        <time>2026-09-14T23:04:37.000Z</time>
        <extensions>
          <ns3:TrackPointExtension>
            <ns3:hr>150</ns3:hr>
            <ns3:cad>81</ns3:cad>
          </ns3:TrackPointExtension>
        </extensions>
      </trkpt>
      <trkpt lat="23.04746962152421474456787109375" lon="113.301805816590785980224609375">
        <ele>5.400000095367431640625</ele>
        <time>2026-09-14T23:04:38.000Z</time>
        <extensions>
          <ns3:TrackPointExtension>
            <ns3:hr>149</ns3:hr>
            <ns3:cad>81</ns3:cad>
          </ns3:TrackPointExtension>
        </extensions>
      </trkpt>
      <trkpt lat="23.04745553992688655853271484375" lon="113.3018116839230060577392578125">
        <ele>5.400000095367431640625</ele>
        <time>2026-09-14T23:04:39.000Z</time>
        <extensions>
          <ns3:TrackPointExtension>
            <ns3:hr>150</ns3:hr>
            <ns3:cad>81</ns3:cad>
          </ns3:TrackPointExtension>
        </extensions>
      </trkpt>
      <trkpt lat="23.04743349552154541015625" lon="113.30182467587292194366455078125">
        <ele>5.400000095367431640625</ele>
        <time>2026-09-14T23:04:40.000Z</time>
        <extensions>
          <ns3:TrackPointExtension>
            <ns3:hr>150</ns3:hr>
            <ns3:cad>81</ns3:cad>
          </ns3:TrackPointExtension>
        </extensions>
      </trkpt>
      <trkpt lat="23.04741295985877513885498046875" lon="113.30182819627225399017333984375">
        <ele>5.400000095367431640625</ele>
        <time>2026-09-14T23:04:41.000Z</time>
        <extensions>
          <ns3:TrackPointExtension>
            <ns3:hr>150</ns3:hr>
            <ns3:cad>81</ns3:cad>
          </ns3:TrackPointExtension>
        </extensions>
      </trkpt>
      <trkpt lat="23.04739619605243206024169921875" lon="113.30183565616607666015625">
        <ele>5.19999980926513671875</ele>
        <time>2026-09-14T23:04:42.000Z</time>
        <extensions>
          <ns3:TrackPointExtension>
            <ns3:hr>150</ns3:hr>
            <ns3:cad>80</ns3:cad>
          </ns3:TrackPointExtension>
        </extensions>
      </trkpt>
      <trkpt lat="23.04737708531320095062255859375" lon="113.30184395425021648406982421875">
        <ele>5.19999980926513671875</ele>
        <time>2026-09-14T23:04:43.000Z</time>
        <extensions>
          <ns3:TrackPointExtension>
            <ns3:hr>150</ns3:hr>
            <ns3:cad>80</ns3:cad>
          </ns3:TrackPointExtension>
        </extensions>
      </trkpt>
      <trkpt lat="23.04735101759433746337890625" lon="113.30184630118310451507568359375">
        <ele>5.19999980926513671875</ele>
        <time>2026-09-14T23:04:44.000Z</time>
        <extensions>
          <ns3:TrackPointExtension>
            <ns3:hr>150</ns3:hr>
            <ns3:cad>81</ns3:cad>
          </ns3:TrackPointExtension>
        </extensions>
      </trkpt>
      <trkpt lat="23.0473303981125354766845703125" lon="113.301856108009815216064453125">
        <ele>5.19999980926513671875</ele>
        <time>2026-09-14T23:04:45.000Z</time>
        <extensions>
          <ns3:TrackPointExtension>
            <ns3:hr>150</ns3:hr>
            <ns3:cad>81</ns3:cad>
          </ns3:TrackPointExtension>
        </extensions>
      </trkpt>
      <trkpt lat="23.04730433039367198944091796875" lon="113.301864825189113616943359375">
        <ele>5.19999980926513671875</ele>
        <time>2026-09-14T23:04:46.000Z</time>
        <extensions>
          <ns3:TrackPointExtension>
            <ns3:hr>149</ns3:hr>
            <ns3:cad>81</ns3:cad>
          </ns3:TrackPointExtension>
        </extensions>
      </trkpt>
      <trkpt lat="23.047280944883823394775390625" lon="113.301874212920665740966796875">
        <ele>5.19999980926513671875</ele>
        <time>2026-09-14T23:04:47.000Z</time>
        <extensions>
          <ns3:TrackPointExtension>
            <ns3:hr>149</ns3:hr>
            <ns3:cad>81</ns3:cad>
          </ns3:TrackPointExtension>
        </extensions>
      </trkpt>
      <trkpt lat="23.047250099480152130126953125" lon="113.301886618137359619140625">
        <ele>5.19999980926513671875</ele>
        <time>2026-09-14T23:04:48.000Z</time>
        <extensions>
          <ns3:TrackPointExtension>
            <ns3:hr>149</ns3:hr>
            <ns3:cad>81</ns3:cad>
          </ns3:TrackPointExtension>
        </extensions>
      </trkpt>
      <trkpt lat="23.04722470231354236602783203125" lon="113.3019048906862735748291015625">
        <ele>5.19999980926513671875</ele>
        <time>2026-09-14T23:04:49.000Z</time>
        <extensions>
          <ns3:TrackPointExtension>
            <ns3:hr>149</ns3:hr>
            <ns3:cad>81</ns3:cad>
          </ns3:TrackPointExtension>
        </extensions>
      </trkpt>
      <trkpt lat="23.04720441810786724090576171875" lon="113.30191251821815967559814453125">
        <ele>5.19999980926513671875</ele>
        <time>2026-09-14T23:04:50.000Z</time>
        <extensions>
          <ns3:TrackPointExtension>
            <ns3:hr>149</ns3:hr>
            <ns3:cad>81</ns3:cad>
          </ns3:TrackPointExtension>
        </extensions>
      </trkpt>
      <trkpt lat="23.04719000123441219329833984375" lon="113.301925845444202423095703125">
        <ele>5.400000095367431640625</ele>
        <time>2026-09-14T23:04:51.000Z</time>
        <extensions>
          <ns3:TrackPointExtension>
            <ns3:hr>149</ns3:hr>
            <ns3:cad>80</ns3:cad>
          </ns3:TrackPointExtension>
        </extensions>
      </trkpt>
      <trkpt lat="23.04716284386813640594482421875" lon="113.30194135196506977081298828125">
        <ele>5.400000095367431640625</ele>
        <time>2026-09-14T23:04:52.000Z</time>
        <extensions>
          <ns3:TrackPointExtension>
            <ns3:hr>149</ns3:hr>
            <ns3:cad>80</ns3:cad>
          </ns3:TrackPointExtension>
        </extensions>
      </trkpt>
      <trkpt lat="23.04714046418666839599609375" lon="113.30195493064820766448974609375">
        <ele>5.400000095367431640625</ele>
        <time>2026-09-14T23:04:53.000Z</time>
        <extensions>
          <ns3:TrackPointExtension>
            <ns3:hr>149</ns3:hr>
            <ns3:cad>80</ns3:cad>
          </ns3:TrackPointExtension>
        </extensions>
      </trkpt>
      <trkpt lat="23.04712462238967418670654296875" lon="113.30197102390229701995849609375">
        <ele>5.400000095367431640625</ele>
        <time>2026-09-14T23:04:54.000Z</time>
        <extensions>
          <ns3:TrackPointExtension>
            <ns3:hr>150</ns3:hr>
            <ns3:cad>80</ns3:cad>
          </ns3:TrackPointExtension>
        </extensions>
      </trkpt>
      <trkpt lat="23.04710618220269680023193359375" lon="113.3019856922328472137451171875">
        <ele>5.400000095367431640625</ele>
        <time>2026-09-14T23:04:55.000Z</time>
        <extensions>
          <ns3:TrackPointExtension>
            <ns3:hr>150</ns3:hr>
            <ns3:cad>80</ns3:cad>
          </ns3:TrackPointExtension>
        </extensions>
      </trkpt>
      <trkpt lat="23.0470930226147174835205078125" lon="113.30200069583952426910400390625">
        <ele>5.599999904632568359375</ele>
        <time>2026-09-14T23:04:56.000Z</time>
        <extensions>
          <ns3:TrackPointExtension>
            <ns3:hr>150</ns3:hr>
            <ns3:cad>80</ns3:cad>
          </ns3:TrackPointExtension>
        </extensions>
      </trkpt>
      <trkpt lat="23.04707583971321582794189453125" lon="113.30201343633234500885009765625">
        <ele>5.599999904632568359375</ele>
        <time>2026-09-14T23:04:57.000Z</time>
        <extensions>
          <ns3:TrackPointExtension>
            <ns3:hr>150</ns3:hr>
            <ns3:cad>80</ns3:cad>
          </ns3:TrackPointExtension>
        </extensions>
      </trkpt>
      <trkpt lat="23.0470593273639678955078125" lon="113.3020262606441974639892578125">
        <ele>5.599999904632568359375</ele>
        <time>2026-09-14T23:04:58.000Z</time>
        <extensions>
          <ns3:TrackPointExtension>
            <ns3:hr>150</ns3:hr>
            <ns3:cad>80</ns3:cad>
          </ns3:TrackPointExtension>
        </extensions>
      </trkpt>
      <trkpt lat="23.047044575214385986328125" lon="113.3020373247563838958740234375">
        <ele>5.400000095367431640625</ele>
        <time>2026-09-14T23:04:59.000Z</time>
        <extensions>
          <ns3:TrackPointExtension>
            <ns3:hr>150</ns3:hr>
            <ns3:cad>81</ns3:cad>
          </ns3:TrackPointExtension>
        </extensions>
      </trkpt>
      <trkpt lat="23.0470242910087108612060546875" lon="113.3020510710775852203369140625">
        <ele>5.19999980926513671875</ele>
        <time>2026-09-14T23:05:00.000Z</time>
        <extensions>
          <ns3:TrackPointExtension>
            <ns3:hr>150</ns3:hr>
            <ns3:cad>81</ns3:cad>
          </ns3:TrackPointExtension>
        </extensions>
      </trkpt>
      <trkpt lat="23.04700358770787715911865234375" lon="113.30206741578876972198486328125">
        <ele>5.19999980926513671875</ele>
        <time>2026-09-14T23:05:01.000Z</time>
        <extensions>
          <ns3:TrackPointExtension>
            <ns3:hr>150</ns3:hr>
            <ns3:cad>80</ns3:cad>
          </ns3:TrackPointExtension>
        </extensions>
      </trkpt>
      <trkpt lat="23.0469887517392635345458984375" lon="113.3020782284438610076904296875">
        <ele>5.19999980926513671875</ele>
        <time>2026-09-14T23:05:02.000Z</time>
        <extensions>
          <ns3:TrackPointExtension>
            <ns3:hr>150</ns3:hr>
            <ns3:cad>80</ns3:cad>
          </ns3:TrackPointExtension>
        </extensions>
      </trkpt>
      <trkpt lat="23.04696754552423954010009765625" lon="113.302093483507633209228515625">
        <ele>5.19999980926513671875</ele>
        <time>2026-09-14T23:05:03.000Z</time>
        <extensions>
          <ns3:TrackPointExtension>
            <ns3:hr>150</ns3:hr>
            <ns3:cad>80</ns3:cad>
          </ns3:TrackPointExtension>
        </extensions>
      </trkpt>
      <trkpt lat="23.046948015689849853515625" lon="113.30210781656205654144287109375">
        <ele>5.400000095367431640625</ele>
        <time>2026-09-14T23:05:04.000Z</time>
        <extensions>
          <ns3:TrackPointExtension>
            <ns3:hr>150</ns3:hr>
            <ns3:cad>80</ns3:cad>
          </ns3:TrackPointExtension>
        </extensions>
      </trkpt>
      <trkpt lat="23.04693217389285564422607421875" lon="113.3021201379597187042236328125">
        <ele>5.400000095367431640625</ele>
        <time>2026-09-14T23:05:05.000Z</time>
        <extensions>
          <ns3:TrackPointExtension>
            <ns3:hr>150</ns3:hr>
            <ns3:cad>81</ns3:cad>
          </ns3:TrackPointExtension>
        </extensions>
      </trkpt>
      <trkpt lat="23.0469042621552944183349609375" lon="113.3021355606615543365478515625">
        <ele>5.400000095367431640625</ele>
        <time>2026-09-14T23:05:06.000Z</time>
        <extensions>
          <ns3:TrackPointExtension>
            <ns3:hr>150</ns3:hr>
            <ns3:cad>81</ns3:cad>
          </ns3:TrackPointExtension>
        </extensions>
      </trkpt>
      <trkpt lat="23.046884648501873016357421875" lon="113.3021454513072967529296875">
        <ele>5.599999904632568359375</ele>
        <time>2026-09-14T23:05:07.000Z</time>
        <extensions>
          <ns3:TrackPointExtension>
            <ns3:hr>150</ns3:hr>
            <ns3:cad>80</ns3:cad>
          </ns3:TrackPointExtension>
        </extensions>
      </trkpt>
      <trkpt lat="23.04686780087649822235107421875" lon="113.30215777270495891571044921875">
        <ele>5.599999904632568359375</ele>
        <time>2026-09-14T23:05:08.000Z</time>
        <extensions>
          <ns3:TrackPointExtension>
            <ns3:hr>150</ns3:hr>
            <ns3:cad>80</ns3:cad>
          </ns3:TrackPointExtension>
        </extensions>
      </trkpt>
      <trkpt lat="23.04685187526047229766845703125" lon="113.3021744526922702789306640625">
        <ele>5.599999904632568359375</ele>
        <time>2026-09-14T23:05:09.000Z</time>
        <extensions>
          <ns3:TrackPointExtension>
            <ns3:hr>150</ns3:hr>
            <ns3:cad>81</ns3:cad>
          </ns3:TrackPointExtension>
        </extensions>
      </trkpt>
      <trkpt lat="23.04683444090187549591064453125" lon="113.3021871931850910186767578125">
        <ele>5.400000095367431640625</ele>
        <time>2026-09-14T23:05:10.000Z</time>
        <extensions>
          <ns3:TrackPointExtension>
            <ns3:hr>150</ns3:hr>
            <ns3:cad>81</ns3:cad>
          </ns3:TrackPointExtension>
        </extensions>
      </trkpt>
      <trkpt lat="23.04681189358234405517578125" lon="113.302202112972736358642578125">
        <ele>5.400000095367431640625</ele>
        <time>2026-09-14T23:05:11.000Z</time>
        <extensions>
          <ns3:TrackPointExtension>
            <ns3:hr>150</ns3:hr>
            <ns3:cad>80</ns3:cad>
          </ns3:TrackPointExtension>
        </extensions>
      </trkpt>
      <trkpt lat="23.04678498767316341400146484375" lon="113.3022153563797473907470703125">
        <ele>5.400000095367431640625</ele>
        <time>2026-09-14T23:05:12.000Z</time>
        <extensions>
          <ns3:TrackPointExtension>
            <ns3:hr>151</ns3:hr>
            <ns3:cad>80</ns3:cad>
          </ns3:TrackPointExtension>
        </extensions>
      </trkpt>
      <trkpt lat="23.04676973260939121246337890625" lon="113.30222650431096553802490234375">
        <ele>5.19999980926513671875</ele>
        <time>2026-09-14T23:05:13.000Z</time>
        <extensions>
          <ns3:TrackPointExtension>
            <ns3:hr>150</ns3:hr>
            <ns3:cad>80</ns3:cad>
          </ns3:TrackPointExtension>
        </extensions>
      </trkpt>
      <trkpt lat="23.04675690829753875732421875" lon="113.3022334612905979156494140625">
        <ele>5.19999980926513671875</ele>
        <time>2026-09-14T23:05:14.000Z</time>
        <extensions>
          <ns3:TrackPointExtension>
            <ns3:hr>150</ns3:hr>
            <ns3:cad>80</ns3:cad>
          </ns3:TrackPointExtension>
        </extensions>
      </trkpt>
      <trkpt lat="23.0467326007783412933349609375" lon="113.3022393286228179931640625">
        <ele>5.19999980926513671875</ele>
        <time>2026-09-14T23:05:15.000Z</time>
        <extensions>
          <ns3:TrackPointExtension>
            <ns3:hr>150</ns3:hr>
            <ns3:cad>81</ns3:cad>
          </ns3:TrackPointExtension>
        </extensions>
      </trkpt>
      <trkpt lat="23.04671474732458591461181640625" lon="113.30224393866956233978271484375">
        <ele>5.19999980926513671875</ele>
        <time>2026-09-14T23:05:16.000Z</time>
        <extensions>
          <ns3:TrackPointExtension>
            <ns3:hr>150</ns3:hr>
            <ns3:cad>81</ns3:cad>
          </ns3:TrackPointExtension>
        </extensions>
      </trkpt>
    </trkseg>
  </trk>
</gpx>
